platform,variant_type,Identifier,Chr,Gene,Transcriptid,Site,Ref,Mut,LLR,functional_class
CBGE,nonsense,NM_000043.6(FAS):c.527G>A (p.Trp176Ter),chr10,FAS,NM_000043.6,176,UGG,UAG,-13.470142388139411,normal
CBGE,nonsense,NM_000043.6(FAS):c.528G>A (p.Trp176Ter),chr10,FAS,NM_000043.6,176,UGG,UGA,-13.41559788578957,normal
CBGE,nonsense,NM_000043.6(FAS):c.566G>A (p.Trp189Ter),chr10,FAS,NM_000043.6,189,UGG,UAG,-13.616330237238833,normal
CBGE,nonsense,NM_000043.6(FAS):c.567G>A (p.Trp189Ter),chr10,FAS,NM_000043.6,189,UGG,UGA,-13.616752681975823,normal
CBGE,nonsense,NM_000043.6(FAS):c.730C>T (p.Gln244Ter),chr10,FAS,NM_000043.6,244,CAA,UAA,-12.44051072243542,normal
CBGE,nonsense,NM_000043.6(FAS):c.748C>T (p.Arg250Ter),chr10,FAS,NM_000043.6,250,CGA,UGA,-11.43629270513599,normal
CBGE,nonsense,NM_000043.6(FAS):c.847C>T (p.Gln283Ter),chr10,FAS,NM_000043.6,283,CAA,UAA,-12.31806187486582,normal
CBGE,nonsense,NM_000043.6(FAS):c.931C>T (p.Gln311Ter),chr10,FAS,NM_000043.6,311,CAG,UAG,-11.75959203387225,normal
CBGE,nonsense,NM_000051.4(ATM):c.1333C>T (p.Gln445Ter),chr11,ATM,NM_000051.4,445,CAA,UAA,-10.931116111481264,normal
CBGE,nonsense,NM_000051.4(ATM):c.1501C>T (p.Gln501Ter),chr11,ATM,NM_000051.4,501,CAA,UAA,-10.913147981084045,normal
CBGE,nonsense,NM_000051.4(ATM):c.151C>T (p.Gln51Ter),chr11,ATM,NM_000051.4,51,CAA,UAA,-10.421933181069186,normal
CBGE,nonsense,NM_000051.4(ATM):c.1882C>T (p.Gln628Ter),chr11,ATM,NM_000051.4,628,CAA,UAA,-10.658636970239517,normal
CBGE,nonsense,NM_000051.4(ATM):c.271C>T (p.Gln91Ter),chr11,ATM,NM_000051.4,91,CAG,UAG,-10.625894518305795,normal
CBGE,nonsense,NM_000051.4(ATM):c.283C>T (p.Gln95Ter),chr11,ATM,NM_000051.4,95,CAG,UAG,-10.423217726020624,normal
CBGE,nonsense,NM_000051.4(ATM):c.3049C>T (p.Gln1017Ter),chr11,ATM,NM_000051.4,1017,CAG,UAG,-10.294853189663977,normal
CBGE,nonsense,NM_000051.4(ATM):c.4918C>T (p.Gln1640Ter),chr11,ATM,NM_000051.4,1640,CAA,UAA,-9.714626292812774,normal
CBGE,nonsense,NM_000051.4(ATM):c.5554C>T (p.Gln1852Ter),chr11,ATM,NM_000051.4,1852,CAA,UAA,-10.370391823362462,normal
CBGE,nonsense,NM_000051.4(ATM):c.5573G>A (p.Trp1858Ter),chr11,ATM,NM_000051.4,1858,UGG,UAG,-12.22094157917915,normal
CBGE,nonsense,NM_000051.4(ATM):c.6004C>T (p.Gln2002Ter),chr11,ATM,NM_000051.4,2002,CAG,UAG,-9.82637407590152,normal
CBGE,nonsense,NM_000051.4(ATM):c.6181C>T (p.Gln2061Ter),chr11,ATM,NM_000051.4,2061,CAG,UAG,-10.13117983574488,normal
CBGE,nonsense,NM_000051.4(ATM):c.6529C>T (p.Gln2177Ter),chr11,ATM,NM_000051.4,2177,CAG,UAG,-10.327282940614214,normal
CBGE,nonsense,NM_000051.4(ATM):c.6727C>T (p.Gln2243Ter),chr11,ATM,NM_000051.4,2243,CAA,UAA,-10.743419641871323,normal
CBGE,nonsense,NM_000051.4(ATM):c.6940C>T (p.Gln2314Ter),chr11,ATM,NM_000051.4,2314,CAA,UAA,-11.0951080231131,normal
CBGE,nonsense,NM_000051.4(ATM):c.7072C>T (p.Gln2358Ter),chr11,ATM,NM_000051.4,2358,CAG,UAG,-11.04398732036589,normal
CBGE,nonsense,NM_000051.4(ATM):c.7297C>T (p.Gln2433Ter),chr11,ATM,NM_000051.4,2433,CAG,UAG,-10.449386682095144,normal
CBGE,nonsense,NM_000051.4(ATM):c.748C>T (p.Arg250Ter),chr11,ATM,NM_000051.4,250,CGA,UGA,-9.536272037011235,normal
CBGE,nonsense,NM_000051.4(ATM):c.7564C>T (p.Gln2522Ter),chr11,ATM,NM_000051.4,2522,CAA,UAA,-10.422141985529697,normal
CBGE,nonsense,NM_000051.4(ATM):c.8218C>T (p.Gln2740Ter),chr11,ATM,NM_000051.4,2740,CAG,UAG,-10.955954588232208,normal
CBGE,nonsense,NM_000051.4(ATM):c.8287C>T (p.Arg2763Ter),chr11,ATM,NM_000051.4,2763,CGA,UGA,-9.698556967556414,normal
CBGE,nonsense,NM_000051.4(ATM):c.8404C>T (p.Gln2802Ter),chr11,ATM,NM_000051.4,2802,CAA,UAA,-9.917623519971816,normal
CBGE,nonsense,NM_000051.4(ATM):c.9139C>T (p.Arg3047Ter),chr11,ATM,NM_000051.4,3047,CGA,UGA,-9.02279186058458,normal
CBGE,nonsense,NM_000051.4(ATM):c.9164G>A (p.Trp3055Ter),chr11,ATM,NM_000051.4,3055,UGG,UAG,-11.633757555448607,normal
CBGE,nonsense,NM_000073.3(CD3G):c.109C>T (p.Gln37Ter),chr11,CD3G,NM_000073.3,37,CAA,UAA,-10.622461338525584,lof
CBGE,nonsense,NM_000073.3(CD3G):c.164G>A (p.Trp55Ter),chr11,CD3G,NM_000073.3,55,UGG,UAG,-14.384044494643916,normal
CBGE,nonsense,NM_000073.3(CD3G):c.165G>A (p.Trp55Ter),chr11,CD3G,NM_000073.3,55,UGG,UGA,-14.089165663519116,normal
CBGE,nonsense,NM_000073.3(CD3G):c.244C>T (p.Arg82Ter),chr11,CD3G,NM_000073.3,82,CGA,UGA,-8.425086001501477,lof
CBGE,nonsense,NM_000073.3(CD3G):c.256C>T (p.Gln86Ter),chr11,CD3G,NM_000073.3,86,CAG,UAG,-11.90899169981992,lof
CBGE,nonsense,NM_000073.3(CD3G):c.52C>T (p.Gln18Ter),chr11,CD3G,NM_000073.3,18,CAA,UAA,-11.046342853984925,lof
CBGE,nonsense,NM_000073.3(CD3G):c.67C>T (p.Gln23Ter),chr11,CD3G,NM_000073.3,23,CAG,UAG,-11.11311249327546,lof
CBGE,nonsense,NM_000074.3(CD40LG):c.103C>T (p.Gln35Ter),chrX,CD40LG,NM_000074.3,35,CAG,UAG,-10.841959023958744,normal
CBGE,nonsense,NM_000074.3(CD40LG):c.19C>T (p.Gln7Ter),chrX,CD40LG,NM_000074.3,7,CAA,UAA,-10.88553813788235,normal
CBGE,nonsense,NM_000074.3(CD40LG):c.208C>T (p.Gln70Ter),chrX,CD40LG,NM_000074.3,70,CAG,UAG,-11.290180220917405,normal
CBGE,nonsense,NM_000074.3(CD40LG):c.268C>T (p.Gln90Ter),chrX,CD40LG,NM_000074.3,90,CAG,UAG,-11.22852511544669,normal
CBGE,nonsense,NM_000074.3(CD40LG):c.352C>T (p.Gln118Ter),chrX,CD40LG,NM_000074.3,118,CAG,UAG,-10.494129153416273,normal
CBGE,nonsense,NM_000074.3(CD40LG):c.415C>T (p.Gln139Ter),chrX,CD40LG,NM_000074.3,139,CAG,UAG,-11.220821430249329,normal
CBGE,nonsense,NM_000074.3(CD40LG):c.478C>T (p.Gln160Ter),chrX,CD40LG,NM_000074.3,160,CAG,UAG,-10.725505739633174,normal
CBGE,nonsense,NM_000074.3(CD40LG):c.658C>T (p.Gln220Ter),chrX,CD40LG,NM_000074.3,220,CAA,UAA,-10.912906698282727,normal
CBGE,nonsense,NM_000074.3(CD40LG):c.661C>T (p.Gln221Ter),chrX,CD40LG,NM_000074.3,221,CAA,UAA,-10.66522025610982,normal
CBGE,nonsense,NM_000074.3(CD40LG):c.694C>T (p.Gln232Ter),chrX,CD40LG,NM_000074.3,232,CAA,UAA,-11.139015169338862,normal
CBGE,nonsense,NM_000075.4(CDK4):c.13C>T (p.Arg5Ter),chr12,CDK4,NM_000075.4,5,CGA,UGA,-12.353651959078768,normal
CBGE,nonsense,NM_000075.4(CDK4):c.713G>A (p.Trp238Ter),chr12,CDK4,NM_000075.4,238,UGG,UAG,-13.437435171222504,normal
CBGE,nonsense,NM_000075.4(CDK4):c.808C>T (p.Gln270Ter),chr12,CDK4,NM_000075.4,270,CAG,UAG,-11.56262584495351,normal
CBGE,nonsense,NM_000206.3(IL2RG):c.1057C>T (p.Gln353Ter),chrX,IL2RG,NM_000206.3,353,CAG,UAG,-10.987613581048649,normal
CBGE,nonsense,NM_000206.3(IL2RG):c.270G>A (p.Trp90Ter),chrX,IL2RG,NM_000206.3,90,UGG,UGA,-12.752374658380694,lof
CBGE,nonsense,NM_000206.3(IL2RG):c.346C>T (p.Gln116Ter),chrX,IL2RG,NM_000206.3,116,CAG,UAG,-10.100059568253702,normal
CBGE,nonsense,NM_000206.3(IL2RG):c.445C>T (p.Gln149Ter),chrX,IL2RG,NM_000206.3,149,CAG,UAG,-10.6555395894097,normal
CBGE,nonsense,NM_000206.3(IL2RG):c.521G>A (p.Trp174Ter),chrX,IL2RG,NM_000206.3,174,UGG,UAG,-15.794687254681604,normal
CBGE,nonsense,NM_000206.3(IL2RG):c.522G>A (p.Trp174Ter),chrX,IL2RG,NM_000206.3,174,UGG,UGA,-15.30975056555641,normal
CBGE,nonsense,NM_000206.3(IL2RG):c.578G>A (p.Trp193Ter),chrX,IL2RG,NM_000206.3,193,UGG,UAG,-12.261865568692944,normal
CBGE,nonsense,NM_000206.3(IL2RG):c.579G>A (p.Trp193Ter),chrX,IL2RG,NM_000206.3,193,UGG,UGA,-11.837055162759352,normal
CBGE,nonsense,NM_000211.5(ITGB2):c.1234C>T (p.Gln412Ter),chr21,ITGB2,NM_000211.5,412,CAG,UAG,-11.991772717079105,normal
CBGE,nonsense,NM_000211.5(ITGB2):c.1450C>T (p.Gln484Ter),chr21,ITGB2,NM_000211.5,484,CAG,UAG,-12.46636290704222,normal
CBGE,nonsense,NM_000211.5(ITGB2):c.1639C>T (p.Gln547Ter),chr21,ITGB2,NM_000211.5,547,CAG,UAG,-12.14233308161245,normal
CBGE,nonsense,NM_000211.5(ITGB2):c.1837C>T (p.Gln613Ter),chr21,ITGB2,NM_000211.5,613,CAG,UAG,-13.597944242769048,normal
CBGE,nonsense,NM_000211.5(ITGB2):c.2035C>T (p.Gln679Ter),chr21,ITGB2,NM_000211.5,679,CAG,UAG,-11.056003611208292,normal
CBGE,nonsense,NM_000211.5(ITGB2):c.2077C>T (p.Arg693Ter),chr21,ITGB2,NM_000211.5,693,CGA,UGA,-8.957327903007041,normal
CBGE,nonsense,NM_000211.5(ITGB2):c.2168G>A (p.Trp723Ter),chr21,ITGB2,NM_000211.5,723,UGG,UAG,-13.345342587629094,normal
CBGE,nonsense,NM_000211.5(ITGB2):c.2169G>A (p.Trp723Ter),chr21,ITGB2,NM_000211.5,723,UGG,UGA,-13.254865731236722,normal
CBGE,nonsense,NM_000211.5(ITGB2):c.262C>T (p.Gln88Ter),chr21,ITGB2,NM_000211.5,88,CAG,UAG,-10.780633910988804,normal
CBGE,nonsense,NM_000211.5(ITGB2):c.322C>T (p.Arg108Ter),chr21,ITGB2,NM_000211.5,108,CGA,UGA,-10.039867467757713,normal
CBGE,nonsense,NM_000211.5(ITGB2):c.562C>T (p.Arg188Ter),chr21,ITGB2,NM_000211.5,188,CGA,UGA,-8.305315028180559,normal
CBGE,nonsense,NM_000211.5(ITGB2):c.595C>T (p.Gln199Ter),chr21,ITGB2,NM_000211.5,199,CAG,UAG,-11.28591352468842,normal
CBGE,nonsense,NM_000211.5(ITGB2):c.652C>T (p.Gln218Ter),chr21,ITGB2,NM_000211.5,218,CAG,UAG,-10.636833181306573,normal
CBGE,nonsense,NM_000211.5(ITGB2):c.670C>T (p.Gln224Ter),chr21,ITGB2,NM_000211.5,224,CAG,UAG,-12.178067110783664,normal
CBGE,nonsense,NM_000211.5(ITGB2):c.67C>T (p.Gln23Ter),chr21,ITGB2,NM_000211.5,23,CAG,UAG,-11.809009580090992,normal
CBGE,nonsense,NM_000215.4(JAK3):c.1123C>T (p.Gln375Ter),chr19,JAK3,NM_000215.4,375,CAG,UAG,-11.318848614566772,normal
CBGE,nonsense,NM_000215.4(JAK3):c.1351C>T (p.Arg451Ter),chr19,JAK3,NM_000215.4,451,CGA,UGA,-8.856184031367896,lof
CBGE,nonsense,NM_000215.4(JAK3):c.1645C>T (p.Arg549Ter),chr19,JAK3,NM_000215.4,549,CGA,UGA,-8.959208424571306,normal
CBGE,nonsense,NM_000215.4(JAK3):c.1732C>T (p.Gln578Ter),chr19,JAK3,NM_000215.4,578,CAA,UAA,-12.629957270099576,normal
CBGE,nonsense,NM_000215.4(JAK3):c.1798C>T (p.Gln600Ter),chr19,JAK3,NM_000215.4,600,CAG,UAG,-8.253605847265492,normal
CBGE,nonsense,NM_000215.4(JAK3):c.1876C>T (p.Gln626Ter),chr19,JAK3,NM_000215.4,626,CAG,UAG,-11.56351080164103,normal
CBGE,nonsense,NM_000215.4(JAK3):c.2098C>T (p.Gln700Ter),chr19,JAK3,NM_000215.4,700,CAG,UAG,-12.006654734016877,normal
CBGE,nonsense,NM_000215.4(JAK3):c.2148G>A (p.Trp716Ter),chr19,JAK3,NM_000215.4,716,UGG,UGA,-14.377007507875112,normal
CBGE,nonsense,NM_000215.4(JAK3):c.2224C>T (p.Gln742Ter),chr19,JAK3,NM_000215.4,742,CAG,UAG,-10.596597616247625,normal
CBGE,nonsense,NM_000215.4(JAK3):c.2247G>A (p.Trp749Ter),chr19,JAK3,NM_000215.4,749,UGG,UGA,-11.676103648001527,normal
CBGE,nonsense,NM_000215.4(JAK3):c.2269C>T (p.Gln757Ter),chr19,JAK3,NM_000215.4,757,CAA,UAA,-11.550872820440444,normal
CBGE,nonsense,NM_000215.4(JAK3):c.2408G>A (p.Trp803Ter),chr19,JAK3,NM_000215.4,803,UGG,UAG,-11.50089265210865,normal
CBGE,nonsense,NM_000215.4(JAK3):c.2409G>A (p.Trp803Ter),chr19,JAK3,NM_000215.4,803,UGG,UGA,-11.485912383642958,normal
CBGE,nonsense,NM_000215.4(JAK3):c.2434C>T (p.Gln812Ter),chr19,JAK3,NM_000215.4,812,CAA,UAA,-10.587633992421582,normal
CBGE,nonsense,NM_000215.4(JAK3):c.2566C>T (p.Gln856Ter),chr19,JAK3,NM_000215.4,856,CAG,UAG,-9.6379757068779,normal
CBGE,nonsense,NM_000215.4(JAK3):c.2572C>T (p.Gln858Ter),chr19,JAK3,NM_000215.4,858,CAG,UAG,-11.078487372872116,normal
CBGE,nonsense,NM_000215.4(JAK3):c.2686C>T (p.Gln896Ter),chr19,JAK3,NM_000215.4,896,CAG,UAG,-11.292161975902443,normal
CBGE,nonsense,NM_000215.4(JAK3):c.2979G>A (p.Trp993Ter),chr19,JAK3,NM_000215.4,993,UGG,UGA,-14.295158367373428,normal
CBGE,nonsense,NM_000215.4(JAK3):c.3019C>T (p.Gln1007Ter),chr19,JAK3,NM_000215.4,1007,CAG,UAG,-12.492961863350418,normal
CBGE,nonsense,NM_000215.4(JAK3):c.3172C>T (p.Gln1058Ter),chr19,JAK3,NM_000215.4,1058,CAG,UAG,-12.432376888064995,normal
CBGE,nonsense,NM_000215.4(JAK3):c.475C>T (p.Gln159Ter),chr19,JAK3,NM_000215.4,159,CAG,UAG,-11.113789570391804,normal
CBGE,nonsense,NM_000215.4(JAK3):c.682C>T (p.Gln228Ter),chr19,JAK3,NM_000215.4,228,CAG,UAG,-11.638258049531396,normal
CBGE,nonsense,NM_000215.4(JAK3):c.847C>T (p.Gln283Ter),chr19,JAK3,NM_000215.4,283,CAG,UAG,-10.995432819077864,lof
CBGE,nonsense,NM_000215.4(JAK3):c.976C>T (p.Gln326Ter),chr19,JAK3,NM_000215.4,326,CAG,UAG,-11.308195133859906,normal
CBGE,nonsense,NM_000245.4(MET):c.1668G>A (p.Trp556Ter),chr7,MET,NM_000245.4,556,UGG,UGA,-11.896657936446116,normal
CBGE,nonsense,NM_000245.4(MET):c.3367C>T (p.Gln1123Ter),chr7,MET,NM_000245.4,1123,CAA,UAA,-9.816412938178818,normal
CBGE,nonsense,NM_000245.4(MET):c.385C>T (p.Gln129Ter),chr7,MET,NM_000245.4,129,CAA,UAA,-11.384790352691777,normal
CBGE,nonsense,NM_000245.4(MET):c.4144C>T (p.Arg1382Ter),chr7,MET,NM_000245.4,1382,CGA,UGA,-8.569883359963102,normal
CBGE,nonsense,NM_000245.4(MET):c.511C>T (p.Gln171Ter),chr7,MET,NM_000245.4,171,CAG,UAG,-10.517072741561629,normal
CBGE,nonsense,NM_000245.4(MET):c.982C>T (p.Gln328Ter),chr7,MET,NM_000245.4,328,CAG,UAG,-10.432895706946695,normal
CBGE,nonsense,NM_000249.4(MLH1):c.806C>A (p.Ser269Ter),chr3,MLH1,NM_000249.4,269,UCA,UAA,-10.617666202460446,normal
CBGE,nonsense,NM_000249.4(MLH1):c.829G>T (p.Glu277Ter),chr3,MLH1,NM_000249.4,277,GAA,UAA,-14.696364401181528,lof
CBGE,nonsense,NM_000249.4(MLH1):c.840T>G (p.Tyr280Ter),chr3,MLH1,NM_000249.4,280,UAU,UAG,-14.17601778271425,normal
CBGE,nonsense,NM_000249.4(MLH1):c.849T>A (p.Tyr283Ter),chr3,MLH1,NM_000249.4,283,UAU,UAA,-11.369941694737683,normal
CBGE,nonsense,NM_000249.4(MLH1):c.849T>G (p.Tyr283Ter),chr3,MLH1,NM_000249.4,283,UAU,UAG,-11.98413470747744,normal
CBGE,nonsense,NM_000249.4(MLH1):c.851T>A (p.Leu284Ter),chr3,MLH1,NM_000249.4,284,UUG,UAG,-12.64478677612116,normal
CBGE,nonsense,NM_000249.4(MLH1):c.879C>A (p.Tyr293Ter),chr3,MLH1,NM_000249.4,293,UAC,UAA,-15.046516371785131,normal
CBGE,nonsense,NM_000271.5(NPC1):c.1042C>T (p.Arg348Ter),chr18,NPC1,NM_000271.5,348,CGA,UGA,-12.629275291316668,lof
CBGE,nonsense,NM_000271.5(NPC1):c.1142G>A (p.Trp381Ter),chr18,NPC1,NM_000271.5,381,UGG,UAG,-16.251548846652234,lof
CBGE,nonsense,NM_000271.5(NPC1):c.1260C>A (p.Tyr420Ter),chr18,NPC1,NM_000271.5,420,UAC,UAA,-11.594008386134451,lof
CBGE,nonsense,NM_000271.5(NPC1):c.1260C>G (p.Tyr420Ter),chr18,NPC1,NM_000271.5,420,UAC,UAG,-11.29800225115241,lof
CBGE,nonsense,NM_000271.5(NPC1):c.1261C>T (p.Gln421Ter),chr18,NPC1,NM_000271.5,421,CAG,UAG,-11.944928210981596,lof
CBGE,nonsense,NM_000271.5(NPC1):c.1269C>A (p.Tyr423Ter),chr18,NPC1,NM_000271.5,423,UAC,UAA,-10.744951211942848,lof
CBGE,nonsense,NM_000271.5(NPC1):c.1269C>G (p.Tyr423Ter),chr18,NPC1,NM_000271.5,423,UAC,UAG,-10.44919580257302,lof
CBGE,nonsense,NM_000271.5(NPC1):c.1274C>A (p.Ser425Ter),chr18,NPC1,NM_000271.5,425,UCG,UAG,-9.638715773352445,lof
CBGE,nonsense,NM_000271.5(NPC1):c.2000C>A (p.Ser667Ter),chr18,NPC1,NM_000271.5,667,UCG,UAG,-12.692418173471056,lof
CBGE,nonsense,NM_000271.5(NPC1):c.2010C>A (p.Cys670Ter),chr18,NPC1,NM_000271.5,670,UGC,UGA,-10.133995084135028,lof
CBGE,nonsense,NM_000271.5(NPC1):c.2015T>A (p.Leu672Ter),chr18,NPC1,NM_000271.5,672,UUG,UAG,-13.099845030177166,lof
CBGE,nonsense,NM_000271.5(NPC1):c.2680G>T (p.Glu894Ter),chr18,NPC1,NM_000271.5,894,GAG,UAG,-11.636058824347469,lof
CBGE,nonsense,NM_000271.5(NPC1):c.2683G>T (p.Glu895Ter),chr18,NPC1,NM_000271.5,895,GAA,UAA,-12.136539425426372,lof
CBGE,nonsense,NM_000271.5(NPC1):c.2727C>A (p.Cys909Ter),chr18,NPC1,NM_000271.5,909,UGC,UGA,-14.579466798396238,lof
CBGE,nonsense,NM_000271.5(NPC1):c.2742C>A (p.Cys914Ter),chr18,NPC1,NM_000271.5,914,UGC,UGA,-15.99618716900398,lof
CBGE,nonsense,NM_000271.5(NPC1):c.2825G>A (p.Trp942Ter),chr18,NPC1,NM_000271.5,942,UGG,UAG,-15.745832460200113,lof
CBGE,nonsense,NM_000271.5(NPC1):c.2826G>A (p.Trp942Ter),chr18,NPC1,NM_000271.5,942,UGG,UGA,-15.728835115358024,lof
CBGE,nonsense,NM_000271.5(NPC1):c.2838T>A (p.Tyr946Ter),chr18,NPC1,NM_000271.5,946,UAU,UAA,-14.063666307362569,lof
CBGE,nonsense,NM_000271.5(NPC1):c.2838T>G (p.Tyr946Ter),chr18,NPC1,NM_000271.5,946,UAU,UAG,-14.45912648819506,lof
CBGE,nonsense,NM_000271.5(NPC1):c.2846G>A (p.Trp949Ter),chr18,NPC1,NM_000271.5,949,UGG,UAG,-15.970047032282508,lof
CBGE,nonsense,NM_000271.5(NPC1):c.2847G>A (p.Trp949Ter),chr18,NPC1,NM_000271.5,949,UGG,UGA,-15.847657231355036,lof
CBGE,nonsense,NM_000271.5(NPC1):c.2851A>T (p.Lys951Ter),chr18,NPC1,NM_000271.5,951,AAG,UAG,-12.902776730208826,lof
CBGE,nonsense,NM_000271.5(NPC1):c.2857C>T (p.Gln953Ter),chr18,NPC1,NM_000271.5,953,CAG,UAG,-11.722640973619988,lof
CBGE,nonsense,NM_000271.5(NPC1):c.2937C>A (p.Cys979Ter),chr18,NPC1,NM_000271.5,979,UGC,UGA,-12.731685682810047,lof
CBGE,nonsense,NM_000271.5(NPC1):c.2953G>T (p.Glu985Ter),chr18,NPC1,NM_000271.5,985,GAA,UAA,-11.706848089755145,lof
CBGE,nonsense,NM_000271.5(NPC1):c.2959A>T (p.Lys987Ter),chr18,NPC1,NM_000271.5,987,AAA,UAA,-11.055409354116366,lof
CBGE,nonsense,NM_000271.5(NPC1):c.2962C>T (p.Gln988Ter),chr18,NPC1,NM_000271.5,988,CAG,UAG,-10.619426683339,lof
CBGE,nonsense,NM_000271.5(NPC1):c.2971C>T (p.Gln991Ter),chr18,NPC1,NM_000271.5,991,CAG,UAG,-11.5419579073424,lof
CBGE,nonsense,NM_000271.5(NPC1):c.3043G>T (p.Gly1015Ter),chr18,NPC1,NM_000271.5,1015,GGA,UGA,-15.674778988158543,lof
CBGE,nonsense,NM_000271.5(NPC1):c.3100G>T (p.Gly1034Ter),chr18,NPC1,NM_000271.5,1034,GGA,UGA,-9.20261229592417,lof
CBGE,nonsense,NM_000271.5(NPC1):c.3199G>T (p.Glu1067Ter),chr18,NPC1,NM_000271.5,1067,GAA,UAA,-12.21446993822098,lof
CBGE,nonsense,NM_000271.5(NPC1):c.3553G>T (p.Glu1185Ter),chr18,NPC1,NM_000271.5,1185,GAG,UAG,-13.693522412339458,lof
CBGE,nonsense,NM_000271.5(NPC1):c.3562G>T (p.Glu1188Ter),chr18,NPC1,NM_000271.5,1188,GAA,UAA,-11.838100392628474,lof
CBGE,nonsense,NM_000271.5(NPC1):c.3565G>T (p.Glu1189Ter),chr18,NPC1,NM_000271.5,1189,GAG,UAG,-13.284465765796034,lof
CBGE,nonsense,NM_000314.8(PTEN):c.445C>T (p.Gln149Ter),chr10,PTEN,NM_000314.8,149,CAA,UAA,-10.10543065186246,normal
CBGE,nonsense,NM_000377.3(WAS):c.100C>T (p.Arg34Ter),chrX,WAS,NM_000377.3,34,CGA,UGA,-10.774029780750984,lof
CBGE,nonsense,NM_000377.3(WAS):c.121C>T (p.Arg41Ter),chrX,WAS,NM_000377.3,41,CGA,UGA,-9.558519402722505,lof
CBGE,nonsense,NM_000377.3(WAS):c.1318C>T (p.Gln440Ter),chrX,WAS,NM_000377.3,440,CAG,UAG,-12.76770016924007,normal
CBGE,nonsense,NM_000377.3(WAS):c.1381C>T (p.Gln461Ter),chrX,WAS,NM_000377.3,461,CAG,UAG,-11.757484402041218,normal
CBGE,nonsense,NM_000377.3(WAS):c.154C>T (p.Gln52Ter),chrX,WAS,NM_000377.3,52,CAG,UAG,-10.835419561260192,lof
CBGE,nonsense,NM_000377.3(WAS):c.191G>A (p.Trp64Ter),chrX,WAS,NM_000377.3,64,UGG,UAG,-14.575404237381289,lof
CBGE,nonsense,NM_000377.3(WAS):c.192G>A (p.Trp64Ter),chrX,WAS,NM_000377.3,64,UGG,UGA,-14.13678559059051,lof
CBGE,nonsense,NM_000377.3(WAS):c.290G>A (p.Trp97Ter),chrX,WAS,NM_000377.3,97,UGG,UAG,-12.341601390501776,normal
CBGE,nonsense,NM_000377.3(WAS):c.291G>A (p.Trp97Ter),chrX,WAS,NM_000377.3,97,UGG,UGA,-12.033519720914502,normal
CBGE,nonsense,NM_000377.3(WAS):c.454C>T (p.Gln152Ter),chrX,WAS,NM_000377.3,152,CAA,UAA,-11.342668489564876,normal
CBGE,nonsense,NM_000377.3(WAS):c.631C>T (p.Arg211Ter),chrX,WAS,NM_000377.3,211,CGA,UGA,-9.888157924592251,normal
CBGE,nonsense,NM_000377.3(WAS):c.755G>A (p.Trp252Ter),chrX,WAS,NM_000377.3,252,UGG,UAG,-10.7681054530163,normal
CBGE,nonsense,NM_000377.3(WAS):c.756G>A (p.Trp252Ter),chrX,WAS,NM_000377.3,252,UGG,UGA,-10.585314736029131,normal
CBGE,nonsense,NM_000377.3(WAS):c.889C>T (p.Gln297Ter),chrX,WAS,NM_000377.3,297,CAG,UAG,-11.432601883099585,normal
CBGE,nonsense,NM_000377.3(WAS):c.913C>T (p.Gln305Ter),chrX,WAS,NM_000377.3,305,CAG,UAG,-12.540325211606689,lof
CBGE,nonsense,NM_000377.3(WAS):c.973C>T (p.Gln325Ter),chrX,WAS,NM_000377.3,325,CAG,UAG,-12.073404332610652,normal
CBGE,nonsense,NM_000377.3(WAS):c.97C>T (p.Gln33Ter),chrX,WAS,NM_000377.3,33,CAG,UAG,-12.094943876888498,lof
CBGE,nonsense,NM_000399.5(EGR2):c.1213C>T (p.Arg405Ter),chr10,EGR2,NM_000399.5,405,CGA,UGA,-8.889471110844697,normal
CBGE,nonsense,NM_000399.5(EGR2):c.1342C>T (p.Gln448Ter),chr10,EGR2,NM_000399.5,448,CAG,UAG,-10.35092733402951,normal
CBGE,nonsense,NM_000416.3(IFNGR1):c.1156C>T (p.Gln386Ter),chr6,IFNGR1,NM_000416.3,386,CAG,UAG,-10.508414257184056,normal
CBGE,nonsense,NM_000416.3(IFNGR1):c.296G>A (p.Trp99Ter),chr6,IFNGR1,NM_000416.3,99,UGG,UAG,-11.951982505946262,normal
CBGE,nonsense,NM_000416.3(IFNGR1):c.297G>A (p.Trp99Ter),chr6,IFNGR1,NM_000416.3,99,UGG,UGA,-11.423402879645083,normal
CBGE,nonsense,NM_000416.3(IFNGR1):c.934C>T (p.Gln312Ter),chr6,IFNGR1,NM_000416.3,312,CAG,UAG,-11.072221780390432,normal
CBGE,nonsense,NM_000417.3(IL2RA):c.235C>T (p.Gln79Ter),chr10,IL2RA,NM_000417.3,79,CAA,UAA,-11.462013251109628,lof
CBGE,nonsense,NM_000417.3(IL2RA):c.241C>T (p.Gln81Ter),chr10,IL2RA,NM_000417.3,81,CAA,UAA,-11.7655753811438,lof
CBGE,nonsense,NM_000417.3(IL2RA):c.328C>T (p.Gln110Ter),chr10,IL2RA,NM_000417.3,110,CAA,UAA,-11.687730737444229,lof
CBGE,nonsense,NM_000417.3(IL2RA):c.392G>A (p.Trp131Ter),chr10,IL2RA,NM_000417.3,131,UGG,UAG,-11.364273047758378,normal
CBGE,nonsense,NM_000417.3(IL2RA):c.393G>A (p.Trp131Ter),chr10,IL2RA,NM_000417.3,131,UGG,UGA,-11.284797663125886,normal
CBGE,nonsense,NM_000417.3(IL2RA):c.460C>T (p.Gln154Ter),chr10,IL2RA,NM_000417.3,154,CAG,UAG,-11.538523644593504,normal
CBGE,nonsense,NM_000417.3(IL2RA):c.530G>A (p.Trp177Ter),chr10,IL2RA,NM_000417.3,177,UGG,UAG,-14.209701496092944,lof
CBGE,nonsense,NM_000417.3(IL2RA):c.531G>A (p.Trp177Ter),chr10,IL2RA,NM_000417.3,177,UGG,UGA,-13.767855605942072,lof
CBGE,nonsense,NM_000417.3(IL2RA):c.793C>T (p.Gln265Ter),chr10,IL2RA,NM_000417.3,265,CAG,UAG,-12.589263930016736,lof
CBGE,nonsense,NM_000545.8(HNF1A):c.1048C>T (p.Gln350Ter),chr12,HNF1A,NM_000545.8,350,CAA,UAA,-9.969133378468037,normal
CBGE,nonsense,NM_000545.8(HNF1A):c.1171C>T (p.Gln391Ter),chr12,HNF1A,NM_000545.8,391,CAG,UAG,-12.329179797977298,normal
CBGE,nonsense,NM_000545.8(HNF1A):c.1195C>T (p.Gln399Ter),chr12,HNF1A,NM_000545.8,399,CAG,UAG,-12.704353314945308,normal
CBGE,nonsense,NM_000545.8(HNF1A):c.1201C>T (p.Gln401Ter),chr12,HNF1A,NM_000545.8,401,CAG,UAG,-12.616714442829204,normal
CBGE,nonsense,NM_000545.8(HNF1A):c.1324C>T (p.Gln442Ter),chr12,HNF1A,NM_000545.8,442,CAG,UAG,-11.699699395444828,normal
CBGE,nonsense,NM_000545.8(HNF1A):c.1330C>T (p.Gln444Ter),chr12,HNF1A,NM_000545.8,444,CAG,UAG,-12.505420660542043,normal
CBGE,nonsense,NM_000545.8(HNF1A):c.1456C>T (p.Gln486Ter),chr12,HNF1A,NM_000545.8,486,CAG,UAG,-12.595842384261587,normal
CBGE,nonsense,NM_000545.8(HNF1A):c.1531C>T (p.Gln511Ter),chr12,HNF1A,NM_000545.8,511,CAG,UAG,-12.185983662378153,normal
CBGE,nonsense,NM_000545.8(HNF1A):c.1621C>T (p.Gln541Ter),chr12,HNF1A,NM_000545.8,541,CAG,UAG,-11.983885809225614,normal
CBGE,nonsense,NM_000545.8(HNF1A):c.1726C>T (p.Gln576Ter),chr12,HNF1A,NM_000545.8,576,CAG,UAG,-11.635230124134551,normal
CBGE,nonsense,NM_000545.8(HNF1A):c.1795C>T (p.Gln599Ter),chr12,HNF1A,NM_000545.8,599,CAG,UAG,-11.620338467721863,normal
CBGE,nonsense,NM_000545.8(HNF1A):c.1891C>T (p.Gln631Ter),chr12,HNF1A,NM_000545.8,631,CAG,UAG,-12.378994014142902,normal
CBGE,nonsense,NM_000545.8(HNF1A):c.19C>T (p.Gln7Ter),chr12,HNF1A,NM_000545.8,7,CAG,UAG,-13.072251240415175,normal
CBGE,nonsense,NM_000545.8(HNF1A):c.373C>T (p.Gln125Ter),chr12,HNF1A,NM_000545.8,125,CAG,UAG,-14.808416402372726,normal
CBGE,nonsense,NM_000545.8(HNF1A):c.436C>T (p.Gln146Ter),chr12,HNF1A,NM_000545.8,146,CAA,UAA,-10.852533386682184,normal
CBGE,nonsense,NM_000545.8(HNF1A):c.494G>A (p.Trp165Ter),chr12,HNF1A,NM_000545.8,165,UGG,UAG,-15.370422368629594,normal
CBGE,nonsense,NM_000545.8(HNF1A):c.495G>A (p.Trp165Ter),chr12,HNF1A,NM_000545.8,165,UGG,UGA,-15.32131004560899,normal
CBGE,nonsense,NM_000545.8(HNF1A):c.617G>A (p.Trp206Ter),chr12,HNF1A,NM_000545.8,206,UGG,UAG,-12.42498585704718,normal
CBGE,nonsense,NM_000545.8(HNF1A):c.618G>A (p.Trp206Ter),chr12,HNF1A,NM_000545.8,206,UGG,UGA,-12.470782287684996,normal
CBGE,nonsense,NM_000545.8(HNF1A):c.631C>T (p.Gln211Ter),chr12,HNF1A,NM_000545.8,211,CAG,UAG,-11.667912458313172,normal
CBGE,nonsense,NM_000545.8(HNF1A):c.634C>T (p.Gln212Ter),chr12,HNF1A,NM_000545.8,212,CAG,UAG,-13.97884178626207,normal
CBGE,nonsense,NM_000545.8(HNF1A):c.661C>T (p.Gln221Ter),chr12,HNF1A,NM_000545.8,221,CAG,UAG,-11.579584068449098,normal
CBGE,nonsense,NM_000545.8(HNF1A):c.748C>T (p.Gln250Ter),chr12,HNF1A,NM_000545.8,250,CAG,UAG,-11.570990532268588,normal
CBGE,nonsense,NM_000545.8(HNF1A):c.82C>T (p.Gln28Ter),chr12,HNF1A,NM_000545.8,28,CAG,UAG,-13.231601660853457,normal
CBGE,nonsense,NM_000546.6(TP53):c.378C>A (p.Tyr126Ter),chr17,TP53,NM_000546.6,126,UAC,UAA,-11.428730987495433,lof
CBGE,nonsense,NM_000546.6(TP53):c.378C>G (p.Tyr126Ter),chr17,TP53,NM_000546.6,126,UAC,UAG,-10.873920494548557,lof
CBGE,nonsense,NM_000546.6(TP53):c.394A>T (p.Lys132Ter),chr17,TP53,NM_000546.6,132,AAG,UAG,-13.211400952864295,lof
CBGE,nonsense,NM_000546.6(TP53):c.405C>A (p.Cys135Ter),chr17,TP53,NM_000546.6,135,UGC,UGA,-10.264821136936373,lof
CBGE,nonsense,NM_000546.6(TP53):c.406C>T (p.Gln136Ter),chr17,TP53,NM_000546.6,136,CAA,UAA,-10.478488952161156,lof
CBGE,nonsense,NM_000546.6(TP53):c.415A>T (p.Lys139Ter),chr17,TP53,NM_000546.6,139,AAG,UAG,-13.317147239879125,lof
CBGE,nonsense,NM_000546.6(TP53):c.423C>A (p.Cys141Ter),chr17,TP53,NM_000546.6,141,UGC,UGA,-11.136207503682634,lof
CBGE,nonsense,NM_000546.6(TP53):c.430C>T (p.Gln144Ter),chr17,TP53,NM_000546.6,144,CAG,UAG,-11.475166405101223,lof
CBGE,nonsense,NM_000546.6(TP53):c.437G>A (p.Trp146Ter),chr17,TP53,NM_000546.6,146,UGG,UAG,-12.344791339176505,lof
CBGE,nonsense,NM_000546.6(TP53):c.438G>A (p.Trp146Ter),chr17,TP53,NM_000546.6,146,UGG,UGA,-12.202390645476502,lof
CBGE,nonsense,NM_000546.6(TP53):c.489C>A (p.Tyr163Ter),chr17,TP53,NM_000546.6,163,UAC,UAA,-12.261282917590218,lof
CBGE,nonsense,NM_000546.6(TP53):c.489C>G (p.Tyr163Ter),chr17,TP53,NM_000546.6,163,UAC,UAG,-11.558317138314868,lof
CBGE,nonsense,NM_000546.6(TP53):c.490A>T (p.Lys164Ter),chr17,TP53,NM_000546.6,164,AAG,UAG,-12.951914760161529,lof
CBGE,nonsense,NM_000546.6(TP53):c.493C>T (p.Gln165Ter),chr17,TP53,NM_000546.6,165,CAG,UAG,-10.907716670810537,lof
CBGE,nonsense,NM_000546.6(TP53):c.497C>A (p.Ser166Ter),chr17,TP53,NM_000546.6,166,UCA,UAA,-10.207483289315082,lof
CBGE,nonsense,NM_000546.6(TP53):c.497C>G (p.Ser166Ter),chr17,TP53,NM_000546.6,166,UCA,UGA,-9.411682127424466,lof
CBGE,nonsense,NM_000546.6(TP53):c.499C>T (p.Gln167Ter),chr17,TP53,NM_000546.6,167,CAG,UAG,-11.716550856757122,lof
CBGE,nonsense,NM_000546.6(TP53):c.511G>T (p.Glu171Ter),chr17,TP53,NM_000546.6,171,GAG,UAG,-12.698190740050771,lof
CBGE,nonsense,NM_000546.6(TP53):c.528C>A (p.Cys176Ter),chr17,TP53,NM_000546.6,176,UGC,UGA,-11.390471484878615,lof
CBGE,nonsense,NM_000546.6(TP53):c.538G>T (p.Glu180Ter),chr17,TP53,NM_000546.6,180,GAG,UAG,-12.297113372756511,lof
CBGE,nonsense,NM_000546.6(TP53):c.546C>A (p.Cys182Ter),chr17,TP53,NM_000546.6,182,UGC,UGA,-11.8747386754623,lof
CBGE,nonsense,NM_000546.6(TP53):c.548C>A (p.Ser183Ter),chr17,TP53,NM_000546.6,183,UCA,UAA,-10.220506731507845,lof
CBGE,nonsense,NM_000546.6(TP53):c.548C>G (p.Ser183Ter),chr17,TP53,NM_000546.6,183,UCA,UGA,-9.34315400348044,lof
CBGE,nonsense,NM_000546.6(TP53):c.574C>T (p.Gln192Ter),chr17,TP53,NM_000546.6,192,CAG,UAG,-10.78812786847786,lof
CBGE,nonsense,NM_000546.6(TP53):c.586C>T (p.Arg196Ter),chr17,TP53,NM_000546.6,196,CGA,UGA,-10.962634063253356,lof
CBGE,nonsense,NM_000546.6(TP53):c.592G>T (p.Glu198Ter),chr17,TP53,NM_000546.6,198,GAA,UAA,-11.582642551718848,lof
CBGE,nonsense,NM_000546.6(TP53):c.595G>T (p.Gly199Ter),chr17,TP53,NM_000546.6,199,GGA,UGA,-11.348674685523529,lof
CBGE,nonsense,NM_000546.6(TP53):c.602T>A (p.Leu201Ter),chr17,TP53,NM_000546.6,201,UUG,UAG,-8.122200244044736,lof
CBGE,nonsense,NM_000546.6(TP53):c.610G>T (p.Glu204Ter),chr17,TP53,NM_000546.6,204,GAG,UAG,-13.188339268426196,lof
CBGE,nonsense,NM_000546.6(TP53):c.615T>A (p.Tyr205Ter),chr17,TP53,NM_000546.6,205,UAU,UAA,-11.060440973907207,lof
CBGE,nonsense,NM_000546.6(TP53):c.615T>G (p.Tyr205Ter),chr17,TP53,NM_000546.6,205,UAU,UAG,-11.118157411848385,lof
CBGE,nonsense,NM_000546.6(TP53):c.617T>A (p.Leu206Ter),chr17,TP53,NM_000546.6,206,UUG,UAG,-8.2368603834412,lof
CBGE,nonsense,NM_000546.6(TP53):c.625A>T (p.Arg209Ter),chr17,TP53,NM_000546.6,209,AGA,UGA,-9.808206613652846,lof
CBGE,nonsense,NM_000546.6(TP53):c.637C>T (p.Arg213Ter),chr17,TP53,NM_000546.6,213,CGA,UGA,-9.90304269182301,lof
CBGE,nonsense,NM_000546.6(TP53):c.660T>A (p.Tyr220Ter),chr17,TP53,NM_000546.6,220,UAU,UAA,-10.479307177913329,lof
CBGE,nonsense,NM_000546.6(TP53):c.660T>G (p.Tyr220Ter),chr17,TP53,NM_000546.6,220,UAU,UAG,-10.515457076420567,lof
CBGE,nonsense,NM_000546.6(TP53):c.661G>T (p.Glu221Ter),chr17,TP53,NM_000546.6,221,GAG,UAG,-12.78067494420639,lof
CBGE,nonsense,NM_000546.6(TP53):c.670G>T (p.Glu224Ter),chr17,TP53,NM_000546.6,224,GAG,UAG,-11.89364240237334,lof
CBGE,nonsense,NM_000546.6(TP53):c.687T>A (p.Cys229Ter),chr17,TP53,NM_000546.6,229,UGU,UGA,-10.15404510534854,lof
CBGE,nonsense,NM_000546.6(TP53):c.702C>A (p.Tyr234Ter),chr17,TP53,NM_000546.6,234,UAC,UAA,-12.816133519723644,lof
CBGE,nonsense,NM_000546.6(TP53):c.702C>G (p.Tyr234Ter),chr17,TP53,NM_000546.6,234,UAC,UAG,-12.211979879849396,lof
CBGE,nonsense,NM_000546.6(TP53):c.708C>A (p.Tyr236Ter),chr17,TP53,NM_000546.6,236,UAC,UAA,-12.652831965009154,lof
CBGE,nonsense,NM_000546.6(TP53):c.708C>G (p.Tyr236Ter),chr17,TP53,NM_000546.6,236,UAC,UAG,-12.10102078553354,lof
CBGE,nonsense,NM_000546.6(TP53):c.714T>A (p.Cys238Ter),chr17,TP53,NM_000546.6,238,UGU,UGA,-9.568333519690103,lof
CBGE,nonsense,NM_000546.6(TP53):c.726C>A (p.Cys242Ter),chr17,TP53,NM_000546.6,242,UGC,UGA,-11.186192454345637,lof
CBGE,nonsense,NM_000546.6(TP53):c.772G>T (p.Glu258Ter),chr17,TP53,NM_000546.6,258,GAA,UAA,-11.194394962067715,lof
CBGE,nonsense,NM_000546.6(TP53):c.796G>T (p.Gly266Ter),chr17,TP53,NM_000546.6,266,GGA,UGA,-11.395805358985788,normal
CBGE,nonsense,NM_000546.6(TP53):c.811G>T (p.Glu271Ter),chr17,TP53,NM_000546.6,271,GAG,UAG,-13.548343620834393,lof
CBGE,nonsense,NM_000546.6(TP53):c.825T>A (p.Cys275Ter),chr17,TP53,NM_000546.6,275,UGU,UGA,-10.416696562968246,lof
CBGE,nonsense,NM_000546.6(TP53):c.831T>A (p.Cys277Ter),chr17,TP53,NM_000546.6,277,UGU,UGA,-10.460349005313777,lof
CBGE,nonsense,NM_000546.6(TP53):c.838A>T (p.Arg280Ter),chr17,TP53,NM_000546.6,280,AGA,UGA,-9.090169961403106,lof
CBGE,nonsense,NM_000546.6(TP53):c.853G>T (p.Glu285Ter),chr17,TP53,NM_000546.6,285,GAG,UAG,-11.671262698218362,lof
CBGE,nonsense,NM_000546.6(TP53):c.856G>T (p.Glu286Ter),chr17,TP53,NM_000546.6,286,GAA,UAA,-11.096817026598094,normal
CBGE,nonsense,NM_000546.6(TP53):c.859G>T (p.Glu287Ter),chr17,TP53,NM_000546.6,287,GAG,UAG,-12.91540154309225,normal
CBGE,nonsense,NM_000546.6(TP53):c.871A>T (p.Lys291Ter),chr17,TP53,NM_000546.6,291,AAG,UAG,-12.743352942236864,lof
CBGE,nonsense,NM_000546.6(TP53):c.874A>T (p.Lys292Ter),chr17,TP53,NM_000546.6,292,AAA,UAA,-12.04011343617108,lof
CBGE,nonsense,NM_000546.6(TP53):c.880G>T (p.Glu294Ter),chr17,TP53,NM_000546.6,294,GAG,UAG,-12.133537209606729,lof
CBGE,nonsense,NM_000546.6(TP53):c.892G>T (p.Glu298Ter),chr17,TP53,NM_000546.6,298,GAG,UAG,-10.911120447083706,lof
CBGE,nonsense,NM_000546.6(TP53):c.913A>T (p.Lys305Ter),chr17,TP53,NM_000546.6,305,AAG,UAG,-12.960355810988146,lof
CBGE,nonsense,NM_000546.6(TP53):c.916C>T (p.Arg306Ter),chr17,TP53,NM_000546.6,306,CGA,UGA,-11.079992253824733,lof
CBGE,nonsense,NM_000551.4(VHL):c.106G>T (p.Glu36Ter),chr3,VHL,NM_000551.4,36,GAG,UAG,-14.593789107726842,normal
CBGE,nonsense,NM_000551.4(VHL):c.109G>T (p.Glu37Ter),chr3,VHL,NM_000551.4,37,GAG,UAG,-15.44517229209282,normal
CBGE,nonsense,NM_000551.4(VHL):c.121G>T (p.Glu41Ter),chr3,VHL,NM_000551.4,41,GAA,UAA,-14.302284203629242,normal
CBGE,nonsense,NM_000551.4(VHL):c.124G>T (p.Glu42Ter),chr3,VHL,NM_000551.4,42,GAG,UAG,-14.79798220204332,normal
CBGE,nonsense,NM_000551.4(VHL):c.136G>T (p.Glu46Ter),chr3,VHL,NM_000551.4,46,GAG,UAG,-14.716815917083956,normal
CBGE,nonsense,NM_000551.4(VHL):c.139G>T (p.Glu47Ter),chr3,VHL,NM_000551.4,47,GAA,UAA,-13.924932495060215,normal
CBGE,nonsense,NM_000551.4(VHL):c.151G>T (p.Glu51Ter),chr3,VHL,NM_000551.4,51,GAG,UAG,-14.395463937686424,normal
CBGE,nonsense,NM_000551.4(VHL):c.154G>T (p.Glu52Ter),chr3,VHL,NM_000551.4,52,GAG,UAG,-15.154857654169446,normal
CBGE,nonsense,NM_000551.4(VHL):c.157G>T (p.Glu53Ter),chr3,VHL,NM_000551.4,53,GAG,UAG,-13.460405312643344,normal
CBGE,nonsense,NM_000551.4(VHL):c.163G>T (p.Glu55Ter),chr3,VHL,NM_000551.4,55,GAG,UAG,-12.900564132240214,lof
CBGE,nonsense,NM_000551.4(VHL):c.194C>A (p.Ser65Ter),chr3,VHL,NM_000551.4,65,UCG,UAG,-11.61399459518225,lof
CBGE,nonsense,NM_000551.4(VHL):c.203C>A (p.Ser68Ter),chr3,VHL,NM_000551.4,68,UCG,UAG,-10.17677120480866,lof
CBGE,nonsense,NM_000551.4(VHL):c.208G>T (p.Glu70Ter),chr3,VHL,NM_000551.4,70,GAG,UAG,-11.800738424697776,lof
CBGE,nonsense,NM_000551.4(VHL):c.217C>T (p.Gln73Ter),chr3,VHL,NM_000551.4,73,CAG,UAG,-10.85202599398424,lof
CBGE,nonsense,NM_000551.4(VHL):c.231C>A (p.Cys77Ter),chr3,VHL,NM_000551.4,77,UGC,UGA,-11.086042419690449,lof
CBGE,nonsense,NM_000551.4(VHL):c.23G>A (p.Trp8Ter),chr3,VHL,NM_000551.4,8,UGG,UAG,-11.796847377445436,normal
CBGE,nonsense,NM_000551.4(VHL):c.24G>A (p.Trp8Ter),chr3,VHL,NM_000551.4,8,UGG,UGA,-11.524839469247397,normal
CBGE,nonsense,NM_000551.4(VHL):c.263G>A (p.Trp88Ter),chr3,VHL,NM_000551.4,88,UGG,UAG,-12.800661053905838,lof
CBGE,nonsense,NM_000551.4(VHL):c.264G>A (p.Trp88Ter),chr3,VHL,NM_000551.4,88,UGG,UGA,-12.704467799899966,normal
CBGE,nonsense,NM_000551.4(VHL):c.286C>T (p.Gln96Ter),chr3,VHL,NM_000551.4,96,CAG,UAG,-11.25653263787034,lof
CBGE,nonsense,NM_000551.4(VHL):c.294C>A (p.Tyr98Ter),chr3,VHL,NM_000551.4,98,UAC,UAA,-11.64081186565742,lof
CBGE,nonsense,NM_000551.4(VHL):c.294C>G (p.Tyr98Ter),chr3,VHL,NM_000551.4,98,UAC,UAG,-10.561136187229817,lof
CBGE,nonsense,NM_000551.4(VHL):c.336C>A (p.Tyr112Ter),chr3,VHL,NM_000551.4,112,UAC,UAA,-12.504255292653124,lof
CBGE,nonsense,NM_000551.4(VHL):c.336C>G (p.Tyr112Ter),chr3,VHL,NM_000551.4,112,UAC,UAG,-11.924767455021987,lof
CBGE,nonsense,NM_000551.4(VHL):c.337C>T (p.Arg113Ter),chr3,VHL,NM_000551.4,113,CGA,UGA,-10.90744206626861,lof
CBGE,nonsense,NM_000551.4(VHL):c.358A>T (p.Arg120Ter),chr3,VHL,NM_000551.4,120,AGA,UGA,-10.489665088368753,lof
CBGE,nonsense,NM_000551.4(VHL):c.394C>T (p.Gln132Ter),chr3,VHL,NM_000551.4,132,CAA,UAA,-10.590545667167657,lof
CBGE,nonsense,NM_000551.4(VHL):c.400G>T (p.Glu134Ter),chr3,VHL,NM_000551.4,134,GAA,UAA,-11.299698781455916,lof
CBGE,nonsense,NM_000551.4(VHL):c.404T>A (p.Leu135Ter),chr3,VHL,NM_000551.4,135,UUA,UAA,-10.131496369940663,lof
CBGE,nonsense,NM_000551.4(VHL):c.404T>G (p.Leu135Ter),chr3,VHL,NM_000551.4,135,UUA,UGA,-10.336979899037194,lof
CBGE,nonsense,NM_000551.4(VHL):c.430G>T (p.Gly144Ter),chr3,VHL,NM_000551.4,144,GGA,UGA,-11.45325267057183,lof
CBGE,nonsense,NM_000551.4(VHL):c.433C>T (p.Gln145Ter),chr3,VHL,NM_000551.4,145,CAG,UAG,-11.741148044654167,lof
CBGE,nonsense,NM_000551.4(VHL):c.468T>A (p.Tyr156Ter),chr3,VHL,NM_000551.4,156,UAU,UAA,-10.368221397793318,lof
CBGE,nonsense,NM_000551.4(VHL):c.468T>G (p.Tyr156Ter),chr3,VHL,NM_000551.4,156,UAU,UAG,-10.564837487353158,lof
CBGE,nonsense,NM_000551.4(VHL):c.46G>T (p.Glu16Ter),chr3,VHL,NM_000551.4,16,GAG,UAG,-15.737939930060486,normal
CBGE,nonsense,NM_000551.4(VHL):c.475A>T (p.Lys159Ter),chr3,VHL,NM_000551.4,159,AAA,UAA,-11.881387700873267,lof
CBGE,nonsense,NM_000551.4(VHL):c.478G>T (p.Glu160Ter),chr3,VHL,NM_000551.4,160,GAG,UAG,-12.707407989873884,lof
CBGE,nonsense,NM_000551.4(VHL):c.486C>A (p.Cys162Ter),chr3,VHL,NM_000551.4,162,UGC,UGA,-11.355842581311483,lof
CBGE,nonsense,NM_000551.4(VHL):c.490C>T (p.Gln164Ter),chr3,VHL,NM_000551.4,164,CAG,UAG,-11.6838684020697,lof
CBGE,nonsense,NM_000551.4(VHL):c.511A>T (p.Lys171Ter),chr3,VHL,NM_000551.4,171,AAG,UAG,-12.552291850945236,lof
CBGE,nonsense,NM_000551.4(VHL):c.517G>T (p.Glu173Ter),chr3,VHL,NM_000551.4,173,GAG,UAG,-12.457163796570685,lof
CBGE,nonsense,NM_000551.4(VHL):c.525C>A (p.Tyr175Ter),chr3,VHL,NM_000551.4,175,UAC,UAA,-11.551311387646866,lof
CBGE,nonsense,NM_000551.4(VHL):c.525C>G (p.Tyr175Ter),chr3,VHL,NM_000551.4,175,UAC,UAG,-11.085838359782024,lof
CBGE,nonsense,NM_000551.4(VHL):c.529A>T (p.Arg177Ter),chr3,VHL,NM_000551.4,177,AGA,UGA,-10.41655728398403,lof
CBGE,nonsense,NM_000551.4(VHL):c.548C>A (p.Ser183Ter),chr3,VHL,NM_000551.4,183,UCG,UAG,-10.532173178194258,lof
CBGE,nonsense,NM_000551.4(VHL):c.555C>A (p.Tyr185Ter),chr3,VHL,NM_000551.4,185,UAC,UAA,-11.006452606930427,lof
CBGE,nonsense,NM_000551.4(VHL):c.555C>G (p.Tyr185Ter),chr3,VHL,NM_000551.4,185,UAC,UAG,-10.788919521408827,lof
CBGE,nonsense,NM_000551.4(VHL):c.556G>T (p.Glu186Ter),chr3,VHL,NM_000551.4,186,GAA,UAA,-10.49695872865384,lof
CBGE,nonsense,NM_000551.4(VHL):c.565G>T (p.Glu189Ter),chr3,VHL,NM_000551.4,189,GAA,UAA,-11.336692746022267,lof
CBGE,nonsense,NM_000551.4(VHL):c.586A>T (p.Lys196Ter),chr3,VHL,NM_000551.4,196,AAA,UAA,-11.801279064198203,lof
CBGE,nonsense,NM_000551.4(VHL):c.595G>T (p.Glu199Ter),chr3,VHL,NM_000551.4,199,GAG,UAG,-13.59691237417169,lof
CBGE,nonsense,NM_000551.4(VHL):c.607C>T (p.Gln203Ter),chr3,VHL,NM_000551.4,203,CAG,UAG,-12.038829805683692,normal
CBGE,nonsense,NM_000551.4(VHL):c.610G>T (p.Glu204Ter),chr3,VHL,NM_000551.4,204,GAG,UAG,-13.491494117528385,normal
CBGE,nonsense,NM_000551.4(VHL):c.61G>T (p.Glu21Ter),chr3,VHL,NM_000551.4,21,GAA,UAA,-14.45573616372163,normal
CBGE,nonsense,NM_000551.4(VHL):c.625C>T (p.Gln209Ter),chr3,VHL,NM_000551.4,209,CAA,UAA,-10.681850433174295,normal
CBGE,nonsense,NM_000551.4(VHL):c.634G>T (p.Gly212Ter),chr3,VHL,NM_000551.4,212,GGA,UGA,-10.42144394112125,normal
CBGE,nonsense,NM_000551.4(VHL):c.76G>T (p.Glu26Ter),chr3,VHL,NM_000551.4,26,GAA,UAA,-14.474173562496516,lof
CBGE,nonsense,NM_000551.4(VHL):c.98C>A (p.Ser33Ter),chr3,VHL,NM_000551.4,33,UCG,UAG,-11.957141789681616,normal
CBGE,nonsense,NM_000560.4(CD53):c.404G>A (p.Trp135Ter),chr1,CD53,NM_000560.4,135,UGG,UAG,-15.152071066025815,normal
CBGE,nonsense,NM_000560.4(CD53):c.405G>A (p.Trp135Ter),chr1,CD53,NM_000560.4,135,UGG,UGA,-14.747979192032282,normal
CBGE,nonsense,NM_000560.4(CD53):c.415C>T (p.Gln139Ter),chr1,CD53,NM_000560.4,139,CAG,UAG,-13.717851680189924,normal
CBGE,nonsense,NM_000560.4(CD53):c.427C>T (p.Gln143Ter),chr1,CD53,NM_000560.4,143,CAG,UAG,-13.201770786946186,normal
CBGE,nonsense,NM_000560.4(CD53):c.493C>T (p.Arg165Ter),chr1,CD53,NM_000560.4,165,CGA,UGA,-8.820079800742882,normal
CBGE,nonsense,NM_000560.4(CD53):c.643C>T (p.Gln215Ter),chr1,CD53,NM_000560.4,215,CAG,UAG,-11.88568878104319,normal
CBGE,nonsense,NM_000610.4(CD44):c.1015C>T (p.Gln339Ter),chr11,CD44,NM_000610.4,339,CAG,UAG,-11.53049950324532,normal
CBGE,nonsense,NM_000610.4(CD44):c.1076G>A (p.Trp359Ter),chr11,CD44,NM_000610.4,359,UGG,UAG,-12.989319866643722,normal
CBGE,nonsense,NM_000610.4(CD44):c.1077G>A (p.Trp359Ter),chr11,CD44,NM_000610.4,359,UGG,UGA,-12.479541790596889,normal
CBGE,nonsense,NM_000610.4(CD44):c.1204C>T (p.Gln402Ter),chr11,CD44,NM_000610.4,402,CAG,UAG,-11.183836915213352,normal
CBGE,nonsense,NM_000610.4(CD44):c.1208G>A (p.Trp403Ter),chr11,CD44,NM_000610.4,403,UGG,UAG,-12.468605043494144,normal
CBGE,nonsense,NM_000610.4(CD44):c.1209G>A (p.Trp403Ter),chr11,CD44,NM_000610.4,403,UGG,UGA,-12.176401200014956,normal
CBGE,nonsense,NM_000610.4(CD44):c.1349G>A (p.Trp450Ter),chr11,CD44,NM_000610.4,450,UGG,UAG,-13.09518715143635,normal
CBGE,nonsense,NM_000610.4(CD44):c.1387C>T (p.Arg463Ter),chr11,CD44,NM_000610.4,463,CGA,UGA,-9.268798838205528,normal
CBGE,nonsense,NM_000610.4(CD44):c.1816C>T (p.Gln606Ter),chr11,CD44,NM_000610.4,606,CAA,UAA,-11.11484625876255,normal
CBGE,nonsense,NM_000610.4(CD44):c.2200C>T (p.Gln734Ter),chr11,CD44,NM_000610.4,734,CAG,UAG,-11.314626694836784,normal
CBGE,nonsense,NM_000610.4(CD44):c.715C>T (p.Gln239Ter),chr11,CD44,NM_000610.4,239,CAA,UAA,-11.158095374147202,normal
CBGE,nonsense,NM_000610.4(CD44):c.725G>A (p.Trp242Ter),chr11,CD44,NM_000610.4,242,UGG,UAG,-12.789137827896676,normal
CBGE,nonsense,NM_000610.4(CD44):c.726G>A (p.Trp242Ter),chr11,CD44,NM_000610.4,242,UGG,UGA,-12.338057522474658,normal
CBGE,nonsense,NM_000610.4(CD44):c.732G>A (p.Trp244Ter),chr11,CD44,NM_000610.4,244,UGG,UGA,-12.952628151892888,normal
CBGE,nonsense,NM_000610.4(CD44):c.740G>A (p.Trp247Ter),chr11,CD44,NM_000610.4,247,UGG,UAG,-12.76682281096006,normal
CBGE,nonsense,NM_000610.4(CD44):c.741G>A (p.Trp247Ter),chr11,CD44,NM_000610.4,247,UGG,UGA,-12.688487989850406,normal
CBGE,nonsense,NM_000610.4(CD44):c.827G>A (p.Trp276Ter),chr11,CD44,NM_000610.4,276,UGG,UAG,-11.956043200062952,normal
CBGE,nonsense,NM_000610.4(CD44):c.828G>A (p.Trp276Ter),chr11,CD44,NM_000610.4,276,UGG,UGA,-11.558963785279056,normal
CBGE,nonsense,NM_000610.4(CD44):c.980G>A (p.Trp327Ter),chr11,CD44,NM_000610.4,327,UGG,UAG,-13.06593129747323,normal
CBGE,nonsense,NM_000610.4(CD44):c.981G>A (p.Trp327Ter),chr11,CD44,NM_000610.4,327,UGG,UGA,-12.88840678689917,normal
CBGE,nonsense,NM_000616.5(CD4):c.1103G>A (p.Trp368Ter),chr12,CD4,NM_000616.5,368,UGG,UAG,-13.913875529768106,normal
CBGE,nonsense,NM_000616.5(CD4):c.1104G>A (p.Trp368Ter),chr12,CD4,NM_000616.5,368,UGG,UGA,-13.875009585026048,normal
CBGE,nonsense,NM_000616.5(CD4):c.1336C>T (p.Gln446Ter),chr12,CD4,NM_000616.5,446,CAG,UAG,-10.71848113166687,normal
CBGE,nonsense,NM_000616.5(CD4):c.148C>T (p.Gln50Ter),chr12,CD4,NM_000616.5,50,CAA,UAA,-10.665275552162347,normal
CBGE,nonsense,NM_000616.5(CD4):c.193C>T (p.Gln65Ter),chr12,CD4,NM_000616.5,65,CAG,UAG,-10.571913693760006,normal
CBGE,nonsense,NM_000616.5(CD4):c.355C>T (p.Gln119Ter),chr12,CD4,NM_000616.5,119,CAA,UAA,-11.364582048121406,normal
CBGE,nonsense,NM_000616.5(CD4):c.517C>T (p.Gln173Ter),chr12,CD4,NM_000616.5,173,CAG,UAG,-11.820278234235529,normal
CBGE,nonsense,NM_000616.5(CD4):c.753G>A (p.Trp251Ter),chr12,CD4,NM_000616.5,251,UGG,UGA,-11.448444435117628,normal
CBGE,nonsense,NM_000629.3(IFNAR1):c.100C>T (p.Gln34Ter),chr21,IFNAR1,NM_000629.3,34,CAA,UAA,-11.76789569176126,normal
CBGE,nonsense,NM_000629.3(IFNAR1):c.1588C>T (p.Gln530Ter),chr21,IFNAR1,NM_000629.3,530,CAA,UAA,-11.04151912492344,normal
CBGE,nonsense,NM_000629.3(IFNAR1):c.1597C>T (p.Gln533Ter),chr21,IFNAR1,NM_000629.3,533,CAA,UAA,-10.534996051700158,normal
CBGE,nonsense,NM_000629.3(IFNAR1):c.56G>A (p.Trp19Ter),chr21,IFNAR1,NM_000629.3,19,UGG,UAG,-12.507814390718396,normal
CBGE,nonsense,NM_000629.3(IFNAR1):c.57G>A (p.Trp19Ter),chr21,IFNAR1,NM_000629.3,19,UGG,UGA,-12.36965751017564,normal
CBGE,nonsense,NM_000629.3(IFNAR1):c.724C>T (p.Gln242Ter),chr21,IFNAR1,NM_000629.3,242,CAG,UAG,-11.714679674761348,normal
CBGE,nonsense,NM_000629.3(IFNAR1):c.772C>T (p.Gln258Ter),chr21,IFNAR1,NM_000629.3,258,CAA,UAA,-10.608823777297774,normal
CBGE,nonsense,NM_000629.3(IFNAR1):c.782G>A (p.Trp261Ter),chr21,IFNAR1,NM_000629.3,261,UGG,UAG,-13.067880524029412,normal
CBGE,nonsense,NM_000629.3(IFNAR1):c.783G>A (p.Trp261Ter),chr21,IFNAR1,NM_000629.3,261,UGG,UGA,-12.990848562933714,normal
CBGE,nonsense,NM_000629.3(IFNAR1):c.830G>A (p.Trp277Ter),chr21,IFNAR1,NM_000629.3,277,UGG,UAG,-14.84219923291348,normal
CBGE,nonsense,NM_000629.3(IFNAR1):c.883C>T (p.Gln295Ter),chr21,IFNAR1,NM_000629.3,295,CAA,UAA,-10.758535465590027,normal
CBGE,nonsense,NM_000629.3(IFNAR1):c.922C>T (p.Gln308Ter),chr21,IFNAR1,NM_000629.3,308,CAA,UAA,-11.558301970174432,normal
CBGE,nonsense,NM_000633.3(BCL2):c.563G>A (p.Trp188Ter),chr18,BCL2,NM_000633.3,188,UGG,UAG,-12.967102120521538,normal
CBGE,nonsense,NM_000633.3(BCL2):c.564G>A (p.Trp188Ter),chr18,BCL2,NM_000633.3,188,UGG,UGA,-12.654067953059768,normal
CBGE,nonsense,NM_000633.3(BCL2):c.568C>T (p.Gln190Ter),chr18,BCL2,NM_000633.3,190,CAG,UAG,-11.164224649458404,normal
CBGE,nonsense,NM_000633.3(BCL2):c.584G>A (p.Trp195Ter),chr18,BCL2,NM_000633.3,195,UGG,UAG,-13.06020932819837,normal
CBGE,nonsense,NM_000633.3(BCL2):c.585G>A (p.Trp195Ter),chr18,BCL2,NM_000633.3,195,UGG,UGA,-12.517577264451056,normal
CBGE,nonsense,NM_000633.3(BCL2):c.641G>A (p.Trp214Ter),chr18,BCL2,NM_000633.3,214,UGG,UAG,-12.80745410033236,normal
CBGE,nonsense,NM_000633.3(BCL2):c.642G>A (p.Trp214Ter),chr18,BCL2,NM_000633.3,214,UGG,UGA,-12.433373476869985,normal
CBGE,nonsense,NM_000633.3(BCL2):c.73C>T (p.Gln25Ter),chr18,BCL2,NM_000633.3,25,CAG,UAG,-12.516483277124411,normal
CBGE,nonsense,NM_000639.3(FASLG):c.343C>T (p.Arg115Ter),chr1,FASLG,NM_000639.3,115,CGA,UGA,-10.0852737217552,normal
CBGE,nonsense,NM_000639.3(FASLG):c.41G>A (p.Trp14Ter),chr1,FASLG,NM_000639.3,14,UGG,UAG,-11.323108672283151,normal
CBGE,nonsense,NM_000639.3(FASLG):c.42G>A (p.Trp14Ter),chr1,FASLG,NM_000639.3,14,UGG,UGA,-11.060554475698185,normal
CBGE,nonsense,NM_000639.3(FASLG):c.485G>A (p.Trp162Ter),chr1,FASLG,NM_000639.3,162,UGG,UAG,-11.268905678357978,normal
CBGE,nonsense,NM_000639.3(FASLG):c.486G>A (p.Trp162Ter),chr1,FASLG,NM_000639.3,162,UGG,UGA,-11.234333058515844,normal
CBGE,nonsense,NM_000639.3(FASLG):c.68G>A (p.Trp23Ter),chr1,FASLG,NM_000639.3,23,UGG,UAG,-12.194510414444714,normal
CBGE,nonsense,NM_000639.3(FASLG):c.69G>A (p.Trp23Ter),chr1,FASLG,NM_000639.3,23,UGG,UGA,-11.662925624224185,normal
CBGE,nonsense,NM_000639.3(FASLG):c.817C>T (p.Gln273Ter),chr1,FASLG,NM_000639.3,273,CAG,UAG,-11.27066894134011,normal
CBGE,nonsense,NM_000732.6(CD3D):c.128G>A (p.Trp43Ter),chr11,CD3D,NM_000732.6,43,UGG,UAG,-12.800341615414847,normal
CBGE,nonsense,NM_000732.6(CD3D):c.129G>A (p.Trp43Ter),chr11,CD3D,NM_000732.6,43,UGG,UGA,-12.795807828531242,normal
CBGE,nonsense,NM_000732.6(CD3D):c.202C>T (p.Arg68Ter),chr11,CD3D,NM_000732.6,68,CGA,UGA,-8.99489032337176,lof
CBGE,nonsense,NM_000732.6(CD3D):c.280C>T (p.Gln94Ter),chr11,CD3D,NM_000732.6,94,CAG,UAG,-11.696907062430078,lof
CBGE,nonsense,NM_000732.6(CD3D):c.52C>T (p.Gln18Ter),chr11,CD3D,NM_000732.6,18,CAA,UAA,-9.067111962588864,lof
CBGE,nonsense,NM_000733.4(CD3E):c.176G>A (p.Trp59Ter),chr11,CD3E,NM_000733.4,59,UGG,UAG,-14.382310891957646,lof
CBGE,nonsense,NM_000733.4(CD3E):c.177G>A (p.Trp59Ter),chr11,CD3E,NM_000733.4,59,UGG,UGA,-14.159471553163243,lof
CBGE,nonsense,NM_000733.4(CD3E):c.178C>T (p.Gln60Ter),chr11,CD3E,NM_000733.4,60,CAA,UAA,-10.785530107673154,lof
CBGE,nonsense,NM_000733.4(CD3E):c.4C>T (p.Gln2Ter),chr11,CD3E,NM_000733.4,2,CAG,UAG,-10.585197515577097,lof
CBGE,nonsense,NM_000733.4(CD3E):c.97C>T (p.Gln33Ter),chr11,CD3E,NM_000733.4,33,CAG,UAG,-10.595034603159668,normal
CBGE,nonsense,NM_000801.5(FKBP1A):c.160C>T (p.Gln54Ter),chr20,FKBP1A,NM_000801.5,54,CAG,UAG,-10.668435592855651,normal
CBGE,nonsense,NM_000801.5(FKBP1A):c.61C>T (p.Gln21Ter),chr20,FKBP1A,NM_000801.5,21,CAG,UAG,-11.374711925315204,normal
CBGE,nonsense,NM_000878.5(IL2RB):c.1015C>T (p.Gln339Ter),chr22,IL2RB,NM_000878.5,339,CAG,UAG,-11.35845947960622,normal
CBGE,nonsense,NM_000878.5(IL2RB):c.1400G>A (p.Trp467Ter),chr22,IL2RB,NM_000878.5,467,UGG,UAG,-11.940287635509632,normal
CBGE,nonsense,NM_000878.5(IL2RB):c.1401G>A (p.Trp467Ter),chr22,IL2RB,NM_000878.5,467,UGG,UGA,-11.45403767576707,normal
CBGE,nonsense,NM_000878.5(IL2RB):c.1408C>T (p.Gln470Ter),chr22,IL2RB,NM_000878.5,470,CAG,UAG,-10.991575264539655,normal
CBGE,nonsense,NM_000878.5(IL2RB):c.1480C>T (p.Arg494Ter),chr22,IL2RB,NM_000878.5,494,CGA,UGA,-6.932021142354715,normal
CBGE,nonsense,NM_000878.5(IL2RB):c.1555C>T (p.Gln519Ter),chr22,IL2RB,NM_000878.5,519,CAG,UAG,-10.068367959838056,normal
CBGE,nonsense,NM_000878.5(IL2RB):c.1633C>T (p.Gln545Ter),chr22,IL2RB,NM_000878.5,545,CAG,UAG,-10.432445479816096,normal
CBGE,nonsense,NM_000878.5(IL2RB):c.178C>T (p.Gln60Ter),chr22,IL2RB,NM_000878.5,60,CAA,UAA,-10.537623376235585,normal
CBGE,nonsense,NM_000878.5(IL2RB):c.23G>A (p.Trp8Ter),chr22,IL2RB,NM_000878.5,8,UGG,UAG,-12.083588577872874,normal
CBGE,nonsense,NM_000878.5(IL2RB):c.24G>A (p.Trp8Ter),chr22,IL2RB,NM_000878.5,8,UGG,UGA,-11.48679540478764,normal
CBGE,nonsense,NM_000878.5(IL2RB):c.343C>T (p.Arg115Ter),chr22,IL2RB,NM_000878.5,115,CGA,UGA,-8.763280102128972,normal
CBGE,nonsense,NM_000878.5(IL2RB):c.455G>A (p.Trp152Ter),chr22,IL2RB,NM_000878.5,152,UGG,UAG,-14.94789507106121,lof
CBGE,nonsense,NM_000878.5(IL2RB):c.456G>A (p.Trp152Ter),chr22,IL2RB,NM_000878.5,152,UGG,UGA,-14.49269575362151,lof
CBGE,nonsense,NM_000878.5(IL2RB):c.562C>T (p.Gln188Ter),chr22,IL2RB,NM_000878.5,188,CAG,UAG,-11.450520527710824,normal
CBGE,nonsense,NM_000878.5(IL2RB):c.673C>T (p.Gln225Ter),chr22,IL2RB,NM_000878.5,225,CAG,UAG,-13.360981975650231,normal
CBGE,nonsense,NM_000878.5(IL2RB):c.901C>T (p.Gln301Ter),chr22,IL2RB,NM_000878.5,301,CAG,UAG,-10.872158028582284,normal
CBGE,nonsense,NM_000878.5(IL2RB):c.908G>A (p.Trp303Ter),chr22,IL2RB,NM_000878.5,303,UGG,UAG,-12.143142652061856,normal
CBGE,nonsense,NM_000878.5(IL2RB):c.909G>A (p.Trp303Ter),chr22,IL2RB,NM_000878.5,303,UGG,UGA,-11.822212184178005,normal
CBGE,nonsense,NM_001001852.4(PIM3):c.335G>A (p.Trp112Ter),chr22,PIM3,NM_001001852.4,112,UGG,UAG,-12.788997740630473,normal
CBGE,nonsense,NM_001001852.4(PIM3):c.336G>A (p.Trp112Ter),chr22,PIM3,NM_001001852.4,112,UGG,UGA,-12.215465553042222,normal
CBGE,nonsense,NM_001001852.4(PIM3):c.622C>T (p.Arg208Ter),chr22,PIM3,NM_001001852.4,208,CGA,UGA,-8.987949889414551,normal
CBGE,nonsense,NM_001001852.4(PIM3):c.644G>A (p.Trp215Ter),chr22,PIM3,NM_001001852.4,215,UGG,UAG,-12.823547386134056,normal
CBGE,nonsense,NM_001001852.4(PIM3):c.645G>A (p.Trp215Ter),chr22,PIM3,NM_001001852.4,215,UGG,UGA,-12.660900095461503,normal
CBGE,nonsense,NM_001001852.4(PIM3):c.687G>A (p.Trp229Ter),chr22,PIM3,NM_001001852.4,229,UGG,UGA,-14.718354223215636,normal
CBGE,nonsense,NM_001001852.4(PIM3):c.739C>T (p.Gln247Ter),chr22,PIM3,NM_001001852.4,247,CAG,UAG,-9.64400772125582,normal
CBGE,nonsense,NM_001001852.4(PIM3):c.757C>T (p.Arg253Ter),chr22,PIM3,NM_001001852.4,253,CGA,UGA,-10.000734296124731,normal
CBGE,nonsense,NM_001001852.4(PIM3):c.799C>T (p.Gln267Ter),chr22,PIM3,NM_001001852.4,267,CAG,UAG,-12.7666855287464,normal
CBGE,nonsense,NM_001001852.4(PIM3):c.79C>T (p.Gln27Ter),chr22,PIM3,NM_001001852.4,27,CAG,UAG,-11.88482855151926,normal
CBGE,nonsense,NM_001001852.4(PIM3):c.802C>T (p.Gln268Ter),chr22,PIM3,NM_001001852.4,268,CAG,UAG,-13.11360925939382,normal
CBGE,nonsense,NM_001001852.4(PIM3):c.815G>A (p.Trp272Ter),chr22,PIM3,NM_001001852.4,272,UGG,UAG,-12.167864811253963,normal
CBGE,nonsense,NM_001001852.4(PIM3):c.816G>A (p.Trp272Ter),chr22,PIM3,NM_001001852.4,272,UGG,UGA,-11.659779552916577,normal
CBGE,nonsense,NM_001001852.4(PIM3):c.856C>T (p.Gln286Ter),chr22,PIM3,NM_001001852.4,286,CAG,UAG,-13.193472892107827,normal
CBGE,nonsense,NM_001001852.4(PIM3):c.876G>A (p.Trp292Ter),chr22,PIM3,NM_001001852.4,292,UGG,UGA,-14.137052573499387,normal
CBGE,nonsense,NM_001002295.2(GATA3):c.19C>T (p.Gln7Ter),chr10,GATA3,NM_001002295.2,7,CAG,UAG,-11.65601823220696,normal
CBGE,nonsense,NM_001002295.2(GATA3):c.336G>A (p.Trp112Ter),chr10,GATA3,NM_001002295.2,112,UGG,UGA,-11.194099405938085,normal
CBGE,nonsense,NM_001002295.2(GATA3):c.825G>A (p.Trp275Ter),chr10,GATA3,NM_001002295.2,275,UGG,UGA,-15.04146005987158,normal
CBGE,nonsense,NM_001002295.2(GATA3):c.916C>T (p.Arg306Ter),chr10,GATA3,NM_001002295.2,306,CGA,UGA,-11.264213522265052,normal
CBGE,nonsense,NM_001003800.2(BICD2):c.1051C>T (p.Gln351Ter),chr9,BICD2,NM_001003800.2,351,CAG,UAG,-12.795100165231004,normal
CBGE,nonsense,NM_001003800.2(BICD2):c.1060C>T (p.Gln354Ter),chr9,BICD2,NM_001003800.2,354,CAG,UAG,-12.462667509735336,normal
CBGE,nonsense,NM_001003800.2(BICD2):c.1099C>T (p.Gln367Ter),chr9,BICD2,NM_001003800.2,367,CAG,UAG,-12.424963049097588,normal
CBGE,nonsense,NM_001003800.2(BICD2):c.1108C>T (p.Gln370Ter),chr9,BICD2,NM_001003800.2,370,CAG,UAG,-12.016362235808,normal
CBGE,nonsense,NM_001003800.2(BICD2):c.1114C>T (p.Gln372Ter),chr9,BICD2,NM_001003800.2,372,CAG,UAG,-13.17258268749528,normal
CBGE,nonsense,NM_001003800.2(BICD2):c.1201C>T (p.Gln401Ter),chr9,BICD2,NM_001003800.2,401,CAG,UAG,-11.2651138350193,normal
CBGE,nonsense,NM_001003800.2(BICD2):c.1219C>T (p.Gln407Ter),chr9,BICD2,NM_001003800.2,407,CAG,UAG,-12.134590231955812,normal
CBGE,nonsense,NM_001003800.2(BICD2):c.1396C>T (p.Gln466Ter),chr9,BICD2,NM_001003800.2,466,CAG,UAG,-12.438369705492612,normal
CBGE,nonsense,NM_001003800.2(BICD2):c.1435C>T (p.Gln479Ter),chr9,BICD2,NM_001003800.2,479,CAG,UAG,-12.621646886823395,normal
CBGE,nonsense,NM_001003800.2(BICD2):c.166C>T (p.Gln56Ter),chr9,BICD2,NM_001003800.2,56,CAG,UAG,-13.354636168223966,normal
CBGE,nonsense,NM_001003800.2(BICD2):c.1681C>T (p.Gln561Ter),chr9,BICD2,NM_001003800.2,561,CAG,UAG,-10.914630881734878,normal
CBGE,nonsense,NM_001003800.2(BICD2):c.1789C>T (p.Arg597Ter),chr9,BICD2,NM_001003800.2,597,CGA,UGA,-8.22753141796786,normal
CBGE,nonsense,NM_001003800.2(BICD2):c.178C>T (p.Gln60Ter),chr9,BICD2,NM_001003800.2,60,CAG,UAG,-13.480861627615472,normal
CBGE,nonsense,NM_001003800.2(BICD2):c.1975C>T (p.Gln659Ter),chr9,BICD2,NM_001003800.2,659,CAG,UAG,-11.566855385181066,normal
CBGE,nonsense,NM_001003800.2(BICD2):c.2104C>T (p.Gln702Ter),chr9,BICD2,NM_001003800.2,702,CAG,UAG,-12.52809907510404,normal
CBGE,nonsense,NM_001003800.2(BICD2):c.2278C>T (p.Gln760Ter),chr9,BICD2,NM_001003800.2,760,CAG,UAG,-13.738081089292516,normal
CBGE,nonsense,NM_001003800.2(BICD2):c.2293C>T (p.Gln765Ter),chr9,BICD2,NM_001003800.2,765,CAG,UAG,-12.128759283362028,normal
CBGE,nonsense,NM_001003800.2(BICD2):c.229C>T (p.Gln77Ter),chr9,BICD2,NM_001003800.2,77,CAG,UAG,-13.023361208182395,normal
CBGE,nonsense,NM_001003800.2(BICD2):c.2359C>T (p.Gln787Ter),chr9,BICD2,NM_001003800.2,787,CAG,UAG,-11.37927726288796,normal
CBGE,nonsense,NM_001003800.2(BICD2):c.313C>T (p.Gln105Ter),chr9,BICD2,NM_001003800.2,105,CAG,UAG,-12.78049849491256,normal
CBGE,nonsense,NM_001003800.2(BICD2):c.334C>T (p.Gln112Ter),chr9,BICD2,NM_001003800.2,112,CAG,UAG,-12.020859713718767,normal
CBGE,nonsense,NM_001003800.2(BICD2):c.406C>T (p.Gln136Ter),chr9,BICD2,NM_001003800.2,136,CAG,UAG,-12.7003716900298,normal
CBGE,nonsense,NM_001003800.2(BICD2):c.460C>T (p.Gln154Ter),chr9,BICD2,NM_001003800.2,154,CAG,UAG,-12.908711401203984,normal
CBGE,nonsense,NM_001003800.2(BICD2):c.475C>T (p.Gln159Ter),chr9,BICD2,NM_001003800.2,159,CAG,UAG,-12.197074872800268,normal
CBGE,nonsense,NM_001003800.2(BICD2):c.535C>T (p.Gln179Ter),chr9,BICD2,NM_001003800.2,179,CAG,UAG,-13.081409368499026,normal
CBGE,nonsense,NM_001003800.2(BICD2):c.604C>T (p.Gln202Ter),chr9,BICD2,NM_001003800.2,202,CAG,UAG,-12.189038230875305,normal
CBGE,nonsense,NM_001003800.2(BICD2):c.715C>T (p.Gln239Ter),chr9,BICD2,NM_001003800.2,239,CAG,UAG,-12.571549382815572,normal
CBGE,nonsense,NM_001003800.2(BICD2):c.757C>T (p.Gln253Ter),chr9,BICD2,NM_001003800.2,253,CAG,UAG,-11.069994044751722,normal
CBGE,nonsense,NM_001003931.4(PARP3):c.1076G>A (p.Trp359Ter),chr3,PARP3,NM_001003931.4,359,UGG,UAG,-12.9903411990089,normal
CBGE,nonsense,NM_001003931.4(PARP3):c.1087C>T (p.Gln363Ter),chr3,PARP3,NM_001003931.4,363,CAA,UAA,-9.636072692714825,normal
CBGE,nonsense,NM_001003931.4(PARP3):c.1111C>T (p.Gln371Ter),chr3,PARP3,NM_001003931.4,371,CAG,UAG,-11.718082449794816,normal
CBGE,nonsense,NM_001003931.4(PARP3):c.1414C>T (p.Arg472Ter),chr3,PARP3,NM_001003931.4,472,CGA,UGA,-8.846238187803383,normal
CBGE,nonsense,NM_001003931.4(PARP3):c.484C>T (p.Gln162Ter),chr3,PARP3,NM_001003931.4,162,CAG,UAG,-11.21406359471798,normal
CBGE,nonsense,NM_001010.3(RPS6):c.151C>T (p.Arg51Ter),chr9,RPS6,NM_001010.3,51,CGA,UGA,-12.958133761744946,normal
CBGE,nonsense,NM_001010855.4(PIK3R6):c.104G>A (p.Trp35Ter),chr17,PIK3R6,NM_001010855.4,35,UGG,UAG,-12.473382941223589,normal
CBGE,nonsense,NM_001010855.4(PIK3R6):c.105G>A (p.Trp35Ter),chr17,PIK3R6,NM_001010855.4,35,UGG,UGA,-12.530649228475877,normal
CBGE,nonsense,NM_001010855.4(PIK3R6):c.1087C>T (p.Arg363Ter),chr17,PIK3R6,NM_001010855.4,363,CGA,UGA,-9.134407976990198,normal
CBGE,nonsense,NM_001010855.4(PIK3R6):c.1099C>T (p.Gln367Ter),chr17,PIK3R6,NM_001010855.4,367,CAG,UAG,-11.390127149982384,normal
CBGE,nonsense,NM_001010855.4(PIK3R6):c.110G>A (p.Trp37Ter),chr17,PIK3R6,NM_001010855.4,37,UGG,UAG,-12.1365919396352,normal
CBGE,nonsense,NM_001010855.4(PIK3R6):c.111G>A (p.Trp37Ter),chr17,PIK3R6,NM_001010855.4,37,UGG,UGA,-11.90265181955707,normal
CBGE,nonsense,NM_001010855.4(PIK3R6):c.1160G>A (p.Trp387Ter),chr17,PIK3R6,NM_001010855.4,387,UGG,UAG,-11.658216497881789,normal
CBGE,nonsense,NM_001010855.4(PIK3R6):c.1161G>A (p.Trp387Ter),chr17,PIK3R6,NM_001010855.4,387,UGG,UGA,-11.111430125536264,normal
CBGE,nonsense,NM_001010855.4(PIK3R6):c.133C>T (p.Arg45Ter),chr17,PIK3R6,NM_001010855.4,45,CGA,UGA,-8.780281063560018,normal
CBGE,nonsense,NM_001010855.4(PIK3R6):c.1460G>A (p.Trp487Ter),chr17,PIK3R6,NM_001010855.4,487,UGG,UAG,-12.553783494173864,normal
CBGE,nonsense,NM_001010855.4(PIK3R6):c.1461G>A (p.Trp487Ter),chr17,PIK3R6,NM_001010855.4,487,UGG,UGA,-12.475498290074274,normal
CBGE,nonsense,NM_001010855.4(PIK3R6):c.1609C>T (p.Gln537Ter),chr17,PIK3R6,NM_001010855.4,537,CAG,UAG,-10.9970407351446,normal
CBGE,nonsense,NM_001010855.4(PIK3R6):c.1648C>T (p.Gln550Ter),chr17,PIK3R6,NM_001010855.4,550,CAA,UAA,-9.980529761329723,normal
CBGE,nonsense,NM_001010855.4(PIK3R6):c.1783C>T (p.Gln595Ter),chr17,PIK3R6,NM_001010855.4,595,CAG,UAG,-11.411022243353734,normal
CBGE,nonsense,NM_001010855.4(PIK3R6):c.199C>T (p.Gln67Ter),chr17,PIK3R6,NM_001010855.4,67,CAG,UAG,-11.228120818672746,normal
CBGE,nonsense,NM_001010855.4(PIK3R6):c.2029C>T (p.Gln677Ter),chr17,PIK3R6,NM_001010855.4,677,CAG,UAG,-10.723591854045887,normal
CBGE,nonsense,NM_001010855.4(PIK3R6):c.2083C>T (p.Gln695Ter),chr17,PIK3R6,NM_001010855.4,695,CAA,UAA,-9.249414430290582,normal
CBGE,nonsense,NM_001010855.4(PIK3R6):c.31C>T (p.Gln11Ter),chr17,PIK3R6,NM_001010855.4,11,CAG,UAG,-11.15608405236092,normal
CBGE,nonsense,NM_001010855.4(PIK3R6):c.43C>T (p.Gln15Ter),chr17,PIK3R6,NM_001010855.4,15,CAG,UAG,-11.32377334753001,normal
CBGE,nonsense,NM_001010855.4(PIK3R6):c.454C>T (p.Gln152Ter),chr17,PIK3R6,NM_001010855.4,152,CAG,UAG,-10.73659129805344,normal
CBGE,nonsense,NM_001010855.4(PIK3R6):c.592C>T (p.Gln198Ter),chr17,PIK3R6,NM_001010855.4,198,CAG,UAG,-11.815893182605782,normal
CBGE,nonsense,NM_001010855.4(PIK3R6):c.85C>T (p.Gln29Ter),chr17,PIK3R6,NM_001010855.4,29,CAG,UAG,-11.144046820354136,normal
CBGE,nonsense,NM_001010855.4(PIK3R6):c.869G>A (p.Trp290Ter),chr17,PIK3R6,NM_001010855.4,290,UGG,UAG,-11.89123254286547,normal
CBGE,nonsense,NM_001010855.4(PIK3R6):c.870G>A (p.Trp290Ter),chr17,PIK3R6,NM_001010855.4,290,UGG,UGA,-11.785609159487802,normal
CBGE,nonsense,NM_001010855.4(PIK3R6):c.883C>T (p.Gln295Ter),chr17,PIK3R6,NM_001010855.4,295,CAG,UAG,-11.382642728492096,normal
CBGE,nonsense,NM_001010855.4(PIK3R6):c.890G>A (p.Trp297Ter),chr17,PIK3R6,NM_001010855.4,297,UGG,UAG,-12.591463136326572,normal
CBGE,nonsense,NM_001010855.4(PIK3R6):c.891G>A (p.Trp297Ter),chr17,PIK3R6,NM_001010855.4,297,UGG,UGA,-12.43234346466097,normal
CBGE,nonsense,NM_001010855.4(PIK3R6):c.94C>T (p.Gln32Ter),chr17,PIK3R6,NM_001010855.4,32,CAA,UAA,-9.87501336130046,normal
CBGE,nonsense,NM_001010855.4(PIK3R6):c.964C>T (p.Gln322Ter),chr17,PIK3R6,NM_001010855.4,322,CAG,UAG,-11.22478095644468,normal
CBGE,nonsense,NM_001010923.3(THEMIS):c.1438C>T (p.Gln480Ter),chr6,THEMIS,NM_001010923.3,480,CAG,UAG,-10.402107265655449,normal
CBGE,nonsense,NM_001010923.3(THEMIS):c.1798C>T (p.Gln600Ter),chr6,THEMIS,NM_001010923.3,600,CAA,UAA,-10.175464666168866,normal
CBGE,nonsense,NM_001010923.3(THEMIS):c.1834C>T (p.Gln612Ter),chr6,THEMIS,NM_001010923.3,612,CAG,UAG,-10.174927733277508,normal
CBGE,nonsense,NM_001010923.3(THEMIS):c.196C>T (p.Gln66Ter),chr6,THEMIS,NM_001010923.3,66,CAG,UAG,-11.143259113104776,normal
CBGE,nonsense,NM_001010923.3(THEMIS):c.892C>T (p.Gln298Ter),chr6,THEMIS,NM_001010923.3,298,CAA,UAA,-10.989911089626382,normal
CBGE,nonsense,NM_001014987.2(LAT):c.148C>T (p.Gln50Ter),chr16,LAT,NM_001014987.2,50,CAG,UAG,-11.415180276593402,normal
CBGE,nonsense,NM_001014987.2(LAT):c.179G>A (p.Trp60Ter),chr16,LAT,NM_001014987.2,60,UGG,UAG,-11.191540719902266,lof
CBGE,nonsense,NM_001014987.2(LAT):c.180G>A (p.Trp60Ter),chr16,LAT,NM_001014987.2,60,UGG,UGA,-10.787680611504207,lof
CBGE,nonsense,NM_001014987.2(LAT):c.256C>T (p.Gln86Ter),chr16,LAT,NM_001014987.2,86,CAG,UAG,-11.53051950905517,lof
CBGE,nonsense,NM_001014987.2(LAT):c.637C>T (p.Gln213Ter),chr16,LAT,NM_001014987.2,213,CAG,UAG,-11.326999736579742,lof
CBGE,nonsense,NM_001017915.3(INPP5D):c.1051C>T (p.Gln351Ter),chr2,INPP5D,NM_001017915.3,351,CAG,UAG,-10.536893811639995,normal
CBGE,nonsense,NM_001017915.3(INPP5D):c.1274G>A (p.Trp425Ter),chr2,INPP5D,NM_001017915.3,425,UGG,UAG,-15.059314699417827,normal
CBGE,nonsense,NM_001017915.3(INPP5D):c.2062C>T (p.Gln688Ter),chr2,INPP5D,NM_001017915.3,688,CAG,UAG,-11.303535481876205,normal
CBGE,nonsense,NM_001017915.3(INPP5D):c.2674C>T (p.Gln892Ter),chr2,INPP5D,NM_001017915.3,892,CAG,UAG,-11.083103181426758,normal
CBGE,nonsense,NM_001017915.3(INPP5D):c.2809C>T (p.Gln937Ter),chr2,INPP5D,NM_001017915.3,937,CAG,UAG,-11.621452379675556,normal
CBGE,nonsense,NM_001017915.3(INPP5D):c.2812C>T (p.Gln938Ter),chr2,INPP5D,NM_001017915.3,938,CAG,UAG,-11.400140750212875,normal
CBGE,nonsense,NM_001017915.3(INPP5D):c.2825G>A (p.Trp942Ter),chr2,INPP5D,NM_001017915.3,942,UGG,UAG,-12.152434395744097,normal
CBGE,nonsense,NM_001017915.3(INPP5D):c.3196C>T (p.Gln1066Ter),chr2,INPP5D,NM_001017915.3,1066,CAG,UAG,-11.361545611088168,normal
CBGE,nonsense,NM_001033910.3(TRAF5):c.1090C>T (p.Gln364Ter),chr1,TRAF5,NM_001033910.3,364,CAA,UAA,-11.565991363635224,normal
CBGE,nonsense,NM_001033910.3(TRAF5):c.1177C>T (p.Arg393Ter),chr1,TRAF5,NM_001033910.3,393,CGA,UGA,-11.90476612564847,normal
CBGE,nonsense,NM_001033910.3(TRAF5):c.1423C>T (p.Gln475Ter),chr1,TRAF5,NM_001033910.3,475,CAG,UAG,-10.756865528015076,normal
CBGE,nonsense,NM_001033910.3(TRAF5):c.484C>T (p.Gln162Ter),chr1,TRAF5,NM_001033910.3,162,CAG,UAG,-10.074028020020322,normal
CBGE,nonsense,NM_001033910.3(TRAF5):c.49C>T (p.Gln17Ter),chr1,TRAF5,NM_001033910.3,17,CAG,UAG,-11.225848237697557,normal
CBGE,nonsense,NM_001033910.3(TRAF5):c.775C>T (p.Gln259Ter),chr1,TRAF5,NM_001033910.3,259,CAA,UAA,-11.904699392655983,normal
CBGE,nonsense,NM_001033910.3(TRAF5):c.787C>T (p.Gln263Ter),chr1,TRAF5,NM_001033910.3,263,CAG,UAG,-12.549673091267929,normal
CBGE,nonsense,NM_001033910.3(TRAF5):c.880C>T (p.Gln294Ter),chr1,TRAF5,NM_001033910.3,294,CAG,UAG,-12.052079110419776,normal
CBGE,nonsense,NM_001033910.3(TRAF5):c.889C>T (p.Gln297Ter),chr1,TRAF5,NM_001033910.3,297,CAG,UAG,-11.196744963962574,normal
CBGE,nonsense,NM_001033910.3(TRAF5):c.982C>T (p.Gln328Ter),chr1,TRAF5,NM_001033910.3,328,CAA,UAA,-12.226326000322638,normal
CBGE,nonsense,NM_001033930.3(UBA52):c.118C>T (p.Gln40Ter),chr19,UBA52,NM_001033930.3,40,CAG,UAG,-14.696176538712416,normal
CBGE,nonsense,NM_001033930.3(UBA52):c.121C>T (p.Gln41Ter),chr19,UBA52,NM_001033930.3,41,CAG,UAG,-14.278286021580918,normal
CBGE,nonsense,NM_001033930.3(UBA52):c.145C>T (p.Gln49Ter),chr19,UBA52,NM_001033930.3,49,CAG,UAG,-12.56647393450809,normal
CBGE,nonsense,NM_001033930.3(UBA52):c.184C>T (p.Gln62Ter),chr19,UBA52,NM_001033930.3,62,CAG,UAG,-12.684416774161164,normal
CBGE,nonsense,NM_001033930.3(UBA52):c.91C>T (p.Gln31Ter),chr19,UBA52,NM_001033930.3,31,CAA,UAA,-11.934936583657956,normal
CBGE,nonsense,NM_001042492.3(NF1):c.1277G>A (p.Trp426Ter),chr17,NF1,NM_001042492.3,426,UGG,UAG,-12.038748779534057,normal
CBGE,nonsense,NM_001042492.3(NF1):c.2557C>T (p.Gln853Ter),chr17,NF1,NM_001042492.3,853,CAG,UAG,-11.057001098285363,normal
CBGE,nonsense,NM_001042492.3(NF1):c.541C>T (p.Gln181Ter),chr17,NF1,NM_001042492.3,181,CAG,UAG,-10.82048219884564,normal
CBGE,nonsense,NM_001042492.3(NF1):c.5977C>T (p.Gln1993Ter),chr17,NF1,NM_001042492.3,1993,CAA,UAA,-10.1087436471522,lof
CBGE,nonsense,NM_001042492.3(NF1):c.6211C>T (p.Gln2071Ter),chr17,NF1,NM_001042492.3,2071,CAA,UAA,-10.614543891168331,normal
CBGE,nonsense,NM_001042492.3(NF1):c.7106G>A (p.Trp2369Ter),chr17,NF1,NM_001042492.3,2369,UGG,UAG,-12.530390696376426,normal
CBGE,nonsense,NM_001042600.3(MAP4K1):c.1255C>T (p.Gln419Ter),chr19,MAP4K1,NM_001042600.3,419,CAG,UAG,-10.587005542093578,normal
CBGE,nonsense,NM_001042600.3(MAP4K1):c.1377G>A (p.Trp459Ter),chr19,MAP4K1,NM_001042600.3,459,UGG,UGA,-10.670165026198942,normal
CBGE,nonsense,NM_001042600.3(MAP4K1):c.1511G>A (p.Trp504Ter),chr19,MAP4K1,NM_001042600.3,504,UGG,UAG,-12.901851650144762,normal
CBGE,nonsense,NM_001042600.3(MAP4K1):c.1512G>A (p.Trp504Ter),chr19,MAP4K1,NM_001042600.3,504,UGG,UGA,-12.499256149086442,normal
CBGE,nonsense,NM_001042600.3(MAP4K1):c.1631G>A (p.Trp544Ter),chr19,MAP4K1,NM_001042600.3,544,UGG,UAG,-11.48943803613068,normal
CBGE,nonsense,NM_001042600.3(MAP4K1):c.1632G>A (p.Trp544Ter),chr19,MAP4K1,NM_001042600.3,544,UGG,UGA,-11.460767715550638,normal
CBGE,nonsense,NM_001042600.3(MAP4K1):c.1804C>T (p.Gln602Ter),chr19,MAP4K1,NM_001042600.3,602,CAG,UAG,-10.547155357482511,normal
CBGE,nonsense,NM_001042600.3(MAP4K1):c.2290C>T (p.Gln764Ter),chr19,MAP4K1,NM_001042600.3,764,CAG,UAG,-9.192799692588116,normal
CBGE,nonsense,NM_001042600.3(MAP4K1):c.253C>T (p.Gln85Ter),chr19,MAP4K1,NM_001042600.3,85,CAG,UAG,-10.768318142212353,normal
CBGE,nonsense,NM_001042600.3(MAP4K1):c.814C>T (p.Gln272Ter),chr19,MAP4K1,NM_001042600.3,272,CAA,UAA,-10.195142181502304,normal
CBGE,nonsense,NM_001042618.2(PARP2):c.1241G>A (p.Trp414Ter),chr14,PARP2,NM_001042618.2,414,UGG,UAG,-15.410716049961458,normal
CBGE,nonsense,NM_001065.4(TNFRSF1A):c.1112G>A (p.Trp371Ter),chr12,TNFRSF1A,NM_001065.4,371,UGG,UAG,-14.182665844432991,normal
CBGE,nonsense,NM_001065.4(TNFRSF1A):c.1113G>A (p.Trp371Ter),chr12,TNFRSF1A,NM_001065.4,371,UGG,UGA,-14.021861997519238,normal
CBGE,nonsense,NM_001065.4(TNFRSF1A):c.229C>T (p.Gln77Ter),chr12,TNFRSF1A,NM_001065.4,77,CAG,UAG,-10.717040055295747,normal
CBGE,nonsense,NM_001065.4(TNFRSF1A):c.316C>T (p.Arg106Ter),chr12,TNFRSF1A,NM_001065.4,106,CGA,UGA,-10.46752362167706,normal
CBGE,nonsense,NM_001065.4(TNFRSF1A):c.391C>T (p.Gln131Ter),chr12,TNFRSF1A,NM_001065.4,131,CAG,UAG,-11.903205889300416,normal
CBGE,nonsense,NM_001065.4(TNFRSF1A):c.407G>A (p.Trp136Ter),chr12,TNFRSF1A,NM_001065.4,136,UGG,UAG,-12.08881380735877,normal
CBGE,nonsense,NM_001065.4(TNFRSF1A):c.408G>A (p.Trp136Ter),chr12,TNFRSF1A,NM_001065.4,136,UGG,UGA,-12.034465762860236,normal
CBGE,nonsense,NM_001065.4(TNFRSF1A):c.592C>T (p.Gln198Ter),chr12,TNFRSF1A,NM_001065.4,198,CAG,UAG,-11.3144893474808,normal
CBGE,nonsense,NM_001066.3(TNFRSF1B):c.20G>A (p.Trp7Ter),chr1,TNFRSF1B,NM_001066.3,7,UGG,UAG,-12.775738616417566,normal
CBGE,nonsense,NM_001066.3(TNFRSF1B):c.21G>A (p.Trp7Ter),chr1,TNFRSF1B,NM_001066.3,7,UGG,UGA,-12.367493593518589,normal
CBGE,nonsense,NM_001066.3(TNFRSF1B):c.391C>T (p.Gln131Ter),chr1,TNFRSF1B,NM_001066.3,131,CAG,UAG,-11.768129350245454,normal
CBGE,nonsense,NM_001079.4(ZAP70):c.1087C>T (p.Gln363Ter),chr2,ZAP70,NM_001079.4,363,CAG,UAG,-12.715534190435832,lof
CBGE,nonsense,NM_001079.4(ZAP70):c.112C>T (p.Gln38Ter),chr2,ZAP70,NM_001079.4,38,CAG,UAG,-11.38616178583152,lof
CBGE,nonsense,NM_001079.4(ZAP70):c.1162C>T (p.Gln388Ter),chr2,ZAP70,NM_001079.4,388,CAG,UAG,-10.664915986187792,lof
CBGE,nonsense,NM_001079.4(ZAP70):c.1330C>T (p.Gln444Ter),chr2,ZAP70,NM_001079.4,444,CAG,UAG,-12.62112048912251,lof
CBGE,nonsense,NM_001079.4(ZAP70):c.1514G>A (p.Trp505Ter),chr2,ZAP70,NM_001079.4,505,UGG,UAG,-13.224578860331611,lof
CBGE,nonsense,NM_001079.4(ZAP70):c.1515G>A (p.Trp505Ter),chr2,ZAP70,NM_001079.4,505,UGG,UGA,-13.286720265640806,lof
CBGE,nonsense,NM_001079.4(ZAP70):c.1568G>A (p.Trp523Ter),chr2,ZAP70,NM_001079.4,523,UGG,UAG,-13.735146521524747,lof
CBGE,nonsense,NM_001079.4(ZAP70):c.1569G>A (p.Trp523Ter),chr2,ZAP70,NM_001079.4,523,UGG,UGA,-13.452343967536942,lof
CBGE,nonsense,NM_001079.4(ZAP70):c.1609C>T (p.Gln537Ter),chr2,ZAP70,NM_001079.4,537,CAG,UAG,-11.56239309442707,lof
CBGE,nonsense,NM_001079.4(ZAP70):c.1780C>T (p.Arg594Ter),chr2,ZAP70,NM_001079.4,594,CGA,UGA,-10.892512312281152,lof
CBGE,nonsense,NM_001079.4(ZAP70):c.190C>T (p.Gln64Ter),chr2,ZAP70,NM_001079.4,64,CAG,UAG,-11.956619351506996,normal
CBGE,nonsense,NM_001079.4(ZAP70):c.418C>T (p.Gln140Ter),chr2,ZAP70,NM_001079.4,140,CAG,UAG,-11.559392915201222,normal
CBGE,nonsense,NM_001079.4(ZAP70):c.488G>A (p.Trp163Ter),chr2,ZAP70,NM_001079.4,163,UGG,UAG,-14.459545181532697,lof
CBGE,nonsense,NM_001079.4(ZAP70):c.489G>A (p.Trp163Ter),chr2,ZAP70,NM_001079.4,163,UGG,UGA,-14.117680589878487,lof
CBGE,nonsense,NM_001079.4(ZAP70):c.544C>T (p.Gln182Ter),chr2,ZAP70,NM_001079.4,182,CAG,UAG,-12.959874985677008,lof
CBGE,nonsense,NM_001098671.2(RASGRP2):c.1006C>T (p.Gln336Ter),chr11,RASGRP2,NM_001098671.2,336,CAG,UAG,-11.818054198160064,normal
CBGE,nonsense,NM_001098671.2(RASGRP2):c.1135C>T (p.Gln379Ter),chr11,RASGRP2,NM_001098671.2,379,CAG,UAG,-11.722347288967889,normal
CBGE,nonsense,NM_001098671.2(RASGRP2):c.1229G>A (p.Trp410Ter),chr11,RASGRP2,NM_001098671.2,410,UGG,UAG,-11.730358179369746,normal
CBGE,nonsense,NM_001098671.2(RASGRP2):c.1230G>A (p.Trp410Ter),chr11,RASGRP2,NM_001098671.2,410,UGG,UGA,-11.488870674245009,normal
CBGE,nonsense,NM_001098671.2(RASGRP2):c.1258C>T (p.Gln420Ter),chr11,RASGRP2,NM_001098671.2,420,CAG,UAG,-11.072423961560984,normal
CBGE,nonsense,NM_001098671.2(RASGRP2):c.1354C>T (p.Gln452Ter),chr11,RASGRP2,NM_001098671.2,452,CAG,UAG,-11.773848503966391,normal
CBGE,nonsense,NM_001098671.2(RASGRP2):c.1411C>T (p.Gln471Ter),chr11,RASGRP2,NM_001098671.2,471,CAG,UAG,-12.19965177524407,normal
CBGE,nonsense,NM_001098671.2(RASGRP2):c.1588C>T (p.Arg530Ter),chr11,RASGRP2,NM_001098671.2,530,CGA,UGA,-10.148999211795834,normal
CBGE,nonsense,NM_001098671.2(RASGRP2):c.1753C>T (p.Arg585Ter),chr11,RASGRP2,NM_001098671.2,585,CGA,UGA,-9.543285427071009,normal
CBGE,nonsense,NM_001098671.2(RASGRP2):c.1792C>T (p.Gln598Ter),chr11,RASGRP2,NM_001098671.2,598,CAG,UAG,-11.175645835897212,normal
CBGE,nonsense,NM_001098671.2(RASGRP2):c.181C>T (p.Gln61Ter),chr11,RASGRP2,NM_001098671.2,61,CAA,UAA,-10.921775858266589,normal
CBGE,nonsense,NM_001098671.2(RASGRP2):c.184C>T (p.Gln62Ter),chr11,RASGRP2,NM_001098671.2,62,CAA,UAA,-10.744880714286907,normal
CBGE,nonsense,NM_001098671.2(RASGRP2):c.245G>A (p.Trp82Ter),chr11,RASGRP2,NM_001098671.2,82,UGG,UAG,-15.419363026661504,normal
CBGE,nonsense,NM_001098671.2(RASGRP2):c.295C>T (p.Gln99Ter),chr11,RASGRP2,NM_001098671.2,99,CAG,UAG,-12.02479266295351,normal
CBGE,nonsense,NM_001098671.2(RASGRP2):c.386G>A (p.Trp129Ter),chr11,RASGRP2,NM_001098671.2,129,UGG,UAG,-11.753549578954116,normal
CBGE,nonsense,NM_001098671.2(RASGRP2):c.387G>A (p.Trp129Ter),chr11,RASGRP2,NM_001098671.2,129,UGG,UGA,-11.542808638896076,normal
CBGE,nonsense,NM_001098671.2(RASGRP2):c.394C>T (p.Gln132Ter),chr11,RASGRP2,NM_001098671.2,132,CAG,UAG,-10.779542001378845,normal
CBGE,nonsense,NM_001098671.2(RASGRP2):c.403C>T (p.Gln135Ter),chr11,RASGRP2,NM_001098671.2,135,CAG,UAG,-11.006118732999385,normal
CBGE,nonsense,NM_001099857.5(IKBKG):c.1003C>T (p.Gln335Ter),chrX,IKBKG,NM_001099857.5,335,CAG,UAG,-13.608904878345566,normal
CBGE,nonsense,NM_001099857.5(IKBKG):c.154C>T (p.Gln52Ter),chrX,IKBKG,NM_001099857.5,52,CAG,UAG,-12.576442783517123,normal
CBGE,nonsense,NM_001099857.5(IKBKG):c.25C>T (p.Gln9Ter),chrX,IKBKG,NM_001099857.5,9,CAA,UAA,-10.070499386714536,normal
CBGE,nonsense,NM_001099857.5(IKBKG):c.358C>T (p.Gln120Ter),chrX,IKBKG,NM_001099857.5,120,CAG,UAG,-13.470466610361376,normal
CBGE,nonsense,NM_001099857.5(IKBKG):c.397C>T (p.Gln133Ter),chrX,IKBKG,NM_001099857.5,133,CAG,UAG,-13.79018975557142,normal
CBGE,nonsense,NM_001099857.5(IKBKG):c.43C>T (p.Gln15Ter),chrX,IKBKG,NM_001099857.5,15,CAG,UAG,-11.268815007714313,normal
CBGE,nonsense,NM_001099857.5(IKBKG):c.652C>T (p.Gln218Ter),chrX,IKBKG,NM_001099857.5,218,CAG,UAG,-13.115707388496311,normal
CBGE,nonsense,NM_001099857.5(IKBKG):c.868C>T (p.Gln290Ter),chrX,IKBKG,NM_001099857.5,290,CAG,UAG,-13.74354552804398,lof
CBGE,nonsense,NM_001099857.5(IKBKG):c.994C>T (p.Gln332Ter),chrX,IKBKG,NM_001099857.5,332,CAG,UAG,-14.750318562229364,normal
CBGE,nonsense,NM_001104631.2(PDE4D):c.1021C>T (p.Gln341Ter),chr5,PDE4D,NM_001104631.2,341,CAA,UAA,-10.833740255838023,normal
CBGE,nonsense,NM_001104631.2(PDE4D):c.1087C>T (p.Gln363Ter),chr5,PDE4D,NM_001104631.2,363,CAG,UAG,-9.950677846189052,normal
CBGE,nonsense,NM_001104631.2(PDE4D):c.118C>T (p.Gln40Ter),chr5,PDE4D,NM_001104631.2,40,CAG,UAG,-13.324666940339991,normal
CBGE,nonsense,NM_001104631.2(PDE4D):c.1285C>T (p.Gln429Ter),chr5,PDE4D,NM_001104631.2,429,CAG,UAG,-11.321186018669872,normal
CBGE,nonsense,NM_001104631.2(PDE4D):c.1678C>T (p.Gln560Ter),chr5,PDE4D,NM_001104631.2,560,CAA,UAA,-11.103285737021045,normal
CBGE,nonsense,NM_001104631.2(PDE4D):c.1901G>A (p.Trp634Ter),chr5,PDE4D,NM_001104631.2,634,UGG,UAG,-15.629132174438771,normal
CBGE,nonsense,NM_001104631.2(PDE4D):c.2083C>T (p.Gln695Ter),chr5,PDE4D,NM_001104631.2,695,CAG,UAG,-11.439878546228352,normal
CBGE,nonsense,NM_001104631.2(PDE4D):c.2347C>T (p.Gln783Ter),chr5,PDE4D,NM_001104631.2,783,CAG,UAG,-10.479228923577258,normal
CBGE,nonsense,NM_001104631.2(PDE4D):c.442C>T (p.Gln148Ter),chr5,PDE4D,NM_001104631.2,148,CAG,UAG,-11.28412052424182,normal
CBGE,nonsense,NM_001104631.2(PDE4D):c.682C>T (p.Gln228Ter),chr5,PDE4D,NM_001104631.2,228,CAG,UAG,-11.193168707991926,normal
CBGE,nonsense,NM_001104631.2(PDE4D):c.857G>A (p.Trp286Ter),chr5,PDE4D,NM_001104631.2,286,UGG,UAG,-12.349693197764124,normal
CBGE,nonsense,NM_001104631.2(PDE4D):c.858G>A (p.Trp286Ter),chr5,PDE4D,NM_001104631.2,286,UGG,UGA,-12.03873828261061,normal
CBGE,nonsense,NM_001104631.2(PDE4D):c.98G>A (p.Trp33Ter),chr5,PDE4D,NM_001104631.2,33,UGG,UAG,-11.77666567561765,normal
CBGE,nonsense,NM_001104631.2(PDE4D):c.99G>A (p.Trp33Ter),chr5,PDE4D,NM_001104631.2,33,UGG,UGA,-11.757608430332407,normal
CBGE,nonsense,NM_001130173.2(MYB):c.1678C>T (p.Gln560Ter),chr6,MYB,NM_001130173.2,560,CAG,UAG,-10.810812023272156,normal
CBGE,nonsense,NM_001130173.2(MYB):c.1858C>T (p.Gln620Ter),chr6,MYB,NM_001130173.2,620,CAG,UAG,-10.44038776786713,normal
CBGE,nonsense,NM_001130173.2(MYB):c.1873C>T (p.Gln625Ter),chr6,MYB,NM_001130173.2,625,CAG,UAG,-10.59111784739224,normal
CBGE,nonsense,NM_001130173.2(MYB):c.1909C>T (p.Gln637Ter),chr6,MYB,NM_001130173.2,637,CAA,UAA,-10.279981577907106,normal
CBGE,nonsense,NM_001130173.2(MYB):c.2035C>T (p.Gln679Ter),chr6,MYB,NM_001130173.2,679,CAG,UAG,-10.786528618815549,normal
CBGE,nonsense,NM_001130173.2(MYB):c.229C>T (p.Gln77Ter),chr6,MYB,NM_001130173.2,77,CAG,UAG,-10.809104044797664,gof
CBGE,nonsense,NM_001130173.2(MYB):c.235C>T (p.Gln79Ter),chr6,MYB,NM_001130173.2,79,CAG,UAG,-9.472336855968637,gof
CBGE,nonsense,NM_001130173.2(MYB):c.245G>A (p.Trp82Ter),chr6,MYB,NM_001130173.2,82,UGG,UAG,-13.552410173337147,normal
CBGE,nonsense,NM_001130173.2(MYB):c.246G>A (p.Trp82Ter),chr6,MYB,NM_001130173.2,82,UGG,UGA,-13.451502774123409,normal
CBGE,nonsense,NM_001130173.2(MYB):c.322C>T (p.Gln108Ter),chr6,MYB,NM_001130173.2,108,CAG,UAG,-12.22304149665554,normal
CBGE,nonsense,NM_001130173.2(MYB):c.469C>T (p.Gln157Ter),chr6,MYB,NM_001130173.2,157,CAG,UAG,-11.920978519049475,gof
CBGE,nonsense,NM_001134225.2(INPP4A):c.1036C>T (p.Gln346Ter),chr2,INPP4A,NM_001134225.2,346,CAA,UAA,-9.79352278617304,normal
CBGE,nonsense,NM_001134225.2(INPP4A):c.1102C>T (p.Gln368Ter),chr2,INPP4A,NM_001134225.2,368,CAA,UAA,-10.233873355676876,normal
CBGE,nonsense,NM_001134225.2(INPP4A):c.1201C>T (p.Gln401Ter),chr2,INPP4A,NM_001134225.2,401,CAG,UAG,-11.135278673030085,normal
CBGE,nonsense,NM_001134225.2(INPP4A):c.1730G>A (p.Trp577Ter),chr2,INPP4A,NM_001134225.2,577,UGG,UAG,-12.49807735313258,normal
CBGE,nonsense,NM_001134225.2(INPP4A):c.1731G>A (p.Trp577Ter),chr2,INPP4A,NM_001134225.2,577,UGG,UGA,-11.989256832732211,normal
CBGE,nonsense,NM_001134225.2(INPP4A):c.1862G>A (p.Trp621Ter),chr2,INPP4A,NM_001134225.2,621,UGG,UAG,-11.875566444786452,normal
CBGE,nonsense,NM_001134225.2(INPP4A):c.1863G>A (p.Trp621Ter),chr2,INPP4A,NM_001134225.2,621,UGG,UGA,-11.619144478913704,normal
CBGE,nonsense,NM_001134225.2(INPP4A):c.1996C>T (p.Gln666Ter),chr2,INPP4A,NM_001134225.2,666,CAG,UAG,-11.720850023714412,normal
CBGE,nonsense,NM_001134225.2(INPP4A):c.2098C>T (p.Gln700Ter),chr2,INPP4A,NM_001134225.2,700,CAG,UAG,-11.482928294434643,normal
CBGE,nonsense,NM_001134225.2(INPP4A):c.2368C>T (p.Gln790Ter),chr2,INPP4A,NM_001134225.2,790,CAG,UAG,-11.58528133154052,normal
CBGE,nonsense,NM_001134225.2(INPP4A):c.239G>A (p.Trp80Ter),chr2,INPP4A,NM_001134225.2,80,UGG,UAG,-14.23197554121118,normal
CBGE,nonsense,NM_001134225.2(INPP4A):c.2401C>T (p.Gln801Ter),chr2,INPP4A,NM_001134225.2,801,CAG,UAG,-11.51272021411312,normal
CBGE,nonsense,NM_001134225.2(INPP4A):c.240G>A (p.Trp80Ter),chr2,INPP4A,NM_001134225.2,80,UGG,UGA,-14.037093196779985,normal
CBGE,nonsense,NM_001134225.2(INPP4A):c.253C>T (p.Gln85Ter),chr2,INPP4A,NM_001134225.2,85,CAG,UAG,-12.505500728697514,normal
CBGE,nonsense,NM_001134225.2(INPP4A):c.2575C>T (p.Gln859Ter),chr2,INPP4A,NM_001134225.2,859,CAG,UAG,-11.194346378163663,normal
CBGE,nonsense,NM_001134225.2(INPP4A):c.2620C>T (p.Gln874Ter),chr2,INPP4A,NM_001134225.2,874,CAA,UAA,-10.98404310529384,normal
CBGE,nonsense,NM_001134225.2(INPP4A):c.2728C>T (p.Gln910Ter),chr2,INPP4A,NM_001134225.2,910,CAA,UAA,-10.05532336500061,normal
CBGE,nonsense,NM_001134225.2(INPP4A):c.2752C>T (p.Gln918Ter),chr2,INPP4A,NM_001134225.2,918,CAG,UAG,-11.845021253720567,normal
CBGE,nonsense,NM_001134225.2(INPP4A):c.512G>A (p.Trp171Ter),chr2,INPP4A,NM_001134225.2,171,UGG,UAG,-12.396892536038516,normal
CBGE,nonsense,NM_001134225.2(INPP4A):c.513G>A (p.Trp171Ter),chr2,INPP4A,NM_001134225.2,171,UGG,UGA,-11.86861426133968,normal
CBGE,nonsense,NM_001134225.2(INPP4A):c.861G>A (p.Trp287Ter),chr2,INPP4A,NM_001134225.2,287,UGG,UGA,-12.484985338714294,normal
CBGE,nonsense,NM_001134225.2(INPP4A):c.940C>T (p.Gln314Ter),chr2,INPP4A,NM_001134225.2,314,CAG,UAG,-11.133193002840734,normal
CBGE,nonsense,NM_001141980.3(TP53BP1):c.1042C>T (p.Gln348Ter),chr15,TP53BP1,NM_001141980.3,348,CAG,UAG,-11.40313904450796,normal
CBGE,nonsense,NM_001141980.3(TP53BP1):c.1165C>T (p.Gln389Ter),chr15,TP53BP1,NM_001141980.3,389,CAA,UAA,-10.03299518847684,normal
CBGE,nonsense,NM_001141980.3(TP53BP1):c.1231C>T (p.Gln411Ter),chr15,TP53BP1,NM_001141980.3,411,CAG,UAG,-10.73010247064977,lof
CBGE,nonsense,NM_001141980.3(TP53BP1):c.1645C>T (p.Gln549Ter),chr15,TP53BP1,NM_001141980.3,549,CAG,UAG,-10.372397467418406,normal
CBGE,nonsense,NM_001141980.3(TP53BP1):c.2221C>T (p.Gln741Ter),chr15,TP53BP1,NM_001141980.3,741,CAA,UAA,-10.225739518420776,normal
CBGE,nonsense,NM_001141980.3(TP53BP1):c.3361C>T (p.Gln1121Ter),chr15,TP53BP1,NM_001141980.3,1121,CAA,UAA,-10.192653580925183,lof
CBGE,nonsense,NM_001141980.3(TP53BP1):c.3553C>T (p.Gln1185Ter),chr15,TP53BP1,NM_001141980.3,1185,CAG,UAG,-10.285877265548894,lof
CBGE,nonsense,NM_001141980.3(TP53BP1):c.3673C>T (p.Gln1225Ter),chr15,TP53BP1,NM_001141980.3,1225,CAG,UAG,-10.269062076852304,normal
CBGE,nonsense,NM_001141980.3(TP53BP1):c.3886C>T (p.Gln1296Ter),chr15,TP53BP1,NM_001141980.3,1296,CAG,UAG,-10.429878258489408,normal
CBGE,nonsense,NM_001141980.3(TP53BP1):c.4499G>A (p.Trp1500Ter),chr15,TP53BP1,NM_001141980.3,1500,UGG,UAG,-13.676222885712656,lof
CBGE,nonsense,NM_001141980.3(TP53BP1):c.514C>T (p.Gln172Ter),chr15,TP53BP1,NM_001141980.3,172,CAG,UAG,-10.690240815498704,normal
CBGE,nonsense,NM_001141980.3(TP53BP1):c.5350C>T (p.Gln1784Ter),chr15,TP53BP1,NM_001141980.3,1784,CAG,UAG,-11.099847793467523,lof
CBGE,nonsense,NM_001141980.3(TP53BP1):c.5437C>T (p.Gln1813Ter),chr15,TP53BP1,NM_001141980.3,1813,CAG,UAG,-10.717084825418166,lof
CBGE,nonsense,NM_001141980.3(TP53BP1):c.5504G>A (p.Trp1835Ter),chr15,TP53BP1,NM_001141980.3,1835,UGG,UAG,-14.648508056292965,lof
CBGE,nonsense,NM_001141980.3(TP53BP1):c.5659C>T (p.Gln1887Ter),chr15,TP53BP1,NM_001141980.3,1887,CAG,UAG,-11.911992987790883,normal
CBGE,nonsense,NM_001141980.3(TP53BP1):c.5860C>T (p.Gln1954Ter),chr15,TP53BP1,NM_001141980.3,1954,CAG,UAG,-11.624050068296128,lof
CBGE,nonsense,NM_001141980.3(TP53BP1):c.769C>T (p.Gln257Ter),chr15,TP53BP1,NM_001141980.3,257,CAA,UAA,-10.542316539818415,normal
CBGE,nonsense,NM_001141980.3(TP53BP1):c.91C>T (p.Gln31Ter),chr15,TP53BP1,NM_001141980.3,31,CAG,UAG,-11.207741825812704,normal
CBGE,nonsense,NM_001142633.3(PIK3R5):c.1255C>T (p.Gln419Ter),chr17,PIK3R5,NM_001142633.3,419,CAG,UAG,-10.53101727306486,normal
CBGE,nonsense,NM_001142633.3(PIK3R5):c.1441C>T (p.Gln481Ter),chr17,PIK3R5,NM_001142633.3,481,CAG,UAG,-11.116495114768451,normal
CBGE,nonsense,NM_001142633.3(PIK3R5):c.1459C>T (p.Gln487Ter),chr17,PIK3R5,NM_001142633.3,487,CAG,UAG,-11.481975500440594,normal
CBGE,nonsense,NM_001142633.3(PIK3R5):c.1850G>A (p.Trp617Ter),chr17,PIK3R5,NM_001142633.3,617,UGG,UAG,-12.90788452272974,normal
CBGE,nonsense,NM_001142633.3(PIK3R5):c.1851G>A (p.Trp617Ter),chr17,PIK3R5,NM_001142633.3,617,UGG,UGA,-12.835492097097418,normal
CBGE,nonsense,NM_001142633.3(PIK3R5):c.1903C>T (p.Gln635Ter),chr17,PIK3R5,NM_001142633.3,635,CAG,UAG,-10.69896891540191,normal
CBGE,nonsense,NM_001142633.3(PIK3R5):c.1906C>T (p.Gln636Ter),chr17,PIK3R5,NM_001142633.3,636,CAG,UAG,-10.969886777263032,normal
CBGE,nonsense,NM_001142633.3(PIK3R5):c.190C>T (p.Gln64Ter),chr17,PIK3R5,NM_001142633.3,64,CAG,UAG,-11.335407236937105,normal
CBGE,nonsense,NM_001142633.3(PIK3R5):c.1927C>T (p.Gln643Ter),chr17,PIK3R5,NM_001142633.3,643,CAG,UAG,-11.114315995688113,normal
CBGE,nonsense,NM_001142633.3(PIK3R5):c.199C>T (p.Arg67Ter),chr17,PIK3R5,NM_001142633.3,67,CGA,UGA,-9.152465816248869,normal
CBGE,nonsense,NM_001142633.3(PIK3R5):c.2026C>T (p.Gln676Ter),chr17,PIK3R5,NM_001142633.3,676,CAG,UAG,-11.043172908846426,normal
CBGE,nonsense,NM_001142633.3(PIK3R5):c.2188C>T (p.Gln730Ter),chr17,PIK3R5,NM_001142633.3,730,CAG,UAG,-12.018835040851773,normal
CBGE,nonsense,NM_001142633.3(PIK3R5):c.2221C>T (p.Arg741Ter),chr17,PIK3R5,NM_001142633.3,741,CGA,UGA,-9.296241754540528,normal
CBGE,nonsense,NM_001142633.3(PIK3R5):c.2231G>A (p.Trp744Ter),chr17,PIK3R5,NM_001142633.3,744,UGG,UAG,-12.551271499648031,normal
CBGE,nonsense,NM_001142633.3(PIK3R5):c.2232G>A (p.Trp744Ter),chr17,PIK3R5,NM_001142633.3,744,UGG,UGA,-12.231569236010634,normal
CBGE,nonsense,NM_001142633.3(PIK3R5):c.2395C>T (p.Gln799Ter),chr17,PIK3R5,NM_001142633.3,799,CAG,UAG,-11.06519515497806,normal
CBGE,nonsense,NM_001142633.3(PIK3R5):c.2416C>T (p.Gln806Ter),chr17,PIK3R5,NM_001142633.3,806,CAG,UAG,-11.027663317524304,normal
CBGE,nonsense,NM_001142633.3(PIK3R5):c.2482C>T (p.Gln828Ter),chr17,PIK3R5,NM_001142633.3,828,CAG,UAG,-11.76938825808008,normal
CBGE,nonsense,NM_001142633.3(PIK3R5):c.40C>T (p.Gln14Ter),chr17,PIK3R5,NM_001142633.3,14,CAG,UAG,-11.71503255085618,normal
CBGE,nonsense,NM_001142633.3(PIK3R5):c.445C>T (p.Gln149Ter),chr17,PIK3R5,NM_001142633.3,149,CAG,UAG,-11.176012001763755,normal
CBGE,nonsense,NM_001142633.3(PIK3R5):c.604C>T (p.Gln202Ter),chr17,PIK3R5,NM_001142633.3,202,CAG,UAG,-11.493406219417936,normal
CBGE,nonsense,NM_001142633.3(PIK3R5):c.655C>T (p.Gln219Ter),chr17,PIK3R5,NM_001142633.3,219,CAG,UAG,-11.230793059370072,normal
CBGE,nonsense,NM_001142633.3(PIK3R5):c.756G>A (p.Trp252Ter),chr17,PIK3R5,NM_001142633.3,252,UGG,UGA,-12.32676409629226,normal
CBGE,nonsense,NM_001142633.3(PIK3R5):c.772C>T (p.Gln258Ter),chr17,PIK3R5,NM_001142633.3,258,CAG,UAG,-11.660472897523691,normal
CBGE,nonsense,NM_001142633.3(PIK3R5):c.937C>T (p.Gln313Ter),chr17,PIK3R5,NM_001142633.3,313,CAG,UAG,-10.494241718045048,normal
CBGE,nonsense,NM_001143820.2(ETS1):c.1138C>T (p.Gln380Ter),chr11,ETS1,NM_001143820.2,380,CAG,UAG,-10.731590284136194,normal
CBGE,nonsense,NM_001143820.2(ETS1):c.1147C>T (p.Gln383Ter),chr11,ETS1,NM_001143820.2,383,CAG,UAG,-12.91150094896788,normal
CBGE,nonsense,NM_001143820.2(ETS1):c.1183C>T (p.Gln395Ter),chr11,ETS1,NM_001143820.2,395,CAG,UAG,-11.158243206059984,normal
CBGE,nonsense,NM_001143820.2(ETS1):c.553C>T (p.Gln185Ter),chr11,ETS1,NM_001143820.2,185,CAA,UAA,-10.227298709851215,normal
CBGE,nonsense,NM_001143820.2(ETS1):c.936G>A (p.Trp312Ter),chr11,ETS1,NM_001143820.2,312,UGG,UGA,-11.794446880220493,normal
CBGE,nonsense,NM_001144382.2(PLCL2):c.1183C>T (p.Gln395Ter),chr3,PLCL2,NM_001144382.2,395,CAG,UAG,-11.092792483424686,normal
CBGE,nonsense,NM_001144382.2(PLCL2):c.1345C>T (p.Gln449Ter),chr3,PLCL2,NM_001144382.2,449,CAG,UAG,-12.33416363014077,normal
CBGE,nonsense,NM_001144382.2(PLCL2):c.1351C>T (p.Arg451Ter),chr3,PLCL2,NM_001144382.2,451,CGA,UGA,-10.068946894403611,normal
CBGE,nonsense,NM_001144382.2(PLCL2):c.1597C>T (p.Gln533Ter),chr3,PLCL2,NM_001144382.2,533,CAG,UAG,-11.308662417909158,normal
CBGE,nonsense,NM_001144382.2(PLCL2):c.1780C>T (p.Gln594Ter),chr3,PLCL2,NM_001144382.2,594,CAG,UAG,-10.510822342439171,normal
CBGE,nonsense,NM_001144382.2(PLCL2):c.1885C>T (p.Gln629Ter),chr3,PLCL2,NM_001144382.2,629,CAG,UAG,-11.329753844221162,normal
CBGE,nonsense,NM_001144382.2(PLCL2):c.1900C>T (p.Gln634Ter),chr3,PLCL2,NM_001144382.2,634,CAG,UAG,-11.255844175523317,normal
CBGE,nonsense,NM_001144382.2(PLCL2):c.1912C>T (p.Gln638Ter),chr3,PLCL2,NM_001144382.2,638,CAG,UAG,-11.826927166281106,normal
CBGE,nonsense,NM_001144382.2(PLCL2):c.1918C>T (p.Gln640Ter),chr3,PLCL2,NM_001144382.2,640,CAG,UAG,-11.250267082420692,normal
CBGE,nonsense,NM_001144382.2(PLCL2):c.2068C>T (p.Gln690Ter),chr3,PLCL2,NM_001144382.2,690,CAA,UAA,-13.148374549678538,normal
CBGE,nonsense,NM_001144382.2(PLCL2):c.2078G>A (p.Trp693Ter),chr3,PLCL2,NM_001144382.2,693,UGG,UAG,-14.731059110976286,normal
CBGE,nonsense,NM_001144382.2(PLCL2):c.2079G>A (p.Trp693Ter),chr3,PLCL2,NM_001144382.2,693,UGG,UGA,-14.836514529830728,normal
CBGE,nonsense,NM_001144382.2(PLCL2):c.2150G>A (p.Trp717Ter),chr3,PLCL2,NM_001144382.2,717,UGG,UAG,-12.54467966723977,normal
CBGE,nonsense,NM_001144382.2(PLCL2):c.2151G>A (p.Trp717Ter),chr3,PLCL2,NM_001144382.2,717,UGG,UGA,-12.246410371586403,normal
CBGE,nonsense,NM_001144382.2(PLCL2):c.2158C>T (p.Gln720Ter),chr3,PLCL2,NM_001144382.2,720,CAG,UAG,-11.223358137112246,normal
CBGE,nonsense,NM_001144382.2(PLCL2):c.2290C>T (p.Gln764Ter),chr3,PLCL2,NM_001144382.2,764,CAG,UAG,-11.016387844169772,normal
CBGE,nonsense,NM_001144382.2(PLCL2):c.2452C>T (p.Gln818Ter),chr3,PLCL2,NM_001144382.2,818,CAA,UAA,-9.205385182055572,normal
CBGE,nonsense,NM_001144382.2(PLCL2):c.2584C>T (p.Gln862Ter),chr3,PLCL2,NM_001144382.2,862,CAG,UAG,-11.149779292990235,normal
CBGE,nonsense,NM_001144382.2(PLCL2):c.2647C>T (p.Arg883Ter),chr3,PLCL2,NM_001144382.2,883,CGA,UGA,-10.60238831386112,normal
CBGE,nonsense,NM_001144382.2(PLCL2):c.2770C>T (p.Gln924Ter),chr3,PLCL2,NM_001144382.2,924,CAG,UAG,-11.07862662644537,normal
CBGE,nonsense,NM_001144382.2(PLCL2):c.2872C>T (p.Gln958Ter),chr3,PLCL2,NM_001144382.2,958,CAG,UAG,-11.895575531886635,normal
CBGE,nonsense,NM_001144382.2(PLCL2):c.2947C>T (p.Gln983Ter),chr3,PLCL2,NM_001144382.2,983,CAG,UAG,-11.317610742786632,normal
CBGE,nonsense,NM_001144382.2(PLCL2):c.2968C>T (p.Gln990Ter),chr3,PLCL2,NM_001144382.2,990,CAG,UAG,-11.756308524342051,normal
CBGE,nonsense,NM_001144382.2(PLCL2):c.3025C>T (p.Gln1009Ter),chr3,PLCL2,NM_001144382.2,1009,CAG,UAG,-11.88877488465878,normal
CBGE,nonsense,NM_001144382.2(PLCL2):c.3160C>T (p.Gln1054Ter),chr3,PLCL2,NM_001144382.2,1054,CAA,UAA,-10.977658276390317,normal
CBGE,nonsense,NM_001144382.2(PLCL2):c.3322C>T (p.Gln1108Ter),chr3,PLCL2,NM_001144382.2,1108,CAG,UAG,-10.737726175989396,normal
CBGE,nonsense,NM_001144382.2(PLCL2):c.340C>T (p.Gln114Ter),chr3,PLCL2,NM_001144382.2,114,CAG,UAG,-10.61375250429114,normal
CBGE,nonsense,NM_001144382.2(PLCL2):c.790C>T (p.Gln264Ter),chr3,PLCL2,NM_001144382.2,264,CAA,UAA,-9.397608695304555,normal
CBGE,nonsense,NM_001145306.2(CDK6):c.307C>T (p.Gln103Ter),chr7,CDK6,NM_001145306.2,103,CAA,UAA,-9.930354094235945,normal
CBGE,nonsense,NM_001145306.2(CDK6):c.382C>T (p.Gln128Ter),chr7,CDK6,NM_001145306.2,128,CAG,UAG,-12.84581180652214,normal
CBGE,nonsense,NM_001145306.2(CDK6):c.445C>T (p.Gln149Ter),chr7,CDK6,NM_001145306.2,149,CAG,UAG,-9.121498083844395,normal
CBGE,nonsense,NM_001145306.2(CDK6):c.472C>T (p.Gln158Ter),chr7,CDK6,NM_001145306.2,158,CAA,UAA,-11.345700288851573,normal
CBGE,nonsense,NM_001145306.2(CDK6):c.551G>A (p.Trp184Ter),chr7,CDK6,NM_001145306.2,184,UGG,UAG,-14.44111352943396,normal
CBGE,nonsense,NM_001145306.2(CDK6):c.952C>T (p.Gln318Ter),chr7,CDK6,NM_001145306.2,318,CAG,UAG,-11.673458080281884,normal
CBGE,nonsense,NM_001184.4(ATR):c.1234C>T (p.Gln412Ter),chr3,ATR,NM_001184.4,412,CAA,UAA,-10.464482308247248,normal
CBGE,nonsense,NM_001184.4(ATR):c.1372C>T (p.Gln458Ter),chr3,ATR,NM_001184.4,458,CAA,UAA,-10.372641649972794,normal
CBGE,nonsense,NM_001184.4(ATR):c.1388G>A (p.Trp463Ter),chr3,ATR,NM_001184.4,463,UGG,UAG,-12.285626389170762,normal
CBGE,nonsense,NM_001184.4(ATR):c.1601G>A (p.Trp534Ter),chr3,ATR,NM_001184.4,534,UGG,UAG,-11.787301011071474,normal
CBGE,nonsense,NM_001184.4(ATR):c.2878C>T (p.Arg960Ter),chr3,ATR,NM_001184.4,960,CGA,UGA,-8.75413509643045,normal
CBGE,nonsense,NM_001184.4(ATR):c.3262C>T (p.Gln1088Ter),chr3,ATR,NM_001184.4,1088,CAA,UAA,-10.711922657312602,normal
CBGE,nonsense,NM_001184.4(ATR):c.3370C>T (p.Gln1124Ter),chr3,ATR,NM_001184.4,1124,CAA,UAA,-10.830009389515084,normal
CBGE,nonsense,NM_001184.4(ATR):c.3805C>T (p.Gln1269Ter),chr3,ATR,NM_001184.4,1269,CAG,UAG,-10.336544081997529,normal
CBGE,nonsense,NM_001184.4(ATR):c.3856C>T (p.Gln1286Ter),chr3,ATR,NM_001184.4,1286,CAG,UAG,-11.3870525271867,normal
CBGE,nonsense,NM_001184.4(ATR):c.4045C>T (p.Gln1349Ter),chr3,ATR,NM_001184.4,1349,CAA,UAA,-10.795393037337718,normal
CBGE,nonsense,NM_001184.4(ATR):c.4396C>T (p.Gln1466Ter),chr3,ATR,NM_001184.4,1466,CAG,UAG,-10.211479185031108,normal
CBGE,nonsense,NM_001184.4(ATR):c.451C>T (p.Gln151Ter),chr3,ATR,NM_001184.4,151,CAA,UAA,-11.039684346303073,normal
CBGE,nonsense,NM_001184.4(ATR):c.4624C>T (p.Gln1542Ter),chr3,ATR,NM_001184.4,1542,CAA,UAA,-9.883241687062744,normal
CBGE,nonsense,NM_001184.4(ATR):c.4772G>A (p.Trp1591Ter),chr3,ATR,NM_001184.4,1591,UGG,UAG,-12.244728063604512,normal
CBGE,nonsense,NM_001184.4(ATR):c.5179C>T (p.Gln1727Ter),chr3,ATR,NM_001184.4,1727,CAG,UAG,-12.37613964312053,lof
CBGE,nonsense,NM_001184.4(ATR):c.5347C>T (p.Gln1783Ter),chr3,ATR,NM_001184.4,1783,CAG,UAG,-12.442757634857994,normal
CBGE,nonsense,NM_001184.4(ATR):c.541C>T (p.Gln181Ter),chr3,ATR,NM_001184.4,181,CAA,UAA,-10.734685947839292,normal
CBGE,nonsense,NM_001184.4(ATR):c.5629C>T (p.Gln1877Ter),chr3,ATR,NM_001184.4,1877,CAA,UAA,-9.711437200415368,normal
CBGE,nonsense,NM_001184.4(ATR):c.6001C>T (p.Arg2001Ter),chr3,ATR,NM_001184.4,2001,CGA,UGA,-11.001009849564651,normal
CBGE,nonsense,NM_001184.4(ATR):c.6104G>A (p.Trp2035Ter),chr3,ATR,NM_001184.4,2035,UGG,UAG,-11.92476845557367,lof
CBGE,nonsense,NM_001184.4(ATR):c.6181C>T (p.Gln2061Ter),chr3,ATR,NM_001184.4,2061,CAA,UAA,-10.263187431937853,normal
CBGE,nonsense,NM_001184.4(ATR):c.6265C>T (p.Arg2089Ter),chr3,ATR,NM_001184.4,2089,CGA,UGA,-9.893462164963308,normal
CBGE,nonsense,NM_001184.4(ATR):c.6340C>T (p.Gln2114Ter),chr3,ATR,NM_001184.4,2114,CAA,UAA,-10.753041253890908,normal
CBGE,nonsense,NM_001184.4(ATR):c.6530G>A (p.Trp2177Ter),chr3,ATR,NM_001184.4,2177,UGG,UAG,-12.368927042928092,lof
CBGE,nonsense,NM_001184.4(ATR):c.673C>T (p.Gln225Ter),chr3,ATR,NM_001184.4,225,CAA,UAA,-10.74242790927551,normal
CBGE,nonsense,NM_001184.4(ATR):c.7273C>T (p.Arg2425Ter),chr3,ATR,NM_001184.4,2425,CGA,UGA,-9.606807723289158,normal
CBGE,nonsense,NM_001184.4(ATR):c.7316G>A (p.Trp2439Ter),chr3,ATR,NM_001184.4,2439,UGG,UAG,-13.137479719529658,normal
CBGE,nonsense,NM_001184.4(ATR):c.7636C>T (p.Gln2546Ter),chr3,ATR,NM_001184.4,2546,CAG,UAG,-11.130425535287475,normal
CBGE,nonsense,NM_001184.4(ATR):c.7639C>T (p.Arg2547Ter),chr3,ATR,NM_001184.4,2547,CGA,UGA,-9.76043127400537,normal
CBGE,nonsense,NM_001186.4(BACH1):c.1069C>T (p.Gln357Ter),chr21,BACH1,NM_001186.4,357,CAA,UAA,-9.650171319268058,normal
CBGE,nonsense,NM_001186.4(BACH1):c.1205G>A (p.Trp402Ter),chr21,BACH1,NM_001186.4,402,UGG,UAG,-12.290174504552295,normal
CBGE,nonsense,NM_001186.4(BACH1):c.1206G>A (p.Trp402Ter),chr21,BACH1,NM_001186.4,402,UGG,UGA,-11.841058763370471,normal
CBGE,nonsense,NM_001186.4(BACH1):c.1243C>T (p.Gln415Ter),chr21,BACH1,NM_001186.4,415,CAG,UAG,-10.647416109741757,normal
CBGE,nonsense,NM_001186.4(BACH1):c.1279C>T (p.Gln427Ter),chr21,BACH1,NM_001186.4,427,CAG,UAG,-10.63337135642428,normal
CBGE,nonsense,NM_001186.4(BACH1):c.127C>T (p.Gln43Ter),chr21,BACH1,NM_001186.4,43,CAG,UAG,-13.617001510873164,normal
CBGE,nonsense,NM_001186.4(BACH1):c.1558C>T (p.Gln520Ter),chr21,BACH1,NM_001186.4,520,CAA,UAA,-10.610376362190426,normal
CBGE,nonsense,NM_001186.4(BACH1):c.1777C>T (p.Gln593Ter),chr21,BACH1,NM_001186.4,593,CAA,UAA,-11.370125736135169,normal
CBGE,nonsense,NM_001186.4(BACH1):c.1843C>T (p.Gln615Ter),chr21,BACH1,NM_001186.4,615,CAG,UAG,-12.449947427327386,normal
CBGE,nonsense,NM_001186.4(BACH1):c.2140C>T (p.Gln714Ter),chr21,BACH1,NM_001186.4,714,CAG,UAG,-11.175993079141913,normal
CBGE,nonsense,NM_001186.4(BACH1):c.547C>T (p.Gln183Ter),chr21,BACH1,NM_001186.4,183,CAG,UAG,-10.25018310410893,normal
CBGE,nonsense,NM_001186.4(BACH1):c.691C>T (p.Gln231Ter),chr21,BACH1,NM_001186.4,231,CAA,UAA,-10.004550901891742,normal
CBGE,nonsense,NM_001186.4(BACH1):c.760C>T (p.Gln254Ter),chr21,BACH1,NM_001186.4,254,CAG,UAG,-10.16210362321745,normal
CBGE,nonsense,NM_001188.4(BAK1):c.130C>T (p.Gln44Ter),chr6,BAK1,NM_001188.4,44,CAG,UAG,-12.67741298211432,normal
CBGE,nonsense,NM_001188.4(BAK1):c.133C>T (p.Gln45Ter),chr6,BAK1,NM_001188.4,45,CAG,UAG,-12.49724386620403,normal
CBGE,nonsense,NM_001188.4(BAK1):c.139C>T (p.Gln47Ter),chr6,BAK1,NM_001188.4,47,CAG,UAG,-11.810016616261237,normal
CBGE,nonsense,NM_001188.4(BAK1):c.13C>T (p.Gln5Ter),chr6,BAK1,NM_001188.4,5,CAA,UAA,-10.406768823319164,normal
CBGE,nonsense,NM_001188.4(BAK1):c.196C>T (p.Gln66Ter),chr6,BAK1,NM_001188.4,66,CAA,UAA,-10.707290618292388,normal
CBGE,nonsense,NM_001188.4(BAK1):c.217C>T (p.Gln73Ter),chr6,BAK1,NM_001188.4,73,CAG,UAG,-11.87829109214527,normal
CBGE,nonsense,NM_001188.4(BAK1):c.229C>T (p.Gln77Ter),chr6,BAK1,NM_001188.4,77,CAG,UAG,-12.595499007606929,normal
CBGE,nonsense,NM_001188.4(BAK1):c.292C>T (p.Gln98Ter),chr6,BAK1,NM_001188.4,98,CAG,UAG,-12.44728468084733,normal
CBGE,nonsense,NM_001188.4(BAK1):c.34C>T (p.Gln12Ter),chr6,BAK1,NM_001188.4,12,CAG,UAG,-10.855440138031556,normal
CBGE,nonsense,NM_001188.4(BAK1):c.457C>T (p.Gln153Ter),chr6,BAK1,NM_001188.4,153,CAG,UAG,-10.557387369839956,normal
CBGE,nonsense,NM_001188.4(BAK1):c.517C>T (p.Gln173Ter),chr6,BAK1,NM_001188.4,173,CAG,UAG,-11.156814546316214,normal
CBGE,nonsense,NM_001188.4(BAK1):c.76C>T (p.Gln26Ter),chr6,BAK1,NM_001188.4,26,CAG,UAG,-12.054512061161258,normal
CBGE,nonsense,NM_001188.4(BAK1):c.85C>T (p.Gln29Ter),chr6,BAK1,NM_001188.4,29,CAG,UAG,-11.896947880480685,normal
CBGE,nonsense,NM_001198.4(PRDM1):c.1438C>T (p.Gln480Ter),chr6,PRDM1,NM_001198.4,480,CAG,UAG,-11.366780264291654,normal
CBGE,nonsense,NM_001198.4(PRDM1):c.1900C>T (p.Gln634Ter),chr6,PRDM1,NM_001198.4,634,CAG,UAG,-11.790761902085904,normal
CBGE,nonsense,NM_001198.4(PRDM1):c.79C>T (p.Gln27Ter),chr6,PRDM1,NM_001198.4,27,CAG,UAG,-9.871189198197545,normal
CBGE,nonsense,NM_001199267.2(DGKZ):c.1162C>T (p.Arg388Ter),chr11,DGKZ,NM_001199267.2,388,CGA,UGA,-11.39249135723263,normal
CBGE,nonsense,NM_001199267.2(DGKZ):c.1176G>A (p.Trp392Ter),chr11,DGKZ,NM_001199267.2,392,UGG,UGA,-14.464225775330595,normal
CBGE,nonsense,NM_001199267.2(DGKZ):c.1300C>T (p.Arg434Ter),chr11,DGKZ,NM_001199267.2,434,CGA,UGA,-9.26244451610816,normal
CBGE,nonsense,NM_001199267.2(DGKZ):c.1620G>A (p.Trp540Ter),chr11,DGKZ,NM_001199267.2,540,UGG,UGA,-11.76887311482267,gof
CBGE,nonsense,NM_001199267.2(DGKZ):c.2083C>T (p.Gln695Ter),chr11,DGKZ,NM_001199267.2,695,CAG,UAG,-11.768818935733258,normal
CBGE,nonsense,NM_001199267.2(DGKZ):c.2086C>T (p.Gln696Ter),chr11,DGKZ,NM_001199267.2,696,CAG,UAG,-11.81479453491552,normal
CBGE,nonsense,NM_001199267.2(DGKZ):c.2665C>T (p.Gln889Ter),chr11,DGKZ,NM_001199267.2,889,CAG,UAG,-11.9468517705149,normal
CBGE,nonsense,NM_001199267.2(DGKZ):c.2749C>T (p.Gln917Ter),chr11,DGKZ,NM_001199267.2,917,CAG,UAG,-11.874151228414505,normal
CBGE,nonsense,NM_001199267.2(DGKZ):c.343C>T (p.Gln115Ter),chr11,DGKZ,NM_001199267.2,115,CAG,UAG,-11.717455871035115,normal
CBGE,nonsense,NM_001199267.2(DGKZ):c.626G>A (p.Trp209Ter),chr11,DGKZ,NM_001199267.2,209,UGG,UAG,-11.72646129734683,gof
CBGE,nonsense,NM_001199267.2(DGKZ):c.627G>A (p.Trp209Ter),chr11,DGKZ,NM_001199267.2,209,UGG,UGA,-11.68990137894348,gof
CBGE,nonsense,NM_001199267.2(DGKZ):c.634C>T (p.Gln212Ter),chr11,DGKZ,NM_001199267.2,212,CAG,UAG,-12.53517916046526,normal
CBGE,nonsense,NM_001199267.2(DGKZ):c.731G>A (p.Trp244Ter),chr11,DGKZ,NM_001199267.2,244,UGG,UAG,-11.75672144873026,gof
CBGE,nonsense,NM_001199267.2(DGKZ):c.732G>A (p.Trp244Ter),chr11,DGKZ,NM_001199267.2,244,UGG,UGA,-11.52977181286576,gof
CBGE,nonsense,NM_001199267.2(DGKZ):c.953G>A (p.Trp318Ter),chr11,DGKZ,NM_001199267.2,318,UGG,UAG,-11.026769658418113,gof
CBGE,nonsense,NM_001199267.2(DGKZ):c.954G>A (p.Trp318Ter),chr11,DGKZ,NM_001199267.2,318,UGG,UGA,-10.814129761570571,gof
CBGE,nonsense,NM_001242.5(CD27):c.121C>T (p.Gln41Ter),chr12,CD27,NM_001242.5,41,CAG,UAG,-12.180135803745769,normal
CBGE,nonsense,NM_001242.5(CD27):c.163C>T (p.Gln55Ter),chr12,CD27,NM_001242.5,55,CAG,UAG,-11.149412107102767,normal
CBGE,nonsense,NM_001242.5(CD27):c.181C>T (p.Gln61Ter),chr12,CD27,NM_001242.5,61,CAG,UAG,-11.58177183528378,normal
CBGE,nonsense,NM_001242.5(CD27):c.329G>A (p.Trp110Ter),chr12,CD27,NM_001242.5,110,UGG,UAG,-12.600599276971868,normal
CBGE,nonsense,NM_001242.5(CD27):c.330G>A (p.Trp110Ter),chr12,CD27,NM_001242.5,110,UGG,UGA,-11.870960304290326,normal
CBGE,nonsense,NM_001242.5(CD27):c.481C>T (p.Gln161Ter),chr12,CD27,NM_001242.5,161,CAG,UAG,-11.184305245183369,normal
CBGE,nonsense,NM_001242.5(CD27):c.502C>T (p.Gln168Ter),chr12,CD27,NM_001242.5,168,CAG,UAG,-11.140958776509212,normal
CBGE,nonsense,NM_001242.5(CD27):c.533G>A (p.Trp178Ter),chr12,CD27,NM_001242.5,178,UGG,UAG,-11.506312397218418,normal
CBGE,nonsense,NM_001242.5(CD27):c.534G>A (p.Trp178Ter),chr12,CD27,NM_001242.5,178,UGG,UGA,-10.857925378288169,normal
CBGE,nonsense,NM_001242.5(CD27):c.98G>A (p.Trp33Ter),chr12,CD27,NM_001242.5,33,UGG,UAG,-12.494756733082934,normal
CBGE,nonsense,NM_001242.5(CD27):c.99G>A (p.Trp33Ter),chr12,CD27,NM_001242.5,33,UGG,UGA,-11.631750062269798,normal
CBGE,nonsense,NM_001243.5(TNFRSF8):c.1054C>T (p.Gln352Ter),chr1,TNFRSF8,NM_001243.5,352,CAG,UAG,-10.74221797803375,normal
CBGE,nonsense,NM_001243.5(TNFRSF8):c.1169G>A (p.Trp390Ter),chr1,TNFRSF8,NM_001243.5,390,UGG,UAG,-12.864319803903795,normal
CBGE,nonsense,NM_001243.5(TNFRSF8):c.1170G>A (p.Trp390Ter),chr1,TNFRSF8,NM_001243.5,390,UGG,UGA,-12.890480032121674,normal
CBGE,nonsense,NM_001243.5(TNFRSF8):c.1243C>T (p.Arg415Ter),chr1,TNFRSF8,NM_001243.5,415,CGA,UGA,-9.873597212517923,normal
CBGE,nonsense,NM_001243.5(TNFRSF8):c.1252C>T (p.Gln418Ter),chr1,TNFRSF8,NM_001243.5,418,CAG,UAG,-11.969498682713496,normal
CBGE,nonsense,NM_001243.5(TNFRSF8):c.1288C>T (p.Gln430Ter),chr1,TNFRSF8,NM_001243.5,430,CAG,UAG,-11.131462075968548,normal
CBGE,nonsense,NM_001243.5(TNFRSF8):c.1336C>T (p.Gln446Ter),chr1,TNFRSF8,NM_001243.5,446,CAG,UAG,-10.28411478856336,normal
CBGE,nonsense,NM_001243.5(TNFRSF8):c.1396C>T (p.Gln466Ter),chr1,TNFRSF8,NM_001243.5,466,CAG,UAG,-11.366786940780184,normal
CBGE,nonsense,NM_001243.5(TNFRSF8):c.1456C>T (p.Gln486Ter),chr1,TNFRSF8,NM_001243.5,486,CAG,UAG,-10.759919204420775,normal
CBGE,nonsense,NM_001243.5(TNFRSF8):c.1687C>T (p.Gln563Ter),chr1,TNFRSF8,NM_001243.5,563,CAG,UAG,-10.022621089445009,normal
CBGE,nonsense,NM_001243.5(TNFRSF8):c.178C>T (p.Gln60Ter),chr1,TNFRSF8,NM_001243.5,60,CAG,UAG,-11.727088046759464,normal
CBGE,nonsense,NM_001243.5(TNFRSF8):c.430C>T (p.Gln144Ter),chr1,TNFRSF8,NM_001243.5,144,CAG,UAG,-11.117592784173157,normal
CBGE,nonsense,NM_001243.5(TNFRSF8):c.526C>T (p.Gln176Ter),chr1,TNFRSF8,NM_001243.5,176,CAG,UAG,-10.6879777934282,normal
CBGE,nonsense,NM_001243.5(TNFRSF8):c.61C>T (p.Gln21Ter),chr1,TNFRSF8,NM_001243.5,21,CAG,UAG,-11.429643641752769,normal
CBGE,nonsense,NM_001243.5(TNFRSF8):c.67C>T (p.Arg23Ter),chr1,TNFRSF8,NM_001243.5,23,CGA,UGA,-8.973155915081007,normal
CBGE,nonsense,NM_001243.5(TNFRSF8):c.824G>A (p.Trp275Ter),chr1,TNFRSF8,NM_001243.5,275,UGG,UAG,-14.876152068587276,normal
CBGE,nonsense,NM_001243.5(TNFRSF8):c.825G>A (p.Trp275Ter),chr1,TNFRSF8,NM_001243.5,275,UGG,UGA,-14.8652152739768,normal
CBGE,nonsense,NM_001244.4(TNFSF8):c.16C>T (p.Gln6Ter),chr9,TNFSF8,NM_001244.4,6,CAG,UAG,-11.972105057732543,normal
CBGE,nonsense,NM_001244.4(TNFSF8):c.187C>T (p.Gln63Ter),chr9,TNFSF8,NM_001244.4,63,CAG,UAG,-11.510731620739229,normal
CBGE,nonsense,NM_001244.4(TNFSF8):c.19C>T (p.Gln7Ter),chr9,TNFSF8,NM_001244.4,7,CAA,UAA,-10.604410167059012,normal
CBGE,nonsense,NM_001244.4(TNFSF8):c.307C>T (p.Gln103Ter),chr9,TNFSF8,NM_001244.4,103,CAA,UAA,-10.7747612577453,normal
CBGE,nonsense,NM_001244.4(TNFSF8):c.344G>A (p.Trp115Ter),chr9,TNFSF8,NM_001244.4,115,UGG,UAG,-12.394902208988672,normal
CBGE,nonsense,NM_001244.4(TNFSF8):c.345G>A (p.Trp115Ter),chr9,TNFSF8,NM_001244.4,115,UGG,UGA,-12.221579602299816,normal
CBGE,nonsense,NM_001244.4(TNFSF8):c.379C>T (p.Gln127Ter),chr9,TNFSF8,NM_001244.4,127,CAG,UAG,-10.459881750825652,normal
CBGE,nonsense,NM_001244.4(TNFSF8):c.400C>T (p.Gln134Ter),chr9,TNFSF8,NM_001244.4,134,CAA,UAA,-10.725966475267873,normal
CBGE,nonsense,NM_001244.4(TNFSF8):c.574C>T (p.Gln192Ter),chr9,TNFSF8,NM_001244.4,192,CAA,UAA,-10.308019678088176,normal
CBGE,nonsense,NM_001261.4(CDK9):c.10C>T (p.Gln4Ter),chr9,CDK9,NM_001261.4,4,CAG,UAG,-11.723722458060378,normal
CBGE,nonsense,NM_001261.4(CDK9):c.256C>T (p.Arg86Ter),chr9,CDK9,NM_001261.4,86,CGA,UGA,-8.926628153809359,normal
CBGE,nonsense,NM_001261.4(CDK9):c.391C>T (p.Gln131Ter),chr9,CDK9,NM_001261.4,131,CAG,UAG,-10.19027235549177,normal
CBGE,nonsense,NM_001261.4(CDK9):c.727C>T (p.Gln243Ter),chr9,CDK9,NM_001261.4,243,CAG,UAG,-11.0241651194075,normal
CBGE,nonsense,NM_001261.4(CDK9):c.759G>A (p.Trp253Ter),chr9,CDK9,NM_001261.4,253,UGG,UGA,-14.243702887882712,normal
CBGE,nonsense,NM_001261.4(CDK9):c.79C>T (p.Gln27Ter),chr9,CDK9,NM_001261.4,27,CAA,UAA,-9.720398890080016,normal
CBGE,nonsense,NM_001270508.2(TNFAIP3):c.10C>T (p.Gln4Ter),chr6,TNFAIP3,NM_001270508.2,4,CAA,UAA,-10.17843914687922,normal
CBGE,nonsense,NM_001270508.2(TNFAIP3):c.1108C>T (p.Gln370Ter),chr6,TNFAIP3,NM_001270508.2,370,CAG,UAG,-11.376348522850792,normal
CBGE,nonsense,NM_001270508.2(TNFAIP3):c.133C>T (p.Arg45Ter),chr6,TNFAIP3,NM_001270508.2,45,CGA,UGA,-10.171351441340878,normal
CBGE,nonsense,NM_001270508.2(TNFAIP3):c.1468C>T (p.Gln490Ter),chr6,TNFAIP3,NM_001270508.2,490,CAG,UAG,-12.922021880023896,normal
CBGE,nonsense,NM_001270508.2(TNFAIP3):c.1564C>T (p.Gln522Ter),chr6,TNFAIP3,NM_001270508.2,522,CAA,UAA,-10.945793132582864,normal
CBGE,nonsense,NM_001270508.2(TNFAIP3):c.163C>T (p.Gln55Ter),chr6,TNFAIP3,NM_001270508.2,55,CAG,UAG,-10.906030704525174,normal
CBGE,nonsense,NM_001270508.2(TNFAIP3):c.1777C>T (p.Gln593Ter),chr6,TNFAIP3,NM_001270508.2,593,CAA,UAA,-10.117254217622277,gof
CBGE,nonsense,NM_001270508.2(TNFAIP3):c.2044C>T (p.Gln682Ter),chr6,TNFAIP3,NM_001270508.2,682,CAG,UAG,-12.23030654326914,gof
CBGE,nonsense,NM_001270508.2(TNFAIP3):c.2050C>T (p.Gln684Ter),chr6,TNFAIP3,NM_001270508.2,684,CAG,UAG,-12.250827730560468,gof
CBGE,nonsense,NM_001270508.2(TNFAIP3):c.2125C>T (p.Gln709Ter),chr6,TNFAIP3,NM_001270508.2,709,CAA,UAA,-10.425483743368764,normal
CBGE,nonsense,NM_001270508.2(TNFAIP3):c.2221C>T (p.Gln741Ter),chr6,TNFAIP3,NM_001270508.2,741,CAG,UAG,-11.83300786129021,normal
CBGE,nonsense,NM_001270508.2(TNFAIP3):c.2278C>T (p.Gln760Ter),chr6,TNFAIP3,NM_001270508.2,760,CAG,UAG,-12.336416225330073,normal
CBGE,nonsense,NM_001270508.2(TNFAIP3):c.2359C>T (p.Gln787Ter),chr6,TNFAIP3,NM_001270508.2,787,CAG,UAG,-13.02665707624205,normal
CBGE,nonsense,NM_001270508.2(TNFAIP3):c.503G>A (p.Trp168Ter),chr6,TNFAIP3,NM_001270508.2,168,UGG,UAG,-12.264720855463596,normal
CBGE,nonsense,NM_001270508.2(TNFAIP3):c.950G>A (p.Trp317Ter),chr6,TNFAIP3,NM_001270508.2,317,UGG,UAG,-12.232881478365162,gof
CBGE,nonsense,NM_001270508.2(TNFAIP3):c.951G>A (p.Trp317Ter),chr6,TNFAIP3,NM_001270508.2,317,UGG,UGA,-11.819828014396304,gof
CBGE,nonsense,NM_001278.5(CHUK):c.1420C>T (p.Gln474Ter),chr10,CHUK,NM_001278.5,474,CAA,UAA,-10.927467362257763,normal
CBGE,nonsense,NM_001278.5(CHUK):c.1423C>T (p.Gln475Ter),chr10,CHUK,NM_001278.5,475,CAA,UAA,-11.584114141600168,normal
CBGE,nonsense,NM_001278.5(CHUK):c.1462C>T (p.Gln488Ter),chr10,CHUK,NM_001278.5,488,CAG,UAG,-11.735864653205551,normal
CBGE,nonsense,NM_001278.5(CHUK):c.1489C>T (p.Gln497Ter),chr10,CHUK,NM_001278.5,497,CAG,UAG,-11.42673013113936,normal
CBGE,nonsense,NM_001278.5(CHUK):c.1657C>T (p.Gln553Ter),chr10,CHUK,NM_001278.5,553,CAG,UAG,-10.063793167823349,normal
CBGE,nonsense,NM_001278.5(CHUK):c.173G>A (p.Trp58Ter),chr10,CHUK,NM_001278.5,58,UGG,UAG,-11.66945414739313,normal
CBGE,nonsense,NM_001278.5(CHUK):c.174G>A (p.Trp58Ter),chr10,CHUK,NM_001278.5,58,UGG,UGA,-11.39012877209909,normal
CBGE,nonsense,NM_001278.5(CHUK):c.1939C>T (p.Gln647Ter),chr10,CHUK,NM_001278.5,647,CAG,UAG,-11.437170939559406,normal
CBGE,nonsense,NM_001278.5(CHUK):c.1978C>T (p.Gln660Ter),chr10,CHUK,NM_001278.5,660,CAG,UAG,-11.089050309924568,normal
CBGE,nonsense,NM_001278.5(CHUK):c.2101C>T (p.Gln701Ter),chr10,CHUK,NM_001278.5,701,CAA,UAA,-10.026766820233409,normal
CBGE,nonsense,NM_001278.5(CHUK):c.310C>T (p.Arg104Ter),chr10,CHUK,NM_001278.5,104,CGA,UGA,-8.764991718980227,normal
CBGE,nonsense,NM_001278.5(CHUK):c.824G>A (p.Trp275Ter),chr10,CHUK,NM_001278.5,275,UGG,UAG,-11.913349421729798,normal
CBGE,nonsense,NM_001278.5(CHUK):c.825G>A (p.Trp275Ter),chr10,CHUK,NM_001278.5,275,UGG,UGA,-11.52653531315942,normal
CBGE,nonsense,NM_001278.5(CHUK):c.829C>T (p.Gln277Ter),chr10,CHUK,NM_001278.5,277,CAG,UAG,-11.654307317956013,normal
CBGE,nonsense,NM_001278669.2(NFATC1):c.1024C>T (p.Gln342Ter),chr18,NFATC1,NM_001278669.2,342,CAG,UAG,-11.1687602745186,normal
CBGE,nonsense,NM_001278669.2(NFATC1):c.1123C>T (p.Gln375Ter),chr18,NFATC1,NM_001278669.2,375,CAG,UAG,-11.515849114170903,normal
CBGE,nonsense,NM_001278669.2(NFATC1):c.1171C>T (p.Gln391Ter),chr18,NFATC1,NM_001278669.2,391,CAG,UAG,-11.8336009351358,normal
CBGE,nonsense,NM_001278669.2(NFATC1):c.1187G>A (p.Trp396Ter),chr18,NFATC1,NM_001278669.2,396,UGG,UAG,-11.747758768668088,normal
CBGE,nonsense,NM_001278669.2(NFATC1):c.1188G>A (p.Trp396Ter),chr18,NFATC1,NM_001278669.2,396,UGG,UGA,-11.64652821205405,normal
CBGE,nonsense,NM_001278669.2(NFATC1):c.1250G>A (p.Trp417Ter),chr18,NFATC1,NM_001278669.2,417,UGG,UAG,-12.09251118836393,normal
CBGE,nonsense,NM_001278669.2(NFATC1):c.1251G>A (p.Trp417Ter),chr18,NFATC1,NM_001278669.2,417,UGG,UGA,-11.720630627812705,normal
CBGE,nonsense,NM_001278669.2(NFATC1):c.1252C>T (p.Gln418Ter),chr18,NFATC1,NM_001278669.2,418,CAG,UAG,-11.304153398430405,normal
CBGE,nonsense,NM_001278669.2(NFATC1):c.1315C>T (p.Arg439Ter),chr18,NFATC1,NM_001278669.2,439,CGA,UGA,-9.510693528561411,normal
CBGE,nonsense,NM_001278669.2(NFATC1):c.1423C>T (p.Gln475Ter),chr18,NFATC1,NM_001278669.2,475,CAG,UAG,-12.014036170898388,normal
CBGE,nonsense,NM_001278669.2(NFATC1):c.1477C>T (p.Gln493Ter),chr18,NFATC1,NM_001278669.2,493,CAG,UAG,-11.39284426822872,normal
CBGE,nonsense,NM_001278669.2(NFATC1):c.1582C>T (p.Arg528Ter),chr18,NFATC1,NM_001278669.2,528,CGA,UGA,-10.137241407574615,normal
CBGE,nonsense,NM_001278669.2(NFATC1):c.1708C>T (p.Gln570Ter),chr18,NFATC1,NM_001278669.2,570,CAA,UAA,-8.9208891352823,normal
CBGE,nonsense,NM_001278669.2(NFATC1):c.1801C>T (p.Gln601Ter),chr18,NFATC1,NM_001278669.2,601,CAG,UAG,-9.675088838918107,normal
CBGE,nonsense,NM_001278669.2(NFATC1):c.217C>T (p.Gln73Ter),chr18,NFATC1,NM_001278669.2,73,CAG,UAG,-10.780400252708953,normal
CBGE,nonsense,NM_001278669.2(NFATC1):c.2446C>T (p.Gln816Ter),chr18,NFATC1,NM_001278669.2,816,CAG,UAG,-11.482967407333325,normal
CBGE,nonsense,NM_001278669.2(NFATC1):c.2626C>T (p.Gln876Ter),chr18,NFATC1,NM_001278669.2,876,CAG,UAG,-11.2568730647664,normal
CBGE,nonsense,NM_001278669.2(NFATC1):c.2743C>T (p.Arg915Ter),chr18,NFATC1,NM_001278669.2,915,CGA,UGA,-8.941358581623101,normal
CBGE,nonsense,NM_001278669.2(NFATC1):c.2764C>T (p.Gln922Ter),chr18,NFATC1,NM_001278669.2,922,CAG,UAG,-9.921935994614632,normal
CBGE,nonsense,NM_001278669.2(NFATC1):c.400C>T (p.Gln134Ter),chr18,NFATC1,NM_001278669.2,134,CAG,UAG,-10.880657194217203,normal
CBGE,nonsense,NM_001278669.2(NFATC1):c.601C>T (p.Gln201Ter),chr18,NFATC1,NM_001278669.2,201,CAG,UAG,-9.897632645814427,normal
CBGE,nonsense,NM_001278669.2(NFATC1):c.614G>A (p.Trp205Ter),chr18,NFATC1,NM_001278669.2,205,UGG,UAG,-11.341608079378178,normal
CBGE,nonsense,NM_001278669.2(NFATC1):c.615G>A (p.Trp205Ter),chr18,NFATC1,NM_001278669.2,205,UGG,UGA,-11.04727368287742,normal
CBGE,nonsense,NM_001278669.2(NFATC1):c.899G>A (p.Trp300Ter),chr18,NFATC1,NM_001278669.2,300,UGG,UAG,-14.028925898021347,normal
CBGE,nonsense,NM_001278669.2(NFATC1):c.900G>A (p.Trp300Ter),chr18,NFATC1,NM_001278669.2,300,UGG,UGA,-13.603963855253928,normal
CBGE,nonsense,NM_001278669.2(NFATC1):c.916C>T (p.Gln306Ter),chr18,NFATC1,NM_001278669.2,306,CAG,UAG,-10.65623283643058,normal
CBGE,nonsense,NM_001282426.2(PIK3CG):c.1230G>A (p.Trp410Ter),chr7,PIK3CG,NM_001282426.2,410,UGG,UGA,-15.662667349354567,normal
CBGE,nonsense,NM_001282426.2(PIK3CG):c.1454G>A (p.Trp485Ter),chr7,PIK3CG,NM_001282426.2,485,UGG,UAG,-12.336771005199704,normal
CBGE,nonsense,NM_001282426.2(PIK3CG):c.1455G>A (p.Trp485Ter),chr7,PIK3CG,NM_001282426.2,485,UGG,UGA,-11.977092709110124,normal
CBGE,nonsense,NM_001282426.2(PIK3CG):c.1597C>T (p.Gln533Ter),chr7,PIK3CG,NM_001282426.2,533,CAG,UAG,-11.050287219723131,normal
CBGE,nonsense,NM_001282426.2(PIK3CG):c.1798C>T (p.Gln600Ter),chr7,PIK3CG,NM_001282426.2,600,CAG,UAG,-9.868051586647244,normal
CBGE,nonsense,NM_001282426.2(PIK3CG):c.1801C>T (p.Gln601Ter),chr7,PIK3CG,NM_001282426.2,601,CAA,UAA,-10.102023121469898,normal
CBGE,nonsense,NM_001282426.2(PIK3CG):c.1855C>T (p.Gln619Ter),chr7,PIK3CG,NM_001282426.2,619,CAA,UAA,-9.871954851054523,normal
CBGE,nonsense,NM_001282426.2(PIK3CG):c.2131C>T (p.Gln711Ter),chr7,PIK3CG,NM_001282426.2,711,CAG,UAG,-11.652614589995396,normal
CBGE,nonsense,NM_001282426.2(PIK3CG):c.225G>A (p.Trp75Ter),chr7,PIK3CG,NM_001282426.2,75,UGG,UGA,-12.346687330145024,normal
CBGE,nonsense,NM_001282426.2(PIK3CG):c.2284C>T (p.Gln762Ter),chr7,PIK3CG,NM_001282426.2,762,CAA,UAA,-11.505985255143155,normal
CBGE,nonsense,NM_001282426.2(PIK3CG):c.22C>T (p.Gln8Ter),chr7,PIK3CG,NM_001282426.2,8,CAG,UAG,-10.872975332192812,normal
CBGE,nonsense,NM_001282426.2(PIK3CG):c.2435G>A (p.Trp812Ter),chr7,PIK3CG,NM_001282426.2,812,UGG,UAG,-13.248279608340331,normal
CBGE,nonsense,NM_001282426.2(PIK3CG):c.2436G>A (p.Trp812Ter),chr7,PIK3CG,NM_001282426.2,812,UGG,UGA,-13.081649763140833,normal
CBGE,nonsense,NM_001282426.2(PIK3CG):c.2518C>T (p.Gln840Ter),chr7,PIK3CG,NM_001282426.2,840,CAA,UAA,-11.075362246792013,normal
CBGE,nonsense,NM_001282426.2(PIK3CG):c.2545C>T (p.Arg849Ter),chr7,PIK3CG,NM_001282426.2,849,CGA,UGA,-11.541009947696695,normal
CBGE,nonsense,NM_001282426.2(PIK3CG):c.2674C>T (p.Gln892Ter),chr7,PIK3CG,NM_001282426.2,892,CAG,UAG,-12.559024804327724,normal
CBGE,nonsense,NM_001282426.2(PIK3CG):c.2729G>A (p.Trp910Ter),chr7,PIK3CG,NM_001282426.2,910,UGG,UAG,-13.320732127875573,normal
CBGE,nonsense,NM_001282426.2(PIK3CG):c.2730G>A (p.Trp910Ter),chr7,PIK3CG,NM_001282426.2,910,UGG,UGA,-12.836093869559967,normal
CBGE,nonsense,NM_001282426.2(PIK3CG):c.2764C>T (p.Gln922Ter),chr7,PIK3CG,NM_001282426.2,922,CAG,UAG,-10.67807681150765,normal
CBGE,nonsense,NM_001282426.2(PIK3CG):c.3019C>T (p.Gln1007Ter),chr7,PIK3CG,NM_001282426.2,1007,CAG,UAG,-12.37157056754927,normal
CBGE,nonsense,NM_001282426.2(PIK3CG):c.3247C>T (p.Gln1083Ter),chr7,PIK3CG,NM_001282426.2,1083,CAG,UAG,-11.303828233310474,normal
CBGE,nonsense,NM_001282426.2(PIK3CG):c.340C>T (p.Gln114Ter),chr7,PIK3CG,NM_001282426.2,114,CAG,UAG,-10.95832925483737,normal
CBGE,nonsense,NM_001282426.2(PIK3CG):c.374G>A (p.Trp125Ter),chr7,PIK3CG,NM_001282426.2,125,UGG,UAG,-13.024284255058724,normal
CBGE,nonsense,NM_001282426.2(PIK3CG):c.375G>A (p.Trp125Ter),chr7,PIK3CG,NM_001282426.2,125,UGG,UGA,-12.941102900563733,normal
CBGE,nonsense,NM_001282426.2(PIK3CG):c.52C>T (p.Arg18Ter),chr7,PIK3CG,NM_001282426.2,18,CGA,UGA,-9.645458145343415,normal
CBGE,nonsense,NM_001282426.2(PIK3CG):c.602G>A (p.Trp201Ter),chr7,PIK3CG,NM_001282426.2,201,UGG,UAG,-11.617204662178848,normal
CBGE,nonsense,NM_001282426.2(PIK3CG):c.603G>A (p.Trp201Ter),chr7,PIK3CG,NM_001282426.2,201,UGG,UGA,-11.49660488997808,normal
CBGE,nonsense,NM_001282426.2(PIK3CG):c.635G>A (p.Trp212Ter),chr7,PIK3CG,NM_001282426.2,212,UGG,UAG,-12.555659289320314,normal
CBGE,nonsense,NM_001282426.2(PIK3CG):c.636G>A (p.Trp212Ter),chr7,PIK3CG,NM_001282426.2,212,UGG,UGA,-12.5263805244467,normal
CBGE,nonsense,NM_001282426.2(PIK3CG):c.691C>T (p.Gln231Ter),chr7,PIK3CG,NM_001282426.2,231,CAG,UAG,-11.487108141133266,normal
CBGE,nonsense,NM_001282426.2(PIK3CG):c.736C>T (p.Gln246Ter),chr7,PIK3CG,NM_001282426.2,246,CAG,UAG,-12.546877868625874,normal
CBGE,nonsense,NM_001282426.2(PIK3CG):c.793C>T (p.Gln265Ter),chr7,PIK3CG,NM_001282426.2,265,CAA,UAA,-10.552824027278302,normal
CBGE,nonsense,NM_001282426.2(PIK3CG):c.875G>A (p.Trp292Ter),chr7,PIK3CG,NM_001282426.2,292,UGG,UAG,-12.316842058998937,normal
CBGE,nonsense,NM_001282426.2(PIK3CG):c.876G>A (p.Trp292Ter),chr7,PIK3CG,NM_001282426.2,292,UGG,UGA,-12.155294421207564,normal
CBGE,nonsense,NM_001288718.2(STAT5A):c.1219C>T (p.Gln407Ter),chr17,STAT5A,NM_001288718.2,407,CAA,UAA,-9.257886905651722,normal
CBGE,nonsense,NM_001288718.2(STAT5A):c.121C>T (p.Gln41Ter),chr17,STAT5A,NM_001288718.2,41,CAG,UAG,-10.697790245669465,normal
CBGE,nonsense,NM_001288718.2(STAT5A):c.129G>A (p.Trp43Ter),chr17,STAT5A,NM_001288718.2,43,UGG,UGA,-11.959584281513362,normal
CBGE,nonsense,NM_001288718.2(STAT5A):c.1339C>T (p.Gln447Ter),chr17,STAT5A,NM_001288718.2,447,CAG,UAG,-10.61057469679772,normal
CBGE,nonsense,NM_001288718.2(STAT5A):c.166C>T (p.Gln56Ter),chr17,STAT5A,NM_001288718.2,56,CAA,UAA,-10.877627319325589,normal
CBGE,nonsense,NM_001288718.2(STAT5A):c.1697G>A (p.Trp566Ter),chr17,STAT5A,NM_001288718.2,566,UGG,UAG,-13.166526673062949,normal
CBGE,nonsense,NM_001288718.2(STAT5A):c.16C>T (p.Gln6Ter),chr17,STAT5A,NM_001288718.2,6,CAG,UAG,-12.22648528068809,normal
CBGE,nonsense,NM_001288718.2(STAT5A):c.1712G>A (p.Trp571Ter),chr17,STAT5A,NM_001288718.2,571,UGG,UAG,-11.939847023872376,normal
CBGE,nonsense,NM_001288718.2(STAT5A):c.1893G>A (p.Trp631Ter),chr17,STAT5A,NM_001288718.2,631,UGG,UGA,-12.846287654496926,normal
CBGE,nonsense,NM_001288718.2(STAT5A):c.22C>T (p.Gln8Ter),chr17,STAT5A,NM_001288718.2,8,CAG,UAG,-11.462348949046715,normal
CBGE,nonsense,NM_001288718.2(STAT5A):c.25C>T (p.Gln9Ter),chr17,STAT5A,NM_001288718.2,9,CAG,UAG,-12.368228843887248,normal
CBGE,nonsense,NM_001288718.2(STAT5A):c.496C>T (p.Gln166Ter),chr17,STAT5A,NM_001288718.2,166,CAG,UAG,-12.759677036057123,normal
CBGE,nonsense,NM_001288718.2(STAT5A):c.49C>T (p.Gln17Ter),chr17,STAT5A,NM_001288718.2,17,CAG,UAG,-12.083629718789838,normal
CBGE,nonsense,NM_001288718.2(STAT5A):c.553C>T (p.Gln185Ter),chr17,STAT5A,NM_001288718.2,185,CAG,UAG,-12.252878166669122,normal
CBGE,nonsense,NM_001288718.2(STAT5A):c.55C>T (p.Gln19Ter),chr17,STAT5A,NM_001288718.2,19,CAG,UAG,-12.706497166282404,normal
CBGE,nonsense,NM_001288718.2(STAT5A):c.583C>T (p.Gln195Ter),chr17,STAT5A,NM_001288718.2,195,CAG,UAG,-12.542961119682472,normal
CBGE,nonsense,NM_001288718.2(STAT5A):c.613C>T (p.Gln205Ter),chr17,STAT5A,NM_001288718.2,205,CAG,UAG,-12.727303526307937,normal
CBGE,nonsense,NM_001288718.2(STAT5A):c.622C>T (p.Gln208Ter),chr17,STAT5A,NM_001288718.2,208,CAG,UAG,-12.058418245955972,normal
CBGE,nonsense,NM_001288718.2(STAT5A):c.667C>T (p.Gln223Ter),chr17,STAT5A,NM_001288718.2,223,CAG,UAG,-12.94634434567183,normal
CBGE,nonsense,NM_001288718.2(STAT5A):c.760C>T (p.Gln254Ter),chr17,STAT5A,NM_001288718.2,254,CAG,UAG,-11.878271134049854,normal
CBGE,nonsense,NM_001288718.2(STAT5A):c.775C>T (p.Gln259Ter),chr17,STAT5A,NM_001288718.2,259,CAG,UAG,-12.294490847878098,normal
CBGE,nonsense,NM_001288718.2(STAT5A):c.778C>T (p.Gln260Ter),chr17,STAT5A,NM_001288718.2,260,CAG,UAG,-12.00889776359708,normal
CBGE,nonsense,NM_001288718.2(STAT5A):c.860G>A (p.Trp287Ter),chr17,STAT5A,NM_001288718.2,287,UGG,UAG,-11.840380700101004,normal
CBGE,nonsense,NM_001288718.2(STAT5A):c.861G>A (p.Trp287Ter),chr17,STAT5A,NM_001288718.2,287,UGG,UGA,-11.505881368377365,normal
CBGE,nonsense,NM_001290043.2(TAP2):c.1018C>T (p.Gln340Ter),chr6,TAP2,NM_001290043.2,340,CAG,UAG,-12.74554823631904,normal
CBGE,nonsense,NM_001290043.2(TAP2):c.1090C>T (p.Gln364Ter),chr6,TAP2,NM_001290043.2,364,CAG,UAG,-12.701377862522826,normal
CBGE,nonsense,NM_001290043.2(TAP2):c.1162C>T (p.Gln388Ter),chr6,TAP2,NM_001290043.2,388,CAG,UAG,-12.275992410776125,normal
CBGE,nonsense,NM_001290043.2(TAP2):c.116G>A (p.Trp39Ter),chr6,TAP2,NM_001290043.2,39,UGG,UAG,-13.287792130746723,normal
CBGE,nonsense,NM_001290043.2(TAP2):c.117G>A (p.Trp39Ter),chr6,TAP2,NM_001290043.2,39,UGG,UGA,-13.280620575658794,normal
CBGE,nonsense,NM_001290043.2(TAP2):c.1189C>T (p.Gln397Ter),chr6,TAP2,NM_001290043.2,397,CAG,UAG,-12.581895805894977,normal
CBGE,nonsense,NM_001290043.2(TAP2):c.1192C>T (p.Gln398Ter),chr6,TAP2,NM_001290043.2,398,CAG,UAG,-11.720373183125265,normal
CBGE,nonsense,NM_001290043.2(TAP2):c.1198C>T (p.Gln400Ter),chr6,TAP2,NM_001290043.2,400,CAG,UAG,-11.54796409086846,normal
CBGE,nonsense,NM_001290043.2(TAP2):c.1246C>T (p.Gln416Ter),chr6,TAP2,NM_001290043.2,416,CAG,UAG,-10.452767388051242,normal
CBGE,nonsense,NM_001290043.2(TAP2):c.1348C>T (p.Gln450Ter),chr6,TAP2,NM_001290043.2,450,CAG,UAG,-12.045909808901692,normal
CBGE,nonsense,NM_001290043.2(TAP2):c.149G>A (p.Trp50Ter),chr6,TAP2,NM_001290043.2,50,UGG,UAG,-11.141756072717529,normal
CBGE,nonsense,NM_001290043.2(TAP2):c.150G>A (p.Trp50Ter),chr6,TAP2,NM_001290043.2,50,UGG,UGA,-11.273495670968728,normal
CBGE,nonsense,NM_001290043.2(TAP2):c.1549C>T (p.Gln517Ter),chr6,TAP2,NM_001290043.2,517,CAG,UAG,-10.534387557224417,normal
CBGE,nonsense,NM_001290043.2(TAP2):c.1561C>T (p.Gln521Ter),chr6,TAP2,NM_001290043.2,521,CAG,UAG,-10.304595957875437,normal
CBGE,nonsense,NM_001290043.2(TAP2):c.1576C>T (p.Gln526Ter),chr6,TAP2,NM_001290043.2,526,CAG,UAG,-12.325408954579652,normal
CBGE,nonsense,NM_001290043.2(TAP2):c.1705C>T (p.Gln569Ter),chr6,TAP2,NM_001290043.2,569,CAG,UAG,-12.02615636911937,normal
CBGE,nonsense,NM_001290043.2(TAP2):c.1816C>T (p.Gln606Ter),chr6,TAP2,NM_001290043.2,606,CAG,UAG,-13.469173398304784,normal
CBGE,nonsense,NM_001290043.2(TAP2):c.1831C>T (p.Gln611Ter),chr6,TAP2,NM_001290043.2,611,CAG,UAG,-14.399011543723692,normal
CBGE,nonsense,NM_001290043.2(TAP2):c.1837C>T (p.Gln613Ter),chr6,TAP2,NM_001290043.2,613,CAA,UAA,-12.559255586615022,normal
CBGE,nonsense,NM_001290043.2(TAP2):c.1867C>T (p.Arg623Ter),chr6,TAP2,NM_001290043.2,623,CGA,UGA,-11.55382441193364,normal
CBGE,nonsense,NM_001290043.2(TAP2):c.1918C>T (p.Gln640Ter),chr6,TAP2,NM_001290043.2,640,CAG,UAG,-13.150110228628003,normal
CBGE,nonsense,NM_001290043.2(TAP2):c.1936C>T (p.Gln646Ter),chr6,TAP2,NM_001290043.2,646,CAG,UAG,-10.214120862131976,normal
CBGE,nonsense,NM_001290043.2(TAP2):c.2011C>T (p.Gln671Ter),chr6,TAP2,NM_001290043.2,671,CAG,UAG,-12.315828321014603,normal
CBGE,nonsense,NM_001290043.2(TAP2):c.26G>A (p.Trp9Ter),chr6,TAP2,NM_001290043.2,9,UGG,UAG,-13.420088761967556,normal
CBGE,nonsense,NM_001290043.2(TAP2):c.27G>A (p.Trp9Ter),chr6,TAP2,NM_001290043.2,9,UGG,UGA,-12.916314961833988,normal
CBGE,nonsense,NM_001290043.2(TAP2):c.296G>A (p.Trp99Ter),chr6,TAP2,NM_001290043.2,99,UGG,UAG,-11.991520970729578,normal
CBGE,nonsense,NM_001290043.2(TAP2):c.297G>A (p.Trp99Ter),chr6,TAP2,NM_001290043.2,99,UGG,UGA,-11.790065855643066,normal
CBGE,nonsense,NM_001290043.2(TAP2):c.302G>A (p.Trp101Ter),chr6,TAP2,NM_001290043.2,101,UGG,UAG,-13.154973019547263,normal
CBGE,nonsense,NM_001290043.2(TAP2):c.303G>A (p.Trp101Ter),chr6,TAP2,NM_001290043.2,101,UGG,UGA,-12.875733331638845,normal
CBGE,nonsense,NM_001290043.2(TAP2):c.70C>T (p.Gln24Ter),chr6,TAP2,NM_001290043.2,24,CAG,UAG,-10.259725644963426,normal
CBGE,nonsense,NM_001290043.2(TAP2):c.724C>T (p.Gln242Ter),chr6,TAP2,NM_001290043.2,242,CAG,UAG,-11.185878668699656,normal
CBGE,nonsense,NM_001290043.2(TAP2):c.788G>A (p.Trp263Ter),chr6,TAP2,NM_001290043.2,263,UGG,UAG,-13.868797296843198,normal
CBGE,nonsense,NM_001290043.2(TAP2):c.789G>A (p.Trp263Ter),chr6,TAP2,NM_001290043.2,263,UGG,UGA,-13.570728380021423,normal
CBGE,nonsense,NM_001290043.2(TAP2):c.817C>T (p.Arg273Ter),chr6,TAP2,NM_001290043.2,273,CGA,UGA,-10.866959641528991,normal
CBGE,nonsense,NM_001290043.2(TAP2):c.943C>T (p.Gln315Ter),chr6,TAP2,NM_001290043.2,315,CAG,UAG,-12.669655798078002,normal
CBGE,nonsense,NM_001290043.2(TAP2):c.97C>T (p.Gln33Ter),chr6,TAP2,NM_001290043.2,33,CAA,UAA,-10.193103818965678,normal
CBGE,nonsense,NM_001290043.2(TAP2):c.988C>T (p.Gln330Ter),chr6,TAP2,NM_001290043.2,330,CAG,UAG,-11.785388961607442,normal
CBGE,nonsense,NM_001291746.2(REL):c.1576C>T (p.Gln526Ter),chr2,REL,NM_001291746.2,526,CAA,UAA,-10.823758160880375,normal
CBGE,nonsense,NM_001291746.2(REL):c.88C>T (p.Arg30Ter),chr2,REL,NM_001291746.2,30,CGA,UGA,-10.552044850242227,normal
CBGE,nonsense,NM_001291746.2(REL):c.901C>T (p.Gln301Ter),chr2,REL,NM_001291746.2,301,CAG,UAG,-10.900562328775017,normal
CBGE,nonsense,NM_001291999.2(NCK1):c.1027C>T (p.Gln343Ter),chr3,NCK1,NM_001291999.2,343,CAG,UAG,-10.978270521003042,normal
CBGE,nonsense,NM_001291999.2(NCK1):c.124C>T (p.Arg42Ter),chr3,NCK1,NM_001291999.2,42,CGA,UGA,-9.862882639495677,normal
CBGE,nonsense,NM_001291999.2(NCK1):c.568C>T (p.Gln190Ter),chr3,NCK1,NM_001291999.2,190,CAA,UAA,-12.450496591109644,normal
CBGE,nonsense,NM_001291999.2(NCK1):c.871C>T (p.Gln291Ter),chr3,NCK1,NM_001291999.2,291,CAA,UAA,-10.12631411900628,normal
CBGE,nonsense,NM_001292034.3(TAB2):c.1273C>T (p.Gln425Ter),chr6,TAB2,NM_001292034.3,425,CAA,UAA,-11.20061112391557,normal
CBGE,nonsense,NM_001292034.3(TAB2):c.1321C>T (p.Arg441Ter),chr6,TAB2,NM_001292034.3,441,CGA,UGA,-9.570102636766809,normal
CBGE,nonsense,NM_001292034.3(TAB2):c.1510C>T (p.Gln504Ter),chr6,TAB2,NM_001292034.3,504,CAG,UAG,-10.87879185010656,normal
CBGE,nonsense,NM_001292034.3(TAB2):c.1660C>T (p.Gln554Ter),chr6,TAB2,NM_001292034.3,554,CAA,UAA,-10.665878298257416,normal
CBGE,nonsense,NM_001292034.3(TAB2):c.1849C>T (p.Gln617Ter),chr6,TAB2,NM_001292034.3,617,CAA,UAA,-11.58024594299536,normal
CBGE,nonsense,NM_001292034.3(TAB2):c.19C>T (p.Gln7Ter),chr6,TAB2,NM_001292034.3,7,CAA,UAA,-11.504896117748904,normal
CBGE,nonsense,NM_001292034.3(TAB2):c.331C>T (p.Gln111Ter),chr6,TAB2,NM_001292034.3,111,CAA,UAA,-10.78811741035028,normal
CBGE,nonsense,NM_001292034.3(TAB2):c.394C>T (p.Gln132Ter),chr6,TAB2,NM_001292034.3,132,CAA,UAA,-11.563533735443247,normal
CBGE,nonsense,NM_001292034.3(TAB2):c.403C>T (p.Gln135Ter),chr6,TAB2,NM_001292034.3,135,CAA,UAA,-12.04471968405894,normal
CBGE,nonsense,NM_001292034.3(TAB2):c.679C>T (p.Arg227Ter),chr6,TAB2,NM_001292034.3,227,CGA,UGA,-9.31087505013141,normal
CBGE,nonsense,NM_001292034.3(TAB2):c.682C>T (p.Gln228Ter),chr6,TAB2,NM_001292034.3,228,CAG,UAG,-11.557512176390487,normal
CBGE,nonsense,NM_001292034.3(TAB2):c.745C>T (p.Gln249Ter),chr6,TAB2,NM_001292034.3,249,CAG,UAG,-11.927391082136085,normal
CBGE,nonsense,NM_001292034.3(TAB2):c.767G>A (p.Trp256Ter),chr6,TAB2,NM_001292034.3,256,UGG,UAG,-11.620519634222402,normal
CBGE,nonsense,NM_001292034.3(TAB2):c.768G>A (p.Trp256Ter),chr6,TAB2,NM_001292034.3,256,UGG,UGA,-11.087652338392711,normal
CBGE,nonsense,NM_001303618.2(CD226):c.139C>T (p.Gln47Ter),chr18,CD226,NM_001303618.2,47,CAG,UAG,-11.359586725185272,normal
CBGE,nonsense,NM_001303618.2(CD226):c.343C>T (p.Gln115Ter),chr18,CD226,NM_001303618.2,115,CAG,UAG,-10.779670824270037,normal
CBGE,nonsense,NM_001303618.2(CD226):c.353G>A (p.Trp118Ter),chr18,CD226,NM_001303618.2,118,UGG,UAG,-12.409244415342222,normal
CBGE,nonsense,NM_001303618.2(CD226):c.354G>A (p.Trp118Ter),chr18,CD226,NM_001303618.2,118,UGG,UGA,-12.171126326698964,normal
CBGE,nonsense,NM_001303618.2(CD226):c.355C>T (p.Gln119Ter),chr18,CD226,NM_001303618.2,119,CAG,UAG,-11.251106302397533,normal
CBGE,nonsense,NM_001303618.2(CD226):c.367C>T (p.Gln123Ter),chr18,CD226,NM_001303618.2,123,CAG,UAG,-12.1612415307172,normal
CBGE,nonsense,NM_001303618.2(CD226):c.376C>T (p.Gln126Ter),chr18,CD226,NM_001303618.2,126,CAG,UAG,-9.758045167066864,normal
CBGE,nonsense,NM_001303618.2(CD226):c.463C>T (p.Gln155Ter),chr18,CD226,NM_001303618.2,155,CAG,UAG,-11.47531133998279,normal
CBGE,nonsense,NM_001303618.2(CD226):c.473G>A (p.Trp158Ter),chr18,CD226,NM_001303618.2,158,UGG,UAG,-12.186218324056147,normal
CBGE,nonsense,NM_001303618.2(CD226):c.474G>A (p.Trp158Ter),chr18,CD226,NM_001303618.2,158,UGG,UGA,-12.081883353733945,normal
CBGE,nonsense,NM_001303618.2(CD226):c.494G>A (p.Trp165Ter),chr18,CD226,NM_001303618.2,165,UGG,UAG,-15.389833478309946,normal
CBGE,nonsense,NM_001303618.2(CD226):c.495G>A (p.Trp165Ter),chr18,CD226,NM_001303618.2,165,UGG,UGA,-15.12078853289315,normal
CBGE,nonsense,NM_001303618.2(CD226):c.611G>A (p.Trp204Ter),chr18,CD226,NM_001303618.2,204,UGG,UAG,-12.197078686667354,normal
CBGE,nonsense,NM_001303618.2(CD226):c.612G>A (p.Trp204Ter),chr18,CD226,NM_001303618.2,204,UGG,UGA,-11.899089786579797,normal
CBGE,nonsense,NM_001303618.2(CD226):c.742C>T (p.Gln248Ter),chr18,CD226,NM_001303618.2,248,CAA,UAA,-11.316943198922177,normal
CBGE,nonsense,NM_001303618.2(CD226):c.880C>T (p.Gln294Ter),chr18,CD226,NM_001303618.2,294,CAG,UAG,-10.903486339912638,normal
CBGE,nonsense,NM_001303618.2(CD226):c.922C>T (p.Gln308Ter),chr18,CD226,NM_001303618.2,308,CAA,UAA,-10.848970430519747,normal
CBGE,nonsense,NM_001322934.2(NFKB2):c.1006C>T (p.Gln336Ter),chr10,NFKB2,NM_001322934.2,336,CAG,UAG,-11.124591917245914,normal
CBGE,nonsense,NM_001322934.2(NFKB2):c.154C>T (p.Arg52Ter),chr10,NFKB2,NM_001322934.2,52,CGA,UGA,-9.99661826886051,normal
CBGE,nonsense,NM_001322934.2(NFKB2):c.1831C>T (p.Arg611Ter),chr10,NFKB2,NM_001322934.2,611,CGA,UGA,-11.056976379534907,normal
CBGE,nonsense,NM_001322934.2(NFKB2):c.2173C>T (p.Arg725Ter),chr10,NFKB2,NM_001322934.2,725,CGA,UGA,-9.845306371836568,normal
CBGE,nonsense,NM_001322934.2(NFKB2):c.2338C>T (p.Gln780Ter),chr10,NFKB2,NM_001322934.2,780,CAG,UAG,-12.426126581736543,normal
CBGE,nonsense,NM_001322934.2(NFKB2):c.2372G>A (p.Trp791Ter),chr10,NFKB2,NM_001322934.2,791,UGG,UAG,-11.973605141055042,normal
CBGE,nonsense,NM_001322934.2(NFKB2):c.2373G>A (p.Trp791Ter),chr10,NFKB2,NM_001322934.2,791,UGG,UGA,-11.768838846448752,normal
CBGE,nonsense,NM_001322934.2(NFKB2):c.2557C>T (p.Arg853Ter),chr10,NFKB2,NM_001322934.2,853,CGA,UGA,-8.006761609912214,normal
CBGE,nonsense,NM_001322934.2(NFKB2):c.2623C>T (p.Gln875Ter),chr10,NFKB2,NM_001322934.2,875,CAG,UAG,-10.2418031288127,normal
CBGE,nonsense,NM_001322934.2(NFKB2):c.394C>T (p.Gln132Ter),chr10,NFKB2,NM_001322934.2,132,CAA,UAA,-9.34739205530528,normal
CBGE,nonsense,NM_001322934.2(NFKB2):c.811C>T (p.Gln271Ter),chr10,NFKB2,NM_001322934.2,271,CAG,UAG,-10.78315925619118,normal
CBGE,nonsense,NM_001345.5(DGKA):c.1165C>T (p.Gln389Ter),chr12,DGKA,NM_001345.5,389,CAG,UAG,-13.031621817716612,normal
CBGE,nonsense,NM_001345.5(DGKA):c.1495C>T (p.Arg499Ter),chr12,DGKA,NM_001345.5,499,CGA,UGA,-13.63421053506983,normal
CBGE,nonsense,NM_001345.5(DGKA):c.1621C>T (p.Arg541Ter),chr12,DGKA,NM_001345.5,541,CGA,UGA,-12.661331188789298,normal
CBGE,nonsense,NM_001345.5(DGKA):c.1879C>T (p.Gln627Ter),chr12,DGKA,NM_001345.5,627,CAG,UAG,-10.60464284967381,normal
CBGE,nonsense,NM_001345.5(DGKA):c.2146C>T (p.Gln716Ter),chr12,DGKA,NM_001345.5,716,CAG,UAG,-11.626730922071188,normal
CBGE,nonsense,NM_001345.5(DGKA):c.430C>T (p.Arg144Ter),chr12,DGKA,NM_001345.5,144,CGA,UGA,-10.055937785044229,gof
CBGE,nonsense,NM_001345.5(DGKA):c.613C>T (p.Gln205Ter),chr12,DGKA,NM_001345.5,205,CAG,UAG,-10.580825742716105,normal
CBGE,nonsense,NM_001345.5(DGKA):c.802C>T (p.Gln268Ter),chr12,DGKA,NM_001345.5,268,CAA,UAA,-9.95991326705292,normal
CBGE,nonsense,NM_001347.4(DGKQ):c.1079G>A (p.Trp360Ter),chr4,DGKQ,NM_001347.4,360,UGG,UAG,-12.41703416708863,normal
CBGE,nonsense,NM_001347.4(DGKQ):c.1080G>A (p.Trp360Ter),chr4,DGKQ,NM_001347.4,360,UGG,UGA,-11.97771170661314,normal
CBGE,nonsense,NM_001347.4(DGKQ):c.1160G>A (p.Trp387Ter),chr4,DGKQ,NM_001347.4,387,UGG,UAG,-12.163691614772985,normal
CBGE,nonsense,NM_001347.4(DGKQ):c.1161G>A (p.Trp387Ter),chr4,DGKQ,NM_001347.4,387,UGG,UGA,-11.652751973656272,normal
CBGE,nonsense,NM_001347.4(DGKQ):c.1214G>A (p.Trp405Ter),chr4,DGKQ,NM_001347.4,405,UGG,UAG,-12.375675173275583,normal
CBGE,nonsense,NM_001347.4(DGKQ):c.1215G>A (p.Trp405Ter),chr4,DGKQ,NM_001347.4,405,UGG,UGA,-11.970518087859832,normal
CBGE,nonsense,NM_001347.4(DGKQ):c.1246C>T (p.Arg416Ter),chr4,DGKQ,NM_001347.4,416,CGA,UGA,-9.866498002826797,normal
CBGE,nonsense,NM_001347.4(DGKQ):c.1369C>T (p.Gln457Ter),chr4,DGKQ,NM_001347.4,457,CAG,UAG,-10.835559876973296,normal
CBGE,nonsense,NM_001347.4(DGKQ):c.1393C>T (p.Gln465Ter),chr4,DGKQ,NM_001347.4,465,CAG,UAG,-11.393989619596882,normal
CBGE,nonsense,NM_001347.4(DGKQ):c.1414C>T (p.Gln472Ter),chr4,DGKQ,NM_001347.4,472,CAG,UAG,-11.723330492654632,normal
CBGE,nonsense,NM_001347.4(DGKQ):c.1426C>T (p.Gln476Ter),chr4,DGKQ,NM_001347.4,476,CAG,UAG,-10.89684869923342,normal
CBGE,nonsense,NM_001347.4(DGKQ):c.1441C>T (p.Gln481Ter),chr4,DGKQ,NM_001347.4,481,CAG,UAG,-11.00561147908175,normal
CBGE,nonsense,NM_001347.4(DGKQ):c.1450C>T (p.Gln484Ter),chr4,DGKQ,NM_001347.4,484,CAG,UAG,-11.169139882908228,normal
CBGE,nonsense,NM_001347.4(DGKQ):c.1615C>T (p.Gln539Ter),chr4,DGKQ,NM_001347.4,539,CAA,UAA,-10.9654846246466,normal
CBGE,nonsense,NM_001347.4(DGKQ):c.1849C>T (p.Gln617Ter),chr4,DGKQ,NM_001347.4,617,CAG,UAG,-13.792965829915053,normal
CBGE,nonsense,NM_001347.4(DGKQ):c.2050C>T (p.Arg684Ter),chr4,DGKQ,NM_001347.4,684,CGA,UGA,-11.908107770851675,normal
CBGE,nonsense,NM_001347.4(DGKQ):c.2144G>A (p.Trp715Ter),chr4,DGKQ,NM_001347.4,715,UGG,UAG,-15.541412347731226,normal
CBGE,nonsense,NM_001347.4(DGKQ):c.2145G>A (p.Trp715Ter),chr4,DGKQ,NM_001347.4,715,UGG,UGA,-15.13474756714216,normal
CBGE,nonsense,NM_001347.4(DGKQ):c.2221C>T (p.Gln741Ter),chr4,DGKQ,NM_001347.4,741,CAG,UAG,-10.867095965557835,normal
CBGE,nonsense,NM_001347.4(DGKQ):c.2353C>T (p.Gln785Ter),chr4,DGKQ,NM_001347.4,785,CAG,UAG,-12.03975396876704,normal
CBGE,nonsense,NM_001347.4(DGKQ):c.2386C>T (p.Gln796Ter),chr4,DGKQ,NM_001347.4,796,CAG,UAG,-11.240041797945889,normal
CBGE,nonsense,NM_001347.4(DGKQ):c.2398C>T (p.Gln800Ter),chr4,DGKQ,NM_001347.4,800,CAG,UAG,-12.61227129430544,normal
CBGE,nonsense,NM_001347.4(DGKQ):c.245G>A (p.Trp82Ter),chr4,DGKQ,NM_001347.4,82,UGG,UAG,-14.184590354650554,normal
CBGE,nonsense,NM_001347.4(DGKQ):c.2465G>A (p.Trp822Ter),chr4,DGKQ,NM_001347.4,822,UGG,UAG,-14.86837190461707,normal
CBGE,nonsense,NM_001347.4(DGKQ):c.2466G>A (p.Trp822Ter),chr4,DGKQ,NM_001347.4,822,UGG,UGA,-14.334676801392604,normal
CBGE,nonsense,NM_001347.4(DGKQ):c.246G>A (p.Trp82Ter),chr4,DGKQ,NM_001347.4,82,UGG,UGA,-14.103132227546205,normal
CBGE,nonsense,NM_001347.4(DGKQ):c.2686C>T (p.Gln896Ter),chr4,DGKQ,NM_001347.4,896,CAG,UAG,-12.358942064291782,normal
CBGE,nonsense,NM_001347.4(DGKQ):c.2752C>T (p.Gln918Ter),chr4,DGKQ,NM_001347.4,918,CAG,UAG,-11.304050471426502,normal
CBGE,nonsense,NM_001347.4(DGKQ):c.35G>A (p.Trp12Ter),chr4,DGKQ,NM_001347.4,12,UGG,UAG,-11.458886169102463,normal
CBGE,nonsense,NM_001347.4(DGKQ):c.36G>A (p.Trp12Ter),chr4,DGKQ,NM_001347.4,12,UGG,UGA,-10.993427190554604,normal
CBGE,nonsense,NM_001347.4(DGKQ):c.508C>T (p.Gln170Ter),chr4,DGKQ,NM_001347.4,170,CAG,UAG,-11.18371769445313,normal
CBGE,nonsense,NM_001347.4(DGKQ):c.650G>A (p.Trp217Ter),chr4,DGKQ,NM_001347.4,217,UGG,UAG,-11.588278767039029,normal
CBGE,nonsense,NM_001347.4(DGKQ):c.651G>A (p.Trp217Ter),chr4,DGKQ,NM_001347.4,217,UGG,UGA,-11.376262674604323,normal
CBGE,nonsense,NM_001347.4(DGKQ):c.661C>T (p.Gln221Ter),chr4,DGKQ,NM_001347.4,221,CAG,UAG,-11.28549191669828,normal
CBGE,nonsense,NM_001347.4(DGKQ):c.868C>T (p.Gln290Ter),chr4,DGKQ,NM_001347.4,290,CAG,UAG,-10.546703370001222,normal
CBGE,nonsense,NM_001347.4(DGKQ):c.892C>T (p.Gln298Ter),chr4,DGKQ,NM_001347.4,298,CAA,UAA,-9.132066357311626,normal
CBGE,nonsense,NM_001349338.3(FOXP1):c.1045C>T (p.Gln349Ter),chr3,FOXP1,NM_001349338.3,349,CAG,UAG,-13.49022388151585,normal
CBGE,nonsense,NM_001349338.3(FOXP1):c.1048C>T (p.Gln350Ter),chr3,FOXP1,NM_001349338.3,350,CAG,UAG,-13.449744267304974,normal
CBGE,nonsense,NM_001349338.3(FOXP1):c.166C>T (p.Gln56Ter),chr3,FOXP1,NM_001349338.3,56,CAG,UAG,-13.805210101045896,normal
CBGE,nonsense,NM_001349338.3(FOXP1):c.169C>T (p.Gln57Ter),chr3,FOXP1,NM_001349338.3,57,CAG,UAG,-14.233427957148155,normal
CBGE,nonsense,NM_001349338.3(FOXP1):c.172C>T (p.Gln58Ter),chr3,FOXP1,NM_001349338.3,58,CAG,UAG,-13.721591928250852,normal
CBGE,nonsense,NM_001349338.3(FOXP1):c.175C>T (p.Gln59Ter),chr3,FOXP1,NM_001349338.3,59,CAA,UAA,-12.833773642362653,normal
CBGE,nonsense,NM_001349338.3(FOXP1):c.217C>T (p.Gln73Ter),chr3,FOXP1,NM_001349338.3,73,CAA,UAA,-13.67118359349966,normal
CBGE,nonsense,NM_001349338.3(FOXP1):c.220C>T (p.Gln74Ter),chr3,FOXP1,NM_001349338.3,74,CAG,UAG,-14.242301922454043,normal
CBGE,nonsense,NM_001349338.3(FOXP1):c.223C>T (p.Gln75Ter),chr3,FOXP1,NM_001349338.3,75,CAG,UAG,-14.553031918291923,normal
CBGE,nonsense,NM_001349338.3(FOXP1):c.226C>T (p.Gln76Ter),chr3,FOXP1,NM_001349338.3,76,CAG,UAG,-14.494489676992908,normal
CBGE,nonsense,NM_001349338.3(FOXP1):c.229C>T (p.Gln77Ter),chr3,FOXP1,NM_001349338.3,77,CAA,UAA,-12.855036736358452,normal
CBGE,nonsense,NM_001349338.3(FOXP1):c.268C>T (p.Gln90Ter),chr3,FOXP1,NM_001349338.3,90,CAA,UAA,-10.575338407772996,normal
CBGE,nonsense,NM_001349338.3(FOXP1):c.370C>T (p.Gln124Ter),chr3,FOXP1,NM_001349338.3,124,CAG,UAG,-13.966785498805592,normal
CBGE,nonsense,NM_001349338.3(FOXP1):c.400C>T (p.Gln134Ter),chr3,FOXP1,NM_001349338.3,134,CAG,UAG,-13.751292242226535,normal
CBGE,nonsense,NM_001349338.3(FOXP1):c.478C>T (p.Gln160Ter),chr3,FOXP1,NM_001349338.3,160,CAA,UAA,-13.275246617192352,normal
CBGE,nonsense,NM_001349338.3(FOXP1):c.481C>T (p.Gln161Ter),chr3,FOXP1,NM_001349338.3,161,CAA,UAA,-13.537691147942011,normal
CBGE,nonsense,NM_001349338.3(FOXP1):c.484C>T (p.Gln162Ter),chr3,FOXP1,NM_001349338.3,162,CAA,UAA,-13.445961885019123,normal
CBGE,nonsense,NM_001349338.3(FOXP1):c.499C>T (p.Gln167Ter),chr3,FOXP1,NM_001349338.3,167,CAG,UAG,-11.206781302665163,normal
CBGE,nonsense,NM_001349338.3(FOXP1):c.49C>T (p.Gln17Ter),chr3,FOXP1,NM_001349338.3,17,CAG,UAG,-10.686236414497152,normal
CBGE,nonsense,NM_001349338.3(FOXP1):c.685C>T (p.Gln229Ter),chr3,FOXP1,NM_001349338.3,229,CAG,UAG,-13.505902286561946,normal
CBGE,nonsense,NM_001349338.3(FOXP1):c.7C>T (p.Gln3Ter),chr3,FOXP1,NM_001349338.3,3,CAA,UAA,-10.527122574719996,normal
CBGE,nonsense,NM_001354930.2(RIPK1):c.1288C>T (p.Gln430Ter),chr6,RIPK1,NM_001354930.2,430,CAG,UAG,-11.044887550952298,normal
CBGE,nonsense,NM_001354930.2(RIPK1):c.1351C>T (p.Gln451Ter),chr6,RIPK1,NM_001354930.2,451,CAG,UAG,-11.454839645058838,normal
CBGE,nonsense,NM_001354930.2(RIPK1):c.1467G>A (p.Trp489Ter),chr6,RIPK1,NM_001354930.2,489,UGG,UGA,-10.980657573771312,normal
CBGE,nonsense,NM_001354930.2(RIPK1):c.1717C>T (p.Gln573Ter),chr6,RIPK1,NM_001354930.2,573,CAA,UAA,-10.972503643211155,normal
CBGE,nonsense,NM_001354930.2(RIPK1):c.1861C>T (p.Arg621Ter),chr6,RIPK1,NM_001354930.2,621,CGA,UGA,-10.067045248815573,normal
CBGE,nonsense,NM_001354930.2(RIPK1):c.1963C>T (p.Gln655Ter),chr6,RIPK1,NM_001354930.2,655,CAG,UAG,-12.007923148242226,normal
CBGE,nonsense,NM_001354930.2(RIPK1):c.2008C>T (p.Gln670Ter),chr6,RIPK1,NM_001354930.2,670,CAG,UAG,-11.38727943056298,normal
CBGE,nonsense,NM_001356.5(DDX3X):c.1000G>T (p.Gly334Ter),chrX,DDX3X,NM_001356.5,334,GGA,UGA,-12.476220188965993,lof
CBGE,nonsense,NM_001356.5(DDX3X):c.1003A>T (p.Lys335Ter),chrX,DDX3X,NM_001356.5,335,AAG,UAG,-13.24741751586238,lof
CBGE,nonsense,NM_001356.5(DDX3X):c.1009G>T (p.Gly337Ter),chrX,DDX3X,NM_001356.5,337,GGA,UGA,-10.243127878156498,lof
CBGE,nonsense,NM_001356.5(DDX3X):c.1013T>A (p.Leu338Ter),chrX,DDX3X,NM_001356.5,338,UUA,UAA,-12.23788261971782,lof
CBGE,nonsense,NM_001356.5(DDX3X):c.1013T>G (p.Leu338Ter),chrX,DDX3X,NM_001356.5,338,UUA,UGA,-12.211879682463604,lof
CBGE,nonsense,NM_001356.5(DDX3X):c.1023C>A (p.Cys341Ter),chrX,DDX3X,NM_001356.5,341,UGC,UGA,-12.529976837269931,lof
CBGE,nonsense,NM_001356.5(DDX3X):c.1024A>T (p.Lys342Ter),chrX,DDX3X,NM_001356.5,342,AAA,UAA,-13.068147610100173,lof
CBGE,nonsense,NM_001356.5(DDX3X):c.1029C>A (p.Tyr343Ter),chrX,DDX3X,NM_001356.5,343,UAC,UAA,-12.630495001915834,lof
CBGE,nonsense,NM_001356.5(DDX3X):c.1029C>G (p.Tyr343Ter),chrX,DDX3X,NM_001356.5,343,UAC,UAG,-12.432516024422766,lof
CBGE,nonsense,NM_001356.5(DDX3X):c.1031T>A (p.Leu344Ter),chrX,DDX3X,NM_001356.5,344,UUG,UAG,-10.228112220368294,lof
CBGE,nonsense,NM_001356.5(DDX3X):c.1037T>A (p.Leu346Ter),chrX,DDX3X,NM_001356.5,346,UUA,UAA,-11.459712937366682,lof
CBGE,nonsense,NM_001356.5(DDX3X):c.1037T>G (p.Leu346Ter),chrX,DDX3X,NM_001356.5,346,UUA,UGA,-11.751873068543098,lof
CBGE,nonsense,NM_001356.5(DDX3X):c.103A>T (p.Lys35Ter),chrX,DDX3X,NM_001356.5,35,AAA,UAA,-12.753401753191254,lof
CBGE,nonsense,NM_001356.5(DDX3X):c.1042G>T (p.Glu348Ter),chrX,DDX3X,NM_001356.5,348,GAA,UAA,-13.85936154459134,lof
CBGE,nonsense,NM_001356.5(DDX3X):c.1058T>A (p.Leu353Ter),chrX,DDX3X,NM_001356.5,353,UUG,UAG,-10.91195496524695,lof
CBGE,nonsense,NM_001356.5(DDX3X):c.1072G>T (p.Glu358Ter),chrX,DDX3X,NM_001356.5,358,GAG,UAG,-10.783076240060904,lof
CBGE,nonsense,NM_001356.5(DDX3X):c.1078C>T (p.Gln360Ter),chrX,DDX3X,NM_001356.5,360,CAG,UAG,-11.94090655955772,lof
CBGE,nonsense,NM_001356.5(DDX3X):c.1087A>T (p.Arg363Ter),chrX,DDX3X,NM_001356.5,363,AGA,UGA,-11.875696130118452,lof
CBGE,nonsense,NM_001356.5(DDX3X):c.1096G>T (p.Glu366Ter),chrX,DDX3X,NM_001356.5,366,GAA,UAA,-11.890239690779316,lof
CBGE,nonsense,NM_001356.5(DDX3X):c.1099C>T (p.Gln367Ter),chrX,DDX3X,NM_001356.5,367,CAA,UAA,-11.663248079661305,lof
CBGE,nonsense,NM_001356.5(DDX3X):c.1117A>T (p.Lys373Ter),chrX,DDX3X,NM_001356.5,373,AAG,UAG,-13.13068674709484,lof
CBGE,nonsense,NM_001356.5(DDX3X):c.114T>A (p.Tyr38Ter),chrX,DDX3X,NM_001356.5,38,UAU,UAA,-11.999317166594858,lof
CBGE,nonsense,NM_001356.5(DDX3X):c.114T>G (p.Tyr38Ter),chrX,DDX3X,NM_001356.5,38,UAU,UAG,-12.323141133283505,lof
CBGE,nonsense,NM_001356.5(DDX3X):c.1159A>T (p.Lys387Ter),chrX,DDX3X,NM_001356.5,387,AAG,UAG,-14.056729347461932,lof
CBGE,nonsense,NM_001356.5(DDX3X):c.1162G>T (p.Glu388Ter),chrX,DDX3X,NM_001356.5,388,GAA,UAA,-10.5031567006813,lof
CBGE,nonsense,NM_001356.5(DDX3X):c.1168C>T (p.Gln390Ter),chrX,DDX3X,NM_001356.5,390,CAG,UAG,-11.084085454148877,lof
CBGE,nonsense,NM_001356.5(DDX3X):c.1190T>A (p.Leu397Ter),chrX,DDX3X,NM_001356.5,397,UUA,UAA,-13.791071879223889,lof
CBGE,nonsense,NM_001356.5(DDX3X):c.1190T>G (p.Leu397Ter),chrX,DDX3X,NM_001356.5,397,UUA,UGA,-14.19501019680643,lof
CBGE,nonsense,NM_001356.5(DDX3X):c.1195G>T (p.Glu399Ter),chrX,DDX3X,NM_001356.5,399,GAA,UAA,-11.330791491793368,lof
CBGE,nonsense,NM_001356.5(DDX3X):c.1200T>A (p.Tyr400Ter),chrX,DDX3X,NM_001356.5,400,UAU,UAA,-9.378223127609855,lof
CBGE,nonsense,NM_001356.5(DDX3X):c.1200T>G (p.Tyr400Ter),chrX,DDX3X,NM_001356.5,400,UAU,UAG,-9.886012752013425,lof
CBGE,nonsense,NM_001356.5(DDX3X):c.1208T>A (p.Leu403Ter),chrX,DDX3X,NM_001356.5,403,UUG,UAG,-9.751035685830605,lof
CBGE,nonsense,NM_001356.5(DDX3X):c.1216G>T (p.Gly406Ter),chrX,DDX3X,NM_001356.5,406,GGA,UGA,-14.111785959457224,lof
CBGE,nonsense,NM_001356.5(DDX3X):c.1219A>T (p.Arg407Ter),chrX,DDX3X,NM_001356.5,407,AGA,UGA,-14.01173019506056,lof
CBGE,nonsense,NM_001356.5(DDX3X):c.1237G>T (p.Glu413Ter),chrX,DDX3X,NM_001356.5,413,GAA,UAA,-11.8790025744237,lof
CBGE,nonsense,NM_001356.5(DDX3X):c.1249C>T (p.Gln417Ter),chrX,DDX3X,NM_001356.5,417,CAG,UAG,-13.657913108305149,lof
CBGE,nonsense,NM_001356.5(DDX3X):c.1252A>T (p.Lys418Ter),chrX,DDX3X,NM_001356.5,418,AAA,UAA,-14.696596147355535,lof
CBGE,nonsense,NM_001356.5(DDX3X):c.1262G>A (p.Trp421Ter),chrX,DDX3X,NM_001356.5,421,UGG,UAG,-14.002780932097398,lof
CBGE,nonsense,NM_001356.5(DDX3X):c.1263G>A (p.Trp421Ter),chrX,DDX3X,NM_001356.5,421,UGG,UGA,-14.280499500803032,lof
CBGE,nonsense,NM_001356.5(DDX3X):c.1267G>T (p.Glu423Ter),chrX,DDX3X,NM_001356.5,423,GAA,UAA,-13.675738292734527,lof
CBGE,nonsense,NM_001356.5(DDX3X):c.1270G>T (p.Glu424Ter),chrX,DDX3X,NM_001356.5,424,GAA,UAA,-11.877160098550682,lof
CBGE,nonsense,NM_001356.5(DDX3X):c.1274C>A (p.Ser425Ter),chrX,DDX3X,NM_001356.5,425,UCA,UAA,-11.464483237674113,lof
CBGE,nonsense,NM_001356.5(DDX3X):c.1274C>G (p.Ser425Ter),chrX,DDX3X,NM_001356.5,425,UCA,UGA,-11.575878166520807,lof
CBGE,nonsense,NM_001356.5(DDX3X):c.1279A>T (p.Lys427Ter),chrX,DDX3X,NM_001356.5,427,AAA,UAA,-15.421362870198752,lof
CBGE,nonsense,NM_001356.5(DDX3X):c.1286C>A (p.Ser429Ter),chrX,DDX3X,NM_001356.5,429,UCA,UAA,-10.926263754095604,lof
CBGE,nonsense,NM_001356.5(DDX3X):c.1286C>G (p.Ser429Ter),chrX,DDX3X,NM_001356.5,429,UCA,UGA,-10.802169779773564,lof
CBGE,nonsense,NM_001356.5(DDX3X):c.128T>A (p.Leu43Ter),chrX,DDX3X,NM_001356.5,43,UUA,UAA,-9.933605209320342,lof
CBGE,nonsense,NM_001356.5(DDX3X):c.128T>G (p.Leu43Ter),chrX,DDX3X,NM_001356.5,43,UUA,UGA,-10.20395280321088,lof
CBGE,nonsense,NM_001356.5(DDX3X):c.1318A>T (p.Lys440Ter),chrX,DDX3X,NM_001356.5,440,AAG,UAG,-12.557039271815492,lof
CBGE,nonsense,NM_001356.5(DDX3X):c.1325C>A (p.Ser442Ter),chrX,DDX3X,NM_001356.5,442,UCA,UAA,-11.611263298732595,lof
CBGE,nonsense,NM_001356.5(DDX3X):c.1325C>G (p.Ser442Ter),chrX,DDX3X,NM_001356.5,442,UCA,UGA,-11.68971529305335,lof
CBGE,nonsense,NM_001356.5(DDX3X):c.1334T>A (p.Leu445Ter),chrX,DDX3X,NM_001356.5,445,UUA,UAA,-11.5637902674297,lof
CBGE,nonsense,NM_001356.5(DDX3X):c.1334T>G (p.Leu445Ter),chrX,DDX3X,NM_001356.5,445,UUA,UGA,-11.743776375067512,lof
CBGE,nonsense,NM_001356.5(DDX3X):c.1345G>T (p.Glu449Ter),chrX,DDX3X,NM_001356.5,449,GAG,UAG,-9.968725195821012,lof
CBGE,nonsense,NM_001356.5(DDX3X):c.1351A>T (p.Lys451Ter),chrX,DDX3X,NM_001356.5,451,AAA,UAA,-12.99359324098212,lof
CBGE,nonsense,NM_001356.5(DDX3X):c.1354A>T (p.Lys452Ter),chrX,DDX3X,NM_001356.5,452,AAG,UAG,-11.852309261555927,lof
CBGE,nonsense,NM_001356.5(DDX3X):c.136C>T (p.Arg46Ter),chrX,DDX3X,NM_001356.5,46,CGA,UGA,-10.954028215838337,lof
CBGE,nonsense,NM_001356.5(DDX3X):c.1372G>T (p.Glu458Ter),chrX,DDX3X,NM_001356.5,458,GAG,UAG,-9.893499414916183,lof
CBGE,nonsense,NM_001356.5(DDX3X):c.1382T>A (p.Leu461Ter),chrX,DDX3X,NM_001356.5,461,UUA,UAA,-12.827966713174456,lof
CBGE,nonsense,NM_001356.5(DDX3X):c.1382T>G (p.Leu461Ter),chrX,DDX3X,NM_001356.5,461,UUA,UGA,-13.149442693263218,lof
CBGE,nonsense,NM_001356.5(DDX3X):c.1386C>A (p.Tyr462Ter),chrX,DDX3X,NM_001356.5,462,UAC,UAA,-12.114384677904752,lof
CBGE,nonsense,NM_001356.5(DDX3X):c.1386C>G (p.Tyr462Ter),chrX,DDX3X,NM_001356.5,462,UAC,UAG,-12.099033338810036,lof
CBGE,nonsense,NM_001356.5(DDX3X):c.1390G>T (p.Glu464Ter),chrX,DDX3X,NM_001356.5,464,GAA,UAA,-10.603065454953516,lof
CBGE,nonsense,NM_001356.5(DDX3X):c.1393G>T (p.Gly465Ter),chrX,DDX3X,NM_001356.5,465,GGA,UGA,-13.890937816024314,lof
CBGE,nonsense,NM_001356.5(DDX3X):c.1398C>A (p.Tyr466Ter),chrX,DDX3X,NM_001356.5,466,UAC,UAA,-8.212558281408782,lof
CBGE,nonsense,NM_001356.5(DDX3X):c.1398C>G (p.Tyr466Ter),chrX,DDX3X,NM_001356.5,466,UAC,UAG,-8.48116918016542,lof
CBGE,nonsense,NM_001356.5(DDX3X):c.139G>T (p.Glu47Ter),chrX,DDX3X,NM_001356.5,47,GAA,UAA,-11.567281699160455,lof
CBGE,nonsense,NM_001356.5(DDX3X):c.1404T>A (p.Cys468Ter),chrX,DDX3X,NM_001356.5,468,UGU,UGA,-12.679061945421076,lof
CBGE,nonsense,NM_001356.5(DDX3X):c.1417G>T (p.Gly473Ter),chrX,DDX3X,NM_001356.5,473,GGA,UGA,-14.325597699667954,lof
CBGE,nonsense,NM_001356.5(DDX3X):c.1429C>T (p.Gln477Ter),chrX,DDX3X,NM_001356.5,477,CAG,UAG,-13.389776280593152,lof
CBGE,nonsense,NM_001356.5(DDX3X):c.1438A>T (p.Arg480Ter),chrX,DDX3X,NM_001356.5,480,AGA,UGA,-10.431411819429522,lof
CBGE,nonsense,NM_001356.5(DDX3X):c.1441G>T (p.Glu481Ter),chrX,DDX3X,NM_001356.5,481,GAA,UAA,-12.606538738480854,lof
CBGE,nonsense,NM_001356.5(DDX3X):c.1444G>T (p.Glu482Ter),chrX,DDX3X,NM_001356.5,482,GAG,UAG,-12.736125910977565,lof
CBGE,nonsense,NM_001356.5(DDX3X):c.1456C>T (p.Gln486Ter),chrX,DDX3X,NM_001356.5,486,CAG,UAG,-11.33989721616816,lof
CBGE,nonsense,NM_001356.5(DDX3X):c.1466C>A (p.Ser489Ter),chrX,DDX3X,NM_001356.5,489,UCA,UAA,-11.924928724936604,lof
CBGE,nonsense,NM_001356.5(DDX3X):c.1466C>G (p.Ser489Ter),chrX,DDX3X,NM_001356.5,489,UCA,UGA,-11.644887010114974,lof
CBGE,nonsense,NM_001356.5(DDX3X):c.1468G>T (p.Gly490Ter),chrX,DDX3X,NM_001356.5,490,GGA,UGA,-13.751530525957705,lof
CBGE,nonsense,NM_001356.5(DDX3X):c.1471A>T (p.Lys491Ter),chrX,DDX3X,NM_001356.5,491,AAA,UAA,-14.893680555093352,lof
CBGE,nonsense,NM_001356.5(DDX3X):c.1484T>A (p.Leu495Ter),chrX,DDX3X,NM_001356.5,495,UUA,UAA,-11.777008084695776,lof
CBGE,nonsense,NM_001356.5(DDX3X):c.1484T>G (p.Leu495Ter),chrX,DDX3X,NM_001356.5,495,UUA,UGA,-11.930521916034676,lof
CBGE,nonsense,NM_001356.5(DDX3X):c.148A>T (p.Lys50Ter),chrX,DDX3X,NM_001356.5,50,AAA,UAA,-11.677141272550532,lof
CBGE,nonsense,NM_001356.5(DDX3X):c.1507A>T (p.Arg503Ter),chrX,DDX3X,NM_001356.5,503,AGA,UGA,-12.657003412177527,lof
CBGE,nonsense,NM_001356.5(DDX3X):c.1510G>T (p.Gly504Ter),chrX,DDX3X,NM_001356.5,504,GGA,UGA,-14.456649734017027,lof
CBGE,nonsense,NM_001356.5(DDX3X):c.1523C>A (p.Ser508Ter),chrX,DDX3X,NM_001356.5,508,UCA,UAA,-9.637823106349014,lof
CBGE,nonsense,NM_001356.5(DDX3X):c.1523C>G (p.Ser508Ter),chrX,DDX3X,NM_001356.5,508,UCA,UGA,-9.473695755125274,lof
CBGE,nonsense,NM_001356.5(DDX3X):c.1531A>T (p.Lys511Ter),chrX,DDX3X,NM_001356.5,511,AAA,UAA,-13.841572727853077,lof
CBGE,nonsense,NM_001356.5(DDX3X):c.1553T>A (p.Leu518Ter),chrX,DDX3X,NM_001356.5,518,UUG,UAG,-8.076229011357851,lof
CBGE,nonsense,NM_001356.5(DDX3X):c.1567G>T (p.Glu523Ter),chrX,DDX3X,NM_001356.5,523,GAA,UAA,-15.035095279959735,lof
CBGE,nonsense,NM_001356.5(DDX3X):c.1570G>T (p.Glu524Ter),chrX,DDX3X,NM_001356.5,524,GAA,UAA,-9.366863323294458,lof
CBGE,nonsense,NM_001356.5(DDX3X):c.1575T>A (p.Tyr525Ter),chrX,DDX3X,NM_001356.5,525,UAU,UAA,-14.303043408725266,lof
CBGE,nonsense,NM_001356.5(DDX3X):c.1575T>G (p.Tyr525Ter),chrX,DDX3X,NM_001356.5,525,UAU,UAG,-15.062329280702128,lof
CBGE,nonsense,NM_001356.5(DDX3X):c.1597G>T (p.Gly533Ter),chrX,DDX3X,NM_001356.5,533,GGA,UGA,-13.318936316594284,lof
CBGE,nonsense,NM_001356.5(DDX3X):c.159C>A (p.Tyr53Ter),chrX,DDX3X,NM_001356.5,53,UAC,UAA,-8.72955316622884,lof
CBGE,nonsense,NM_001356.5(DDX3X):c.159C>G (p.Tyr53Ter),chrX,DDX3X,NM_001356.5,53,UAC,UAG,-8.714284898015288,lof
CBGE,nonsense,NM_001356.5(DDX3X):c.1606G>T (p.Gly536Ter),chrX,DDX3X,NM_001356.5,536,GGA,UGA,-13.19867520901301,lof
CBGE,nonsense,NM_001356.5(DDX3X):c.1628C>A (p.Ser543Ter),chrX,DDX3X,NM_001356.5,543,UCA,UAA,-10.197010959437812,lof
CBGE,nonsense,NM_001356.5(DDX3X):c.1628C>G (p.Ser543Ter),chrX,DDX3X,NM_001356.5,543,UCA,UGA,-9.856401438581075,lof
CBGE,nonsense,NM_001356.5(DDX3X):c.1639G>T (p.Glu547Ter),chrX,DDX3X,NM_001356.5,547,GAG,UAG,-12.54933353496952,lof
CBGE,nonsense,NM_001356.5(DDX3X):c.163A>T (p.Lys55Ter),chrX,DDX3X,NM_001356.5,55,AAA,UAA,-12.529199592101666,lof
CBGE,nonsense,NM_001356.5(DDX3X):c.1660A>T (p.Lys554Ter),chrX,DDX3X,NM_001356.5,554,AAG,UAG,-12.054062803125964,lof
CBGE,nonsense,NM_001356.5(DDX3X):c.1667T>A (p.Leu556Ter),chrX,DDX3X,NM_001356.5,556,UUG,UAG,-12.67231173557885,lof
CBGE,nonsense,NM_001356.5(DDX3X):c.1670T>A (p.Leu557Ter),chrX,DDX3X,NM_001356.5,557,UUG,UAG,-7.546460823079551,lof
CBGE,nonsense,NM_001356.5(DDX3X):c.1684G>T (p.Glu562Ter),chrX,DDX3X,NM_001356.5,562,GAA,UAA,-13.10887911505328,lof
CBGE,nonsense,NM_001356.5(DDX3X):c.1690A>T (p.Lys564Ter),chrX,DDX3X,NM_001356.5,564,AAA,UAA,-12.419452576653804,lof
CBGE,nonsense,NM_001356.5(DDX3X):c.1693C>T (p.Gln565Ter),chrX,DDX3X,NM_001356.5,565,CAA,UAA,-11.829442058650825,lof
CBGE,nonsense,NM_001356.5(DDX3X):c.1696G>T (p.Glu566Ter),chrX,DDX3X,NM_001356.5,566,GAA,UAA,-12.126735703795898,lof
CBGE,nonsense,NM_001356.5(DDX3X):c.1709G>A (p.Trp570Ter),chrX,DDX3X,NM_001356.5,570,UGG,UAG,-14.014752415804857,lof
CBGE,nonsense,NM_001356.5(DDX3X):c.1710G>A (p.Trp570Ter),chrX,DDX3X,NM_001356.5,570,UGG,UGA,-14.08266253574449,lof
CBGE,nonsense,NM_001356.5(DDX3X):c.1712T>A (p.Leu571Ter),chrX,DDX3X,NM_001356.5,571,UUA,UAA,-13.485857015721274,lof
CBGE,nonsense,NM_001356.5(DDX3X):c.1712T>G (p.Leu571Ter),chrX,DDX3X,NM_001356.5,571,UUA,UGA,-13.86442751490348,lof
CBGE,nonsense,NM_001356.5(DDX3X):c.1714G>T (p.Glu572Ter),chrX,DDX3X,NM_001356.5,572,GAA,UAA,-11.458577179058084,lof
CBGE,nonsense,NM_001356.5(DDX3X):c.1728T>A (p.Tyr576Ter),chrX,DDX3X,NM_001356.5,576,UAU,UAA,-11.229325264042457,lof
CBGE,nonsense,NM_001356.5(DDX3X):c.1728T>G (p.Tyr576Ter),chrX,DDX3X,NM_001356.5,576,UAU,UAG,-11.858995405632168,lof
CBGE,nonsense,NM_001356.5(DDX3X):c.1729G>T (p.Glu577Ter),chrX,DDX3X,NM_001356.5,577,GAA,UAA,-12.646938374507474,lof
CBGE,nonsense,NM_001356.5(DDX3X):c.173C>A (p.Ser58Ter),chrX,DDX3X,NM_001356.5,58,UCA,UAA,-11.22802922554478,lof
CBGE,nonsense,NM_001356.5(DDX3X):c.173C>G (p.Ser58Ter),chrX,DDX3X,NM_001356.5,58,UCA,UGA,-10.629325887304676,lof
CBGE,nonsense,NM_001356.5(DDX3X):c.1740C>A (p.Tyr580Ter),chrX,DDX3X,NM_001356.5,580,UAC,UAA,-10.890268332118785,lof
CBGE,nonsense,NM_001356.5(DDX3X):c.1740C>G (p.Tyr580Ter),chrX,DDX3X,NM_001356.5,580,UAC,UAG,-10.858111284239314,lof
CBGE,nonsense,NM_001356.5(DDX3X):c.1741A>T (p.Lys581Ter),chrX,DDX3X,NM_001356.5,581,AAG,UAG,-12.138685219284676,lof
CBGE,nonsense,NM_001356.5(DDX3X):c.1756G>T (p.Gly586Ter),chrX,DDX3X,NM_001356.5,586,GGA,UGA,-12.716032036839028,lof
CBGE,nonsense,NM_001356.5(DDX3X):c.1765A>T (p.Lys589Ter),chrX,DDX3X,NM_001356.5,589,AAG,UAG,-8.972574555802614,lof
CBGE,nonsense,NM_001356.5(DDX3X):c.1774A>T (p.Arg592Ter),chrX,DDX3X,NM_001356.5,592,AGA,UGA,-10.75354667432476,lof
CBGE,nonsense,NM_001356.5(DDX3X):c.1783G>T (p.Gly595Ter),chrX,DDX3X,NM_001356.5,595,GGA,UGA,-12.8810968419967,lof
CBGE,nonsense,NM_001356.5(DDX3X):c.1798A>T (p.Arg600Ter),chrX,DDX3X,NM_001356.5,600,AGA,UGA,-11.06563950534028,lof
CBGE,nonsense,NM_001356.5(DDX3X):c.179G>A (p.Trp60Ter),chrX,DDX3X,NM_001356.5,60,UGG,UAG,-11.834368723671458,lof
CBGE,nonsense,NM_001356.5(DDX3X):c.1806C>A (p.Tyr602Ter),chrX,DDX3X,NM_001356.5,602,UAC,UAA,-11.59424206229168,lof
CBGE,nonsense,NM_001356.5(DDX3X):c.1806C>G (p.Tyr602Ter),chrX,DDX3X,NM_001356.5,602,UAC,UAG,-11.453176535078969,lof
CBGE,nonsense,NM_001356.5(DDX3X):c.1807C>T (p.Arg603Ter),chrX,DDX3X,NM_001356.5,603,CGA,UGA,-10.79906848416015,lof
CBGE,nonsense,NM_001356.5(DDX3X):c.180G>A (p.Trp60Ter),chrX,DDX3X,NM_001356.5,60,UGG,UGA,-11.435246462178885,lof
CBGE,nonsense,NM_001356.5(DDX3X):c.1810C>T (p.Gln604Ter),chrX,DDX3X,NM_001356.5,604,CAA,UAA,-9.893823654712651,lof
CBGE,nonsense,NM_001356.5(DDX3X):c.1873G>T (p.Gly625Ter),chrX,DDX3X,NM_001356.5,625,GGA,UGA,-9.93086622027507,lof
CBGE,nonsense,NM_001356.5(DDX3X):c.1894A>T (p.Arg632Ter),chrX,DDX3X,NM_001356.5,632,AGA,UGA,-10.344792437096393,normal
CBGE,nonsense,NM_001356.5(DDX3X):c.1897G>T (p.Gly633Ter),chrX,DDX3X,NM_001356.5,633,GGA,UGA,-13.193576791885414,normal
CBGE,nonsense,NM_001356.5(DDX3X):c.1906G>T (p.Gly636Ter),chrX,DDX3X,NM_001356.5,636,GGA,UGA,-13.073430034575534,lof
CBGE,nonsense,NM_001356.5(DDX3X):c.190A>T (p.Lys64Ter),chrX,DDX3X,NM_001356.5,64,AAA,UAA,-11.922391875602775,lof
CBGE,nonsense,NM_001356.5(DDX3X):c.1917T>A (p.Tyr639Ter),chrX,DDX3X,NM_001356.5,639,UAU,UAA,-10.707460476369963,lof
CBGE,nonsense,NM_001356.5(DDX3X):c.1917T>G (p.Tyr639Ter),chrX,DDX3X,NM_001356.5,639,UAU,UAG,-11.09546094362241,normal
CBGE,nonsense,NM_001356.5(DDX3X):c.1918G>T (p.Gly640Ter),chrX,DDX3X,NM_001356.5,640,GGA,UGA,-14.132919331205198,normal
CBGE,nonsense,NM_001356.5(DDX3X):c.1929C>A (p.Tyr643Ter),chrX,DDX3X,NM_001356.5,643,UAC,UAA,-10.03425592805436,normal
CBGE,nonsense,NM_001356.5(DDX3X):c.1929C>G (p.Tyr643Ter),chrX,DDX3X,NM_001356.5,643,UAC,UAG,-9.84838967853518,normal
CBGE,nonsense,NM_001356.5(DDX3X):c.1939G>T (p.Gly647Ter),chrX,DDX3X,NM_001356.5,647,GGA,UGA,-13.121074671811243,normal
CBGE,nonsense,NM_001356.5(DDX3X):c.1944T>A (p.Tyr648Ter),chrX,DDX3X,NM_001356.5,648,UAU,UAA,-12.361021065686298,normal
CBGE,nonsense,NM_001356.5(DDX3X):c.1944T>G (p.Tyr648Ter),chrX,DDX3X,NM_001356.5,648,UAU,UAG,-12.7111606685419,normal
CBGE,nonsense,NM_001356.5(DDX3X):c.1945G>T (p.Gly649Ter),chrX,DDX3X,NM_001356.5,649,GGA,UGA,-13.537071147589332,normal
CBGE,nonsense,NM_001356.5(DDX3X):c.1948G>T (p.Gly650Ter),chrX,DDX3X,NM_001356.5,650,GGA,UGA,-13.294395427733468,lof
CBGE,nonsense,NM_001356.5(DDX3X):c.1956T>A (p.Tyr652Ter),chrX,DDX3X,NM_001356.5,652,UAU,UAA,-11.23959733897349,normal
CBGE,nonsense,NM_001356.5(DDX3X):c.1956T>G (p.Tyr652Ter),chrX,DDX3X,NM_001356.5,652,UAU,UAG,-11.453471127306289,normal
CBGE,nonsense,NM_001356.5(DDX3X):c.1963C>T (p.Gln655Ter),chrX,DDX3X,NM_001356.5,655,CAG,UAG,-10.472976720799904,normal
CBGE,nonsense,NM_001356.5(DDX3X):c.196A>T (p.Lys66Ter),chrX,DDX3X,NM_001356.5,66,AAG,UAG,-11.462959233718856,lof
CBGE,nonsense,NM_001356.5(DDX3X):c.1976G>A (p.Trp659Ter),chrX,DDX3X,NM_001356.5,659,UGG,UAG,-12.053115834364831,normal
CBGE,nonsense,NM_001356.5(DDX3X):c.1977G>A (p.Trp659Ter),chrX,DDX3X,NM_001356.5,659,UGG,UGA,-11.601817165186748,lof
CBGE,nonsense,NM_001356.5(DDX3X):c.1979G>A (p.Trp660Ter),chrX,DDX3X,NM_001356.5,660,UGG,UAG,-11.033662736270871,normal
CBGE,nonsense,NM_001356.5(DDX3X):c.1980G>A (p.Trp660Ter),chrX,DDX3X,NM_001356.5,660,UGG,UGA,-10.60208887343666,normal
CBGE,nonsense,NM_001356.5(DDX3X):c.19G>T (p.Glu7Ter),chrX,DDX3X,NM_001356.5,7,GAA,UAA,-12.572650904409192,lof
CBGE,nonsense,NM_001356.5(DDX3X):c.207T>A (p.Tyr69Ter),chrX,DDX3X,NM_001356.5,69,UAU,UAA,-10.038723911431266,lof
CBGE,nonsense,NM_001356.5(DDX3X):c.207T>G (p.Tyr69Ter),chrX,DDX3X,NM_001356.5,69,UAU,UAG,-10.31066993197876,lof
CBGE,nonsense,NM_001356.5(DDX3X):c.217G>T (p.Gly73Ter),chrX,DDX3X,NM_001356.5,73,GGA,UGA,-11.69941710618828,lof
CBGE,nonsense,NM_001356.5(DDX3X):c.233C>A (p.Ser78Ter),chrX,DDX3X,NM_001356.5,78,UCA,UAA,-11.377868629543316,lof
CBGE,nonsense,NM_001356.5(DDX3X):c.233C>G (p.Ser78Ter),chrX,DDX3X,NM_001356.5,78,UCA,UGA,-11.15114404919135,lof
CBGE,nonsense,NM_001356.5(DDX3X):c.235A>T (p.Arg79Ter),chrX,DDX3X,NM_001356.5,79,AGA,UGA,-11.041942538142926,lof
CBGE,nonsense,NM_001356.5(DDX3X):c.241A>T (p.Lys81Ter),chrX,DDX3X,NM_001356.5,81,AAG,UAG,-11.297727590481228,lof
CBGE,nonsense,NM_001356.5(DDX3X):c.265G>T (p.Gly89Ter),chrX,DDX3X,NM_001356.5,89,GGA,UGA,-12.42686074116668,lof
CBGE,nonsense,NM_001356.5(DDX3X):c.271G>T (p.Gly91Ter),chrX,DDX3X,NM_001356.5,91,GGA,UGA,-10.498964260223191,lof
CBGE,nonsense,NM_001356.5(DDX3X):c.275C>A (p.Ser92Ter),chrX,DDX3X,NM_001356.5,92,UCA,UAA,-9.949964430425966,lof
CBGE,nonsense,NM_001356.5(DDX3X):c.275C>G (p.Ser92Ter),chrX,DDX3X,NM_001356.5,92,UCA,UGA,-9.722243341411716,lof
CBGE,nonsense,NM_001356.5(DDX3X):c.280G>T (p.Gly94Ter),chrX,DDX3X,NM_001356.5,94,GGA,UGA,-11.897010803788858,lof
CBGE,nonsense,NM_001356.5(DDX3X):c.298G>T (p.Gly100Ter),chrX,DDX3X,NM_001356.5,100,GGA,UGA,-12.540235434269784,lof
CBGE,nonsense,NM_001356.5(DDX3X):c.312C>A (p.Tyr104Ter),chrX,DDX3X,NM_001356.5,104,UAC,UAA,-8.782228143953356,lof
CBGE,nonsense,NM_001356.5(DDX3X):c.312C>G (p.Tyr104Ter),chrX,DDX3X,NM_001356.5,104,UAC,UAG,-8.821918176821317,lof
CBGE,nonsense,NM_001356.5(DDX3X):c.337A>T (p.Arg113Ter),chrX,DDX3X,NM_001356.5,113,AGA,UGA,-11.918806986411193,lof
CBGE,nonsense,NM_001356.5(DDX3X):c.352A>T (p.Lys118Ter),chrX,DDX3X,NM_001356.5,118,AAA,UAA,-11.093038553911818,lof
CBGE,nonsense,NM_001356.5(DDX3X):c.358G>T (p.Glu120Ter),chrX,DDX3X,NM_001356.5,120,GAA,UAA,-11.647455160689216,lof
CBGE,nonsense,NM_001356.5(DDX3X):c.367G>T (p.Gly123Ter),chrX,DDX3X,NM_001356.5,123,GGA,UGA,-12.459709208630604,lof
CBGE,nonsense,NM_001356.5(DDX3X):c.380G>A (p.Trp127Ter),chrX,DDX3X,NM_001356.5,127,UGG,UAG,-13.04253194391381,lof
CBGE,nonsense,NM_001356.5(DDX3X):c.381G>A (p.Trp127Ter),chrX,DDX3X,NM_001356.5,127,UGG,UGA,-12.358025496894609,lof
CBGE,nonsense,NM_001356.5(DDX3X):c.384T>A (p.Cys128Ter),chrX,DDX3X,NM_001356.5,128,UGU,UGA,-9.06556753384084,lof
CBGE,nonsense,NM_001356.5(DDX3X):c.388A>T (p.Lys130Ter),chrX,DDX3X,NM_001356.5,130,AAA,UAA,-12.842561628043732,lof
CBGE,nonsense,NM_001356.5(DDX3X):c.392C>A (p.Ser131Ter),chrX,DDX3X,NM_001356.5,131,UCA,UAA,-10.047703733113108,lof
CBGE,nonsense,NM_001356.5(DDX3X):c.392C>G (p.Ser131Ter),chrX,DDX3X,NM_001356.5,131,UCA,UGA,-9.716196067675796,lof
CBGE,nonsense,NM_001356.5(DDX3X):c.397G>T (p.Glu133Ter),chrX,DDX3X,NM_001356.5,133,GAA,UAA,-11.194089832489414,lof
CBGE,nonsense,NM_001356.5(DDX3X):c.407G>A (p.Trp136Ter),chrX,DDX3X,NM_001356.5,136,UGG,UAG,-12.431015005755189,lof
CBGE,nonsense,NM_001356.5(DDX3X):c.408G>A (p.Trp136Ter),chrX,DDX3X,NM_001356.5,136,UGG,UGA,-12.117231310298951,lof
CBGE,nonsense,NM_001356.5(DDX3X):c.40C>T (p.Gln14Ter),chrX,DDX3X,NM_001356.5,14,CAG,UAG,-11.975000384566725,lof
CBGE,nonsense,NM_001356.5(DDX3X):c.410C>A (p.Ser137Ter),chrX,DDX3X,NM_001356.5,137,UCA,UAA,-10.168211898570249,lof
CBGE,nonsense,NM_001356.5(DDX3X):c.410C>G (p.Ser137Ter),chrX,DDX3X,NM_001356.5,137,UCA,UGA,-9.948575020338502,lof
CBGE,nonsense,NM_001356.5(DDX3X):c.412A>T (p.Lys138Ter),chrX,DDX3X,NM_001356.5,138,AAA,UAA,-13.112823454738267,lof
CBGE,nonsense,NM_001356.5(DDX3X):c.430G>T (p.Glu144Ter),chrX,DDX3X,NM_001356.5,144,GAA,UAA,-12.653904822827764,lof
CBGE,nonsense,NM_001356.5(DDX3X):c.437T>A (p.Leu146Ter),chrX,DDX3X,NM_001356.5,146,UUG,UAG,-9.103822680154238,lof
CBGE,nonsense,NM_001356.5(DDX3X):c.439G>T (p.Glu147Ter),chrX,DDX3X,NM_001356.5,147,GAA,UAA,-11.606368965441112,lof
CBGE,nonsense,NM_001356.5(DDX3X):c.43C>T (p.Gln15Ter),chrX,DDX3X,NM_001356.5,15,CAG,UAG,-11.261909473501802,lof
CBGE,nonsense,NM_001356.5(DDX3X):c.442C>T (p.Gln148Ter),chrX,DDX3X,NM_001356.5,148,CAG,UAG,-10.834797911207923,lof
CBGE,nonsense,NM_001356.5(DDX3X):c.445G>T (p.Glu149Ter),chrX,DDX3X,NM_001356.5,149,GAA,UAA,-11.982206352045305,lof
CBGE,nonsense,NM_001356.5(DDX3X):c.457G>T (p.Gly153Ter),chrX,DDX3X,NM_001356.5,153,GGA,UGA,-11.211512546359335,lof
CBGE,nonsense,NM_001356.5(DDX3X):c.481G>T (p.Glu161Ter),chrX,DDX3X,NM_001356.5,161,GAG,UAG,-12.34835822445772,lof
CBGE,nonsense,NM_001356.5(DDX3X):c.484A>T (p.Lys162Ter),chrX,DDX3X,NM_001356.5,162,AAA,UAA,-14.525522278220182,lof
CBGE,nonsense,NM_001356.5(DDX3X):c.489C>A (p.Tyr163Ter),chrX,DDX3X,NM_001356.5,163,UAC,UAA,-8.807579957260407,lof
CBGE,nonsense,NM_001356.5(DDX3X):c.489C>G (p.Tyr163Ter),chrX,DDX3X,NM_001356.5,163,UAC,UAG,-8.867079732299711,lof
CBGE,nonsense,NM_001356.5(DDX3X):c.505G>T (p.Glu169Ter),chrX,DDX3X,NM_001356.5,169,GAG,UAG,-11.529200556883763,lof
CBGE,nonsense,NM_001356.5(DDX3X):c.525T>A (p.Cys175Ter),chrX,DDX3X,NM_001356.5,175,UGU,UGA,-11.349830574052357,lof
CBGE,nonsense,NM_001356.5(DDX3X):c.538G>T (p.Glu180Ter),chrX,DDX3X,NM_001356.5,180,GAA,UAA,-12.474838345302771,lof
CBGE,nonsense,NM_001356.5(DDX3X):c.556G>T (p.Glu186Ter),chrX,DDX3X,NM_001356.5,186,GAG,UAG,-10.658020119254624,lof
CBGE,nonsense,NM_001356.5(DDX3X):c.562G>T (p.Gly188Ter),chrX,DDX3X,NM_001356.5,188,GGA,UGA,-9.540893617370967,lof
CBGE,nonsense,NM_001356.5(DDX3X):c.565G>T (p.Glu189Ter),chrX,DDX3X,NM_001356.5,189,GAA,UAA,-13.24535557976796,lof
CBGE,nonsense,NM_001356.5(DDX3X):c.577G>T (p.Gly193Ter),chrX,DDX3X,NM_001356.5,193,GGA,UGA,-11.520051987456986,lof
CBGE,nonsense,NM_001356.5(DDX3X):c.586G>T (p.Glu196Ter),chrX,DDX3X,NM_001356.5,196,GAG,UAG,-14.767208057371324,lof
CBGE,nonsense,NM_001356.5(DDX3X):c.600T>A (p.Tyr200Ter),chrX,DDX3X,NM_001356.5,200,UAU,UAA,-13.96307756147722,lof
CBGE,nonsense,NM_001356.5(DDX3X):c.600T>G (p.Tyr200Ter),chrX,DDX3X,NM_001356.5,200,UAU,UAG,-14.773762719700958,lof
CBGE,nonsense,NM_001356.5(DDX3X):c.619C>T (p.Gln207Ter),chrX,DDX3X,NM_001356.5,207,CAA,UAA,-11.0792761291235,lof
CBGE,nonsense,NM_001356.5(DDX3X):c.622A>T (p.Lys208Ter),chrX,DDX3X,NM_001356.5,208,AAG,UAG,-13.38305469361588,lof
CBGE,nonsense,NM_001356.5(DDX3X):c.643A>T (p.Lys215Ter),chrX,DDX3X,NM_001356.5,215,AAA,UAA,-11.629302934967402,lof
CBGE,nonsense,NM_001356.5(DDX3X):c.646G>T (p.Glu216Ter),chrX,DDX3X,NM_001356.5,216,GAG,UAG,-13.948858211357049,lof
CBGE,nonsense,NM_001356.5(DDX3X):c.649A>T (p.Lys217Ter),chrX,DDX3X,NM_001356.5,217,AAA,UAA,-12.494898812197883,lof
CBGE,nonsense,NM_001356.5(DDX3X):c.652A>T (p.Arg218Ter),chrX,DDX3X,NM_001356.5,218,AGA,UGA,-12.379629070502157,lof
CBGE,nonsense,NM_001356.5(DDX3X):c.659T>A (p.Leu220Ter),chrX,DDX3X,NM_001356.5,220,UUG,UAG,-11.356026634398134,lof
CBGE,nonsense,NM_001356.5(DDX3X):c.669T>A (p.Cys223Ter),chrX,DDX3X,NM_001356.5,223,UGU,UGA,-9.920492158508113,lof
CBGE,nonsense,NM_001356.5(DDX3X):c.673C>T (p.Gln225Ter),chrX,DDX3X,NM_001356.5,225,CAA,UAA,-12.575147553357544,lof
CBGE,nonsense,NM_001356.5(DDX3X):c.685G>T (p.Gly229Ter),chrX,DDX3X,NM_001356.5,229,GGA,UGA,-10.99044886104004,lof
CBGE,nonsense,NM_001356.5(DDX3X):c.688A>T (p.Lys230Ter),chrX,DDX3X,NM_001356.5,230,AAA,UAA,-13.8081989427195,lof
CBGE,nonsense,NM_001356.5(DDX3X):c.707T>A (p.Leu236Ter),chrX,DDX3X,NM_001356.5,236,UUG,UAG,-11.387043052190595,lof
CBGE,nonsense,NM_001356.5(DDX3X):c.716T>A (p.Leu239Ter),chrX,DDX3X,NM_001356.5,239,UUG,UAG,-12.975090956579692,lof
CBGE,nonsense,NM_001356.5(DDX3X):c.71C>A (p.Ser24Ter),chrX,DDX3X,NM_001356.5,24,UCA,UAA,-11.430870052214102,lof
CBGE,nonsense,NM_001356.5(DDX3X):c.71C>G (p.Ser24Ter),chrX,DDX3X,NM_001356.5,24,UCA,UGA,-10.973815900346144,lof
CBGE,nonsense,NM_001356.5(DDX3X):c.721C>T (p.Gln241Ter),chrX,DDX3X,NM_001356.5,241,CAG,UAG,-10.833353010241396,lof
CBGE,nonsense,NM_001356.5(DDX3X):c.729T>A (p.Tyr243Ter),chrX,DDX3X,NM_001356.5,243,UAU,UAA,-10.896532020008811,lof
CBGE,nonsense,NM_001356.5(DDX3X):c.729T>G (p.Tyr243Ter),chrX,DDX3X,NM_001356.5,243,UAU,UAG,-11.583568516764696,lof
CBGE,nonsense,NM_001356.5(DDX3X):c.731C>A (p.Ser244Ter),chrX,DDX3X,NM_001356.5,244,UCA,UAA,-9.735784575575218,lof
CBGE,nonsense,NM_001356.5(DDX3X):c.731C>G (p.Ser244Ter),chrX,DDX3X,NM_001356.5,244,UCA,UGA,-9.60728454348166,lof
CBGE,nonsense,NM_001356.5(DDX3X):c.745G>T (p.Glu249Ter),chrX,DDX3X,NM_001356.5,249,GAG,UAG,-11.717955538149882,lof
CBGE,nonsense,NM_001356.5(DDX3X):c.752T>A (p.Leu251Ter),chrX,DDX3X,NM_001356.5,251,UUG,UAG,-9.057014541706804,lof
CBGE,nonsense,NM_001356.5(DDX3X):c.763A>T (p.Lys255Ter),chrX,DDX3X,NM_001356.5,255,AAG,UAG,-12.27621456059781,lof
CBGE,nonsense,NM_001356.5(DDX3X):c.766G>T (p.Glu256Ter),chrX,DDX3X,NM_001356.5,256,GAA,UAA,-12.63415525196598,lof
CBGE,nonsense,NM_001356.5(DDX3X):c.772G>T (p.Gly258Ter),chrX,DDX3X,NM_001356.5,258,GGA,UGA,-12.376504910340351,lof
CBGE,nonsense,NM_001356.5(DDX3X):c.780T>A (p.Tyr260Ter),chrX,DDX3X,NM_001356.5,260,UAU,UAA,-10.25798793282395,lof
CBGE,nonsense,NM_001356.5(DDX3X):c.780T>G (p.Tyr260Ter),chrX,DDX3X,NM_001356.5,260,UAU,UAG,-10.599891656874949,lof
CBGE,nonsense,NM_001356.5(DDX3X):c.790A>T (p.Lys264Ter),chrX,DDX3X,NM_001356.5,264,AAA,UAA,-13.455201203736024,lof
CBGE,nonsense,NM_001356.5(DDX3X):c.793C>T (p.Gln265Ter),chrX,DDX3X,NM_001356.5,265,CAA,UAA,-10.965963353401264,lof
CBGE,nonsense,NM_001356.5(DDX3X):c.798C>A (p.Tyr266Ter),chrX,DDX3X,NM_001356.5,266,UAC,UAA,-9.80260468939236,lof
CBGE,nonsense,NM_001356.5(DDX3X):c.798C>G (p.Tyr266Ter),chrX,DDX3X,NM_001356.5,266,UAC,UAG,-9.801794935973524,lof
CBGE,nonsense,NM_001356.5(DDX3X):c.79C>T (p.Gln27Ter),chrX,DDX3X,NM_001356.5,27,CAG,UAG,-10.425292889087345,lof
CBGE,nonsense,NM_001356.5(DDX3X):c.809T>A (p.Leu270Ter),chrX,DDX3X,NM_001356.5,270,UUG,UAG,-12.222454975023403,lof
CBGE,nonsense,NM_001356.5(DDX3X):c.815T>A (p.Leu272Ter),chrX,DDX3X,NM_001356.5,272,UUA,UAA,-12.499664313123736,lof
CBGE,nonsense,NM_001356.5(DDX3X):c.815T>G (p.Leu272Ter),chrX,DDX3X,NM_001356.5,272,UUA,UGA,-12.734180474543123,lof
CBGE,nonsense,NM_001356.5(DDX3X):c.826A>T (p.Arg276Ter),chrX,DDX3X,NM_001356.5,276,AGA,UGA,-12.273220077443533,lof
CBGE,nonsense,NM_001356.5(DDX3X):c.829G>T (p.Glu277Ter),chrX,DDX3X,NM_001356.5,277,GAG,UAG,-14.692357986342142,lof
CBGE,nonsense,NM_001356.5(DDX3X):c.833T>A (p.Leu278Ter),chrX,DDX3X,NM_001356.5,278,UUG,UAG,-10.943909639024184,lof
CBGE,nonsense,NM_001356.5(DDX3X):c.841C>T (p.Gln281Ter),chrX,DDX3X,NM_001356.5,281,CAG,UAG,-14.586696633199525,lof
CBGE,nonsense,NM_001356.5(DDX3X):c.849C>A (p.Tyr283Ter),chrX,DDX3X,NM_001356.5,283,UAC,UAA,-9.07105638245925,lof
CBGE,nonsense,NM_001356.5(DDX3X):c.849C>G (p.Tyr283Ter),chrX,DDX3X,NM_001356.5,283,UAC,UAG,-9.45788380895092,lof
CBGE,nonsense,NM_001356.5(DDX3X):c.850G>T (p.Glu284Ter),chrX,DDX3X,NM_001356.5,284,GAG,UAG,-11.49328815750162,lof
CBGE,nonsense,NM_001356.5(DDX3X):c.853G>T (p.Glu285Ter),chrX,DDX3X,NM_001356.5,285,GAA,UAA,-13.312129995567028,lof
CBGE,nonsense,NM_001356.5(DDX3X):c.859A>T (p.Arg287Ter),chrX,DDX3X,NM_001356.5,287,AGA,UGA,-11.980223694304682,lof
CBGE,nonsense,NM_001356.5(DDX3X):c.85G>T (p.Gly29Ter),chrX,DDX3X,NM_001356.5,29,GGA,UGA,-11.756114013934546,lof
CBGE,nonsense,NM_001356.5(DDX3X):c.862A>T (p.Lys288Ter),chrX,DDX3X,NM_001356.5,288,AAA,UAA,-14.139292732536846,lof
CBGE,nonsense,NM_001356.5(DDX3X):c.869C>A (p.Ser290Ter),chrX,DDX3X,NM_001356.5,290,UCA,UAA,-10.687474164833963,lof
CBGE,nonsense,NM_001356.5(DDX3X):c.869C>G (p.Ser290Ter),chrX,DDX3X,NM_001356.5,290,UCA,UGA,-10.94272990981349,lof
CBGE,nonsense,NM_001356.5(DDX3X):c.873C>A (p.Tyr291Ter),chrX,DDX3X,NM_001356.5,291,UAC,UAA,-14.18347837854489,lof
CBGE,nonsense,NM_001356.5(DDX3X):c.873C>G (p.Tyr291Ter),chrX,DDX3X,NM_001356.5,291,UAC,UAG,-14.47727681070189,lof
CBGE,nonsense,NM_001356.5(DDX3X):c.874C>T (p.Arg292Ter),chrX,DDX3X,NM_001356.5,292,CGA,UGA,-11.301306718441344,lof
CBGE,nonsense,NM_001356.5(DDX3X):c.880A>T (p.Arg294Ter),chrX,DDX3X,NM_001356.5,294,AGA,UGA,-10.604972845613275,lof
CBGE,nonsense,NM_001356.5(DDX3X):c.88G>T (p.Gly30Ter),chrX,DDX3X,NM_001356.5,30,GGA,UGA,-11.686086689709803,lof
CBGE,nonsense,NM_001356.5(DDX3X):c.894C>A (p.Cys298Ter),chrX,DDX3X,NM_001356.5,298,UGC,UGA,-10.401103932284888,lof
CBGE,nonsense,NM_001356.5(DDX3X):c.903T>A (p.Tyr301Ter),chrX,DDX3X,NM_001356.5,301,UAU,UAA,-15.071017243197009,lof
CBGE,nonsense,NM_001356.5(DDX3X):c.903T>G (p.Tyr301Ter),chrX,DDX3X,NM_001356.5,301,UAU,UAG,-15.883945403852032,lof
CBGE,nonsense,NM_001356.5(DDX3X):c.922C>T (p.Gln308Ter),chrX,DDX3X,NM_001356.5,308,CAG,UAG,-11.841201743366891,lof
CBGE,nonsense,NM_001356.5(DDX3X):c.925C>T (p.Gln309Ter),chrX,DDX3X,NM_001356.5,309,CAG,UAG,-13.213202500318593,lof
CBGE,nonsense,NM_001356.5(DDX3X):c.931C>T (p.Arg311Ter),chrX,DDX3X,NM_001356.5,311,CGA,UGA,-11.647756498730228,lof
CBGE,nonsense,NM_001356.5(DDX3X):c.938T>A (p.Leu313Ter),chrX,DDX3X,NM_001356.5,313,UUG,UAG,-12.347167920207816,lof
CBGE,nonsense,NM_001356.5(DDX3X):c.940G>T (p.Glu314Ter),chrX,DDX3X,NM_001356.5,314,GAA,UAA,-13.25385571980292,lof
CBGE,nonsense,NM_001356.5(DDX3X):c.946G>T (p.Gly316Ter),chrX,DDX3X,NM_001356.5,316,GGA,UGA,-14.671568808775431,lof
CBGE,nonsense,NM_001356.5(DDX3X):c.951C>A (p.Cys317Ter),chrX,DDX3X,NM_001356.5,317,UGC,UGA,-13.250681883698975,lof
CBGE,nonsense,NM_001356.5(DDX3X):c.956T>A (p.Leu319Ter),chrX,DDX3X,NM_001356.5,319,UUG,UAG,-11.386463109895692,lof
CBGE,nonsense,NM_001356.5(DDX3X):c.959T>A (p.Leu320Ter),chrX,DDX3X,NM_001356.5,320,UUA,UAA,-12.686095220564432,lof
CBGE,nonsense,NM_001356.5(DDX3X):c.959T>G (p.Leu320Ter),chrX,DDX3X,NM_001356.5,320,UUA,UGA,-13.14481542991028,lof
CBGE,nonsense,NM_001356.5(DDX3X):c.973G>T (p.Gly325Ter),chrX,DDX3X,NM_001356.5,325,GGA,UGA,-11.191721908269615,lof
CBGE,nonsense,NM_001356.5(DDX3X):c.994G>T (p.Glu332Ter),chrX,DDX3X,NM_001356.5,332,GAA,UAA,-13.614880476649075,lof
CBGE,nonsense,NM_001356.5(DDX3X):c.997A>T (p.Arg333Ter),chrX,DDX3X,NM_001356.5,333,AGA,UGA,-11.94353099956837,lof
CBGE,nonsense,NM_001366207.1(DLG1):c.1531C>T (p.Gln511Ter),chr3,DLG1,NM_001366207.1,511,CAA,UAA,-8.886246705033717,normal
CBGE,nonsense,NM_001366207.1(DLG1):c.1537C>T (p.Arg513Ter),chr3,DLG1,NM_001366207.1,513,CGA,UGA,-10.081914010560572,normal
CBGE,nonsense,NM_001366207.1(DLG1):c.1645C>T (p.Arg549Ter),chr3,DLG1,NM_001366207.1,549,CGA,UGA,-10.12433142307057,normal
CBGE,nonsense,NM_001366207.1(DLG1):c.1708C>T (p.Gln570Ter),chr3,DLG1,NM_001366207.1,570,CAG,UAG,-11.263063472278672,normal
CBGE,nonsense,NM_001366207.1(DLG1):c.1774C>T (p.Gln592Ter),chr3,DLG1,NM_001366207.1,592,CAA,UAA,-11.282307627281142,normal
CBGE,nonsense,NM_001366207.1(DLG1):c.1783C>T (p.Gln595Ter),chr3,DLG1,NM_001366207.1,595,CAG,UAG,-6.713835717467878,normal
CBGE,nonsense,NM_001366207.1(DLG1):c.2110C>T (p.Arg704Ter),chr3,DLG1,NM_001366207.1,704,CGA,UGA,-10.17698856838144,normal
CBGE,nonsense,NM_001366207.1(DLG1):c.2218C>T (p.Arg740Ter),chr3,DLG1,NM_001366207.1,740,CGA,UGA,-9.669679657747688,normal
CBGE,nonsense,NM_001366207.1(DLG1):c.2269C>T (p.Gln757Ter),chr3,DLG1,NM_001366207.1,757,CAG,UAG,-11.047595946419582,normal
CBGE,nonsense,NM_001366207.1(DLG1):c.229C>T (p.Gln77Ter),chr3,DLG1,NM_001366207.1,77,CAA,UAA,-10.556480458791276,normal
CBGE,nonsense,NM_001366207.1(DLG1):c.2314C>T (p.Gln772Ter),chr3,DLG1,NM_001366207.1,772,CAG,UAG,-10.94130891843306,normal
CBGE,nonsense,NM_001366207.1(DLG1):c.2356C>T (p.Arg786Ter),chr3,DLG1,NM_001366207.1,786,CGA,UGA,-11.999186502439214,normal
CBGE,nonsense,NM_001366207.1(DLG1):c.245G>A (p.Trp82Ter),chr3,DLG1,NM_001366207.1,82,UGG,UAG,-10.008447292136076,normal
CBGE,nonsense,NM_001366207.1(DLG1):c.2584C>T (p.Gln862Ter),chr3,DLG1,NM_001366207.1,862,CAG,UAG,-10.50318904259652,normal
CBGE,nonsense,NM_001366207.1(DLG1):c.370C>T (p.Gln124Ter),chr3,DLG1,NM_001366207.1,124,CAA,UAA,-10.630144132859815,normal
CBGE,nonsense,NM_001366207.1(DLG1):c.697C>T (p.Gln233Ter),chr3,DLG1,NM_001366207.1,233,CAA,UAA,-9.861896554862902,normal
CBGE,nonsense,NM_001366207.1(DLG1):c.919C>T (p.Gln307Ter),chr3,DLG1,NM_001366207.1,307,CAG,UAG,-9.351339913188728,normal
CBGE,nonsense,NM_001366385.1(CARD14):c.1000C>T (p.Gln334Ter),chr17,CARD14,NM_001366385.1,334,CAG,UAG,-12.87402148105149,normal
CBGE,nonsense,NM_001366385.1(CARD14):c.1057C>T (p.Gln353Ter),chr17,CARD14,NM_001366385.1,353,CAG,UAG,-13.515672600370827,normal
CBGE,nonsense,NM_001366385.1(CARD14):c.1072C>T (p.Gln358Ter),chr17,CARD14,NM_001366385.1,358,CAG,UAG,-11.807575165516194,normal
CBGE,nonsense,NM_001366385.1(CARD14):c.1081C>T (p.Arg361Ter),chr17,CARD14,NM_001366385.1,361,CGA,UGA,-9.227235827936209,normal
CBGE,nonsense,NM_001366385.1(CARD14):c.1087C>T (p.Gln363Ter),chr17,CARD14,NM_001366385.1,363,CAG,UAG,-12.9379996658856,normal
CBGE,nonsense,NM_001366385.1(CARD14):c.1129C>T (p.Gln377Ter),chr17,CARD14,NM_001366385.1,377,CAG,UAG,-12.514988917027416,normal
CBGE,nonsense,NM_001366385.1(CARD14):c.1162C>T (p.Gln388Ter),chr17,CARD14,NM_001366385.1,388,CAG,UAG,-13.423519166896345,normal
CBGE,nonsense,NM_001366385.1(CARD14):c.1213C>T (p.Gln405Ter),chr17,CARD14,NM_001366385.1,405,CAG,UAG,-12.245712332623222,normal
CBGE,nonsense,NM_001366385.1(CARD14):c.1219C>T (p.Gln407Ter),chr17,CARD14,NM_001366385.1,407,CAG,UAG,-12.961385743045438,normal
CBGE,nonsense,NM_001366385.1(CARD14):c.1285C>T (p.Gln429Ter),chr17,CARD14,NM_001366385.1,429,CAG,UAG,-11.38466838685446,normal
CBGE,nonsense,NM_001366385.1(CARD14):c.1621C>T (p.Gln541Ter),chr17,CARD14,NM_001366385.1,541,CAG,UAG,-10.736651409993412,normal
CBGE,nonsense,NM_001366385.1(CARD14):c.1723C>T (p.Gln575Ter),chr17,CARD14,NM_001366385.1,575,CAG,UAG,-10.952932301215045,normal
CBGE,nonsense,NM_001366385.1(CARD14):c.1816C>T (p.Gln606Ter),chr17,CARD14,NM_001366385.1,606,CAG,UAG,-10.95539661175398,normal
CBGE,nonsense,NM_001366385.1(CARD14):c.1840C>T (p.Gln614Ter),chr17,CARD14,NM_001366385.1,614,CAG,UAG,-11.916978815851316,normal
CBGE,nonsense,NM_001366385.1(CARD14):c.1996C>T (p.Gln666Ter),chr17,CARD14,NM_001366385.1,666,CAG,UAG,-11.090412132491808,normal
CBGE,nonsense,NM_001366385.1(CARD14):c.2086C>T (p.Gln696Ter),chr17,CARD14,NM_001366385.1,696,CAG,UAG,-10.549222051172498,normal
CBGE,nonsense,NM_001366385.1(CARD14):c.2131C>T (p.Gln711Ter),chr17,CARD14,NM_001366385.1,711,CAG,UAG,-11.722553265246042,normal
CBGE,nonsense,NM_001366385.1(CARD14):c.2263C>T (p.Gln755Ter),chr17,CARD14,NM_001366385.1,755,CAG,UAG,-10.532589874168387,normal
CBGE,nonsense,NM_001366385.1(CARD14):c.2374C>T (p.Gln792Ter),chr17,CARD14,NM_001366385.1,792,CAG,UAG,-10.01600647164966,normal
CBGE,nonsense,NM_001366385.1(CARD14):c.238C>T (p.Arg80Ter),chr17,CARD14,NM_001366385.1,80,CGA,UGA,-9.782109282984887,normal
CBGE,nonsense,NM_001366385.1(CARD14):c.2417G>A (p.Trp806Ter),chr17,CARD14,NM_001366385.1,806,UGG,UAG,-11.955902043340584,normal
CBGE,nonsense,NM_001366385.1(CARD14):c.2418G>A (p.Trp806Ter),chr17,CARD14,NM_001366385.1,806,UGG,UGA,-11.69656743069525,normal
CBGE,nonsense,NM_001366385.1(CARD14):c.2545C>T (p.Gln849Ter),chr17,CARD14,NM_001366385.1,849,CAA,UAA,-9.775281924371782,normal
CBGE,nonsense,NM_001366385.1(CARD14):c.2581C>T (p.Gln861Ter),chr17,CARD14,NM_001366385.1,861,CAG,UAG,-11.403222086137822,normal
CBGE,nonsense,NM_001366385.1(CARD14):c.2600G>A (p.Trp867Ter),chr17,CARD14,NM_001366385.1,867,UGG,UAG,-13.78499790264085,normal
CBGE,nonsense,NM_001366385.1(CARD14):c.2601G>A (p.Trp867Ter),chr17,CARD14,NM_001366385.1,867,UGG,UGA,-13.695781760572787,normal
CBGE,nonsense,NM_001366385.1(CARD14):c.2654G>A (p.Trp885Ter),chr17,CARD14,NM_001366385.1,885,UGG,UAG,-12.910839056700004,normal
CBGE,nonsense,NM_001366385.1(CARD14):c.2655G>A (p.Trp885Ter),chr17,CARD14,NM_001366385.1,885,UGG,UGA,-12.59991458291451,normal
CBGE,nonsense,NM_001366385.1(CARD14):c.2818C>T (p.Gln940Ter),chr17,CARD14,NM_001366385.1,940,CAG,UAG,-12.05862046458661,normal
CBGE,nonsense,NM_001366385.1(CARD14):c.2863C>T (p.Gln955Ter),chr17,CARD14,NM_001366385.1,955,CAG,UAG,-11.6332798800526,normal
CBGE,nonsense,NM_001366385.1(CARD14):c.2924G>A (p.Trp975Ter),chr17,CARD14,NM_001366385.1,975,UGG,UAG,-12.15097422079397,normal
CBGE,nonsense,NM_001366385.1(CARD14):c.2925G>A (p.Trp975Ter),chr17,CARD14,NM_001366385.1,975,UGG,UGA,-11.820446060592134,normal
CBGE,nonsense,NM_001366385.1(CARD14):c.2977C>T (p.Gln993Ter),chr17,CARD14,NM_001366385.1,993,CAG,UAG,-11.01868445294067,normal
CBGE,nonsense,NM_001366385.1(CARD14):c.406C>T (p.Gln136Ter),chr17,CARD14,NM_001366385.1,136,CAG,UAG,-13.527717480181469,normal
CBGE,nonsense,NM_001366385.1(CARD14):c.421C>T (p.Gln141Ter),chr17,CARD14,NM_001366385.1,141,CAG,UAG,-13.155498552685126,normal
CBGE,nonsense,NM_001366385.1(CARD14):c.469C>T (p.Gln157Ter),chr17,CARD14,NM_001366385.1,157,CAG,UAG,-12.866683026924369,normal
CBGE,nonsense,NM_001366385.1(CARD14):c.700C>T (p.Gln234Ter),chr17,CARD14,NM_001366385.1,234,CAG,UAG,-13.371150899649892,normal
CBGE,nonsense,NM_001366385.1(CARD14):c.703C>T (p.Arg235Ter),chr17,CARD14,NM_001366385.1,235,CGA,UGA,-10.816948888313682,normal
CBGE,nonsense,NM_001366385.1(CARD14):c.739C>T (p.Gln247Ter),chr17,CARD14,NM_001366385.1,247,CAA,UAA,-9.847036317635515,normal
CBGE,nonsense,NM_001366385.1(CARD14):c.745C>T (p.Gln249Ter),chr17,CARD14,NM_001366385.1,249,CAG,UAG,-12.090339686666823,normal
CBGE,nonsense,NM_001366385.1(CARD14):c.769C>T (p.Gln257Ter),chr17,CARD14,NM_001366385.1,257,CAG,UAG,-11.279352195370738,normal
CBGE,nonsense,NM_001366385.1(CARD14):c.865C>T (p.Gln289Ter),chr17,CARD14,NM_001366385.1,289,CAG,UAG,-12.89624597518439,normal
CBGE,nonsense,NM_001366385.1(CARD14):c.952C>T (p.Gln318Ter),chr17,CARD14,NM_001366385.1,318,CAG,UAG,-12.873622941215784,normal
CBGE,nonsense,NM_001366385.1(CARD14):c.994C>T (p.Gln332Ter),chr17,CARD14,NM_001366385.1,332,CAG,UAG,-13.5274171746493,normal
CBGE,nonsense,NM_001372123.1(IKZF5):c.1177C>T (p.Gln393Ter),chr10,IKZF5,NM_001372123.1,393,CAG,UAG,-11.080341344980187,normal
CBGE,nonsense,NM_001372123.1(IKZF5):c.469C>T (p.Arg157Ter),chr10,IKZF5,NM_001372123.1,157,CGA,UGA,-11.823370069605732,normal
CBGE,nonsense,NM_001372123.1(IKZF5):c.536G>A (p.Trp179Ter),chr10,IKZF5,NM_001372123.1,179,UGG,UAG,-10.040821412784345,normal
CBGE,nonsense,NM_001372123.1(IKZF5):c.537G>A (p.Trp179Ter),chr10,IKZF5,NM_001372123.1,179,UGG,UGA,-9.925876931702597,normal
CBGE,nonsense,NM_001372123.1(IKZF5):c.547C>T (p.Gln183Ter),chr10,IKZF5,NM_001372123.1,183,CAG,UAG,-11.23420054427435,normal
CBGE,nonsense,NM_001372123.1(IKZF5):c.730C>T (p.Gln244Ter),chr10,IKZF5,NM_001372123.1,244,CAA,UAA,-11.106808694955014,normal
CBGE,nonsense,NM_001372123.1(IKZF5):c.760C>T (p.Gln254Ter),chr10,IKZF5,NM_001372123.1,254,CAG,UAG,-11.75902358486451,normal
CBGE,nonsense,NM_001374828.1(ARID1B):c.1009C>T (p.Gln337Ter),chr6,ARID1B,NM_001374828.1,337,CAA,UAA,-10.98934547065853,normal
CBGE,nonsense,NM_001374828.1(ARID1B):c.1099C>T (p.Gln367Ter),chr6,ARID1B,NM_001374828.1,367,CAG,UAG,-12.004571932733256,normal
CBGE,nonsense,NM_001374828.1(ARID1B):c.1129C>T (p.Gln377Ter),chr6,ARID1B,NM_001374828.1,377,CAG,UAG,-11.866682062760358,normal
CBGE,nonsense,NM_001374828.1(ARID1B):c.1369C>T (p.Gln457Ter),chr6,ARID1B,NM_001374828.1,457,CAG,UAG,-12.551317164000809,normal
CBGE,nonsense,NM_001374828.1(ARID1B):c.1456C>T (p.Gln486Ter),chr6,ARID1B,NM_001374828.1,486,CAG,UAG,-12.024513217075238,normal
CBGE,nonsense,NM_001374828.1(ARID1B):c.1693C>T (p.Gln565Ter),chr6,ARID1B,NM_001374828.1,565,CAG,UAG,-11.965385484621413,normal
CBGE,nonsense,NM_001374828.1(ARID1B):c.1718G>A (p.Trp573Ter),chr6,ARID1B,NM_001374828.1,573,UGG,UAG,-11.443906765844844,normal
CBGE,nonsense,NM_001374828.1(ARID1B):c.1719G>A (p.Trp573Ter),chr6,ARID1B,NM_001374828.1,573,UGG,UGA,-11.624401026635898,normal
CBGE,nonsense,NM_001374828.1(ARID1B):c.1789C>T (p.Gln597Ter),chr6,ARID1B,NM_001374828.1,597,CAG,UAG,-11.789271362832435,normal
CBGE,nonsense,NM_001374828.1(ARID1B):c.1828C>T (p.Gln610Ter),chr6,ARID1B,NM_001374828.1,610,CAG,UAG,-11.662069280953654,normal
CBGE,nonsense,NM_001374828.1(ARID1B):c.1867C>T (p.Gln623Ter),chr6,ARID1B,NM_001374828.1,623,CAG,UAG,-12.465876630491364,normal
CBGE,nonsense,NM_001374828.1(ARID1B):c.1915C>T (p.Gln639Ter),chr6,ARID1B,NM_001374828.1,639,CAG,UAG,-12.443260170850056,normal
CBGE,nonsense,NM_001374828.1(ARID1B):c.1969C>T (p.Gln657Ter),chr6,ARID1B,NM_001374828.1,657,CAG,UAG,-12.88485717847166,normal
CBGE,nonsense,NM_001374828.1(ARID1B):c.2107C>T (p.Gln703Ter),chr6,ARID1B,NM_001374828.1,703,CAG,UAG,-12.428384812235178,normal
CBGE,nonsense,NM_001374828.1(ARID1B):c.2146C>T (p.Gln716Ter),chr6,ARID1B,NM_001374828.1,716,CAG,UAG,-11.745500590349089,normal
CBGE,nonsense,NM_001374828.1(ARID1B):c.2170C>T (p.Gln724Ter),chr6,ARID1B,NM_001374828.1,724,CAA,UAA,-10.886770202638454,normal
CBGE,nonsense,NM_001374828.1(ARID1B):c.2452C>T (p.Gln818Ter),chr6,ARID1B,NM_001374828.1,818,CAG,UAG,-11.04204085533249,normal
CBGE,nonsense,NM_001374828.1(ARID1B):c.2497C>T (p.Gln833Ter),chr6,ARID1B,NM_001374828.1,833,CAG,UAG,-11.876396139671591,normal
CBGE,nonsense,NM_001374828.1(ARID1B):c.2509C>T (p.Gln837Ter),chr6,ARID1B,NM_001374828.1,837,CAG,UAG,-11.388701412536385,normal
CBGE,nonsense,NM_001374828.1(ARID1B):c.2557C>T (p.Gln853Ter),chr6,ARID1B,NM_001374828.1,853,CAG,UAG,-11.66764829158241,normal
CBGE,nonsense,NM_001374828.1(ARID1B):c.2599C>T (p.Gln867Ter),chr6,ARID1B,NM_001374828.1,867,CAA,UAA,-11.296691820599138,normal
CBGE,nonsense,NM_001374828.1(ARID1B):c.2677C>T (p.Gln893Ter),chr6,ARID1B,NM_001374828.1,893,CAG,UAG,-12.079131110880786,normal
CBGE,nonsense,NM_001374828.1(ARID1B):c.2737C>T (p.Gln913Ter),chr6,ARID1B,NM_001374828.1,913,CAG,UAG,-12.01749039403622,normal
CBGE,nonsense,NM_001374828.1(ARID1B):c.2851C>T (p.Gln951Ter),chr6,ARID1B,NM_001374828.1,951,CAG,UAG,-12.037126542200788,normal
CBGE,nonsense,NM_001374828.1(ARID1B):c.2863C>T (p.Gln955Ter),chr6,ARID1B,NM_001374828.1,955,CAA,UAA,-11.296069084781298,normal
CBGE,nonsense,NM_001374828.1(ARID1B):c.2875C>T (p.Gln959Ter),chr6,ARID1B,NM_001374828.1,959,CAG,UAG,-11.568925857023846,normal
CBGE,nonsense,NM_001374828.1(ARID1B):c.2923C>T (p.Gln975Ter),chr6,ARID1B,NM_001374828.1,975,CAG,UAG,-11.937152943611958,normal
CBGE,nonsense,NM_001374828.1(ARID1B):c.2983C>T (p.Gln995Ter),chr6,ARID1B,NM_001374828.1,995,CAG,UAG,-11.655575759717587,normal
CBGE,nonsense,NM_001374828.1(ARID1B):c.2986C>T (p.Gln996Ter),chr6,ARID1B,NM_001374828.1,996,CAG,UAG,-11.78386115324641,normal
CBGE,nonsense,NM_001374828.1(ARID1B):c.3592C>T (p.Arg1198Ter),chr6,ARID1B,NM_001374828.1,1198,CGA,UGA,-11.327112207974372,normal
CBGE,nonsense,NM_001374828.1(ARID1B):c.3904C>T (p.Gln1302Ter),chr6,ARID1B,NM_001374828.1,1302,CAG,UAG,-11.356038043005876,normal
CBGE,nonsense,NM_001374828.1(ARID1B):c.3946C>T (p.Gln1316Ter),chr6,ARID1B,NM_001374828.1,1316,CAG,UAG,-11.418561035227508,normal
CBGE,nonsense,NM_001374828.1(ARID1B):c.3955C>T (p.Gln1319Ter),chr6,ARID1B,NM_001374828.1,1319,CAG,UAG,-10.682279580158244,normal
CBGE,nonsense,NM_001374828.1(ARID1B):c.4342C>T (p.Gln1448Ter),chr6,ARID1B,NM_001374828.1,1448,CAG,UAG,-12.08541111143857,normal
CBGE,nonsense,NM_001374828.1(ARID1B):c.4348C>T (p.Gln1450Ter),chr6,ARID1B,NM_001374828.1,1450,CAG,UAG,-12.398262928927538,normal
CBGE,nonsense,NM_001374828.1(ARID1B):c.4351C>T (p.Gln1451Ter),chr6,ARID1B,NM_001374828.1,1451,CAG,UAG,-12.746122378873908,normal
CBGE,nonsense,NM_001374828.1(ARID1B):c.4570C>T (p.Gln1524Ter),chr6,ARID1B,NM_001374828.1,1524,CAG,UAG,-12.910888694448053,normal
CBGE,nonsense,NM_001374828.1(ARID1B):c.4678C>T (p.Gln1560Ter),chr6,ARID1B,NM_001374828.1,1560,CAG,UAG,-12.16889852236073,normal
CBGE,nonsense,NM_001374828.1(ARID1B):c.4684C>T (p.Gln1562Ter),chr6,ARID1B,NM_001374828.1,1562,CAG,UAG,-11.788883244661088,normal
CBGE,nonsense,NM_001374828.1(ARID1B):c.4726C>T (p.Gln1576Ter),chr6,ARID1B,NM_001374828.1,1576,CAG,UAG,-11.198185914612488,normal
CBGE,nonsense,NM_001374828.1(ARID1B):c.4750C>T (p.Gln1584Ter),chr6,ARID1B,NM_001374828.1,1584,CAG,UAG,-11.4433956209015,normal
CBGE,nonsense,NM_001374828.1(ARID1B):c.4753C>T (p.Gln1585Ter),chr6,ARID1B,NM_001374828.1,1585,CAG,UAG,-12.15799526329037,normal
CBGE,nonsense,NM_001374828.1(ARID1B):c.4795C>T (p.Gln1599Ter),chr6,ARID1B,NM_001374828.1,1599,CAG,UAG,-11.69831749562493,normal
CBGE,nonsense,NM_001374828.1(ARID1B):c.4825C>T (p.Gln1609Ter),chr6,ARID1B,NM_001374828.1,1609,CAG,UAG,-11.705344211292148,normal
CBGE,nonsense,NM_001374828.1(ARID1B):c.5047C>T (p.Gln1683Ter),chr6,ARID1B,NM_001374828.1,1683,CAG,UAG,-11.573390902992736,normal
CBGE,nonsense,NM_001374828.1(ARID1B):c.5279G>A (p.Trp1760Ter),chr6,ARID1B,NM_001374828.1,1760,UGG,UAG,-12.14286613205462,normal
CBGE,nonsense,NM_001374828.1(ARID1B):c.5280G>A (p.Trp1760Ter),chr6,ARID1B,NM_001374828.1,1760,UGG,UGA,-11.996894799875564,normal
CBGE,nonsense,NM_001374828.1(ARID1B):c.5533C>T (p.Gln1845Ter),chr6,ARID1B,NM_001374828.1,1845,CAG,UAG,-10.369606900696771,normal
CBGE,nonsense,NM_001374828.1(ARID1B):c.5773C>T (p.Arg1925Ter),chr6,ARID1B,NM_001374828.1,1925,CGA,UGA,-9.242596721482672,normal
CBGE,nonsense,NM_001374828.1(ARID1B):c.5797C>T (p.Gln1933Ter),chr6,ARID1B,NM_001374828.1,1933,CAG,UAG,-10.798955875893627,normal
CBGE,nonsense,NM_001374828.1(ARID1B):c.5825G>A (p.Trp1942Ter),chr6,ARID1B,NM_001374828.1,1942,UGG,UAG,-12.147666920243788,normal
CBGE,nonsense,NM_001374828.1(ARID1B):c.5826G>A (p.Trp1942Ter),chr6,ARID1B,NM_001374828.1,1942,UGG,UGA,-11.791477215683246,normal
CBGE,nonsense,NM_001374828.1(ARID1B):c.5944C>T (p.Gln1982Ter),chr6,ARID1B,NM_001374828.1,1982,CAA,UAA,-10.377358458934122,normal
CBGE,nonsense,NM_001374828.1(ARID1B):c.6179G>A (p.Trp2060Ter),chr6,ARID1B,NM_001374828.1,2060,UGG,UAG,-12.436161030016756,normal
CBGE,nonsense,NM_001374828.1(ARID1B):c.6346C>T (p.Gln2116Ter),chr6,ARID1B,NM_001374828.1,2116,CAG,UAG,-10.78632831965206,normal
CBGE,nonsense,NM_001374828.1(ARID1B):c.6404G>A (p.Trp2135Ter),chr6,ARID1B,NM_001374828.1,2135,UGG,UAG,-11.98970415765351,normal
CBGE,nonsense,NM_001374828.1(ARID1B):c.6405G>A (p.Trp2135Ter),chr6,ARID1B,NM_001374828.1,2135,UGG,UGA,-11.873150783155538,normal
CBGE,nonsense,NM_001374828.1(ARID1B):c.6407G>A (p.Trp2136Ter),chr6,ARID1B,NM_001374828.1,2136,UGG,UAG,-11.979273879455665,normal
CBGE,nonsense,NM_001374828.1(ARID1B):c.6408G>A (p.Trp2136Ter),chr6,ARID1B,NM_001374828.1,2136,UGG,UGA,-11.939735428372716,normal
CBGE,nonsense,NM_001374828.1(ARID1B):c.6559C>T (p.Gln2187Ter),chr6,ARID1B,NM_001374828.1,2187,CAA,UAA,-10.335091623826012,normal
CBGE,nonsense,NM_001374828.1(ARID1B):c.6751C>T (p.Arg2251Ter),chr6,ARID1B,NM_001374828.1,2251,CGA,UGA,-11.189245213861602,normal
CBGE,nonsense,NM_001374828.1(ARID1B):c.6916C>T (p.Gln2306Ter),chr6,ARID1B,NM_001374828.1,2306,CAG,UAG,-11.6456794349001,normal
CBGE,nonsense,NM_001374828.1(ARID1B):c.7111C>T (p.Gln2371Ter),chr6,ARID1B,NM_001374828.1,2371,CAG,UAG,-11.310932124200177,normal
CBGE,nonsense,NM_001374828.1(ARID1B):c.715C>T (p.Gln239Ter),chr6,ARID1B,NM_001374828.1,239,CAG,UAG,-12.2902984499856,normal
CBGE,nonsense,NM_001374828.1(ARID1B):c.757C>T (p.Gln253Ter),chr6,ARID1B,NM_001374828.1,253,CAG,UAG,-10.686958272299591,normal
CBGE,nonsense,NM_001374828.1(ARID1B):c.880C>T (p.Gln294Ter),chr6,ARID1B,NM_001374828.1,294,CAG,UAG,-12.709976221644608,normal
CBGE,nonsense,NM_001374828.1(ARID1B):c.883C>T (p.Gln295Ter),chr6,ARID1B,NM_001374828.1,295,CAG,UAG,-12.66168877876322,normal
CBGE,nonsense,NM_001376887.1(TNFSF14):c.167G>A (p.Trp56Ter),chr19,TNFSF14,NM_001376887.1,56,UGG,UAG,-14.979367209855605,normal
CBGE,nonsense,NM_001376887.1(TNFSF14):c.168G>A (p.Trp56Ter),chr19,TNFSF14,NM_001376887.1,56,UGG,UGA,-14.637484579014886,normal
CBGE,nonsense,NM_001376887.1(TNFSF14):c.188G>A (p.Trp63Ter),chr19,TNFSF14,NM_001376887.1,63,UGG,UAG,-13.240483270893463,normal
CBGE,nonsense,NM_001376887.1(TNFSF14):c.189G>A (p.Trp63Ter),chr19,TNFSF14,NM_001376887.1,63,UGG,UGA,-12.553652677621596,normal
CBGE,nonsense,NM_001376887.1(TNFSF14):c.244C>T (p.Gln82Ter),chr19,TNFSF14,NM_001376887.1,82,CAG,UAG,-12.499516467907466,normal
CBGE,nonsense,NM_001376887.1(TNFSF14):c.253C>T (p.Gln85Ter),chr19,TNFSF14,NM_001376887.1,85,CAA,UAA,-10.331380790963903,normal
CBGE,nonsense,NM_001376887.1(TNFSF14):c.259C>T (p.Arg87Ter),chr19,TNFSF14,NM_001376887.1,87,CGA,UGA,-9.282522234744524,normal
CBGE,nonsense,NM_001376887.1(TNFSF14):c.341G>A (p.Trp114Ter),chr19,TNFSF14,NM_001376887.1,114,UGG,UAG,-11.54918106074981,normal
CBGE,nonsense,NM_001376887.1(TNFSF14):c.342G>A (p.Trp114Ter),chr19,TNFSF14,NM_001376887.1,114,UGG,UGA,-11.527011892347913,normal
CBGE,nonsense,NM_001376887.1(TNFSF14):c.349C>T (p.Gln117Ter),chr19,TNFSF14,NM_001376887.1,117,CAG,UAG,-11.74190914195539,normal
CBGE,nonsense,NM_001376887.1(TNFSF14):c.547C>T (p.Gln183Ter),chr19,TNFSF14,NM_001376887.1,183,CAG,UAG,-11.252725496995511,normal
CBGE,nonsense,NM_001376887.1(TNFSF14):c.550C>T (p.Gln184Ter),chr19,TNFSF14,NM_001376887.1,184,CAG,UAG,-11.060439096079326,normal
CBGE,nonsense,NM_001376887.1(TNFSF14):c.590G>A (p.Trp197Ter),chr19,TNFSF14,NM_001376887.1,197,UGG,UAG,-13.383802424583154,normal
CBGE,nonsense,NM_001376887.1(TNFSF14):c.591G>A (p.Trp197Ter),chr19,TNFSF14,NM_001376887.1,197,UGG,UGA,-13.105489836921604,normal
CBGE,nonsense,NM_001376887.1(TNFSF14):c.593G>A (p.Trp198Ter),chr19,TNFSF14,NM_001376887.1,198,UGG,UAG,-12.72390843355366,normal
CBGE,nonsense,NM_001376887.1(TNFSF14):c.594G>A (p.Trp198Ter),chr19,TNFSF14,NM_001376887.1,198,UGG,UGA,-12.420001058982988,normal
CBGE,nonsense,NM_001376887.1(TNFSF14):c.676C>T (p.Arg226Ter),chr19,TNFSF14,NM_001376887.1,226,CGA,UGA,-10.705045757118564,normal
CBGE,nonsense,NM_001376887.1(TNFSF14):c.76C>T (p.Arg26Ter),chr19,TNFSF14,NM_001376887.1,26,CGA,UGA,-10.406920415981432,normal
CBGE,nonsense,NM_001376887.1(TNFSF14):c.91C>T (p.Gln31Ter),chr19,TNFSF14,NM_001376887.1,31,CAG,UAG,-11.476604503840468,normal
CBGE,nonsense,NM_001379291.1(BRD4):c.2410C>T (p.Gln804Ter),chr19,BRD4,NM_001379291.1,804,CAG,UAG,-12.925167108516211,normal
CBGE,nonsense,NM_001379291.1(BRD4):c.3028C>T (p.Gln1010Ter),chr19,BRD4,NM_001379291.1,1010,CAG,UAG,-12.8280201535529,normal
CBGE,nonsense,NM_001379291.1(BRD4):c.3280C>T (p.Gln1094Ter),chr19,BRD4,NM_001379291.1,1094,CAG,UAG,-10.960547413999468,normal
CBGE,nonsense,NM_001379291.1(BRD4):c.3967C>T (p.Gln1323Ter),chr19,BRD4,NM_001379291.1,1323,CAG,UAG,-12.10509306768421,normal
CBGE,nonsense,NM_001379291.1(BRD4):c.73C>T (p.Gln25Ter),chr19,BRD4,NM_001379291.1,25,CAA,UAA,-10.777000380667376,normal
CBGE,nonsense,NM_001382430.1(AKT1):c.1168C>T (p.Gln390Ter),chr14,AKT1,NM_001382430.1,390,CAG,UAG,-11.755489311071138,normal
CBGE,nonsense,NM_001382430.1(AKT1):c.1238G>A (p.Trp413Ter),chr14,AKT1,NM_001382430.1,413,UGG,UAG,-13.942487742217734,normal
CBGE,nonsense,NM_001382430.1(AKT1):c.1239G>A (p.Trp413Ter),chr14,AKT1,NM_001382430.1,413,UGG,UGA,-13.992427895639644,normal
CBGE,nonsense,NM_001382430.1(AKT1):c.1240C>T (p.Gln414Ter),chr14,AKT1,NM_001382430.1,414,CAG,UAG,-9.951348361911824,normal
CBGE,nonsense,NM_001382430.1(AKT1):c.127C>T (p.Gln43Ter),chr14,AKT1,NM_001382430.1,43,CAG,UAG,-10.939235715712911,normal
CBGE,nonsense,NM_001382430.1(AKT1):c.1282C>T (p.Gln428Ter),chr14,AKT1,NM_001382430.1,428,CAG,UAG,-10.54400248714958,normal
CBGE,nonsense,NM_001382430.1(AKT1):c.1360C>T (p.Gln454Ter),chr14,AKT1,NM_001382430.1,454,CAA,UAA,-10.151455020945594,normal
CBGE,nonsense,NM_001382430.1(AKT1):c.175C>T (p.Gln59Ter),chr14,AKT1,NM_001382430.1,59,CAG,UAG,-11.322236103723425,normal
CBGE,nonsense,NM_001382430.1(AKT1):c.181C>T (p.Gln61Ter),chr14,AKT1,NM_001382430.1,61,CAG,UAG,-11.672605533583388,normal
CBGE,nonsense,NM_001382430.1(AKT1):c.296G>A (p.Trp99Ter),chr14,AKT1,NM_001382430.1,99,UGG,UAG,-14.676322932998676,normal
CBGE,nonsense,NM_001382430.1(AKT1):c.297G>A (p.Trp99Ter),chr14,AKT1,NM_001382430.1,99,UGG,UGA,-14.651579910276135,normal
CBGE,nonsense,NM_001382430.1(AKT1):c.310C>T (p.Gln104Ter),chr14,AKT1,NM_001382430.1,104,CAG,UAG,-13.473383850611318,normal
CBGE,nonsense,NM_001382430.1(AKT1):c.337C>T (p.Gln113Ter),chr14,AKT1,NM_001382430.1,113,CAG,UAG,-11.711803430696028,normal
CBGE,nonsense,NM_001382430.1(AKT1):c.43C>T (p.Arg15Ter),chr14,AKT1,NM_001382430.1,15,CGA,UGA,-10.951133770985727,normal
CBGE,nonsense,NM_001382430.1(AKT1):c.607C>T (p.Gln203Ter),chr14,AKT1,NM_001382430.1,203,CAG,UAG,-12.182485536330365,normal
CBGE,nonsense,NM_001382430.1(AKT1):c.995G>A (p.Trp332Ter),chr14,AKT1,NM_001382430.1,332,UGG,UAG,-14.352058398521065,normal
CBGE,nonsense,NM_001382430.1(AKT1):c.996G>A (p.Trp332Ter),chr14,AKT1,NM_001382430.1,332,UGG,UGA,-14.062395076696006,normal
CBGE,nonsense,NM_001382430.1(AKT1):c.998G>A (p.Trp333Ter),chr14,AKT1,NM_001382430.1,333,UGG,UAG,-15.865696030510408,normal
CBGE,nonsense,NM_001382430.1(AKT1):c.999G>A (p.Trp333Ter),chr14,AKT1,NM_001382430.1,333,UGG,UGA,-15.674478454090554,normal
CBGE,nonsense,NM_001382567.1(STIM1):c.1049G>A (p.Trp350Ter),chr11,STIM1,NM_001382567.1,350,UGG,UAG,-12.318211539707756,normal
CBGE,nonsense,NM_001382567.1(STIM1):c.1050G>A (p.Trp350Ter),chr11,STIM1,NM_001382567.1,350,UGG,UGA,-12.092926045983477,normal
CBGE,nonsense,NM_001382567.1(STIM1):c.1114C>T (p.Gln372Ter),chr11,STIM1,NM_001382567.1,372,CAG,UAG,-13.779541951744442,normal
CBGE,nonsense,NM_001382567.1(STIM1):c.1289G>A (p.Trp430Ter),chr11,STIM1,NM_001382567.1,430,UGG,UAG,-12.79472355819741,normal
CBGE,nonsense,NM_001382567.1(STIM1):c.1290G>A (p.Trp430Ter),chr11,STIM1,NM_001382567.1,430,UGG,UGA,-12.321947081986282,normal
CBGE,nonsense,NM_001382567.1(STIM1):c.1471C>T (p.Gln491Ter),chr11,STIM1,NM_001382567.1,491,CAG,UAG,-11.478275297713983,normal
CBGE,nonsense,NM_001382567.1(STIM1):c.1579C>T (p.Gln527Ter),chr11,STIM1,NM_001382567.1,527,CAG,UAG,-10.721704531924978,normal
CBGE,nonsense,NM_001382567.1(STIM1):c.1594C>T (p.Gln532Ter),chr11,STIM1,NM_001382567.1,532,CAG,UAG,-11.221006317402145,normal
CBGE,nonsense,NM_001382567.1(STIM1):c.1630C>T (p.Gln544Ter),chr11,STIM1,NM_001382567.1,544,CAG,UAG,-10.626423850540244,normal
CBGE,nonsense,NM_001382567.1(STIM1):c.562C>T (p.Gln188Ter),chr11,STIM1,NM_001382567.1,188,CAG,UAG,-11.29746247499344,normal
CBGE,nonsense,NM_001382567.1(STIM1):c.766C>T (p.Gln256Ter),chr11,STIM1,NM_001382567.1,256,CAG,UAG,-13.444025034547987,normal
CBGE,nonsense,NM_001382567.1(STIM1):c.805C>T (p.Gln269Ter),chr11,STIM1,NM_001382567.1,269,CAG,UAG,-12.012752584001262,normal
CBGE,nonsense,NM_001382567.1(STIM1):c.883C>T (p.Gln295Ter),chr11,STIM1,NM_001382567.1,295,CAG,UAG,-12.14660360888819,normal
CBGE,nonsense,NM_001385305.1(PTPRA):c.1062G>A (p.Trp354Ter),chr20,PTPRA,NM_001385305.1,354,UGG,UGA,-14.422564506278956,normal
CBGE,nonsense,NM_001385305.1(PTPRA):c.1079G>A (p.Trp360Ter),chr20,PTPRA,NM_001385305.1,360,UGG,UAG,-11.23149728983888,normal
CBGE,nonsense,NM_001385305.1(PTPRA):c.1080G>A (p.Trp360Ter),chr20,PTPRA,NM_001385305.1,360,UGG,UGA,-10.705780444043468,normal
CBGE,nonsense,NM_001385305.1(PTPRA):c.1438C>T (p.Gln480Ter),chr20,PTPRA,NM_001385305.1,480,CAG,UAG,-14.255153659285416,normal
CBGE,nonsense,NM_001385305.1(PTPRA):c.1853G>A (p.Trp618Ter),chr20,PTPRA,NM_001385305.1,618,UGG,UAG,-13.395120580211172,normal
CBGE,nonsense,NM_001385305.1(PTPRA):c.1854G>A (p.Trp618Ter),chr20,PTPRA,NM_001385305.1,618,UGG,UGA,-12.907116820317764,normal
CBGE,nonsense,NM_001385305.1(PTPRA):c.1855C>T (p.Arg619Ter),chr20,PTPRA,NM_001385305.1,619,CGA,UGA,-11.679592112933785,normal
CBGE,nonsense,NM_001385305.1(PTPRA):c.1941G>A (p.Trp647Ter),chr20,PTPRA,NM_001385305.1,647,UGG,UGA,-14.45476047802696,normal
CBGE,nonsense,NM_001385305.1(PTPRA):c.2020C>T (p.Arg674Ter),chr20,PTPRA,NM_001385305.1,674,CGA,UGA,-10.465760243010353,normal
CBGE,nonsense,NM_001385305.1(PTPRA):c.2155C>T (p.Gln719Ter),chr20,PTPRA,NM_001385305.1,719,CAG,UAG,-13.162902921014512,normal
CBGE,nonsense,NM_001385305.1(PTPRA):c.2158C>T (p.Gln720Ter),chr20,PTPRA,NM_001385305.1,720,CAG,UAG,-12.776611321252238,normal
CBGE,nonsense,NM_001385305.1(PTPRA):c.2161C>T (p.Gln721Ter),chr20,PTPRA,NM_001385305.1,721,CAG,UAG,-13.375539762059653,normal
CBGE,nonsense,NM_001385305.1(PTPRA):c.2338C>T (p.Gln780Ter),chr20,PTPRA,NM_001385305.1,780,CAG,UAG,-12.49387357914655,normal
CBGE,nonsense,NM_001385305.1(PTPRA):c.320G>A (p.Trp107Ter),chr20,PTPRA,NM_001385305.1,107,UGG,UAG,-11.441010481338266,normal
CBGE,nonsense,NM_001385305.1(PTPRA):c.321G>A (p.Trp107Ter),chr20,PTPRA,NM_001385305.1,107,UGG,UGA,-11.227500885210748,normal
CBGE,nonsense,NM_001385305.1(PTPRA):c.362G>A (p.Trp121Ter),chr20,PTPRA,NM_001385305.1,121,UGG,UAG,-11.549852269535291,normal
CBGE,nonsense,NM_001385305.1(PTPRA):c.363G>A (p.Trp121Ter),chr20,PTPRA,NM_001385305.1,121,UGG,UGA,-11.238026534270238,normal
CBGE,nonsense,NM_001385305.1(PTPRA):c.607C>T (p.Gln203Ter),chr20,PTPRA,NM_001385305.1,203,CAG,UAG,-11.092475940609742,normal
CBGE,nonsense,NM_001387220.1(IKZF2):c.1069C>T (p.Gln357Ter),chr2,IKZF2,NM_001387220.1,357,CAG,UAG,-11.329723349443585,normal
CBGE,nonsense,NM_001387220.1(IKZF2):c.1252C>T (p.Gln418Ter),chr2,IKZF2,NM_001387220.1,418,CAG,UAG,-10.607757542678424,normal
CBGE,nonsense,NM_001387220.1(IKZF2):c.298C>T (p.Gln100Ter),chr2,IKZF2,NM_001387220.1,100,CAA,UAA,-10.95669170293758,normal
CBGE,nonsense,NM_001387220.1(IKZF2):c.667C>T (p.Gln223Ter),chr2,IKZF2,NM_001387220.1,223,CAG,UAG,-11.721143668518016,normal
CBGE,nonsense,NM_001387220.1(IKZF2):c.694C>T (p.Gln232Ter),chr2,IKZF2,NM_001387220.1,232,CAG,UAG,-11.03240975945936,normal
CBGE,nonsense,NM_001387220.1(IKZF2):c.844C>T (p.Gln282Ter),chr2,IKZF2,NM_001387220.1,282,CAA,UAA,-9.910428998810955,normal
CBGE,nonsense,NM_001387220.1(IKZF2):c.937C>T (p.Gln313Ter),chr2,IKZF2,NM_001387220.1,313,CAG,UAG,-11.754992553427735,normal
CBGE,nonsense,NM_001387430.1(SH2B1):c.1084C>T (p.Gln362Ter),chr16,SH2B1,NM_001387430.1,362,CAG,UAG,-12.371144263295752,normal
CBGE,nonsense,NM_001387430.1(SH2B1):c.1100G>A (p.Trp367Ter),chr16,SH2B1,NM_001387430.1,367,UGG,UAG,-14.83404536796558,normal
CBGE,nonsense,NM_001387430.1(SH2B1):c.1101G>A (p.Trp367Ter),chr16,SH2B1,NM_001387430.1,367,UGG,UGA,-14.775525019429832,normal
CBGE,nonsense,NM_001387430.1(SH2B1):c.1114C>T (p.Gln372Ter),chr16,SH2B1,NM_001387430.1,372,CAA,UAA,-10.754196158948332,normal
CBGE,nonsense,NM_001387430.1(SH2B1):c.1261C>T (p.Gln421Ter),chr16,SH2B1,NM_001387430.1,421,CAG,UAG,-10.53678703059045,normal
CBGE,nonsense,NM_001387430.1(SH2B1):c.1306C>T (p.Gln436Ter),chr16,SH2B1,NM_001387430.1,436,CAG,UAG,-9.3720388008516,normal
CBGE,nonsense,NM_001387430.1(SH2B1):c.1558C>T (p.Gln520Ter),chr16,SH2B1,NM_001387430.1,520,CAG,UAG,-11.27760324626332,normal
CBGE,nonsense,NM_001387430.1(SH2B1):c.1580G>A (p.Trp527Ter),chr16,SH2B1,NM_001387430.1,527,UGG,UAG,-14.615838050148504,normal
CBGE,nonsense,NM_001387430.1(SH2B1):c.1581G>A (p.Trp527Ter),chr16,SH2B1,NM_001387430.1,527,UGG,UGA,-14.000408135893291,normal
CBGE,nonsense,NM_001387430.1(SH2B1):c.160C>T (p.Gln54Ter),chr16,SH2B1,NM_001387430.1,54,CAA,UAA,-10.410611118578917,normal
CBGE,nonsense,NM_001387430.1(SH2B1):c.1666C>T (p.Gln556Ter),chr16,SH2B1,NM_001387430.1,556,CAG,UAG,-11.857107110687274,normal
CBGE,nonsense,NM_001387430.1(SH2B1):c.1768C>T (p.Gln590Ter),chr16,SH2B1,NM_001387430.1,590,CAG,UAG,-11.128560981123456,normal
CBGE,nonsense,NM_001387430.1(SH2B1):c.1885C>T (p.Gln629Ter),chr16,SH2B1,NM_001387430.1,629,CAG,UAG,-11.663736285254442,normal
CBGE,nonsense,NM_001387430.1(SH2B1):c.1891C>T (p.Gln631Ter),chr16,SH2B1,NM_001387430.1,631,CAG,UAG,-11.106460566356978,normal
CBGE,nonsense,NM_001387430.1(SH2B1):c.1894C>T (p.Gln632Ter),chr16,SH2B1,NM_001387430.1,632,CAG,UAG,-11.274931027772508,normal
CBGE,nonsense,NM_001387430.1(SH2B1):c.1946G>A (p.Trp649Ter),chr16,SH2B1,NM_001387430.1,649,UGG,UAG,-9.965426902442774,normal
CBGE,nonsense,NM_001387430.1(SH2B1):c.1947G>A (p.Trp649Ter),chr16,SH2B1,NM_001387430.1,649,UGG,UGA,-9.932018743276265,normal
CBGE,nonsense,NM_001387430.1(SH2B1):c.2032C>T (p.Gln678Ter),chr16,SH2B1,NM_001387430.1,678,CAA,UAA,-10.143453615260642,normal
CBGE,nonsense,NM_001387430.1(SH2B1):c.2143C>T (p.Gln715Ter),chr16,SH2B1,NM_001387430.1,715,CAG,UAG,-10.722889039087688,normal
CBGE,nonsense,NM_001387430.1(SH2B1):c.2188C>T (p.Gln730Ter),chr16,SH2B1,NM_001387430.1,730,CAG,UAG,-11.96244812973296,normal
CBGE,nonsense,NM_001387430.1(SH2B1):c.220C>T (p.Gln74Ter),chr16,SH2B1,NM_001387430.1,74,CAG,UAG,-12.991636200013858,normal
CBGE,nonsense,NM_001387430.1(SH2B1):c.370C>T (p.Arg124Ter),chr16,SH2B1,NM_001387430.1,124,CGA,UGA,-8.529789935079531,normal
CBGE,nonsense,NM_001387430.1(SH2B1):c.487C>T (p.Arg163Ter),chr16,SH2B1,NM_001387430.1,163,CGA,UGA,-11.088836638793817,normal
CBGE,nonsense,NM_001387430.1(SH2B1):c.671G>A (p.Trp224Ter),chr16,SH2B1,NM_001387430.1,224,UGG,UAG,-11.946381596546846,normal
CBGE,nonsense,NM_001387430.1(SH2B1):c.672G>A (p.Trp224Ter),chr16,SH2B1,NM_001387430.1,224,UGG,UGA,-11.575314512590566,normal
CBGE,nonsense,NM_001387430.1(SH2B1):c.77G>A (p.Trp26Ter),chr16,SH2B1,NM_001387430.1,26,UGG,UAG,-12.841135968811011,normal
CBGE,nonsense,NM_001387430.1(SH2B1):c.78G>A (p.Trp26Ter),chr16,SH2B1,NM_001387430.1,26,UGG,UGA,-12.683729126812617,normal
CBGE,nonsense,NM_001387430.1(SH2B1):c.850C>T (p.Gln284Ter),chr16,SH2B1,NM_001387430.1,284,CAG,UAG,-11.012699117271575,normal
CBGE,nonsense,NM_001387430.1(SH2B1):c.883C>T (p.Arg295Ter),chr16,SH2B1,NM_001387430.1,295,CGA,UGA,-10.224140253736405,normal
CBGE,nonsense,NM_001393381.1(CRACD):c.1039C>T (p.Gln347Ter),chr4,CRACD,NM_001393381.1,347,CAG,UAG,-13.436244951677278,normal
CBGE,nonsense,NM_001393381.1(CRACD):c.1081C>T (p.Gln361Ter),chr4,CRACD,NM_001393381.1,361,CAG,UAG,-13.347666666926871,normal
CBGE,nonsense,NM_001393381.1(CRACD):c.1120C>T (p.Gln374Ter),chr4,CRACD,NM_001393381.1,374,CAG,UAG,-11.79167174569328,normal
CBGE,nonsense,NM_001393381.1(CRACD):c.1123C>T (p.Gln375Ter),chr4,CRACD,NM_001393381.1,375,CAG,UAG,-12.267054604231118,normal
CBGE,nonsense,NM_001393381.1(CRACD):c.1138C>T (p.Gln380Ter),chr4,CRACD,NM_001393381.1,380,CAG,UAG,-11.418216681294204,normal
CBGE,nonsense,NM_001393381.1(CRACD):c.118C>T (p.Gln40Ter),chr4,CRACD,NM_001393381.1,40,CAG,UAG,-11.555345511274826,normal
CBGE,nonsense,NM_001393381.1(CRACD):c.121C>T (p.Gln41Ter),chr4,CRACD,NM_001393381.1,41,CAA,UAA,-11.07233904293117,normal
CBGE,nonsense,NM_001393381.1(CRACD):c.1225C>T (p.Gln409Ter),chr4,CRACD,NM_001393381.1,409,CAG,UAG,-11.397979700962988,normal
CBGE,nonsense,NM_001393381.1(CRACD):c.1244G>A (p.Trp415Ter),chr4,CRACD,NM_001393381.1,415,UGG,UAG,-12.471929567370218,normal
CBGE,nonsense,NM_001393381.1(CRACD):c.1245G>A (p.Trp415Ter),chr4,CRACD,NM_001393381.1,415,UGG,UGA,-12.182487497189562,normal
CBGE,nonsense,NM_001393381.1(CRACD):c.1297C>T (p.Gln433Ter),chr4,CRACD,NM_001393381.1,433,CAG,UAG,-11.677633278576153,normal
CBGE,nonsense,NM_001393381.1(CRACD):c.1321C>T (p.Gln441Ter),chr4,CRACD,NM_001393381.1,441,CAA,UAA,-10.663742019881417,normal
CBGE,nonsense,NM_001393381.1(CRACD):c.1360C>T (p.Gln454Ter),chr4,CRACD,NM_001393381.1,454,CAG,UAG,-11.381522168837256,normal
CBGE,nonsense,NM_001393381.1(CRACD):c.1381C>T (p.Arg461Ter),chr4,CRACD,NM_001393381.1,461,CGA,UGA,-9.139334658159964,normal
CBGE,nonsense,NM_001393381.1(CRACD):c.1390C>T (p.Gln464Ter),chr4,CRACD,NM_001393381.1,464,CAG,UAG,-11.38041114801368,normal
CBGE,nonsense,NM_001393381.1(CRACD):c.1414C>T (p.Gln472Ter),chr4,CRACD,NM_001393381.1,472,CAG,UAG,-11.121147149815116,normal
CBGE,nonsense,NM_001393381.1(CRACD):c.1504C>T (p.Gln502Ter),chr4,CRACD,NM_001393381.1,502,CAG,UAG,-11.18392561790072,normal
CBGE,nonsense,NM_001393381.1(CRACD):c.1591C>T (p.Gln531Ter),chr4,CRACD,NM_001393381.1,531,CAG,UAG,-11.15066715388255,normal
CBGE,nonsense,NM_001393381.1(CRACD):c.1618C>T (p.Gln540Ter),chr4,CRACD,NM_001393381.1,540,CAG,UAG,-11.855147418591594,normal
CBGE,nonsense,NM_001393381.1(CRACD):c.2003G>A (p.Trp668Ter),chr4,CRACD,NM_001393381.1,668,UGG,UAG,-10.754131348606403,normal
CBGE,nonsense,NM_001393381.1(CRACD):c.2004G>A (p.Trp668Ter),chr4,CRACD,NM_001393381.1,668,UGG,UGA,-10.535876260546331,normal
CBGE,nonsense,NM_001393381.1(CRACD):c.2068C>T (p.Gln690Ter),chr4,CRACD,NM_001393381.1,690,CAG,UAG,-10.304616886151097,normal
CBGE,nonsense,NM_001393381.1(CRACD):c.2176C>T (p.Gln726Ter),chr4,CRACD,NM_001393381.1,726,CAG,UAG,-11.07041448322361,normal
CBGE,nonsense,NM_001393381.1(CRACD):c.2236C>T (p.Arg746Ter),chr4,CRACD,NM_001393381.1,746,CGA,UGA,-8.614779421771631,normal
CBGE,nonsense,NM_001393381.1(CRACD):c.2278C>T (p.Gln760Ter),chr4,CRACD,NM_001393381.1,760,CAG,UAG,-11.094680748697234,normal
CBGE,nonsense,NM_001393381.1(CRACD):c.2734C>T (p.Gln912Ter),chr4,CRACD,NM_001393381.1,912,CAA,UAA,-10.72017761153034,normal
CBGE,nonsense,NM_001393381.1(CRACD):c.2875C>T (p.Gln959Ter),chr4,CRACD,NM_001393381.1,959,CAA,UAA,-10.112520245354176,normal
CBGE,nonsense,NM_001393381.1(CRACD):c.3022C>T (p.Gln1008Ter),chr4,CRACD,NM_001393381.1,1008,CAG,UAG,-11.245283066762475,normal
CBGE,nonsense,NM_001393381.1(CRACD):c.3079C>T (p.Gln1027Ter),chr4,CRACD,NM_001393381.1,1027,CAG,UAG,-10.87494657065566,normal
CBGE,nonsense,NM_001393381.1(CRACD):c.3163C>T (p.Gln1055Ter),chr4,CRACD,NM_001393381.1,1055,CAA,UAA,-10.15217310896482,normal
CBGE,nonsense,NM_001393381.1(CRACD):c.3202C>T (p.Gln1068Ter),chr4,CRACD,NM_001393381.1,1068,CAG,UAG,-11.275621460979975,normal
CBGE,nonsense,NM_001393381.1(CRACD):c.3256C>T (p.Gln1086Ter),chr4,CRACD,NM_001393381.1,1086,CAG,UAG,-11.431277230080706,normal
CBGE,nonsense,NM_001393381.1(CRACD):c.3283C>T (p.Gln1095Ter),chr4,CRACD,NM_001393381.1,1095,CAA,UAA,-11.252767541034377,normal
CBGE,nonsense,NM_001393381.1(CRACD):c.3307C>T (p.Gln1103Ter),chr4,CRACD,NM_001393381.1,1103,CAG,UAG,-12.031618124500476,normal
CBGE,nonsense,NM_001393381.1(CRACD):c.3310C>T (p.Gln1104Ter),chr4,CRACD,NM_001393381.1,1104,CAG,UAG,-11.994607961934593,normal
CBGE,nonsense,NM_001393381.1(CRACD):c.3334C>T (p.Gln1112Ter),chr4,CRACD,NM_001393381.1,1112,CAA,UAA,-11.074520110520265,normal
CBGE,nonsense,NM_001393381.1(CRACD):c.3502C>T (p.Gln1168Ter),chr4,CRACD,NM_001393381.1,1168,CAG,UAG,-10.84464637626981,normal
CBGE,nonsense,NM_001393381.1(CRACD):c.3641G>A (p.Trp1214Ter),chr4,CRACD,NM_001393381.1,1214,UGG,UAG,-11.847057329793367,normal
CBGE,nonsense,NM_001393381.1(CRACD):c.3642G>A (p.Trp1214Ter),chr4,CRACD,NM_001393381.1,1214,UGG,UGA,-11.472977658930656,normal
CBGE,nonsense,NM_001393381.1(CRACD):c.3674G>A (p.Trp1225Ter),chr4,CRACD,NM_001393381.1,1225,UGG,UAG,-10.994566892210614,normal
CBGE,nonsense,NM_001393381.1(CRACD):c.3675G>A (p.Trp1225Ter),chr4,CRACD,NM_001393381.1,1225,UGG,UGA,-10.961818669127812,normal
CBGE,nonsense,NM_001393381.1(CRACD):c.535C>T (p.Gln179Ter),chr4,CRACD,NM_001393381.1,179,CAG,UAG,-11.094891553055364,normal
CBGE,nonsense,NM_001393381.1(CRACD):c.544C>T (p.Gln182Ter),chr4,CRACD,NM_001393381.1,182,CAA,UAA,-9.856711415302446,normal
CBGE,nonsense,NM_001393381.1(CRACD):c.586C>T (p.Gln196Ter),chr4,CRACD,NM_001393381.1,196,CAG,UAG,-10.886955316690443,normal
CBGE,nonsense,NM_001393381.1(CRACD):c.670C>T (p.Gln224Ter),chr4,CRACD,NM_001393381.1,224,CAA,UAA,-11.508350434646657,normal
CBGE,nonsense,NM_001393381.1(CRACD):c.685C>T (p.Arg229Ter),chr4,CRACD,NM_001393381.1,229,CGA,UGA,-11.992367687116282,normal
CBGE,nonsense,NM_001393381.1(CRACD):c.73C>T (p.Gln25Ter),chr4,CRACD,NM_001393381.1,25,CAA,UAA,-10.260545770317025,normal
CBGE,nonsense,NM_001393381.1(CRACD):c.751C>T (p.Gln251Ter),chr4,CRACD,NM_001393381.1,251,CAG,UAG,-12.806518477496711,normal
CBGE,nonsense,NM_001393381.1(CRACD):c.799C>T (p.Gln267Ter),chr4,CRACD,NM_001393381.1,267,CAG,UAG,-13.0732135770517,normal
CBGE,nonsense,NM_001393381.1(CRACD):c.829C>T (p.Gln277Ter),chr4,CRACD,NM_001393381.1,277,CAG,UAG,-11.954484962615792,normal
CBGE,nonsense,NM_001393381.1(CRACD):c.85C>T (p.Gln29Ter),chr4,CRACD,NM_001393381.1,29,CAG,UAG,-10.35911748783776,normal
CBGE,nonsense,NM_001393381.1(CRACD):c.899G>A (p.Trp300Ter),chr4,CRACD,NM_001393381.1,300,UGG,UAG,-11.766994422166336,normal
CBGE,nonsense,NM_001393381.1(CRACD):c.900G>A (p.Trp300Ter),chr4,CRACD,NM_001393381.1,300,UGG,UGA,-11.461467722272342,normal
CBGE,nonsense,NM_001393381.1(CRACD):c.958C>T (p.Arg320Ter),chr4,CRACD,NM_001393381.1,320,CGA,UGA,-10.783983164118338,normal
CBGE,nonsense,NM_001393986.1(PRDM2):c.1087C>T (p.Gln363Ter),chr1,PRDM2,NM_001393986.1,363,CAA,UAA,-10.655881798102603,normal
CBGE,nonsense,NM_001393986.1(PRDM2):c.1204C>T (p.Gln402Ter),chr1,PRDM2,NM_001393986.1,402,CAG,UAG,-11.51430606267134,normal
CBGE,nonsense,NM_001393986.1(PRDM2):c.1219C>T (p.Arg407Ter),chr1,PRDM2,NM_001393986.1,407,CGA,UGA,-12.218361818725104,normal
CBGE,nonsense,NM_001393986.1(PRDM2):c.1264C>T (p.Gln422Ter),chr1,PRDM2,NM_001393986.1,422,CAA,UAA,-10.614687941717817,normal
CBGE,nonsense,NM_001393986.1(PRDM2):c.1273C>T (p.Gln425Ter),chr1,PRDM2,NM_001393986.1,425,CAG,UAG,-11.091280884860836,normal
CBGE,nonsense,NM_001393986.1(PRDM2):c.1573C>T (p.Gln525Ter),chr1,PRDM2,NM_001393986.1,525,CAG,UAG,-11.156764076445665,normal
CBGE,nonsense,NM_001393986.1(PRDM2):c.1831C>T (p.Gln611Ter),chr1,PRDM2,NM_001393986.1,611,CAA,UAA,-10.531450214484606,normal
CBGE,nonsense,NM_001393986.1(PRDM2):c.2092C>T (p.Gln698Ter),chr1,PRDM2,NM_001393986.1,698,CAA,UAA,-10.64841750715853,normal
CBGE,nonsense,NM_001393986.1(PRDM2):c.2251C>T (p.Arg751Ter),chr1,PRDM2,NM_001393986.1,751,CGA,UGA,-8.269988970717353,normal
CBGE,nonsense,NM_001393986.1(PRDM2):c.2288G>A (p.Trp763Ter),chr1,PRDM2,NM_001393986.1,763,UGG,UAG,-11.21032904073996,normal
CBGE,nonsense,NM_001393986.1(PRDM2):c.2461C>T (p.Gln821Ter),chr1,PRDM2,NM_001393986.1,821,CAG,UAG,-11.15826223814722,normal
CBGE,nonsense,NM_001393986.1(PRDM2):c.2494C>T (p.Gln832Ter),chr1,PRDM2,NM_001393986.1,832,CAG,UAG,-10.212536762383309,normal
CBGE,nonsense,NM_001393986.1(PRDM2):c.2764C>T (p.Gln922Ter),chr1,PRDM2,NM_001393986.1,922,CAG,UAG,-10.320481335817083,normal
CBGE,nonsense,NM_001393986.1(PRDM2):c.2854C>T (p.Gln952Ter),chr1,PRDM2,NM_001393986.1,952,CAG,UAG,-11.150117838464048,normal
CBGE,nonsense,NM_001393986.1(PRDM2):c.298C>T (p.Arg100Ter),chr1,PRDM2,NM_001393986.1,100,CGA,UGA,-11.150873219063538,normal
CBGE,nonsense,NM_001393986.1(PRDM2):c.3349C>T (p.Gln1117Ter),chr1,PRDM2,NM_001393986.1,1117,CAG,UAG,-10.533716140782102,normal
CBGE,nonsense,NM_001393986.1(PRDM2):c.3364C>T (p.Gln1122Ter),chr1,PRDM2,NM_001393986.1,1122,CAG,UAG,-10.556627245779207,normal
CBGE,nonsense,NM_001393986.1(PRDM2):c.3505C>T (p.Gln1169Ter),chr1,PRDM2,NM_001393986.1,1169,CAG,UAG,-12.61156649767408,normal
CBGE,nonsense,NM_001393986.1(PRDM2):c.3631C>T (p.Arg1211Ter),chr1,PRDM2,NM_001393986.1,1211,CGA,UGA,-10.792618650666208,normal
CBGE,nonsense,NM_001393986.1(PRDM2):c.4123C>T (p.Gln1375Ter),chr1,PRDM2,NM_001393986.1,1375,CAA,UAA,-10.650947468109392,normal
CBGE,nonsense,NM_001393986.1(PRDM2):c.4132C>T (p.Gln1378Ter),chr1,PRDM2,NM_001393986.1,1378,CAA,UAA,-10.182535172385832,normal
CBGE,nonsense,NM_001393986.1(PRDM2):c.4183C>T (p.Arg1395Ter),chr1,PRDM2,NM_001393986.1,1395,CGA,UGA,-9.654741278326238,normal
CBGE,nonsense,NM_001393986.1(PRDM2):c.4186C>T (p.Arg1396Ter),chr1,PRDM2,NM_001393986.1,1396,CGA,UGA,-9.776325176040432,normal
CBGE,nonsense,NM_001393986.1(PRDM2):c.4195C>T (p.Gln1399Ter),chr1,PRDM2,NM_001393986.1,1399,CAG,UAG,-10.511801713928218,normal
CBGE,nonsense,NM_001393986.1(PRDM2):c.4384C>T (p.Arg1462Ter),chr1,PRDM2,NM_001393986.1,1462,CGA,UGA,-12.22188378437314,normal
CBGE,nonsense,NM_001393986.1(PRDM2):c.4573C>T (p.Gln1525Ter),chr1,PRDM2,NM_001393986.1,1525,CAA,UAA,-10.948486391416898,normal
CBGE,nonsense,NM_001393986.1(PRDM2):c.4582C>T (p.Gln1528Ter),chr1,PRDM2,NM_001393986.1,1528,CAG,UAG,-11.371030837372556,normal
CBGE,nonsense,NM_001393986.1(PRDM2):c.466C>T (p.Arg156Ter),chr1,PRDM2,NM_001393986.1,156,CGA,UGA,-10.318288785622672,normal
CBGE,nonsense,NM_001393986.1(PRDM2):c.4867C>T (p.Gln1623Ter),chr1,PRDM2,NM_001393986.1,1623,CAA,UAA,-10.986251753211166,normal
CBGE,nonsense,NM_001393986.1(PRDM2):c.5017C>T (p.Gln1673Ter),chr1,PRDM2,NM_001393986.1,1673,CAG,UAG,-11.258643163704797,normal
CBGE,nonsense,NM_001393986.1(PRDM2):c.5059C>T (p.Arg1687Ter),chr1,PRDM2,NM_001393986.1,1687,CGA,UGA,-9.849138281970728,normal
CBGE,nonsense,NM_001393986.1(PRDM2):c.5128C>T (p.Gln1710Ter),chr1,PRDM2,NM_001393986.1,1710,CAG,UAG,-10.656393020021971,normal
CBGE,nonsense,NM_001393986.1(PRDM2):c.526C>T (p.Gln176Ter),chr1,PRDM2,NM_001393986.1,176,CAG,UAG,-10.421653794664152,normal
CBGE,nonsense,NM_001393986.1(PRDM2):c.70C>T (p.Arg24Ter),chr1,PRDM2,NM_001393986.1,24,CGA,UGA,-9.828859289644008,normal
CBGE,nonsense,NM_001393986.1(PRDM2):c.763C>T (p.Arg255Ter),chr1,PRDM2,NM_001393986.1,255,CGA,UGA,-8.363431884442695,normal
CBGE,nonsense,NM_001394376.1(POU2F2):c.1024C>T (p.Gln342Ter),chr19,POU2F2,NM_001394376.1,342,CAG,UAG,-10.36584941002693,normal
CBGE,nonsense,NM_001394376.1(POU2F2):c.1063C>T (p.Gln355Ter),chr19,POU2F2,NM_001394376.1,355,CAG,UAG,-12.4685096737965,normal
CBGE,nonsense,NM_001394376.1(POU2F2):c.1207C>T (p.Gln403Ter),chr19,POU2F2,NM_001394376.1,403,CAA,UAA,-11.181240093667387,normal
CBGE,nonsense,NM_001394376.1(POU2F2):c.127C>T (p.Gln43Ter),chr19,POU2F2,NM_001394376.1,43,CAG,UAG,-10.695459406746822,normal
CBGE,nonsense,NM_001394376.1(POU2F2):c.1417C>T (p.Gln473Ter),chr19,POU2F2,NM_001394376.1,473,CAA,UAA,-10.020022413278948,normal
CBGE,nonsense,NM_001394376.1(POU2F2):c.1825C>T (p.Gln609Ter),chr19,POU2F2,NM_001394376.1,609,CAG,UAG,-10.63485143301302,normal
CBGE,nonsense,NM_001394376.1(POU2F2):c.316C>T (p.Gln106Ter),chr19,POU2F2,NM_001394376.1,106,CAG,UAG,-12.565828305912094,normal
CBGE,nonsense,NM_001394376.1(POU2F2):c.331C>T (p.Gln111Ter),chr19,POU2F2,NM_001394376.1,111,CAG,UAG,-12.950376495077116,normal
CBGE,nonsense,NM_001394376.1(POU2F2):c.337C>T (p.Gln113Ter),chr19,POU2F2,NM_001394376.1,113,CAA,UAA,-12.37508682351144,normal
CBGE,nonsense,NM_001394376.1(POU2F2):c.358C>T (p.Gln120Ter),chr19,POU2F2,NM_001394376.1,120,CAG,UAG,-13.34973140776816,normal
CBGE,nonsense,NM_001394376.1(POU2F2):c.388C>T (p.Gln130Ter),chr19,POU2F2,NM_001394376.1,130,CAG,UAG,-13.482419918370471,normal
CBGE,nonsense,NM_001394376.1(POU2F2):c.394C>T (p.Gln132Ter),chr19,POU2F2,NM_001394376.1,132,CAG,UAG,-14.210794514814824,normal
CBGE,nonsense,NM_001394376.1(POU2F2):c.397C>T (p.Gln133Ter),chr19,POU2F2,NM_001394376.1,133,CAG,UAG,-13.922207842065248,normal
CBGE,nonsense,NM_001394376.1(POU2F2):c.439C>T (p.Gln147Ter),chr19,POU2F2,NM_001394376.1,147,CAG,UAG,-13.030601532958425,normal
CBGE,nonsense,NM_001394376.1(POU2F2):c.460C>T (p.Gln154Ter),chr19,POU2F2,NM_001394376.1,154,CAG,UAG,-13.798401832679598,normal
CBGE,nonsense,NM_001394376.1(POU2F2):c.463C>T (p.Gln155Ter),chr19,POU2F2,NM_001394376.1,155,CAG,UAG,-13.66461664796576,normal
CBGE,nonsense,NM_001394376.1(POU2F2):c.502C>T (p.Gln168Ter),chr19,POU2F2,NM_001394376.1,168,CAG,UAG,-13.303654627834128,normal
CBGE,nonsense,NM_001394376.1(POU2F2):c.511C>T (p.Gln171Ter),chr19,POU2F2,NM_001394376.1,171,CAG,UAG,-12.856501548684598,normal
CBGE,nonsense,NM_001394376.1(POU2F2):c.514C>T (p.Gln172Ter),chr19,POU2F2,NM_001394376.1,172,CAA,UAA,-12.241148031681206,normal
CBGE,nonsense,NM_001394376.1(POU2F2):c.613C>T (p.Gln205Ter),chr19,POU2F2,NM_001394376.1,205,CAG,UAG,-12.060213116605054,normal
CBGE,nonsense,NM_001394376.1(POU2F2):c.727C>T (p.Gln243Ter),chr19,POU2F2,NM_001394376.1,243,CAG,UAG,-11.28248029015784,normal
CBGE,nonsense,NM_001394376.1(POU2F2):c.857G>A (p.Trp286Ter),chr19,POU2F2,NM_001394376.1,286,UGG,UAG,-15.338380772067842,normal
CBGE,nonsense,NM_001394376.1(POU2F2):c.858G>A (p.Trp286Ter),chr19,POU2F2,NM_001394376.1,286,UGG,UGA,-15.051796934357508,normal
CBGE,nonsense,NM_001395002.1(MAP4K4):c.1078C>T (p.Gln360Ter),chr2,MAP4K4,NM_001395002.1,360,CAG,UAG,-13.50021360161538,normal
CBGE,nonsense,NM_001395002.1(MAP4K4):c.1081C>T (p.Gln361Ter),chr2,MAP4K4,NM_001395002.1,361,CAG,UAG,-12.978012071628024,normal
CBGE,nonsense,NM_001395002.1(MAP4K4):c.1117C>T (p.Gln373Ter),chr2,MAP4K4,NM_001395002.1,373,CAA,UAA,-13.960700035937167,normal
CBGE,nonsense,NM_001395002.1(MAP4K4):c.1120C>T (p.Gln374Ter),chr2,MAP4K4,NM_001395002.1,374,CAG,UAG,-13.839735100649731,normal
CBGE,nonsense,NM_001395002.1(MAP4K4):c.1129C>T (p.Gln377Ter),chr2,MAP4K4,NM_001395002.1,377,CAG,UAG,-12.384300235923194,normal
CBGE,nonsense,NM_001395002.1(MAP4K4):c.112C>T (p.Gln38Ter),chr2,MAP4K4,NM_001395002.1,38,CAA,UAA,-10.640369410885908,normal
CBGE,nonsense,NM_001395002.1(MAP4K4):c.1135C>T (p.Gln379Ter),chr2,MAP4K4,NM_001395002.1,379,CAA,UAA,-13.707033141114431,normal
CBGE,nonsense,NM_001395002.1(MAP4K4):c.1150C>T (p.Gln384Ter),chr2,MAP4K4,NM_001395002.1,384,CAG,UAG,-13.395851152795688,normal
CBGE,nonsense,NM_001395002.1(MAP4K4):c.1204C>T (p.Gln402Ter),chr2,MAP4K4,NM_001395002.1,402,CAG,UAG,-11.860446879795418,normal
CBGE,nonsense,NM_001395002.1(MAP4K4):c.1213C>T (p.Gln405Ter),chr2,MAP4K4,NM_001395002.1,405,CAG,UAG,-12.208545747455632,normal
CBGE,nonsense,NM_001395002.1(MAP4K4):c.1234C>T (p.Gln412Ter),chr2,MAP4K4,NM_001395002.1,412,CAA,UAA,-13.047887804816462,normal
CBGE,nonsense,NM_001395002.1(MAP4K4):c.1237C>T (p.Gln413Ter),chr2,MAP4K4,NM_001395002.1,413,CAA,UAA,-12.329663318848684,normal
CBGE,nonsense,NM_001395002.1(MAP4K4):c.1267C>T (p.Gln423Ter),chr2,MAP4K4,NM_001395002.1,423,CAG,UAG,-12.55731006425964,normal
CBGE,nonsense,NM_001395002.1(MAP4K4):c.127C>T (p.Arg43Ter),chr2,MAP4K4,NM_001395002.1,43,CGA,UGA,-12.824756499889764,normal
CBGE,nonsense,NM_001395002.1(MAP4K4):c.1294C>T (p.Gln432Ter),chr2,MAP4K4,NM_001395002.1,432,CAA,UAA,-10.959415419568067,normal
CBGE,nonsense,NM_001395002.1(MAP4K4):c.1408C>T (p.Arg470Ter),chr2,MAP4K4,NM_001395002.1,470,CGA,UGA,-12.423660401314605,normal
CBGE,nonsense,NM_001395002.1(MAP4K4):c.1411C>T (p.Gln471Ter),chr2,MAP4K4,NM_001395002.1,471,CAG,UAG,-13.991659195806111,normal
CBGE,nonsense,NM_001395002.1(MAP4K4):c.1426C>T (p.Gln476Ter),chr2,MAP4K4,NM_001395002.1,476,CAG,UAG,-14.32820702959356,normal
CBGE,nonsense,NM_001395002.1(MAP4K4):c.1450C>T (p.Gln484Ter),chr2,MAP4K4,NM_001395002.1,484,CAG,UAG,-14.283338582775768,normal
CBGE,nonsense,NM_001395002.1(MAP4K4):c.1453C>T (p.Gln485Ter),chr2,MAP4K4,NM_001395002.1,485,CAG,UAG,-15.632499722810616,normal
CBGE,nonsense,NM_001395002.1(MAP4K4):c.1493G>A (p.Trp498Ter),chr2,MAP4K4,NM_001395002.1,498,UGG,UAG,-11.717363317646113,normal
CBGE,nonsense,NM_001395002.1(MAP4K4):c.1494G>A (p.Trp498Ter),chr2,MAP4K4,NM_001395002.1,498,UGG,UGA,-11.160026500994435,normal
CBGE,nonsense,NM_001395002.1(MAP4K4):c.1573C>T (p.Gln525Ter),chr2,MAP4K4,NM_001395002.1,525,CAG,UAG,-13.949811911500303,normal
CBGE,nonsense,NM_001395002.1(MAP4K4):c.1612C>T (p.Gln538Ter),chr2,MAP4K4,NM_001395002.1,538,CAG,UAG,-12.595571531173908,normal
CBGE,nonsense,NM_001395002.1(MAP4K4):c.1693C>T (p.Arg565Ter),chr2,MAP4K4,NM_001395002.1,565,CGA,UGA,-10.834713927108956,normal
CBGE,nonsense,NM_001395002.1(MAP4K4):c.1750C>T (p.Gln584Ter),chr2,MAP4K4,NM_001395002.1,584,CAG,UAG,-11.072401052058908,normal
CBGE,nonsense,NM_001395002.1(MAP4K4):c.1759C>T (p.Gln587Ter),chr2,MAP4K4,NM_001395002.1,587,CAG,UAG,-11.211218775014393,normal
CBGE,nonsense,NM_001395002.1(MAP4K4):c.1795C>T (p.Arg599Ter),chr2,MAP4K4,NM_001395002.1,599,CGA,UGA,-11.226309800265952,normal
CBGE,nonsense,NM_001395002.1(MAP4K4):c.1846C>T (p.Gln616Ter),chr2,MAP4K4,NM_001395002.1,616,CAG,UAG,-12.338607809716994,normal
CBGE,nonsense,NM_001395002.1(MAP4K4):c.2140C>T (p.Arg714Ter),chr2,MAP4K4,NM_001395002.1,714,CGA,UGA,-9.737492566339988,normal
CBGE,nonsense,NM_001395002.1(MAP4K4):c.2167C>T (p.Gln723Ter),chr2,MAP4K4,NM_001395002.1,723,CAG,UAG,-11.407119806509632,normal
CBGE,nonsense,NM_001395002.1(MAP4K4):c.2170C>T (p.Gln724Ter),chr2,MAP4K4,NM_001395002.1,724,CAG,UAG,-11.59785078096044,normal
CBGE,nonsense,NM_001395002.1(MAP4K4):c.2188C>T (p.Gln730Ter),chr2,MAP4K4,NM_001395002.1,730,CAG,UAG,-11.132181189354176,normal
CBGE,nonsense,NM_001395002.1(MAP4K4):c.2228G>A (p.Trp743Ter),chr2,MAP4K4,NM_001395002.1,743,UGG,UAG,-10.886707297418292,normal
CBGE,nonsense,NM_001395002.1(MAP4K4):c.2229G>A (p.Trp743Ter),chr2,MAP4K4,NM_001395002.1,743,UGG,UGA,-10.853095045327615,normal
CBGE,nonsense,NM_001395002.1(MAP4K4):c.2299C>T (p.Gln767Ter),chr2,MAP4K4,NM_001395002.1,767,CAG,UAG,-12.31071475246184,normal
CBGE,nonsense,NM_001395002.1(MAP4K4):c.2323C>T (p.Gln775Ter),chr2,MAP4K4,NM_001395002.1,775,CAG,UAG,-12.514818210010809,normal
CBGE,nonsense,NM_001395002.1(MAP4K4):c.2491C>T (p.Arg831Ter),chr2,MAP4K4,NM_001395002.1,831,CGA,UGA,-9.781873819889189,normal
CBGE,nonsense,NM_001395002.1(MAP4K4):c.298C>T (p.Gln100Ter),chr2,MAP4K4,NM_001395002.1,100,CAA,UAA,-11.11500166508,normal
CBGE,nonsense,NM_001395002.1(MAP4K4):c.3031C>T (p.Gln1011Ter),chr2,MAP4K4,NM_001395002.1,1011,CAG,UAG,-11.37799643689221,normal
CBGE,nonsense,NM_001395002.1(MAP4K4):c.3325C>T (p.Arg1109Ter),chr2,MAP4K4,NM_001395002.1,1109,CGA,UGA,-9.661776497732864,normal
CBGE,nonsense,NM_001395002.1(MAP4K4):c.3331C>T (p.Arg1111Ter),chr2,MAP4K4,NM_001395002.1,1111,CGA,UGA,-10.75705237531318,normal
CBGE,nonsense,NM_001395002.1(MAP4K4):c.3337C>T (p.Gln1113Ter),chr2,MAP4K4,NM_001395002.1,1113,CAA,UAA,-11.186155331711262,normal
CBGE,nonsense,NM_001395002.1(MAP4K4):c.3340C>T (p.Gln1114Ter),chr2,MAP4K4,NM_001395002.1,1114,CAA,UAA,-11.8018951673917,normal
CBGE,nonsense,NM_001395002.1(MAP4K4):c.3679C>T (p.Gln1227Ter),chr2,MAP4K4,NM_001395002.1,1227,CAG,UAG,-11.665922208748182,normal
CBGE,nonsense,NM_001395002.1(MAP4K4):c.3908G>A (p.Trp1303Ter),chr2,MAP4K4,NM_001395002.1,1303,UGG,UAG,-12.033603608335516,normal
CBGE,nonsense,NM_001395002.1(MAP4K4):c.3909G>A (p.Trp1303Ter),chr2,MAP4K4,NM_001395002.1,1303,UGG,UGA,-11.900710136316814,normal
CBGE,nonsense,NM_001395002.1(MAP4K4):c.3940C>T (p.Arg1314Ter),chr2,MAP4K4,NM_001395002.1,1314,CGA,UGA,-11.230663320343004,normal
CBGE,nonsense,NM_001395002.1(MAP4K4):c.3949C>T (p.Gln1317Ter),chr2,MAP4K4,NM_001395002.1,1317,CAG,UAG,-11.848844521691236,normal
CBGE,nonsense,NM_001395002.1(MAP4K4):c.3962G>A (p.Trp1321Ter),chr2,MAP4K4,NM_001395002.1,1321,UGG,UAG,-12.996692594833508,normal
CBGE,nonsense,NM_001395002.1(MAP4K4):c.3963G>A (p.Trp1321Ter),chr2,MAP4K4,NM_001395002.1,1321,UGG,UGA,-12.783553021379303,normal
CBGE,nonsense,NM_001395002.1(MAP4K4):c.529C>T (p.Gln177Ter),chr2,MAP4K4,NM_001395002.1,177,CAG,UAG,-12.186808642583518,normal
CBGE,nonsense,NM_001395002.1(MAP4K4):c.773G>A (p.Trp258Ter),chr2,MAP4K4,NM_001395002.1,258,UGG,UAG,-14.444653408751906,normal
CBGE,nonsense,NM_001395002.1(MAP4K4):c.889C>T (p.Gln297Ter),chr2,MAP4K4,NM_001395002.1,297,CAA,UAA,-11.718538222628885,normal
CBGE,nonsense,NM_001421.4(ELF4):c.1021C>T (p.Gln341Ter),chrX,ELF4,NM_001421.4,341,CAG,UAG,-10.669332537012115,normal
CBGE,nonsense,NM_001421.4(ELF4):c.1060C>T (p.Gln354Ter),chrX,ELF4,NM_001421.4,354,CAG,UAG,-11.745767613107398,normal
CBGE,nonsense,NM_001421.4(ELF4):c.1258C>T (p.Gln420Ter),chrX,ELF4,NM_001421.4,420,CAG,UAG,-13.749818695541313,normal
CBGE,nonsense,NM_001421.4(ELF4):c.1333C>T (p.Gln445Ter),chrX,ELF4,NM_001421.4,445,CAG,UAG,-12.358898170819872,normal
CBGE,nonsense,NM_001421.4(ELF4):c.1408C>T (p.Gln470Ter),chrX,ELF4,NM_001421.4,470,CAA,UAA,-10.59575089863171,normal
CBGE,nonsense,NM_001421.4(ELF4):c.1462C>T (p.Gln488Ter),chrX,ELF4,NM_001421.4,488,CAA,UAA,-10.973329538973218,normal
CBGE,nonsense,NM_001421.4(ELF4):c.1543C>T (p.Gln515Ter),chrX,ELF4,NM_001421.4,515,CAG,UAG,-11.356199276195262,normal
CBGE,nonsense,NM_001421.4(ELF4):c.1642C>T (p.Gln548Ter),chrX,ELF4,NM_001421.4,548,CAG,UAG,-11.570445990316024,normal
CBGE,nonsense,NM_001421.4(ELF4):c.1729C>T (p.Gln577Ter),chrX,ELF4,NM_001421.4,577,CAG,UAG,-12.325429884640414,normal
CBGE,nonsense,NM_001421.4(ELF4):c.1744C>T (p.Gln582Ter),chrX,ELF4,NM_001421.4,582,CAG,UAG,-11.471753069841222,normal
CBGE,nonsense,NM_001421.4(ELF4):c.211C>T (p.Gln71Ter),chrX,ELF4,NM_001421.4,71,CAG,UAG,-10.355333312466351,normal
CBGE,nonsense,NM_001421.4(ELF4):c.635G>A (p.Trp212Ter),chrX,ELF4,NM_001421.4,212,UGG,UAG,-14.628517145997634,normal
CBGE,nonsense,NM_001421.4(ELF4):c.636G>A (p.Trp212Ter),chrX,ELF4,NM_001421.4,212,UGG,UGA,-14.758865395789783,normal
CBGE,nonsense,NM_001421.4(ELF4):c.692G>A (p.Trp231Ter),chrX,ELF4,NM_001421.4,231,UGG,UAG,-14.798037603598589,normal
CBGE,nonsense,NM_001421.4(ELF4):c.693G>A (p.Trp231Ter),chrX,ELF4,NM_001421.4,231,UGG,UGA,-14.38176254567234,normal
CBGE,nonsense,NM_001421.4(ELF4):c.753G>A (p.Trp251Ter),chrX,ELF4,NM_001421.4,251,UGG,UGA,-14.659191175739403,normal
CBGE,nonsense,NM_001421.4(ELF4):c.985C>T (p.Arg329Ter),chrX,ELF4,NM_001421.4,329,CGA,UGA,-9.555032827990155,normal
CBGE,nonsense,NM_001425.3(EMP3):c.119G>A (p.Trp40Ter),chr19,EMP3,NM_001425.3,40,UGG,UAG,-15.854614281350806,normal
CBGE,nonsense,NM_001425.3(EMP3):c.120G>A (p.Trp40Ter),chr19,EMP3,NM_001425.3,40,UGG,UGA,-15.750999492004626,normal
CBGE,nonsense,NM_001425.3(EMP3):c.156G>A (p.Trp52Ter),chr19,EMP3,NM_001425.3,52,UGG,UGA,-12.659370423717723,normal
CBGE,nonsense,NM_001425.3(EMP3):c.199C>T (p.Gln67Ter),chr19,EMP3,NM_001425.3,67,CAG,UAG,-13.87508773463791,lof
CBGE,nonsense,NM_001425.3(EMP3):c.259C>T (p.Gln87Ter),chr19,EMP3,NM_001425.3,87,CAG,UAG,-14.245670275438462,normal
CBGE,nonsense,NM_001425.3(EMP3):c.83G>A (p.Trp28Ter),chr19,EMP3,NM_001425.3,28,UGG,UAG,-15.853124613227624,normal
CBGE,nonsense,NM_001425.3(EMP3):c.86G>A (p.Trp29Ter),chr19,EMP3,NM_001425.3,29,UGG,UAG,-15.627248725175782,normal
CBGE,nonsense,NM_001425.3(EMP3):c.87G>A (p.Trp29Ter),chr19,EMP3,NM_001425.3,29,UGG,UGA,-15.3670101586354,normal
CBGE,nonsense,NM_001455.4(FOXO3):c.1402C>T (p.Gln468Ter),chr6,FOXO3,NM_001455.4,468,CAG,UAG,-12.623135514628096,normal
CBGE,nonsense,NM_001455.4(FOXO3):c.1411C>T (p.Gln471Ter),chr6,FOXO3,NM_001455.4,471,CAG,UAG,-11.384523293914883,normal
CBGE,nonsense,NM_001455.4(FOXO3):c.1507C>T (p.Gln503Ter),chr6,FOXO3,NM_001455.4,503,CAG,UAG,-11.635604834797729,normal
CBGE,nonsense,NM_001455.4(FOXO3):c.1564C>T (p.Gln522Ter),chr6,FOXO3,NM_001455.4,522,CAG,UAG,-11.326734530783984,normal
CBGE,nonsense,NM_001455.4(FOXO3):c.1615C>T (p.Gln539Ter),chr6,FOXO3,NM_001455.4,539,CAA,UAA,-12.905344906748354,normal
CBGE,nonsense,NM_001455.4(FOXO3):c.1732C>T (p.Gln578Ter),chr6,FOXO3,NM_001455.4,578,CAG,UAG,-11.7063942096809,normal
CBGE,nonsense,NM_001455.4(FOXO3):c.1741C>T (p.Gln581Ter),chr6,FOXO3,NM_001455.4,581,CAA,UAA,-10.945208553434007,normal
CBGE,nonsense,NM_001455.4(FOXO3):c.1945C>T (p.Gln649Ter),chr6,FOXO3,NM_001455.4,649,CAG,UAG,-11.857935836949109,normal
CBGE,nonsense,NM_001455.4(FOXO3):c.2009G>A (p.Trp670Ter),chr6,FOXO3,NM_001455.4,670,UGG,UAG,-13.747304002807306,normal
CBGE,nonsense,NM_001455.4(FOXO3):c.2010G>A (p.Trp670Ter),chr6,FOXO3,NM_001455.4,670,UGG,UGA,-13.415880165799187,normal
CBGE,nonsense,NM_001455.4(FOXO3):c.316C>T (p.Gln106Ter),chr6,FOXO3,NM_001455.4,106,CAA,UAA,-9.856111563381802,normal
CBGE,nonsense,NM_001455.4(FOXO3):c.557G>A (p.Trp186Ter),chr6,FOXO3,NM_001455.4,186,UGG,UAG,-15.447790155957264,normal
CBGE,nonsense,NM_001455.4(FOXO3):c.558G>A (p.Trp186Ter),chr6,FOXO3,NM_001455.4,186,UGG,UGA,-15.403856273416732,normal
CBGE,nonsense,NM_001455.4(FOXO3):c.670C>T (p.Gln224Ter),chr6,FOXO3,NM_001455.4,224,CAG,UAG,-9.640688960655824,normal
CBGE,nonsense,NM_001455.4(FOXO3):c.859C>T (p.Gln287Ter),chr6,FOXO3,NM_001455.4,287,CAG,UAG,-10.803447686101464,normal
CBGE,nonsense,NM_001455.4(FOXO3):c.872G>A (p.Trp291Ter),chr6,FOXO3,NM_001455.4,291,UGG,UAG,-10.735753063216688,normal
CBGE,nonsense,NM_001455.4(FOXO3):c.873G>A (p.Trp291Ter),chr6,FOXO3,NM_001455.4,291,UGG,UGA,-10.156695362996876,normal
CBGE,nonsense,NM_001530.4(HIF1A):c.1267C>T (p.Gln423Ter),chr14,HIF1A,NM_001530.4,423,CAG,UAG,-10.765932104571055,normal
CBGE,nonsense,NM_001530.4(HIF1A):c.1330C>T (p.Gln444Ter),chr14,HIF1A,NM_001530.4,444,CAG,UAG,-10.841051036844297,normal
CBGE,nonsense,NM_001530.4(HIF1A):c.2149C>T (p.Gln717Ter),chr14,HIF1A,NM_001530.4,717,CAG,UAG,-10.883999810952728,normal
CBGE,nonsense,NM_001530.4(HIF1A):c.2188C>T (p.Gln730Ter),chr14,HIF1A,NM_001530.4,730,CAA,UAA,-11.142423643155931,normal
CBGE,nonsense,NM_001530.4(HIF1A):c.2353C>T (p.Gln785Ter),chr14,HIF1A,NM_001530.4,785,CAA,UAA,-10.70978730828108,normal
CBGE,nonsense,NM_001530.4(HIF1A):c.733C>T (p.Arg245Ter),chr14,HIF1A,NM_001530.4,245,CGA,UGA,-13.354334846560786,normal
CBGE,nonsense,NM_001530.4(HIF1A):c.947G>A (p.Trp316Ter),chr14,HIF1A,NM_001530.4,316,UGG,UAG,-16.053188312718078,normal
CBGE,nonsense,NM_001530.4(HIF1A):c.948G>A (p.Trp316Ter),chr14,HIF1A,NM_001530.4,316,UGG,UGA,-15.870817190556416,normal
CBGE,nonsense,NM_001556.3(IKBKB):c.1000C>T (p.Gln334Ter),chr8,IKBKB,NM_001556.3,334,CAG,UAG,-12.2885360934728,normal
CBGE,nonsense,NM_001556.3(IKBKB):c.1024C>T (p.Gln342Ter),chr8,IKBKB,NM_001556.3,342,CAG,UAG,-12.118034290267332,normal
CBGE,nonsense,NM_001556.3(IKBKB):c.1051C>T (p.Gln351Ter),chr8,IKBKB,NM_001556.3,351,CAG,UAG,-10.20842550925068,normal
CBGE,nonsense,NM_001556.3(IKBKB):c.1063C>T (p.Gln355Ter),chr8,IKBKB,NM_001556.3,355,CAG,UAG,-10.709857912389657,normal
CBGE,nonsense,NM_001556.3(IKBKB):c.1498C>T (p.Gln500Ter),chr8,IKBKB,NM_001556.3,500,CAA,UAA,-10.673331236022973,normal
CBGE,nonsense,NM_001556.3(IKBKB):c.1735C>T (p.Arg579Ter),chr8,IKBKB,NM_001556.3,579,CGA,UGA,-8.942679367891362,normal
CBGE,nonsense,NM_001556.3(IKBKB):c.1951C>T (p.Gln651Ter),chr8,IKBKB,NM_001556.3,651,CAG,UAG,-12.23067849063304,normal
CBGE,nonsense,NM_001556.3(IKBKB):c.2038C>T (p.Arg680Ter),chr8,IKBKB,NM_001556.3,680,CGA,UGA,-8.04917799628808,normal
CBGE,nonsense,NM_001556.3(IKBKB):c.2068C>T (p.Gln690Ter),chr8,IKBKB,NM_001556.3,690,CAG,UAG,-10.85422138800091,normal
CBGE,nonsense,NM_001556.3(IKBKB):c.2188C>T (p.Gln730Ter),chr8,IKBKB,NM_001556.3,730,CAA,UAA,-9.874301955211712,normal
CBGE,nonsense,NM_001556.3(IKBKB):c.2194C>T (p.Gln732Ter),chr8,IKBKB,NM_001556.3,732,CAG,UAG,-11.645860722183262,normal
CBGE,nonsense,NM_001556.3(IKBKB):c.28C>T (p.Gln10Ter),chr8,IKBKB,NM_001556.3,10,CAG,UAG,-10.96848871483579,normal
CBGE,nonsense,NM_001556.3(IKBKB):c.328C>T (p.Gln110Ter),chr8,IKBKB,NM_001556.3,110,CAG,UAG,-11.137369145715954,lof
CBGE,nonsense,NM_001556.3(IKBKB):c.472C>T (p.Gln158Ter),chr8,IKBKB,NM_001556.3,158,CAG,UAG,-11.02314088584657,normal
CBGE,nonsense,NM_001556.3(IKBKB):c.677G>A (p.Trp226Ter),chr8,IKBKB,NM_001556.3,226,UGG,UAG,-12.048494278454516,normal
CBGE,nonsense,NM_001556.3(IKBKB):c.678G>A (p.Trp226Ter),chr8,IKBKB,NM_001556.3,226,UGG,UGA,-11.708940518525797,normal
CBGE,nonsense,NM_001556.3(IKBKB):c.692G>A (p.Trp231Ter),chr8,IKBKB,NM_001556.3,231,UGG,UAG,-13.014232601733337,normal
CBGE,nonsense,NM_001561.6(TNFRSF9):c.199C>T (p.Gln67Ter),chr1,TNFRSF9,NM_001561.6,67,CAG,UAG,-11.634540510594524,normal
CBGE,nonsense,NM_001561.6(TNFRSF9):c.310C>T (p.Gln104Ter),chr1,TNFRSF9,NM_001561.6,104,CAG,UAG,-10.577377386255186,normal
CBGE,nonsense,NM_001561.6(TNFRSF9):c.328C>T (p.Gln110Ter),chr1,TNFRSF9,NM_001561.6,110,CAA,UAA,-10.298014631316123,normal
CBGE,nonsense,NM_001561.6(TNFRSF9):c.382C>T (p.Gln128Ter),chr1,TNFRSF9,NM_001561.6,128,CAG,UAG,-11.852050758474656,normal
CBGE,nonsense,NM_001561.6(TNFRSF9):c.697C>T (p.Gln233Ter),chr1,TNFRSF9,NM_001561.6,233,CAA,UAA,-10.909013792608356,normal
CBGE,nonsense,NM_001561.6(TNFRSF9):c.706C>T (p.Gln236Ter),chr1,TNFRSF9,NM_001561.6,236,CAA,UAA,-10.132261253485126,normal
CBGE,nonsense,NM_001561.6(TNFRSF9):c.730C>T (p.Arg244Ter),chr1,TNFRSF9,NM_001561.6,244,CGA,UGA,-8.998117515000766,normal
CBGE,nonsense,NM_001569.4(IRAK1):c.1120C>T (p.Gln374Ter),chrX,IRAK1,NM_001569.4,374,CAG,UAG,-11.687260710862502,normal
CBGE,nonsense,NM_001569.4(IRAK1):c.1144C>T (p.Gln382Ter),chrX,IRAK1,NM_001569.4,382,CAG,UAG,-10.864908139372222,normal
CBGE,nonsense,NM_001569.4(IRAK1):c.125G>A (p.Trp42Ter),chrX,IRAK1,NM_001569.4,42,UGG,UAG,-13.481922194193428,normal
CBGE,nonsense,NM_001569.4(IRAK1):c.126G>A (p.Trp42Ter),chrX,IRAK1,NM_001569.4,42,UGG,UGA,-13.24065587755446,normal
CBGE,nonsense,NM_001569.4(IRAK1):c.1369C>T (p.Gln457Ter),chrX,IRAK1,NM_001569.4,457,CAA,UAA,-9.891629251672672,normal
CBGE,nonsense,NM_001569.4(IRAK1):c.1537C>T (p.Gln513Ter),chrX,IRAK1,NM_001569.4,513,CAG,UAG,-13.13064189129983,normal
CBGE,nonsense,NM_001569.4(IRAK1):c.157C>T (p.Gln53Ter),chrX,IRAK1,NM_001569.4,53,CAG,UAG,-10.61939908863062,normal
CBGE,nonsense,NM_001569.4(IRAK1):c.1682G>A (p.Trp561Ter),chrX,IRAK1,NM_001569.4,561,UGG,UAG,-11.31783296812213,normal
CBGE,nonsense,NM_001569.4(IRAK1):c.1683G>A (p.Trp561Ter),chrX,IRAK1,NM_001569.4,561,UGG,UGA,-11.270830097764811,normal
CBGE,nonsense,NM_001569.4(IRAK1):c.1684C>T (p.Gln562Ter),chrX,IRAK1,NM_001569.4,562,CAG,UAG,-11.137308118296168,normal
CBGE,nonsense,NM_001569.4(IRAK1):c.1729C>T (p.Gln577Ter),chrX,IRAK1,NM_001569.4,577,CAG,UAG,-11.140376086870804,normal
CBGE,nonsense,NM_001569.4(IRAK1):c.1864C>T (p.Gln622Ter),chrX,IRAK1,NM_001569.4,622,CAG,UAG,-9.496903370919332,normal
CBGE,nonsense,NM_001569.4(IRAK1):c.1996C>T (p.Arg666Ter),chrX,IRAK1,NM_001569.4,666,CGA,UGA,-9.249201530153398,normal
CBGE,nonsense,NM_001569.4(IRAK1):c.2095C>T (p.Gln699Ter),chrX,IRAK1,NM_001569.4,699,CAG,UAG,-10.00487808140866,normal
CBGE,nonsense,NM_001569.4(IRAK1):c.2131C>T (p.Gln711Ter),chrX,IRAK1,NM_001569.4,711,CAG,UAG,-9.93341637700352,normal
CBGE,nonsense,NM_001569.4(IRAK1):c.218G>A (p.Trp73Ter),chrX,IRAK1,NM_001569.4,73,UGG,UAG,-12.9341612808889,normal
CBGE,nonsense,NM_001569.4(IRAK1):c.219G>A (p.Trp73Ter),chrX,IRAK1,NM_001569.4,73,UGG,UGA,-12.75847052601009,normal
CBGE,nonsense,NM_001569.4(IRAK1):c.271C>T (p.Gln91Ter),chrX,IRAK1,NM_001569.4,91,CAG,UAG,-12.340798354296476,normal
CBGE,nonsense,NM_001569.4(IRAK1):c.390G>A (p.Trp130Ter),chrX,IRAK1,NM_001569.4,130,UGG,UGA,-11.15795136329847,normal
CBGE,nonsense,NM_001569.4(IRAK1):c.451C>T (p.Gln151Ter),chrX,IRAK1,NM_001569.4,151,CAG,UAG,-11.312471402355165,normal
CBGE,nonsense,NM_001569.4(IRAK1):c.503G>A (p.Trp168Ter),chrX,IRAK1,NM_001569.4,168,UGG,UAG,-11.025497384722092,normal
CBGE,nonsense,NM_001569.4(IRAK1):c.504G>A (p.Trp168Ter),chrX,IRAK1,NM_001569.4,168,UGG,UGA,-10.76965421571316,normal
CBGE,nonsense,NM_001569.4(IRAK1):c.599G>A (p.Trp200Ter),chrX,IRAK1,NM_001569.4,200,UGG,UAG,-13.147803282025436,normal
CBGE,nonsense,NM_001569.4(IRAK1):c.600G>A (p.Trp200Ter),chrX,IRAK1,NM_001569.4,200,UGG,UGA,-12.52659891921383,normal
CBGE,nonsense,NM_001569.4(IRAK1):c.760C>T (p.Gln254Ter),chrX,IRAK1,NM_001569.4,254,CAG,UAG,-12.4833069230351,normal
CBGE,nonsense,NM_001569.4(IRAK1):c.784C>T (p.Gln262Ter),chrX,IRAK1,NM_001569.4,262,CAG,UAG,-11.098012982063905,normal
CBGE,nonsense,NM_001569.4(IRAK1):c.907C>T (p.Gln303Ter),chrX,IRAK1,NM_001569.4,303,CAG,UAG,-11.538288092199837,normal
CBGE,nonsense,NM_001569.4(IRAK1):c.979C>T (p.Gln327Ter),chrX,IRAK1,NM_001569.4,327,CAG,UAG,-12.05910204317035,normal
CBGE,nonsense,NM_001571.6(IRF3):c.163C>T (p.Gln55Ter),chr19,IRF3,NM_001571.6,55,CAG,UAG,-13.23555369046904,normal
CBGE,nonsense,NM_001571.6(IRF3):c.32G>A (p.Trp11Ter),chr19,IRF3,NM_001571.6,11,UGG,UAG,-16.106540646086792,normal
CBGE,nonsense,NM_001571.6(IRF3):c.43C>T (p.Gln15Ter),chr19,IRF3,NM_001571.6,15,CAG,UAG,-12.863016095849128,normal
CBGE,nonsense,NM_001571.6(IRF3):c.505C>T (p.Gln169Ter),chr19,IRF3,NM_001571.6,169,CAG,UAG,-10.45441915846443,normal
CBGE,nonsense,NM_001571.6(IRF3):c.605G>A (p.Trp202Ter),chr19,IRF3,NM_001571.6,202,UGG,UAG,-12.173490477325071,normal
CBGE,nonsense,NM_001571.6(IRF3):c.606G>A (p.Trp202Ter),chr19,IRF3,NM_001571.6,202,UGG,UGA,-11.96267128695943,normal
CBGE,nonsense,NM_001571.6(IRF3):c.840G>A (p.Trp280Ter),chr19,IRF3,NM_001571.6,280,UGG,UGA,-12.127073255888629,normal
CBGE,nonsense,NM_001571.6(IRF3):c.845G>A (p.Trp282Ter),chr19,IRF3,NM_001571.6,282,UGG,UAG,-12.77030755770692,normal
CBGE,nonsense,NM_001571.6(IRF3):c.846G>A (p.Trp282Ter),chr19,IRF3,NM_001571.6,282,UGG,UGA,-12.262796409496094,normal
CBGE,nonsense,NM_001571.6(IRF3):c.850C>T (p.Gln284Ter),chr19,IRF3,NM_001571.6,284,CAG,UAG,-11.156835573010456,normal
CBGE,nonsense,NM_001571.6(IRF3):c.878G>A (p.Trp293Ter),chr19,IRF3,NM_001571.6,293,UGG,UAG,-12.3268946736484,normal
CBGE,nonsense,NM_001571.6(IRF3):c.879G>A (p.Trp293Ter),chr19,IRF3,NM_001571.6,293,UGG,UGA,-11.967079186859587,normal
CBGE,nonsense,NM_001614.5(ACTG1):c.1019G>A (p.Trp340Ter),chr17,ACTG1,NM_001614.5,340,UGG,UAG,-14.549528153843315,normal
CBGE,nonsense,NM_001614.5(ACTG1):c.121C>T (p.Gln41Ter),chr17,ACTG1,NM_001614.5,41,CAG,UAG,-12.189999505004431,normal
CBGE,nonsense,NM_001614.5(ACTG1):c.175C>T (p.Gln59Ter),chr17,ACTG1,NM_001614.5,59,CAG,UAG,-10.433664423102156,normal
CBGE,nonsense,NM_001614.5(ACTG1):c.361C>T (p.Gln121Ter),chr17,ACTG1,NM_001614.5,121,CAG,UAG,-13.235961828610677,normal
CBGE,nonsense,NM_001614.5(ACTG1):c.787C>T (p.Gln263Ter),chr17,ACTG1,NM_001614.5,263,CAG,UAG,-11.748617151278916,normal
CBGE,nonsense,NM_001618.4(PARP1):c.1877G>A (p.Trp626Ter),chr1,PARP1,NM_001618.4,626,UGG,UAG,-11.774905135951109,normal
CBGE,nonsense,NM_001618.4(PARP1):c.1878G>A (p.Trp626Ter),chr1,PARP1,NM_001618.4,626,UGG,UGA,-11.653264938493708,normal
CBGE,nonsense,NM_001618.4(PARP1):c.2152C>T (p.Gln718Ter),chr1,PARP1,NM_001618.4,718,CAG,UAG,-12.11376561568149,normal
CBGE,nonsense,NM_001618.4(PARP1):c.2275C>T (p.Gln759Ter),chr1,PARP1,NM_001618.4,759,CAG,UAG,-12.302939451837137,normal
CBGE,nonsense,NM_001618.4(PARP1):c.2569C>T (p.Arg857Ter),chr1,PARP1,NM_001618.4,857,CGA,UGA,-13.955262174658452,normal
CBGE,nonsense,NM_001618.4(PARP1):c.2582G>A (p.Trp861Ter),chr1,PARP1,NM_001618.4,861,UGG,UAG,-15.20023059105235,normal
CBGE,nonsense,NM_001618.4(PARP1):c.2583G>A (p.Trp861Ter),chr1,PARP1,NM_001618.4,861,UGG,UGA,-15.104484541520224,normal
CBGE,nonsense,NM_001618.4(PARP1):c.2623C>T (p.Gln875Ter),chr1,PARP1,NM_001618.4,875,CAG,UAG,-14.388813026246863,normal
CBGE,nonsense,NM_001618.4(PARP1):c.295C>T (p.Gln99Ter),chr1,PARP1,NM_001618.4,99,CAG,UAG,-10.77035902179464,normal
CBGE,nonsense,NM_001618.4(PARP1):c.3042G>A (p.Trp1014Ter),chr1,PARP1,NM_001618.4,1014,UGG,UGA,-10.689764543351156,normal
CBGE,nonsense,NM_001618.4(PARP1):c.538C>T (p.Gln180Ter),chr1,PARP1,NM_001618.4,180,CAG,UAG,-11.838480034213362,normal
CBGE,nonsense,NM_001618.4(PARP1):c.592C>T (p.Gln198Ter),chr1,PARP1,NM_001618.4,198,CAG,UAG,-11.70777704272441,normal
CBGE,nonsense,NM_001618.4(PARP1):c.998G>A (p.Trp333Ter),chr1,PARP1,NM_001618.4,333,UGG,UAG,-11.612522143425384,normal
CBGE,nonsense,NM_001618.4(PARP1):c.999G>A (p.Trp333Ter),chr1,PARP1,NM_001618.4,333,UGG,UGA,-11.594282120441134,normal
CBGE,nonsense,NM_001626.6(AKT2):c.1001G>A (p.Trp334Ter),chr19,AKT2,NM_001626.6,334,UGG,UAG,-15.5301465579331,normal
CBGE,nonsense,NM_001626.6(AKT2):c.1002G>A (p.Trp334Ter),chr19,AKT2,NM_001626.6,334,UGG,UGA,-15.271035189906796,normal
CBGE,nonsense,NM_001626.6(AKT2):c.1171C>T (p.Gln391Ter),chr19,AKT2,NM_001626.6,391,CAG,UAG,-11.98071764678221,normal
CBGE,nonsense,NM_001626.6(AKT2):c.1241G>A (p.Trp414Ter),chr19,AKT2,NM_001626.6,414,UGG,UAG,-15.226797174611368,normal
CBGE,nonsense,NM_001626.6(AKT2):c.1242G>A (p.Trp414Ter),chr19,AKT2,NM_001626.6,414,UGG,UGA,-15.09495261419478,normal
CBGE,nonsense,NM_001626.6(AKT2):c.1243C>T (p.Gln415Ter),chr19,AKT2,NM_001626.6,415,CAG,UAG,-9.474801101960152,normal
CBGE,nonsense,NM_001626.6(AKT2):c.1414C>T (p.Gln472Ter),chr19,AKT2,NM_001626.6,472,CAG,UAG,-10.032365774467207,normal
CBGE,nonsense,NM_001626.6(AKT2):c.181C>T (p.Gln61Ter),chr19,AKT2,NM_001626.6,61,CAG,UAG,-11.302738226287037,normal
CBGE,nonsense,NM_001626.6(AKT2):c.296G>A (p.Trp99Ter),chr19,AKT2,NM_001626.6,99,UGG,UAG,-14.44636721049086,normal
CBGE,nonsense,NM_001626.6(AKT2):c.297G>A (p.Trp99Ter),chr19,AKT2,NM_001626.6,99,UGG,UGA,-14.446607489818614,normal
CBGE,nonsense,NM_001626.6(AKT2):c.334C>T (p.Gln112Ter),chr19,AKT2,NM_001626.6,112,CAG,UAG,-11.974448157552706,normal
CBGE,nonsense,NM_001626.6(AKT2):c.613C>T (p.Gln205Ter),chr19,AKT2,NM_001626.6,205,CAG,UAG,-11.76786325409974,normal
CBGE,nonsense,NM_001626.6(AKT2):c.999G>A (p.Trp333Ter),chr19,AKT2,NM_001626.6,333,UGG,UGA,-13.795097306853169,normal
CBGE,nonsense,NM_001664.4(RHOA):c.296G>A (p.Trp99Ter),chr3,RHOA,NM_001664.4,99,UGG,UAG,-15.147333126373583,normal
CBGE,nonsense,NM_001664.4(RHOA):c.297G>A (p.Trp99Ter),chr3,RHOA,NM_001664.4,99,UGG,UGA,-14.92767048005057,normal
CBGE,nonsense,NM_001664.4(RHOA):c.406C>T (p.Gln136Ter),chr3,RHOA,NM_001664.4,136,CAG,UAG,-13.18624303291402,normal
CBGE,nonsense,NM_001664.4(RHOA):c.538C>T (p.Gln180Ter),chr3,RHOA,NM_001664.4,180,CAA,UAA,-6.657121661652985,normal
CBGE,nonsense,NM_001665.4(RHOG):c.418C>T (p.Gln140Ter),chr11,RHOG,NM_001665.4,140,CAG,UAG,-13.85894865660186,normal
CBGE,nonsense,NM_001665.4(RHOG):c.484C>T (p.Gln162Ter),chr11,RHOG,NM_001665.4,162,CAG,UAG,-13.343048111111536,normal
CBGE,nonsense,NM_001706.5(BCL6):c.1069C>T (p.Gln357Ter),chr3,BCL6,NM_001706.5,357,CAG,UAG,-10.463746997710114,normal
CBGE,nonsense,NM_001706.5(BCL6):c.1125G>A (p.Trp375Ter),chr3,BCL6,NM_001706.5,375,UGG,UGA,-11.42306235646114,normal
CBGE,nonsense,NM_001706.5(BCL6):c.1189C>T (p.Gln397Ter),chr3,BCL6,NM_001706.5,397,CAG,UAG,-10.639577946655685,normal
CBGE,nonsense,NM_001706.5(BCL6):c.1216C>T (p.Arg406Ter),chr3,BCL6,NM_001706.5,406,CGA,UGA,-8.723156946214578,normal
CBGE,nonsense,NM_001706.5(BCL6):c.1243C>T (p.Gln415Ter),chr3,BCL6,NM_001706.5,415,CAG,UAG,-10.569182437339816,normal
CBGE,nonsense,NM_001706.5(BCL6):c.1324C>T (p.Gln442Ter),chr3,BCL6,NM_001706.5,442,CAA,UAA,-9.5748261903513,normal
CBGE,nonsense,NM_001706.5(BCL6):c.1654C>T (p.Gln552Ter),chr3,BCL6,NM_001706.5,552,CAG,UAG,-10.217275678405535,normal
CBGE,nonsense,NM_001706.5(BCL6):c.1744C>T (p.Gln582Ter),chr3,BCL6,NM_001706.5,582,CAG,UAG,-9.831509605307785,normal
CBGE,nonsense,NM_001706.5(BCL6):c.1780C>T (p.Arg594Ter),chr3,BCL6,NM_001706.5,594,CGA,UGA,-13.121438987331944,normal
CBGE,nonsense,NM_001706.5(BCL6):c.1837C>T (p.Gln613Ter),chr3,BCL6,NM_001706.5,613,CAG,UAG,-14.244514455857145,normal
CBGE,nonsense,NM_001706.5(BCL6):c.2035C>T (p.Gln679Ter),chr3,BCL6,NM_001706.5,679,CAG,UAG,-11.766820991516193,normal
CBGE,nonsense,NM_001706.5(BCL6):c.337C>T (p.Gln113Ter),chr3,BCL6,NM_001706.5,113,CAG,UAG,-11.934260364039012,normal
CBGE,nonsense,NM_001706.5(BCL6):c.454C>T (p.Gln152Ter),chr3,BCL6,NM_001706.5,152,CAA,UAA,-8.960937507454794,normal
CBGE,nonsense,NM_001754.5(RUNX1):c.1168C>T (p.Gln390Ter),chr21,RUNX1,NM_001754.5,390,CAA,UAA,-9.790049741153748,normal
CBGE,nonsense,NM_001754.5(RUNX1):c.1345C>T (p.Gln449Ter),chr21,RUNX1,NM_001754.5,449,CAG,UAG,-10.7162417966994,normal
CBGE,nonsense,NM_001754.5(RUNX1):c.496C>T (p.Arg166Ter),chr21,RUNX1,NM_001754.5,166,CGA,UGA,-10.68045046552735,normal
CBGE,nonsense,NM_001754.5(RUNX1):c.610C>T (p.Arg204Ter),chr21,RUNX1,NM_001754.5,204,CGA,UGA,-10.549514725962034,normal
CBGE,nonsense,NM_001754.5(RUNX1):c.637C>T (p.Gln213Ter),chr21,RUNX1,NM_001754.5,213,CAG,UAG,-11.014913551969576,normal
CBGE,nonsense,NM_001754.5(RUNX1):c.796C>T (p.Gln266Ter),chr21,RUNX1,NM_001754.5,266,CAG,UAG,-12.567536422083156,normal
CBGE,nonsense,NM_001754.5(RUNX1):c.802C>T (p.Gln268Ter),chr21,RUNX1,NM_001754.5,268,CAG,UAG,-12.036331152010648,normal
CBGE,nonsense,NM_001754.5(RUNX1):c.820C>T (p.Gln274Ter),chr21,RUNX1,NM_001754.5,274,CAA,UAA,-10.696568549230072,normal
CBGE,nonsense,NM_001754.5(RUNX1):c.836G>A (p.Trp279Ter),chr21,RUNX1,NM_001754.5,279,UGG,UAG,-11.317442007262738,normal
CBGE,nonsense,NM_001754.5(RUNX1):c.837G>A (p.Trp279Ter),chr21,RUNX1,NM_001754.5,279,UGG,UGA,-11.102186185029922,normal
CBGE,nonsense,NM_001754.5(RUNX1):c.847C>T (p.Gln283Ter),chr21,RUNX1,NM_001754.5,283,CAG,UAG,-12.565503035950773,normal
CBGE,nonsense,NM_001754.5(RUNX1):c.856C>T (p.Gln286Ter),chr21,RUNX1,NM_001754.5,286,CAA,UAA,-11.517795568484038,normal
CBGE,nonsense,NM_001767.5(CD2):c.1000C>T (p.Gln334Ter),chr1,CD2,NM_001767.5,334,CAG,UAG,-13.222065854978831,normal
CBGE,nonsense,NM_001767.5(CD2):c.101G>A (p.Trp34Ter),chr1,CD2,NM_001767.5,34,UGG,UAG,-12.2107772527044,lof
CBGE,nonsense,NM_001767.5(CD2):c.102G>A (p.Trp34Ter),chr1,CD2,NM_001767.5,34,UGG,UGA,-11.753006042523072,lof
CBGE,nonsense,NM_001767.5(CD2):c.838C>T (p.Gln280Ter),chr1,CD2,NM_001767.5,280,CAA,UAA,-12.056156077165792,normal
CBGE,nonsense,NM_001767.5(CD2):c.955C>T (p.Gln319Ter),chr1,CD2,NM_001767.5,319,CAA,UAA,-11.745680691317402,normal
CBGE,nonsense,NM_001767.5(CD2):c.964C>T (p.Gln322Ter),chr1,CD2,NM_001767.5,322,CAG,UAG,-13.032779659484037,normal
CBGE,nonsense,NM_001768.7(CD8A):c.167G>A (p.Trp56Ter),chr2,CD8A,NM_001768.7,56,UGG,UAG,-15.01993751394074,normal
CBGE,nonsense,NM_001768.7(CD8A):c.168G>A (p.Trp56Ter),chr2,CD8A,NM_001768.7,56,UGG,UGA,-14.662537598920569,normal
CBGE,nonsense,NM_001768.7(CD8A):c.175C>T (p.Gln59Ter),chr2,CD8A,NM_001768.7,59,CAG,UAG,-12.710985142321004,normal
CBGE,nonsense,NM_001768.7(CD8A):c.259C>T (p.Gln87Ter),chr2,CD8A,NM_001768.7,87,CAG,UAG,-10.479042083937983,normal
CBGE,nonsense,NM_001768.7(CD8A):c.319C>T (p.Arg107Ter),chr2,CD8A,NM_001768.7,107,CGA,UGA,-9.542869847428562,normal
CBGE,nonsense,NM_001768.7(CD8A):c.430C>T (p.Arg144Ter),chr2,CD8A,NM_001768.7,144,CGA,UGA,-9.95954794149425,normal
CBGE,nonsense,NM_001768.7(CD8A):c.557G>A (p.Trp186Ter),chr2,CD8A,NM_001768.7,186,UGG,UAG,-13.442641154001947,normal
CBGE,nonsense,NM_001768.7(CD8A):c.558G>A (p.Trp186Ter),chr2,CD8A,NM_001768.7,186,UGG,UGA,-13.369390460047343,normal
CBGE,nonsense,NM_001768.7(CD8A):c.98G>A (p.Trp33Ter),chr2,CD8A,NM_001768.7,33,UGG,UAG,-11.76976014592265,normal
CBGE,nonsense,NM_001768.7(CD8A):c.99G>A (p.Trp33Ter),chr2,CD8A,NM_001768.7,33,UGG,UGA,-11.64615626032763,normal
CBGE,nonsense,NM_001774.3(CD37):c.163C>T (p.Gln55Ter),chr19,CD37,NM_001774.3,55,CAG,UAG,-11.79518130374101,normal
CBGE,nonsense,NM_001774.3(CD37):c.301C>T (p.Gln101Ter),chr19,CD37,NM_001774.3,101,CAG,UAG,-13.766552003439292,normal
CBGE,nonsense,NM_001774.3(CD37):c.340C>T (p.Gln114Ter),chr19,CD37,NM_001774.3,114,CAG,UAG,-12.505735399517498,normal
CBGE,nonsense,NM_001774.3(CD37):c.349C>T (p.Arg117Ter),chr19,CD37,NM_001774.3,117,CGA,UGA,-10.12043376650646,normal
CBGE,nonsense,NM_001774.3(CD37):c.382C>T (p.Gln128Ter),chr19,CD37,NM_001774.3,128,CAA,UAA,-10.918388367181684,normal
CBGE,nonsense,NM_001774.3(CD37):c.428G>A (p.Trp143Ter),chr19,CD37,NM_001774.3,143,UGG,UAG,-15.915643678868332,normal
CBGE,nonsense,NM_001774.3(CD37):c.429G>A (p.Trp143Ter),chr19,CD37,NM_001774.3,143,UGG,UGA,-15.511947659593904,normal
CBGE,nonsense,NM_001774.3(CD37):c.482G>A (p.Trp161Ter),chr19,CD37,NM_001774.3,161,UGG,UAG,-16.08528906374439,normal
CBGE,nonsense,NM_001774.3(CD37):c.483G>A (p.Trp161Ter),chr19,CD37,NM_001774.3,161,UGG,UGA,-15.76876922642004,normal
CBGE,nonsense,NM_001774.3(CD37):c.710G>A (p.Trp237Ter),chr19,CD37,NM_001774.3,237,UGG,UAG,-16.05443766885155,normal
CBGE,nonsense,NM_001774.3(CD37):c.711G>A (p.Trp237Ter),chr19,CD37,NM_001774.3,237,UGG,UGA,-16.01942831670002,normal
CBGE,nonsense,NM_001776.6(ENTPD1):c.1024C>T (p.Gln342Ter),chr10,ENTPD1,NM_001776.6,342,CAG,UAG,-11.644220304089451,normal
CBGE,nonsense,NM_001776.6(ENTPD1):c.1060C>T (p.Gln354Ter),chr10,ENTPD1,NM_001776.6,354,CAG,UAG,-11.763921795937671,normal
CBGE,nonsense,NM_001776.6(ENTPD1):c.1174C>T (p.Gln392Ter),chr10,ENTPD1,NM_001776.6,392,CAG,UAG,-11.596284827305857,normal
CBGE,nonsense,NM_001776.6(ENTPD1):c.1330C>T (p.Gln444Ter),chr10,ENTPD1,NM_001776.6,444,CAG,UAG,-10.039370431619554,normal
CBGE,nonsense,NM_001776.6(ENTPD1):c.1349G>A (p.Trp450Ter),chr10,ENTPD1,NM_001776.6,450,UGG,UAG,-16.001346606115256,normal
CBGE,nonsense,NM_001776.6(ENTPD1):c.1350G>A (p.Trp450Ter),chr10,ENTPD1,NM_001776.6,450,UGG,UGA,-15.723441125951622,normal
CBGE,nonsense,NM_001776.6(ENTPD1):c.1517G>A (p.Trp506Ter),chr10,ENTPD1,NM_001776.6,506,UGG,UAG,-12.271839063599458,normal
CBGE,nonsense,NM_001776.6(ENTPD1):c.1518G>A (p.Trp506Ter),chr10,ENTPD1,NM_001776.6,506,UGG,UGA,-11.8012446549621,normal
CBGE,nonsense,NM_001776.6(ENTPD1):c.238C>T (p.Gln80Ter),chr10,ENTPD1,NM_001776.6,80,CAA,UAA,-10.872758890865542,normal
CBGE,nonsense,NM_001776.6(ENTPD1):c.286C>T (p.Gln96Ter),chr10,ENTPD1,NM_001776.6,96,CAG,UAG,-12.332605430756862,normal
CBGE,nonsense,NM_001776.6(ENTPD1):c.490C>T (p.Gln164Ter),chr10,ENTPD1,NM_001776.6,164,CAG,UAG,-12.76348502866952,normal
CBGE,nonsense,NM_001776.6(ENTPD1):c.514C>T (p.Gln172Ter),chr10,ENTPD1,NM_001776.6,172,CAA,UAA,-11.825170512131464,normal
CBGE,nonsense,NM_001776.6(ENTPD1):c.537G>A (p.Trp179Ter),chr10,ENTPD1,NM_001776.6,179,UGG,UGA,-15.610238989130066,normal
CBGE,nonsense,NM_001776.6(ENTPD1):c.616C>T (p.Gln206Ter),chr10,ENTPD1,NM_001776.6,206,CAG,UAG,-11.28921128722623,normal
CBGE,nonsense,NM_001776.6(ENTPD1):c.712C>T (p.Gln238Ter),chr10,ENTPD1,NM_001776.6,238,CAA,UAA,-12.477505734633311,normal
CBGE,nonsense,NM_001776.6(ENTPD1):c.778C>T (p.Gln260Ter),chr10,ENTPD1,NM_001776.6,260,CAG,UAG,-10.194276849397813,normal
CBGE,nonsense,NM_001776.6(ENTPD1):c.934C>T (p.Gln312Ter),chr10,ENTPD1,NM_001776.6,312,CAG,UAG,-11.95830541231905,normal
CBGE,nonsense,NM_001776.6(ENTPD1):c.937C>T (p.Gln313Ter),chr10,ENTPD1,NM_001776.6,313,CAG,UAG,-11.48704426236397,normal
CBGE,nonsense,NM_001777.4(CD47):c.268C>T (p.Gln90Ter),chr3,CD47,NM_001777.4,90,CAA,UAA,-11.45501518297514,normal
CBGE,nonsense,NM_001777.4(CD47):c.407G>A (p.Trp136Ter),chr3,CD47,NM_001777.4,136,UGG,UAG,-11.699203425080816,normal
CBGE,nonsense,NM_001777.4(CD47):c.408G>A (p.Trp136Ter),chr3,CD47,NM_001777.4,136,UGG,UGA,-11.670004851801403,normal
CBGE,nonsense,NM_001777.4(CD47):c.6G>A (p.Trp2Ter),chr3,CD47,NM_001777.4,2,UGG,UGA,-13.46989437197932,normal
CBGE,nonsense,NM_001777.4(CD47):c.844C>T (p.Gln282Ter),chr3,CD47,NM_001777.4,282,CAA,UAA,-9.974458712568712,normal
CBGE,nonsense,NM_001777.4(CD47):c.898C>T (p.Gln300Ter),chr3,CD47,NM_001777.4,300,CAA,UAA,-11.160385153028448,normal
CBGE,nonsense,NM_001791.4(CDC42):c.290G>A (p.Trp97Ter),chr1,CDC42,NM_001791.4,97,UGG,UAG,-15.214105586605134,normal
CBGE,nonsense,NM_001791.4(CDC42):c.291G>A (p.Trp97Ter),chr1,CDC42,NM_001791.4,97,UGG,UGA,-15.04850772607877,normal
CBGE,nonsense,NM_001838.4(CCR7):c.1045C>T (p.Gln349Ter),chr17,CCR7,NM_001838.4,349,CAG,UAG,-12.177173723421152,normal
CBGE,nonsense,NM_001838.4(CCR7):c.1051C>T (p.Gln351Ter),chr17,CCR7,NM_001838.4,351,CAG,UAG,-13.262906987652052,normal
CBGE,nonsense,NM_001838.4(CCR7):c.1064G>A (p.Trp355Ter),chr17,CCR7,NM_001838.4,355,UGG,UAG,-12.377294513593297,normal
CBGE,nonsense,NM_001838.4(CCR7):c.1065G>A (p.Trp355Ter),chr17,CCR7,NM_001838.4,355,UGG,UGA,-12.004500436283468,normal
CBGE,nonsense,NM_001838.4(CCR7):c.548G>A (p.Trp183Ter),chr17,CCR7,NM_001838.4,183,UGG,UAG,-14.147987346112238,normal
CBGE,nonsense,NM_001838.4(CCR7):c.549G>A (p.Trp183Ter),chr17,CCR7,NM_001838.4,183,UGG,UGA,-14.134193398754483,normal
CBGE,nonsense,NM_001838.4(CCR7):c.58C>T (p.Gln20Ter),chr17,CCR7,NM_001838.4,20,CAG,UAG,-10.966244620074914,normal
CBGE,nonsense,NM_001838.4(CCR7):c.670C>T (p.Gln224Ter),chr17,CCR7,NM_001838.4,224,CAG,UAG,-11.336492651491003,normal
CBGE,nonsense,NM_001838.4(CCR7):c.679C>T (p.Gln227Ter),chr17,CCR7,NM_001838.4,227,CAG,UAG,-11.824361750635504,normal
CBGE,nonsense,NM_001838.4(CCR7):c.73C>T (p.Gln25Ter),chr17,CCR7,NM_001838.4,25,CAA,UAA,-11.34600834164923,normal
CBGE,nonsense,NM_001838.4(CCR7):c.826C>T (p.Gln276Ter),chr17,CCR7,NM_001838.4,276,CAG,UAG,-12.62624837210022,normal
CBGE,nonsense,NM_001961.4(EEF2):c.1243C>T (p.Arg415Ter),chr19,EEF2,NM_001961.4,415,CGA,UGA,-11.959363902710786,normal
CBGE,nonsense,NM_001961.4(EEF2):c.1342C>T (p.Gln448Ter),chr19,EEF2,NM_001961.4,448,CAG,UAG,-13.083353029717149,normal
CBGE,nonsense,NM_001961.4(EEF2):c.1429C>T (p.Gln477Ter),chr19,EEF2,NM_001961.4,477,CAG,UAG,-13.276771543752533,normal
CBGE,nonsense,NM_001961.4(EEF2):c.1603C>T (p.Gln535Ter),chr19,EEF2,NM_001961.4,535,CAG,UAG,-13.249681461088764,normal
CBGE,nonsense,NM_001961.4(EEF2):c.1876C>T (p.Gln626Ter),chr19,EEF2,NM_001961.4,626,CAG,UAG,-10.115127608287631,normal
CBGE,nonsense,NM_001961.4(EEF2):c.1922G>A (p.Trp641Ter),chr19,EEF2,NM_001961.4,641,UGG,UAG,-16.510837532121737,normal
CBGE,nonsense,NM_001961.4(EEF2):c.1923G>A (p.Trp641Ter),chr19,EEF2,NM_001961.4,641,UGG,UGA,-16.455123871678264,normal
CBGE,nonsense,NM_001961.4(EEF2):c.1949G>A (p.Trp650Ter),chr19,EEF2,NM_001961.4,650,UGG,UAG,-14.53010839704984,normal
CBGE,nonsense,NM_001961.4(EEF2):c.1950G>A (p.Trp650Ter),chr19,EEF2,NM_001961.4,650,UGG,UGA,-14.400195081404144,normal
CBGE,nonsense,NM_001961.4(EEF2):c.2209C>T (p.Gln737Ter),chr19,EEF2,NM_001961.4,737,CAG,UAG,-11.756753835318824,normal
CBGE,nonsense,NM_001961.4(EEF2):c.2260C>T (p.Gln754Ter),chr19,EEF2,NM_001961.4,754,CAG,UAG,-11.40073487441222,normal
CBGE,nonsense,NM_001961.4(EEF2):c.2323C>T (p.Gln775Ter),chr19,EEF2,NM_001961.4,775,CAG,UAG,-12.983936270980516,normal
CBGE,nonsense,NM_001961.4(EEF2):c.2452C>T (p.Gln818Ter),chr19,EEF2,NM_001961.4,818,CAG,UAG,-12.471466941535926,normal
CBGE,nonsense,NM_001961.4(EEF2):c.526C>T (p.Gln176Ter),chr19,EEF2,NM_001961.4,176,CAG,UAG,-12.110722529159148,normal
CBGE,nonsense,NM_001961.4(EEF2):c.535C>T (p.Gln179Ter),chr19,EEF2,NM_001961.4,179,CAG,UAG,-11.37744237236141,normal
CBGE,nonsense,NM_001961.4(EEF2):c.679C>T (p.Gln227Ter),chr19,EEF2,NM_001961.4,227,CAG,UAG,-11.718730887946284,normal
CBGE,nonsense,NM_001961.4(EEF2):c.727C>T (p.Gln243Ter),chr19,EEF2,NM_001961.4,243,CAG,UAG,-11.440194159473563,normal
CBGE,nonsense,NM_001964.3(EGR1):c.43C>T (p.Gln15Ter),chr5,EGR1,NM_001964.3,15,CAG,UAG,-12.023446026191085,normal
CBGE,nonsense,NM_001964.3(EGR1):c.449G>A (p.Trp150Ter),chr5,EGR1,NM_001964.3,150,UGG,UAG,-11.001581206467268,normal
CBGE,nonsense,NM_001964.3(EGR1):c.667C>T (p.Gln223Ter),chr5,EGR1,NM_001964.3,223,CAG,UAG,-12.36689568686246,normal
CBGE,nonsense,NM_001964.3(EGR1):c.778C>T (p.Gln260Ter),chr5,EGR1,NM_001964.3,260,CAG,UAG,-14.041120508076723,normal
CBGE,nonsense,NM_001964.3(EGR1):c.781C>T (p.Gln261Ter),chr5,EGR1,NM_001964.3,261,CAG,UAG,-12.745771422782749,normal
CBGE,nonsense,NM_001964.3(EGR1):c.811C>T (p.Gln271Ter),chr5,EGR1,NM_001964.3,271,CAG,UAG,-12.52594180400323,normal
CBGE,nonsense,NM_001969.5(EIF5):c.1142G>A (p.Trp381Ter),chr14,EIF5,NM_001969.5,381,UGG,UAG,-15.95275022202254,normal
CBGE,nonsense,NM_001969.5(EIF5):c.1143G>A (p.Trp381Ter),chr14,EIF5,NM_001969.5,381,UGG,UGA,-15.890791831831764,normal
CBGE,nonsense,NM_001969.5(EIF5):c.256C>T (p.Gln86Ter),chr14,EIF5,NM_001969.5,86,CAA,UAA,-12.42842301919107,normal
CBGE,nonsense,NM_001969.5(EIF5):c.346C>T (p.Gln116Ter),chr14,EIF5,NM_001969.5,116,CAA,UAA,-11.503595397560288,normal
CBGE,nonsense,NM_001973.4(ELK4):c.109C>T (p.Gln37Ter),chr1,ELK4,NM_001973.4,37,CAG,UAG,-9.287759803607171,normal
CBGE,nonsense,NM_002015.4(FOXO1):c.1003C>T (p.Gln335Ter),chr13,FOXO1,NM_002015.4,335,CAG,UAG,-9.33761026462962,normal
CBGE,nonsense,NM_002015.4(FOXO1):c.100C>T (p.Gln34Ter),chr13,FOXO1,NM_002015.4,34,CAG,UAG,-9.728612898127512,normal
CBGE,nonsense,NM_002015.4(FOXO1):c.1174C>T (p.Gln392Ter),chr13,FOXO1,NM_002015.4,392,CAG,UAG,-10.861484532877467,normal
CBGE,nonsense,NM_002015.4(FOXO1):c.1264C>T (p.Gln422Ter),chr13,FOXO1,NM_002015.4,422,CAA,UAA,-11.138492574630927,normal
CBGE,nonsense,NM_002015.4(FOXO1):c.75G>A (p.Trp25Ter),chr13,FOXO1,NM_002015.4,25,UGG,UGA,-10.758966527997831,normal
CBGE,nonsense,NM_002015.4(FOXO1):c.832C>T (p.Gln278Ter),chr13,FOXO1,NM_002015.4,278,CAG,UAG,-10.672346107949831,normal
CBGE,nonsense,NM_002015.4(FOXO1):c.871C>T (p.Gln291Ter),chr13,FOXO1,NM_002015.4,291,CAG,UAG,-10.703869783343944,normal
CBGE,nonsense,NM_002015.4(FOXO1):c.884G>A (p.Trp295Ter),chr13,FOXO1,NM_002015.4,295,UGG,UAG,-10.77427389393245,normal
CBGE,nonsense,NM_002018.4(FLII):c.110G>A (p.Trp37Ter),chr17,FLII,NM_002018.4,37,UGG,UAG,-12.35018922958873,normal
CBGE,nonsense,NM_002018.4(FLII):c.111G>A (p.Trp37Ter),chr17,FLII,NM_002018.4,37,UGG,UGA,-12.085947047785847,normal
CBGE,nonsense,NM_002018.4(FLII):c.1166G>A (p.Trp389Ter),chr17,FLII,NM_002018.4,389,UGG,UAG,-13.457540485584028,normal
CBGE,nonsense,NM_002018.4(FLII):c.1167G>A (p.Trp389Ter),chr17,FLII,NM_002018.4,389,UGG,UGA,-13.426155041605396,normal
CBGE,nonsense,NM_002018.4(FLII):c.1189C>T (p.Gln397Ter),chr17,FLII,NM_002018.4,397,CAG,UAG,-12.20800302797858,normal
CBGE,nonsense,NM_002018.4(FLII):c.1195C>T (p.Gln399Ter),chr17,FLII,NM_002018.4,399,CAG,UAG,-10.880201319202143,normal
CBGE,nonsense,NM_002018.4(FLII):c.1285C>T (p.Arg429Ter),chr17,FLII,NM_002018.4,429,CGA,UGA,-9.737945580635923,normal
CBGE,nonsense,NM_002018.4(FLII):c.1312C>T (p.Gln438Ter),chr17,FLII,NM_002018.4,438,CAG,UAG,-10.894531178560245,normal
CBGE,nonsense,NM_002018.4(FLII):c.1321C>T (p.Gln441Ter),chr17,FLII,NM_002018.4,441,CAG,UAG,-10.966574623491043,normal
CBGE,nonsense,NM_002018.4(FLII):c.1330C>T (p.Gln444Ter),chr17,FLII,NM_002018.4,444,CAG,UAG,-11.26495361995818,normal
CBGE,nonsense,NM_002018.4(FLII):c.1360C>T (p.Gln454Ter),chr17,FLII,NM_002018.4,454,CAG,UAG,-11.043146092576755,normal
CBGE,nonsense,NM_002018.4(FLII):c.1378C>T (p.Gln460Ter),chr17,FLII,NM_002018.4,460,CAG,UAG,-11.00558471582229,normal
CBGE,nonsense,NM_002018.4(FLII):c.1427G>A (p.Trp476Ter),chr17,FLII,NM_002018.4,476,UGG,UAG,-12.589952506303264,normal
CBGE,nonsense,NM_002018.4(FLII):c.1489C>T (p.Gln497Ter),chr17,FLII,NM_002018.4,497,CAG,UAG,-11.630278594679131,normal
CBGE,nonsense,NM_002018.4(FLII):c.1629G>A (p.Trp543Ter),chr17,FLII,NM_002018.4,543,UGG,UGA,-13.543295947872528,normal
CBGE,nonsense,NM_002018.4(FLII):c.166C>T (p.Gln56Ter),chr17,FLII,NM_002018.4,56,CAG,UAG,-11.09365559439477,normal
CBGE,nonsense,NM_002018.4(FLII):c.2089C>T (p.Gln697Ter),chr17,FLII,NM_002018.4,697,CAG,UAG,-11.206661229629304,normal
CBGE,nonsense,NM_002018.4(FLII):c.2108G>A (p.Trp703Ter),chr17,FLII,NM_002018.4,703,UGG,UAG,-16.075832356607727,normal
CBGE,nonsense,NM_002018.4(FLII):c.2109G>A (p.Trp703Ter),chr17,FLII,NM_002018.4,703,UGG,UGA,-15.892470337460916,normal
CBGE,nonsense,NM_002018.4(FLII):c.2165G>A (p.Trp722Ter),chr17,FLII,NM_002018.4,722,UGG,UAG,-11.73228833022733,normal
CBGE,nonsense,NM_002018.4(FLII):c.2166G>A (p.Trp722Ter),chr17,FLII,NM_002018.4,722,UGG,UGA,-11.228523294785784,normal
CBGE,nonsense,NM_002018.4(FLII):c.2173C>T (p.Gln725Ter),chr17,FLII,NM_002018.4,725,CAG,UAG,-11.174416551351618,normal
CBGE,nonsense,NM_002018.4(FLII):c.2257C>T (p.Gln753Ter),chr17,FLII,NM_002018.4,753,CAG,UAG,-10.928949301143035,normal
CBGE,nonsense,NM_002018.4(FLII):c.2360G>A (p.Trp787Ter),chr17,FLII,NM_002018.4,787,UGG,UAG,-14.545249997878598,normal
CBGE,nonsense,NM_002018.4(FLII):c.2361G>A (p.Trp787Ter),chr17,FLII,NM_002018.4,787,UGG,UGA,-14.409475183910372,normal
CBGE,nonsense,NM_002018.4(FLII):c.2413C>T (p.Gln805Ter),chr17,FLII,NM_002018.4,805,CAG,UAG,-11.635312988168854,normal
CBGE,nonsense,NM_002018.4(FLII):c.2485C>T (p.Gln829Ter),chr17,FLII,NM_002018.4,829,CAG,UAG,-11.3160457480664,normal
CBGE,nonsense,NM_002018.4(FLII):c.2513G>A (p.Trp838Ter),chr17,FLII,NM_002018.4,838,UGG,UAG,-14.083858487045388,normal
CBGE,nonsense,NM_002018.4(FLII):c.2514G>A (p.Trp838Ter),chr17,FLII,NM_002018.4,838,UGG,UGA,-14.185625042740332,normal
CBGE,nonsense,NM_002018.4(FLII):c.2563C>T (p.Gln855Ter),chr17,FLII,NM_002018.4,855,CAG,UAG,-11.75650602980452,gof
CBGE,nonsense,NM_002018.4(FLII):c.2822G>A (p.Trp941Ter),chr17,FLII,NM_002018.4,941,UGG,UAG,-12.0756015623196,normal
CBGE,nonsense,NM_002018.4(FLII):c.2823G>A (p.Trp941Ter),chr17,FLII,NM_002018.4,941,UGG,UGA,-11.948297491559748,normal
CBGE,nonsense,NM_002018.4(FLII):c.2960G>A (p.Trp987Ter),chr17,FLII,NM_002018.4,987,UGG,UAG,-13.586587907006477,normal
CBGE,nonsense,NM_002018.4(FLII):c.2961G>A (p.Trp987Ter),chr17,FLII,NM_002018.4,987,UGG,UGA,-13.379533673845042,normal
CBGE,nonsense,NM_002018.4(FLII):c.2990G>A (p.Trp997Ter),chr17,FLII,NM_002018.4,997,UGG,UAG,-12.349592180871149,normal
CBGE,nonsense,NM_002018.4(FLII):c.2991G>A (p.Trp997Ter),chr17,FLII,NM_002018.4,997,UGG,UGA,-12.031019257307896,normal
CBGE,nonsense,NM_002018.4(FLII):c.3172C>T (p.Gln1058Ter),chr17,FLII,NM_002018.4,1058,CAG,UAG,-12.072139692635306,normal
CBGE,nonsense,NM_002018.4(FLII):c.3292C>T (p.Gln1098Ter),chr17,FLII,NM_002018.4,1098,CAG,UAG,-12.347072621408884,normal
CBGE,nonsense,NM_002018.4(FLII):c.3311G>A (p.Trp1104Ter),chr17,FLII,NM_002018.4,1104,UGG,UAG,-13.228919988198127,normal
CBGE,nonsense,NM_002018.4(FLII):c.3312G>A (p.Trp1104Ter),chr17,FLII,NM_002018.4,1104,UGG,UGA,-13.058555566306191,normal
CBGE,nonsense,NM_002018.4(FLII):c.3559C>T (p.Gln1187Ter),chr17,FLII,NM_002018.4,1187,CAA,UAA,-11.864570623348198,normal
CBGE,nonsense,NM_002018.4(FLII):c.3631C>T (p.Gln1211Ter),chr17,FLII,NM_002018.4,1211,CAG,UAG,-13.297540632110138,normal
CBGE,nonsense,NM_002018.4(FLII):c.3685C>T (p.Gln1229Ter),chr17,FLII,NM_002018.4,1229,CAG,UAG,-12.709348711534632,normal
CBGE,nonsense,NM_002018.4(FLII):c.505C>T (p.Gln169Ter),chr17,FLII,NM_002018.4,169,CAG,UAG,-11.313906671750392,normal
CBGE,nonsense,NM_002018.4(FLII):c.529C>T (p.Gln177Ter),chr17,FLII,NM_002018.4,177,CAG,UAG,-13.017696303318626,normal
CBGE,nonsense,NM_002018.4(FLII):c.568C>T (p.Gln190Ter),chr17,FLII,NM_002018.4,190,CAG,UAG,-11.740813278666192,normal
CBGE,nonsense,NM_002018.4(FLII):c.577C>T (p.Gln193Ter),chr17,FLII,NM_002018.4,193,CAG,UAG,-12.236961324175322,normal
CBGE,nonsense,NM_002018.4(FLII):c.601C>T (p.Gln201Ter),chr17,FLII,NM_002018.4,201,CAG,UAG,-13.399229029614627,normal
CBGE,nonsense,NM_002018.4(FLII):c.799C>T (p.Gln267Ter),chr17,FLII,NM_002018.4,267,CAG,UAG,-12.952272479443248,normal
CBGE,nonsense,NM_002018.4(FLII):c.803G>A (p.Trp268Ter),chr17,FLII,NM_002018.4,268,UGG,UAG,-12.517040268249136,normal
CBGE,nonsense,NM_002018.4(FLII):c.804G>A (p.Trp268Ter),chr17,FLII,NM_002018.4,268,UGG,UGA,-12.627678963142063,normal
CBGE,nonsense,NM_002037.5(FYN):c.1174C>T (p.Arg392Ter),chr6,FYN,NM_002037.5,392,CGA,UGA,-9.46142680400288,normal
CBGE,nonsense,NM_002037.5(FYN):c.1549C>T (p.Gln517Ter),chr6,FYN,NM_002037.5,517,CAG,UAG,-9.61492071693337,normal
CBGE,nonsense,NM_002037.5(FYN):c.1594C>T (p.Gln532Ter),chr6,FYN,NM_002037.5,532,CAA,UAA,-10.393661458811843,normal
CBGE,nonsense,NM_002037.5(FYN):c.175C>T (p.Gln59Ter),chr6,FYN,NM_002037.5,59,CAA,UAA,-10.8499012852664,normal
CBGE,nonsense,NM_002037.5(FYN):c.481C>T (p.Arg161Ter),chr6,FYN,NM_002037.5,161,CGA,UGA,-11.11738964159802,normal
CBGE,nonsense,NM_002037.5(FYN):c.484C>T (p.Gln162Ter),chr6,FYN,NM_002037.5,162,CAG,UAG,-8.293463730202292,normal
CBGE,nonsense,NM_002037.5(FYN):c.791G>A (p.Trp264Ter),chr6,FYN,NM_002037.5,264,UGG,UAG,-10.830224942765684,normal
CBGE,nonsense,NM_002037.5(FYN):c.792G>A (p.Trp264Ter),chr6,FYN,NM_002037.5,264,UGG,UGA,-10.32743352798649,normal
CBGE,nonsense,NM_002037.5(FYN):c.814C>T (p.Gln272Ter),chr6,FYN,NM_002037.5,272,CAG,UAG,-8.976803731900091,normal
CBGE,nonsense,NM_002037.5(FYN):c.841C>T (p.Gln281Ter),chr6,FYN,NM_002037.5,281,CAG,UAG,-7.71086172354816,normal
CBGE,nonsense,NM_002086.5(GRB2):c.179G>A (p.Trp60Ter),chr17,GRB2,NM_002086.5,60,UGG,UAG,-14.760969198579572,normal
CBGE,nonsense,NM_002086.5(GRB2):c.180G>A (p.Trp60Ter),chr17,GRB2,NM_002086.5,60,UGG,UGA,-14.620579745458844,normal
CBGE,nonsense,NM_002086.5(GRB2):c.316C>T (p.Gln106Ter),chr17,GRB2,NM_002086.5,106,CAG,UAG,-12.321391030215624,normal
CBGE,nonsense,NM_002086.5(GRB2):c.362G>A (p.Trp121Ter),chr17,GRB2,NM_002086.5,121,UGG,UAG,-13.82844352867679,normal
CBGE,nonsense,NM_002086.5(GRB2):c.363G>A (p.Trp121Ter),chr17,GRB2,NM_002086.5,121,UGG,UGA,-13.740062773708088,normal
CBGE,nonsense,NM_002086.5(GRB2):c.466C>T (p.Gln156Ter),chr17,GRB2,NM_002086.5,156,CAG,UAG,-12.215168017497238,normal
CBGE,nonsense,NM_002086.5(GRB2):c.581G>A (p.Trp194Ter),chr17,GRB2,NM_002086.5,194,UGG,UAG,-15.17079259458186,normal
CBGE,nonsense,NM_002158.4(FOXN2):c.1171C>T (p.Gln391Ter),chr2,FOXN2,NM_002158.4,391,CAA,UAA,-10.50121878851549,normal
CBGE,nonsense,NM_002158.4(FOXN2):c.1270C>T (p.Gln424Ter),chr2,FOXN2,NM_002158.4,424,CAA,UAA,-11.14782057142264,normal
CBGE,nonsense,NM_002158.4(FOXN2):c.1276C>T (p.Gln426Ter),chr2,FOXN2,NM_002158.4,426,CAA,UAA,-11.366098474003248,normal
CBGE,nonsense,NM_002158.4(FOXN2):c.467G>A (p.Trp156Ter),chr2,FOXN2,NM_002158.4,156,UGG,UAG,-14.842799174889793,normal
CBGE,nonsense,NM_002158.4(FOXN2):c.468G>A (p.Trp156Ter),chr2,FOXN2,NM_002158.4,156,UGG,UGA,-14.908899231286544,normal
CBGE,nonsense,NM_002158.4(FOXN2):c.511C>T (p.Gln171Ter),chr2,FOXN2,NM_002158.4,171,CAG,UAG,-11.13398357874835,normal
CBGE,nonsense,NM_002158.4(FOXN2):c.634C>T (p.Gln212Ter),chr2,FOXN2,NM_002158.4,212,CAA,UAA,-11.149234776392278,normal
CBGE,nonsense,NM_002158.4(FOXN2):c.685C>T (p.Gln229Ter),chr2,FOXN2,NM_002158.4,229,CAG,UAG,-10.72328382576208,normal
CBGE,nonsense,NM_002158.4(FOXN2):c.691C>T (p.Arg231Ter),chr2,FOXN2,NM_002158.4,231,CGA,UGA,-9.488119152099069,normal
CBGE,nonsense,NM_002158.4(FOXN2):c.76C>T (p.Gln26Ter),chr2,FOXN2,NM_002158.4,26,CAG,UAG,-10.977047062063903,normal
CBGE,nonsense,NM_002158.4(FOXN2):c.805C>T (p.Gln269Ter),chr2,FOXN2,NM_002158.4,269,CAA,UAA,-9.937333988797548,normal
CBGE,nonsense,NM_002158.4(FOXN2):c.934C>T (p.Gln312Ter),chr2,FOXN2,NM_002158.4,312,CAG,UAG,-9.925596226934593,normal
CBGE,nonsense,NM_002162.5(ICAM3):c.1183C>T (p.Arg395Ter),chr19,ICAM3,NM_002162.5,395,CGA,UGA,-10.854198412216617,normal
CBGE,nonsense,NM_002162.5(ICAM3):c.1225C>T (p.Gln409Ter),chr19,ICAM3,NM_002162.5,409,CAG,UAG,-12.212289763121326,normal
CBGE,nonsense,NM_002162.5(ICAM3):c.1238G>A (p.Trp413Ter),chr19,ICAM3,NM_002162.5,413,UGG,UAG,-12.556655809057824,normal
CBGE,nonsense,NM_002162.5(ICAM3):c.1239G>A (p.Trp413Ter),chr19,ICAM3,NM_002162.5,413,UGG,UGA,-12.401992795134705,normal
CBGE,nonsense,NM_002162.5(ICAM3):c.1264C>T (p.Gln422Ter),chr19,ICAM3,NM_002162.5,422,CAG,UAG,-12.48071862416221,normal
CBGE,nonsense,NM_002162.5(ICAM3):c.1270C>T (p.Gln424Ter),chr19,ICAM3,NM_002162.5,424,CAA,UAA,-10.177064852614828,normal
CBGE,nonsense,NM_002162.5(ICAM3):c.1387C>T (p.Gln463Ter),chr19,ICAM3,NM_002162.5,463,CAA,UAA,-10.413653393952451,normal
CBGE,nonsense,NM_002162.5(ICAM3):c.1540C>T (p.Gln514Ter),chr19,ICAM3,NM_002162.5,514,CAA,UAA,-11.422687567823113,normal
CBGE,nonsense,NM_002162.5(ICAM3):c.1600C>T (p.Gln534Ter),chr19,ICAM3,NM_002162.5,534,CAG,UAG,-11.655734965638562,normal
CBGE,nonsense,NM_002162.5(ICAM3):c.239G>A (p.Trp80Ter),chr19,ICAM3,NM_002162.5,80,UGG,UAG,-12.746307371321535,normal
CBGE,nonsense,NM_002162.5(ICAM3):c.240G>A (p.Trp80Ter),chr19,ICAM3,NM_002162.5,80,UGG,UGA,-12.28229991830961,normal
CBGE,nonsense,NM_002162.5(ICAM3):c.30G>A (p.Trp10Ter),chr19,ICAM3,NM_002162.5,10,UGG,UGA,-12.293201500233495,normal
CBGE,nonsense,NM_002162.5(ICAM3):c.310C>T (p.Gln104Ter),chr19,ICAM3,NM_002162.5,104,CAG,UAG,-11.767192868388523,normal
CBGE,nonsense,NM_002162.5(ICAM3):c.385C>T (p.Gln129Ter),chr19,ICAM3,NM_002162.5,129,CAG,UAG,-11.10555943909594,normal
CBGE,nonsense,NM_002162.5(ICAM3):c.418C>T (p.Gln140Ter),chr19,ICAM3,NM_002162.5,140,CAA,UAA,-10.230652690539682,normal
CBGE,nonsense,NM_002162.5(ICAM3):c.595C>T (p.Gln199Ter),chr19,ICAM3,NM_002162.5,199,CAG,UAG,-12.29091928701566,normal
CBGE,nonsense,NM_002162.5(ICAM3):c.856C>T (p.Gln286Ter),chr19,ICAM3,NM_002162.5,286,CAG,UAG,-11.593459132103035,normal
CBGE,nonsense,NM_002162.5(ICAM3):c.88C>T (p.Gln30Ter),chr19,ICAM3,NM_002162.5,30,CAG,UAG,-11.595924367656115,normal
CBGE,nonsense,NM_002163.4(IRF8):c.1012C>T (p.Gln338Ter),chr16,IRF8,NM_002163.4,338,CAG,UAG,-11.99854373242962,normal
CBGE,nonsense,NM_002163.4(IRF8):c.1102C>T (p.Gln368Ter),chr16,IRF8,NM_002163.4,368,CAG,UAG,-11.357438999275375,normal
CBGE,nonsense,NM_002163.4(IRF8):c.1111C>T (p.Gln371Ter),chr16,IRF8,NM_002163.4,371,CAG,UAG,-11.8591537553909,normal
CBGE,nonsense,NM_002163.4(IRF8):c.119G>A (p.Trp40Ter),chr16,IRF8,NM_002163.4,40,UGG,UAG,-15.423390406385348,normal
CBGE,nonsense,NM_002163.4(IRF8):c.120G>A (p.Trp40Ter),chr16,IRF8,NM_002163.4,40,UGG,UGA,-15.3064756430669,normal
CBGE,nonsense,NM_002163.4(IRF8):c.136C>T (p.Gln46Ter),chr16,IRF8,NM_002163.4,46,CAA,UAA,-9.083432691543695,normal
CBGE,nonsense,NM_002163.4(IRF8):c.331C>T (p.Arg111Ter),chr16,IRF8,NM_002163.4,111,CGA,UGA,-12.71332830186015,normal
CBGE,nonsense,NM_002163.4(IRF8):c.514C>T (p.Gln172Ter),chr16,IRF8,NM_002163.4,172,CAG,UAG,-10.997140920382265,normal
CBGE,nonsense,NM_002163.4(IRF8):c.530G>A (p.Trp177Ter),chr16,IRF8,NM_002163.4,177,UGG,UAG,-12.62333394162425,normal
CBGE,nonsense,NM_002163.4(IRF8):c.531G>A (p.Trp177Ter),chr16,IRF8,NM_002163.4,177,UGG,UGA,-12.28528887096269,normal
CBGE,nonsense,NM_002163.4(IRF8):c.533G>A (p.Trp178Ter),chr16,IRF8,NM_002163.4,178,UGG,UAG,-11.907899907092183,normal
CBGE,nonsense,NM_002163.4(IRF8):c.534G>A (p.Trp178Ter),chr16,IRF8,NM_002163.4,178,UGG,UGA,-11.861457809063316,normal
CBGE,nonsense,NM_002163.4(IRF8):c.538C>T (p.Gln180Ter),chr16,IRF8,NM_002163.4,180,CAG,UAG,-11.14376257927293,normal
CBGE,nonsense,NM_002163.4(IRF8):c.541C>T (p.Gln181Ter),chr16,IRF8,NM_002163.4,181,CAG,UAG,-12.194265353946246,normal
CBGE,nonsense,NM_002163.4(IRF8):c.793C>T (p.Gln265Ter),chr16,IRF8,NM_002163.4,265,CAG,UAG,-11.86681840938458,normal
CBGE,nonsense,NM_002163.4(IRF8):c.83G>A (p.Trp28Ter),chr16,IRF8,NM_002163.4,28,UGG,UAG,-12.101224007455102,normal
CBGE,nonsense,NM_002163.4(IRF8):c.84G>A (p.Trp28Ter),chr16,IRF8,NM_002163.4,28,UGG,UGA,-12.00409030991307,normal
CBGE,nonsense,NM_002163.4(IRF8):c.853C>T (p.Gln285Ter),chr16,IRF8,NM_002163.4,285,CAG,UAG,-11.453788691364824,normal
CBGE,nonsense,NM_002163.4(IRF8):c.994C>T (p.Gln332Ter),chr16,IRF8,NM_002163.4,332,CAG,UAG,-12.447994243323052,normal
CBGE,nonsense,NM_002163.4(IRF8):c.997C>T (p.Gln333Ter),chr16,IRF8,NM_002163.4,333,CAG,UAG,-11.615707449701024,normal
CBGE,nonsense,NM_002185.5(IL7R):c.1012C>T (p.Gln338Ter),chr5,IL7R,NM_002185.5,338,CAG,UAG,-11.323099089551384,normal
CBGE,nonsense,NM_002185.5(IL7R):c.1303C>T (p.Gln435Ter),chr5,IL7R,NM_002185.5,435,CAG,UAG,-10.760442690466125,normal
CBGE,nonsense,NM_002185.5(IL7R):c.133C>T (p.Gln45Ter),chr5,IL7R,NM_002185.5,45,CAG,UAG,-10.416690915590936,normal
CBGE,nonsense,NM_002185.5(IL7R):c.46C>T (p.Gln16Ter),chr5,IL7R,NM_002185.5,16,CAA,UAA,-9.617370543376026,normal
CBGE,nonsense,NM_002185.5(IL7R):c.574C>T (p.Gln192Ter),chr5,IL7R,NM_002185.5,192,CAG,UAG,-9.36446238620402,normal
CBGE,nonsense,NM_002185.5(IL7R):c.791G>A (p.Trp264Ter),chr5,IL7R,NM_002185.5,264,UGG,UAG,-14.958343594115716,normal
CBGE,nonsense,NM_002185.5(IL7R):c.792G>A (p.Trp264Ter),chr5,IL7R,NM_002185.5,264,UGG,UGA,-14.640932056502796,normal
CBGE,nonsense,NM_002185.5(IL7R):c.818G>A (p.Trp273Ter),chr5,IL7R,NM_002185.5,273,UGG,UAG,-11.38400178802315,normal
CBGE,nonsense,NM_002185.5(IL7R):c.819G>A (p.Trp273Ter),chr5,IL7R,NM_002185.5,273,UGG,UGA,-11.128467557296169,normal
CBGE,nonsense,NM_002185.5(IL7R):c.919C>T (p.Gln307Ter),chr5,IL7R,NM_002185.5,307,CAG,UAG,-10.467272804567518,normal
CBGE,nonsense,NM_002198.3(IRF1):c.190C>T (p.Arg64Ter),chr5,IRF1,NM_002198.3,64,CGA,UGA,-10.679191626213314,normal
CBGE,nonsense,NM_002198.3(IRF1):c.230G>A (p.Trp77Ter),chr5,IRF1,NM_002198.3,77,UGG,UAG,-16.03519635075204,normal
CBGE,nonsense,NM_002198.3(IRF1):c.231G>A (p.Trp77Ter),chr5,IRF1,NM_002198.3,77,UGG,UGA,-16.218219803837506,normal
CBGE,nonsense,NM_002198.3(IRF1):c.511C>T (p.Gln171Ter),chr5,IRF1,NM_002198.3,171,CAG,UAG,-10.496657398849605,normal
CBGE,nonsense,NM_002198.3(IRF1):c.58C>T (p.Gln20Ter),chr5,IRF1,NM_002198.3,20,CAA,UAA,-11.256349505556605,normal
CBGE,nonsense,NM_002198.3(IRF1):c.727C>T (p.Gln243Ter),chr5,IRF1,NM_002198.3,243,CAG,UAG,-11.793668659886936,normal
CBGE,nonsense,NM_002227.4(JAK1):c.1459C>T (p.Gln487Ter),chr1,JAK1,NM_002227.4,487,CAG,UAG,-11.133024253151891,normal
CBGE,nonsense,NM_002227.4(JAK1):c.1495C>T (p.Gln499Ter),chr1,JAK1,NM_002227.4,499,CAG,UAG,-11.098714776920056,lof
CBGE,nonsense,NM_002227.4(JAK1):c.1585C>T (p.Gln529Ter),chr1,JAK1,NM_002227.4,529,CAG,UAG,-11.407978061503536,lof
CBGE,nonsense,NM_002227.4(JAK1):c.1633C>T (p.Gln545Ter),chr1,JAK1,NM_002227.4,545,CAG,UAG,-10.894848792101602,normal
CBGE,nonsense,NM_002227.4(JAK1):c.1692G>A (p.Trp564Ter),chr1,JAK1,NM_002227.4,564,UGG,UGA,-11.836314227433803,normal
CBGE,nonsense,NM_002227.4(JAK1):c.1753C>T (p.Gln585Ter),chr1,JAK1,NM_002227.4,585,CAG,UAG,-9.708394029507817,lof
CBGE,nonsense,NM_002227.4(JAK1):c.2263C>T (p.Arg755Ter),chr1,JAK1,NM_002227.4,755,CGA,UGA,-10.82440943273661,normal
CBGE,nonsense,NM_002227.4(JAK1):c.264G>A (p.Trp88Ter),chr1,JAK1,NM_002227.4,88,UGG,UGA,-12.90421766740386,normal
CBGE,nonsense,NM_002227.4(JAK1):c.2956C>T (p.Gln986Ter),chr1,JAK1,NM_002227.4,986,CAG,UAG,-11.391465155534409,normal
CBGE,nonsense,NM_002227.4(JAK1):c.2992C>T (p.Gln998Ter),chr1,JAK1,NM_002227.4,998,CAA,UAA,-10.33905602883952,lof
CBGE,nonsense,NM_002227.4(JAK1):c.3140G>A (p.Trp1047Ter),chr1,JAK1,NM_002227.4,1047,UGG,UAG,-14.409014658553124,lof
CBGE,nonsense,NM_002227.4(JAK1):c.3194G>A (p.Trp1065Ter),chr1,JAK1,NM_002227.4,1065,UGG,UAG,-14.268795001522989,lof
CBGE,nonsense,NM_002227.4(JAK1):c.3195G>A (p.Trp1065Ter),chr1,JAK1,NM_002227.4,1065,UGG,UGA,-14.06468294232558,lof
CBGE,nonsense,NM_002227.4(JAK1):c.3376C>T (p.Gln1126Ter),chr1,JAK1,NM_002227.4,1126,CAA,UAA,-10.99241069173799,normal
CBGE,nonsense,NM_002227.4(JAK1):c.3403C>T (p.Gln1135Ter),chr1,JAK1,NM_002227.4,1135,CAA,UAA,-10.502313633118806,normal
CBGE,nonsense,NM_002227.4(JAK1):c.347G>A (p.Trp116Ter),chr1,JAK1,NM_002227.4,116,UGG,UAG,-11.86770824011823,lof
CBGE,nonsense,NM_002227.4(JAK1):c.348G>A (p.Trp116Ter),chr1,JAK1,NM_002227.4,116,UGG,UGA,-11.672429187731362,lof
CBGE,nonsense,NM_002227.4(JAK1):c.481C>T (p.Gln161Ter),chr1,JAK1,NM_002227.4,161,CAG,UAG,-10.83790396027698,normal
CBGE,nonsense,NM_002228.4(JUN):c.106C>T (p.Gln36Ter),chr1,JUN,NM_002228.4,36,CAG,UAG,-11.552645607702356,normal
CBGE,nonsense,NM_002228.4(JUN):c.808C>T (p.Arg270Ter),chr1,JUN,NM_002228.4,270,CGA,UGA,-9.498806991233982,normal
CBGE,nonsense,NM_002229.3(JUNB):c.1009C>T (p.Gln337Ter),chr19,JUNB,NM_002229.3,337,CAG,UAG,-12.09242638400026,normal
CBGE,nonsense,NM_002229.3(JUNB):c.322C>T (p.Gln108Ter),chr19,JUNB,NM_002229.3,108,CAG,UAG,-12.660056081755478,normal
CBGE,nonsense,NM_002229.3(JUNB):c.730C>T (p.Gln244Ter),chr19,JUNB,NM_002229.3,244,CAG,UAG,-11.153411907292632,normal
CBGE,nonsense,NM_002286.6(LAG3):c.1129C>T (p.Gln377Ter),chr12,LAG3,NM_002286.6,377,CAA,UAA,-9.390480056764323,normal
CBGE,nonsense,NM_002286.6(LAG3):c.1210C>T (p.Gln404Ter),chr12,LAG3,NM_002286.6,404,CAG,UAG,-11.6360225657835,normal
CBGE,nonsense,NM_002286.6(LAG3):c.1229G>A (p.Trp410Ter),chr12,LAG3,NM_002286.6,410,UGG,UAG,-12.572481123357582,normal
CBGE,nonsense,NM_002286.6(LAG3):c.1230G>A (p.Trp410Ter),chr12,LAG3,NM_002286.6,410,UGG,UGA,-12.434535928928383,normal
CBGE,nonsense,NM_002286.6(LAG3):c.1237C>T (p.Gln413Ter),chr12,LAG3,NM_002286.6,413,CAG,UAG,-11.571841234254686,normal
CBGE,nonsense,NM_002286.6(LAG3):c.1246C>T (p.Gln416Ter),chr12,LAG3,NM_002286.6,416,CAG,UAG,-10.81863593896416,normal
CBGE,nonsense,NM_002286.6(LAG3):c.1429C>T (p.Gln477Ter),chr12,LAG3,NM_002286.6,477,CAG,UAG,-11.73704915043473,normal
CBGE,nonsense,NM_002286.6(LAG3):c.1433G>A (p.Trp478Ter),chr12,LAG3,NM_002286.6,478,UGG,UAG,-12.243200199615174,normal
CBGE,nonsense,NM_002286.6(LAG3):c.1434G>A (p.Trp478Ter),chr12,LAG3,NM_002286.6,478,UGG,UGA,-11.74391075316101,normal
CBGE,nonsense,NM_002286.6(LAG3):c.1444C>T (p.Arg482Ter),chr12,LAG3,NM_002286.6,482,CGA,UGA,-9.727153758848504,normal
CBGE,nonsense,NM_002286.6(LAG3):c.1462C>T (p.Gln488Ter),chr12,LAG3,NM_002286.6,488,CAA,UAA,-10.153744745151704,normal
CBGE,nonsense,NM_002286.6(LAG3):c.1480C>T (p.Gln494Ter),chr12,LAG3,NM_002286.6,494,CAG,UAG,-10.342412893624958,normal
CBGE,nonsense,NM_002286.6(LAG3):c.1486C>T (p.Gln496Ter),chr12,LAG3,NM_002286.6,496,CAG,UAG,-10.848010014587402,normal
CBGE,nonsense,NM_002286.6(LAG3):c.1510C>T (p.Gln504Ter),chr12,LAG3,NM_002286.6,504,CAA,UAA,-9.6199788921496,normal
CBGE,nonsense,NM_002286.6(LAG3):c.169C>T (p.Arg57Ter),chr12,LAG3,NM_002286.6,57,CGA,UGA,-9.71148486383321,normal
CBGE,nonsense,NM_002286.6(LAG3):c.190C>T (p.Gln64Ter),chr12,LAG3,NM_002286.6,64,CAG,UAG,-12.154165258591268,normal
CBGE,nonsense,NM_002286.6(LAG3):c.196C>T (p.Gln66Ter),chr12,LAG3,NM_002286.6,66,CAG,UAG,-10.103195183519508,normal
CBGE,nonsense,NM_002286.6(LAG3):c.275G>A (p.Trp92Ter),chr12,LAG3,NM_002286.6,92,UGG,UAG,-11.81316375774654,normal
CBGE,nonsense,NM_002286.6(LAG3):c.349C>T (p.Gln117Ter),chr12,LAG3,NM_002286.6,117,CAG,UAG,-11.295294697997807,normal
CBGE,nonsense,NM_002286.6(LAG3):c.361C>T (p.Gln121Ter),chr12,LAG3,NM_002286.6,121,CAG,UAG,-11.130008718177807,normal
CBGE,nonsense,NM_002286.6(LAG3):c.37C>T (p.Gln13Ter),chr12,LAG3,NM_002286.6,13,CAG,UAG,-10.506753976967683,normal
CBGE,nonsense,NM_002286.6(LAG3):c.552G>A (p.Trp184Ter),chr12,LAG3,NM_002286.6,184,UGG,UGA,-10.42494201757913,normal
CBGE,nonsense,NM_002286.6(LAG3):c.5G>A (p.Trp2Ter),chr12,LAG3,NM_002286.6,2,UGG,UAG,-11.676858943773562,normal
CBGE,nonsense,NM_002286.6(LAG3):c.605G>A (p.Trp202Ter),chr12,LAG3,NM_002286.6,202,UGG,UAG,-14.482434306762428,normal
CBGE,nonsense,NM_002286.6(LAG3):c.606G>A (p.Trp202Ter),chr12,LAG3,NM_002286.6,202,UGG,UGA,-14.281156546283514,normal
CBGE,nonsense,NM_002286.6(LAG3):c.622C>T (p.Gln208Ter),chr12,LAG3,NM_002286.6,208,CAG,UAG,-12.504989617199737,normal
CBGE,nonsense,NM_002286.6(LAG3):c.628C>T (p.Arg210Ter),chr12,LAG3,NM_002286.6,210,CGA,UGA,-10.081615492365732,normal
CBGE,nonsense,NM_002286.6(LAG3):c.688C>T (p.Gln230Ter),chr12,LAG3,NM_002286.6,230,CAA,UAA,-9.51937111321997,normal
CBGE,nonsense,NM_002286.6(LAG3):c.6G>A (p.Trp2Ter),chr12,LAG3,NM_002286.6,2,UGG,UGA,-11.885078463903165,normal
CBGE,nonsense,NM_002286.6(LAG3):c.955C>T (p.Arg319Ter),chr12,LAG3,NM_002286.6,319,CGA,UGA,-8.649845064616674,normal
CBGE,nonsense,NM_002286.6(LAG3):c.973C>T (p.Gln325Ter),chr12,LAG3,NM_002286.6,325,CAG,UAG,-10.96401786800646,normal
CBGE,nonsense,NM_002286.6(LAG3):c.98G>A (p.Trp33Ter),chr12,LAG3,NM_002286.6,33,UGG,UAG,-13.197963707586313,normal
CBGE,nonsense,NM_002286.6(LAG3):c.99G>A (p.Trp33Ter),chr12,LAG3,NM_002286.6,33,UGG,UGA,-13.122716061576202,normal
CBGE,nonsense,NM_002298.5(LCP1):c.1147C>T (p.Gln383Ter),chr13,LCP1,NM_002298.5,383,CAG,UAG,-10.48060991548956,normal
CBGE,nonsense,NM_002298.5(LCP1):c.1771C>T (p.Arg591Ter),chr13,LCP1,NM_002298.5,591,CGA,UGA,-11.16553780098726,normal
CBGE,nonsense,NM_002298.5(LCP1):c.343C>T (p.Gln115Ter),chr13,LCP1,NM_002298.5,115,CAA,UAA,-11.98730659201027,normal
CBGE,nonsense,NM_002298.5(LCP1):c.386G>A (p.Trp129Ter),chr13,LCP1,NM_002298.5,129,UGG,UAG,-16.18824964565164,normal
CBGE,nonsense,NM_002298.5(LCP1):c.387G>A (p.Trp129Ter),chr13,LCP1,NM_002298.5,129,UGG,UGA,-15.97540285424762,normal
CBGE,nonsense,NM_002298.5(LCP1):c.818G>A (p.Trp273Ter),chr13,LCP1,NM_002298.5,273,UGG,UAG,-14.183372452291934,normal
CBGE,nonsense,NM_002298.5(LCP1):c.913C>T (p.Gln305Ter),chr13,LCP1,NM_002298.5,305,CAG,UAG,-13.53189080929882,normal
CBGE,nonsense,NM_002350.4(LYN):c.1105C>T (p.Arg369Ter),chr8,LYN,NM_002350.4,369,CGA,UGA,-9.247652063856927,normal
CBGE,nonsense,NM_002350.4(LYN):c.1226G>A (p.Trp409Ter),chr8,LYN,NM_002350.4,409,UGG,UAG,-14.092663768707222,normal
CBGE,nonsense,NM_002350.4(LYN):c.1227G>A (p.Trp409Ter),chr8,LYN,NM_002350.4,409,UGG,UGA,-13.967196425184778,normal
CBGE,nonsense,NM_002350.4(LYN):c.145C>T (p.Gln49Ter),chr8,LYN,NM_002350.4,49,CAG,UAG,-10.979936590424147,normal
CBGE,nonsense,NM_002350.4(LYN):c.1480C>T (p.Gln494Ter),chr8,LYN,NM_002350.4,494,CAG,UAG,-10.12004467531743,normal
CBGE,nonsense,NM_002350.4(LYN):c.1528C>T (p.Gln510Ter),chr8,LYN,NM_002350.4,510,CAG,UAG,-12.551137856461002,normal
CBGE,nonsense,NM_002350.4(LYN):c.1531C>T (p.Gln511Ter),chr8,LYN,NM_002350.4,511,CAG,UAG,-13.01957888856466,normal
CBGE,nonsense,NM_002350.4(LYN):c.160C>T (p.Gln54Ter),chr8,LYN,NM_002350.4,54,CAG,UAG,-11.173197713975132,normal
CBGE,nonsense,NM_002350.4(LYN):c.169C>T (p.Gln57Ter),chr8,LYN,NM_002350.4,57,CAA,UAA,-10.045110740824205,normal
CBGE,nonsense,NM_002350.4(LYN):c.424C>T (p.Gln142Ter),chr8,LYN,NM_002350.4,142,CAG,UAG,-8.915248858330193,normal
CBGE,nonsense,NM_002350.4(LYN):c.634C>T (p.Gln212Ter),chr8,LYN,NM_002350.4,212,CAA,UAA,-11.38262076904001,normal
CBGE,nonsense,NM_002350.4(LYN):c.640C>T (p.Gln214Ter),chr8,LYN,NM_002350.4,214,CAG,UAG,-7.153547999485182,normal
CBGE,nonsense,NM_002350.4(LYN):c.694C>T (p.Gln232Ter),chr8,LYN,NM_002350.4,232,CAG,UAG,-10.267992061417754,normal
CBGE,nonsense,NM_002350.4(LYN):c.704G>A (p.Trp235Ter),chr8,LYN,NM_002350.4,235,UGG,UAG,-10.611230896253025,normal
CBGE,nonsense,NM_002350.4(LYN):c.705G>A (p.Trp235Ter),chr8,LYN,NM_002350.4,235,UGG,UGA,-10.749237088849412,normal
CBGE,nonsense,NM_002350.4(LYN):c.769C>T (p.Gln257Ter),chr8,LYN,NM_002350.4,257,CAG,UAG,-9.444317918474804,normal
CBGE,nonsense,NM_002350.4(LYN):c.853C>T (p.Gln285Ter),chr8,LYN,NM_002350.4,285,CAA,UAA,-9.076879084455353,normal
CBGE,nonsense,NM_002350.4(LYN):c.892C>T (p.Gln298Ter),chr8,LYN,NM_002350.4,298,CAG,UAG,-10.45522305964977,normal
CBGE,nonsense,NM_002351.5(SH2D1A):c.163C>T (p.Arg55Ter),chrX,SH2D1A,NM_002351.5,55,CGA,UGA,-10.359020229829682,normal
CBGE,nonsense,NM_002351.5(SH2D1A):c.172C>T (p.Gln58Ter),chrX,SH2D1A,NM_002351.5,58,CAG,UAG,-11.036783210499614,normal
CBGE,nonsense,NM_002351.5(SH2D1A):c.262C>T (p.Gln88Ter),chrX,SH2D1A,NM_002351.5,88,CAG,UAG,-11.292339297541057,normal
CBGE,nonsense,NM_002460.4(IRF4):c.1252C>T (p.Gln418Ter),chr6,IRF4,NM_002460.4,418,CAA,UAA,-10.07514577842669,normal
CBGE,nonsense,NM_002460.4(IRF4):c.1255C>T (p.Gln419Ter),chr6,IRF4,NM_002460.4,419,CAA,UAA,-10.246838588929489,normal
CBGE,nonsense,NM_002460.4(IRF4):c.244C>T (p.Arg82Ter),chr6,IRF4,NM_002460.4,82,CGA,UGA,-12.32770438968829,normal
CBGE,nonsense,NM_002460.4(IRF4):c.412C>T (p.Gln138Ter),chr6,IRF4,NM_002460.4,138,CAG,UAG,-10.636264784245746,normal
CBGE,nonsense,NM_002460.4(IRF4):c.616C>T (p.Gln206Ter),chr6,IRF4,NM_002460.4,206,CAA,UAA,-11.263549797800104,normal
CBGE,nonsense,NM_002460.4(IRF4):c.643C>T (p.Gln215Ter),chr6,IRF4,NM_002460.4,215,CAG,UAG,-11.129877110981308,normal
CBGE,nonsense,NM_002467.6(MYC):c.1276C>T (p.Gln426Ter),chr8,MYC,NM_002467.6,426,CAA,UAA,-12.985061760423664,normal
CBGE,nonsense,NM_002467.6(MYC):c.166C>T (p.Gln56Ter),chr8,MYC,NM_002467.6,56,CAG,UAG,-12.58660125118836,normal
CBGE,nonsense,NM_002467.6(MYC):c.811C>T (p.Gln271Ter),chr8,MYC,NM_002467.6,271,CAA,UAA,-9.894088760471114,normal
CBGE,nonsense,NM_002467.6(MYC):c.856C>T (p.Gln286Ter),chr8,MYC,NM_002467.6,286,CAG,UAG,-10.65588766225246,normal
CBGE,nonsense,NM_002468.5(MYD88):c.187C>T (p.Gln63Ter),chr3,MYD88,NM_002468.5,63,CAA,UAA,-10.72644047969734,normal
CBGE,nonsense,NM_002468.5(MYD88):c.517C>T (p.Gln173Ter),chr3,MYD88,NM_002468.5,173,CAG,UAG,-10.832235410072236,normal
CBGE,nonsense,NM_002468.5(MYD88):c.614G>A (p.Trp205Ter),chr3,MYD88,NM_002468.5,205,UGG,UAG,-13.088995051168649,normal
CBGE,nonsense,NM_002468.5(MYD88):c.615G>A (p.Trp205Ter),chr3,MYD88,NM_002468.5,205,UGG,UGA,-12.826492300907525,normal
CBGE,nonsense,NM_002468.5(MYD88):c.851G>A (p.Trp284Ter),chr3,MYD88,NM_002468.5,284,UGG,UAG,-11.84640505823508,normal
CBGE,nonsense,NM_002468.5(MYD88):c.857G>A (p.Trp286Ter),chr3,MYD88,NM_002468.5,286,UGG,UAG,-12.979316769627218,normal
CBGE,nonsense,NM_002468.5(MYD88):c.858G>A (p.Trp286Ter),chr3,MYD88,NM_002468.5,286,UGG,UGA,-12.666713704676662,normal
CBGE,nonsense,NM_002524.5(NRAS):c.127C>T (p.Gln43Ter),chr1,NRAS,NM_002524.5,43,CAA,UAA,-12.70516105638078,normal
CBGE,nonsense,NM_002524.5(NRAS):c.304C>T (p.Arg102Ter),chr1,NRAS,NM_002524.5,102,CGA,UGA,-12.98695844858581,normal
CBGE,nonsense,NM_002524.5(NRAS):c.385C>T (p.Gln129Ter),chr1,NRAS,NM_002524.5,129,CAA,UAA,-13.08557511577278,normal
CBGE,nonsense,NM_002576.5(PAK1):c.1252C>T (p.Gln418Ter),chr11,PAK1,NM_002576.5,418,CAG,UAG,-9.959851310407602,normal
CBGE,nonsense,NM_002576.5(PAK1):c.1290G>A (p.Trp430Ter),chr11,PAK1,NM_002576.5,430,UGG,UGA,-15.196846009675054,normal
CBGE,nonsense,NM_002576.5(PAK1):c.1343G>A (p.Trp448Ter),chr11,PAK1,NM_002576.5,448,UGG,UAG,-15.34690765253672,normal
CBGE,nonsense,NM_002576.5(PAK1):c.1344G>A (p.Trp448Ter),chr11,PAK1,NM_002576.5,448,UGG,UGA,-15.077680614602126,normal
CBGE,nonsense,NM_002576.5(PAK1):c.349C>T (p.Gln117Ter),chr11,PAK1,NM_002576.5,117,CAG,UAG,-10.171190294300922,normal
CBGE,nonsense,NM_002576.5(PAK1):c.364C>T (p.Gln122Ter),chr11,PAK1,NM_002576.5,122,CAG,UAG,-11.54678915096722,normal
CBGE,nonsense,NM_002576.5(PAK1):c.418C>T (p.Gln140Ter),chr11,PAK1,NM_002576.5,140,CAG,UAG,-10.505363454409911,normal
CBGE,nonsense,NM_002576.5(PAK1):c.832C>T (p.Gln278Ter),chr11,PAK1,NM_002576.5,278,CAA,UAA,-7.736998622935393,normal
CBGE,nonsense,NM_002577.4(PAK2):c.1189C>T (p.Gln397Ter),chr3,PAK2,NM_002577.4,397,CAG,UAG,-10.323813496869423,normal
CBGE,nonsense,NM_002577.4(PAK2):c.1280G>A (p.Trp427Ter),chr3,PAK2,NM_002577.4,427,UGG,UAG,-15.427227037624045,normal
CBGE,nonsense,NM_002577.4(PAK2):c.1281G>A (p.Trp427Ter),chr3,PAK2,NM_002577.4,427,UGG,UGA,-15.318823852038284,normal
CBGE,nonsense,NM_002577.4(PAK2):c.1435C>T (p.Arg479Ter),chr3,PAK2,NM_002577.4,479,CGA,UGA,-9.862896047449867,normal
CBGE,nonsense,NM_002577.4(PAK2):c.305G>A (p.Trp102Ter),chr3,PAK2,NM_002577.4,102,UGG,UAG,-15.253547687771206,normal
CBGE,nonsense,NM_002577.4(PAK2):c.306G>A (p.Trp102Ter),chr3,PAK2,NM_002577.4,102,UGG,UGA,-15.320420295943585,normal
CBGE,nonsense,NM_002577.4(PAK2):c.361C>T (p.Gln121Ter),chr3,PAK2,NM_002577.4,121,CAG,UAG,-11.194040234122312,normal
CBGE,nonsense,NM_002577.4(PAK2):c.847C>T (p.Gln283Ter),chr3,PAK2,NM_002577.4,283,CAG,UAG,-11.249465983735767,normal
CBGE,nonsense,NM_002577.4(PAK2):c.853C>T (p.Gln285Ter),chr3,PAK2,NM_002577.4,285,CAG,UAG,-11.751285576302948,normal
CBGE,nonsense,NM_002600.4(PDE4B):c.1043G>A (p.Trp348Ter),chr1,PDE4B,NM_002600.4,348,UGG,UAG,-15.22735977771254,normal
CBGE,nonsense,NM_002600.4(PDE4B):c.1044G>A (p.Trp348Ter),chr1,PDE4B,NM_002600.4,348,UGG,UGA,-14.885580140810506,normal
CBGE,nonsense,NM_002600.4(PDE4B):c.1117C>T (p.Gln373Ter),chr1,PDE4B,NM_002600.4,373,CAG,UAG,-11.229476996801743,normal
CBGE,nonsense,NM_002600.4(PDE4B):c.1504C>T (p.Gln502Ter),chr1,PDE4B,NM_002600.4,502,CAG,UAG,-12.382519687967909,normal
CBGE,nonsense,NM_002600.4(PDE4B):c.1510C>T (p.Gln504Ter),chr1,PDE4B,NM_002600.4,504,CAG,UAG,-11.475852914324406,normal
CBGE,nonsense,NM_002600.4(PDE4B):c.169C>T (p.Gln57Ter),chr1,PDE4B,NM_002600.4,57,CAA,UAA,-10.33032410369079,normal
CBGE,nonsense,NM_002600.4(PDE4B):c.175C>T (p.Gln59Ter),chr1,PDE4B,NM_002600.4,59,CAG,UAG,-10.693600644979496,normal
CBGE,nonsense,NM_002600.4(PDE4B):c.1762C>T (p.Gln588Ter),chr1,PDE4B,NM_002600.4,588,CAG,UAG,-10.87722392726342,normal
CBGE,nonsense,NM_002600.4(PDE4B):c.1765C>T (p.Gln589Ter),chr1,PDE4B,NM_002600.4,589,CAG,UAG,-13.07433026734567,normal
CBGE,nonsense,NM_002600.4(PDE4B):c.1889G>A (p.Trp630Ter),chr1,PDE4B,NM_002600.4,630,UGG,UAG,-15.301307684541989,normal
CBGE,nonsense,NM_002600.4(PDE4B):c.1890G>A (p.Trp630Ter),chr1,PDE4B,NM_002600.4,630,UGG,UGA,-15.114108023819112,normal
CBGE,nonsense,NM_002600.4(PDE4B):c.1903C>T (p.Gln635Ter),chr1,PDE4B,NM_002600.4,635,CAG,UAG,-8.807519834153695,normal
CBGE,nonsense,NM_002600.4(PDE4B):c.1952G>A (p.Trp651Ter),chr1,PDE4B,NM_002600.4,651,UGG,UAG,-13.49379062124457,normal
CBGE,nonsense,NM_002600.4(PDE4B):c.1953G>A (p.Trp651Ter),chr1,PDE4B,NM_002600.4,651,UGG,UGA,-13.107852906451123,normal
CBGE,nonsense,NM_002600.4(PDE4B):c.475C>T (p.Gln159Ter),chr1,PDE4B,NM_002600.4,159,CAA,UAA,-10.314290052265392,normal
CBGE,nonsense,NM_002600.4(PDE4B):c.511C>T (p.Gln171Ter),chr1,PDE4B,NM_002600.4,171,CAG,UAG,-11.039360041259124,normal
CBGE,nonsense,NM_002600.4(PDE4B):c.631C>T (p.Gln211Ter),chr1,PDE4B,NM_002600.4,211,CAA,UAA,-10.194404507970107,normal
CBGE,nonsense,NM_002600.4(PDE4B):c.796C>T (p.Arg266Ter),chr1,PDE4B,NM_002600.4,266,CGA,UGA,-9.857146260666642,normal
CBGE,nonsense,NM_002600.4(PDE4B):c.847C>T (p.Gln283Ter),chr1,PDE4B,NM_002600.4,283,CAG,UAG,-10.647506711171882,normal
CBGE,nonsense,NM_002600.4(PDE4B):c.877C>T (p.Gln293Ter),chr1,PDE4B,NM_002600.4,293,CAG,UAG,-10.663524644883696,normal
CBGE,nonsense,NM_002600.4(PDE4B):c.907C>T (p.Gln303Ter),chr1,PDE4B,NM_002600.4,303,CAG,UAG,-11.943142926998505,normal
CBGE,nonsense,NM_002600.4(PDE4B):c.919C>T (p.Gln307Ter),chr1,PDE4B,NM_002600.4,307,CAG,UAG,-10.836263661805708,normal
CBGE,nonsense,NM_002610.5(PDK1):c.1099C>T (p.Gln367Ter),chr2,PDK1,NM_002610.5,367,CAA,UAA,-10.766059354170364,normal
CBGE,nonsense,NM_002610.5(PDK1):c.1223G>A (p.Trp408Ter),chr2,PDK1,NM_002610.5,408,UGG,UAG,-13.29776571888302,normal
CBGE,nonsense,NM_002610.5(PDK1):c.1259G>A (p.Trp420Ter),chr2,PDK1,NM_002610.5,420,UGG,UAG,-13.202512743342146,normal
CBGE,nonsense,NM_002610.5(PDK1):c.1260G>A (p.Trp420Ter),chr2,PDK1,NM_002610.5,420,UGG,UGA,-12.819834624750548,normal
CBGE,nonsense,NM_002610.5(PDK1):c.241C>T (p.Gln81Ter),chr2,PDK1,NM_002610.5,81,CAA,UAA,-10.59529017690763,normal
CBGE,nonsense,NM_002610.5(PDK1):c.338G>A (p.Trp113Ter),chr2,PDK1,NM_002610.5,113,UGG,UAG,-15.026673326373464,normal
CBGE,nonsense,NM_002610.5(PDK1):c.339G>A (p.Trp113Ter),chr2,PDK1,NM_002610.5,113,UGG,UGA,-15.158663735672931,normal
CBGE,nonsense,NM_002610.5(PDK1):c.355C>T (p.Gln119Ter),chr2,PDK1,NM_002610.5,119,CAG,UAG,-12.594597812570008,normal
CBGE,nonsense,NM_002610.5(PDK1):c.523C>T (p.Gln175Ter),chr2,PDK1,NM_002610.5,175,CAG,UAG,-12.75090688349467,normal
CBGE,nonsense,NM_002610.5(PDK1):c.532C>T (p.Gln178Ter),chr2,PDK1,NM_002610.5,178,CAG,UAG,-13.588310194734056,normal
CBGE,nonsense,NM_002610.5(PDK1):c.637C>T (p.Arg213Ter),chr2,PDK1,NM_002610.5,213,CGA,UGA,-10.808450835669367,normal
CBGE,nonsense,NM_002610.5(PDK1):c.784C>T (p.Gln262Ter),chr2,PDK1,NM_002610.5,262,CAG,UAG,-11.239510513667334,normal
CBGE,nonsense,NM_002610.5(PDK1):c.904C>T (p.Gln302Ter),chr2,PDK1,NM_002610.5,302,CAA,UAA,-10.623540935568917,normal
CBGE,nonsense,NM_002645.4(PIK3C2A):c.1033C>T (p.Gln345Ter),chr11,PIK3C2A,NM_002645.4,345,CAG,UAG,-10.899573348353645,normal
CBGE,nonsense,NM_002645.4(PIK3C2A):c.1048C>T (p.Gln350Ter),chr11,PIK3C2A,NM_002645.4,350,CAG,UAG,-10.00726508412347,normal
CBGE,nonsense,NM_002645.4(PIK3C2A):c.1129C>T (p.Gln377Ter),chr11,PIK3C2A,NM_002645.4,377,CAG,UAG,-10.020700488847968,normal
CBGE,nonsense,NM_002645.4(PIK3C2A):c.1156C>T (p.Arg386Ter),chr11,PIK3C2A,NM_002645.4,386,CGA,UGA,-10.359379819276066,normal
CBGE,nonsense,NM_002645.4(PIK3C2A):c.1390C>T (p.Gln464Ter),chr11,PIK3C2A,NM_002645.4,464,CAA,UAA,-10.025991432981078,normal
CBGE,nonsense,NM_002645.4(PIK3C2A):c.1480C>T (p.Gln494Ter),chr11,PIK3C2A,NM_002645.4,494,CAA,UAA,-10.24638369535396,normal
CBGE,nonsense,NM_002645.4(PIK3C2A):c.196C>T (p.Gln66Ter),chr11,PIK3C2A,NM_002645.4,66,CAG,UAG,-10.041780517313954,normal
CBGE,nonsense,NM_002645.4(PIK3C2A):c.211C>T (p.Gln71Ter),chr11,PIK3C2A,NM_002645.4,71,CAG,UAG,-10.351242013321285,normal
CBGE,nonsense,NM_002645.4(PIK3C2A):c.2173C>T (p.Gln725Ter),chr11,PIK3C2A,NM_002645.4,725,CAA,UAA,-10.134712112684092,normal
CBGE,nonsense,NM_002645.4(PIK3C2A):c.2308C>T (p.Gln770Ter),chr11,PIK3C2A,NM_002645.4,770,CAG,UAG,-10.376650839816303,normal
CBGE,nonsense,NM_002645.4(PIK3C2A):c.2341C>T (p.Gln781Ter),chr11,PIK3C2A,NM_002645.4,781,CAG,UAG,-10.519554152505895,normal
CBGE,nonsense,NM_002645.4(PIK3C2A):c.2757G>A (p.Trp919Ter),chr11,PIK3C2A,NM_002645.4,919,UGG,UGA,-11.675586724226632,normal
CBGE,nonsense,NM_002645.4(PIK3C2A):c.2762G>A (p.Trp921Ter),chr11,PIK3C2A,NM_002645.4,921,UGG,UAG,-10.839204814843464,normal
CBGE,nonsense,NM_002645.4(PIK3C2A):c.2763G>A (p.Trp921Ter),chr11,PIK3C2A,NM_002645.4,921,UGG,UGA,-10.759188688710925,normal
CBGE,nonsense,NM_002645.4(PIK3C2A):c.3160C>T (p.Gln1054Ter),chr11,PIK3C2A,NM_002645.4,1054,CAG,UAG,-11.633787077107412,normal
CBGE,nonsense,NM_002645.4(PIK3C2A):c.3193C>T (p.Gln1065Ter),chr11,PIK3C2A,NM_002645.4,1065,CAG,UAG,-10.64381695385164,normal
CBGE,nonsense,NM_002645.4(PIK3C2A):c.3214C>T (p.Gln1072Ter),chr11,PIK3C2A,NM_002645.4,1072,CAG,UAG,-10.259497732368098,normal
CBGE,nonsense,NM_002645.4(PIK3C2A):c.3226C>T (p.Gln1076Ter),chr11,PIK3C2A,NM_002645.4,1076,CAA,UAA,-10.587078078736326,normal
CBGE,nonsense,NM_002645.4(PIK3C2A):c.3589C>T (p.Gln1197Ter),chr11,PIK3C2A,NM_002645.4,1197,CAA,UAA,-9.191522573093575,normal
CBGE,nonsense,NM_002645.4(PIK3C2A):c.3641G>A (p.Trp1214Ter),chr11,PIK3C2A,NM_002645.4,1214,UGG,UAG,-14.21958157601416,normal
CBGE,nonsense,NM_002645.4(PIK3C2A):c.3642G>A (p.Trp1214Ter),chr11,PIK3C2A,NM_002645.4,1214,UGG,UGA,-14.112154910338637,normal
CBGE,nonsense,NM_002645.4(PIK3C2A):c.3775C>T (p.Arg1259Ter),chr11,PIK3C2A,NM_002645.4,1259,CGA,UGA,-7.52612144528362,normal
CBGE,nonsense,NM_002645.4(PIK3C2A):c.3829C>T (p.Gln1277Ter),chr11,PIK3C2A,NM_002645.4,1277,CAG,UAG,-11.84606361501911,normal
CBGE,nonsense,NM_002645.4(PIK3C2A):c.3928C>T (p.Gln1310Ter),chr11,PIK3C2A,NM_002645.4,1310,CAG,UAG,-9.774455983490284,normal
CBGE,nonsense,NM_002645.4(PIK3C2A):c.4183C>T (p.Gln1395Ter),chr11,PIK3C2A,NM_002645.4,1395,CAG,UAG,-11.73877324406564,normal
CBGE,nonsense,NM_002645.4(PIK3C2A):c.4258C>T (p.Gln1420Ter),chr11,PIK3C2A,NM_002645.4,1420,CAA,UAA,-10.556531938660632,normal
CBGE,nonsense,NM_002645.4(PIK3C2A):c.425G>A (p.Trp142Ter),chr11,PIK3C2A,NM_002645.4,142,UGG,UAG,-11.741671542163504,normal
CBGE,nonsense,NM_002645.4(PIK3C2A):c.4339C>T (p.Arg1447Ter),chr11,PIK3C2A,NM_002645.4,1447,CGA,UGA,-9.379068363138805,normal
CBGE,nonsense,NM_002645.4(PIK3C2A):c.4381C>T (p.Arg1461Ter),chr11,PIK3C2A,NM_002645.4,1461,CGA,UGA,-12.425986200298915,normal
CBGE,nonsense,NM_002645.4(PIK3C2A):c.4672C>T (p.Gln1558Ter),chr11,PIK3C2A,NM_002645.4,1558,CAA,UAA,-10.437651614267056,normal
CBGE,nonsense,NM_002645.4(PIK3C2A):c.4846C>T (p.Arg1616Ter),chr11,PIK3C2A,NM_002645.4,1616,CGA,UGA,-10.546654619279906,normal
CBGE,nonsense,NM_002645.4(PIK3C2A):c.493C>T (p.Gln165Ter),chr11,PIK3C2A,NM_002645.4,165,CAG,UAG,-10.619153969245218,normal
CBGE,nonsense,NM_002645.4(PIK3C2A):c.5035C>T (p.Gln1679Ter),chr11,PIK3C2A,NM_002645.4,1679,CAG,UAG,-11.444562938225276,normal
CBGE,nonsense,NM_002645.4(PIK3C2A):c.7C>T (p.Gln3Ter),chr11,PIK3C2A,NM_002645.4,3,CAG,UAG,-10.622398384974195,normal
CBGE,nonsense,NM_002647.4(PIK3C3):c.1678C>T (p.Gln560Ter),chr18,PIK3C3,NM_002647.4,560,CAA,UAA,-11.756828241671323,normal
CBGE,nonsense,NM_002647.4(PIK3C3):c.1720C>T (p.Gln574Ter),chr18,PIK3C3,NM_002647.4,574,CAG,UAG,-10.993428224522338,normal
CBGE,nonsense,NM_002647.4(PIK3C3):c.184C>T (p.Gln62Ter),chr18,PIK3C3,NM_002647.4,62,CAA,UAA,-11.411768027025744,normal
CBGE,nonsense,NM_002647.4(PIK3C3):c.1858C>T (p.Gln620Ter),chr18,PIK3C3,NM_002647.4,620,CAG,UAG,-9.801278997392217,normal
CBGE,nonsense,NM_002647.4(PIK3C3):c.2401C>T (p.Gln801Ter),chr18,PIK3C3,NM_002647.4,801,CAG,UAG,-9.815886457300817,normal
CBGE,nonsense,NM_002647.4(PIK3C3):c.332G>A (p.Trp111Ter),chr18,PIK3C3,NM_002647.4,111,UGG,UAG,-16.123390141428143,normal
CBGE,nonsense,NM_002647.4(PIK3C3):c.333G>A (p.Trp111Ter),chr18,PIK3C3,NM_002647.4,111,UGG,UGA,-16.1744384861727,normal
CBGE,nonsense,NM_002647.4(PIK3C3):c.775C>T (p.Gln259Ter),chr18,PIK3C3,NM_002647.4,259,CAG,UAG,-10.289047233624547,normal
CBGE,nonsense,NM_002647.4(PIK3C3):c.937C>T (p.Gln313Ter),chr18,PIK3C3,NM_002647.4,313,CAA,UAA,-9.208138449766388,normal
CBGE,nonsense,NM_002648.4(PIM1):c.115C>T (p.Gln39Ter),chr6,PIM1,NM_002648.4,39,CAG,UAG,-13.040350000087749,normal
CBGE,nonsense,NM_002648.4(PIM1):c.253C>T (p.Arg85Ter),chr6,PIM1,NM_002648.4,85,CGA,UGA,-10.680057508661823,normal
CBGE,nonsense,NM_002648.4(PIM1):c.418C>T (p.Gln140Ter),chr6,PIM1,NM_002648.4,140,CAA,UAA,-9.154895085828183,normal
CBGE,nonsense,NM_002648.4(PIM1):c.446G>A (p.Trp149Ter),chr6,PIM1,NM_002648.4,149,UGG,UAG,-13.10248364493845,normal
CBGE,nonsense,NM_002648.4(PIM1):c.447G>A (p.Trp149Ter),chr6,PIM1,NM_002648.4,149,UGG,UGA,-12.799918090688193,normal
CBGE,nonsense,NM_002648.4(PIM1):c.754C>T (p.Gln252Ter),chr6,PIM1,NM_002648.4,252,CAG,UAG,-12.911294886484226,normal
CBGE,nonsense,NM_002648.4(PIM1):c.769C>T (p.Gln257Ter),chr6,PIM1,NM_002648.4,257,CAG,UAG,-11.814009731724422,normal
CBGE,nonsense,NM_002648.4(PIM1):c.790C>T (p.Gln264Ter),chr6,PIM1,NM_002648.4,264,CAG,UAG,-12.160630156329551,normal
CBGE,nonsense,NM_002648.4(PIM1):c.866G>A (p.Trp289Ter),chr6,PIM1,NM_002648.4,289,UGG,UAG,-14.891264924129972,normal
CBGE,nonsense,NM_002648.4(PIM1):c.867G>A (p.Trp289Ter),chr6,PIM1,NM_002648.4,289,UGG,UGA,-14.845600067007716,normal
CBGE,nonsense,NM_002648.4(PIM1):c.871C>T (p.Gln291Ter),chr6,PIM1,NM_002648.4,291,CAA,UAA,-12.24047085329209,normal
CBGE,nonsense,NM_002657.3(PLAGL2):c.121C>T (p.Gln41Ter),chr20,PLAGL2,NM_002657.3,41,CAA,UAA,-10.720142377911747,normal
CBGE,nonsense,NM_002657.3(PLAGL2):c.1372C>T (p.Gln458Ter),chr20,PLAGL2,NM_002657.3,458,CAA,UAA,-10.28025637526939,normal
CBGE,nonsense,NM_002657.3(PLAGL2):c.1486C>T (p.Gln496Ter),chr20,PLAGL2,NM_002657.3,496,CAG,UAG,-11.685148220217364,normal
CBGE,nonsense,NM_002657.3(PLAGL2):c.214C>T (p.Gln72Ter),chr20,PLAGL2,NM_002657.3,72,CAG,UAG,-10.86579423407935,normal
CBGE,nonsense,NM_002657.3(PLAGL2):c.37C>T (p.Gln13Ter),chr20,PLAGL2,NM_002657.3,13,CAA,UAA,-9.655438453001748,normal
CBGE,nonsense,NM_002657.3(PLAGL2):c.49C>T (p.Gln17Ter),chr20,PLAGL2,NM_002657.3,17,CAG,UAG,-10.822105433332029,normal
CBGE,nonsense,NM_002657.3(PLAGL2):c.676C>T (p.Gln226Ter),chr20,PLAGL2,NM_002657.3,226,CAG,UAG,-11.184503606127873,normal
CBGE,nonsense,NM_002660.3(PLCG1):c.1106G>A (p.Trp369Ter),chr20,PLCG1,NM_002660.3,369,UGG,UAG,-14.732429546274409,lof
CBGE,nonsense,NM_002660.3(PLCG1):c.1107G>A (p.Trp369Ter),chr20,PLCG1,NM_002660.3,369,UGG,UGA,-14.330724783427897,lof
CBGE,nonsense,NM_002660.3(PLCG1):c.1261C>T (p.Gln421Ter),chr20,PLCG1,NM_002660.3,421,CAG,UAG,-13.159553565024185,lof
CBGE,nonsense,NM_002660.3(PLCG1):c.1264C>T (p.Gln422Ter),chr20,PLCG1,NM_002660.3,422,CAG,UAG,-13.138238881253583,lof
CBGE,nonsense,NM_002660.3(PLCG1):c.1279C>T (p.Gln427Ter),chr20,PLCG1,NM_002660.3,427,CAA,UAA,-10.238485285369016,lof
CBGE,nonsense,NM_002660.3(PLCG1):c.130C>T (p.Gln44Ter),chr20,PLCG1,NM_002660.3,44,CAG,UAG,-11.920994738915898,lof
CBGE,nonsense,NM_002660.3(PLCG1):c.133C>T (p.Arg45Ter),chr20,PLCG1,NM_002660.3,45,CGA,UGA,-10.522644969672276,lof
CBGE,nonsense,NM_002660.3(PLCG1):c.1360C>T (p.Gln454Ter),chr20,PLCG1,NM_002660.3,454,CAG,UAG,-13.023345018228264,lof
CBGE,nonsense,NM_002660.3(PLCG1):c.1579C>T (p.Gln527Ter),chr20,PLCG1,NM_002660.3,527,CAG,UAG,-10.51997375413312,lof
CBGE,nonsense,NM_002660.3(PLCG1):c.1649G>A (p.Trp550Ter),chr20,PLCG1,NM_002660.3,550,UGG,UAG,-12.925880351221576,lof
CBGE,nonsense,NM_002660.3(PLCG1):c.1650G>A (p.Trp550Ter),chr20,PLCG1,NM_002660.3,550,UGG,UGA,-12.612037683884896,lof
CBGE,nonsense,NM_002660.3(PLCG1):c.1756C>T (p.Arg586Ter),chr20,PLCG1,NM_002660.3,586,CGA,UGA,-11.308074972934604,lof
CBGE,nonsense,NM_002660.3(PLCG1):c.175C>T (p.Gln59Ter),chr20,PLCG1,NM_002660.3,59,CAG,UAG,-10.871784178952252,lof
CBGE,nonsense,NM_002660.3(PLCG1):c.185G>A (p.Trp62Ter),chr20,PLCG1,NM_002660.3,62,UGG,UAG,-13.440042438440734,lof
CBGE,nonsense,NM_002660.3(PLCG1):c.186G>A (p.Trp62Ter),chr20,PLCG1,NM_002660.3,62,UGG,UGA,-13.262872723055796,lof
CBGE,nonsense,NM_002660.3(PLCG1):c.2152C>T (p.Gln718Ter),chr20,PLCG1,NM_002660.3,718,CAG,UAG,-11.2566622691685,lof
CBGE,nonsense,NM_002660.3(PLCG1):c.2164C>T (p.Gln722Ter),chr20,PLCG1,NM_002660.3,722,CAG,UAG,-11.322053903978285,lof
CBGE,nonsense,NM_002660.3(PLCG1):c.2455C>T (p.Gln819Ter),chr20,PLCG1,NM_002660.3,819,CAG,UAG,-11.180535300664578,lof
CBGE,nonsense,NM_002660.3(PLCG1):c.2484G>A (p.Trp828Ter),chr20,PLCG1,NM_002660.3,828,UGG,UGA,-14.872449861065322,normal
CBGE,nonsense,NM_002660.3(PLCG1):c.2486G>A (p.Trp829Ter),chr20,PLCG1,NM_002660.3,829,UGG,UAG,-17.569534223060945,normal
CBGE,nonsense,NM_002660.3(PLCG1):c.2487G>A (p.Trp829Ter),chr20,PLCG1,NM_002660.3,829,UGG,UGA,-16.778655934262087,normal
CBGE,nonsense,NM_002660.3(PLCG1):c.2488C>T (p.Arg830Ter),chr20,PLCG1,NM_002660.3,830,CGA,UGA,-10.648280101376146,lof
CBGE,nonsense,NM_002660.3(PLCG1):c.2746C>T (p.Gln916Ter),chr20,PLCG1,NM_002660.3,916,CAG,UAG,-11.07815653194096,lof
CBGE,nonsense,NM_002660.3(PLCG1):c.2791C>T (p.Gln931Ter),chr20,PLCG1,NM_002660.3,931,CAG,UAG,-11.070812287118285,lof
CBGE,nonsense,NM_002660.3(PLCG1):c.280C>T (p.Gln94Ter),chr20,PLCG1,NM_002660.3,94,CAA,UAA,-10.139504441885448,gof
CBGE,nonsense,NM_002660.3(PLCG1):c.3121C>T (p.Gln1041Ter),chr20,PLCG1,NM_002660.3,1041,CAG,UAG,-14.440679534897749,lof
CBGE,nonsense,NM_002660.3(PLCG1):c.3142C>T (p.Gln1048Ter),chr20,PLCG1,NM_002660.3,1048,CAG,UAG,-14.881654690176914,lof
CBGE,nonsense,NM_002660.3(PLCG1):c.3193C>T (p.Gln1065Ter),chr20,PLCG1,NM_002660.3,1065,CAG,UAG,-10.696029159565372,lof
CBGE,nonsense,NM_002660.3(PLCG1):c.3292C>T (p.Arg1098Ter),chr20,PLCG1,NM_002660.3,1098,CGA,UGA,-9.14210227702642,normal
CBGE,nonsense,NM_002660.3(PLCG1):c.3376C>T (p.Gln1126Ter),chr20,PLCG1,NM_002660.3,1126,CAG,UAG,-12.95399954059734,lof
CBGE,nonsense,NM_002660.3(PLCG1):c.3508C>T (p.Gln1170Ter),chr20,PLCG1,NM_002660.3,1170,CAG,UAG,-7.735176070177042,normal
CBGE,nonsense,NM_002660.3(PLCG1):c.3523C>T (p.Gln1175Ter),chr20,PLCG1,NM_002660.3,1175,CAG,UAG,-11.711491637650337,normal
CBGE,nonsense,NM_002660.3(PLCG1):c.3715C>T (p.Gln1239Ter),chr20,PLCG1,NM_002660.3,1239,CAG,UAG,-10.692209227630007,normal
CBGE,nonsense,NM_002660.3(PLCG1):c.3763C>T (p.Gln1255Ter),chr20,PLCG1,NM_002660.3,1255,CAG,UAG,-10.67859368116623,normal
CBGE,nonsense,NM_002660.3(PLCG1):c.3766C>T (p.Gln1256Ter),chr20,PLCG1,NM_002660.3,1256,CAG,UAG,-10.698867746709263,normal
CBGE,nonsense,NM_002660.3(PLCG1):c.3823C>T (p.Arg1275Ter),chr20,PLCG1,NM_002660.3,1275,CGA,UGA,-9.35535810317808,normal
CBGE,nonsense,NM_002660.3(PLCG1):c.454C>T (p.Gln152Ter),chr20,PLCG1,NM_002660.3,152,CAG,UAG,-11.91809659849682,lof
CBGE,nonsense,NM_002660.3(PLCG1):c.467G>A (p.Trp156Ter),chr20,PLCG1,NM_002660.3,156,UGG,UAG,-12.601150558306168,lof
CBGE,nonsense,NM_002660.3(PLCG1):c.478C>T (p.Gln160Ter),chr20,PLCG1,NM_002660.3,160,CAG,UAG,-10.5273523614454,lof
CBGE,nonsense,NM_002660.3(PLCG1):c.547C>T (p.Gln183Ter),chr20,PLCG1,NM_002660.3,183,CAG,UAG,-11.987942691781331,lof
CBGE,nonsense,NM_002660.3(PLCG1):c.607C>T (p.Gln203Ter),chr20,PLCG1,NM_002660.3,203,CAG,UAG,-12.636518526434331,lof
CBGE,nonsense,NM_002660.3(PLCG1):c.766C>T (p.Gln256Ter),chr20,PLCG1,NM_002660.3,256,CAG,UAG,-11.720741255897654,lof
CBGE,nonsense,NM_002660.3(PLCG1):c.797G>A (p.Trp266Ter),chr20,PLCG1,NM_002660.3,266,UGG,UAG,-10.89776633131814,lof
CBGE,nonsense,NM_002660.3(PLCG1):c.798G>A (p.Trp266Ter),chr20,PLCG1,NM_002660.3,266,UGG,UGA,-10.798256241931377,lof
CBGE,nonsense,NM_002660.3(PLCG1):c.856C>T (p.Arg286Ter),chr20,PLCG1,NM_002660.3,286,CGA,UGA,-10.147576301346126,lof
CBGE,nonsense,NM_002660.3(PLCG1):c.929G>A (p.Trp310Ter),chr20,PLCG1,NM_002660.3,310,UGG,UAG,-13.527756767469809,lof
CBGE,nonsense,NM_002660.3(PLCG1):c.930G>A (p.Trp310Ter),chr20,PLCG1,NM_002660.3,310,UGG,UGA,-13.292066591202136,lof
CBGE,nonsense,NM_002660.3(PLCG1):c.989G>A (p.Trp330Ter),chr20,PLCG1,NM_002660.3,330,UGG,UAG,-14.324131003497978,lof
CBGE,nonsense,NM_002660.3(PLCG1):c.990G>A (p.Trp330Ter),chr20,PLCG1,NM_002660.3,330,UGG,UGA,-14.216916085628611,normal
CBGE,nonsense,NM_002661.5(PLCG2):c.1082G>A (p.Trp361Ter),chr16,PLCG2,NM_002661.5,361,UGG,UAG,-14.313622432654869,normal
CBGE,nonsense,NM_002661.5(PLCG2):c.1083G>A (p.Trp361Ter),chr16,PLCG2,NM_002661.5,361,UGG,UGA,-13.776063063631824,normal
CBGE,nonsense,NM_002661.5(PLCG2):c.1121G>A (p.Trp374Ter),chr16,PLCG2,NM_002661.5,374,UGG,UAG,-15.141096120302477,normal
CBGE,nonsense,NM_002661.5(PLCG2):c.1122G>A (p.Trp374Ter),chr16,PLCG2,NM_002661.5,374,UGG,UGA,-15.033431111924855,normal
CBGE,nonsense,NM_002661.5(PLCG2):c.1237C>T (p.Gln413Ter),chr16,PLCG2,NM_002661.5,413,CAA,UAA,-10.588254964735125,normal
CBGE,nonsense,NM_002661.5(PLCG2):c.1240C>T (p.Gln414Ter),chr16,PLCG2,NM_002661.5,414,CAG,UAG,-12.98925016580826,normal
CBGE,nonsense,NM_002661.5(PLCG2):c.130C>T (p.Gln44Ter),chr16,PLCG2,NM_002661.5,44,CAG,UAG,-11.438993447842892,normal
CBGE,nonsense,NM_002661.5(PLCG2):c.1432C>T (p.Gln478Ter),chr16,PLCG2,NM_002661.5,478,CAG,UAG,-11.463726002655674,normal
CBGE,nonsense,NM_002661.5(PLCG2):c.1465C>T (p.Gln489Ter),chr16,PLCG2,NM_002661.5,489,CAG,UAG,-9.960731524929846,normal
CBGE,nonsense,NM_002661.5(PLCG2):c.1472G>A (p.Trp491Ter),chr16,PLCG2,NM_002661.5,491,UGG,UAG,-14.265024179013375,normal
CBGE,nonsense,NM_002661.5(PLCG2):c.1473G>A (p.Trp491Ter),chr16,PLCG2,NM_002661.5,491,UGG,UGA,-14.129406998379888,normal
CBGE,nonsense,NM_002661.5(PLCG2):c.1531C>T (p.Gln511Ter),chr16,PLCG2,NM_002661.5,511,CAG,UAG,-10.628557224891969,normal
CBGE,nonsense,NM_002661.5(PLCG2):c.1555C>T (p.Gln519Ter),chr16,PLCG2,NM_002661.5,519,CAG,UAG,-9.931770298390076,normal
CBGE,nonsense,NM_002661.5(PLCG2):c.1642C>T (p.Gln548Ter),chr16,PLCG2,NM_002661.5,548,CAG,UAG,-11.587162048523004,normal
CBGE,nonsense,NM_002661.5(PLCG2):c.1733G>A (p.Trp578Ter),chr16,PLCG2,NM_002661.5,578,UGG,UAG,-13.418893812847363,normal
CBGE,nonsense,NM_002661.5(PLCG2):c.1750C>T (p.Gln584Ter),chr16,PLCG2,NM_002661.5,584,CAG,UAG,-10.593232115200667,normal
CBGE,nonsense,NM_002661.5(PLCG2):c.1937G>A (p.Trp646Ter),chr16,PLCG2,NM_002661.5,646,UGG,UAG,-13.044147473870206,normal
CBGE,nonsense,NM_002661.5(PLCG2):c.1938G>A (p.Trp646Ter),chr16,PLCG2,NM_002661.5,646,UGG,UGA,-12.818565408416356,normal
CBGE,nonsense,NM_002661.5(PLCG2):c.2418G>A (p.Trp806Ter),chr16,PLCG2,NM_002661.5,806,UGG,UGA,-15.894729561638098,normal
CBGE,nonsense,NM_002661.5(PLCG2):c.2420G>A (p.Trp807Ter),chr16,PLCG2,NM_002661.5,807,UGG,UAG,-17.318550096256185,normal
CBGE,nonsense,NM_002661.5(PLCG2):c.2421G>A (p.Trp807Ter),chr16,PLCG2,NM_002661.5,807,UGG,UGA,-16.557979605033974,normal
CBGE,nonsense,NM_002661.5(PLCG2):c.2638C>T (p.Gln880Ter),chr16,PLCG2,NM_002661.5,880,CAG,UAG,-11.584091166865598,normal
CBGE,nonsense,NM_002661.5(PLCG2):c.2641C>T (p.Gln881Ter),chr16,PLCG2,NM_002661.5,881,CAG,UAG,-11.377126637090251,normal
CBGE,nonsense,NM_002661.5(PLCG2):c.2723G>A (p.Trp908Ter),chr16,PLCG2,NM_002661.5,908,UGG,UAG,-10.150291178617902,normal
CBGE,nonsense,NM_002661.5(PLCG2):c.2724G>A (p.Trp908Ter),chr16,PLCG2,NM_002661.5,908,UGG,UGA,-9.886874929447826,normal
CBGE,nonsense,NM_002661.5(PLCG2):c.2857C>T (p.Arg953Ter),chr16,PLCG2,NM_002661.5,953,CGA,UGA,-10.544916115667242,normal
CBGE,nonsense,NM_002661.5(PLCG2):c.3043C>T (p.Gln1015Ter),chr16,PLCG2,NM_002661.5,1015,CAG,UAG,-14.662613899000725,normal
CBGE,nonsense,NM_002661.5(PLCG2):c.3115C>T (p.Gln1039Ter),chr16,PLCG2,NM_002661.5,1039,CAG,UAG,-10.833625250747172,normal
CBGE,nonsense,NM_002661.5(PLCG2):c.3721C>T (p.Gln1241Ter),chr16,PLCG2,NM_002661.5,1241,CAG,UAG,-12.025468809223549,normal
CBGE,nonsense,NM_002661.5(PLCG2):c.3727C>T (p.Gln1243Ter),chr16,PLCG2,NM_002661.5,1243,CAG,UAG,-12.043050870496367,normal
CBGE,nonsense,NM_002661.5(PLCG2):c.3736C>T (p.Gln1246Ter),chr16,PLCG2,NM_002661.5,1246,CAG,UAG,-11.24926958522382,normal
CBGE,nonsense,NM_002661.5(PLCG2):c.445C>T (p.Gln149Ter),chr16,PLCG2,NM_002661.5,149,CAG,UAG,-10.815571780957312,normal
CBGE,nonsense,NM_002661.5(PLCG2):c.463C>T (p.Gln155Ter),chr16,PLCG2,NM_002661.5,155,CAA,UAA,-10.274749728999108,normal
CBGE,nonsense,NM_002661.5(PLCG2):c.760C>T (p.Gln254Ter),chr16,PLCG2,NM_002661.5,254,CAG,UAG,-11.159710831605253,normal
CBGE,nonsense,NM_002661.5(PLCG2):c.763C>T (p.Gln255Ter),chr16,PLCG2,NM_002661.5,255,CAG,UAG,-11.09566122008462,normal
CBGE,nonsense,NM_002661.5(PLCG2):c.889C>T (p.Arg297Ter),chr16,PLCG2,NM_002661.5,297,CGA,UGA,-8.06372518517362,normal
CBGE,nonsense,NM_002661.5(PLCG2):c.965G>A (p.Trp322Ter),chr16,PLCG2,NM_002661.5,322,UGG,UAG,-14.289840648523588,normal
CBGE,nonsense,NM_002661.5(PLCG2):c.966G>A (p.Trp322Ter),chr16,PLCG2,NM_002661.5,322,UGG,UGA,-14.08438206807018,normal
CBGE,nonsense,NM_002730.4(PRKACA):c.106C>T (p.Gln36Ter),chr19,PRKACA,NM_002730.4,36,CAG,UAG,-12.336158744498077,normal
CBGE,nonsense,NM_002730.4(PRKACA):c.544C>T (p.Gln182Ter),chr19,PRKACA,NM_002730.4,182,CAG,UAG,-8.567355559767776,normal
CBGE,nonsense,NM_002730.4(PRKACA):c.666G>A (p.Trp222Ter),chr19,PRKACA,NM_002730.4,222,UGG,UGA,-14.471369800289152,normal
CBGE,nonsense,NM_002730.4(PRKACA):c.668G>A (p.Trp223Ter),chr19,PRKACA,NM_002730.4,223,UGG,UAG,-15.251897756160052,normal
CBGE,nonsense,NM_002730.4(PRKACA):c.669G>A (p.Trp223Ter),chr19,PRKACA,NM_002730.4,223,UGG,UGA,-15.187506699081188,normal
CBGE,nonsense,NM_002730.4(PRKACA):c.908G>A (p.Trp303Ter),chr19,PRKACA,NM_002730.4,303,UGG,UAG,-14.750761003415413,normal
CBGE,nonsense,NM_002730.4(PRKACA):c.909G>A (p.Trp303Ter),chr19,PRKACA,NM_002730.4,303,UGG,UGA,-14.789732916282844,normal
CBGE,nonsense,NM_002730.4(PRKACA):c.922C>T (p.Gln308Ter),chr19,PRKACA,NM_002730.4,308,CAG,UAG,-12.897346564690467,normal
CBGE,nonsense,NM_002734.5(PRKAR1A):c.499C>T (p.Gln167Ter),chr17,PRKAR1A,NM_002734.5,167,CAA,UAA,-12.96726323419993,normal
CBGE,nonsense,NM_002734.5(PRKAR1A):c.535C>T (p.Gln179Ter),chr17,PRKAR1A,NM_002734.5,179,CAA,UAA,-10.41384413200955,normal
CBGE,nonsense,NM_002737.3(PRKCA):c.1129C>T (p.Gln377Ter),chr17,PRKCA,NM_002737.3,377,CAG,UAG,-11.26921467948547,normal
CBGE,nonsense,NM_002737.3(PRKCA):c.1222C>T (p.Gln408Ter),chr17,PRKCA,NM_002737.3,408,CAG,UAG,-13.82096184503154,normal
CBGE,nonsense,NM_002737.3(PRKCA):c.1288C>T (p.Gln430Ter),chr17,PRKCA,NM_002737.3,430,CAG,UAG,-11.687350289893253,normal
CBGE,nonsense,NM_002737.3(PRKCA):c.1537C>T (p.Gln513Ter),chr17,PRKCA,NM_002737.3,513,CAG,UAG,-12.994832991614928,normal
CBGE,nonsense,NM_002737.3(PRKCA):c.1562G>A (p.Trp521Ter),chr17,PRKCA,NM_002737.3,521,UGG,UAG,-14.789318105107109,normal
CBGE,nonsense,NM_002737.3(PRKCA):c.1642C>T (p.Gln548Ter),chr17,PRKCA,NM_002737.3,548,CAG,UAG,-10.544220046054294,normal
CBGE,nonsense,NM_002737.3(PRKCA):c.1805G>A (p.Trp602Ter),chr17,PRKCA,NM_002737.3,602,UGG,UAG,-15.118417756091754,normal
CBGE,nonsense,NM_002737.3(PRKCA):c.1806G>A (p.Trp602Ter),chr17,PRKCA,NM_002737.3,602,UGG,UGA,-14.9309024876616,normal
CBGE,nonsense,NM_002737.3(PRKCA):c.187C>T (p.Gln63Ter),chr17,PRKCA,NM_002737.3,63,CAA,UAA,-13.945436456731915,normal
CBGE,nonsense,NM_002737.3(PRKCA):c.1948C>T (p.Gln650Ter),chr17,PRKCA,NM_002737.3,650,CAG,UAG,-12.600822418698396,normal
CBGE,nonsense,NM_002737.3(PRKCA):c.196C>T (p.Gln66Ter),chr17,PRKCA,NM_002737.3,66,CAG,UAG,-12.80271149457474,normal
CBGE,nonsense,NM_002737.3(PRKCA):c.202C>T (p.Gln68Ter),chr17,PRKCA,NM_002737.3,68,CAA,UAA,-11.490549126175372,normal
CBGE,nonsense,NM_002737.3(PRKCA):c.668G>A (p.Trp223Ter),chr17,PRKCA,NM_002737.3,223,UGG,UAG,-14.450902960072986,normal
CBGE,nonsense,NM_002737.3(PRKCA):c.669G>A (p.Trp223Ter),chr17,PRKCA,NM_002737.3,223,UGG,UGA,-14.486856428922058,normal
CBGE,nonsense,NM_002737.3(PRKCA):c.745C>T (p.Arg249Ter),chr17,PRKCA,NM_002737.3,249,CGA,UGA,-9.300127985735983,normal
CBGE,nonsense,NM_002737.3(PRKCA):c.821G>A (p.Trp274Ter),chr17,PRKCA,NM_002737.3,274,UGG,UAG,-13.71272086196312,normal
CBGE,nonsense,NM_002737.3(PRKCA):c.822G>A (p.Trp274Ter),chr17,PRKCA,NM_002737.3,274,UGG,UGA,-13.647659253509842,normal
CBGE,nonsense,NM_002737.3(PRKCA):c.82C>T (p.Gln28Ter),chr17,PRKCA,NM_002737.3,28,CAG,UAG,-11.71209619744645,normal
CBGE,nonsense,NM_002737.3(PRKCA):c.838C>T (p.Gln280Ter),chr17,PRKCA,NM_002737.3,280,CAA,UAA,-10.276126954495076,normal
CBGE,nonsense,NM_002737.3(PRKCA):c.907C>T (p.Gln303Ter),chr17,PRKCA,NM_002737.3,303,CAG,UAG,-8.48057318590693,normal
CBGE,nonsense,NM_002737.3(PRKCA):c.997C>T (p.Arg333Ter),chr17,PRKCA,NM_002737.3,333,CGA,UGA,-10.15648569841683,normal
CBGE,nonsense,NM_002738.7(PRKCB):c.1138C>T (p.Gln380Ter),chr16,PRKCB,NM_002738.7,380,CAA,UAA,-10.83937266083445,normal
CBGE,nonsense,NM_002738.7(PRKCB):c.1297C>T (p.Gln433Ter),chr16,PRKCB,NM_002738.7,433,CAG,UAG,-12.072133975893772,normal
CBGE,nonsense,NM_002738.7(PRKCB):c.1372C>T (p.Gln458Ter),chr16,PRKCB,NM_002738.7,458,CAG,UAG,-7.189457428710952,normal
CBGE,nonsense,NM_002738.7(PRKCB):c.1572G>A (p.Trp524Ter),chr16,PRKCB,NM_002738.7,524,UGG,UGA,-14.608484252687756,normal
CBGE,nonsense,NM_002738.7(PRKCB):c.1574G>A (p.Trp525Ter),chr16,PRKCB,NM_002738.7,525,UGG,UAG,-15.16864486003368,normal
CBGE,nonsense,NM_002738.7(PRKCB):c.1575G>A (p.Trp525Ter),chr16,PRKCB,NM_002738.7,525,UGG,UGA,-15.124278954956528,normal
CBGE,nonsense,NM_002738.7(PRKCB):c.1651C>T (p.Gln551Ter),chr16,PRKCB,NM_002738.7,551,CAA,UAA,-9.673050883494613,normal
CBGE,nonsense,NM_002738.7(PRKCB):c.187C>T (p.Gln63Ter),chr16,PRKCB,NM_002738.7,63,CAG,UAG,-14.760937792586644,normal
CBGE,nonsense,NM_002738.7(PRKCB):c.1957C>T (p.Gln653Ter),chr16,PRKCB,NM_002738.7,653,CAA,UAA,-11.93954087210171,normal
CBGE,nonsense,NM_002738.7(PRKCB):c.196C>T (p.Gln66Ter),chr16,PRKCB,NM_002738.7,66,CAG,UAG,-12.616146089319193,normal
CBGE,nonsense,NM_002738.7(PRKCB):c.668G>A (p.Trp223Ter),chr16,PRKCB,NM_002738.7,223,UGG,UAG,-13.816778235641356,normal
CBGE,nonsense,NM_002738.7(PRKCB):c.669G>A (p.Trp223Ter),chr16,PRKCB,NM_002738.7,223,UGG,UGA,-13.917019854010372,normal
CBGE,nonsense,NM_002738.7(PRKCB):c.688C>T (p.Gln230Ter),chr16,PRKCB,NM_002738.7,230,CAG,UAG,-10.205867839452166,normal
CBGE,nonsense,NM_002738.7(PRKCB):c.799C>T (p.Gln267Ter),chr16,PRKCB,NM_002738.7,267,CAG,UAG,-12.026310053633122,normal
CBGE,nonsense,NM_002738.7(PRKCB):c.82C>T (p.Gln28Ter),chr16,PRKCB,NM_002738.7,28,CAG,UAG,-11.518964723424205,normal
CBGE,nonsense,NM_002738.7(PRKCB):c.838C>T (p.Gln280Ter),chr16,PRKCB,NM_002738.7,280,CAG,UAG,-10.2051009496104,normal
CBGE,nonsense,NM_002740.6(PRKCI):c.1567C>T (p.Arg523Ter),chr3,PRKCI,NM_002740.6,523,CGA,UGA,-12.511900917516634,normal
CBGE,nonsense,NM_002740.6(PRKCI):c.1580G>A (p.Trp527Ter),chr3,PRKCI,NM_002740.6,527,UGG,UAG,-14.30066493424718,normal
CBGE,nonsense,NM_002740.6(PRKCI):c.430C>T (p.Gln144Ter),chr3,PRKCI,NM_002740.6,144,CAA,UAA,-11.479253757137789,normal
CBGE,nonsense,NM_002740.6(PRKCI):c.485G>A (p.Trp162Ter),chr3,PRKCI,NM_002740.6,162,UGG,UAG,-14.093609821892322,normal
CBGE,nonsense,NM_002740.6(PRKCI):c.486G>A (p.Trp162Ter),chr3,PRKCI,NM_002740.6,162,UGG,UGA,-13.903132486390522,normal
CBGE,nonsense,NM_002740.6(PRKCI):c.640C>T (p.Gln214Ter),chr3,PRKCI,NM_002740.6,214,CAG,UAG,-10.530412670553671,normal
CBGE,nonsense,NM_002740.6(PRKCI):c.685C>T (p.Gln229Ter),chr3,PRKCI,NM_002740.6,229,CAA,UAA,-9.239317877987087,normal
CBGE,nonsense,NM_002740.6(PRKCI):c.754C>T (p.Gln252Ter),chr3,PRKCI,NM_002740.6,252,CAG,UAG,-10.495857231717906,normal
CBGE,nonsense,NM_002740.6(PRKCI):c.967C>T (p.Gln323Ter),chr3,PRKCI,NM_002740.6,323,CAG,UAG,-12.68850521977808,normal
CBGE,nonsense,NM_002745.5(MAPK1):c.313C>T (p.Gln105Ter),chr22,MAPK1,NM_002745.5,105,CAG,UAG,-10.59841820958058,normal
CBGE,nonsense,NM_002745.5(MAPK1):c.824G>A (p.Trp275Ter),chr22,MAPK1,NM_002745.5,275,UGG,UAG,-15.714056064625648,normal
CBGE,nonsense,NM_002751.7(MAPK11):c.397C>T (p.Gln133Ter),chr22,MAPK11,NM_002751.7,133,CAG,UAG,-13.778122924720424,normal
CBGE,nonsense,NM_002751.7(MAPK11):c.520C>T (p.Gln174Ter),chr22,MAPK11,NM_002751.7,174,CAG,UAG,-9.198984139686464,normal
CBGE,nonsense,NM_002751.7(MAPK11):c.561G>A (p.Trp187Ter),chr22,MAPK11,NM_002751.7,187,UGG,UGA,-14.407543144133257,normal
CBGE,nonsense,NM_002751.7(MAPK11):c.590G>A (p.Trp197Ter),chr22,MAPK11,NM_002751.7,197,UGG,UAG,-14.911054577793577,lof
CBGE,nonsense,NM_002751.7(MAPK11):c.591G>A (p.Trp197Ter),chr22,MAPK11,NM_002751.7,197,UGG,UGA,-14.705925013129873,lof
CBGE,nonsense,NM_002751.7(MAPK11):c.604C>T (p.Gln202Ter),chr22,MAPK11,NM_002751.7,202,CAA,UAA,-9.267030577732658,normal
CBGE,nonsense,NM_002751.7(MAPK11):c.620G>A (p.Trp207Ter),chr22,MAPK11,NM_002751.7,207,UGG,UAG,-14.411417995175226,normal
CBGE,nonsense,NM_002751.7(MAPK11):c.621G>A (p.Trp207Ter),chr22,MAPK11,NM_002751.7,207,UGG,UGA,-14.467115329889438,normal
CBGE,nonsense,NM_002751.7(MAPK11):c.64C>T (p.Gln22Ter),chr22,MAPK11,NM_002751.7,22,CAG,UAG,-10.992580441935244,normal
CBGE,nonsense,NM_002751.7(MAPK11):c.691C>T (p.Gln231Ter),chr22,MAPK11,NM_002751.7,231,CAG,UAG,-11.774957583903037,normal
CBGE,nonsense,NM_002751.7(MAPK11):c.73C>T (p.Gln25Ter),chr22,MAPK11,NM_002751.7,25,CAG,UAG,-11.24849320362878,normal
CBGE,nonsense,NM_002755.4(MAP2K1):c.133C>T (p.Gln45Ter),chr15,MAP2K1,NM_002755.4,45,CAG,UAG,-13.705697042469977,normal
CBGE,nonsense,NM_002755.4(MAP2K1):c.136C>T (p.Gln46Ter),chr15,MAP2K1,NM_002755.4,46,CAG,UAG,-13.319708797525102,normal
CBGE,nonsense,NM_002755.4(MAP2K1):c.139C>T (p.Arg47Ter),chr15,MAP2K1,NM_002755.4,47,CGA,UGA,-12.128154711028603,normal
CBGE,nonsense,NM_002755.4(MAP2K1):c.172C>T (p.Gln58Ter),chr15,MAP2K1,NM_002755.4,58,CAG,UAG,-12.271837237134358,normal
CBGE,nonsense,NM_002755.4(MAP2K1):c.28C>T (p.Gln10Ter),chr15,MAP2K1,NM_002755.4,10,CAG,UAG,-12.28904910533227,normal
CBGE,nonsense,NM_002755.4(MAP2K1):c.328C>T (p.Gln110Ter),chr15,MAP2K1,NM_002755.4,110,CAG,UAG,-13.53555866542578,normal
CBGE,nonsense,NM_002755.4(MAP2K1):c.457C>T (p.Gln153Ter),chr15,MAP2K1,NM_002755.4,153,CAA,UAA,-10.814633392710636,normal
CBGE,nonsense,NM_002755.4(MAP2K1):c.913C>T (p.Arg305Ter),chr15,MAP2K1,NM_002755.4,305,CGA,UGA,-9.835332931186606,normal
CBGE,nonsense,NM_002827.4(PTPN1):c.1138C>T (p.Arg380Ter),chr20,PTPN1,NM_002827.4,380,CGA,UGA,-9.50384041630415,normal
CBGE,nonsense,NM_002827.4(PTPN1):c.25C>T (p.Gln9Ter),chr20,PTPN1,NM_002827.4,9,CAG,UAG,-12.185756664228936,normal
CBGE,nonsense,NM_002827.4(PTPN1):c.466C>T (p.Arg156Ter),chr20,PTPN1,NM_002827.4,156,CGA,UGA,-11.371816633757204,normal
CBGE,nonsense,NM_002827.4(PTPN1):c.469C>T (p.Gln157Ter),chr20,PTPN1,NM_002827.4,157,CAG,UAG,-10.872716013452637,normal
CBGE,nonsense,NM_002828.4(PTPN2):c.1012C>T (p.Gln338Ter),chr18,PTPN2,NM_002828.4,338,CAA,UAA,-9.746952016648452,normal
CBGE,nonsense,NM_002828.4(PTPN2):c.1129C>T (p.Arg377Ter),chr18,PTPN2,NM_002828.4,377,CGA,UGA,-9.884126678874242,normal
CBGE,nonsense,NM_002828.4(PTPN2):c.293G>A (p.Trp98Ter),chr18,PTPN2,NM_002828.4,98,UGG,UAG,-13.547147773225204,normal
CBGE,nonsense,NM_002828.4(PTPN2):c.43C>T (p.Gln15Ter),chr18,PTPN2,NM_002828.4,15,CAG,UAG,-11.656961439905544,normal
CBGE,nonsense,NM_002828.4(PTPN2):c.862C>T (p.Arg288Ter),chr18,PTPN2,NM_002828.4,288,CGA,UGA,-10.04291060065145,normal
CBGE,nonsense,NM_002828.4(PTPN2):c.866G>A (p.Trp289Ter),chr18,PTPN2,NM_002828.4,289,UGG,UAG,-11.799833276685945,normal
CBGE,nonsense,NM_002828.4(PTPN2):c.867G>A (p.Trp289Ter),chr18,PTPN2,NM_002828.4,289,UGG,UGA,-11.5981369813801,normal
CBGE,nonsense,NM_002829.4(PTPN3):c.1015C>T (p.Gln339Ter),chr9,PTPN3,NM_002829.4,339,CAA,UAA,-9.598833093031416,normal
CBGE,nonsense,NM_002829.4(PTPN3):c.1138C>T (p.Arg380Ter),chr9,PTPN3,NM_002829.4,380,CGA,UGA,-10.153445279551786,normal
CBGE,nonsense,NM_002829.4(PTPN3):c.142C>T (p.Gln48Ter),chr9,PTPN3,NM_002829.4,48,CAA,UAA,-10.060949351353653,normal
CBGE,nonsense,NM_002829.4(PTPN3):c.1591C>T (p.Gln531Ter),chr9,PTPN3,NM_002829.4,531,CAA,UAA,-9.181952426634023,normal
CBGE,nonsense,NM_002829.4(PTPN3):c.1906C>T (p.Gln636Ter),chr9,PTPN3,NM_002829.4,636,CAG,UAG,-11.4993514876644,normal
CBGE,nonsense,NM_002829.4(PTPN3):c.1945C>T (p.Gln649Ter),chr9,PTPN3,NM_002829.4,649,CAG,UAG,-10.924808450928737,normal
CBGE,nonsense,NM_002829.4(PTPN3):c.1954C>T (p.Gln652Ter),chr9,PTPN3,NM_002829.4,652,CAA,UAA,-11.72923376391668,normal
CBGE,nonsense,NM_002829.4(PTPN3):c.217C>T (p.Gln73Ter),chr9,PTPN3,NM_002829.4,73,CAG,UAG,-11.275026319962778,normal
CBGE,nonsense,NM_002829.4(PTPN3):c.2186G>A (p.Trp729Ter),chr9,PTPN3,NM_002829.4,729,UGG,UAG,-12.593325629833789,normal
CBGE,nonsense,NM_002829.4(PTPN3):c.2273G>A (p.Trp758Ter),chr9,PTPN3,NM_002829.4,758,UGG,UAG,-14.356378516199372,normal
CBGE,nonsense,NM_002829.4(PTPN3):c.2274G>A (p.Trp758Ter),chr9,PTPN3,NM_002829.4,758,UGG,UGA,-13.881093981347616,normal
CBGE,nonsense,NM_002829.4(PTPN3):c.2317C>T (p.Gln773Ter),chr9,PTPN3,NM_002829.4,773,CAG,UAG,-10.903686534997831,normal
CBGE,nonsense,NM_002829.4(PTPN3):c.2413C>T (p.Gln805Ter),chr9,PTPN3,NM_002829.4,805,CAG,UAG,-13.683258061260185,normal
CBGE,nonsense,NM_002829.4(PTPN3):c.2426G>A (p.Trp809Ter),chr9,PTPN3,NM_002829.4,809,UGG,UAG,-14.145580276910051,normal
CBGE,nonsense,NM_002829.4(PTPN3):c.2427G>A (p.Trp809Ter),chr9,PTPN3,NM_002829.4,809,UGG,UGA,-13.889248826916358,normal
CBGE,nonsense,NM_002829.4(PTPN3):c.2542C>T (p.Arg848Ter),chr9,PTPN3,NM_002829.4,848,CGA,UGA,-10.069182374323036,normal
CBGE,nonsense,NM_002829.4(PTPN3):c.2632C>T (p.Arg878Ter),chr9,PTPN3,NM_002829.4,878,CGA,UGA,-12.819880433524878,normal
CBGE,nonsense,NM_002829.4(PTPN3):c.2638C>T (p.Gln880Ter),chr9,PTPN3,NM_002829.4,880,CAG,UAG,-15.192184367491125,normal
CBGE,nonsense,NM_002829.4(PTPN3):c.280C>T (p.Gln94Ter),chr9,PTPN3,NM_002829.4,94,CAG,UAG,-12.084423099867774,normal
CBGE,nonsense,NM_002829.4(PTPN3):c.352C>T (p.Gln118Ter),chr9,PTPN3,NM_002829.4,118,CAG,UAG,-11.819248181902482,normal
CBGE,nonsense,NM_002829.4(PTPN3):c.355C>T (p.Gln119Ter),chr9,PTPN3,NM_002829.4,119,CAA,UAA,-11.585004762804264,normal
CBGE,nonsense,NM_002829.4(PTPN3):c.385C>T (p.Gln129Ter),chr9,PTPN3,NM_002829.4,129,CAA,UAA,-12.976697830835732,normal
CBGE,nonsense,NM_002829.4(PTPN3):c.463C>T (p.Gln155Ter),chr9,PTPN3,NM_002829.4,155,CAA,UAA,-8.61326594932817,normal
CBGE,nonsense,NM_002829.4(PTPN3):c.814C>T (p.Gln272Ter),chr9,PTPN3,NM_002829.4,272,CAG,UAG,-8.716064510671824,normal
CBGE,nonsense,NM_002829.4(PTPN3):c.817C>T (p.Arg273Ter),chr9,PTPN3,NM_002829.4,273,CGA,UGA,-11.74109168674842,normal
CBGE,nonsense,NM_002829.4(PTPN3):c.874C>T (p.Arg292Ter),chr9,PTPN3,NM_002829.4,292,CGA,UGA,-10.749008259669296,normal
CBGE,nonsense,NM_002830.4(PTPN4):c.1018C>T (p.Gln340Ter),chr2,PTPN4,NM_002830.4,340,CAA,UAA,-9.876703228445429,normal
CBGE,nonsense,NM_002830.4(PTPN4):c.1027C>T (p.Gln343Ter),chr2,PTPN4,NM_002830.4,343,CAG,UAG,-10.866535240855503,normal
CBGE,nonsense,NM_002830.4(PTPN4):c.1171C>T (p.Arg391Ter),chr2,PTPN4,NM_002830.4,391,CGA,UGA,-9.721006359084802,normal
CBGE,nonsense,NM_002830.4(PTPN4):c.1234C>T (p.Arg412Ter),chr2,PTPN4,NM_002830.4,412,CGA,UGA,-11.024336868727746,normal
CBGE,nonsense,NM_002830.4(PTPN4):c.148C>T (p.Gln50Ter),chr2,PTPN4,NM_002830.4,50,CAG,UAG,-7.5872496874902495,normal
CBGE,nonsense,NM_002830.4(PTPN4):c.154C>T (p.Gln52Ter),chr2,PTPN4,NM_002830.4,52,CAA,UAA,-11.397937784792026,normal
CBGE,nonsense,NM_002830.4(PTPN4):c.1636C>T (p.Arg546Ter),chr2,PTPN4,NM_002830.4,546,CGA,UGA,-11.40456762621378,normal
CBGE,nonsense,NM_002830.4(PTPN4):c.16C>T (p.Arg6Ter),chr2,PTPN4,NM_002830.4,6,CGA,UGA,-10.619809161608664,normal
CBGE,nonsense,NM_002830.4(PTPN4):c.1804C>T (p.Arg602Ter),chr2,PTPN4,NM_002830.4,602,CGA,UGA,-10.782361993037648,normal
CBGE,nonsense,NM_002830.4(PTPN4):c.1900C>T (p.Gln634Ter),chr2,PTPN4,NM_002830.4,634,CAG,UAG,-9.691654209945582,normal
CBGE,nonsense,NM_002830.4(PTPN4):c.1981C>T (p.Gln661Ter),chr2,PTPN4,NM_002830.4,661,CAA,UAA,-11.543987258473653,normal
CBGE,nonsense,NM_002830.4(PTPN4):c.2164C>T (p.Gln722Ter),chr2,PTPN4,NM_002830.4,722,CAG,UAG,-10.431295385780349,normal
CBGE,nonsense,NM_002830.4(PTPN4):c.2213G>A (p.Trp738Ter),chr2,PTPN4,NM_002830.4,738,UGG,UAG,-12.452363020067152,normal
CBGE,nonsense,NM_002830.4(PTPN4):c.2215C>T (p.Gln739Ter),chr2,PTPN4,NM_002830.4,739,CAG,UAG,-9.812722205588932,normal
CBGE,nonsense,NM_002830.4(PTPN4):c.2434C>T (p.Gln812Ter),chr2,PTPN4,NM_002830.4,812,CAG,UAG,-12.489769958133197,normal
CBGE,nonsense,NM_002830.4(PTPN4):c.2440C>T (p.Gln814Ter),chr2,PTPN4,NM_002830.4,814,CAG,UAG,-13.227032682220194,normal
CBGE,nonsense,NM_002830.4(PTPN4):c.2512C>T (p.Arg838Ter),chr2,PTPN4,NM_002830.4,838,CGA,UGA,-13.350975067558934,normal
CBGE,nonsense,NM_002830.4(PTPN4):c.352C>T (p.Gln118Ter),chr2,PTPN4,NM_002830.4,118,CAA,UAA,-10.529725976221624,normal
CBGE,nonsense,NM_002830.4(PTPN4):c.394C>T (p.Gln132Ter),chr2,PTPN4,NM_002830.4,132,CAA,UAA,-9.708761273834597,normal
CBGE,nonsense,NM_002830.4(PTPN4):c.46C>T (p.Arg16Ter),chr2,PTPN4,NM_002830.4,16,CGA,UGA,-10.458756405651895,normal
CBGE,nonsense,NM_002830.4(PTPN4):c.487C>T (p.Gln163Ter),chr2,PTPN4,NM_002830.4,163,CAG,UAG,-9.191713436437643,normal
CBGE,nonsense,NM_002830.4(PTPN4):c.73C>T (p.Gln25Ter),chr2,PTPN4,NM_002830.4,25,CAG,UAG,-10.895449615558965,normal
CBGE,nonsense,NM_002830.4(PTPN4):c.745C>T (p.Arg249Ter),chr2,PTPN4,NM_002830.4,249,CGA,UGA,-11.527736570450031,normal
CBGE,nonsense,NM_002830.4(PTPN4):c.811C>T (p.Gln271Ter),chr2,PTPN4,NM_002830.4,271,CAA,UAA,-8.995467123930547,normal
CBGE,nonsense,NM_002831.6(PTPN6):c.1111C>T (p.Gln371Ter),chr12,PTPN6,NM_002831.6,371,CAG,UAG,-11.771150588391436,normal
CBGE,nonsense,NM_002831.6(PTPN6):c.11G>A (p.Trp4Ter),chr12,PTPN6,NM_002831.6,4,UGG,UAG,-15.478026394764584,normal
CBGE,nonsense,NM_002831.6(PTPN6):c.1237C>T (p.Gln413Ter),chr12,PTPN6,NM_002831.6,413,CAG,UAG,-13.964130462158616,normal
CBGE,nonsense,NM_002831.6(PTPN6):c.12G>A (p.Trp4Ter),chr12,PTPN6,NM_002831.6,4,UGG,UGA,-15.17239570149406,normal
CBGE,nonsense,NM_002831.6(PTPN6):c.1318C>T (p.Gln440Ter),chr12,PTPN6,NM_002831.6,440,CAG,UAG,-9.871299706162349,normal
CBGE,nonsense,NM_002831.6(PTPN6):c.142C>T (p.Gln48Ter),chr12,PTPN6,NM_002831.6,48,CAG,UAG,-11.91314125861409,normal
CBGE,nonsense,NM_002831.6(PTPN6):c.1453C>T (p.Gln485Ter),chr12,PTPN6,NM_002831.6,485,CAG,UAG,-9.351240199241568,normal
CBGE,nonsense,NM_002831.6(PTPN6):c.1480C>T (p.Gln494Ter),chr12,PTPN6,NM_002831.6,494,CAG,UAG,-13.475534501917773,normal
CBGE,nonsense,NM_002831.6(PTPN6):c.1510C>T (p.Gln504Ter),chr12,PTPN6,NM_002831.6,504,CAG,UAG,-12.396187751574224,normal
CBGE,nonsense,NM_002831.6(PTPN6):c.163C>T (p.Gln55Ter),chr12,PTPN6,NM_002831.6,55,CAG,UAG,-12.15143008907454,normal
CBGE,nonsense,NM_002831.6(PTPN6):c.19C>T (p.Arg7Ter),chr12,PTPN6,NM_002831.6,7,CGA,UGA,-7.604230426150336,normal
CBGE,nonsense,NM_002831.6(PTPN6):c.241C>T (p.Gln81Ter),chr12,PTPN6,NM_002831.6,81,CAG,UAG,-11.360198911248478,normal
CBGE,nonsense,NM_002831.6(PTPN6):c.259C>T (p.Gln87Ter),chr12,PTPN6,NM_002831.6,87,CAG,UAG,-11.787024505062494,normal
CBGE,nonsense,NM_002831.6(PTPN6):c.392G>A (p.Trp131Ter),chr12,PTPN6,NM_002831.6,131,UGG,UAG,-10.389970520796831,normal
CBGE,nonsense,NM_002831.6(PTPN6):c.393G>A (p.Trp131Ter),chr12,PTPN6,NM_002831.6,131,UGG,UGA,-10.045849668250517,normal
CBGE,nonsense,NM_002831.6(PTPN6):c.457C>T (p.Gln153Ter),chr12,PTPN6,NM_002831.6,153,CAG,UAG,-11.826736445806937,normal
CBGE,nonsense,NM_002831.6(PTPN6):c.631C>T (p.Gln211Ter),chr12,PTPN6,NM_002831.6,211,CAG,UAG,-11.735658746299269,normal
CBGE,nonsense,NM_002831.6(PTPN6):c.734G>A (p.Trp245Ter),chr12,PTPN6,NM_002831.6,245,UGG,UAG,-12.082933369789764,normal
CBGE,nonsense,NM_002831.6(PTPN6):c.735G>A (p.Trp245Ter),chr12,PTPN6,NM_002831.6,245,UGG,UGA,-11.898540474512238,normal
CBGE,nonsense,NM_002831.6(PTPN6):c.781C>T (p.Gln261Ter),chr12,PTPN6,NM_002831.6,261,CAG,UAG,-12.23260305257562,normal
CBGE,nonsense,NM_002834.5(PTPN11):c.1249C>T (p.Gln417Ter),chr12,PTPN11,NM_002834.5,417,CAA,UAA,-11.573865809145577,normal
CBGE,nonsense,NM_002834.5(PTPN11):c.1336C>T (p.Gln446Ter),chr12,PTPN11,NM_002834.5,446,CAG,UAG,-10.930493340452454,normal
CBGE,nonsense,NM_002834.5(PTPN11):c.1483C>T (p.Gln495Ter),chr12,PTPN11,NM_002834.5,495,CAG,UAG,-13.022787048914267,normal
CBGE,nonsense,NM_002834.5(PTPN11):c.1534C>T (p.Arg512Ter),chr12,PTPN11,NM_002834.5,512,CGA,UGA,-10.898912406908217,normal
CBGE,nonsense,NM_002834.5(PTPN11):c.1597C>T (p.Gln533Ter),chr12,PTPN11,NM_002834.5,533,CAG,UAG,-11.683886461151182,normal
CBGE,nonsense,NM_002834.5(PTPN11):c.235C>T (p.Gln79Ter),chr12,PTPN11,NM_002834.5,79,CAG,UAG,-12.746330219410904,normal
CBGE,nonsense,NM_002834.5(PTPN11):c.259C>T (p.Gln87Ter),chr12,PTPN11,NM_002834.5,87,CAA,UAA,-10.75397874400823,normal
CBGE,nonsense,NM_002834.5(PTPN11):c.640C>T (p.Gln214Ter),chr12,PTPN11,NM_002834.5,214,CAG,UAG,-10.885078402607846,normal
CBGE,nonsense,NM_002834.5(PTPN11):c.733C>T (p.Gln245Ter),chr12,PTPN11,NM_002834.5,245,CAA,UAA,-11.137641886089945,normal
CBGE,nonsense,NM_002834.5(PTPN11):c.991C>T (p.Gln331Ter),chr12,PTPN11,NM_002834.5,331,CAA,UAA,-12.001545930841685,normal
CBGE,nonsense,NM_002838.5(PTPRC):c.1402C>T (p.Gln468Ter),chr1,PTPRC,NM_002838.5,468,CAA,UAA,-10.193647344637192,gof
CBGE,nonsense,NM_002838.5(PTPRC):c.2257C>T (p.Arg753Ter),chr1,PTPRC,NM_002838.5,753,CGA,UGA,-10.518167531304396,lof
CBGE,nonsense,NM_002838.5(PTPRC):c.250C>T (p.Gln84Ter),chr1,PTPRC,NM_002838.5,84,CAA,UAA,-10.279476123774542,normal
CBGE,nonsense,NM_002838.5(PTPRC):c.2668C>T (p.Arg890Ter),chr1,PTPRC,NM_002838.5,890,CGA,UGA,-11.31174095895654,normal
CBGE,nonsense,NM_002838.5(PTPRC):c.2671C>T (p.Gln891Ter),chr1,PTPRC,NM_002838.5,891,CAG,UAG,-13.867344814658932,normal
CBGE,nonsense,NM_002838.5(PTPRC):c.2701C>T (p.Gln901Ter),chr1,PTPRC,NM_002838.5,901,CAG,UAG,-12.983771313649225,normal
CBGE,nonsense,NM_002838.5(PTPRC):c.3205C>T (p.Gln1069Ter),chr1,PTPRC,NM_002838.5,1069,CAG,UAG,-10.456674508182486,normal
CBGE,nonsense,NM_002838.5(PTPRC):c.3220C>T (p.Gln1074Ter),chr1,PTPRC,NM_002838.5,1074,CAG,UAG,-12.074056582191108,normal
CBGE,nonsense,NM_002838.5(PTPRC):c.3241C>T (p.Gln1081Ter),chr1,PTPRC,NM_002838.5,1081,CAA,UAA,-9.854136462413145,normal
CBGE,nonsense,NM_002838.5(PTPRC):c.3520C>T (p.Gln1174Ter),chr1,PTPRC,NM_002838.5,1174,CAG,UAG,-9.464617735142236,normal
CBGE,nonsense,NM_002838.5(PTPRC):c.373C>T (p.Gln125Ter),chr1,PTPRC,NM_002838.5,125,CAG,UAG,-11.477304498003882,normal
CBGE,nonsense,NM_002872.5(RAC2):c.421C>T (p.Gln141Ter),chr22,RAC2,NM_002872.5,141,CAG,UAG,-12.54434391074681,lof
CBGE,nonsense,NM_002872.5(RAC2):c.4C>T (p.Gln2Ter),chr22,RAC2,NM_002872.5,2,CAG,UAG,-9.997079932711094,lof
CBGE,nonsense,NM_002890.3(RASA1):c.1222C>T (p.Gln408Ter),chr5,RASA1,NM_002890.3,408,CAG,UAG,-11.063648194450607,normal
CBGE,nonsense,NM_002890.3(RASA1):c.1534C>T (p.Arg512Ter),chr5,RASA1,NM_002890.3,512,CGA,UGA,-9.57042591893206,normal
CBGE,nonsense,NM_002890.3(RASA1):c.1717C>T (p.Gln573Ter),chr5,RASA1,NM_002890.3,573,CAG,UAG,-10.902210230969391,normal
CBGE,nonsense,NM_002890.3(RASA1):c.1774C>T (p.Gln592Ter),chr5,RASA1,NM_002890.3,592,CAG,UAG,-10.258815761494276,normal
CBGE,nonsense,NM_002890.3(RASA1):c.1900C>T (p.Gln634Ter),chr5,RASA1,NM_002890.3,634,CAA,UAA,-9.423181462612238,normal
CBGE,nonsense,NM_002890.3(RASA1):c.2026C>T (p.Gln676Ter),chr5,RASA1,NM_002890.3,676,CAG,UAG,-9.99943540200509,normal
CBGE,nonsense,NM_002890.3(RASA1):c.2035C>T (p.Arg679Ter),chr5,RASA1,NM_002890.3,679,CGA,UGA,-9.926796897305726,normal
CBGE,nonsense,NM_002890.3(RASA1):c.2066G>A (p.Trp689Ter),chr5,RASA1,NM_002890.3,689,UGG,UAG,-15.690195074436335,normal
CBGE,nonsense,NM_002890.3(RASA1):c.2067G>A (p.Trp689Ter),chr5,RASA1,NM_002890.3,689,UGG,UGA,-15.633542999000076,normal
CBGE,nonsense,NM_002890.3(RASA1):c.2125C>T (p.Arg709Ter),chr5,RASA1,NM_002890.3,709,CGA,UGA,-10.691278443210912,normal
CBGE,nonsense,NM_002890.3(RASA1):c.2131C>T (p.Arg711Ter),chr5,RASA1,NM_002890.3,711,CGA,UGA,-10.909401348512716,normal
CBGE,nonsense,NM_002890.3(RASA1):c.2239C>T (p.Gln747Ter),chr5,RASA1,NM_002890.3,747,CAA,UAA,-10.814953798435514,normal
CBGE,nonsense,NM_002890.3(RASA1):c.2245C>T (p.Arg749Ter),chr5,RASA1,NM_002890.3,749,CGA,UGA,-10.676946615528935,normal
CBGE,nonsense,NM_002890.3(RASA1):c.2476C>T (p.Gln826Ter),chr5,RASA1,NM_002890.3,826,CAG,UAG,-10.97394564667404,normal
CBGE,nonsense,NM_002890.3(RASA1):c.2644C>T (p.Gln882Ter),chr5,RASA1,NM_002890.3,882,CAG,UAG,-12.665523491686194,normal
CBGE,nonsense,NM_002890.3(RASA1):c.2812C>T (p.Gln938Ter),chr5,RASA1,NM_002890.3,938,CAG,UAG,-13.699279862139752,normal
CBGE,nonsense,NM_002890.3(RASA1):c.3028C>T (p.Arg1010Ter),chr5,RASA1,NM_002890.3,1010,CGA,UGA,-10.57251263916298,normal
CBGE,nonsense,NM_002890.3(RASA1):c.3055C>T (p.Gln1019Ter),chr5,RASA1,NM_002890.3,1019,CAG,UAG,-10.595655441855424,normal
CBGE,nonsense,NM_002938.5(RNF4):c.43C>T (p.Gln15Ter),chr4,RNF4,NM_002938.5,15,CAA,UAA,-10.836584118665408,normal
CBGE,nonsense,NM_002938.5(RNF4):c.49C>T (p.Gln17Ter),chr4,RNF4,NM_002938.5,17,CAG,UAG,-11.630392069383948,normal
CBGE,nonsense,NM_002948.5(RPL15):c.12C>A (p.Tyr4Ter),chr3,RPL15,NM_002948.5,4,UAC,UAA,-16.04922868264067,lof
CBGE,nonsense,NM_002948.5(RPL15):c.12C>G (p.Tyr4Ter),chr3,RPL15,NM_002948.5,4,UAC,UAG,-16.206304466560614,lof
CBGE,nonsense,NM_002948.5(RPL15):c.139A>T (p.Lys47Ter),chr3,RPL15,NM_002948.5,47,AAA,UAA,-15.691165946198876,lof
CBGE,nonsense,NM_002948.5(RPL15):c.13A>T (p.Lys5Ter),chr3,RPL15,NM_002948.5,5,AAG,UAG,-17.04559512976432,lof
CBGE,nonsense,NM_002948.5(RPL15):c.148C>T (p.Arg50Ter),chr3,RPL15,NM_002948.5,50,CGA,UGA,-12.662195215005132,lof
CBGE,nonsense,NM_002948.5(RPL15):c.159C>A (p.Tyr53Ter),chr3,RPL15,NM_002948.5,53,UAC,UAA,-14.585698091507965,lof
CBGE,nonsense,NM_002948.5(RPL15):c.159C>G (p.Tyr53Ter),chr3,RPL15,NM_002948.5,53,UAC,UAG,-14.770941727857018,lof
CBGE,nonsense,NM_002948.5(RPL15):c.160A>T (p.Lys54Ter),chr3,RPL15,NM_002948.5,54,AAG,UAG,-16.490112269482278,lof
CBGE,nonsense,NM_002948.5(RPL15):c.166A>T (p.Lys56Ter),chr3,RPL15,NM_002948.5,56,AAG,UAG,-16.557416895625284,lof
CBGE,nonsense,NM_002948.5(RPL15):c.169C>T (p.Gln57Ter),chr3,RPL15,NM_002948.5,57,CAA,UAA,-11.73012634633558,lof
CBGE,nonsense,NM_002948.5(RPL15):c.18C>A (p.Tyr6Ter),chr3,RPL15,NM_002948.5,6,UAC,UAA,-15.669596606065356,lof
CBGE,nonsense,NM_002948.5(RPL15):c.18C>G (p.Tyr6Ter),chr3,RPL15,NM_002948.5,6,UAC,UAG,-15.921735816117124,lof
CBGE,nonsense,NM_002948.5(RPL15):c.22C>T (p.Gln8Ter),chr3,RPL15,NM_002948.5,8,CAG,UAG,-13.8569450407802,lof
CBGE,nonsense,NM_002948.5(RPL15):c.25G>T (p.Glu9Ter),chr3,RPL15,NM_002948.5,9,GAG,UAG,-16.32258409171795,lof
CBGE,nonsense,NM_002948.5(RPL15):c.32G>A (p.Trp11Ter),chr3,RPL15,NM_002948.5,11,UGG,UAG,-15.15370563777272,lof
CBGE,nonsense,NM_002948.5(RPL15):c.33G>A (p.Trp11Ter),chr3,RPL15,NM_002948.5,11,UGG,UGA,-15.464429788570593,lof
CBGE,nonsense,NM_002948.5(RPL15):c.34A>T (p.Arg12Ter),chr3,RPL15,NM_002948.5,12,AGA,UGA,-13.654942505968732,lof
CBGE,nonsense,NM_002948.5(RPL15):c.37A>T (p.Lys13Ter),chr3,RPL15,NM_002948.5,13,AAG,UAG,-16.7393569724647,lof
CBGE,nonsense,NM_002948.5(RPL15):c.40A>T (p.Lys14Ter),chr3,RPL15,NM_002948.5,14,AAG,UAG,-18.51015665023729,lof
CBGE,nonsense,NM_002948.5(RPL15):c.43C>T (p.Gln15Ter),chr3,RPL15,NM_002948.5,15,CAG,UAG,-14.814012510910189,lof
CBGE,nonsense,NM_002948.5(RPL15):c.81C>A (p.Cys27Ter),chr3,RPL15,NM_002948.5,27,UGC,UGA,-13.493366182439908,lof
CBGE,nonsense,NM_002948.5(RPL15):c.83G>A (p.Trp28Ter),chr3,RPL15,NM_002948.5,28,UGG,UAG,-15.537588131768988,lof
CBGE,nonsense,NM_002948.5(RPL15):c.84G>A (p.Trp28Ter),chr3,RPL15,NM_002948.5,28,UGG,UGA,-15.366952861728851,lof
CBGE,nonsense,NM_002948.5(RPL15):c.85C>T (p.Gln29Ter),chr3,RPL15,NM_002948.5,29,CAG,UAG,-12.289957076800144,lof
CBGE,nonsense,NM_002948.5(RPL15):c.90C>A (p.Tyr30Ter),chr3,RPL15,NM_002948.5,30,UAC,UAA,-15.267536163004792,lof
CBGE,nonsense,NM_002948.5(RPL15):c.90C>G (p.Tyr30Ter),chr3,RPL15,NM_002948.5,30,UAC,UAG,-15.11807053758236,lof
CBGE,nonsense,NM_002948.5(RPL15):c.94C>T (p.Gln32Ter),chr3,RPL15,NM_002948.5,32,CAG,UAG,-15.655458405075112,lof
CBGE,nonsense,NM_003037.5(SLAMF1):c.674G>A (p.Trp225Ter),chr1,SLAMF1,NM_003037.5,225,UGG,UAG,-11.875565475828145,normal
CBGE,nonsense,NM_003037.5(SLAMF1):c.675G>A (p.Trp225Ter),chr1,SLAMF1,NM_003037.5,225,UGG,UGA,-11.472692433231453,normal
CBGE,nonsense,NM_003037.5(SLAMF1):c.713G>A (p.Trp238Ter),chr1,SLAMF1,NM_003037.5,238,UGG,UAG,-13.70094490857602,normal
CBGE,nonsense,NM_003037.5(SLAMF1):c.714G>A (p.Trp238Ter),chr1,SLAMF1,NM_003037.5,238,UGG,UGA,-13.712932563118889,normal
CBGE,nonsense,NM_003072.5(SMARCA4):c.1012C>T (p.Gln338Ter),chr19,SMARCA4,NM_003072.5,338,CAG,UAG,-12.023658767925204,normal
CBGE,nonsense,NM_003072.5(SMARCA4):c.1333C>T (p.Gln445Ter),chr19,SMARCA4,NM_003072.5,445,CAG,UAG,-11.530832225419738,normal
CBGE,nonsense,NM_003072.5(SMARCA4):c.1783C>T (p.Gln595Ter),chr19,SMARCA4,NM_003072.5,595,CAG,UAG,-11.048713633957684,normal
CBGE,nonsense,NM_003072.5(SMARCA4):c.1831C>T (p.Gln611Ter),chr19,SMARCA4,NM_003072.5,611,CAG,UAG,-10.80869110831325,normal
CBGE,nonsense,NM_003072.5(SMARCA4):c.1925G>A (p.Trp642Ter),chr19,SMARCA4,NM_003072.5,642,UGG,UAG,-13.442320698027045,normal
CBGE,nonsense,NM_003072.5(SMARCA4):c.2959C>T (p.Gln987Ter),chr19,SMARCA4,NM_003072.5,987,CAG,UAG,-11.381443113358673,normal
CBGE,nonsense,NM_003072.5(SMARCA4):c.3676C>T (p.Gln1226Ter),chr19,SMARCA4,NM_003072.5,1226,CAG,UAG,-12.19339559503972,normal
CBGE,nonsense,NM_003072.5(SMARCA4):c.4459C>T (p.Gln1487Ter),chr19,SMARCA4,NM_003072.5,1487,CAG,UAG,-13.010913781292546,normal
CBGE,nonsense,NM_003072.5(SMARCA4):c.4903C>T (p.Gln1635Ter),chr19,SMARCA4,NM_003072.5,1635,CAA,UAA,-8.390417796570897,normal
CBGE,nonsense,NM_003072.5(SMARCA4):c.991C>T (p.Gln331Ter),chr19,SMARCA4,NM_003072.5,331,CAG,UAG,-11.750559742045056,normal
CBGE,nonsense,NM_003151.4(STAT4):c.1117C>T (p.Arg373Ter),chr2,STAT4,NM_003151.4,373,CGA,UGA,-9.18412017660565,normal
CBGE,nonsense,NM_003151.4(STAT4):c.1198C>T (p.Arg400Ter),chr2,STAT4,NM_003151.4,400,CGA,UGA,-9.16947081798308,normal
CBGE,nonsense,NM_003151.4(STAT4):c.129G>A (p.Trp43Ter),chr2,STAT4,NM_003151.4,43,UGG,UGA,-12.045133535083515,normal
CBGE,nonsense,NM_003151.4(STAT4):c.1300C>T (p.Gln434Ter),chr2,STAT4,NM_003151.4,434,CAG,UAG,-10.651436794319329,normal
CBGE,nonsense,NM_003151.4(STAT4):c.1375C>T (p.Gln459Ter),chr2,STAT4,NM_003151.4,459,CAG,UAG,-10.40502264781977,normal
CBGE,nonsense,NM_003151.4(STAT4):c.1391G>A (p.Trp464Ter),chr2,STAT4,NM_003151.4,464,UGG,UAG,-11.524578055085732,normal
CBGE,nonsense,NM_003151.4(STAT4):c.1392G>A (p.Trp464Ter),chr2,STAT4,NM_003151.4,464,UGG,UGA,-11.40975561502063,normal
CBGE,nonsense,NM_003151.4(STAT4):c.1407G>A (p.Trp469Ter),chr2,STAT4,NM_003151.4,469,UGG,UGA,-11.622418409158133,normal
CBGE,nonsense,NM_003151.4(STAT4):c.1540C>T (p.Gln514Ter),chr2,STAT4,NM_003151.4,514,CAA,UAA,-11.251508653818082,normal
CBGE,nonsense,NM_003151.4(STAT4):c.1573C>T (p.Gln525Ter),chr2,STAT4,NM_003151.4,525,CAA,UAA,-10.681392646566792,normal
CBGE,nonsense,NM_003151.4(STAT4):c.1652G>A (p.Trp551Ter),chr2,STAT4,NM_003151.4,551,UGG,UAG,-11.67739582559472,normal
CBGE,nonsense,NM_003151.4(STAT4):c.1658G>A (p.Trp553Ter),chr2,STAT4,NM_003151.4,553,UGG,UAG,-11.74210162278733,normal
CBGE,nonsense,NM_003151.4(STAT4):c.1659G>A (p.Trp553Ter),chr2,STAT4,NM_003151.4,553,UGG,UGA,-11.42822452281168,normal
CBGE,nonsense,NM_003151.4(STAT4):c.172C>T (p.Gln58Ter),chr2,STAT4,NM_003151.4,58,CAA,UAA,-11.079299890381687,normal
CBGE,nonsense,NM_003151.4(STAT4):c.1927C>T (p.Arg643Ter),chr2,STAT4,NM_003151.4,643,CGA,UGA,-9.400174169694225,normal
CBGE,nonsense,NM_003151.4(STAT4):c.25C>T (p.Gln9Ter),chr2,STAT4,NM_003151.4,9,CAG,UAG,-11.457087549613624,normal
CBGE,nonsense,NM_003151.4(STAT4):c.502C>T (p.Gln168Ter),chr2,STAT4,NM_003151.4,168,CAA,UAA,-10.342418605151463,normal
CBGE,nonsense,NM_003151.4(STAT4):c.577C>T (p.Gln193Ter),chr2,STAT4,NM_003151.4,193,CAG,UAG,-10.923713645960628,normal
CBGE,nonsense,NM_003151.4(STAT4):c.724C>T (p.Gln242Ter),chr2,STAT4,NM_003151.4,242,CAG,UAG,-11.73236469840542,normal
CBGE,nonsense,NM_003151.4(STAT4):c.727C>T (p.Gln243Ter),chr2,STAT4,NM_003151.4,243,CAA,UAA,-11.475526787412775,normal
CBGE,nonsense,NM_003151.4(STAT4):c.769C>T (p.Gln257Ter),chr2,STAT4,NM_003151.4,257,CAG,UAG,-11.501780490901847,normal
CBGE,nonsense,NM_003151.4(STAT4):c.811C>T (p.Gln271Ter),chr2,STAT4,NM_003151.4,271,CAA,UAA,-11.210210814786585,normal
CBGE,nonsense,NM_003151.4(STAT4):c.823C>T (p.Gln275Ter),chr2,STAT4,NM_003151.4,275,CAA,UAA,-11.295648566722502,normal
CBGE,nonsense,NM_003151.4(STAT4):c.985C>T (p.Gln329Ter),chr2,STAT4,NM_003151.4,329,CAG,UAG,-10.579374311915617,normal
CBGE,nonsense,NM_003153.5(STAT6):c.109C>T (p.Gln37Ter),chr12,STAT6,NM_003153.5,37,CAG,UAG,-11.239823310426248,normal
CBGE,nonsense,NM_003153.5(STAT6):c.117G>A (p.Trp39Ter),chr12,STAT6,NM_003153.5,39,UGG,UGA,-11.235111275162648,normal
CBGE,nonsense,NM_003153.5(STAT6):c.11G>A (p.Trp4Ter),chr12,STAT6,NM_003153.5,4,UGG,UAG,-11.74421592957832,normal
CBGE,nonsense,NM_003153.5(STAT6):c.12G>A (p.Trp4Ter),chr12,STAT6,NM_003153.5,4,UGG,UGA,-11.60404963307674,normal
CBGE,nonsense,NM_003153.5(STAT6):c.1477C>T (p.Gln493Ter),chr12,STAT6,NM_003153.5,493,CAG,UAG,-11.14958094763129,normal
CBGE,nonsense,NM_003153.5(STAT6):c.1496G>A (p.Trp499Ter),chr12,STAT6,NM_003153.5,499,UGG,UAG,-12.956020267735928,normal
CBGE,nonsense,NM_003153.5(STAT6):c.1497G>A (p.Trp499Ter),chr12,STAT6,NM_003153.5,499,UGG,UGA,-12.630349150749176,normal
CBGE,nonsense,NM_003153.5(STAT6):c.184C>T (p.Gln62Ter),chr12,STAT6,NM_003153.5,62,CAG,UAG,-11.68815984326984,normal
CBGE,nonsense,NM_003153.5(STAT6):c.1897C>T (p.Gln633Ter),chr12,STAT6,NM_003153.5,633,CAG,UAG,-10.761408689234331,normal
CBGE,nonsense,NM_003153.5(STAT6):c.193C>T (p.Gln65Ter),chr12,STAT6,NM_003153.5,65,CAG,UAG,-10.701755490607775,normal
CBGE,nonsense,NM_003153.5(STAT6):c.211C>T (p.Gln71Ter),chr12,STAT6,NM_003153.5,71,CAG,UAG,-10.700736942290922,normal
CBGE,nonsense,NM_003153.5(STAT6):c.2170C>T (p.Gln724Ter),chr12,STAT6,NM_003153.5,724,CAG,UAG,-11.877605423373604,normal
CBGE,nonsense,NM_003153.5(STAT6):c.2344C>T (p.Gln782Ter),chr12,STAT6,NM_003153.5,782,CAG,UAG,-10.860927538458505,normal
CBGE,nonsense,NM_003153.5(STAT6):c.2354G>A (p.Trp785Ter),chr12,STAT6,NM_003153.5,785,UGG,UAG,-11.858764691528217,normal
CBGE,nonsense,NM_003153.5(STAT6):c.2428C>T (p.Gln810Ter),chr12,STAT6,NM_003153.5,810,CAA,UAA,-10.5803375037686,normal
CBGE,nonsense,NM_003153.5(STAT6):c.2540G>A (p.Trp847Ter),chr12,STAT6,NM_003153.5,847,UGG,UAG,-12.119491503790709,normal
CBGE,nonsense,NM_003153.5(STAT6):c.2541G>A (p.Trp847Ter),chr12,STAT6,NM_003153.5,847,UGG,UGA,-12.04564570020209,normal
CBGE,nonsense,NM_003153.5(STAT6):c.301C>T (p.Gln101Ter),chr12,STAT6,NM_003153.5,101,CAA,UAA,-10.61889270937684,normal
CBGE,nonsense,NM_003153.5(STAT6):c.454C>T (p.Gln152Ter),chr12,STAT6,NM_003153.5,152,CAG,UAG,-11.976874287095413,lof
CBGE,nonsense,NM_003153.5(STAT6):c.550C>T (p.Gln184Ter),chr12,STAT6,NM_003153.5,184,CAG,UAG,-11.338880558913182,normal
CBGE,nonsense,NM_003153.5(STAT6):c.604C>T (p.Gln202Ter),chr12,STAT6,NM_003153.5,202,CAG,UAG,-12.411126092164732,normal
CBGE,nonsense,NM_003153.5(STAT6):c.619C>T (p.Gln207Ter),chr12,STAT6,NM_003153.5,207,CAG,UAG,-12.385337851744907,normal
CBGE,nonsense,NM_003153.5(STAT6):c.673C>T (p.Gln225Ter),chr12,STAT6,NM_003153.5,225,CAG,UAG,-11.33753586478342,normal
CBGE,nonsense,NM_003153.5(STAT6):c.70C>T (p.Gln24Ter),chr12,STAT6,NM_003153.5,24,CAA,UAA,-10.327244870657802,normal
CBGE,nonsense,NM_003153.5(STAT6):c.718C>T (p.Gln240Ter),chr12,STAT6,NM_003153.5,240,CAG,UAG,-11.333127930314417,normal
CBGE,nonsense,NM_003153.5(STAT6):c.832C>T (p.Gln278Ter),chr12,STAT6,NM_003153.5,278,CAG,UAG,-11.14953419469152,normal
CBGE,nonsense,NM_003153.5(STAT6):c.856C>T (p.Gln286Ter),chr12,STAT6,NM_003153.5,286,CAG,UAG,-10.61806110481202,normal
CBGE,nonsense,NM_003153.5(STAT6):c.982C>T (p.Gln328Ter),chr12,STAT6,NM_003153.5,328,CAG,UAG,-9.548999755185015,normal
CBGE,nonsense,NM_003161.4(RPS6KB1):c.1039C>T (p.Gln347Ter),chr17,RPS6KB1,NM_003161.4,347,CAA,UAA,-8.570045516240487,normal
CBGE,nonsense,NM_003161.4(RPS6KB1):c.1120C>T (p.Gln374Ter),chr17,RPS6KB1,NM_003161.4,374,CAA,UAA,-10.021952650106966,normal
CBGE,nonsense,NM_003161.4(RPS6KB1):c.1297C>T (p.Arg433Ter),chr17,RPS6KB1,NM_003161.4,433,CGA,UGA,-10.677278518429492,normal
CBGE,nonsense,NM_003161.4(RPS6KB1):c.1306C>T (p.Arg436Ter),chr17,RPS6KB1,NM_003161.4,436,CGA,UGA,-11.314975672099786,normal
CBGE,nonsense,NM_003161.4(RPS6KB1):c.1327C>T (p.Arg443Ter),chr17,RPS6KB1,NM_003161.4,443,CGA,UGA,-10.896981179917738,normal
CBGE,nonsense,NM_003161.4(RPS6KB1):c.1370G>A (p.Trp457Ter),chr17,RPS6KB1,NM_003161.4,457,UGG,UAG,-11.831983572134204,normal
CBGE,nonsense,NM_003161.4(RPS6KB1):c.1371G>A (p.Trp457Ter),chr17,RPS6KB1,NM_003161.4,457,UGG,UGA,-11.263530731196663,normal
CBGE,nonsense,NM_003161.4(RPS6KB1):c.1405C>T (p.Gln469Ter),chr17,RPS6KB1,NM_003161.4,469,CAG,UAG,-11.056927608484964,normal
CBGE,nonsense,NM_003161.4(RPS6KB1):c.145C>T (p.Gln49Ter),chr17,RPS6KB1,NM_003161.4,49,CAG,UAG,-10.107767138166563,normal
CBGE,nonsense,NM_003161.4(RPS6KB1):c.1495C>T (p.Arg499Ter),chr17,RPS6KB1,NM_003161.4,499,CGA,UGA,-10.449704177896413,normal
CBGE,nonsense,NM_003161.4(RPS6KB1):c.1498C>T (p.Gln500Ter),chr17,RPS6KB1,NM_003161.4,500,CAG,UAG,-11.262580834558015,normal
CBGE,nonsense,NM_003161.4(RPS6KB1):c.319C>T (p.Gln107Ter),chr17,RPS6KB1,NM_003161.4,107,CAA,UAA,-9.151294683612935,normal
CBGE,nonsense,NM_003161.4(RPS6KB1):c.325C>T (p.Arg109Ter),chr17,RPS6KB1,NM_003161.4,109,CGA,UGA,-11.965637201581725,normal
CBGE,nonsense,NM_003177.7(SYK):c.1009C>T (p.Gln337Ter),chr9,SYK,NM_003177.7,337,CAG,UAG,-11.587032316906257,normal
CBGE,nonsense,NM_003177.7(SYK):c.1099C>T (p.Arg367Ter),chr9,SYK,NM_003177.7,367,CGA,UGA,-9.74507238420293,normal
CBGE,nonsense,NM_003177.7(SYK):c.1332G>A (p.Trp444Ter),chr9,SYK,NM_003177.7,444,UGG,UGA,-11.371471348939927,normal
CBGE,nonsense,NM_003177.7(SYK):c.1384C>T (p.Gln462Ter),chr9,SYK,NM_003177.7,462,CAG,UAG,-10.986253817461552,normal
CBGE,nonsense,NM_003177.7(SYK):c.1429C>T (p.Gln477Ter),chr9,SYK,NM_003177.7,477,CAG,UAG,-11.77411941083315,normal
CBGE,nonsense,NM_003177.7(SYK):c.1585C>T (p.Gln529Ter),chr9,SYK,NM_003177.7,529,CAG,UAG,-11.078890762158617,normal
CBGE,nonsense,NM_003177.7(SYK):c.1667G>A (p.Trp556Ter),chr9,SYK,NM_003177.7,556,UGG,UAG,-13.544861780001767,normal
CBGE,nonsense,NM_003177.7(SYK):c.1668G>A (p.Trp556Ter),chr9,SYK,NM_003177.7,556,UGG,UGA,-13.13547040640482,normal
CBGE,nonsense,NM_003177.7(SYK):c.280C>T (p.Gln94Ter),chr9,SYK,NM_003177.7,94,CAG,UAG,-11.12872413844931,normal
CBGE,nonsense,NM_003177.7(SYK):c.331C>T (p.Gln111Ter),chr9,SYK,NM_003177.7,111,CAA,UAA,-10.831126139291722,normal
CBGE,nonsense,NM_003177.7(SYK):c.340C>T (p.Gln114Ter),chr9,SYK,NM_003177.7,114,CAG,UAG,-11.523862870528465,normal
CBGE,nonsense,NM_003177.7(SYK):c.400C>T (p.Gln134Ter),chr9,SYK,NM_003177.7,134,CAG,UAG,-12.0361938962078,normal
CBGE,nonsense,NM_003177.7(SYK):c.421C>T (p.Gln141Ter),chr9,SYK,NM_003177.7,141,CAG,UAG,-11.392972926170206,normal
CBGE,nonsense,NM_003177.7(SYK):c.448C>T (p.Gln150Ter),chr9,SYK,NM_003177.7,150,CAG,UAG,-11.58201600589664,normal
CBGE,nonsense,NM_003177.7(SYK):c.538C>T (p.Gln180Ter),chr9,SYK,NM_003177.7,180,CAA,UAA,-12.094819046867574,normal
CBGE,nonsense,NM_003177.7(SYK):c.583C>T (p.Arg195Ter),chr9,SYK,NM_003177.7,195,CGA,UGA,-12.015665055617948,normal
CBGE,nonsense,NM_003177.7(SYK):c.778C>T (p.Gln260Ter),chr9,SYK,NM_003177.7,260,CAA,UAA,-10.587862999993282,normal
CBGE,nonsense,NM_003177.7(SYK):c.851G>A (p.Trp284Ter),chr9,SYK,NM_003177.7,284,UGG,UAG,-11.129705495700335,normal
CBGE,nonsense,NM_003177.7(SYK):c.852G>A (p.Trp284Ter),chr9,SYK,NM_003177.7,284,UGG,UGA,-10.860687224318362,normal
CBGE,nonsense,NM_003177.7(SYK):c.91C>T (p.Gln31Ter),chr9,SYK,NM_003177.7,31,CAG,UAG,-12.981375683896635,normal
CBGE,nonsense,NM_003202.5(TCF7):c.1060C>T (p.Gln354Ter),chr5,TCF7,NM_003202.5,354,CAA,UAA,-11.325801873309697,normal
CBGE,nonsense,NM_003202.5(TCF7):c.274C>T (p.Gln92Ter),chr5,TCF7,NM_003202.5,92,CAG,UAG,-11.423559174048604,normal
CBGE,nonsense,NM_003202.5(TCF7):c.424C>T (p.Gln142Ter),chr5,TCF7,NM_003202.5,142,CAG,UAG,-12.334999077775755,normal
CBGE,nonsense,NM_003202.5(TCF7):c.430C>T (p.Gln144Ter),chr5,TCF7,NM_003202.5,144,CAG,UAG,-12.638604178808212,normal
CBGE,nonsense,NM_003202.5(TCF7):c.454C>T (p.Gln152Ter),chr5,TCF7,NM_003202.5,152,CAG,UAG,-11.513988517952328,normal
CBGE,nonsense,NM_003202.5(TCF7):c.538C>T (p.Gln180Ter),chr5,TCF7,NM_003202.5,180,CAG,UAG,-11.54099366459259,normal
CBGE,nonsense,NM_003202.5(TCF7):c.544C>T (p.Gln182Ter),chr5,TCF7,NM_003202.5,182,CAA,UAA,-10.9014243655444,normal
CBGE,nonsense,NM_003202.5(TCF7):c.562C>T (p.Gln188Ter),chr5,TCF7,NM_003202.5,188,CAG,UAG,-12.412963835053578,normal
CBGE,nonsense,NM_003202.5(TCF7):c.635G>A (p.Trp212Ter),chr5,TCF7,NM_003202.5,212,UGG,UAG,-10.917163580212089,normal
CBGE,nonsense,NM_003202.5(TCF7):c.79C>T (p.Gln27Ter),chr5,TCF7,NM_003202.5,27,CAG,UAG,-9.866747939021112,normal
CBGE,nonsense,NM_003202.5(TCF7):c.7C>T (p.Gln3Ter),chr5,TCF7,NM_003202.5,3,CAG,UAG,-10.209920891988848,normal
CBGE,nonsense,NM_003202.5(TCF7):c.920G>A (p.Trp307Ter),chr5,TCF7,NM_003202.5,307,UGG,UAG,-14.394327155367703,normal
CBGE,nonsense,NM_003202.5(TCF7):c.921G>A (p.Trp307Ter),chr5,TCF7,NM_003202.5,307,UGG,UGA,-14.257635080419233,normal
CBGE,nonsense,NM_003202.5(TCF7):c.934C>T (p.Arg312Ter),chr5,TCF7,NM_003202.5,312,CGA,UGA,-9.670860192283955,normal
CBGE,nonsense,NM_003202.5(TCF7):c.943C>T (p.Gln315Ter),chr5,TCF7,NM_003202.5,315,CAG,UAG,-11.11338143357334,normal
CBGE,nonsense,NM_003202.5(TCF7):c.991C>T (p.Gln331Ter),chr5,TCF7,NM_003202.5,331,CAG,UAG,-14.183195156726605,normal
CBGE,nonsense,NM_003242.6(TGFBR2):c.1000C>T (p.Gln334Ter),chr3,TGFBR2,NM_003242.6,334,CAG,UAG,-10.276849756045175,normal
CBGE,nonsense,NM_003242.6(TGFBR2):c.1330C>T (p.Gln444Ter),chr3,TGFBR2,NM_003242.6,444,CAG,UAG,-12.506216969807143,normal
CBGE,nonsense,NM_003242.6(TGFBR2):c.1511G>A (p.Trp504Ter),chr3,TGFBR2,NM_003242.6,504,UGG,UAG,-15.17258452434253,normal
CBGE,nonsense,NM_003242.6(TGFBR2):c.1512G>A (p.Trp504Ter),chr3,TGFBR2,NM_003242.6,504,UGG,UGA,-14.91522978550718,normal
CBGE,nonsense,NM_003242.6(TGFBR2):c.241C>T (p.Gln81Ter),chr3,TGFBR2,NM_003242.6,81,CAG,UAG,-10.659514378582603,normal
CBGE,nonsense,NM_003242.6(TGFBR2):c.583C>T (p.Gln195Ter),chr3,TGFBR2,NM_003242.6,195,CAG,UAG,-12.782587946384286,normal
CBGE,nonsense,NM_003242.6(TGFBR2):c.808C>T (p.Gln270Ter),chr3,TGFBR2,NM_003242.6,270,CAG,UAG,-11.572485927682274,normal
CBGE,nonsense,NM_003327.4(TNFRSF4):c.289C>T (p.Gln97Ter),chr1,TNFRSF4,NM_003327.4,97,CAG,UAG,-12.684680927863475,normal
CBGE,nonsense,NM_003327.4(TNFRSF4):c.415C>T (p.Gln139Ter),chr1,TNFRSF4,NM_003327.4,139,CAG,UAG,-12.533854475024986,normal
CBGE,nonsense,NM_003327.4(TNFRSF4):c.431G>A (p.Trp144Ter),chr1,TNFRSF4,NM_003327.4,144,UGG,UAG,-11.628269201381618,normal
CBGE,nonsense,NM_003327.4(TNFRSF4):c.432G>A (p.Trp144Ter),chr1,TNFRSF4,NM_003327.4,144,UGG,UGA,-10.790653206313667,normal
CBGE,nonsense,NM_003327.4(TNFRSF4):c.466C>T (p.Gln156Ter),chr1,TNFRSF4,NM_003327.4,156,CAG,UAG,-11.591926642331044,normal
CBGE,nonsense,NM_003327.4(TNFRSF4):c.538C>T (p.Gln180Ter),chr1,TNFRSF4,NM_003327.4,180,CAG,UAG,-12.520003317662216,normal
CBGE,nonsense,NM_003327.4(TNFRSF4):c.568C>T (p.Gln190Ter),chr1,TNFRSF4,NM_003327.4,190,CAG,UAG,-12.75230694944164,normal
CBGE,nonsense,NM_003327.4(TNFRSF4):c.790C>T (p.Gln264Ter),chr1,TNFRSF4,NM_003327.4,264,CAA,UAA,-8.832890501667613,normal
CBGE,nonsense,NM_003331.5(TYK2):c.101G>A (p.Trp34Ter),chr19,TYK2,NM_003331.5,34,UGG,UAG,-13.68738555311778,normal
CBGE,nonsense,NM_003331.5(TYK2):c.102G>A (p.Trp34Ter),chr19,TYK2,NM_003331.5,34,UGG,UGA,-13.027082485058685,normal
CBGE,nonsense,NM_003331.5(TYK2):c.1042C>T (p.Gln348Ter),chr19,TYK2,NM_003331.5,348,CAA,UAA,-8.943553260854992,normal
CBGE,nonsense,NM_003331.5(TYK2):c.1090C>T (p.Gln364Ter),chr19,TYK2,NM_003331.5,364,CAG,UAG,-10.961983675853798,normal
CBGE,nonsense,NM_003331.5(TYK2):c.1192C>T (p.Gln398Ter),chr19,TYK2,NM_003331.5,398,CAG,UAG,-11.201673516058891,normal
CBGE,nonsense,NM_003331.5(TYK2):c.128G>A (p.Trp43Ter),chr19,TYK2,NM_003331.5,43,UGG,UAG,-12.846562427251222,normal
CBGE,nonsense,NM_003331.5(TYK2):c.129G>A (p.Trp43Ter),chr19,TYK2,NM_003331.5,43,UGG,UGA,-12.251010834274243,normal
CBGE,nonsense,NM_003331.5(TYK2):c.1465C>T (p.Gln489Ter),chr19,TYK2,NM_003331.5,489,CAG,UAG,-11.186399447930746,normal
CBGE,nonsense,NM_003331.5(TYK2):c.1492C>T (p.Gln498Ter),chr19,TYK2,NM_003331.5,498,CAG,UAG,-11.066511124601217,normal
CBGE,nonsense,NM_003331.5(TYK2):c.1556G>A (p.Trp519Ter),chr19,TYK2,NM_003331.5,519,UGG,UAG,-12.4165640152488,normal
CBGE,nonsense,NM_003331.5(TYK2):c.1557G>A (p.Trp519Ter),chr19,TYK2,NM_003331.5,519,UGG,UGA,-11.598922728514957,normal
CBGE,nonsense,NM_003331.5(TYK2):c.1600C>T (p.Gln534Ter),chr19,TYK2,NM_003331.5,534,CAG,UAG,-12.270207434050764,normal
CBGE,nonsense,NM_003331.5(TYK2):c.1732C>T (p.Gln578Ter),chr19,TYK2,NM_003331.5,578,CAG,UAG,-12.441515010662428,normal
CBGE,nonsense,NM_003331.5(TYK2):c.1789C>T (p.Gln597Ter),chr19,TYK2,NM_003331.5,597,CAG,UAG,-12.62123870046704,normal
CBGE,nonsense,NM_003331.5(TYK2):c.1825C>T (p.Arg609Ter),chr19,TYK2,NM_003331.5,609,CGA,UGA,-9.82081223495168,normal
CBGE,nonsense,NM_003331.5(TYK2):c.1912C>T (p.Arg638Ter),chr19,TYK2,NM_003331.5,638,CGA,UGA,-10.020019496972967,normal
CBGE,nonsense,NM_003331.5(TYK2):c.1990C>T (p.Gln664Ter),chr19,TYK2,NM_003331.5,664,CAG,UAG,-14.122961075619564,normal
CBGE,nonsense,NM_003331.5(TYK2):c.2093G>A (p.Trp698Ter),chr19,TYK2,NM_003331.5,698,UGG,UAG,-13.844980223405589,normal
CBGE,nonsense,NM_003331.5(TYK2):c.2094G>A (p.Trp698Ter),chr19,TYK2,NM_003331.5,698,UGG,UGA,-13.7175159257409,normal
CBGE,nonsense,NM_003331.5(TYK2):c.238C>T (p.Gln80Ter),chr19,TYK2,NM_003331.5,80,CAG,UAG,-11.631301866061388,normal
CBGE,nonsense,NM_003331.5(TYK2):c.2482C>T (p.Gln828Ter),chr19,TYK2,NM_003331.5,828,CAG,UAG,-11.779231124693476,normal
CBGE,nonsense,NM_003331.5(TYK2):c.252G>A (p.Trp84Ter),chr19,TYK2,NM_003331.5,84,UGG,UGA,-12.81590078209039,normal
CBGE,nonsense,NM_003331.5(TYK2):c.2701C>T (p.Arg901Ter),chr19,TYK2,NM_003331.5,901,CGA,UGA,-12.091033951275792,normal
CBGE,nonsense,NM_003331.5(TYK2):c.2923C>T (p.Gln975Ter),chr19,TYK2,NM_003331.5,975,CAG,UAG,-11.81098748885359,normal
CBGE,nonsense,NM_003331.5(TYK2):c.406C>T (p.Gln136Ter),chr19,TYK2,NM_003331.5,136,CAG,UAG,-10.322969447384208,normal
CBGE,nonsense,NM_003331.5(TYK2):c.463C>T (p.Gln155Ter),chr19,TYK2,NM_003331.5,155,CAG,UAG,-11.265217792931844,normal
CBGE,nonsense,NM_003331.5(TYK2):c.754C>T (p.Gln252Ter),chr19,TYK2,NM_003331.5,252,CAG,UAG,-11.179016149435544,normal
CBGE,nonsense,NM_003331.5(TYK2):c.757C>T (p.Gln253Ter),chr19,TYK2,NM_003331.5,253,CAG,UAG,-11.540674181010663,normal
CBGE,nonsense,NM_003380.5(VIM):c.1027C>T (p.Gln343Ter),chr10,VIM,NM_003380.5,343,CAG,UAG,-12.548801450883898,normal
CBGE,nonsense,NM_003380.5(VIM):c.1108C>T (p.Gln370Ter),chr10,VIM,NM_003380.5,370,CAG,UAG,-11.469545399308831,normal
CBGE,nonsense,NM_003380.5(VIM):c.1357C>T (p.Gln453Ter),chr10,VIM,NM_003380.5,453,CAG,UAG,-10.794140843877116,normal
CBGE,nonsense,NM_003380.5(VIM):c.241C>T (p.Gln81Ter),chr10,VIM,NM_003380.5,81,CAG,UAG,-11.950587239515684,normal
CBGE,nonsense,NM_003380.5(VIM):c.376C>T (p.Gln126Ter),chr10,VIM,NM_003380.5,126,CAG,UAG,-8.526996620698007,normal
CBGE,nonsense,NM_003380.5(VIM):c.379C>T (p.Gln127Ter),chr10,VIM,NM_003380.5,127,CAG,UAG,-13.186489127584966,normal
CBGE,nonsense,NM_003380.5(VIM):c.421C>T (p.Gln141Ter),chr10,VIM,NM_003380.5,141,CAA,UAA,-11.299303000865738,normal
CBGE,nonsense,NM_003380.5(VIM):c.727C>T (p.Gln243Ter),chr10,VIM,NM_003380.5,243,CAG,UAG,-12.182226172322649,normal
CBGE,nonsense,NM_003380.5(VIM):c.736C>T (p.Gln246Ter),chr10,VIM,NM_003380.5,246,CAG,UAG,-11.943968695793007,normal
CBGE,nonsense,NM_003380.5(VIM):c.754C>T (p.Gln252Ter),chr10,VIM,NM_003380.5,252,CAG,UAG,-12.93950844439684,normal
CBGE,nonsense,NM_003380.5(VIM):c.763C>T (p.Gln255Ter),chr10,VIM,NM_003380.5,255,CAA,UAA,-10.391679802910168,normal
CBGE,nonsense,NM_003380.5(VIM):c.853C>T (p.Gln285Ter),chr10,VIM,NM_003380.5,285,CAG,UAG,-12.327075937968369,normal
CBGE,nonsense,NM_003380.5(VIM):c.940C>T (p.Gln314Ter),chr10,VIM,NM_003380.5,314,CAG,UAG,-13.30704116230988,normal
CBGE,nonsense,NM_003380.5(VIM):c.970C>T (p.Gln324Ter),chr10,VIM,NM_003380.5,324,CAG,UAG,-13.962433808857796,normal
CBGE,nonsense,NM_003559.5(PIP4K2B):c.143G>A (p.Trp48Ter),chr17,PIP4K2B,NM_003559.5,48,UGG,UAG,-11.092777204483848,normal
CBGE,nonsense,NM_003559.5(PIP4K2B):c.310C>T (p.Arg104Ter),chr17,PIP4K2B,NM_003559.5,104,CGA,UGA,-11.133180614523878,normal
CBGE,nonsense,NM_003559.5(PIP4K2B):c.343C>T (p.Gln115Ter),chr17,PIP4K2B,NM_003559.5,115,CAG,UAG,-10.06332016078334,normal
CBGE,nonsense,NM_003559.5(PIP4K2B):c.352C>T (p.Gln118Ter),chr17,PIP4K2B,NM_003559.5,118,CAG,UAG,-10.624097825663991,normal
CBGE,nonsense,NM_003559.5(PIP4K2B):c.544C>T (p.Gln182Ter),chr17,PIP4K2B,NM_003559.5,182,CAG,UAG,-11.60083579383264,normal
CBGE,nonsense,NM_003559.5(PIP4K2B):c.742C>T (p.Gln248Ter),chr17,PIP4K2B,NM_003559.5,248,CAG,UAG,-11.463236832799346,normal
CBGE,nonsense,NM_003559.5(PIP4K2B):c.817C>T (p.Gln273Ter),chr17,PIP4K2B,NM_003559.5,273,CAG,UAG,-12.549148560563832,normal
CBGE,nonsense,NM_003559.5(PIP4K2B):c.877C>T (p.Gln293Ter),chr17,PIP4K2B,NM_003559.5,293,CAG,UAG,-10.431877093126072,normal
CBGE,nonsense,NM_003559.5(PIP4K2B):c.91C>T (p.Gln31Ter),chr17,PIP4K2B,NM_003559.5,31,CAG,UAG,-11.5340976654618,normal
CBGE,nonsense,NM_003581.5(NCK2):c.701G>A (p.Trp234Ter),chr2,NCK2,NM_003581.5,234,UGG,UAG,-14.5513057746663,normal
CBGE,nonsense,NM_003581.5(NCK2):c.702G>A (p.Trp234Ter),chr2,NCK2,NM_003581.5,234,UGG,UGA,-13.883589708829849,normal
CBGE,nonsense,NM_003581.5(NCK2):c.704G>A (p.Trp235Ter),chr2,NCK2,NM_003581.5,235,UGG,UAG,-13.0612145486977,normal
CBGE,nonsense,NM_003581.5(NCK2):c.705G>A (p.Trp235Ter),chr2,NCK2,NM_003581.5,235,UGG,UGA,-12.675126159046757,normal
CBGE,nonsense,NM_003581.5(NCK2):c.802C>T (p.Gln268Ter),chr2,NCK2,NM_003581.5,268,CAG,UAG,-12.122973349996087,normal
CBGE,nonsense,NM_003590.5(CUL3):c.1102C>T (p.Gln368Ter),chr2,CUL3,NM_003590.5,368,CAA,UAA,-11.191816427295638,normal
CBGE,nonsense,NM_003590.5(CUL3):c.133C>T (p.Gln45Ter),chr2,CUL3,NM_003590.5,45,CAG,UAG,-10.074482003180782,gof
CBGE,nonsense,NM_003590.5(CUL3):c.1465C>T (p.Gln489Ter),chr2,CUL3,NM_003590.5,489,CAA,UAA,-11.315803504006476,normal
CBGE,nonsense,NM_003590.5(CUL3):c.1894C>T (p.Gln632Ter),chr2,CUL3,NM_003590.5,632,CAG,UAG,-11.93168644447019,gof
CBGE,nonsense,NM_003590.5(CUL3):c.2023C>T (p.Gln675Ter),chr2,CUL3,NM_003590.5,675,CAA,UAA,-11.014770490252948,normal
CBGE,nonsense,NM_003590.5(CUL3):c.2266C>T (p.Arg756Ter),chr2,CUL3,NM_003590.5,756,CGA,UGA,-12.666776666147513,normal
CBGE,nonsense,NM_003590.5(CUL3):c.307C>T (p.Gln103Ter),chr2,CUL3,NM_003590.5,103,CAA,UAA,-12.765726085323088,gof
CBGE,nonsense,NM_003590.5(CUL3):c.337C>T (p.Gln113Ter),chr2,CUL3,NM_003590.5,113,CAA,UAA,-9.716417352605571,gof
CBGE,nonsense,NM_003590.5(CUL3):c.394C>T (p.Gln132Ter),chr2,CUL3,NM_003590.5,132,CAA,UAA,-10.777608826886055,normal
CBGE,nonsense,NM_003590.5(CUL3):c.397C>T (p.Gln133Ter),chr2,CUL3,NM_003590.5,133,CAA,UAA,-10.651937470881974,normal
CBGE,nonsense,NM_003590.5(CUL3):c.448C>T (p.Gln150Ter),chr2,CUL3,NM_003590.5,150,CAA,UAA,-10.509794279189162,normal
CBGE,nonsense,NM_003590.5(CUL3):c.487C>T (p.Gln163Ter),chr2,CUL3,NM_003590.5,163,CAA,UAA,-11.648796031998405,normal
CBGE,nonsense,NM_003590.5(CUL3):c.562C>T (p.Gln188Ter),chr2,CUL3,NM_003590.5,188,CAG,UAG,-11.814929946621165,normal
CBGE,nonsense,NM_003592.3(CUL1):c.1480C>T (p.Gln494Ter),chr7,CUL1,NM_003592.3,494,CAA,UAA,-12.844472831052997,normal
CBGE,nonsense,NM_003592.3(CUL1):c.1513C>T (p.Gln505Ter),chr7,CUL1,NM_003592.3,505,CAG,UAG,-12.686848623371704,lof
CBGE,nonsense,NM_003592.3(CUL1):c.1525C>T (p.Gln509Ter),chr7,CUL1,NM_003592.3,509,CAA,UAA,-11.069242430856349,lof
CBGE,nonsense,NM_003592.3(CUL1):c.1612C>T (p.Gln538Ter),chr7,CUL1,NM_003592.3,538,CAA,UAA,-11.165956515015202,normal
CBGE,nonsense,NM_003592.3(CUL1):c.1635G>A (p.Trp545Ter),chr7,CUL1,NM_003592.3,545,UGG,UGA,-14.980835871170498,normal
CBGE,nonsense,NM_003592.3(CUL1):c.1729C>T (p.Arg577Ter),chr7,CUL1,NM_003592.3,577,CGA,UGA,-12.975095758173753,normal
CBGE,nonsense,NM_003592.3(CUL1):c.1750C>T (p.Gln584Ter),chr7,CUL1,NM_003592.3,584,CAG,UAG,-11.771814360395505,normal
CBGE,nonsense,NM_003592.3(CUL1):c.1888C>T (p.Gln630Ter),chr7,CUL1,NM_003592.3,630,CAA,UAA,-9.112495457771969,normal
CBGE,nonsense,NM_003592.3(CUL1):c.19C>T (p.Gln7Ter),chr7,CUL1,NM_003592.3,7,CAG,UAG,-11.574145328302546,normal
CBGE,nonsense,NM_003592.3(CUL1):c.2182C>T (p.Gln728Ter),chr7,CUL1,NM_003592.3,728,CAG,UAG,-12.111299531290488,lof
CBGE,nonsense,NM_003592.3(CUL1):c.2185C>T (p.Gln729Ter),chr7,CUL1,NM_003592.3,729,CAG,UAG,-13.548163375962451,lof
CBGE,nonsense,NM_003592.3(CUL1):c.2233C>T (p.Arg745Ter),chr7,CUL1,NM_003592.3,745,CGA,UGA,-9.125040952660113,normal
CBGE,nonsense,NM_003592.3(CUL1):c.2290C>T (p.Arg764Ter),chr7,CUL1,NM_003592.3,764,CGA,UGA,-12.69581316631414,normal
CBGE,nonsense,NM_003592.3(CUL1):c.244C>T (p.Gln82Ter),chr7,CUL1,NM_003592.3,82,CAG,UAG,-11.41222377385283,normal
CBGE,nonsense,NM_003592.3(CUL1):c.616C>T (p.Gln206Ter),chr7,CUL1,NM_003592.3,206,CAG,UAG,-11.776300475762165,normal
CBGE,nonsense,NM_003592.3(CUL1):c.922C>T (p.Gln308Ter),chr7,CUL1,NM_003592.3,308,CAG,UAG,-11.898033194428551,normal
CBGE,nonsense,NM_003618.4(MAP4K3):c.1126C>T (p.Gln376Ter),chr2,MAP4K3,NM_003618.4,376,CAA,UAA,-10.496776649717628,normal
CBGE,nonsense,NM_003618.4(MAP4K3):c.1141C>T (p.Gln381Ter),chr2,MAP4K3,NM_003618.4,381,CAA,UAA,-10.690583118690162,normal
CBGE,nonsense,NM_003618.4(MAP4K3):c.1150C>T (p.Gln384Ter),chr2,MAP4K3,NM_003618.4,384,CAA,UAA,-10.578142182937034,normal
CBGE,nonsense,NM_003618.4(MAP4K3):c.1336C>T (p.Gln446Ter),chr2,MAP4K3,NM_003618.4,446,CAG,UAG,-10.098159812050572,normal
CBGE,nonsense,NM_003618.4(MAP4K3):c.1495C>T (p.Gln499Ter),chr2,MAP4K3,NM_003618.4,499,CAG,UAG,-10.603734942875766,normal
CBGE,nonsense,NM_003618.4(MAP4K3):c.1804C>T (p.Arg602Ter),chr2,MAP4K3,NM_003618.4,602,CGA,UGA,-9.91428566013272,normal
CBGE,nonsense,NM_003618.4(MAP4K3):c.1817G>A (p.Trp606Ter),chr2,MAP4K3,NM_003618.4,606,UGG,UAG,-12.056184807366767,normal
CBGE,nonsense,NM_003618.4(MAP4K3):c.1818G>A (p.Trp606Ter),chr2,MAP4K3,NM_003618.4,606,UGG,UGA,-12.048563910547683,normal
CBGE,nonsense,NM_003618.4(MAP4K3):c.2017C>T (p.Gln673Ter),chr2,MAP4K3,NM_003618.4,673,CAG,UAG,-10.507012418046637,normal
CBGE,nonsense,NM_003618.4(MAP4K3):c.2116C>T (p.Gln706Ter),chr2,MAP4K3,NM_003618.4,706,CAG,UAG,-11.069292067242628,normal
CBGE,nonsense,NM_003618.4(MAP4K3):c.2248C>T (p.Gln750Ter),chr2,MAP4K3,NM_003618.4,750,CAA,UAA,-11.039306660822016,normal
CBGE,nonsense,NM_003618.4(MAP4K3):c.2257C>T (p.Arg753Ter),chr2,MAP4K3,NM_003618.4,753,CGA,UGA,-10.275104542717296,normal
CBGE,nonsense,NM_003618.4(MAP4K3):c.2295G>A (p.Trp765Ter),chr2,MAP4K3,NM_003618.4,765,UGG,UGA,-12.538465585250169,normal
CBGE,nonsense,NM_003618.4(MAP4K3):c.2455C>T (p.Gln819Ter),chr2,MAP4K3,NM_003618.4,819,CAG,UAG,-11.005556150990842,normal
CBGE,nonsense,NM_003618.4(MAP4K3):c.247C>T (p.Arg83Ter),chr2,MAP4K3,NM_003618.4,83,CGA,UGA,-10.82988165227719,normal
CBGE,nonsense,NM_003618.4(MAP4K3):c.295C>T (p.Gln99Ter),chr2,MAP4K3,NM_003618.4,99,CAG,UAG,-6.511490857115144,normal
CBGE,nonsense,NM_003618.4(MAP4K3):c.58C>T (p.Gln20Ter),chr2,MAP4K3,NM_003618.4,20,CAG,UAG,-12.64599421562175,normal
CBGE,nonsense,NM_003618.4(MAP4K3):c.694C>T (p.Gln232Ter),chr2,MAP4K3,NM_003618.4,232,CAG,UAG,-10.328913719517711,normal
CBGE,nonsense,NM_003628.6(PKP4):c.1042C>T (p.Gln348Ter),chr2,PKP4,NM_003628.6,348,CAG,UAG,-11.994139677045814,normal
CBGE,nonsense,NM_003628.6(PKP4):c.1063C>T (p.Gln355Ter),chr2,PKP4,NM_003628.6,355,CAA,UAA,-11.456451386155823,normal
CBGE,nonsense,NM_003628.6(PKP4):c.1102C>T (p.Gln368Ter),chr2,PKP4,NM_003628.6,368,CAG,UAG,-12.85702890109966,normal
CBGE,nonsense,NM_003628.6(PKP4):c.1306C>T (p.Gln436Ter),chr2,PKP4,NM_003628.6,436,CAA,UAA,-11.050298653944363,normal
CBGE,nonsense,NM_003628.6(PKP4):c.1468C>T (p.Gln490Ter),chr2,PKP4,NM_003628.6,490,CAA,UAA,-11.003339737613954,normal
CBGE,nonsense,NM_003628.6(PKP4):c.1618C>T (p.Gln540Ter),chr2,PKP4,NM_003628.6,540,CAG,UAG,-11.596426002878426,normal
CBGE,nonsense,NM_003628.6(PKP4):c.1633C>T (p.Gln545Ter),chr2,PKP4,NM_003628.6,545,CAG,UAG,-11.526316663881223,normal
CBGE,nonsense,NM_003628.6(PKP4):c.1657C>T (p.Gln553Ter),chr2,PKP4,NM_003628.6,553,CAG,UAG,-11.765782329046928,normal
CBGE,nonsense,NM_003628.6(PKP4):c.1759C>T (p.Gln587Ter),chr2,PKP4,NM_003628.6,587,CAG,UAG,-9.996357017043223,normal
CBGE,nonsense,NM_003628.6(PKP4):c.1783C>T (p.Arg595Ter),chr2,PKP4,NM_003628.6,595,CGA,UGA,-9.534927336381909,normal
CBGE,nonsense,NM_003628.6(PKP4):c.1919G>A (p.Trp640Ter),chr2,PKP4,NM_003628.6,640,UGG,UAG,-11.494491504233618,normal
CBGE,nonsense,NM_003628.6(PKP4):c.1920G>A (p.Trp640Ter),chr2,PKP4,NM_003628.6,640,UGG,UGA,-11.299708428801605,normal
CBGE,nonsense,NM_003628.6(PKP4):c.2012G>A (p.Trp671Ter),chr2,PKP4,NM_003628.6,671,UGG,UAG,-11.439471265444066,normal
CBGE,nonsense,NM_003628.6(PKP4):c.2013G>A (p.Trp671Ter),chr2,PKP4,NM_003628.6,671,UGG,UGA,-11.317764238681535,normal
CBGE,nonsense,NM_003628.6(PKP4):c.2128C>T (p.Gln710Ter),chr2,PKP4,NM_003628.6,710,CAA,UAA,-9.241577221137598,normal
CBGE,nonsense,NM_003628.6(PKP4):c.2357G>A (p.Trp786Ter),chr2,PKP4,NM_003628.6,786,UGG,UAG,-11.419404036789432,normal
CBGE,nonsense,NM_003628.6(PKP4):c.2358G>A (p.Trp786Ter),chr2,PKP4,NM_003628.6,786,UGG,UGA,-11.012170783690026,normal
CBGE,nonsense,NM_003628.6(PKP4):c.2466G>A (p.Trp822Ter),chr2,PKP4,NM_003628.6,822,UGG,UGA,-9.74628639915305,normal
CBGE,nonsense,NM_003628.6(PKP4):c.2605C>T (p.Arg869Ter),chr2,PKP4,NM_003628.6,869,CGA,UGA,-9.55085375227683,normal
CBGE,nonsense,NM_003628.6(PKP4):c.2956C>T (p.Gln986Ter),chr2,PKP4,NM_003628.6,986,CAG,UAG,-9.104370102369655,normal
CBGE,nonsense,NM_003628.6(PKP4):c.2975G>A (p.Trp992Ter),chr2,PKP4,NM_003628.6,992,UGG,UAG,-12.542907693321135,normal
CBGE,nonsense,NM_003628.6(PKP4):c.2976G>A (p.Trp992Ter),chr2,PKP4,NM_003628.6,992,UGG,UGA,-12.330144916341608,normal
CBGE,nonsense,NM_003628.6(PKP4):c.2977C>T (p.Gln993Ter),chr2,PKP4,NM_003628.6,993,CAA,UAA,-10.194139437043065,normal
CBGE,nonsense,NM_003628.6(PKP4):c.3208C>T (p.Gln1070Ter),chr2,PKP4,NM_003628.6,1070,CAG,UAG,-11.780405012205016,normal
CBGE,nonsense,NM_003628.6(PKP4):c.3223C>T (p.Gln1075Ter),chr2,PKP4,NM_003628.6,1075,CAA,UAA,-11.53408049480078,normal
CBGE,nonsense,NM_003628.6(PKP4):c.3313C>T (p.Gln1105Ter),chr2,PKP4,NM_003628.6,1105,CAA,UAA,-10.940115094357685,normal
CBGE,nonsense,NM_003628.6(PKP4):c.3547C>T (p.Gln1183Ter),chr2,PKP4,NM_003628.6,1183,CAG,UAG,-11.703018147136074,normal
CBGE,nonsense,NM_003628.6(PKP4):c.3572G>A (p.Trp1191Ter),chr2,PKP4,NM_003628.6,1191,UGG,UAG,-12.032065357139704,normal
CBGE,nonsense,NM_003628.6(PKP4):c.3573G>A (p.Trp1191Ter),chr2,PKP4,NM_003628.6,1191,UGG,UGA,-11.90798187925204,normal
CBGE,nonsense,NM_003628.6(PKP4):c.40C>T (p.Gln14Ter),chr2,PKP4,NM_003628.6,14,CAA,UAA,-10.687038398582226,normal
CBGE,nonsense,NM_003628.6(PKP4):c.46C>T (p.Gln16Ter),chr2,PKP4,NM_003628.6,16,CAG,UAG,-11.482349405755375,normal
CBGE,nonsense,NM_003628.6(PKP4):c.499C>T (p.Gln167Ter),chr2,PKP4,NM_003628.6,167,CAG,UAG,-11.126766235904608,normal
CBGE,nonsense,NM_003628.6(PKP4):c.526C>T (p.Gln176Ter),chr2,PKP4,NM_003628.6,176,CAG,UAG,-11.336685138937572,normal
CBGE,nonsense,NM_003628.6(PKP4):c.529C>T (p.Gln177Ter),chr2,PKP4,NM_003628.6,177,CAG,UAG,-11.922462492039628,normal
CBGE,nonsense,NM_003628.6(PKP4):c.589C>T (p.Gln197Ter),chr2,PKP4,NM_003628.6,197,CAA,UAA,-11.029822329692209,normal
CBGE,nonsense,NM_003628.6(PKP4):c.883C>T (p.Gln295Ter),chr2,PKP4,NM_003628.6,295,CAG,UAG,-11.273411754082495,normal
CBGE,nonsense,NM_003628.6(PKP4):c.919C>T (p.Gln307Ter),chr2,PKP4,NM_003628.6,307,CAA,UAA,-11.898467998432356,normal
CBGE,nonsense,NM_003628.6(PKP4):c.970C>T (p.Arg324Ter),chr2,PKP4,NM_003628.6,324,CGA,UGA,-11.958129886933628,normal
CBGE,nonsense,NM_003629.4(PIK3R3):c.1073G>A (p.Trp358Ter),chr1,PIK3R3,NM_003629.4,358,UGG,UAG,-12.951606815337556,normal
CBGE,nonsense,NM_003629.4(PIK3R3):c.1074G>A (p.Trp358Ter),chr1,PIK3R3,NM_003629.4,358,UGG,UGA,-12.542253482742687,normal
CBGE,nonsense,NM_003629.4(PIK3R3):c.1093C>T (p.Arg365Ter),chr1,PIK3R3,NM_003629.4,365,CGA,UGA,-11.947569870439104,normal
CBGE,nonsense,NM_003629.4(PIK3R3):c.1297C>T (p.Gln433Ter),chr1,PIK3R3,NM_003629.4,433,CAG,UAG,-11.273567225200097,normal
CBGE,nonsense,NM_003629.4(PIK3R3):c.1300C>T (p.Gln434Ter),chr1,PIK3R3,NM_003629.4,434,CAG,UAG,-12.323406304171426,normal
CBGE,nonsense,NM_003629.4(PIK3R3):c.181C>T (p.Gln61Ter),chr1,PIK3R3,NM_003629.4,61,CAG,UAG,-11.23426812154566,normal
CBGE,nonsense,NM_003629.4(PIK3R3):c.44G>A (p.Trp15Ter),chr1,PIK3R3,NM_003629.4,15,UGG,UAG,-12.172176351965549,normal
CBGE,nonsense,NM_003629.4(PIK3R3):c.45G>A (p.Trp15Ter),chr1,PIK3R3,NM_003629.4,15,UGG,UGA,-11.861214642538163,normal
CBGE,nonsense,NM_003629.4(PIK3R3):c.490C>T (p.Gln164Ter),chr1,PIK3R3,NM_003629.4,164,CAA,UAA,-10.097063077571857,normal
CBGE,nonsense,NM_003629.4(PIK3R3):c.493C>T (p.Gln165Ter),chr1,PIK3R3,NM_003629.4,165,CAG,UAG,-12.06533042175129,normal
CBGE,nonsense,NM_003629.4(PIK3R3):c.628C>T (p.Gln210Ter),chr1,PIK3R3,NM_003629.4,210,CAG,UAG,-13.082788428351044,normal
CBGE,nonsense,NM_003629.4(PIK3R3):c.727C>T (p.Arg243Ter),chr1,PIK3R3,NM_003629.4,243,CGA,UGA,-11.95464233388374,normal
CBGE,nonsense,NM_003629.4(PIK3R3):c.944G>A (p.Trp315Ter),chr1,PIK3R3,NM_003629.4,315,UGG,UAG,-12.01986120147298,normal
CBGE,nonsense,NM_003629.4(PIK3R3):c.945G>A (p.Trp315Ter),chr1,PIK3R3,NM_003629.4,315,UGG,UGA,-11.750698094675672,normal
CBGE,nonsense,NM_003629.4(PIK3R3):c.967C>T (p.Gln323Ter),chr1,PIK3R3,NM_003629.4,323,CAG,UAG,-10.759685536362143,normal
CBGE,nonsense,NM_003629.4(PIK3R3):c.986G>A (p.Trp329Ter),chr1,PIK3R3,NM_003629.4,329,UGG,UAG,-12.08626174134679,normal
CBGE,nonsense,NM_003629.4(PIK3R3):c.987G>A (p.Trp329Ter),chr1,PIK3R3,NM_003629.4,329,UGG,UGA,-11.757688444867934,normal
CBGE,nonsense,NM_003647.3(DGKE):c.1009C>T (p.Arg337Ter),chr17,DGKE,NM_003647.3,337,CGA,UGA,-10.9497718720473,normal
CBGE,nonsense,NM_003647.3(DGKE):c.1057C>T (p.Gln353Ter),chr17,DGKE,NM_003647.3,353,CAA,UAA,-10.62871934375727,normal
CBGE,nonsense,NM_003647.3(DGKE):c.116G>A (p.Trp39Ter),chr17,DGKE,NM_003647.3,39,UGG,UAG,-14.223321934898406,normal
CBGE,nonsense,NM_003647.3(DGKE):c.117G>A (p.Trp39Ter),chr17,DGKE,NM_003647.3,39,UGG,UGA,-14.102468532319923,normal
CBGE,nonsense,NM_003647.3(DGKE):c.127C>T (p.Gln43Ter),chr17,DGKE,NM_003647.3,43,CAG,UAG,-9.903092334841803,normal
CBGE,nonsense,NM_003647.3(DGKE):c.1303C>T (p.Arg435Ter),chr17,DGKE,NM_003647.3,435,CGA,UGA,-10.161364577543376,normal
CBGE,nonsense,NM_003647.3(DGKE):c.142C>T (p.Gln48Ter),chr17,DGKE,NM_003647.3,48,CAG,UAG,-10.62484833436644,normal
CBGE,nonsense,NM_003647.3(DGKE):c.1507C>T (p.Gln503Ter),chr17,DGKE,NM_003647.3,503,CAG,UAG,-12.66999625223878,normal
CBGE,nonsense,NM_003647.3(DGKE):c.1555C>T (p.Gln519Ter),chr17,DGKE,NM_003647.3,519,CAG,UAG,-12.188049316623555,normal
CBGE,nonsense,NM_003647.3(DGKE):c.1678C>T (p.Gln560Ter),chr17,DGKE,NM_003647.3,560,CAA,UAA,-9.619173095548506,normal
CBGE,nonsense,NM_003647.3(DGKE):c.185G>A (p.Trp62Ter),chr17,DGKE,NM_003647.3,62,UGG,UAG,-13.114427507010184,normal
CBGE,nonsense,NM_003647.3(DGKE):c.186G>A (p.Trp62Ter),chr17,DGKE,NM_003647.3,62,UGG,UGA,-12.981026630159894,normal
CBGE,nonsense,NM_003647.3(DGKE):c.235C>T (p.Gln79Ter),chr17,DGKE,NM_003647.3,79,CAG,UAG,-11.98654945479729,normal
CBGE,nonsense,NM_003647.3(DGKE):c.427C>T (p.Gln143Ter),chr17,DGKE,NM_003647.3,143,CAG,UAG,-13.069328361299124,normal
CBGE,nonsense,NM_003647.3(DGKE):c.473G>A (p.Trp158Ter),chr17,DGKE,NM_003647.3,158,UGG,UAG,-12.417402232183914,normal
CBGE,nonsense,NM_003647.3(DGKE):c.474G>A (p.Trp158Ter),chr17,DGKE,NM_003647.3,158,UGG,UGA,-12.462831560247112,normal
CBGE,nonsense,NM_003647.3(DGKE):c.650G>A (p.Trp217Ter),chr17,DGKE,NM_003647.3,217,UGG,UAG,-11.624956142221226,normal
CBGE,nonsense,NM_003647.3(DGKE):c.651G>A (p.Trp217Ter),chr17,DGKE,NM_003647.3,217,UGG,UGA,-11.313936271857663,normal
CBGE,nonsense,NM_003647.3(DGKE):c.74G>A (p.Trp25Ter),chr17,DGKE,NM_003647.3,25,UGG,UAG,-13.690821607844262,normal
CBGE,nonsense,NM_003647.3(DGKE):c.75G>A (p.Trp25Ter),chr17,DGKE,NM_003647.3,25,UGG,UGA,-14.026194530447272,normal
CBGE,nonsense,NM_003647.3(DGKE):c.817C>T (p.Arg273Ter),chr17,DGKE,NM_003647.3,273,CGA,UGA,-11.265227361017155,normal
CBGE,nonsense,NM_003647.3(DGKE):c.910C>T (p.Gln304Ter),chr17,DGKE,NM_003647.3,304,CAA,UAA,-8.465095497241343,normal
CBGE,nonsense,NM_003647.3(DGKE):c.965G>A (p.Trp322Ter),chr17,DGKE,NM_003647.3,322,UGG,UAG,-15.148755989738078,normal
CBGE,nonsense,NM_003647.3(DGKE):c.966G>A (p.Trp322Ter),chr17,DGKE,NM_003647.3,322,UGG,UGA,-15.105292324347715,normal
CBGE,nonsense,NM_003709.4(KLF7):c.130C>T (p.Gln44Ter),chr2,KLF7,NM_003709.4,44,CAG,UAG,-12.509033236209197,normal
CBGE,nonsense,NM_003709.4(KLF7):c.40C>T (p.Gln14Ter),chr2,KLF7,NM_003709.4,14,CAA,UAA,-11.188871407135576,normal
CBGE,nonsense,NM_003709.4(KLF7):c.457C>T (p.Gln153Ter),chr2,KLF7,NM_003709.4,153,CAA,UAA,-10.42124933782769,normal
CBGE,nonsense,NM_003709.4(KLF7):c.592C>T (p.Gln198Ter),chr2,KLF7,NM_003709.4,198,CAG,UAG,-11.104273866410628,normal
CBGE,nonsense,NM_003709.4(KLF7):c.607C>T (p.Gln203Ter),chr2,KLF7,NM_003709.4,203,CAA,UAA,-10.202089320666897,normal
CBGE,nonsense,NM_003709.4(KLF7):c.664C>T (p.Gln222Ter),chr2,KLF7,NM_003709.4,222,CAG,UAG,-10.062425559165565,normal
CBGE,nonsense,NM_003709.4(KLF7):c.718C>T (p.Gln240Ter),chr2,KLF7,NM_003709.4,240,CAG,UAG,-7.255523711708654,normal
CBGE,nonsense,NM_003709.4(KLF7):c.758G>A (p.Trp253Ter),chr2,KLF7,NM_003709.4,253,UGG,UAG,-13.492769224077636,normal
CBGE,nonsense,NM_003709.4(KLF7):c.759G>A (p.Trp253Ter),chr2,KLF7,NM_003709.4,253,UGG,UGA,-13.347388272843,normal
CBGE,nonsense,NM_003709.4(KLF7):c.95G>A (p.Trp32Ter),chr2,KLF7,NM_003709.4,32,UGG,UAG,-12.67971996339054,normal
CBGE,nonsense,NM_003709.4(KLF7):c.96G>A (p.Trp32Ter),chr2,KLF7,NM_003709.4,32,UGG,UGA,-12.352960640668998,normal
CBGE,nonsense,NM_003745.2(SOCS1):c.628C>T (p.Gln210Ter),chr16,SOCS1,NM_003745.2,210,CAG,UAG,-12.103174221737596,normal
CBGE,nonsense,NM_003790.3(TNFRSF25):c.1040G>A (p.Trp347Ter),chr1,TNFRSF25,NM_003790.3,347,UGG,UAG,-13.84590048718356,normal
CBGE,nonsense,NM_003790.3(TNFRSF25):c.1041G>A (p.Trp347Ter),chr1,TNFRSF25,NM_003790.3,347,UGG,UGA,-13.747734015845849,normal
CBGE,nonsense,NM_003790.3(TNFRSF25):c.1156C>T (p.Gln386Ter),chr1,TNFRSF25,NM_003790.3,386,CAG,UAG,-11.531938505602898,normal
CBGE,nonsense,NM_003790.3(TNFRSF25):c.1240C>T (p.Gln414Ter),chr1,TNFRSF25,NM_003790.3,414,CAG,UAG,-11.34245111307184,normal
CBGE,nonsense,NM_003790.3(TNFRSF25):c.223C>T (p.Gln75Ter),chr1,TNFRSF25,NM_003790.3,75,CAA,UAA,-9.535902078483671,normal
CBGE,nonsense,NM_003790.3(TNFRSF25):c.242G>A (p.Trp81Ter),chr1,TNFRSF25,NM_003790.3,81,UGG,UAG,-12.454939766118049,normal
CBGE,nonsense,NM_003790.3(TNFRSF25):c.243G>A (p.Trp81Ter),chr1,TNFRSF25,NM_003790.3,81,UGG,UGA,-12.312285432319026,normal
CBGE,nonsense,NM_003790.3(TNFRSF25):c.292C>T (p.Gln98Ter),chr1,TNFRSF25,NM_003790.3,98,CAG,UAG,-9.874612843338603,normal
CBGE,nonsense,NM_003790.3(TNFRSF25):c.301C>T (p.Gln101Ter),chr1,TNFRSF25,NM_003790.3,101,CAG,UAG,-10.557704856549885,normal
CBGE,nonsense,NM_003790.3(TNFRSF25):c.415C>T (p.Gln139Ter),chr1,TNFRSF25,NM_003790.3,139,CAA,UAA,-11.095392146833207,normal
CBGE,nonsense,NM_003790.3(TNFRSF25):c.590G>A (p.Trp197Ter),chr1,TNFRSF25,NM_003790.3,197,UGG,UAG,-12.5320253354723,normal
CBGE,nonsense,NM_003790.3(TNFRSF25):c.591G>A (p.Trp197Ter),chr1,TNFRSF25,NM_003790.3,197,UGG,UGA,-12.201179505346255,normal
CBGE,nonsense,NM_003790.3(TNFRSF25):c.605G>A (p.Trp202Ter),chr1,TNFRSF25,NM_003790.3,202,UGG,UAG,-13.99509520604071,normal
CBGE,nonsense,NM_003790.3(TNFRSF25):c.606G>A (p.Trp202Ter),chr1,TNFRSF25,NM_003790.3,202,UGG,UGA,-13.65829173389834,normal
CBGE,nonsense,NM_003790.3(TNFRSF25):c.610C>T (p.Gln204Ter),chr1,TNFRSF25,NM_003790.3,204,CAG,UAG,-10.12559890956562,normal
CBGE,nonsense,NM_003790.3(TNFRSF25):c.683G>A (p.Trp228Ter),chr1,TNFRSF25,NM_003790.3,228,UGG,UAG,-13.198018096552117,normal
CBGE,nonsense,NM_003790.3(TNFRSF25):c.684G>A (p.Trp228Ter),chr1,TNFRSF25,NM_003790.3,228,UGG,UGA,-12.44848245120381,normal
CBGE,nonsense,NM_003790.3(TNFRSF25):c.7C>T (p.Gln3Ter),chr1,TNFRSF25,NM_003790.3,3,CAG,UAG,-8.492531763742987,normal
CBGE,nonsense,NM_003790.3(TNFRSF25):c.823C>T (p.Gln275Ter),chr1,TNFRSF25,NM_003790.3,275,CAG,UAG,-11.124889344719914,normal
CBGE,nonsense,NM_003790.3(TNFRSF25):c.842G>A (p.Trp281Ter),chr1,TNFRSF25,NM_003790.3,281,UGG,UAG,-12.443603468732915,normal
CBGE,nonsense,NM_003790.3(TNFRSF25):c.843G>A (p.Trp281Ter),chr1,TNFRSF25,NM_003790.3,281,UGG,UGA,-12.067323708702796,normal
CBGE,nonsense,NM_003790.3(TNFRSF25):c.883C>T (p.Gln295Ter),chr1,TNFRSF25,NM_003790.3,295,CAG,UAG,-10.807044070452786,normal
CBGE,nonsense,NM_003790.3(TNFRSF25):c.893G>A (p.Trp298Ter),chr1,TNFRSF25,NM_003790.3,298,UGG,UAG,-11.753490420610968,normal
CBGE,nonsense,NM_003790.3(TNFRSF25):c.894G>A (p.Trp298Ter),chr1,TNFRSF25,NM_003790.3,298,UGG,UGA,-11.545493192110865,normal
CBGE,nonsense,NM_003790.3(TNFRSF25):c.899G>A (p.Trp300Ter),chr1,TNFRSF25,NM_003790.3,300,UGG,UAG,-12.317016614410926,normal
CBGE,nonsense,NM_003790.3(TNFRSF25):c.900G>A (p.Trp300Ter),chr1,TNFRSF25,NM_003790.3,300,UGG,UGA,-11.95039551255734,normal
CBGE,nonsense,NM_003790.3(TNFRSF25):c.904C>T (p.Gln302Ter),chr1,TNFRSF25,NM_003790.3,302,CAG,UAG,-11.227678333599489,normal
CBGE,nonsense,NM_003810.4(TNFSF10):c.136C>T (p.Gln46Ter),chr3,TNFSF10,NM_003810.4,46,CAG,UAG,-12.00707050786378,normal
CBGE,nonsense,NM_003810.4(TNFSF10):c.19C>T (p.Gln7Ter),chr3,TNFSF10,NM_003810.4,7,CAG,UAG,-10.823385281241862,normal
CBGE,nonsense,NM_003810.4(TNFSF10):c.245G>A (p.Trp82Ter),chr3,TNFSF10,NM_003810.4,82,UGG,UAG,-11.648214345284398,normal
CBGE,nonsense,NM_003810.4(TNFSF10):c.246G>A (p.Trp82Ter),chr3,TNFSF10,NM_003810.4,82,UGG,UGA,-11.393497399497251,normal
CBGE,nonsense,NM_003810.4(TNFSF10):c.256C>T (p.Gln86Ter),chr3,TNFSF10,NM_003810.4,86,CAG,UAG,-11.115362197188896,normal
CBGE,nonsense,NM_003810.4(TNFSF10):c.461G>A (p.Trp154Ter),chr3,TNFSF10,NM_003810.4,154,UGG,UAG,-12.157199801466444,normal
CBGE,nonsense,NM_003810.4(TNFSF10):c.462G>A (p.Trp154Ter),chr3,TNFSF10,NM_003810.4,154,UGG,UGA,-11.677129813771426,normal
CBGE,nonsense,NM_003810.4(TNFSF10):c.79C>T (p.Gln27Ter),chr3,TNFSF10,NM_003810.4,27,CAG,UAG,-10.24343874377321,normal
CBGE,nonsense,NM_003820.4(TNFRSF14):c.451C>T (p.Gln151Ter),chr1,TNFRSF14,NM_003820.4,151,CAG,UAG,-10.311473932970031,normal
CBGE,nonsense,NM_003820.4(TNFRSF14):c.487C>T (p.Gln163Ter),chr1,TNFRSF14,NM_003820.4,163,CAG,UAG,-11.827791244752476,normal
CBGE,nonsense,NM_003820.4(TNFRSF14):c.544C>T (p.Gln182Ter),chr1,TNFRSF14,NM_003820.4,182,CAG,UAG,-8.476827252857015,normal
CBGE,nonsense,NM_003840.5(TNFRSF10D):c.1087C>T (p.Gln363Ter),chr8,TNFRSF10D,NM_003840.5,363,CAG,UAG,-10.407007312414454,normal
CBGE,nonsense,NM_003840.5(TNFRSF10D):c.196C>T (p.Gln66Ter),chr8,TNFRSF10D,NM_003840.5,66,CAG,UAG,-11.970569587579767,normal
CBGE,nonsense,NM_003840.5(TNFRSF10D):c.214C>T (p.Gln72Ter),chr8,TNFRSF10D,NM_003840.5,72,CAG,UAG,-11.972182314426654,normal
CBGE,nonsense,NM_003840.5(TNFRSF10D):c.418C>T (p.Gln140Ter),chr8,TNFRSF10D,NM_003840.5,140,CAG,UAG,-12.13883209010968,normal
CBGE,nonsense,NM_003840.5(TNFRSF10D):c.799C>T (p.Arg267Ter),chr8,TNFRSF10D,NM_003840.5,267,CGA,UGA,-9.316698098942252,normal
CBGE,nonsense,NM_003840.5(TNFRSF10D):c.943C>T (p.Gln315Ter),chr8,TNFRSF10D,NM_003840.5,315,CAG,UAG,-11.906726929230404,normal
CBGE,nonsense,NM_003840.5(TNFRSF10D):c.979C>T (p.Gln327Ter),chr8,TNFRSF10D,NM_003840.5,327,CAG,UAG,-11.041446726341842,normal
CBGE,nonsense,NM_003842.5(TNFRSF10B):c.1246C>T (p.Gln416Ter),chr8,TNFRSF10B,NM_003842.5,416,CAG,UAG,-11.303995176693611,normal
CBGE,nonsense,NM_003842.5(TNFRSF10B):c.16C>T (p.Gln6Ter),chr8,TNFRSF10B,NM_003842.5,6,CAG,UAG,-10.474830549730669,normal
CBGE,nonsense,NM_003842.5(TNFRSF10B):c.190C>T (p.Gln64Ter),chr8,TNFRSF10B,NM_003842.5,64,CAG,UAG,-11.736955612630446,normal
CBGE,nonsense,NM_003842.5(TNFRSF10B):c.208C>T (p.Gln70Ter),chr8,TNFRSF10B,NM_003842.5,70,CAA,UAA,-10.100425734723364,normal
CBGE,nonsense,NM_003842.5(TNFRSF10B):c.301C>T (p.Gln101Ter),chr8,TNFRSF10B,NM_003842.5,101,CAG,UAG,-10.559072513473572,normal
CBGE,nonsense,NM_003842.5(TNFRSF10B):c.412C>T (p.Gln138Ter),chr8,TNFRSF10B,NM_003842.5,138,CAG,UAG,-11.609418899744703,normal
CBGE,nonsense,NM_003842.5(TNFRSF10B):c.787C>T (p.Gln263Ter),chr8,TNFRSF10B,NM_003842.5,263,CAA,UAA,-10.018826442477245,normal
CBGE,nonsense,NM_003842.5(TNFRSF10B):c.790C>T (p.Arg264Ter),chr8,TNFRSF10B,NM_003842.5,264,CGA,UGA,-8.341898271652466,normal
CBGE,nonsense,NM_003842.5(TNFRSF10B):c.859C>T (p.Gln287Ter),chr8,TNFRSF10B,NM_003842.5,287,CAG,UAG,-10.953382465405682,normal
CBGE,nonsense,NM_003842.5(TNFRSF10B):c.874C>T (p.Gln292Ter),chr8,TNFRSF10B,NM_003842.5,292,CAG,UAG,-11.360757801455792,normal
CBGE,nonsense,NM_003842.5(TNFRSF10B):c.961C>T (p.Gln321Ter),chr8,TNFRSF10B,NM_003842.5,321,CAG,UAG,-10.733791382368906,normal
CBGE,nonsense,NM_003844.4(TNFRSF10A):c.1003C>T (p.Gln335Ter),chr8,TNFRSF10A,NM_003844.4,335,CAG,UAG,-11.57996564970145,normal
CBGE,nonsense,NM_003844.4(TNFRSF10A):c.1039C>T (p.Gln347Ter),chr8,TNFRSF10A,NM_003844.4,347,CAG,UAG,-10.714349667924449,normal
CBGE,nonsense,NM_003844.4(TNFRSF10A):c.113G>A (p.Trp38Ter),chr8,TNFRSF10A,NM_003844.4,38,UGG,UAG,-11.643397291357552,normal
CBGE,nonsense,NM_003844.4(TNFRSF10A):c.1144C>T (p.Gln382Ter),chr8,TNFRSF10A,NM_003844.4,382,CAG,UAG,-12.156700131698166,normal
CBGE,nonsense,NM_003844.4(TNFRSF10A):c.114G>A (p.Trp38Ter),chr8,TNFRSF10A,NM_003844.4,38,UGG,UGA,-11.574022310374922,normal
CBGE,nonsense,NM_003844.4(TNFRSF10A):c.1333C>T (p.Gln445Ter),chr8,TNFRSF10A,NM_003844.4,445,CAG,UAG,-11.2906923468083,normal
CBGE,nonsense,NM_003844.4(TNFRSF10A):c.142C>T (p.Arg48Ter),chr8,TNFRSF10A,NM_003844.4,48,CGA,UGA,-10.336042480437136,normal
CBGE,nonsense,NM_003844.4(TNFRSF10A):c.346C>T (p.Gln116Ter),chr8,TNFRSF10A,NM_003844.4,116,CAA,UAA,-9.494948374969075,normal
CBGE,nonsense,NM_003844.4(TNFRSF10A):c.364C>T (p.Gln122Ter),chr8,TNFRSF10A,NM_003844.4,122,CAA,UAA,-10.250936455368862,normal
CBGE,nonsense,NM_003844.4(TNFRSF10A):c.565C>T (p.Gln189Ter),chr8,TNFRSF10A,NM_003844.4,189,CAG,UAG,-11.41528506792855,normal
CBGE,nonsense,NM_003844.4(TNFRSF10A):c.842G>A (p.Trp281Ter),chr8,TNFRSF10A,NM_003844.4,281,UGG,UAG,-12.777771916270266,normal
CBGE,nonsense,NM_003844.4(TNFRSF10A):c.843G>A (p.Trp281Ter),chr8,TNFRSF10A,NM_003844.4,281,UGG,UGA,-12.011808343038298,normal
CBGE,nonsense,NM_003844.4(TNFRSF10A):c.859C>T (p.Arg287Ter),chr8,TNFRSF10A,NM_003844.4,287,CGA,UGA,-10.206087148957176,normal
CBGE,nonsense,NM_003844.4(TNFRSF10A):c.940C>T (p.Gln314Ter),chr8,TNFRSF10A,NM_003844.4,314,CAA,UAA,-10.946289045900947,normal
CBGE,nonsense,NM_003844.4(TNFRSF10A):c.952C>T (p.Gln318Ter),chr8,TNFRSF10A,NM_003844.4,318,CAG,UAG,-11.30722432362215,normal
CBGE,nonsense,NM_003844.4(TNFRSF10A):c.985C>T (p.Gln329Ter),chr8,TNFRSF10A,NM_003844.4,329,CAG,UAG,-11.106645573300831,normal
CBGE,nonsense,NM_003921.5(BCL10):c.622C>T (p.Gln208Ter),chr1,BCL10,NM_003921.5,208,CAG,UAG,-10.23016546289185,normal
CBGE,nonsense,NM_003955.5(SOCS3):c.124C>T (p.Gln42Ter),chr17,SOCS3,NM_003955.5,42,CAG,UAG,-10.876171065473107,normal
CBGE,nonsense,NM_003955.5(SOCS3):c.286C>T (p.Gln96Ter),chr17,SOCS3,NM_003955.5,96,CAG,UAG,-12.853226734338746,normal
CBGE,nonsense,NM_003955.5(SOCS3):c.625C>T (p.Gln209Ter),chr17,SOCS3,NM_003955.5,209,CAG,UAG,-12.111902301551094,normal
CBGE,nonsense,NM_003998.4(NFKB1):c.148C>T (p.Gln50Ter),chr4,NFKB1,NM_003998.4,50,CAA,UAA,-10.234838532150516,normal
CBGE,nonsense,NM_003998.4(NFKB1):c.1522C>T (p.Gln508Ter),chr4,NFKB1,NM_003998.4,508,CAG,UAG,-12.35772319361018,normal
CBGE,nonsense,NM_003998.4(NFKB1):c.2282G>A (p.Trp761Ter),chr4,NFKB1,NM_003998.4,761,UGG,UAG,-10.904625955303452,normal
CBGE,nonsense,NM_003998.4(NFKB1):c.2283G>A (p.Trp761Ter),chr4,NFKB1,NM_003998.4,761,UGG,UGA,-10.8365211038954,normal
CBGE,nonsense,NM_003998.4(NFKB1):c.2349G>A (p.Trp783Ter),chr4,NFKB1,NM_003998.4,783,UGG,UGA,-11.512151684906373,normal
CBGE,nonsense,NM_003998.4(NFKB1):c.2498G>A (p.Trp833Ter),chr4,NFKB1,NM_003998.4,833,UGG,UAG,-12.42386437984012,normal
CBGE,nonsense,NM_003998.4(NFKB1):c.2499G>A (p.Trp833Ter),chr4,NFKB1,NM_003998.4,833,UGG,UGA,-11.95017906397807,normal
CBGE,nonsense,NM_003998.4(NFKB1):c.538C>T (p.Gln180Ter),chr4,NFKB1,NM_003998.4,180,CAA,UAA,-10.296436299024926,normal
CBGE,nonsense,NM_003998.4(NFKB1):c.94C>T (p.Gln32Ter),chr4,NFKB1,NM_003998.4,32,CAA,UAA,-10.561936484111904,normal
CBGE,nonsense,NM_004040.4(RHOB):c.154C>T (p.Gln52Ter),chr2,RHOB,NM_004040.4,52,CAG,UAG,-12.08130742233799,normal
CBGE,nonsense,NM_004040.4(RHOB):c.296G>A (p.Trp99Ter),chr2,RHOB,NM_004040.4,99,UGG,UAG,-14.996426552574883,normal
CBGE,nonsense,NM_004040.4(RHOB):c.297G>A (p.Trp99Ter),chr2,RHOB,NM_004040.4,99,UGG,UGA,-14.766179151386211,normal
CBGE,nonsense,NM_004040.4(RHOB):c.538C>T (p.Gln180Ter),chr2,RHOB,NM_004040.4,180,CAG,UAG,-11.982460011817404,normal
CBGE,nonsense,NM_004157.4(PRKAR2A):c.1000C>T (p.Gln334Ter),chr3,PRKAR2A,NM_004157.4,334,CAG,UAG,-10.690281947191822,normal
CBGE,nonsense,NM_004157.4(PRKAR2A):c.1093C>T (p.Gln365Ter),chr3,PRKAR2A,NM_004157.4,365,CAA,UAA,-8.059379602633044,normal
CBGE,nonsense,NM_004157.4(PRKAR2A):c.1162C>T (p.Gln388Ter),chr3,PRKAR2A,NM_004157.4,388,CAG,UAG,-15.218893078954412,normal
CBGE,nonsense,NM_004157.4(PRKAR2A):c.13C>T (p.Gln5Ter),chr3,PRKAR2A,NM_004157.4,5,CAG,UAG,-12.623065943807342,normal
CBGE,nonsense,NM_004157.4(PRKAR2A):c.169C>T (p.Gln57Ter),chr3,PRKAR2A,NM_004157.4,57,CAG,UAG,-10.870436738751897,normal
CBGE,nonsense,NM_004157.4(PRKAR2A):c.289C>T (p.Arg97Ter),chr3,PRKAR2A,NM_004157.4,97,CGA,UGA,-14.107241667569513,normal
CBGE,nonsense,NM_004157.4(PRKAR2A):c.376C>T (p.Gln126Ter),chr3,PRKAR2A,NM_004157.4,126,CAG,UAG,-12.584072129498464,normal
CBGE,nonsense,NM_004157.4(PRKAR2A):c.505C>T (p.Gln169Ter),chr3,PRKAR2A,NM_004157.4,169,CAA,UAA,-14.042733113477642,normal
CBGE,nonsense,NM_004157.4(PRKAR2A):c.577C>T (p.Gln193Ter),chr3,PRKAR2A,NM_004157.4,193,CAA,UAA,-9.57803255390542,normal
CBGE,nonsense,NM_004157.4(PRKAR2A):c.595C>T (p.Gln199Ter),chr3,PRKAR2A,NM_004157.4,199,CAA,UAA,-11.589381170462891,normal
CBGE,nonsense,NM_004157.4(PRKAR2A):c.689G>A (p.Trp230Ter),chr3,PRKAR2A,NM_004157.4,230,UGG,UAG,-14.39170077153886,normal
CBGE,nonsense,NM_004157.4(PRKAR2A):c.690G>A (p.Trp230Ter),chr3,PRKAR2A,NM_004157.4,230,UGG,UGA,-14.24626823267368,normal
CBGE,nonsense,NM_004157.4(PRKAR2A):c.808C>T (p.Arg270Ter),chr3,PRKAR2A,NM_004157.4,270,CGA,UGA,-12.847431207637715,normal
CBGE,nonsense,NM_004195.3(TNFRSF18):c.226C>T (p.Gln76Ter),chr1,TNFRSF18,NM_004195.3,76,CAG,UAG,-11.795860310772923,normal
CBGE,nonsense,NM_004195.3(TNFRSF18):c.292C>T (p.Gln98Ter),chr1,TNFRSF18,NM_004195.3,98,CAG,UAG,-11.667858137941131,normal
CBGE,nonsense,NM_004195.3(TNFRSF18):c.301C>T (p.Gln101Ter),chr1,TNFRSF18,NM_004195.3,101,CAG,UAG,-10.896577751099462,normal
CBGE,nonsense,NM_004195.3(TNFRSF18):c.307C>T (p.Gln103Ter),chr1,TNFRSF18,NM_004195.3,103,CAG,UAG,-10.697664314798551,normal
CBGE,nonsense,NM_004195.3(TNFRSF18):c.331C>T (p.Gln111Ter),chr1,TNFRSF18,NM_004195.3,111,CAG,UAG,-12.336286566655874,normal
CBGE,nonsense,NM_004195.3(TNFRSF18):c.494G>A (p.Trp165Ter),chr1,TNFRSF18,NM_004195.3,165,UGG,UAG,-12.787811232677228,normal
CBGE,nonsense,NM_004195.3(TNFRSF18):c.495G>A (p.Trp165Ter),chr1,TNFRSF18,NM_004195.3,165,UGG,UGA,-12.47774319416475,normal
CBGE,nonsense,NM_004195.3(TNFRSF18):c.583C>T (p.Gln195Ter),chr1,TNFRSF18,NM_004195.3,195,CAG,UAG,-11.642477977013897,normal
CBGE,nonsense,NM_004195.3(TNFRSF18):c.598C>T (p.Arg200Ter),chr1,TNFRSF18,NM_004195.3,200,CGA,UGA,-10.30203535535214,normal
CBGE,nonsense,NM_004195.3(TNFRSF18):c.607C>T (p.Gln203Ter),chr1,TNFRSF18,NM_004195.3,203,CAG,UAG,-12.043238674015871,normal
CBGE,nonsense,NM_004195.3(TNFRSF18):c.76C>T (p.Gln26Ter),chr1,TNFRSF18,NM_004195.3,26,CAG,UAG,-10.797834374654872,normal
CBGE,nonsense,NM_004226.4(STK17B):c.145C>T (p.Gln49Ter),chr2,STK17B,NM_004226.4,49,CAA,UAA,-11.247022618209542,normal
CBGE,nonsense,NM_004226.4(STK17B):c.25C>T (p.Arg9Ter),chr2,STK17B,NM_004226.4,9,CGA,UGA,-9.96557901646261,normal
CBGE,nonsense,NM_004226.4(STK17B):c.421C>T (p.Gln141Ter),chr2,STK17B,NM_004226.4,141,CAA,UAA,-12.59113306139158,normal
CBGE,nonsense,NM_004226.4(STK17B):c.550C>T (p.Arg184Ter),chr2,STK17B,NM_004226.4,184,CGA,UGA,-11.900320039813916,normal
CBGE,nonsense,NM_004226.4(STK17B):c.58C>T (p.Gln20Ter),chr2,STK17B,NM_004226.4,20,CAA,UAA,-11.381675735683762,normal
CBGE,nonsense,NM_004226.4(STK17B):c.656G>A (p.Trp219Ter),chr2,STK17B,NM_004226.4,219,UGG,UAG,-15.59249109964844,normal
CBGE,nonsense,NM_004226.4(STK17B):c.745C>T (p.Gln249Ter),chr2,STK17B,NM_004226.4,249,CAA,UAA,-11.399118509783325,normal
CBGE,nonsense,NM_004226.4(STK17B):c.940C>T (p.Gln314Ter),chr2,STK17B,NM_004226.4,314,CAG,UAG,-10.12038515279662,normal
CBGE,nonsense,NM_004295.4(TRAF4):c.1139G>A (p.Trp380Ter),chr17,TRAF4,NM_004295.4,380,UGG,UAG,-15.005678224855073,normal
CBGE,nonsense,NM_004295.4(TRAF4):c.1140G>A (p.Trp380Ter),chr17,TRAF4,NM_004295.4,380,UGG,UGA,-14.835182129681282,normal
CBGE,nonsense,NM_004295.4(TRAF4):c.1177C>T (p.Gln393Ter),chr17,TRAF4,NM_004295.4,393,CAG,UAG,-11.002325008848285,normal
CBGE,nonsense,NM_004295.4(TRAF4):c.1241G>A (p.Trp414Ter),chr17,TRAF4,NM_004295.4,414,UGG,UAG,-11.968551633310105,normal
CBGE,nonsense,NM_004295.4(TRAF4):c.1242G>A (p.Trp414Ter),chr17,TRAF4,NM_004295.4,414,UGG,UGA,-11.88364209842845,normal
CBGE,nonsense,NM_004295.4(TRAF4):c.1268G>A (p.Trp423Ter),chr17,TRAF4,NM_004295.4,423,UGG,UAG,-11.127853391422596,normal
CBGE,nonsense,NM_004295.4(TRAF4):c.1269G>A (p.Trp423Ter),chr17,TRAF4,NM_004295.4,423,UGG,UGA,-10.931682653380635,normal
CBGE,nonsense,NM_004295.4(TRAF4):c.130C>T (p.Gln44Ter),chr17,TRAF4,NM_004295.4,44,CAG,UAG,-13.551593809398396,normal
CBGE,nonsense,NM_004295.4(TRAF4):c.1336C>T (p.Arg446Ter),chr17,TRAF4,NM_004295.4,446,CGA,UGA,-10.608655034461057,normal
CBGE,nonsense,NM_004295.4(TRAF4):c.1342C>T (p.Arg448Ter),chr17,TRAF4,NM_004295.4,448,CGA,UGA,-9.230211250949129,normal
CBGE,nonsense,NM_004295.4(TRAF4):c.172C>T (p.Gln58Ter),chr17,TRAF4,NM_004295.4,58,CAG,UAG,-12.653370851946256,normal
CBGE,nonsense,NM_004295.4(TRAF4):c.223C>T (p.Gln75Ter),chr17,TRAF4,NM_004295.4,75,CAA,UAA,-10.63159745687675,normal
CBGE,nonsense,NM_004295.4(TRAF4):c.298C>T (p.Gln100Ter),chr17,TRAF4,NM_004295.4,100,CAG,UAG,-12.119653680725683,normal
CBGE,nonsense,NM_004295.4(TRAF4):c.391C>T (p.Gln131Ter),chr17,TRAF4,NM_004295.4,131,CAG,UAG,-13.106609419649494,normal
CBGE,nonsense,NM_004295.4(TRAF4):c.631C>T (p.Gln211Ter),chr17,TRAF4,NM_004295.4,211,CAG,UAG,-13.610765501864991,normal
CBGE,nonsense,NM_004295.4(TRAF4):c.637C>T (p.Gln213Ter),chr17,TRAF4,NM_004295.4,213,CAG,UAG,-12.627761876948032,normal
CBGE,nonsense,NM_004295.4(TRAF4):c.868C>T (p.Gln290Ter),chr17,TRAF4,NM_004295.4,290,CAG,UAG,-12.36820226011954,normal
CBGE,nonsense,NM_004295.4(TRAF4):c.877C>T (p.Gln293Ter),chr17,TRAF4,NM_004295.4,293,CAG,UAG,-11.785240153796078,normal
CBGE,nonsense,NM_004295.4(TRAF4):c.88C>T (p.Gln30Ter),chr17,TRAF4,NM_004295.4,30,CAG,UAG,-13.121847170937242,normal
CBGE,nonsense,NM_004295.4(TRAF4):c.964C>T (p.Gln322Ter),chr17,TRAF4,NM_004295.4,322,CAG,UAG,-11.619325728074234,normal
CBGE,nonsense,NM_004304.5(ALK):c.1375C>T (p.Gln459Ter),chr2,ALK,NM_004304.5,459,CAG,UAG,-10.603916130797284,normal
CBGE,nonsense,NM_004304.5(ALK):c.1502G>A (p.Trp501Ter),chr2,ALK,NM_004304.5,501,UGG,UAG,-12.239087073472511,normal
CBGE,nonsense,NM_004304.5(ALK):c.2371C>T (p.Gln791Ter),chr2,ALK,NM_004304.5,791,CAG,UAG,-11.054131488675186,normal
CBGE,nonsense,NM_004304.5(ALK):c.23G>A (p.Trp8Ter),chr2,ALK,NM_004304.5,8,UGG,UAG,-12.46030798687651,normal
CBGE,nonsense,NM_004304.5(ALK):c.2722C>T (p.Gln908Ter),chr2,ALK,NM_004304.5,908,CAG,UAG,-10.675693430986591,normal
CBGE,nonsense,NM_004304.5(ALK):c.2738G>A (p.Trp913Ter),chr2,ALK,NM_004304.5,913,UGG,UAG,-11.587947795475383,normal
CBGE,nonsense,NM_004304.5(ALK):c.329G>A (p.Trp110Ter),chr2,ALK,NM_004304.5,110,UGG,UAG,-12.811279315148262,normal
CBGE,nonsense,NM_004304.5(ALK):c.3649C>T (p.Gln1217Ter),chr2,ALK,NM_004304.5,1217,CAG,UAG,-11.243085810109168,normal
CBGE,nonsense,NM_004304.5(ALK):c.3939G>A (p.Trp1313Ter),chr2,ALK,NM_004304.5,1313,UGG,UGA,-14.834177048181632,normal
CBGE,nonsense,NM_004304.5(ALK):c.4282C>T (p.Gln1428Ter),chr2,ALK,NM_004304.5,1428,CAA,UAA,-10.214414567187344,normal
CBGE,nonsense,NM_004304.5(ALK):c.4285C>T (p.Gln1429Ter),chr2,ALK,NM_004304.5,1429,CAG,UAG,-10.484203305646805,normal
CBGE,nonsense,NM_004304.5(ALK):c.4390C>T (p.Arg1464Ter),chr2,ALK,NM_004304.5,1464,CGA,UGA,-9.107489531559898,normal
CBGE,nonsense,NM_004304.5(ALK):c.4444C>T (p.Gln1482Ter),chr2,ALK,NM_004304.5,1482,CAG,UAG,-10.192368526367384,normal
CBGE,nonsense,NM_004304.5(ALK):c.652C>T (p.Gln218Ter),chr2,ALK,NM_004304.5,218,CAG,UAG,-10.841789256296032,normal
CBGE,nonsense,NM_004304.5(ALK):c.898C>T (p.Gln300Ter),chr2,ALK,NM_004304.5,300,CAG,UAG,-10.443945888082997,normal
CBGE,nonsense,NM_004310.5(RHOH):c.151C>T (p.Gln51Ter),chr4,RHOH,NM_004310.5,51,CAG,UAG,-12.270902549700551,normal
CBGE,nonsense,NM_004310.5(RHOH):c.293G>A (p.Trp98Ter),chr4,RHOH,NM_004310.5,98,UGG,UAG,-15.398975378007757,lof
CBGE,nonsense,NM_004310.5(RHOH):c.294G>A (p.Trp98Ter),chr4,RHOH,NM_004310.5,98,UGG,UGA,-15.180476171263274,lof
CBGE,nonsense,NM_004310.5(RHOH):c.349C>T (p.Gln117Ter),chr4,RHOH,NM_004310.5,117,CAG,UAG,-12.8542985927557,normal
CBGE,nonsense,NM_004310.5(RHOH):c.421C>T (p.Gln141Ter),chr4,RHOH,NM_004310.5,141,CAG,UAG,-14.236013438900924,lof
CBGE,nonsense,NM_004310.5(RHOH):c.502C>T (p.Arg168Ter),chr4,RHOH,NM_004310.5,168,CGA,UGA,-12.278875401767344,lof
CBGE,nonsense,NM_004333.6(BRAF):c.1060C>T (p.Arg354Ter),chr7,BRAF,NM_004333.6,354,CGA,UGA,-10.25694571262912,normal
CBGE,nonsense,NM_004333.6(BRAF):c.1156C>T (p.Gln386Ter),chr7,BRAF,NM_004333.6,386,CAA,UAA,-10.366521810308909,normal
CBGE,nonsense,NM_004333.6(BRAF):c.1249C>T (p.Gln417Ter),chr7,BRAF,NM_004333.6,417,CAG,UAG,-10.935379982174338,normal
CBGE,nonsense,NM_004333.6(BRAF):c.1366C>T (p.Gln456Ter),chr7,BRAF,NM_004333.6,456,CAG,UAG,-11.58882717167706,normal
CBGE,nonsense,NM_004333.6(BRAF):c.1486C>T (p.Gln496Ter),chr7,BRAF,NM_004333.6,496,CAA,UAA,-11.822004338241207,normal
CBGE,nonsense,NM_004333.6(BRAF):c.154C>T (p.Gln52Ter),chr7,BRAF,NM_004333.6,52,CAA,UAA,-11.383348544027715,normal
CBGE,nonsense,NM_004333.6(BRAF):c.1588C>T (p.Gln530Ter),chr7,BRAF,NM_004333.6,530,CAG,UAG,-12.834629072413932,normal
CBGE,nonsense,NM_004333.6(BRAF):c.172C>T (p.Gln58Ter),chr7,BRAF,NM_004333.6,58,CAG,UAG,-11.363127801232444,normal
CBGE,nonsense,NM_004333.6(BRAF):c.1825C>T (p.Gln609Ter),chr7,BRAF,NM_004333.6,609,CAG,UAG,-11.407524056450514,normal
CBGE,nonsense,NM_004333.6(BRAF):c.1834C>T (p.Gln612Ter),chr7,BRAF,NM_004333.6,612,CAG,UAG,-10.650261920170244,normal
CBGE,nonsense,NM_004333.6(BRAF):c.1857G>A (p.Trp619Ter),chr7,BRAF,NM_004333.6,619,UGG,UGA,-15.936651197790702,normal
CBGE,nonsense,NM_004333.6(BRAF):c.1906C>T (p.Gln636Ter),chr7,BRAF,NM_004333.6,636,CAG,UAG,-13.156629542822571,normal
CBGE,nonsense,NM_004333.6(BRAF):c.46C>T (p.Gln16Ter),chr7,BRAF,NM_004333.6,16,CAG,UAG,-10.488416620440605,normal
CBGE,nonsense,NM_004333.6(BRAF):c.601C>T (p.Gln201Ter),chr7,BRAF,NM_004333.6,201,CAG,UAG,-10.339128530586676,normal
CBGE,nonsense,NM_004333.6(BRAF):c.629G>A (p.Trp210Ter),chr7,BRAF,NM_004333.6,210,UGG,UAG,-11.993978404716897,normal
CBGE,nonsense,NM_004333.6(BRAF):c.630G>A (p.Trp210Ter),chr7,BRAF,NM_004333.6,210,UGG,UGA,-11.819115577296197,normal
CBGE,nonsense,NM_004333.6(BRAF):c.754C>T (p.Arg252Ter),chr7,BRAF,NM_004333.6,252,CGA,UGA,-9.820918072657582,normal
CBGE,nonsense,NM_004333.6(BRAF):c.784C>T (p.Gln262Ter),chr7,BRAF,NM_004333.6,262,CAA,UAA,-11.825089409715538,normal
CBGE,nonsense,NM_004350.3(RUNX3):c.1150C>T (p.Gln384Ter),chr1,RUNX3,NM_004350.3,384,CAG,UAG,-10.12171174660828,normal
CBGE,nonsense,NM_004350.3(RUNX3):c.249G>A (p.Trp83Ter),chr1,RUNX3,NM_004350.3,83,UGG,UGA,-13.825077088058372,normal
CBGE,nonsense,NM_004350.3(RUNX3):c.502C>T (p.Arg168Ter),chr1,RUNX3,NM_004350.3,168,CGA,UGA,-9.022440390844537,normal
CBGE,nonsense,NM_004350.3(RUNX3):c.553C>T (p.Gln185Ter),chr1,RUNX3,NM_004350.3,185,CAG,UAG,-12.029615336253936,normal
CBGE,nonsense,NM_004350.3(RUNX3):c.700C>T (p.Gln234Ter),chr1,RUNX3,NM_004350.3,234,CAA,UAA,-9.679728507715245,normal
CBGE,nonsense,NM_004350.3(RUNX3):c.949C>T (p.Gln317Ter),chr1,RUNX3,NM_004350.3,317,CAG,UAG,-11.333078440666869,normal
CBGE,nonsense,NM_004350.3(RUNX3):c.955C>T (p.Gln319Ter),chr1,RUNX3,NM_004350.3,319,CAG,UAG,-11.13393783438463,normal
CBGE,nonsense,NM_004379.5(CREB1):c.112C>T (p.Gln38Ter),chr2,CREB1,NM_004379.5,38,CAG,UAG,-10.586442929939594,normal
CBGE,nonsense,NM_004379.5(CREB1):c.169C>T (p.Gln57Ter),chr2,CREB1,NM_004379.5,57,CAG,UAG,-12.372669226181534,normal
CBGE,nonsense,NM_004379.5(CREB1):c.184C>T (p.Gln62Ter),chr2,CREB1,NM_004379.5,62,CAG,UAG,-13.851790488661043,normal
CBGE,nonsense,NM_004379.5(CREB1):c.193C>T (p.Gln65Ter),chr2,CREB1,NM_004379.5,65,CAA,UAA,-9.751907371083892,normal
CBGE,nonsense,NM_004379.5(CREB1):c.244C>T (p.Gln82Ter),chr2,CREB1,NM_004379.5,82,CAA,UAA,-11.2280521681662,normal
CBGE,nonsense,NM_004379.5(CREB1):c.250C>T (p.Gln84Ter),chr2,CREB1,NM_004379.5,84,CAA,UAA,-13.422449071535606,normal
CBGE,nonsense,NM_004379.5(CREB1):c.292C>T (p.Gln98Ter),chr2,CREB1,NM_004379.5,98,CAG,UAG,-10.074591617209034,normal
CBGE,nonsense,NM_004379.5(CREB1):c.322C>T (p.Gln108Ter),chr2,CREB1,NM_004379.5,108,CAA,UAA,-10.647025112283597,normal
CBGE,nonsense,NM_004379.5(CREB1):c.328C>T (p.Arg110Ter),chr2,CREB1,NM_004379.5,110,CGA,UGA,-10.4971151613712,normal
CBGE,nonsense,NM_004379.5(CREB1):c.484C>T (p.Gln162Ter),chr2,CREB1,NM_004379.5,162,CAA,UAA,-11.211971304302,normal
CBGE,nonsense,NM_004379.5(CREB1):c.625C>T (p.Gln209Ter),chr2,CREB1,NM_004379.5,209,CAG,UAG,-11.016951544586716,normal
CBGE,nonsense,NM_004379.5(CREB1):c.634C>T (p.Gln212Ter),chr2,CREB1,NM_004379.5,212,CAG,UAG,-10.471788346470287,normal
CBGE,nonsense,NM_004379.5(CREB1):c.673C>T (p.Gln225Ter),chr2,CREB1,NM_004379.5,225,CAA,UAA,-10.294227668310755,normal
CBGE,nonsense,NM_004379.5(CREB1):c.808C>T (p.Arg270Ter),chr2,CREB1,NM_004379.5,270,CGA,UGA,-7.728389697566939,normal
CBGE,nonsense,NM_004379.5(CREB1):c.919C>T (p.Gln307Ter),chr2,CREB1,NM_004379.5,307,CAA,UAA,-10.189346383368374,normal
CBGE,nonsense,NM_004383.3(CSK):c.1027C>T (p.Gln343Ter),chr15,CSK,NM_004383.3,343,CAG,UAG,-11.856150616095931,normal
CBGE,nonsense,NM_004383.3(CSK):c.1055G>A (p.Trp352Ter),chr15,CSK,NM_004383.3,352,UGG,UAG,-15.680051792723605,normal
CBGE,nonsense,NM_004383.3(CSK):c.1056G>A (p.Trp352Ter),chr15,CSK,NM_004383.3,352,UGG,UGA,-15.749230434746284,normal
CBGE,nonsense,NM_004383.3(CSK):c.1109G>A (p.Trp370Ter),chr15,CSK,NM_004383.3,370,UGG,UAG,-13.932504659114876,normal
CBGE,nonsense,NM_004383.3(CSK):c.1110G>A (p.Trp370Ter),chr15,CSK,NM_004383.3,370,UGG,UGA,-13.80587390961163,normal
CBGE,nonsense,NM_004383.3(CSK):c.13C>T (p.Gln5Ter),chr15,CSK,NM_004383.3,5,CAG,UAG,-10.29800227856588,normal
CBGE,nonsense,NM_004383.3(CSK):c.141G>A (p.Trp47Ter),chr15,CSK,NM_004383.3,47,UGG,UGA,-15.305946392245655,normal
CBGE,nonsense,NM_004383.3(CSK):c.451C>T (p.Gln151Ter),chr15,CSK,NM_004383.3,151,CAG,UAG,-13.741484695043386,normal
CBGE,nonsense,NM_004383.3(CSK):c.595C>T (p.Gln199Ter),chr15,CSK,NM_004383.3,199,CAG,UAG,-12.440172219034334,normal
CBGE,nonsense,NM_004383.3(CSK):c.724C>T (p.Gln242Ter),chr15,CSK,NM_004383.3,242,CAA,UAA,-12.3665219109674,normal
CBGE,nonsense,NM_004383.3(CSK):c.748C>T (p.Gln250Ter),chr15,CSK,NM_004383.3,250,CAG,UAG,-12.491099314427496,normal
CBGE,nonsense,NM_004430.3(EGR3):c.223C>T (p.Gln75Ter),chr8,EGR3,NM_004430.3,75,CAG,UAG,-11.525093062186606,normal
CBGE,nonsense,NM_004430.3(EGR3):c.367C>T (p.Gln123Ter),chr8,EGR3,NM_004430.3,123,CAG,UAG,-10.02911564598928,normal
CBGE,nonsense,NM_004430.3(EGR3):c.391C>T (p.Gln131Ter),chr8,EGR3,NM_004430.3,131,CAG,UAG,-10.74437708795033,normal
CBGE,nonsense,NM_004430.3(EGR3):c.490C>T (p.Gln164Ter),chr8,EGR3,NM_004430.3,164,CAG,UAG,-12.286162392404863,normal
CBGE,nonsense,NM_004430.3(EGR3):c.520C>T (p.Gln174Ter),chr8,EGR3,NM_004430.3,174,CAG,UAG,-11.992898921870996,normal
CBGE,nonsense,NM_004430.3(EGR3):c.529C>T (p.Gln177Ter),chr8,EGR3,NM_004430.3,177,CAA,UAA,-10.236528396038382,normal
CBGE,nonsense,NM_004430.3(EGR3):c.637C>T (p.Gln213Ter),chr8,EGR3,NM_004430.3,213,CAG,UAG,-12.072729116911692,normal
CBGE,nonsense,NM_004430.3(EGR3):c.712C>T (p.Gln238Ter),chr8,EGR3,NM_004430.3,238,CAG,UAG,-12.357654621405414,normal
CBGE,nonsense,NM_004448.4(ERBB2):c.1192C>T (p.Gln398Ter),chr17,ERBB2,NM_004448.4,398,CAA,UAA,-10.299695001884182,normal
CBGE,nonsense,NM_004448.4(ERBB2):c.1244G>A (p.Trp415Ter),chr17,ERBB2,NM_004448.4,415,UGG,UAG,-11.467338547435286,normal
CBGE,nonsense,NM_004448.4(ERBB2):c.151C>T (p.Gln51Ter),chr17,ERBB2,NM_004448.4,51,CAG,UAG,-11.790540679788116,normal
CBGE,nonsense,NM_004448.4(ERBB2):c.1537C>T (p.Gln513Ter),chr17,ERBB2,NM_004448.4,513,CAG,UAG,-12.177877439004783,normal
CBGE,nonsense,NM_004448.4(ERBB2):c.1549C>T (p.Arg517Ter),chr17,ERBB2,NM_004448.4,517,CGA,UGA,-10.235750232580887,normal
CBGE,nonsense,NM_004448.4(ERBB2):c.1563G>A (p.Trp521Ter),chr17,ERBB2,NM_004448.4,521,UGG,UGA,-14.533514897367898,normal
CBGE,nonsense,NM_004448.4(ERBB2):c.1597C>T (p.Gln533Ter),chr17,ERBB2,NM_004448.4,533,CAG,UAG,-11.775789294404024,normal
CBGE,nonsense,NM_004448.4(ERBB2):c.1612C>T (p.Gln538Ter),chr17,ERBB2,NM_004448.4,538,CAG,UAG,-11.871591556859068,normal
CBGE,nonsense,NM_004448.4(ERBB2):c.2395C>T (p.Gln799Ter),chr17,ERBB2,NM_004448.4,799,CAG,UAG,-11.075231580211822,normal
CBGE,nonsense,NM_004448.4(ERBB2):c.2458C>T (p.Gln820Ter),chr17,ERBB2,NM_004448.4,820,CAG,UAG,-11.778841011429094,normal
CBGE,nonsense,NM_004448.4(ERBB2):c.3328C>T (p.Gln1110Ter),chr17,ERBB2,NM_004448.4,1110,CAG,UAG,-10.946598036515086,normal
CBGE,nonsense,NM_004448.4(ERBB2):c.3673C>T (p.Gln1225Ter),chr17,ERBB2,NM_004448.4,1225,CAG,UAG,-11.309428245646004,normal
CBGE,nonsense,NM_004448.4(ERBB2):c.427C>T (p.Arg143Ter),chr17,ERBB2,NM_004448.4,143,CGA,UGA,-10.593602124641436,normal
CBGE,nonsense,NM_004448.4(ERBB2):c.478C>T (p.Gln160Ter),chr17,ERBB2,NM_004448.4,160,CAG,UAG,-11.631526935236575,normal
CBGE,nonsense,NM_004448.4(ERBB2):c.958C>T (p.Gln320Ter),chr17,ERBB2,NM_004448.4,320,CAA,UAA,-8.96727180146863,normal
CBGE,nonsense,NM_004527.4(MEOX1):c.139C>T (p.Gln47Ter),chr17,MEOX1,NM_004527.4,47,CAG,UAG,-12.391059919781403,normal
CBGE,nonsense,NM_004527.4(MEOX1):c.268C>T (p.Gln90Ter),chr17,MEOX1,NM_004527.4,90,CAG,UAG,-11.734100401505676,normal
CBGE,nonsense,NM_004527.4(MEOX1):c.281G>A (p.Trp94Ter),chr17,MEOX1,NM_004527.4,94,UGG,UAG,-12.877262117285138,normal
CBGE,nonsense,NM_004527.4(MEOX1):c.37C>T (p.Gln13Ter),chr17,MEOX1,NM_004527.4,13,CAG,UAG,-11.796974146902809,normal
CBGE,nonsense,NM_004527.4(MEOX1):c.475C>T (p.Gln159Ter),chr17,MEOX1,NM_004527.4,159,CAG,UAG,-11.106516907997651,normal
CBGE,nonsense,NM_004527.4(MEOX1):c.544C>T (p.Gln182Ter),chr17,MEOX1,NM_004527.4,182,CAG,UAG,-13.172829672078684,normal
CBGE,nonsense,NM_004527.4(MEOX1):c.550C>T (p.Arg184Ter),chr17,MEOX1,NM_004527.4,184,CGA,UGA,-8.944408370619577,normal
CBGE,nonsense,NM_004527.4(MEOX1):c.56G>A (p.Trp19Ter),chr17,MEOX1,NM_004527.4,19,UGG,UAG,-11.779456197761451,normal
CBGE,nonsense,NM_004527.4(MEOX1):c.57G>A (p.Trp19Ter),chr17,MEOX1,NM_004527.4,19,UGG,UGA,-11.343636483445584,normal
CBGE,nonsense,NM_004527.4(MEOX1):c.640C>T (p.Gln214Ter),chr17,MEOX1,NM_004527.4,214,CAG,UAG,-12.725948324352618,normal
CBGE,nonsense,NM_004527.4(MEOX1):c.653G>A (p.Trp218Ter),chr17,MEOX1,NM_004527.4,218,UGG,UAG,-12.532191272409811,normal
CBGE,nonsense,NM_004527.4(MEOX1):c.654G>A (p.Trp218Ter),chr17,MEOX1,NM_004527.4,218,UGG,UGA,-12.272316929284106,normal
CBGE,nonsense,NM_004527.4(MEOX1):c.658C>T (p.Gln220Ter),chr17,MEOX1,NM_004527.4,220,CAG,UAG,-11.71354009426473,normal
CBGE,nonsense,NM_004527.4(MEOX1):c.664C>T (p.Arg222Ter),chr17,MEOX1,NM_004527.4,222,CGA,UGA,-11.949755667159028,normal
CBGE,nonsense,NM_004527.4(MEOX1):c.677G>A (p.Trp226Ter),chr17,MEOX1,NM_004527.4,226,UGG,UAG,-14.083627643474683,normal
CBGE,nonsense,NM_004527.4(MEOX1):c.678G>A (p.Trp226Ter),chr17,MEOX1,NM_004527.4,226,UGG,UGA,-14.007650340205949,normal
CBGE,nonsense,NM_004573.3(PLCB2):c.1003C>T (p.Gln335Ter),chr15,PLCB2,NM_004573.3,335,CAG,UAG,-12.244543060073685,normal
CBGE,nonsense,NM_004573.3(PLCB2):c.1039C>T (p.Gln347Ter),chr15,PLCB2,NM_004573.3,347,CAG,UAG,-12.39980896224101,normal
CBGE,nonsense,NM_004573.3(PLCB2):c.1246C>T (p.Gln416Ter),chr15,PLCB2,NM_004573.3,416,CAG,UAG,-13.269264243691948,normal
CBGE,nonsense,NM_004573.3(PLCB2):c.1249C>T (p.Gln417Ter),chr15,PLCB2,NM_004573.3,417,CAG,UAG,-12.850167252730404,normal
CBGE,nonsense,NM_004573.3(PLCB2):c.1396C>T (p.Gln466Ter),chr15,PLCB2,NM_004573.3,466,CAG,UAG,-10.538520808503511,normal
CBGE,nonsense,NM_004573.3(PLCB2):c.146G>A (p.Trp49Ter),chr15,PLCB2,NM_004573.3,49,UGG,UAG,-12.865037047006243,normal
CBGE,nonsense,NM_004573.3(PLCB2):c.1588C>T (p.Gln530Ter),chr15,PLCB2,NM_004573.3,530,CAG,UAG,-11.167757957610783,normal
CBGE,nonsense,NM_004573.3(PLCB2):c.1771C>T (p.Gln591Ter),chr15,PLCB2,NM_004573.3,591,CAG,UAG,-13.39602195587224,normal
CBGE,nonsense,NM_004573.3(PLCB2):c.1852C>T (p.Gln618Ter),chr15,PLCB2,NM_004573.3,618,CAG,UAG,-14.556415602611237,normal
CBGE,nonsense,NM_004573.3(PLCB2):c.1862G>A (p.Trp621Ter),chr15,PLCB2,NM_004573.3,621,UGG,UAG,-16.12821771009736,normal
CBGE,nonsense,NM_004573.3(PLCB2):c.1863G>A (p.Trp621Ter),chr15,PLCB2,NM_004573.3,621,UGG,UGA,-16.237365698427478,normal
CBGE,nonsense,NM_004573.3(PLCB2):c.1918C>T (p.Gln640Ter),chr15,PLCB2,NM_004573.3,640,CAG,UAG,-14.410258303474045,normal
CBGE,nonsense,NM_004573.3(PLCB2):c.1999C>T (p.Gln667Ter),chr15,PLCB2,NM_004573.3,667,CAG,UAG,-10.29524987151608,normal
CBGE,nonsense,NM_004573.3(PLCB2):c.235C>T (p.Gln79Ter),chr15,PLCB2,NM_004573.3,79,CAG,UAG,-10.877868696970284,normal
CBGE,nonsense,NM_004573.3(PLCB2):c.2426G>A (p.Trp809Ter),chr15,PLCB2,NM_004573.3,809,UGG,UAG,-9.652334880877325,normal
CBGE,nonsense,NM_004573.3(PLCB2):c.2427G>A (p.Trp809Ter),chr15,PLCB2,NM_004573.3,809,UGG,UGA,-9.303648680871426,normal
CBGE,nonsense,NM_004573.3(PLCB2):c.2560C>T (p.Gln854Ter),chr15,PLCB2,NM_004573.3,854,CAG,UAG,-11.674068422454813,normal
CBGE,nonsense,NM_004573.3(PLCB2):c.2704C>T (p.Gln902Ter),chr15,PLCB2,NM_004573.3,902,CAG,UAG,-12.69561385852434,normal
CBGE,nonsense,NM_004573.3(PLCB2):c.2773C>T (p.Gln925Ter),chr15,PLCB2,NM_004573.3,925,CAG,UAG,-12.03655527726671,normal
CBGE,nonsense,NM_004573.3(PLCB2):c.3037C>T (p.Gln1013Ter),chr15,PLCB2,NM_004573.3,1013,CAA,UAA,-10.824359961440402,normal
CBGE,nonsense,NM_004573.3(PLCB2):c.3292C>T (p.Gln1098Ter),chr15,PLCB2,NM_004573.3,1098,CAG,UAG,-12.30375564744489,normal
CBGE,nonsense,NM_004573.3(PLCB2):c.3313C>T (p.Gln1105Ter),chr15,PLCB2,NM_004573.3,1105,CAG,UAG,-12.463565827106237,normal
CBGE,nonsense,NM_004573.3(PLCB2):c.3331C>T (p.Gln1111Ter),chr15,PLCB2,NM_004573.3,1111,CAG,UAG,-13.234393051752496,normal
CBGE,nonsense,NM_004573.3(PLCB2):c.3352C>T (p.Gln1118Ter),chr15,PLCB2,NM_004573.3,1118,CAG,UAG,-13.060823473544726,normal
CBGE,nonsense,NM_004573.3(PLCB2):c.739C>T (p.Gln247Ter),chr15,PLCB2,NM_004573.3,247,CAG,UAG,-9.420183294688709,normal
CBGE,nonsense,NM_004573.3(PLCB2):c.796C>T (p.Gln266Ter),chr15,PLCB2,NM_004573.3,266,CAG,UAG,-10.894296642438318,normal
CBGE,nonsense,NM_004573.3(PLCB2):c.844C>T (p.Gln282Ter),chr15,PLCB2,NM_004573.3,282,CAG,UAG,-11.543821233855354,normal
CBGE,nonsense,NM_004573.3(PLCB2):c.853C>T (p.Gln285Ter),chr15,PLCB2,NM_004573.3,285,CAG,UAG,-10.72832477390532,normal
CBGE,nonsense,NM_004579.5(MAP4K2):c.1000C>T (p.Gln334Ter),chr11,MAP4K2,NM_004579.5,334,CAG,UAG,-10.995974548125782,normal
CBGE,nonsense,NM_004579.5(MAP4K2):c.1495C>T (p.Gln499Ter),chr11,MAP4K2,NM_004579.5,499,CAG,UAG,-10.697477400893783,normal
CBGE,nonsense,NM_004579.5(MAP4K2):c.1652G>A (p.Trp551Ter),chr11,MAP4K2,NM_004579.5,551,UGG,UAG,-13.123678173117945,normal
CBGE,nonsense,NM_004579.5(MAP4K2):c.1653G>A (p.Trp551Ter),chr11,MAP4K2,NM_004579.5,551,UGG,UGA,-12.781862272854742,normal
CBGE,nonsense,NM_004579.5(MAP4K2):c.1681C>T (p.Gln561Ter),chr11,MAP4K2,NM_004579.5,561,CAG,UAG,-10.76595211587098,normal
CBGE,nonsense,NM_004579.5(MAP4K2):c.1798C>T (p.Gln600Ter),chr11,MAP4K2,NM_004579.5,600,CAG,UAG,-11.257887833269708,normal
CBGE,nonsense,NM_004579.5(MAP4K2):c.1880G>A (p.Trp627Ter),chr11,MAP4K2,NM_004579.5,627,UGG,UAG,-12.700740781880178,normal
CBGE,nonsense,NM_004579.5(MAP4K2):c.1881G>A (p.Trp627Ter),chr11,MAP4K2,NM_004579.5,627,UGG,UGA,-12.503798460291511,normal
CBGE,nonsense,NM_004579.5(MAP4K2):c.1894C>T (p.Gln632Ter),chr11,MAP4K2,NM_004579.5,632,CAG,UAG,-11.5239429848298,normal
CBGE,nonsense,NM_004579.5(MAP4K2):c.1987C>T (p.Gln663Ter),chr11,MAP4K2,NM_004579.5,663,CAG,UAG,-9.5458573272713,normal
CBGE,nonsense,NM_004579.5(MAP4K2):c.2116C>T (p.Gln706Ter),chr11,MAP4K2,NM_004579.5,706,CAG,UAG,-11.676206640821691,normal
CBGE,nonsense,NM_004579.5(MAP4K2):c.2125C>T (p.Gln709Ter),chr11,MAP4K2,NM_004579.5,709,CAG,UAG,-11.165735297900872,normal
CBGE,nonsense,NM_004579.5(MAP4K2):c.2299C>T (p.Arg767Ter),chr11,MAP4K2,NM_004579.5,767,CGA,UGA,-8.659763612357807,normal
CBGE,nonsense,NM_004579.5(MAP4K2):c.2356C>T (p.Arg786Ter),chr11,MAP4K2,NM_004579.5,786,CGA,UGA,-10.337790466681756,normal
CBGE,nonsense,NM_004579.5(MAP4K2):c.260G>A (p.Trp87Ter),chr11,MAP4K2,NM_004579.5,87,UGG,UAG,-14.012159334444586,normal
CBGE,nonsense,NM_004579.5(MAP4K2):c.261G>A (p.Trp87Ter),chr11,MAP4K2,NM_004579.5,87,UGG,UGA,-14.0581407802294,normal
CBGE,nonsense,NM_004579.5(MAP4K2):c.28C>T (p.Gln10Ter),chr11,MAP4K2,NM_004579.5,10,CAG,UAG,-11.623231881844644,normal
CBGE,nonsense,NM_004579.5(MAP4K2):c.295C>T (p.Gln99Ter),chr11,MAP4K2,NM_004579.5,99,CAG,UAG,-8.629844709650087,normal
CBGE,nonsense,NM_004579.5(MAP4K2):c.352C>T (p.Arg118Ter),chr11,MAP4K2,NM_004579.5,118,CGA,UGA,-10.14342684636064,normal
CBGE,nonsense,NM_004579.5(MAP4K2):c.439C>T (p.Gln147Ter),chr11,MAP4K2,NM_004579.5,147,CAG,UAG,-10.949295003212027,normal
CBGE,nonsense,NM_004579.5(MAP4K2):c.531G>A (p.Trp177Ter),chr11,MAP4K2,NM_004579.5,177,UGG,UGA,-15.12313842889314,normal
CBGE,nonsense,NM_004579.5(MAP4K2):c.58C>T (p.Gln20Ter),chr11,MAP4K2,NM_004579.5,20,CAG,UAG,-12.345008881908116,normal
CBGE,nonsense,NM_004579.5(MAP4K2):c.805C>T (p.Gln269Ter),chr11,MAP4K2,NM_004579.5,269,CAG,UAG,-12.9008588012102,normal
CBGE,nonsense,NM_004579.5(MAP4K2):c.823C>T (p.Gln275Ter),chr11,MAP4K2,NM_004579.5,275,CAG,UAG,-12.641356369689674,normal
CBGE,nonsense,NM_004579.5(MAP4K2):c.826C>T (p.Gln276Ter),chr11,MAP4K2,NM_004579.5,276,CAG,UAG,-12.10107420633237,normal
CBGE,nonsense,NM_004612.4(TGFBR1):c.1237C>T (p.Arg413Ter),chr9,TGFBR1,NM_004612.4,413,CGA,UGA,-9.204809251889015,normal
CBGE,nonsense,NM_004612.4(TGFBR1):c.1240C>T (p.Arg414Ter),chr9,TGFBR1,NM_004612.4,414,CGA,UGA,-9.590629564231149,normal
CBGE,nonsense,NM_004612.4(TGFBR1):c.1342C>T (p.Gln448Ter),chr9,TGFBR1,NM_004612.4,448,CAG,UAG,-9.820682496619217,normal
CBGE,nonsense,NM_004612.4(TGFBR1):c.1373G>A (p.Trp458Ter),chr9,TGFBR1,NM_004612.4,458,UGG,UAG,-16.215763096783476,normal
CBGE,nonsense,NM_004612.4(TGFBR1):c.1374G>A (p.Trp458Ter),chr9,TGFBR1,NM_004612.4,458,UGG,UGA,-16.287868479277684,normal
CBGE,nonsense,NM_004612.4(TGFBR1):c.1480C>T (p.Gln494Ter),chr9,TGFBR1,NM_004612.4,494,CAA,UAA,-10.572216959030918,normal
CBGE,nonsense,NM_004612.4(TGFBR1):c.1489C>T (p.Gln497Ter),chr9,TGFBR1,NM_004612.4,497,CAA,UAA,-11.564134552382283,normal
CBGE,nonsense,NM_004612.4(TGFBR1):c.469C>T (p.Arg157Ter),chr9,TGFBR1,NM_004612.4,157,CGA,UGA,-10.450471923877764,normal
CBGE,nonsense,NM_004612.4(TGFBR1):c.622C>T (p.Gln208Ter),chr9,TGFBR1,NM_004612.4,208,CAA,UAA,-8.307283439743344,normal
CBGE,nonsense,NM_004612.4(TGFBR1):c.643C>T (p.Arg215Ter),chr9,TGFBR1,NM_004612.4,215,CGA,UGA,-9.658789580358228,normal
CBGE,nonsense,NM_004612.4(TGFBR1):c.725G>A (p.Trp242Ter),chr9,TGFBR1,NM_004612.4,242,UGG,UAG,-12.12022299927218,normal
CBGE,nonsense,NM_004612.4(TGFBR1):c.726G>A (p.Trp242Ter),chr9,TGFBR1,NM_004612.4,242,UGG,UGA,-12.023937200002717,normal
CBGE,nonsense,NM_004620.4(TRAF6):c.1039C>T (p.Gln347Ter),chr11,TRAF6,NM_004620.4,347,CAG,UAG,-11.73735053685005,normal
CBGE,nonsense,NM_004620.4(TRAF6):c.1042C>T (p.Gln348Ter),chr11,TRAF6,NM_004620.4,348,CAG,UAG,-10.105676616136556,normal
CBGE,nonsense,NM_004620.4(TRAF6):c.1309C>T (p.Gln437Ter),chr11,TRAF6,NM_004620.4,437,CAG,UAG,-12.023706441120748,lof
CBGE,nonsense,NM_004620.4(TRAF6):c.1546C>T (p.Arg516Ter),chr11,TRAF6,NM_004620.4,516,CGA,UGA,-9.562742206729176,lof
CBGE,nonsense,NM_004620.4(TRAF6):c.799C>T (p.Gln267Ter),chr11,TRAF6,NM_004620.4,267,CAG,UAG,-9.014686572591849,normal
CBGE,nonsense,NM_004620.4(TRAF6):c.901C>T (p.Gln301Ter),chr11,TRAF6,NM_004620.4,301,CAG,UAG,-12.932535121623198,normal
CBGE,nonsense,NM_004620.4(TRAF6):c.925C>T (p.Gln309Ter),chr11,TRAF6,NM_004620.4,309,CAA,UAA,-10.061292633032462,lof
CBGE,nonsense,NM_004656.4(BAP1):c.1009A>T (p.Lys337Ter),chr3,BAP1,NM_004656.4,337,AAG,UAG,-12.290992782441029,lof
CBGE,nonsense,NM_004656.4(BAP1):c.1063C>T (p.Gln355Ter),chr3,BAP1,NM_004656.4,355,CAG,UAG,-11.382254610307772,lof
CBGE,nonsense,NM_004656.4(BAP1):c.106C>T (p.Gln36Ter),chr3,BAP1,NM_004656.4,36,CAG,UAG,-12.106686647767749,lof
CBGE,nonsense,NM_004656.4(BAP1):c.1098T>A (p.Tyr366Ter),chr3,BAP1,NM_004656.4,366,UAU,UAA,-9.716692854647237,lof
CBGE,nonsense,NM_004656.4(BAP1):c.1098T>G (p.Tyr366Ter),chr3,BAP1,NM_004656.4,366,UAU,UAG,-9.589221990267877,lof
CBGE,nonsense,NM_004656.4(BAP1):c.1102A>T (p.Lys368Ter),chr3,BAP1,NM_004656.4,368,AAG,UAG,-12.725147297747618,lof
CBGE,nonsense,NM_004656.4(BAP1):c.1114C>T (p.Gln372Ter),chr3,BAP1,NM_004656.4,372,CAG,UAG,-10.222013438758362,lof
CBGE,nonsense,NM_004656.4(BAP1):c.1117G>T (p.Glu373Ter),chr3,BAP1,NM_004656.4,373,GAG,UAG,-12.008384740976885,lof
CBGE,nonsense,NM_004656.4(BAP1):c.1120G>T (p.Glu374Ter),chr3,BAP1,NM_004656.4,374,GAA,UAA,-10.745088552629896,lof
CBGE,nonsense,NM_004656.4(BAP1):c.1123G>T (p.Glu375Ter),chr3,BAP1,NM_004656.4,375,GAA,UAA,-11.262691466970326,lof
CBGE,nonsense,NM_004656.4(BAP1):c.112A>T (p.Lys38Ter),chr3,BAP1,NM_004656.4,38,AAA,UAA,-11.453160330802447,lof
CBGE,nonsense,NM_004656.4(BAP1):c.1153C>T (p.Arg385Ter),chr3,BAP1,NM_004656.4,385,CGA,UGA,-10.1434383468752,lof
CBGE,nonsense,NM_004656.4(BAP1):c.1174C>T (p.Gln392Ter),chr3,BAP1,NM_004656.4,392,CAG,UAG,-11.501779561917967,lof
CBGE,nonsense,NM_004656.4(BAP1):c.1177C>T (p.Gln393Ter),chr3,BAP1,NM_004656.4,393,CAG,UAG,-11.484462706881564,lof
CBGE,nonsense,NM_004656.4(BAP1):c.117T>A (p.Cys39Ter),chr3,BAP1,NM_004656.4,39,UGU,UGA,-10.491632007120367,lof
CBGE,nonsense,NM_004656.4(BAP1):c.1182C>A (p.Tyr394Ter),chr3,BAP1,NM_004656.4,394,UAC,UAA,-11.83295049641746,lof
CBGE,nonsense,NM_004656.4(BAP1):c.1182C>G (p.Tyr394Ter),chr3,BAP1,NM_004656.4,394,UAC,UAG,-11.195659687406568,lof
CBGE,nonsense,NM_004656.4(BAP1):c.1184C>A (p.Ser395Ter),chr3,BAP1,NM_004656.4,395,UCA,UAA,-11.197635590485678,lof
CBGE,nonsense,NM_004656.4(BAP1):c.1184C>G (p.Ser395Ter),chr3,BAP1,NM_004656.4,395,UCA,UGA,-10.30333700109935,lof
CBGE,nonsense,NM_004656.4(BAP1):c.118C>T (p.Gln40Ter),chr3,BAP1,NM_004656.4,40,CAG,UAG,-11.035377509612138,lof
CBGE,nonsense,NM_004656.4(BAP1):c.1192G>T (p.Glu398Ter),chr3,BAP1,NM_004656.4,398,GAG,UAG,-13.775115961718669,lof
CBGE,nonsense,NM_004656.4(BAP1):c.1203T>A (p.Tyr401Ter),chr3,BAP1,NM_004656.4,401,UAU,UAA,-12.021143879811346,lof
CBGE,nonsense,NM_004656.4(BAP1):c.1203T>G (p.Tyr401Ter),chr3,BAP1,NM_004656.4,401,UAU,UAG,-11.925495129176106,lof
CBGE,nonsense,NM_004656.4(BAP1):c.1204G>T (p.Glu402Ter),chr3,BAP1,NM_004656.4,402,GAG,UAG,-13.83247185720307,lof
CBGE,nonsense,NM_004656.4(BAP1):c.1213G>T (p.Glu405Ter),chr3,BAP1,NM_004656.4,405,GAG,UAG,-11.71139909007619,lof
CBGE,nonsense,NM_004656.4(BAP1):c.1216G>T (p.Glu406Ter),chr3,BAP1,NM_004656.4,406,GAG,UAG,-13.643039678059605,lof
CBGE,nonsense,NM_004656.4(BAP1):c.1228C>T (p.Gln410Ter),chr3,BAP1,NM_004656.4,410,CAG,UAG,-10.676097865290023,lof
CBGE,nonsense,NM_004656.4(BAP1):c.1254T>A (p.Tyr418Ter),chr3,BAP1,NM_004656.4,418,UAU,UAA,-7.621723537338031,lof
CBGE,nonsense,NM_004656.4(BAP1):c.1254T>G (p.Tyr418Ter),chr3,BAP1,NM_004656.4,418,UAU,UAG,-7.14253272851391,lof
CBGE,nonsense,NM_004656.4(BAP1):c.1255A>T (p.Lys419Ter),chr3,BAP1,NM_004656.4,419,AAG,UAG,-11.107243508064592,lof
CBGE,nonsense,NM_004656.4(BAP1):c.1261A>T (p.Lys421Ter),chr3,BAP1,NM_004656.4,421,AAG,UAG,-11.65232278442433,lof
CBGE,nonsense,NM_004656.4(BAP1):c.1264G>T (p.Gly422Ter),chr3,BAP1,NM_004656.4,422,GGA,UGA,-11.180565782790058,lof
CBGE,nonsense,NM_004656.4(BAP1):c.1273A>T (p.Lys425Ter),chr3,BAP1,NM_004656.4,425,AAG,UAG,-12.236677214546935,lof
CBGE,nonsense,NM_004656.4(BAP1):c.1286T>A (p.Leu429Ter),chr3,BAP1,NM_004656.4,429,UUG,UAG,-6.941390763436351,lof
CBGE,nonsense,NM_004656.4(BAP1):c.1306C>T (p.Gln436Ter),chr3,BAP1,NM_004656.4,436,CAA,UAA,-10.044465117094624,lof
CBGE,nonsense,NM_004656.4(BAP1):c.1313C>A (p.Ser438Ter),chr3,BAP1,NM_004656.4,438,UCA,UAA,-11.275694778797142,lof
CBGE,nonsense,NM_004656.4(BAP1):c.1313C>G (p.Ser438Ter),chr3,BAP1,NM_004656.4,438,UCA,UGA,-10.624069222212697,lof
CBGE,nonsense,NM_004656.4(BAP1):c.1321C>T (p.Gln441Ter),chr3,BAP1,NM_004656.4,441,CAG,UAG,-11.520572719812307,lof
CBGE,nonsense,NM_004656.4(BAP1):c.132T>A (p.Tyr44Ter),chr3,BAP1,NM_004656.4,44,UAU,UAA,-14.094930595484447,lof
CBGE,nonsense,NM_004656.4(BAP1):c.132T>G (p.Tyr44Ter),chr3,BAP1,NM_004656.4,44,UAU,UAG,-14.373218512941676,lof
CBGE,nonsense,NM_004656.4(BAP1):c.133G>T (p.Gly45Ter),chr3,BAP1,NM_004656.4,45,GGA,UGA,-13.472000151065876,lof
CBGE,nonsense,NM_004656.4(BAP1):c.1343T>A (p.Leu448Ter),chr3,BAP1,NM_004656.4,448,UUG,UAG,-8.9250287673703,lof
CBGE,nonsense,NM_004656.4(BAP1):c.1348G>T (p.Glu450Ter),chr3,BAP1,NM_004656.4,450,GAG,UAG,-13.073689399561092,lof
CBGE,nonsense,NM_004656.4(BAP1):c.1351A>T (p.Lys451Ter),chr3,BAP1,NM_004656.4,451,AAG,UAG,-13.98058601933455,lof
CBGE,nonsense,NM_004656.4(BAP1):c.1357A>T (p.Lys453Ter),chr3,BAP1,NM_004656.4,453,AAA,UAA,-12.391910538474464,lof
CBGE,nonsense,NM_004656.4(BAP1):c.1360G>T (p.Glu454Ter),chr3,BAP1,NM_004656.4,454,GAG,UAG,-13.10108760656096,lof
CBGE,nonsense,NM_004656.4(BAP1):c.1366C>T (p.Gln456Ter),chr3,BAP1,NM_004656.4,456,CAG,UAG,-10.9187278996869,lof
CBGE,nonsense,NM_004656.4(BAP1):c.1369A>T (p.Lys457Ter),chr3,BAP1,NM_004656.4,457,AAG,UAG,-12.64050766638323,lof
CBGE,nonsense,NM_004656.4(BAP1):c.1379C>A (p.Ser460Ter),chr3,BAP1,NM_004656.4,460,UCA,UAA,-10.665295651538983,lof
CBGE,nonsense,NM_004656.4(BAP1):c.1379C>G (p.Ser460Ter),chr3,BAP1,NM_004656.4,460,UCA,UGA,-10.003088071799777,lof
CBGE,nonsense,NM_004656.4(BAP1):c.1396A>T (p.Lys466Ter),chr3,BAP1,NM_004656.4,466,AAG,UAG,-12.138463986739923,lof
CBGE,nonsense,NM_004656.4(BAP1):c.1445C>A (p.Ser482Ter),chr3,BAP1,NM_004656.4,482,UCG,UAG,-10.838411317457162,lof
CBGE,nonsense,NM_004656.4(BAP1):c.1447C>T (p.Gln483Ter),chr3,BAP1,NM_004656.4,483,CAG,UAG,-10.91128736568512,lof
CBGE,nonsense,NM_004656.4(BAP1):c.1454C>A (p.Ser485Ter),chr3,BAP1,NM_004656.4,485,UCA,UAA,-12.077304841373364,lof
CBGE,nonsense,NM_004656.4(BAP1):c.1454C>G (p.Ser485Ter),chr3,BAP1,NM_004656.4,485,UCA,UGA,-10.921970357884703,lof
CBGE,nonsense,NM_004656.4(BAP1):c.1471G>T (p.Glu491Ter),chr3,BAP1,NM_004656.4,491,GAG,UAG,-12.016128516017506,lof
CBGE,nonsense,NM_004656.4(BAP1):c.1492G>T (p.Glu498Ter),chr3,BAP1,NM_004656.4,498,GAG,UAG,-12.000494041619246,lof
CBGE,nonsense,NM_004656.4(BAP1):c.14G>A (p.Trp5Ter),chr3,BAP1,NM_004656.4,5,UGG,UAG,-17.72674567719886,lof
CBGE,nonsense,NM_004656.4(BAP1):c.1514C>A (p.Ser505Ter),chr3,BAP1,NM_004656.4,505,UCG,UAG,-11.733366037485446,lof
CBGE,nonsense,NM_004656.4(BAP1):c.151A>T (p.Lys51Ter),chr3,BAP1,NM_004656.4,51,AAA,UAA,-15.480544063339286,lof
CBGE,nonsense,NM_004656.4(BAP1):c.1526C>A (p.Ser509Ter),chr3,BAP1,NM_004656.4,509,UCG,UAG,-12.268308673216785,lof
CBGE,nonsense,NM_004656.4(BAP1):c.1538C>A (p.Ser513Ter),chr3,BAP1,NM_004656.4,513,UCA,UAA,-12.262416839664317,lof
CBGE,nonsense,NM_004656.4(BAP1):c.1538C>G (p.Ser513Ter),chr3,BAP1,NM_004656.4,513,UCA,UGA,-11.335018153752772,lof
CBGE,nonsense,NM_004656.4(BAP1):c.155G>A (p.Trp52Ter),chr3,BAP1,NM_004656.4,52,UGG,UAG,-16.59463504905272,lof
CBGE,nonsense,NM_004656.4(BAP1):c.156G>A (p.Trp52Ter),chr3,BAP1,NM_004656.4,52,UGG,UGA,-16.571918596489443,lof
CBGE,nonsense,NM_004656.4(BAP1):c.1585A>T (p.Lys529Ter),chr3,BAP1,NM_004656.4,529,AAG,UAG,-11.839682629761764,lof
CBGE,nonsense,NM_004656.4(BAP1):c.1597G>T (p.Gly533Ter),chr3,BAP1,NM_004656.4,533,GGA,UGA,-11.323717163189558,lof
CBGE,nonsense,NM_004656.4(BAP1):c.15G>A (p.Trp5Ter),chr3,BAP1,NM_004656.4,5,UGG,UGA,-17.32962035028345,lof
CBGE,nonsense,NM_004656.4(BAP1):c.1600G>T (p.Glu534Ter),chr3,BAP1,NM_004656.4,534,GAG,UAG,-13.029087019591971,lof
CBGE,nonsense,NM_004656.4(BAP1):c.160G>T (p.Glu54Ter),chr3,BAP1,NM_004656.4,54,GAA,UAA,-10.37867162415118,lof
CBGE,nonsense,NM_004656.4(BAP1):c.1629C>A (p.Cys543Ter),chr3,BAP1,NM_004656.4,543,UGC,UGA,-9.721199007386112,lof
CBGE,nonsense,NM_004656.4(BAP1):c.1638C>A (p.Tyr546Ter),chr3,BAP1,NM_004656.4,546,UAC,UAA,-11.264511162589816,lof
CBGE,nonsense,NM_004656.4(BAP1):c.1638C>G (p.Tyr546Ter),chr3,BAP1,NM_004656.4,546,UAC,UAG,-10.516416564148509,lof
CBGE,nonsense,NM_004656.4(BAP1):c.163G>T (p.Glu55Ter),chr3,BAP1,NM_004656.4,55,GAG,UAG,-14.968270320075428,lof
CBGE,nonsense,NM_004656.4(BAP1):c.1696G>T (p.Glu566Ter),chr3,BAP1,NM_004656.4,566,GAG,UAG,-12.44137578794338,lof
CBGE,nonsense,NM_004656.4(BAP1):c.1729G>T (p.Glu577Ter),chr3,BAP1,NM_004656.4,577,GAG,UAG,-12.043239547563717,lof
CBGE,nonsense,NM_004656.4(BAP1):c.1738A>T (p.Lys580Ter),chr3,BAP1,NM_004656.4,580,AAG,UAG,-11.117122670179254,lof
CBGE,nonsense,NM_004656.4(BAP1):c.1748C>A (p.Ser583Ter),chr3,BAP1,NM_004656.4,583,UCG,UAG,-10.7154188399479,lof
CBGE,nonsense,NM_004656.4(BAP1):c.1759A>T (p.Arg587Ter),chr3,BAP1,NM_004656.4,587,AGA,UGA,-7.331317861332992,lof
CBGE,nonsense,NM_004656.4(BAP1):c.1768C>T (p.Gln590Ter),chr3,BAP1,NM_004656.4,590,CAA,UAA,-9.795912742395569,lof
CBGE,nonsense,NM_004656.4(BAP1):c.1777C>T (p.Gln593Ter),chr3,BAP1,NM_004656.4,593,CAG,UAG,-10.366380662997877,lof
CBGE,nonsense,NM_004656.4(BAP1):c.178C>T (p.Arg60Ter),chr3,BAP1,NM_004656.4,60,CGA,UGA,-10.031710448064306,lof
CBGE,nonsense,NM_004656.4(BAP1):c.1798G>T (p.Glu600Ter),chr3,BAP1,NM_004656.4,600,GAG,UAG,-12.445482199986696,lof
CBGE,nonsense,NM_004656.4(BAP1):c.1801A>T (p.Lys601Ter),chr3,BAP1,NM_004656.4,601,AAG,UAG,-11.477489454761685,lof
CBGE,nonsense,NM_004656.4(BAP1):c.1804G>T (p.Glu602Ter),chr3,BAP1,NM_004656.4,602,GAG,UAG,-12.550188055393932,lof
CBGE,nonsense,NM_004656.4(BAP1):c.1813G>T (p.Glu605Ter),chr3,BAP1,NM_004656.4,605,GAA,UAA,-10.842807697153583,lof
CBGE,nonsense,NM_004656.4(BAP1):c.181A>T (p.Lys61Ter),chr3,BAP1,NM_004656.4,61,AAG,UAG,-12.140030835169622,lof
CBGE,nonsense,NM_004656.4(BAP1):c.1828A>T (p.Arg610Ter),chr3,BAP1,NM_004656.4,610,AGA,UGA,-8.124591854689143,lof
CBGE,nonsense,NM_004656.4(BAP1):c.1831G>T (p.Glu611Ter),chr3,BAP1,NM_004656.4,611,GAG,UAG,-12.555900542026867,lof
CBGE,nonsense,NM_004656.4(BAP1):c.1834A>T (p.Lys612Ter),chr3,BAP1,NM_004656.4,612,AAG,UAG,-12.016042663158276,lof
CBGE,nonsense,NM_004656.4(BAP1):c.1858G>T (p.Glu620Ter),chr3,BAP1,NM_004656.4,620,GAG,UAG,-10.3021955614265,lof
CBGE,nonsense,NM_004656.4(BAP1):c.1865T>A (p.Leu622Ter),chr3,BAP1,NM_004656.4,622,UUG,UAG,-7.386327749899335,lof
CBGE,nonsense,NM_004656.4(BAP1):c.1873G>T (p.Glu625Ter),chr3,BAP1,NM_004656.4,625,GAG,UAG,-12.985995278153991,lof
CBGE,nonsense,NM_004656.4(BAP1):c.1876A>T (p.Lys626Ter),chr3,BAP1,NM_004656.4,626,AAA,UAA,-11.781574304862364,lof
CBGE,nonsense,NM_004656.4(BAP1):c.1881C>A (p.Tyr627Ter),chr3,BAP1,NM_004656.4,627,UAC,UAA,-11.63784310999092,lof
CBGE,nonsense,NM_004656.4(BAP1):c.1881C>G (p.Tyr627Ter),chr3,BAP1,NM_004656.4,627,UAC,UAG,-10.904575282368157,lof
CBGE,nonsense,NM_004656.4(BAP1):c.1883C>A (p.Ser628Ter),chr3,BAP1,NM_004656.4,628,UCA,UAA,-11.328977586913728,lof
CBGE,nonsense,NM_004656.4(BAP1):c.1883C>G (p.Ser628Ter),chr3,BAP1,NM_004656.4,628,UCA,UGA,-10.06133071840109,lof
CBGE,nonsense,NM_004656.4(BAP1):c.1888A>T (p.Lys630Ter),chr3,BAP1,NM_004656.4,630,AAG,UAG,-12.32582565793278,lof
CBGE,nonsense,NM_004656.4(BAP1):c.1891G>T (p.Glu631Ter),chr3,BAP1,NM_004656.4,631,GAG,UAG,-14.633839630803047,lof
CBGE,nonsense,NM_004656.4(BAP1):c.1909A>T (p.Lys637Ter),chr3,BAP1,NM_004656.4,637,AAG,UAG,-14.191964137394448,lof
CBGE,nonsense,NM_004656.4(BAP1):c.1914T>A (p.Cys638Ter),chr3,BAP1,NM_004656.4,638,UGU,UGA,-9.400672484270208,lof
CBGE,nonsense,NM_004656.4(BAP1):c.1918G>T (p.Glu640Ter),chr3,BAP1,NM_004656.4,640,GAG,UAG,-13.797542473972952,lof
CBGE,nonsense,NM_004656.4(BAP1):c.1924G>T (p.Glu642Ter),chr3,BAP1,NM_004656.4,642,GAG,UAG,-14.222054579630546,lof
CBGE,nonsense,NM_004656.4(BAP1):c.1938T>A (p.Tyr646Ter),chr3,BAP1,NM_004656.4,646,UAU,UAA,-12.959868372824731,lof
CBGE,nonsense,NM_004656.4(BAP1):c.1938T>G (p.Tyr646Ter),chr3,BAP1,NM_004656.4,646,UAU,UAG,-12.970747062850965,lof
CBGE,nonsense,NM_004656.4(BAP1):c.1939G>T (p.Glu647Ter),chr3,BAP1,NM_004656.4,647,GAG,UAG,-14.80583577625212,lof
CBGE,nonsense,NM_004656.4(BAP1):c.1947C>A (p.Cys649Ter),chr3,BAP1,NM_004656.4,649,UGC,UGA,-10.893144562528072,lof
CBGE,nonsense,NM_004656.4(BAP1):c.194T>A (p.Leu65Ter),chr3,BAP1,NM_004656.4,65,UUG,UAG,-8.547853499974357,lof
CBGE,nonsense,NM_004656.4(BAP1):c.1951A>T (p.Lys651Ter),chr3,BAP1,NM_004656.4,651,AAG,UAG,-13.60747345506613,lof
CBGE,nonsense,NM_004656.4(BAP1):c.1954G>T (p.Glu652Ter),chr3,BAP1,NM_004656.4,652,GAG,UAG,-13.92059416660486,lof
CBGE,nonsense,NM_004656.4(BAP1):c.1957G>T (p.Glu653Ter),chr3,BAP1,NM_004656.4,653,GAG,UAG,-11.683499316697082,lof
CBGE,nonsense,NM_004656.4(BAP1):c.1963G>T (p.Glu655Ter),chr3,BAP1,NM_004656.4,655,GAG,UAG,-14.193882990677244,lof
CBGE,nonsense,NM_004656.4(BAP1):c.1966A>T (p.Lys656Ter),chr3,BAP1,NM_004656.4,656,AAG,UAG,-13.68659595892454,lof
CBGE,nonsense,NM_004656.4(BAP1):c.1972A>T (p.Lys658Ter),chr3,BAP1,NM_004656.4,658,AAG,UAG,-14.732772831797371,lof
CBGE,nonsense,NM_004656.4(BAP1):c.1975A>T (p.Lys659Ter),chr3,BAP1,NM_004656.4,659,AAG,UAG,-13.93975639846517,lof
CBGE,nonsense,NM_004656.4(BAP1):c.1981A>T (p.Lys661Ter),chr3,BAP1,NM_004656.4,661,AAG,UAG,-12.709743507855416,lof
CBGE,nonsense,NM_004656.4(BAP1):c.1993C>T (p.Gln665Ter),chr3,BAP1,NM_004656.4,665,CAG,UAG,-11.40251925660091,lof
CBGE,nonsense,NM_004656.4(BAP1):c.1996A>T (p.Arg666Ter),chr3,BAP1,NM_004656.4,666,AGA,UGA,-10.548322685761995,lof
CBGE,nonsense,NM_004656.4(BAP1):c.19G>T (p.Glu7Ter),chr3,BAP1,NM_004656.4,7,GAG,UAG,-16.680059398547513,lof
CBGE,nonsense,NM_004656.4(BAP1):c.2013C>A (p.Tyr671Ter),chr3,BAP1,NM_004656.4,671,UAC,UAA,-12.01223564250814,lof
CBGE,nonsense,NM_004656.4(BAP1):c.2013C>G (p.Tyr671Ter),chr3,BAP1,NM_004656.4,671,UAC,UAG,-11.751134804740802,lof
CBGE,nonsense,NM_004656.4(BAP1):c.2017G>T (p.Glu673Ter),chr3,BAP1,NM_004656.4,673,GAG,UAG,-13.987078628543806,lof
CBGE,nonsense,NM_004656.4(BAP1):c.2028C>A (p.Cys676Ter),chr3,BAP1,NM_004656.4,676,UGC,UGA,-10.994247358141443,lof
CBGE,nonsense,NM_004656.4(BAP1):c.2050C>T (p.Gln684Ter),chr3,BAP1,NM_004656.4,684,CAG,UAG,-11.903344116316006,lof
CBGE,nonsense,NM_004656.4(BAP1):c.2053G>T (p.Glu685Ter),chr3,BAP1,NM_004656.4,685,GAA,UAA,-12.42242054779458,lof
CBGE,nonsense,NM_004656.4(BAP1):c.2077G>T (p.Glu693Ter),chr3,BAP1,NM_004656.4,693,GAG,UAG,-14.385503796085947,lof
CBGE,nonsense,NM_004656.4(BAP1):c.2080C>T (p.Gln694Ter),chr3,BAP1,NM_004656.4,694,CAG,UAG,-12.374065387475753,lof
CBGE,nonsense,NM_004656.4(BAP1):c.2104C>T (p.Gln702Ter),chr3,BAP1,NM_004656.4,702,CAA,UAA,-10.493062979786306,lof
CBGE,nonsense,NM_004656.4(BAP1):c.2131A>T (p.Lys711Ter),chr3,BAP1,NM_004656.4,711,AAG,UAG,-13.250520703267789,lof
CBGE,nonsense,NM_004656.4(BAP1):c.2134C>T (p.Gln712Ter),chr3,BAP1,NM_004656.4,712,CAG,UAG,-12.081973051152994,lof
CBGE,nonsense,NM_004656.4(BAP1):c.2140A>T (p.Lys714Ter),chr3,BAP1,NM_004656.4,714,AAG,UAG,-12.804542524086534,lof
CBGE,nonsense,NM_004656.4(BAP1):c.2155A>T (p.Lys719Ter),chr3,BAP1,NM_004656.4,719,AAA,UAA,-11.688722685141013,lof
CBGE,nonsense,NM_004656.4(BAP1):c.2172C>A (p.Tyr724Ter),chr3,BAP1,NM_004656.4,724,UAC,UAA,-11.060484872147548,normal
CBGE,nonsense,NM_004656.4(BAP1):c.2172C>G (p.Tyr724Ter),chr3,BAP1,NM_004656.4,724,UAC,UAG,-10.135517160583706,normal
CBGE,nonsense,NM_004656.4(BAP1):c.2173A>T (p.Lys725Ter),chr3,BAP1,NM_004656.4,725,AAG,UAG,-12.669626237843616,normal
CBGE,nonsense,NM_004656.4(BAP1):c.2179A>T (p.Lys727Ter),chr3,BAP1,NM_004656.4,727,AAG,UAG,-13.59578895611897,normal
CBGE,nonsense,NM_004656.4(BAP1):c.2185C>T (p.Gln729Ter),chr3,BAP1,NM_004656.4,729,CAG,UAG,-11.38536836939086,normal
CBGE,nonsense,NM_004656.4(BAP1):c.253C>T (p.Gln85Ter),chr3,BAP1,NM_004656.4,85,CAG,UAG,-14.880724864336605,lof
CBGE,nonsense,NM_004656.4(BAP1):c.25G>T (p.Glu9Ter),chr3,BAP1,NM_004656.4,9,GAG,UAG,-14.710965157632051,lof
CBGE,nonsense,NM_004656.4(BAP1):c.273T>A (p.Cys91Ter),chr3,BAP1,NM_004656.4,91,UGU,UGA,-12.794579516374732,lof
CBGE,nonsense,NM_004656.4(BAP1):c.287T>A (p.Leu96Ter),chr3,BAP1,NM_004656.4,96,UUG,UAG,-12.91757586507825,lof
CBGE,nonsense,NM_004656.4(BAP1):c.309C>A (p.Cys103Ter),chr3,BAP1,NM_004656.4,103,UGC,UGA,-12.266670211159358,lof
CBGE,nonsense,NM_004656.4(BAP1):c.325G>T (p.Gly109Ter),chr3,BAP1,NM_004656.4,109,GGA,UGA,-13.367674783948065,lof
CBGE,nonsense,NM_004656.4(BAP1):c.346A>T (p.Lys116Ter),chr3,BAP1,NM_004656.4,116,AAG,UAG,-15.57642180581614,lof
CBGE,nonsense,NM_004656.4(BAP1):c.358A>T (p.Lys120Ter),chr3,BAP1,NM_004656.4,120,AAG,UAG,-15.82350159834235,lof
CBGE,nonsense,NM_004656.4(BAP1):c.373G>T (p.Glu125Ter),chr3,BAP1,NM_004656.4,125,GAG,UAG,-14.030229532056598,lof
CBGE,nonsense,NM_004656.4(BAP1):c.379A>T (p.Lys127Ter),chr3,BAP1,NM_004656.4,127,AAA,UAA,-13.0819263115474,lof
CBGE,nonsense,NM_004656.4(BAP1):c.382G>T (p.Gly128Ter),chr3,BAP1,NM_004656.4,128,GGA,UGA,-13.721017846380926,lof
CBGE,nonsense,NM_004656.4(BAP1):c.387T>A (p.Tyr129Ter),chr3,BAP1,NM_004656.4,129,UAU,UAA,-13.09216691570144,lof
CBGE,nonsense,NM_004656.4(BAP1):c.387T>G (p.Tyr129Ter),chr3,BAP1,NM_004656.4,129,UAU,UAG,-13.265476261344547,lof
CBGE,nonsense,NM_004656.4(BAP1):c.406G>T (p.Glu136Ter),chr3,BAP1,NM_004656.4,136,GAG,UAG,-11.14481064129083,lof
CBGE,nonsense,NM_004656.4(BAP1):c.410T>A (p.Leu137Ter),chr3,BAP1,NM_004656.4,137,UUG,UAG,-11.299154222934025,lof
CBGE,nonsense,NM_004656.4(BAP1):c.415A>T (p.Lys139Ter),chr3,BAP1,NM_004656.4,139,AAG,UAG,-10.160716997060256,lof
CBGE,nonsense,NM_004656.4(BAP1):c.442G>T (p.Glu148Ter),chr3,BAP1,NM_004656.4,148,GAG,UAG,-10.788396852985796,lof
CBGE,nonsense,NM_004656.4(BAP1):c.460G>T (p.Glu154Ter),chr3,BAP1,NM_004656.4,154,GAG,UAG,-13.393763513707702,lof
CBGE,nonsense,NM_004656.4(BAP1):c.463A>T (p.Lys155Ter),chr3,BAP1,NM_004656.4,155,AAG,UAG,-12.019004888217884,lof
CBGE,nonsense,NM_004656.4(BAP1):c.466C>T (p.Gln156Ter),chr3,BAP1,NM_004656.4,156,CAG,UAG,-10.91886328031957,lof
CBGE,nonsense,NM_004656.4(BAP1):c.496G>T (p.Glu166Ter),chr3,BAP1,NM_004656.4,166,GAG,UAG,-13.465558990762233,lof
CBGE,nonsense,NM_004656.4(BAP1):c.519T>A (p.Tyr173Ter),chr3,BAP1,NM_004656.4,173,UAU,UAA,-13.96389769490559,lof
CBGE,nonsense,NM_004656.4(BAP1):c.519T>G (p.Tyr173Ter),chr3,BAP1,NM_004656.4,173,UAU,UAG,-13.374631903293707,lof
CBGE,nonsense,NM_004656.4(BAP1):c.544G>T (p.Glu182Ter),chr3,BAP1,NM_004656.4,182,GAG,UAG,-14.1938953730101,lof
CBGE,nonsense,NM_004656.4(BAP1):c.559A>T (p.Lys187Ter),chr3,BAP1,NM_004656.4,187,AAG,UAG,-14.641668321340555,lof
CBGE,nonsense,NM_004656.4(BAP1):c.567C>A (p.Tyr189Ter),chr3,BAP1,NM_004656.4,189,UAC,UAA,-12.510366383641264,lof
CBGE,nonsense,NM_004656.4(BAP1):c.567C>G (p.Tyr189Ter),chr3,BAP1,NM_004656.4,189,UAC,UAG,-12.345773641820468,lof
CBGE,nonsense,NM_004656.4(BAP1):c.587G>A (p.Trp196Ter),chr3,BAP1,NM_004656.4,196,UGG,UAG,-12.000054308462646,lof
CBGE,nonsense,NM_004656.4(BAP1):c.588G>A (p.Trp196Ter),chr3,BAP1,NM_004656.4,196,UGG,UGA,-11.650984743015297,lof
CBGE,nonsense,NM_004656.4(BAP1):c.58G>T (p.Glu20Ter),chr3,BAP1,NM_004656.4,20,GAA,UAA,-14.467998483929474,lof
CBGE,nonsense,NM_004656.4(BAP1):c.592G>T (p.Glu198Ter),chr3,BAP1,NM_004656.4,198,GAG,UAG,-12.130012589978168,lof
CBGE,nonsense,NM_004656.4(BAP1):c.598G>T (p.Glu200Ter),chr3,BAP1,NM_004656.4,200,GAG,UAG,-11.263485860439602,lof
CBGE,nonsense,NM_004656.4(BAP1):c.601G>T (p.Glu201Ter),chr3,BAP1,NM_004656.4,201,GAG,UAG,-14.849742846955852,lof
CBGE,nonsense,NM_004656.4(BAP1):c.605G>A (p.Trp202Ter),chr3,BAP1,NM_004656.4,202,UGG,UAG,-14.157773947327374,lof
CBGE,nonsense,NM_004656.4(BAP1):c.606G>A (p.Trp202Ter),chr3,BAP1,NM_004656.4,202,UGG,UGA,-13.950956377804246,lof
CBGE,nonsense,NM_004656.4(BAP1):c.613A>T (p.Lys205Ter),chr3,BAP1,NM_004656.4,205,AAG,UAG,-12.587848638445838,lof
CBGE,nonsense,NM_004656.4(BAP1):c.634G>T (p.Glu212Ter),chr3,BAP1,NM_004656.4,212,GAG,UAG,-14.01684958794742,lof
CBGE,nonsense,NM_004656.4(BAP1):c.661G>T (p.Glu221Ter),chr3,BAP1,NM_004656.4,221,GAG,UAG,-13.863418563580517,lof
CBGE,nonsense,NM_004656.4(BAP1):c.669C>A (p.Tyr223Ter),chr3,BAP1,NM_004656.4,223,UAC,UAA,-11.191097281819763,lof
CBGE,nonsense,NM_004656.4(BAP1):c.669C>G (p.Tyr223Ter),chr3,BAP1,NM_004656.4,223,UAC,UAG,-10.51296422073827,lof
CBGE,nonsense,NM_004656.4(BAP1):c.718A>T (p.Lys240Ter),chr3,BAP1,NM_004656.4,240,AAG,UAG,-13.245775158988824,lof
CBGE,nonsense,NM_004656.4(BAP1):c.723T>A (p.Tyr241Ter),chr3,BAP1,NM_004656.4,241,UAU,UAA,-9.775104490460414,lof
CBGE,nonsense,NM_004656.4(BAP1):c.723T>G (p.Tyr241Ter),chr3,BAP1,NM_004656.4,241,UAU,UAG,-9.7432928196491,lof
CBGE,nonsense,NM_004656.4(BAP1):c.724G>T (p.Glu242Ter),chr3,BAP1,NM_004656.4,242,GAG,UAG,-12.695738759400143,lof
CBGE,nonsense,NM_004656.4(BAP1):c.73A>T (p.Lys25Ter),chr3,BAP1,NM_004656.4,25,AAG,UAG,-15.675555197102971,lof
CBGE,nonsense,NM_004656.4(BAP1):c.745A>T (p.Lys249Ter),chr3,BAP1,NM_004656.4,249,AAG,UAG,-12.908355657390176,lof
CBGE,nonsense,NM_004656.4(BAP1):c.757C>T (p.Gln253Ter),chr3,BAP1,NM_004656.4,253,CAG,UAG,-12.506307517500304,lof
CBGE,nonsense,NM_004656.4(BAP1):c.769G>T (p.Glu257Ter),chr3,BAP1,NM_004656.4,257,GAG,UAG,-13.356659849098008,lof
CBGE,nonsense,NM_004656.4(BAP1):c.778C>T (p.Gln260Ter),chr3,BAP1,NM_004656.4,260,CAG,UAG,-13.145187389331351,lof
CBGE,nonsense,NM_004656.4(BAP1):c.781C>T (p.Gln261Ter),chr3,BAP1,NM_004656.4,261,CAG,UAG,-12.79499821390113,lof
CBGE,nonsense,NM_004656.4(BAP1):c.790A>T (p.Arg264Ter),chr3,BAP1,NM_004656.4,264,AGA,UGA,-9.717217428319326,lof
CBGE,nonsense,NM_004656.4(BAP1):c.799C>T (p.Gln267Ter),chr3,BAP1,NM_004656.4,267,CAG,UAG,-12.21146859526536,lof
CBGE,nonsense,NM_004656.4(BAP1):c.7A>T (p.Lys3Ter),chr3,BAP1,NM_004656.4,3,AAG,UAG,-11.75063894865641,lof
CBGE,nonsense,NM_004656.4(BAP1):c.805G>T (p.Glu269Ter),chr3,BAP1,NM_004656.4,269,GAG,UAG,-13.533976510772836,lof
CBGE,nonsense,NM_004656.4(BAP1):c.814C>T (p.Gln272Ter),chr3,BAP1,NM_004656.4,272,CAG,UAG,-11.955503471556924,lof
CBGE,nonsense,NM_004656.4(BAP1):c.823A>T (p.Lys275Ter),chr3,BAP1,NM_004656.4,275,AAG,UAG,-13.630005869993948,lof
CBGE,nonsense,NM_004656.4(BAP1):c.829C>T (p.Gln277Ter),chr3,BAP1,NM_004656.4,277,CAA,UAA,-9.69231597179054,lof
CBGE,nonsense,NM_004656.4(BAP1):c.832G>T (p.Glu278Ter),chr3,BAP1,NM_004656.4,278,GAG,UAG,-12.898819996022716,lof
CBGE,nonsense,NM_004656.4(BAP1):c.836C>A (p.Ser279Ter),chr3,BAP1,NM_004656.4,279,UCA,UAA,-10.91276936507696,lof
CBGE,nonsense,NM_004656.4(BAP1):c.836C>G (p.Ser279Ter),chr3,BAP1,NM_004656.4,279,UCA,UGA,-10.08586403416862,lof
CBGE,nonsense,NM_004656.4(BAP1):c.838C>T (p.Gln280Ter),chr3,BAP1,NM_004656.4,280,CAG,UAG,-11.83058935056535,lof
CBGE,nonsense,NM_004656.4(BAP1):c.847G>T (p.Glu283Ter),chr3,BAP1,NM_004656.4,283,GAG,UAG,-12.399469381223389,lof
CBGE,nonsense,NM_004656.4(BAP1):c.850G>T (p.Glu284Ter),chr3,BAP1,NM_004656.4,284,GAG,UAG,-12.722869804772094,lof
CBGE,nonsense,NM_004656.4(BAP1):c.856A>T (p.Lys286Ter),chr3,BAP1,NM_004656.4,286,AAG,UAG,-12.609696324455976,lof
CBGE,nonsense,NM_004656.4(BAP1):c.860C>A (p.Ser287Ter),chr3,BAP1,NM_004656.4,287,UCA,UAA,-11.236116400627049,lof
CBGE,nonsense,NM_004656.4(BAP1):c.860C>G (p.Ser287Ter),chr3,BAP1,NM_004656.4,287,UCA,UGA,-10.484011642831526,lof
CBGE,nonsense,NM_004656.4(BAP1):c.871A>T (p.Lys291Ter),chr3,BAP1,NM_004656.4,291,AAG,UAG,-12.45948794371429,lof
CBGE,nonsense,NM_004656.4(BAP1):c.889G>T (p.Glu297Ter),chr3,BAP1,NM_004656.4,297,GAA,UAA,-10.945761559035756,lof
CBGE,nonsense,NM_004656.4(BAP1):c.916G>T (p.Glu306Ter),chr3,BAP1,NM_004656.4,306,GAG,UAG,-11.752479585272605,lof
CBGE,nonsense,NM_004656.4(BAP1):c.91G>T (p.Glu31Ter),chr3,BAP1,NM_004656.4,31,GAG,UAG,-15.61431878236986,lof
CBGE,nonsense,NM_004656.4(BAP1):c.940G>T (p.Glu314Ter),chr3,BAP1,NM_004656.4,314,GAG,UAG,-11.938029324674918,lof
CBGE,nonsense,NM_004656.4(BAP1):c.943G>T (p.Glu315Ter),chr3,BAP1,NM_004656.4,315,GAG,UAG,-11.63612744024766,lof
CBGE,nonsense,NM_004656.4(BAP1):c.956C>A (p.Ser319Ter),chr3,BAP1,NM_004656.4,319,UCA,UAA,-10.620807547849909,lof
CBGE,nonsense,NM_004656.4(BAP1):c.956C>G (p.Ser319Ter),chr3,BAP1,NM_004656.4,319,UCA,UGA,-9.754849481518386,lof
CBGE,nonsense,NM_004656.4(BAP1):c.960C>A (p.Cys320Ter),chr3,BAP1,NM_004656.4,320,UGC,UGA,-6.235265535364,lof
CBGE,nonsense,NM_004656.4(BAP1):c.964C>T (p.Gln322Ter),chr3,BAP1,NM_004656.4,322,CAA,UAA,-9.922693208439645,lof
CBGE,nonsense,NM_004656.4(BAP1):c.991A>T (p.Lys331Ter),chr3,BAP1,NM_004656.4,331,AAA,UAA,-11.331089952140024,lof
CBGE,nonsense,NM_004656.4(BAP1):c.997A>T (p.Lys333Ter),chr3,BAP1,NM_004656.4,333,AAG,UAG,-13.497341209397357,lof
CBGE,nonsense,NM_004656.4(BAP1):c.99C>A (p.Tyr33Ter),chr3,BAP1,NM_004656.4,33,UAC,UAA,-15.206768009238736,lof
CBGE,nonsense,NM_004656.4(BAP1):c.99C>G (p.Tyr33Ter),chr3,BAP1,NM_004656.4,33,UAC,UAG,-14.817255033428255,lof
CBGE,nonsense,NM_004728.4(DDX21):c.1027C>T (p.Gln343Ter),chr10,DDX21,NM_004728.4,343,CAG,UAG,-8.926816956114063,normal
CBGE,nonsense,NM_004728.4(DDX21):c.1186C>T (p.Gln396Ter),chr10,DDX21,NM_004728.4,396,CAG,UAG,-9.715357772996942,normal
CBGE,nonsense,NM_004728.4(DDX21):c.1264C>T (p.Gln422Ter),chr10,DDX21,NM_004728.4,422,CAG,UAG,-12.37983893983148,normal
CBGE,nonsense,NM_004728.4(DDX21):c.1393C>T (p.Gln465Ter),chr10,DDX21,NM_004728.4,465,CAG,UAG,-9.552819267502556,normal
CBGE,nonsense,NM_004728.4(DDX21):c.1417C>T (p.Gln473Ter),chr10,DDX21,NM_004728.4,473,CAG,UAG,-13.061065672372706,normal
CBGE,nonsense,NM_004728.4(DDX21):c.1570C>T (p.Arg524Ter),chr10,DDX21,NM_004728.4,524,CGA,UGA,-11.936911661815142,normal
CBGE,nonsense,NM_004728.4(DDX21):c.1642C>T (p.Gln548Ter),chr10,DDX21,NM_004728.4,548,CAG,UAG,-10.1803846463696,normal
CBGE,nonsense,NM_004728.4(DDX21):c.1961G>A (p.Trp654Ter),chr10,DDX21,NM_004728.4,654,UGG,UAG,-12.219808515722445,normal
CBGE,nonsense,NM_004728.4(DDX21):c.1962G>A (p.Trp654Ter),chr10,DDX21,NM_004728.4,654,UGG,UGA,-12.127412757164729,normal
CBGE,nonsense,NM_004728.4(DDX21):c.1978C>T (p.Gln660Ter),chr10,DDX21,NM_004728.4,660,CAG,UAG,-12.020229318654335,normal
CBGE,nonsense,NM_004728.4(DDX21):c.2101C>T (p.Arg701Ter),chr10,DDX21,NM_004728.4,701,CGA,UGA,-9.770359065646062,normal
CBGE,nonsense,NM_004728.4(DDX21):c.2110C>T (p.Gln704Ter),chr10,DDX21,NM_004728.4,704,CAG,UAG,-11.460614239980451,normal
CBGE,nonsense,NM_004728.4(DDX21):c.2194C>T (p.Arg732Ter),chr10,DDX21,NM_004728.4,732,CGA,UGA,-9.710392031406217,normal
CBGE,nonsense,NM_004728.4(DDX21):c.2269C>T (p.Gln757Ter),chr10,DDX21,NM_004728.4,757,CAG,UAG,-13.77556607687374,normal
CBGE,nonsense,NM_004728.4(DDX21):c.529C>T (p.Gln177Ter),chr10,DDX21,NM_004728.4,177,CAG,UAG,-10.479434077087395,normal
CBGE,nonsense,NM_004728.4(DDX21):c.547C>T (p.Gln183Ter),chr10,DDX21,NM_004728.4,183,CAA,UAA,-10.65228272573376,normal
CBGE,nonsense,NM_004728.4(DDX21):c.76C>T (p.Gln26Ter),chr10,DDX21,NM_004728.4,26,CAA,UAA,-11.429803890690843,normal
CBGE,nonsense,NM_004810.4(GRAP2):c.173G>A (p.Trp58Ter),chr22,GRAP2,NM_004810.4,58,UGG,UAG,-13.39002994973785,normal
CBGE,nonsense,NM_004810.4(GRAP2):c.174G>A (p.Trp58Ter),chr22,GRAP2,NM_004810.4,58,UGG,UGA,-13.165954516772878,normal
CBGE,nonsense,NM_004810.4(GRAP2):c.199C>T (p.Gln67Ter),chr22,GRAP2,NM_004810.4,67,CAG,UAG,-11.97767549250132,lof
CBGE,nonsense,NM_004810.4(GRAP2):c.307C>T (p.Gln103Ter),chr22,GRAP2,NM_004810.4,103,CAA,UAA,-10.367457333419113,normal
CBGE,nonsense,NM_004810.4(GRAP2):c.448C>T (p.Arg150Ter),chr22,GRAP2,NM_004810.4,150,CGA,UGA,-10.16507524750494,lof
CBGE,nonsense,NM_004810.4(GRAP2):c.493C>T (p.Gln165Ter),chr22,GRAP2,NM_004810.4,165,CAG,UAG,-10.815929441967729,lof
CBGE,nonsense,NM_004810.4(GRAP2):c.535C>T (p.Arg179Ter),chr22,GRAP2,NM_004810.4,179,CGA,UGA,-10.191705686095728,normal
CBGE,nonsense,NM_004810.4(GRAP2):c.670C>T (p.Gln224Ter),chr22,GRAP2,NM_004810.4,224,CAG,UAG,-14.251657478932984,lof
CBGE,nonsense,NM_004810.4(GRAP2):c.688C>T (p.Gln230Ter),chr22,GRAP2,NM_004810.4,230,CAG,UAG,-12.615915273258244,lof
CBGE,nonsense,NM_004810.4(GRAP2):c.796C>T (p.Gln266Ter),chr22,GRAP2,NM_004810.4,266,CAG,UAG,-11.54984951700949,lof
CBGE,nonsense,NM_004810.4(GRAP2):c.814C>T (p.Arg272Ter),chr22,GRAP2,NM_004810.4,272,CGA,UGA,-10.311939305122124,normal
CBGE,nonsense,NM_004810.4(GRAP2):c.824G>A (p.Trp275Ter),chr22,GRAP2,NM_004810.4,275,UGG,UAG,-11.194486652791891,lof
CBGE,nonsense,NM_004810.4(GRAP2):c.825G>A (p.Trp275Ter),chr22,GRAP2,NM_004810.4,275,UGG,UGA,-10.411941547309397,lof
CBGE,nonsense,NM_004810.4(GRAP2):c.923G>A (p.Trp308Ter),chr22,GRAP2,NM_004810.4,308,UGG,UAG,-15.50541113817323,normal
CBGE,nonsense,NM_004810.4(GRAP2):c.924G>A (p.Trp308Ter),chr22,GRAP2,NM_004810.4,308,UGG,UGA,-15.011444121116066,normal
CBGE,nonsense,NM_004810.4(GRAP2):c.988C>T (p.Arg330Ter),chr22,GRAP2,NM_004810.4,330,CGA,UGA,-9.796455396296835,normal
CBGE,nonsense,NM_004844.5(SH3BP5):c.1009C>T (p.Gln337Ter),chr3,SH3BP5,NM_004844.5,337,CAG,UAG,-10.690323804568369,normal
CBGE,nonsense,NM_004844.5(SH3BP5):c.1102C>T (p.Arg368Ter),chr3,SH3BP5,NM_004844.5,368,CGA,UGA,-8.851460481622066,normal
CBGE,nonsense,NM_004844.5(SH3BP5):c.1309C>T (p.Gln437Ter),chr3,SH3BP5,NM_004844.5,437,CAG,UAG,-11.9019222339239,normal
CBGE,nonsense,NM_004844.5(SH3BP5):c.136C>T (p.Gln46Ter),chr3,SH3BP5,NM_004844.5,46,CAG,UAG,-12.717347215519055,normal
CBGE,nonsense,NM_004844.5(SH3BP5):c.346C>T (p.Gln116Ter),chr3,SH3BP5,NM_004844.5,116,CAG,UAG,-12.00079728919917,normal
CBGE,nonsense,NM_004844.5(SH3BP5):c.358C>T (p.Gln120Ter),chr3,SH3BP5,NM_004844.5,120,CAG,UAG,-13.54779720231995,normal
CBGE,nonsense,NM_004844.5(SH3BP5):c.448C>T (p.Gln150Ter),chr3,SH3BP5,NM_004844.5,150,CAG,UAG,-13.176906656646317,normal
CBGE,nonsense,NM_004844.5(SH3BP5):c.97C>T (p.Gln33Ter),chr3,SH3BP5,NM_004844.5,33,CAG,UAG,-11.439213790085022,normal
CBGE,nonsense,NM_004926.4(ZFP36L1):c.196C>T (p.Gln66Ter),chr14,ZFP36L1,NM_004926.4,66,CAG,UAG,-12.014285918259825,normal
CBGE,nonsense,NM_004926.4(ZFP36L1):c.259C>T (p.Arg87Ter),chr14,ZFP36L1,NM_004926.4,87,CGA,UGA,-7.999927336647885,normal
CBGE,nonsense,NM_004926.4(ZFP36L1):c.595C>T (p.Gln199Ter),chr14,ZFP36L1,NM_004926.4,199,CAG,UAG,-12.456003138977108,normal
CBGE,nonsense,NM_004926.4(ZFP36L1):c.886C>T (p.Gln296Ter),chr14,ZFP36L1,NM_004926.4,296,CAG,UAG,-9.577566054897458,normal
CBGE,nonsense,NM_004931.5(CD8B):c.17G>A (p.Trp6Ter),chr2,CD8B,NM_004931.5,6,UGG,UAG,-12.81872555935908,normal
CBGE,nonsense,NM_004931.5(CD8B):c.18G>A (p.Trp6Ter),chr2,CD8B,NM_004931.5,6,UGG,UGA,-12.744662239887612,normal
CBGE,nonsense,NM_004931.5(CD8B):c.218G>A (p.Trp73Ter),chr2,CD8B,NM_004931.5,73,UGG,UAG,-12.577428842435683,normal
CBGE,nonsense,NM_004931.5(CD8B):c.219G>A (p.Trp73Ter),chr2,CD8B,NM_004931.5,73,UGG,UGA,-12.010255845031123,normal
CBGE,nonsense,NM_004931.5(CD8B):c.391C>T (p.Gln131Ter),chr2,CD8B,NM_004931.5,131,CAG,UAG,-12.11693578093273,normal
CBGE,nonsense,NM_004931.5(CD8B):c.619C>T (p.Gln207Ter),chr2,CD8B,NM_004931.5,207,CAA,UAA,-10.38534156141872,normal
CBGE,nonsense,NM_004931.5(CD8B):c.70C>T (p.Gln24Ter),chr2,CD8B,NM_004931.5,24,CAG,UAG,-11.83172798499688,normal
CBGE,nonsense,NM_004931.5(CD8B):c.94C>T (p.Gln32Ter),chr2,CD8B,NM_004931.5,32,CAA,UAA,-10.683236148214911,normal
CBGE,nonsense,NM_004958.4(MTOR):c.1018C>T (p.Gln340Ter),chr1,MTOR,NM_004958.4,340,CAA,UAA,-10.794897047889927,normal
CBGE,nonsense,NM_004958.4(MTOR):c.1114C>T (p.Gln372Ter),chr1,MTOR,NM_004958.4,372,CAG,UAG,-11.53864379519808,normal
CBGE,nonsense,NM_004958.4(MTOR):c.1127G>A (p.Trp376Ter),chr1,MTOR,NM_004958.4,376,UGG,UAG,-12.310735732585307,lof
CBGE,nonsense,NM_004958.4(MTOR):c.1128G>A (p.Trp376Ter),chr1,MTOR,NM_004958.4,376,UGG,UGA,-12.456672621877813,lof
CBGE,nonsense,NM_004958.4(MTOR):c.1303C>T (p.Gln435Ter),chr1,MTOR,NM_004958.4,435,CAA,UAA,-12.006476435946274,normal
CBGE,nonsense,NM_004958.4(MTOR):c.1471C>T (p.Arg491Ter),chr1,MTOR,NM_004958.4,491,CGA,UGA,-10.539443051389885,normal
CBGE,nonsense,NM_004958.4(MTOR):c.1495C>T (p.Gln499Ter),chr1,MTOR,NM_004958.4,499,CAG,UAG,-11.281475079622968,normal
CBGE,nonsense,NM_004958.4(MTOR):c.1690C>T (p.Gln564Ter),chr1,MTOR,NM_004958.4,564,CAG,UAG,-11.686595942832245,normal
CBGE,nonsense,NM_004958.4(MTOR):c.1759C>T (p.Arg587Ter),chr1,MTOR,NM_004958.4,587,CGA,UGA,-11.138406699058578,normal
CBGE,nonsense,NM_004958.4(MTOR):c.1801C>T (p.Gln601Ter),chr1,MTOR,NM_004958.4,601,CAA,UAA,-10.91631700985242,lof
CBGE,nonsense,NM_004958.4(MTOR):c.2419C>T (p.Gln807Ter),chr1,MTOR,NM_004958.4,807,CAG,UAG,-11.284806233764304,normal
CBGE,nonsense,NM_004958.4(MTOR):c.2447G>A (p.Trp816Ter),chr1,MTOR,NM_004958.4,816,UGG,UAG,-12.544828458404792,normal
CBGE,nonsense,NM_004958.4(MTOR):c.2448G>A (p.Trp816Ter),chr1,MTOR,NM_004958.4,816,UGG,UGA,-12.537597643516468,normal
CBGE,nonsense,NM_004958.4(MTOR):c.2536C>T (p.Gln846Ter),chr1,MTOR,NM_004958.4,846,CAG,UAG,-11.96088319617241,lof
CBGE,nonsense,NM_004958.4(MTOR):c.2632C>T (p.Gln878Ter),chr1,MTOR,NM_004958.4,878,CAG,UAG,-11.017208200841802,lof
CBGE,nonsense,NM_004958.4(MTOR):c.3004C>T (p.Arg1002Ter),chr1,MTOR,NM_004958.4,1002,CGA,UGA,-11.482550647793008,normal
CBGE,nonsense,NM_004958.4(MTOR):c.3040C>T (p.Gln1014Ter),chr1,MTOR,NM_004958.4,1014,CAG,UAG,-13.042682639075398,normal
CBGE,nonsense,NM_004958.4(MTOR):c.3301C>T (p.Gln1101Ter),chr1,MTOR,NM_004958.4,1101,CAG,UAG,-10.600994107016264,normal
CBGE,nonsense,NM_004958.4(MTOR):c.3565C>T (p.Gln1189Ter),chr1,MTOR,NM_004958.4,1189,CAA,UAA,-10.693868604777444,normal
CBGE,nonsense,NM_004958.4(MTOR):c.3839G>A (p.Trp1280Ter),chr1,MTOR,NM_004958.4,1280,UGG,UAG,-14.061546333879951,normal
CBGE,nonsense,NM_004958.4(MTOR):c.3840G>A (p.Trp1280Ter),chr1,MTOR,NM_004958.4,1280,UGG,UGA,-13.673091868935964,normal
CBGE,nonsense,NM_004958.4(MTOR):c.3848G>A (p.Trp1283Ter),chr1,MTOR,NM_004958.4,1283,UGG,UAG,-14.7546234167807,normal
CBGE,nonsense,NM_004958.4(MTOR):c.3849G>A (p.Trp1283Ter),chr1,MTOR,NM_004958.4,1283,UGG,UGA,-14.489582065890945,normal
CBGE,nonsense,NM_004958.4(MTOR):c.4270C>T (p.Gln1424Ter),chr1,MTOR,NM_004958.4,1424,CAG,UAG,-12.509340245937956,normal
CBGE,nonsense,NM_004958.4(MTOR):c.4336C>T (p.Gln1446Ter),chr1,MTOR,NM_004958.4,1446,CAG,UAG,-10.381471612338576,normal
CBGE,nonsense,NM_004958.4(MTOR):c.4469G>A (p.Trp1490Ter),chr1,MTOR,NM_004958.4,1490,UGG,UAG,-15.368841138967516,lof
CBGE,nonsense,NM_004958.4(MTOR):c.4502G>A (p.Trp1501Ter),chr1,MTOR,NM_004958.4,1501,UGG,UAG,-14.05437749832092,lof
CBGE,nonsense,NM_004958.4(MTOR):c.4503G>A (p.Trp1501Ter),chr1,MTOR,NM_004958.4,1501,UGG,UGA,-13.938013067633731,lof
CBGE,nonsense,NM_004958.4(MTOR):c.451C>T (p.Arg151Ter),chr1,MTOR,NM_004958.4,151,CGA,UGA,-10.405990573403663,normal
CBGE,nonsense,NM_004958.4(MTOR):c.4879C>T (p.Gln1627Ter),chr1,MTOR,NM_004958.4,1627,CAG,UAG,-10.981029536648828,lof
CBGE,nonsense,NM_004958.4(MTOR):c.4898G>A (p.Trp1633Ter),chr1,MTOR,NM_004958.4,1633,UGG,UAG,-14.47615906270546,lof
CBGE,nonsense,NM_004958.4(MTOR):c.4899G>A (p.Trp1633Ter),chr1,MTOR,NM_004958.4,1633,UGG,UGA,-14.202169386098545,lof
CBGE,nonsense,NM_004958.4(MTOR):c.5596C>T (p.Gln1866Ter),chr1,MTOR,NM_004958.4,1866,CAG,UAG,-11.50778098003887,lof
CBGE,nonsense,NM_004958.4(MTOR):c.5804G>A (p.Trp1935Ter),chr1,MTOR,NM_004958.4,1935,UGG,UAG,-14.312452368809996,lof
CBGE,nonsense,NM_004958.4(MTOR):c.5805G>A (p.Trp1935Ter),chr1,MTOR,NM_004958.4,1935,UGG,UGA,-14.123027748859627,lof
CBGE,nonsense,NM_004958.4(MTOR):c.6019C>T (p.Gln2007Ter),chr1,MTOR,NM_004958.4,2007,CAG,UAG,-11.12972073740073,normal
CBGE,nonsense,NM_004958.4(MTOR):c.6080G>A (p.Trp2027Ter),chr1,MTOR,NM_004958.4,2027,UGG,UAG,-14.334358270069744,normal
CBGE,nonsense,NM_004958.4(MTOR):c.6081G>A (p.Trp2027Ter),chr1,MTOR,NM_004958.4,2027,UGG,UGA,-14.20103939825194,normal
CBGE,nonsense,NM_004958.4(MTOR):c.6252G>A (p.Trp2084Ter),chr1,MTOR,NM_004958.4,2084,UGG,UGA,-12.677477816756271,normal
CBGE,nonsense,NM_004958.4(MTOR):c.6598C>T (p.Gln2200Ter),chr1,MTOR,NM_004958.4,2200,CAG,UAG,-13.138587007800174,normal
CBGE,nonsense,NM_004958.4(MTOR):c.6938G>A (p.Trp2313Ter),chr1,MTOR,NM_004958.4,2313,UGG,UAG,-12.18857764906134,lof
CBGE,nonsense,NM_004958.4(MTOR):c.6939G>A (p.Trp2313Ter),chr1,MTOR,NM_004958.4,2313,UGG,UGA,-11.987304723271416,lof
CBGE,nonsense,NM_004958.4(MTOR):c.694C>T (p.Gln232Ter),chr1,MTOR,NM_004958.4,232,CAG,UAG,-11.28112794206123,normal
CBGE,nonsense,NM_004958.4(MTOR):c.7222C>T (p.Arg2408Ter),chr1,MTOR,NM_004958.4,2408,CGA,UGA,-11.61547374642034,normal
CBGE,nonsense,NM_004958.4(MTOR):c.7357C>T (p.Gln2453Ter),chr1,MTOR,NM_004958.4,2453,CAG,UAG,-11.454719615781942,normal
CBGE,nonsense,NM_004958.4(MTOR):c.7618C>T (p.Gln2540Ter),chr1,MTOR,NM_004958.4,2540,CAG,UAG,-11.589015988285157,normal
CBGE,nonsense,NM_004958.4(MTOR):c.871C>T (p.Gln291Ter),chr1,MTOR,NM_004958.4,291,CAG,UAG,-11.40092084758135,normal
CBGE,nonsense,NM_004972.4(JAK2):c.100C>T (p.Gln34Ter),chr9,JAK2,NM_004972.4,34,CAA,UAA,-10.44001006588733,normal
CBGE,nonsense,NM_004972.4(JAK2):c.1039C>T (p.Gln347Ter),chr9,JAK2,NM_004972.4,347,CAA,UAA,-10.075268726931473,normal
CBGE,nonsense,NM_004972.4(JAK2):c.1189C>T (p.Gln397Ter),chr9,JAK2,NM_004972.4,397,CAA,UAA,-10.502132527711307,normal
CBGE,nonsense,NM_004972.4(JAK2):c.1276C>T (p.Arg426Ter),chr9,JAK2,NM_004972.4,426,CGA,UGA,-11.829397165993203,normal
CBGE,nonsense,NM_004972.4(JAK2):c.1690C>T (p.Arg564Ter),chr9,JAK2,NM_004972.4,564,CGA,UGA,-9.857290348285757,normal
CBGE,nonsense,NM_004972.4(JAK2):c.1876C>T (p.Gln626Ter),chr9,JAK2,NM_004972.4,626,CAG,UAG,-7.839003569479478,normal
CBGE,nonsense,NM_004972.4(JAK2):c.2290C>T (p.Gln764Ter),chr9,JAK2,NM_004972.4,764,CAA,UAA,-10.424575825090288,normal
CBGE,nonsense,NM_004972.4(JAK2):c.2557C>T (p.Gln853Ter),chr9,JAK2,NM_004972.4,853,CAG,UAG,-11.979335800872445,normal
CBGE,nonsense,NM_004972.4(JAK2):c.2560C>T (p.Gln854Ter),chr9,JAK2,NM_004972.4,854,CAA,UAA,-11.125520757158384,normal
CBGE,nonsense,NM_004972.4(JAK2):c.3334C>T (p.Gln1112Ter),chr9,JAK2,NM_004972.4,1112,CAA,UAA,-11.760429385037105,normal
CBGE,nonsense,NM_004972.4(JAK2):c.470G>A (p.Trp157Ter),chr9,JAK2,NM_004972.4,157,UGG,UAG,-12.490934345120452,normal
CBGE,nonsense,NM_004972.4(JAK2):c.61C>T (p.Gln21Ter),chr9,JAK2,NM_004972.4,21,CAG,UAG,-10.284093806598383,normal
CBGE,nonsense,NM_004972.4(JAK2):c.889C>T (p.Gln297Ter),chr9,JAK2,NM_004972.4,297,CAG,UAG,-10.313205676084465,normal
CBGE,nonsense,NM_004972.4(JAK2):c.988C>T (p.Gln330Ter),chr9,JAK2,NM_004972.4,330,CAA,UAA,-10.048437039082254,normal
CBGE,nonsense,NM_004985.5(KRAS):c.208C>T (p.Gln70Ter),chr12,KRAS,NM_004985.5,70,CAG,UAG,-11.478818969909913,normal
CBGE,nonsense,NM_004985.5(KRAS):c.73C>T (p.Gln25Ter),chr12,KRAS,NM_004985.5,25,CAG,UAG,-10.94020079112893,normal
CBGE,nonsense,NM_005018.3(PDCD1):c.13C>T (p.Gln5Ter),chr2,PDCD1,NM_005018.3,5,CAG,UAG,-9.77229312241129,normal
CBGE,nonsense,NM_005018.3(PDCD1):c.499C>T (p.Gln167Ter),chr2,PDCD1,NM_005018.3,167,CAA,UAA,-10.237188807076471,normal
CBGE,nonsense,NM_005018.3(PDCD1):c.823C>T (p.Gln275Ter),chr2,PDCD1,NM_005018.3,275,CAG,UAG,-10.549058959422188,normal
CBGE,nonsense,NM_005026.5(PIK3CD):c.1030C>T (p.Gln344Ter),chr1,PIK3CD,NM_005026.5,344,CAG,UAG,-11.393282038705523,lof
CBGE,nonsense,NM_005026.5(PIK3CD):c.1260G>A (p.Trp420Ter),chr1,PIK3CD,NM_005026.5,420,UGG,UGA,-12.074015604115916,normal
CBGE,nonsense,NM_005026.5(PIK3CD):c.1291C>T (p.Gln431Ter),chr1,PIK3CD,NM_005026.5,431,CAG,UAG,-11.601699853811663,lof
CBGE,nonsense,NM_005026.5(PIK3CD):c.1325G>A (p.Trp442Ter),chr1,PIK3CD,NM_005026.5,442,UGG,UAG,-11.53575812537543,lof
CBGE,nonsense,NM_005026.5(PIK3CD):c.1326G>A (p.Trp442Ter),chr1,PIK3CD,NM_005026.5,442,UGG,UGA,-11.2240982656971,lof
CBGE,nonsense,NM_005026.5(PIK3CD):c.149G>A (p.Trp50Ter),chr1,PIK3CD,NM_005026.5,50,UGG,UAG,-13.166462948425856,normal
CBGE,nonsense,NM_005026.5(PIK3CD):c.150G>A (p.Trp50Ter),chr1,PIK3CD,NM_005026.5,50,UGG,UGA,-12.900901862111672,normal
CBGE,nonsense,NM_005026.5(PIK3CD):c.1615C>T (p.Gln539Ter),chr1,PIK3CD,NM_005026.5,539,CAG,UAG,-10.720453188888769,normal
CBGE,nonsense,NM_005026.5(PIK3CD):c.1687C>T (p.Gln563Ter),chr1,PIK3CD,NM_005026.5,563,CAG,UAG,-10.155406010345292,normal
CBGE,nonsense,NM_005026.5(PIK3CD):c.1946G>A (p.Trp649Ter),chr1,PIK3CD,NM_005026.5,649,UGG,UAG,-14.356026579361828,lof
CBGE,nonsense,NM_005026.5(PIK3CD):c.1947G>A (p.Trp649Ter),chr1,PIK3CD,NM_005026.5,649,UGG,UGA,-14.134666368388867,lof
CBGE,nonsense,NM_005026.5(PIK3CD):c.2053C>T (p.Gln685Ter),chr1,PIK3CD,NM_005026.5,685,CAG,UAG,-11.384335441093368,normal
CBGE,nonsense,NM_005026.5(PIK3CD):c.2161C>T (p.Gln721Ter),chr1,PIK3CD,NM_005026.5,721,CAG,UAG,-9.073520580945308,lof
CBGE,nonsense,NM_005026.5(PIK3CD):c.2242C>T (p.Gln748Ter),chr1,PIK3CD,NM_005026.5,748,CAG,UAG,-11.727291093674202,normal
CBGE,nonsense,NM_005026.5(PIK3CD):c.235C>T (p.Gln79Ter),chr1,PIK3CD,NM_005026.5,79,CAG,UAG,-11.557394947514467,lof
CBGE,nonsense,NM_005026.5(PIK3CD):c.2407C>T (p.Gln803Ter),chr1,PIK3CD,NM_005026.5,803,CAG,UAG,-9.757371871823054,normal
CBGE,nonsense,NM_005026.5(PIK3CD):c.2512C>T (p.Gln838Ter),chr1,PIK3CD,NM_005026.5,838,CAA,UAA,-9.469156301305098,lof
CBGE,nonsense,NM_005026.5(PIK3CD):c.2704C>T (p.Arg902Ter),chr1,PIK3CD,NM_005026.5,902,CGA,UGA,-8.09168442080454,normal
CBGE,nonsense,NM_005026.5(PIK3CD):c.2986C>T (p.Gln996Ter),chr1,PIK3CD,NM_005026.5,996,CAG,UAG,-13.041538184760215,lof
CBGE,nonsense,NM_005026.5(PIK3CD):c.3080G>A (p.Trp1027Ter),chr1,PIK3CD,NM_005026.5,1027,UGG,UAG,-14.045093518620565,normal
CBGE,nonsense,NM_005026.5(PIK3CD):c.3081G>A (p.Trp1027Ter),chr1,PIK3CD,NM_005026.5,1027,UGG,UGA,-13.530324915232807,normal
CBGE,nonsense,NM_005026.5(PIK3CD):c.346C>T (p.Gln116Ter),chr1,PIK3CD,NM_005026.5,116,CAG,UAG,-10.857133870878489,lof
CBGE,nonsense,NM_005026.5(PIK3CD):c.35G>A (p.Trp12Ter),chr1,PIK3CD,NM_005026.5,12,UGG,UAG,-12.716138805540654,lof
CBGE,nonsense,NM_005026.5(PIK3CD):c.36G>A (p.Trp12Ter),chr1,PIK3CD,NM_005026.5,12,UGG,UGA,-12.380067759308655,lof
CBGE,nonsense,NM_005026.5(PIK3CD):c.433C>T (p.Gln145Ter),chr1,PIK3CD,NM_005026.5,145,CAA,UAA,-9.07720496434013,lof
CBGE,nonsense,NM_005026.5(PIK3CD):c.463C>T (p.Gln155Ter),chr1,PIK3CD,NM_005026.5,155,CAG,UAG,-11.794340203085053,normal
CBGE,nonsense,NM_005026.5(PIK3CD):c.466C>T (p.Gln156Ter),chr1,PIK3CD,NM_005026.5,156,CAG,UAG,-12.131725308949688,normal
CBGE,nonsense,NM_005026.5(PIK3CD):c.52C>T (p.Gln18Ter),chr1,PIK3CD,NM_005026.5,18,CAG,UAG,-10.952373502953126,lof
CBGE,nonsense,NM_005026.5(PIK3CD):c.533G>A (p.Trp178Ter),chr1,PIK3CD,NM_005026.5,178,UGG,UAG,-11.682027864272374,lof
CBGE,nonsense,NM_005026.5(PIK3CD):c.534G>A (p.Trp178Ter),chr1,PIK3CD,NM_005026.5,178,UGG,UGA,-11.34492021215199,lof
CBGE,nonsense,NM_005026.5(PIK3CD):c.688C>T (p.Gln230Ter),chr1,PIK3CD,NM_005026.5,230,CAG,UAG,-10.471130330111642,lof
CBGE,nonsense,NM_005026.5(PIK3CD):c.778C>T (p.Gln260Ter),chr1,PIK3CD,NM_005026.5,260,CAG,UAG,-11.439962358883994,lof
CBGE,nonsense,NM_005026.5(PIK3CD):c.865C>T (p.Gln289Ter),chr1,PIK3CD,NM_005026.5,289,CAG,UAG,-11.267930956418128,normal
CBGE,nonsense,NM_005027.4(PIK3R2):c.115C>T (p.Gln39Ter),chr19,PIK3R2,NM_005027.4,39,CAG,UAG,-12.00475500910377,normal
CBGE,nonsense,NM_005027.4(PIK3R2):c.1234C>T (p.Gln412Ter),chr19,PIK3R2,NM_005027.4,412,CAG,UAG,-11.98110005558007,normal
CBGE,nonsense,NM_005027.4(PIK3R2):c.1294C>T (p.Gln432Ter),chr19,PIK3R2,NM_005027.4,432,CAG,UAG,-9.745800943777596,normal
CBGE,nonsense,NM_005027.4(PIK3R2):c.1351C>T (p.Gln451Ter),chr19,PIK3R2,NM_005027.4,451,CAG,UAG,-13.868717229826084,normal
CBGE,nonsense,NM_005027.4(PIK3R2):c.1492C>T (p.Gln498Ter),chr19,PIK3R2,NM_005027.4,498,CAA,UAA,-9.832413744315224,normal
CBGE,nonsense,NM_005027.4(PIK3R2):c.154C>T (p.Gln52Ter),chr19,PIK3R2,NM_005027.4,52,CAG,UAG,-9.67552671872195,normal
CBGE,nonsense,NM_005027.4(PIK3R2):c.1555C>T (p.Gln519Ter),chr19,PIK3R2,NM_005027.4,519,CAA,UAA,-11.496129967112749,normal
CBGE,nonsense,NM_005027.4(PIK3R2):c.1630C>T (p.Gln544Ter),chr19,PIK3R2,NM_005027.4,544,CAG,UAG,-12.23709480339764,normal
CBGE,nonsense,NM_005027.4(PIK3R2):c.1633C>T (p.Gln545Ter),chr19,PIK3R2,NM_005027.4,545,CAG,UAG,-12.506911279873764,normal
CBGE,nonsense,NM_005027.4(PIK3R2):c.167G>A (p.Trp56Ter),chr19,PIK3R2,NM_005027.4,56,UGG,UAG,-15.662471743324108,normal
CBGE,nonsense,NM_005027.4(PIK3R2):c.168G>A (p.Trp56Ter),chr19,PIK3R2,NM_005027.4,56,UGG,UGA,-15.156743960464532,normal
CBGE,nonsense,NM_005027.4(PIK3R2):c.1726C>T (p.Gln576Ter),chr19,PIK3R2,NM_005027.4,576,CAG,UAG,-11.857398921652274,normal
CBGE,nonsense,NM_005027.4(PIK3R2):c.1739G>A (p.Trp580Ter),chr19,PIK3R2,NM_005027.4,580,UGG,UAG,-12.026116437647534,normal
CBGE,nonsense,NM_005027.4(PIK3R2):c.1762C>T (p.Gln588Ter),chr19,PIK3R2,NM_005027.4,588,CAG,UAG,-11.387846054258189,normal
CBGE,nonsense,NM_005027.4(PIK3R2):c.1891C>T (p.Gln631Ter),chr19,PIK3R2,NM_005027.4,631,CAG,UAG,-13.1112727472365,normal
CBGE,nonsense,NM_005027.4(PIK3R2):c.2089C>T (p.Gln697Ter),chr19,PIK3R2,NM_005027.4,697,CAG,UAG,-11.073603644930042,normal
CBGE,nonsense,NM_005027.4(PIK3R2):c.349C>T (p.Gln117Ter),chr19,PIK3R2,NM_005027.4,117,CAG,UAG,-10.41205028423304,normal
CBGE,nonsense,NM_005027.4(PIK3R2):c.470G>A (p.Trp157Ter),chr19,PIK3R2,NM_005027.4,157,UGG,UAG,-12.964385949770588,normal
CBGE,nonsense,NM_005027.4(PIK3R2):c.471G>A (p.Trp157Ter),chr19,PIK3R2,NM_005027.4,157,UGG,UGA,-12.571542740243103,normal
CBGE,nonsense,NM_005027.4(PIK3R2):c.490C>T (p.Gln164Ter),chr19,PIK3R2,NM_005027.4,164,CAG,UAG,-10.80558387134391,normal
CBGE,nonsense,NM_005027.4(PIK3R2):c.494G>A (p.Trp165Ter),chr19,PIK3R2,NM_005027.4,165,UGG,UAG,-11.178395222305213,normal
CBGE,nonsense,NM_005027.4(PIK3R2):c.495G>A (p.Trp165Ter),chr19,PIK3R2,NM_005027.4,165,UGG,UGA,-10.831260744578946,normal
CBGE,nonsense,NM_005027.4(PIK3R2):c.679C>T (p.Gln227Ter),chr19,PIK3R2,NM_005027.4,227,CAG,UAG,-11.156257610711958,normal
CBGE,nonsense,NM_005027.4(PIK3R2):c.865C>T (p.Gln289Ter),chr19,PIK3R2,NM_005027.4,289,CAG,UAG,-11.217506449994012,normal
CBGE,nonsense,NM_005027.4(PIK3R2):c.883C>T (p.Gln295Ter),chr19,PIK3R2,NM_005027.4,295,CAG,UAG,-11.35859677007997,normal
CBGE,nonsense,NM_005120.3(MED12):c.1136G>A (p.Trp379Ter),chrX,MED12,NM_005120.3,379,UGG,UAG,-11.773464182890198,normal
CBGE,nonsense,NM_005120.3(MED12):c.1447C>T (p.Arg483Ter),chrX,MED12,NM_005120.3,483,CGA,UGA,-9.7782307256554,normal
CBGE,nonsense,NM_005120.3(MED12):c.1597C>T (p.Gln533Ter),chrX,MED12,NM_005120.3,533,CAG,UAG,-11.289628962518218,normal
CBGE,nonsense,NM_005120.3(MED12):c.1861C>T (p.Arg621Ter),chrX,MED12,NM_005120.3,621,CGA,UGA,-9.537409760622673,normal
CBGE,nonsense,NM_005120.3(MED12):c.283C>T (p.Gln95Ter),chrX,MED12,NM_005120.3,95,CAA,UAA,-9.982911089759025,lof
CBGE,nonsense,NM_005120.3(MED12):c.4882C>T (p.Gln1628Ter),chrX,MED12,NM_005120.3,1628,CAG,UAG,-10.281664836084966,normal
CBGE,nonsense,NM_005120.3(MED12):c.6001C>T (p.Gln2001Ter),chrX,MED12,NM_005120.3,2001,CAG,UAG,-12.842736255706848,normal
CBGE,nonsense,NM_005120.3(MED12):c.6358C>T (p.Gln2120Ter),chrX,MED12,NM_005120.3,2120,CAG,UAG,-13.636150321794291,normal
CBGE,nonsense,NM_005120.3(MED12):c.6448C>T (p.Gln2150Ter),chrX,MED12,NM_005120.3,2150,CAG,UAG,-13.701742102295034,normal
CBGE,nonsense,NM_005171.5(ATF1):c.124C>T (p.Gln42Ter),chr12,ATF1,NM_005171.5,42,CAG,UAG,-10.425162334187869,normal
CBGE,nonsense,NM_005171.5(ATF1):c.154C>T (p.Gln52Ter),chr12,ATF1,NM_005171.5,52,CAG,UAG,-11.008800443998425,normal
CBGE,nonsense,NM_005171.5(ATF1):c.307C>T (p.Gln103Ter),chr12,ATF1,NM_005171.5,103,CAG,UAG,-11.110495582673613,normal
CBGE,nonsense,NM_005171.5(ATF1):c.322C>T (p.Gln108Ter),chr12,ATF1,NM_005171.5,108,CAG,UAG,-12.695218112058283,normal
CBGE,nonsense,NM_005171.5(ATF1):c.43C>T (p.Gln15Ter),chr12,ATF1,NM_005171.5,15,CAA,UAA,-10.48685557716276,normal
CBGE,nonsense,NM_005171.5(ATF1):c.448C>T (p.Gln150Ter),chr12,ATF1,NM_005171.5,150,CAG,UAG,-10.511574703233489,normal
CBGE,nonsense,NM_005171.5(ATF1):c.457C>T (p.Gln153Ter),chr12,ATF1,NM_005171.5,153,CAG,UAG,-9.281736366808408,normal
CBGE,nonsense,NM_005171.5(ATF1):c.637C>T (p.Gln213Ter),chr12,ATF1,NM_005171.5,213,CAA,UAA,-5.378101623490577,normal
CBGE,nonsense,NM_005171.5(ATF1):c.730C>T (p.Arg244Ter),chr12,ATF1,NM_005171.5,244,CGA,UGA,-9.120925054622436,normal
CBGE,nonsense,NM_005171.5(ATF1):c.88C>T (p.Gln30Ter),chr12,ATF1,NM_005171.5,30,CAA,UAA,-11.7977553040621,normal
CBGE,nonsense,NM_005188.4(CBL):c.1258C>T (p.Arg420Ter),chr11,CBL,NM_005188.4,420,CGA,UGA,-9.201788955484776,normal
CBGE,nonsense,NM_005188.4(CBL):c.1826G>A (p.Trp609Ter),chr11,CBL,NM_005188.4,609,UGG,UAG,-11.971374491920784,normal
CBGE,nonsense,NM_005188.4(CBL):c.1827G>A (p.Trp609Ter),chr11,CBL,NM_005188.4,609,UGG,UGA,-11.430573473742914,normal
CBGE,nonsense,NM_005188.4(CBL):c.2143C>T (p.Gln715Ter),chr11,CBL,NM_005188.4,715,CAG,UAG,-10.879855139567384,normal
CBGE,nonsense,NM_005188.4(CBL):c.2405G>A (p.Trp802Ter),chr11,CBL,NM_005188.4,802,UGG,UAG,-10.84374136951431,normal
CBGE,nonsense,NM_005188.4(CBL):c.2406G>A (p.Trp802Ter),chr11,CBL,NM_005188.4,802,UGG,UGA,-10.37708092496155,normal
CBGE,nonsense,NM_005188.4(CBL):c.2599C>T (p.Gln867Ter),chr11,CBL,NM_005188.4,867,CAG,UAG,-9.615806097589244,normal
CBGE,nonsense,NM_005188.4(CBL):c.382C>T (p.Gln128Ter),chr11,CBL,NM_005188.4,128,CAA,UAA,-11.71039969345758,normal
CBGE,nonsense,NM_005188.4(CBL):c.523C>T (p.Gln175Ter),chr11,CBL,NM_005188.4,175,CAG,UAG,-10.662961942262475,normal
CBGE,nonsense,NM_005214.5(CTLA4):c.124C>T (p.Gln42Ter),chr2,CTLA4,NM_005214.5,42,CAG,UAG,-12.17538259849625,normal
CBGE,nonsense,NM_005214.5(CTLA4):c.226C>T (p.Gln76Ter),chr2,CTLA4,NM_005214.5,76,CAG,UAG,-11.116890874180676,normal
CBGE,nonsense,NM_005214.5(CTLA4):c.238C>T (p.Gln80Ter),chr2,CTLA4,NM_005214.5,80,CAG,UAG,-11.311635918281937,normal
CBGE,nonsense,NM_005214.5(CTLA4):c.331C>T (p.Gln111Ter),chr2,CTLA4,NM_005214.5,111,CAA,UAA,-10.486972756579195,normal
CBGE,nonsense,NM_005214.5(CTLA4):c.349C>T (p.Gln117Ter),chr2,CTLA4,NM_005214.5,117,CAA,UAA,-10.914394433828496,normal
CBGE,nonsense,NM_005214.5(CTLA4):c.34C>T (p.Gln12Ter),chr2,CTLA4,NM_005214.5,12,CAG,UAG,-10.62403302176354,normal
CBGE,nonsense,NM_005214.5(CTLA4):c.442C>T (p.Gln148Ter),chr2,CTLA4,NM_005214.5,148,CAG,UAG,-12.538444487014166,normal
CBGE,nonsense,NM_005214.5(CTLA4):c.494G>A (p.Trp165Ter),chr2,CTLA4,NM_005214.5,165,UGG,UAG,-13.726427082362196,normal
CBGE,nonsense,NM_005228.5(EGFR):c.1548G>A (p.Trp516Ter),chr7,EGFR,NM_005228.5,516,UGG,UGA,-14.619873036848595,normal
CBGE,nonsense,NM_005228.5(EGFR):c.1591C>T (p.Arg531Ter),chr7,EGFR,NM_005228.5,531,CGA,UGA,-10.135110778115616,normal
CBGE,nonsense,NM_005228.5(EGFR):c.2068G>T (p.Glu690Ter),chr7,EGFR,NM_005228.5,690,GAG,UAG,-12.908241334203227,normal
CBGE,nonsense,NM_005228.5(EGFR):c.2086G>T (p.Gly696Ter),chr7,EGFR,NM_005228.5,696,GGA,UGA,-11.9216403411433,normal
CBGE,nonsense,NM_005228.5(EGFR):c.2089G>T (p.Glu697Ter),chr7,EGFR,NM_005228.5,697,GAA,UAA,-11.980331338207868,normal
CBGE,nonsense,NM_005228.5(EGFR):c.2101C>T (p.Gln701Ter),chr7,EGFR,NM_005228.5,701,CAA,UAA,-11.025943699767216,normal
CBGE,nonsense,NM_005228.5(EGFR):c.2111T>A (p.Leu704Ter),chr7,EGFR,NM_005228.5,704,UUG,UAG,-8.813458505374774,normal
CBGE,nonsense,NM_005228.5(EGFR):c.2120T>A (p.Leu707Ter),chr7,EGFR,NM_005228.5,707,UUG,UAG,-9.061441422433065,normal
CBGE,nonsense,NM_005228.5(EGFR):c.2122A>T (p.Lys708Ter),chr7,EGFR,NM_005228.5,708,AAG,UAG,-11.622993466991426,normal
CBGE,nonsense,NM_005228.5(EGFR):c.2125G>T (p.Glu709Ter),chr7,EGFR,NM_005228.5,709,GAA,UAA,-12.721442242133412,normal
CBGE,nonsense,NM_005228.5(EGFR):c.2131G>T (p.Glu711Ter),chr7,EGFR,NM_005228.5,711,GAA,UAA,-13.549118899047803,normal
CBGE,nonsense,NM_005228.5(EGFR):c.2137A>T (p.Lys713Ter),chr7,EGFR,NM_005228.5,713,AAA,UAA,-12.956415202154526,normal
CBGE,nonsense,NM_005228.5(EGFR):c.2140A>T (p.Lys714Ter),chr7,EGFR,NM_005228.5,714,AAG,UAG,-11.892803199858674,normal
CBGE,nonsense,NM_005228.5(EGFR):c.2146A>T (p.Lys716Ter),chr7,EGFR,NM_005228.5,716,AAA,UAA,-14.4230843261717,normal
CBGE,nonsense,NM_005228.5(EGFR):c.2181T>A (p.Tyr727Ter),chr7,EGFR,NM_005228.5,727,UAU,UAA,-10.926317247845674,normal
CBGE,nonsense,NM_005228.5(EGFR):c.2181T>G (p.Tyr727Ter),chr7,EGFR,NM_005228.5,727,UAU,UAG,-11.434932622371388,normal
CBGE,nonsense,NM_005228.5(EGFR):c.2182A>T (p.Lys728Ter),chr7,EGFR,NM_005228.5,728,AAG,UAG,-12.600793849031753,normal
CBGE,nonsense,NM_005228.5(EGFR):c.2185G>T (p.Gly729Ter),chr7,EGFR,NM_005228.5,729,GGA,UGA,-14.092725746595844,normal
CBGE,nonsense,NM_005228.5(EGFR):c.2192G>A (p.Trp731Ter),chr7,EGFR,NM_005228.5,731,UGG,UAG,-13.202301026693952,normal
CBGE,nonsense,NM_005228.5(EGFR):c.2193G>A (p.Trp731Ter),chr7,EGFR,NM_005228.5,731,UGG,UGA,-12.948127703676173,normal
CBGE,nonsense,NM_005228.5(EGFR):c.2200G>T (p.Glu734Ter),chr7,EGFR,NM_005228.5,734,GAA,UAA,-12.666399034329215,normal
CBGE,nonsense,NM_005228.5(EGFR):c.2206G>T (p.Glu736Ter),chr7,EGFR,NM_005228.5,736,GAG,UAG,-12.985622445077867,normal
CBGE,nonsense,NM_005228.5(EGFR):c.2209A>T (p.Lys737Ter),chr7,EGFR,NM_005228.5,737,AAA,UAA,-13.354775461431611,normal
CBGE,nonsense,NM_005228.5(EGFR):c.2215A>T (p.Lys739Ter),chr7,EGFR,NM_005228.5,739,AAA,UAA,-11.420860364496844,normal
CBGE,nonsense,NM_005228.5(EGFR):c.2233A>T (p.Lys745Ter),chr7,EGFR,NM_005228.5,745,AAG,UAG,-12.485640519412083,normal
CBGE,nonsense,NM_005228.5(EGFR):c.2284G>T (p.Glu762Ter),chr7,EGFR,NM_005228.5,762,GAA,UAA,-14.417842812513502,normal
CBGE,nonsense,NM_005228.5(EGFR):c.2292C>A (p.Tyr764Ter),chr7,EGFR,NM_005228.5,764,UAC,UAA,-11.229000138799488,normal
CBGE,nonsense,NM_005228.5(EGFR):c.2292C>G (p.Tyr764Ter),chr7,EGFR,NM_005228.5,764,UAC,UAG,-10.804456704233994,normal
CBGE,nonsense,NM_005228.5(EGFR):c.2325C>A (p.Cys775Ter),chr7,EGFR,NM_005228.5,775,UGC,UGA,-10.85971823517065,normal
CBGE,nonsense,NM_005228.5(EGFR):c.2343C>A (p.Cys781Ter),chr7,EGFR,NM_005228.5,781,UGC,UGA,-13.86636261114182,normal
CBGE,nonsense,NM_005228.5(EGFR):c.2359C>T (p.Gln787Ter),chr7,EGFR,NM_005228.5,787,CAG,UAG,-11.029334958041124,normal
CBGE,nonsense,NM_005228.5(EGFR):c.2371C>T (p.Gln791Ter),chr7,EGFR,NM_005228.5,791,CAG,UAG,-11.53804492656212,normal
CBGE,nonsense,NM_005228.5(EGFR):c.2391C>A (p.Cys797Ter),chr7,EGFR,NM_005228.5,797,UGC,UGA,-11.96238899671482,normal
CBGE,nonsense,NM_005228.5(EGFR):c.2403T>A (p.Tyr801Ter),chr7,EGFR,NM_005228.5,801,UAU,UAA,-13.29919046612914,normal
CBGE,nonsense,NM_005228.5(EGFR):c.2403T>G (p.Tyr801Ter),chr7,EGFR,NM_005228.5,801,UAU,UAG,-13.255330978567958,normal
CBGE,nonsense,NM_005228.5(EGFR):c.2410G>T (p.Glu804Ter),chr7,EGFR,NM_005228.5,804,GAA,UAA,-12.798074709316609,normal
CBGE,nonsense,NM_005228.5(EGFR):c.2416A>T (p.Lys806Ter),chr7,EGFR,NM_005228.5,806,AAA,UAA,-13.300266254614217,normal
CBGE,nonsense,NM_005228.5(EGFR):c.2434C>T (p.Gln812Ter),chr7,EGFR,NM_005228.5,812,CAG,UAG,-11.7373505176506,normal
CBGE,nonsense,NM_005228.5(EGFR):c.2439C>A (p.Tyr813Ter),chr7,EGFR,NM_005228.5,813,UAC,UAA,-9.699823451990634,normal
CBGE,nonsense,NM_005228.5(EGFR):c.2439C>G (p.Tyr813Ter),chr7,EGFR,NM_005228.5,813,UAC,UAG,-8.936588318013904,normal
CBGE,nonsense,NM_005228.5(EGFR):c.2450G>A (p.Trp817Ter),chr7,EGFR,NM_005228.5,817,UGG,UAG,-13.599883087610603,normal
CBGE,nonsense,NM_005228.5(EGFR):c.2451G>A (p.Trp817Ter),chr7,EGFR,NM_005228.5,817,UGG,UGA,-13.224105866972428,normal
CBGE,nonsense,NM_005228.5(EGFR):c.2454T>A (p.Cys818Ter),chr7,EGFR,NM_005228.5,818,UGU,UGA,-11.070077895636503,normal
CBGE,nonsense,NM_005228.5(EGFR):c.2458C>T (p.Gln820Ter),chr7,EGFR,NM_005228.5,820,CAG,UAG,-11.940399194637267,normal
CBGE,nonsense,NM_005228.5(EGFR):c.2467A>T (p.Lys823Ter),chr7,EGFR,NM_005228.5,823,AAG,UAG,-12.599690422477336,normal
CBGE,nonsense,NM_005228.5(EGFR):c.2481C>A (p.Tyr827Ter),chr7,EGFR,NM_005228.5,827,UAC,UAA,-15.389977475796956,normal
CBGE,nonsense,NM_005228.5(EGFR):c.2481C>G (p.Tyr827Ter),chr7,EGFR,NM_005228.5,827,UAC,UAG,-15.455381412369665,normal
CBGE,nonsense,NM_005228.5(EGFR):c.2483T>A (p.Leu828Ter),chr7,EGFR,NM_005228.5,828,UUG,UAG,-10.209018711011874,normal
CBGE,nonsense,NM_005228.5(EGFR):c.2485G>T (p.Glu829Ter),chr7,EGFR,NM_005228.5,829,GAG,UAG,-11.680890914976573,normal
CBGE,nonsense,NM_005228.5(EGFR):c.2498T>A (p.Leu833Ter),chr7,EGFR,NM_005228.5,833,UUG,UAG,-8.987426667837898,normal
CBGE,nonsense,NM_005228.5(EGFR):c.2536A>T (p.Lys846Ter),chr7,EGFR,NM_005228.5,846,AAA,UAA,-10.898581518759656,normal
CBGE,nonsense,NM_005228.5(EGFR):c.2545C>T (p.Gln849Ter),chr7,EGFR,NM_005228.5,849,CAG,UAG,-10.371417933524055,normal
CBGE,nonsense,NM_005228.5(EGFR):c.2554A>T (p.Lys852Ter),chr7,EGFR,NM_005228.5,852,AAG,UAG,-10.72412963881706,normal
CBGE,nonsense,NM_005228.5(EGFR):c.2578A>T (p.Lys860Ter),chr7,EGFR,NM_005228.5,860,AAA,UAA,-11.817438118695636,normal
CBGE,nonsense,NM_005228.5(EGFR):c.2593G>T (p.Glu865Ter),chr7,EGFR,NM_005228.5,865,GAA,UAA,-11.85650921700879,normal
CBGE,nonsense,NM_005228.5(EGFR):c.2596G>T (p.Glu866Ter),chr7,EGFR,NM_005228.5,866,GAG,UAG,-13.292713160536833,normal
CBGE,nonsense,NM_005228.5(EGFR):c.2599A>T (p.Lys867Ter),chr7,EGFR,NM_005228.5,867,AAA,UAA,-11.101106648029536,normal
CBGE,nonsense,NM_005228.5(EGFR):c.2602G>T (p.Glu868Ter),chr7,EGFR,NM_005228.5,868,GAA,UAA,-9.078819408387067,normal
CBGE,nonsense,NM_005228.5(EGFR):c.2607C>A (p.Tyr869Ter),chr7,EGFR,NM_005228.5,869,UAC,UAA,-13.284597409374134,normal
CBGE,nonsense,NM_005228.5(EGFR):c.2607C>G (p.Tyr869Ter),chr7,EGFR,NM_005228.5,869,UAC,UAG,-13.091021614881052,normal
CBGE,nonsense,NM_005228.5(EGFR):c.2614G>T (p.Glu872Ter),chr7,EGFR,NM_005228.5,872,GAA,UAA,-10.981683702730676,normal
CBGE,nonsense,NM_005228.5(EGFR):c.2617G>T (p.Gly873Ter),chr7,EGFR,NM_005228.5,873,GGA,UGA,-11.55204010764011,normal
CBGE,nonsense,NM_005228.5(EGFR):c.2623A>T (p.Lys875Ter),chr7,EGFR,NM_005228.5,875,AAA,UAA,-13.626633574442147,normal
CBGE,nonsense,NM_005228.5(EGFR):c.2635A>T (p.Lys879Ter),chr7,EGFR,NM_005228.5,879,AAG,UAG,-13.668825139434308,normal
CBGE,nonsense,NM_005228.5(EGFR):c.2639G>A (p.Trp880Ter),chr7,EGFR,NM_005228.5,880,UGG,UAG,-14.581932088454373,normal
CBGE,nonsense,NM_005228.5(EGFR):c.2640G>A (p.Trp880Ter),chr7,EGFR,NM_005228.5,880,UGG,UGA,-14.8580408319085,normal
CBGE,nonsense,NM_005228.5(EGFR):c.2648T>A (p.Leu883Ter),chr7,EGFR,NM_005228.5,883,UUG,UAG,-7.260066064960665,normal
CBGE,nonsense,NM_005228.5(EGFR):c.2650G>T (p.Glu884Ter),chr7,EGFR,NM_005228.5,884,GAA,UAA,-14.39408211778933,normal
CBGE,nonsense,NM_005228.5(EGFR):c.2654C>A (p.Ser885Ter),chr7,EGFR,NM_005228.5,885,UCA,UAA,-11.361154593869625,normal
CBGE,nonsense,NM_005228.5(EGFR):c.2654C>G (p.Ser885Ter),chr7,EGFR,NM_005228.5,885,UCA,UGA,-11.185108222924637,normal
CBGE,nonsense,NM_005228.5(EGFR):c.2660T>A (p.Leu887Ter),chr7,EGFR,NM_005228.5,887,UUA,UAA,-9.159420038274646,normal
CBGE,nonsense,NM_005228.5(EGFR):c.2660T>G (p.Leu887Ter),chr7,EGFR,NM_005228.5,887,UUA,UGA,-9.101159977745931,normal
CBGE,nonsense,NM_005228.5(EGFR):c.2665A>T (p.Arg889Ter),chr7,EGFR,NM_005228.5,889,AGA,UGA,-8.172615057166007,normal
CBGE,nonsense,NM_005228.5(EGFR):c.2673T>A (p.Tyr891Ter),chr7,EGFR,NM_005228.5,891,UAU,UAA,-11.678257904659109,normal
CBGE,nonsense,NM_005228.5(EGFR):c.2673T>G (p.Tyr891Ter),chr7,EGFR,NM_005228.5,891,UAU,UAG,-12.037663434003646,normal
CBGE,nonsense,NM_005228.5(EGFR):c.2680C>T (p.Gln894Ter),chr7,EGFR,NM_005228.5,894,CAG,UAG,-12.403539627384813,normal
CBGE,nonsense,NM_005228.5(EGFR):c.2693G>A (p.Trp898Ter),chr7,EGFR,NM_005228.5,898,UGG,UAG,-14.581851008356,normal
CBGE,nonsense,NM_005228.5(EGFR):c.2700C>A (p.Tyr900Ter),chr7,EGFR,NM_005228.5,900,UAC,UAA,-13.589014033016158,normal
CBGE,nonsense,NM_005228.5(EGFR):c.2700C>G (p.Tyr900Ter),chr7,EGFR,NM_005228.5,900,UAC,UAG,-13.660041785221368,normal
CBGE,nonsense,NM_005228.5(EGFR):c.2714G>A (p.Trp905Ter),chr7,EGFR,NM_005228.5,905,UGG,UAG,-15.012775421827294,normal
CBGE,nonsense,NM_005228.5(EGFR):c.2715G>A (p.Trp905Ter),chr7,EGFR,NM_005228.5,905,UGG,UGA,-14.93912890124107,normal
CBGE,nonsense,NM_005228.5(EGFR):c.2716G>T (p.Glu906Ter),chr7,EGFR,NM_005228.5,906,GAG,UAG,-14.01268383477091,normal
CBGE,nonsense,NM_005228.5(EGFR):c.2720T>A (p.Leu907Ter),chr7,EGFR,NM_005228.5,907,UUG,UAG,-10.165612225107337,normal
CBGE,nonsense,NM_005228.5(EGFR):c.2737A>T (p.Lys913Ter),chr7,EGFR,NM_005228.5,913,AAG,UAG,-13.387901234575176,normal
CBGE,nonsense,NM_005228.5(EGFR):c.2745T>A (p.Tyr915Ter),chr7,EGFR,NM_005228.5,915,UAU,UAA,-13.61158563408354,normal
CBGE,nonsense,NM_005228.5(EGFR):c.2745T>G (p.Tyr915Ter),chr7,EGFR,NM_005228.5,915,UAU,UAG,-13.669055876822206,normal
CBGE,nonsense,NM_005228.5(EGFR):c.2749G>T (p.Gly917Ter),chr7,EGFR,NM_005228.5,917,GGA,UGA,-12.54844668697429,normal
CBGE,nonsense,NM_005228.5(EGFR):c.2764G>T (p.Glu922Ter),chr7,EGFR,NM_005228.5,922,GAG,UAG,-14.073051504428456,normal
CBGE,nonsense,NM_005228.5(EGFR):c.2782G>T (p.Glu928Ter),chr7,EGFR,NM_005228.5,928,GAG,UAG,-13.985593772476236,normal
CBGE,nonsense,NM_005228.5(EGFR):c.2785A>T (p.Lys929Ter),chr7,EGFR,NM_005228.5,929,AAA,UAA,-13.363584502302624,normal
CBGE,nonsense,NM_005228.5(EGFR):c.2788G>T (p.Gly930Ter),chr7,EGFR,NM_005228.5,930,GGA,UGA,-10.574131947560293,normal
CBGE,nonsense,NM_005228.5(EGFR):c.2791G>T (p.Glu931Ter),chr7,EGFR,NM_005228.5,931,GAA,UAA,-9.893779731846871,normal
CBGE,nonsense,NM_005228.5(EGFR):c.2803C>T (p.Gln935Ter),chr7,EGFR,NM_005228.5,935,CAG,UAG,-12.82071023818866,normal
CBGE,nonsense,NM_005228.5(EGFR):c.2817T>A (p.Cys939Ter),chr7,EGFR,NM_005228.5,939,UGU,UGA,-12.643879875479502,normal
CBGE,nonsense,NM_005228.5(EGFR):c.2845A>T (p.Lys949Ter),chr7,EGFR,NM_005228.5,949,AAG,UAG,-14.902974150026076,normal
CBGE,nonsense,NM_005228.5(EGFR):c.2852G>A (p.Trp951Ter),chr7,EGFR,NM_005228.5,951,UGG,UAG,-13.54850102468707,normal
CBGE,nonsense,NM_005228.5(EGFR):c.2853G>A (p.Trp951Ter),chr7,EGFR,NM_005228.5,951,UGG,UGA,-13.61614413790358,normal
CBGE,nonsense,NM_005228.5(EGFR):c.2878A>T (p.Lys960Ter),chr7,EGFR,NM_005228.5,960,AAG,UAG,-11.20859147640082,normal
CBGE,nonsense,NM_005228.5(EGFR):c.2891T>A (p.Leu964Ter),chr7,EGFR,NM_005228.5,964,UUG,UAG,-9.192905419478477,normal
CBGE,nonsense,NM_005228.5(EGFR):c.2899G>T (p.Glu967Ter),chr7,EGFR,NM_005228.5,967,GAA,UAA,-11.465160323025534,normal
CBGE,nonsense,NM_005228.5(EGFR):c.2908A>T (p.Lys970Ter),chr7,EGFR,NM_005228.5,970,AAA,UAA,-14.3493061428432,normal
CBGE,nonsense,NM_005228.5(EGFR):c.2917C>T (p.Arg973Ter),chr7,EGFR,NM_005228.5,973,CGA,UGA,-10.987466771305735,normal
CBGE,nonsense,NM_005228.5(EGFR):c.2926C>T (p.Gln976Ter),chr7,EGFR,NM_005228.5,976,CAG,UAG,-11.56508441239815,normal
CBGE,nonsense,NM_005228.5(EGFR):c.2934C>A (p.Tyr978Ter),chr7,EGFR,NM_005228.5,978,UAC,UAA,-11.273428010482384,normal
CBGE,nonsense,NM_005228.5(EGFR):c.2934C>G (p.Tyr978Ter),chr7,EGFR,NM_005228.5,978,UAC,UAG,-10.979620032657795,normal
CBGE,nonsense,NM_005228.5(EGFR):c.3283C>T (p.Gln1095Ter),chr7,EGFR,NM_005228.5,1095,CAG,UAG,-11.431993477235224,normal
CBGE,nonsense,NM_005228.5(EGFR):c.421C>T (p.Gln141Ter),chr7,EGFR,NM_005228.5,141,CAG,UAG,-10.960851692263583,normal
CBGE,nonsense,NM_005239.6(ETS2):c.1006C>T (p.Gln336Ter),chr21,ETS2,NM_005239.6,336,CAA,UAA,-10.076703047457888,normal
CBGE,nonsense,NM_005239.6(ETS2):c.1090C>T (p.Gln364Ter),chr21,ETS2,NM_005239.6,364,CAG,UAG,-10.756208417978534,normal
CBGE,nonsense,NM_005239.6(ETS2):c.1097G>A (p.Trp366Ter),chr21,ETS2,NM_005239.6,366,UGG,UAG,-14.855627043473602,normal
CBGE,nonsense,NM_005239.6(ETS2):c.1098G>A (p.Trp366Ter),chr21,ETS2,NM_005239.6,366,UGG,UGA,-14.849065737607871,normal
CBGE,nonsense,NM_005239.6(ETS2):c.1099C>T (p.Gln367Ter),chr21,ETS2,NM_005239.6,367,CAG,UAG,-13.158278482179652,normal
CBGE,nonsense,NM_005239.6(ETS2):c.1135C>T (p.Gln379Ter),chr21,ETS2,NM_005239.6,379,CAG,UAG,-11.782310485345548,normal
CBGE,nonsense,NM_005239.6(ETS2):c.1151G>A (p.Trp384Ter),chr21,ETS2,NM_005239.6,384,UGG,UAG,-16.34862144111176,normal
CBGE,nonsense,NM_005239.6(ETS2):c.1152G>A (p.Trp384Ter),chr21,ETS2,NM_005239.6,384,UGG,UGA,-15.864430423193468,normal
CBGE,nonsense,NM_005239.6(ETS2):c.1208G>A (p.Trp403Ter),chr21,ETS2,NM_005239.6,403,UGG,UAG,-15.587549188336569,normal
CBGE,nonsense,NM_005239.6(ETS2):c.1209G>A (p.Trp403Ter),chr21,ETS2,NM_005239.6,403,UGG,UGA,-15.377406135285144,normal
CBGE,nonsense,NM_005239.6(ETS2):c.1339C>T (p.Gln447Ter),chr21,ETS2,NM_005239.6,447,CAG,UAG,-8.956542024716812,normal
CBGE,nonsense,NM_005239.6(ETS2):c.1390C>T (p.Gln464Ter),chr21,ETS2,NM_005239.6,464,CAG,UAG,-10.723945607759132,normal
CBGE,nonsense,NM_005239.6(ETS2):c.148C>T (p.Gln50Ter),chr21,ETS2,NM_005239.6,50,CAA,UAA,-10.558754001518473,normal
CBGE,nonsense,NM_005239.6(ETS2):c.280C>T (p.Gln94Ter),chr21,ETS2,NM_005239.6,94,CAG,UAG,-11.44916918120048,normal
CBGE,nonsense,NM_005239.6(ETS2):c.317G>A (p.Trp106Ter),chr21,ETS2,NM_005239.6,106,UGG,UAG,-16.469736078202715,normal
CBGE,nonsense,NM_005239.6(ETS2):c.318G>A (p.Trp106Ter),chr21,ETS2,NM_005239.6,106,UGG,UGA,-16.407409705747746,normal
CBGE,nonsense,NM_005239.6(ETS2):c.31C>T (p.Gln11Ter),chr21,ETS2,NM_005239.6,11,CAG,UAG,-10.95698161015919,normal
CBGE,nonsense,NM_005239.6(ETS2):c.325C>T (p.Gln109Ter),chr21,ETS2,NM_005239.6,109,CAA,UAA,-11.327408796554904,normal
CBGE,nonsense,NM_005239.6(ETS2):c.328C>T (p.Gln110Ter),chr21,ETS2,NM_005239.6,110,CAG,UAG,-14.186223077941197,normal
CBGE,nonsense,NM_005239.6(ETS2):c.337C>T (p.Gln113Ter),chr21,ETS2,NM_005239.6,113,CAG,UAG,-12.674191488125368,normal
CBGE,nonsense,NM_005239.6(ETS2):c.350G>A (p.Trp117Ter),chr21,ETS2,NM_005239.6,117,UGG,UAG,-13.400886493524194,normal
CBGE,nonsense,NM_005239.6(ETS2):c.351G>A (p.Trp117Ter),chr21,ETS2,NM_005239.6,117,UGG,UGA,-13.109480802246155,normal
CBGE,nonsense,NM_005239.6(ETS2):c.388C>T (p.Gln130Ter),chr21,ETS2,NM_005239.6,130,CAG,UAG,-12.851228779666991,normal
CBGE,nonsense,NM_005239.6(ETS2):c.409C>T (p.Gln137Ter),chr21,ETS2,NM_005239.6,137,CAG,UAG,-12.478313407627557,normal
CBGE,nonsense,NM_005239.6(ETS2):c.493C>T (p.Gln165Ter),chr21,ETS2,NM_005239.6,165,CAA,UAA,-11.66048624352924,normal
CBGE,nonsense,NM_005239.6(ETS2):c.569G>A (p.Trp190Ter),chr21,ETS2,NM_005239.6,190,UGG,UAG,-11.980287583821578,normal
CBGE,nonsense,NM_005239.6(ETS2):c.570G>A (p.Trp190Ter),chr21,ETS2,NM_005239.6,190,UGG,UGA,-12.013967491119388,normal
CBGE,nonsense,NM_005239.6(ETS2):c.709C>T (p.Gln237Ter),chr21,ETS2,NM_005239.6,237,CAG,UAG,-11.025423005950277,normal
CBGE,nonsense,NM_005239.6(ETS2):c.887G>A (p.Trp296Ter),chr21,ETS2,NM_005239.6,296,UGG,UAG,-12.371128132331911,normal
CBGE,nonsense,NM_005239.6(ETS2):c.888G>A (p.Trp296Ter),chr21,ETS2,NM_005239.6,296,UGG,UGA,-12.105290414713808,normal
CBGE,nonsense,NM_005239.6(ETS2):c.895C>T (p.Gln299Ter),chr21,ETS2,NM_005239.6,299,CAG,UAG,-11.528198192131528,normal
CBGE,nonsense,NM_005252.4(FOS):c.224G>A (p.Trp75Ter),chr14,FOS,NM_005252.4,75,UGG,UAG,-11.950450919501018,normal
CBGE,nonsense,NM_005252.4(FOS):c.225G>A (p.Trp75Ter),chr14,FOS,NM_005252.4,75,UGG,UGA,-11.6771755099293,normal
CBGE,nonsense,NM_005252.4(FOS):c.355C>T (p.Arg119Ter),chr14,FOS,NM_005252.4,119,CGA,UGA,-11.369560265736492,normal
CBGE,nonsense,NM_005252.4(FOS):c.361C>T (p.Gln121Ter),chr14,FOS,NM_005252.4,121,CAG,UAG,-11.223425858386184,normal
CBGE,nonsense,NM_005252.4(FOS):c.427C>T (p.Arg143Ter),chr14,FOS,NM_005252.4,143,CGA,UGA,-10.8931932786217,normal
CBGE,nonsense,NM_005252.4(FOS):c.496C>T (p.Gln166Ter),chr14,FOS,NM_005252.4,166,CAA,UAA,-10.055475237536417,normal
CBGE,nonsense,NM_005253.4(FOSL2):c.185G>A (p.Trp62Ter),chr2,FOSL2,NM_005253.4,62,UGG,UAG,-11.989690081764149,normal
CBGE,nonsense,NM_005253.4(FOSL2):c.186G>A (p.Trp62Ter),chr2,FOSL2,NM_005253.4,62,UGG,UGA,-11.986244355254383,normal
CBGE,nonsense,NM_005253.4(FOSL2):c.352C>T (p.Gln118Ter),chr2,FOSL2,NM_005253.4,118,CAG,UAG,-8.531148920302222,normal
CBGE,nonsense,NM_005253.4(FOSL2):c.595C>T (p.Arg199Ter),chr2,FOSL2,NM_005253.4,199,CGA,UGA,-8.872068398249805,normal
CBGE,nonsense,NM_005253.4(FOSL2):c.667C>T (p.Gln223Ter),chr2,FOSL2,NM_005253.4,223,CAG,UAG,-11.629110297743802,normal
CBGE,nonsense,NM_005253.4(FOSL2):c.97C>T (p.Gln33Ter),chr2,FOSL2,NM_005253.4,33,CAG,UAG,-11.586205385021916,normal
CBGE,nonsense,NM_005343.4(HRAS):c.127C>T (p.Gln43Ter),chr11,HRAS,NM_005343.4,43,CAG,UAG,-12.269199395723684,normal
CBGE,nonsense,NM_005343.4(HRAS):c.295C>T (p.Gln99Ter),chr11,HRAS,NM_005343.4,99,CAG,UAG,-13.229478826547185,normal
CBGE,nonsense,NM_005343.4(HRAS):c.391C>T (p.Gln131Ter),chr11,HRAS,NM_005343.4,131,CAG,UAG,-13.031557076104573,normal
CBGE,nonsense,NM_005343.4(HRAS):c.403C>T (p.Arg135Ter),chr11,HRAS,NM_005343.4,135,CGA,UGA,-11.255089835170129,normal
CBGE,nonsense,NM_005354.6(JUND):c.1009C>T (p.Gln337Ter),chr19,JUND,NM_005354.6,337,CAG,UAG,-12.186408991398086,normal
CBGE,nonsense,NM_005354.6(JUND):c.325C>T (p.Gln109Ter),chr19,JUND,NM_005354.6,109,CAG,UAG,-12.165557883804736,normal
CBGE,nonsense,NM_005354.6(JUND):c.400C>T (p.Gln134Ter),chr19,JUND,NM_005354.6,134,CAG,UAG,-11.31025503797813,normal
CBGE,nonsense,NM_005354.6(JUND):c.448C>T (p.Gln150Ter),chr19,JUND,NM_005354.6,150,CAG,UAG,-13.53796004089532,normal
CBGE,nonsense,NM_005354.6(JUND):c.454C>T (p.Gln152Ter),chr19,JUND,NM_005354.6,152,CAG,UAG,-12.726616812267965,normal
CBGE,nonsense,NM_005354.6(JUND):c.796C>T (p.Gln266Ter),chr19,JUND,NM_005354.6,266,CAG,UAG,-9.130723898768045,normal
CBGE,nonsense,NM_005356.5(LCK):c.1039C>T (p.Gln347Ter),chr1,LCK,NM_005356.5,347,CAA,UAA,-7.882264204420283,normal
CBGE,nonsense,NM_005356.5(LCK):c.115C>T (p.Arg39Ter),chr1,LCK,NM_005356.5,39,CGA,UGA,-9.614438926275636,lof
CBGE,nonsense,NM_005356.5(LCK):c.1217G>A (p.Trp406Ter),chr1,LCK,NM_005356.5,406,UGG,UAG,-14.17949773121159,normal
CBGE,nonsense,NM_005356.5(LCK):c.1218G>A (p.Trp406Ter),chr1,LCK,NM_005356.5,406,UGG,UGA,-14.101912556381697,normal
CBGE,nonsense,NM_005356.5(LCK):c.1411C>T (p.Gln471Ter),chr1,LCK,NM_005356.5,471,CAA,UAA,-10.99008939163615,lof
CBGE,nonsense,NM_005356.5(LCK):c.1430G>A (p.Trp477Ter),chr1,LCK,NM_005356.5,477,UGG,UAG,-13.439020167525316,lof
CBGE,nonsense,NM_005356.5(LCK):c.1431G>A (p.Trp477Ter),chr1,LCK,NM_005356.5,477,UGG,UGA,-13.326142252068552,lof
CBGE,nonsense,NM_005356.5(LCK):c.1516C>T (p.Gln506Ter),chr1,LCK,NM_005356.5,506,CAG,UAG,-12.168542833503825,normal
CBGE,nonsense,NM_005356.5(LCK):c.1522C>T (p.Gln508Ter),chr1,LCK,NM_005356.5,508,CAG,UAG,-12.068520566226011,gof
CBGE,nonsense,NM_005356.5(LCK):c.184C>T (p.Gln62Ter),chr1,LCK,NM_005356.5,62,CAA,UAA,-10.918609631114716,lof
CBGE,nonsense,NM_005356.5(LCK):c.301C>T (p.Gln101Ter),chr1,LCK,NM_005356.5,101,CAG,UAG,-10.545130732094114,gof
CBGE,nonsense,NM_005356.5(LCK):c.380G>A (p.Trp127Ter),chr1,LCK,NM_005356.5,127,UGG,UAG,-15.330371874196397,lof
CBGE,nonsense,NM_005356.5(LCK):c.381G>A (p.Trp127Ter),chr1,LCK,NM_005356.5,127,UGG,UGA,-15.292213423228771,lof
CBGE,nonsense,NM_005356.5(LCK):c.38G>A (p.Trp13Ter),chr1,LCK,NM_005356.5,13,UGG,UAG,-12.296956937627106,normal
CBGE,nonsense,NM_005356.5(LCK):c.39G>A (p.Trp13Ter),chr1,LCK,NM_005356.5,13,UGG,UGA,-12.042017980317604,normal
CBGE,nonsense,NM_005356.5(LCK):c.586C>T (p.Arg196Ter),chr1,LCK,NM_005356.5,196,CGA,UGA,-11.166154879747753,normal
CBGE,nonsense,NM_005356.5(LCK):c.679C>T (p.Gln227Ter),chr1,LCK,NM_005356.5,227,CAG,UAG,-11.500795416098365,normal
CBGE,nonsense,NM_005356.5(LCK):c.688C>T (p.Gln230Ter),chr1,LCK,NM_005356.5,230,CAG,UAG,-10.137624677048352,lof
CBGE,nonsense,NM_005356.5(LCK):c.829C>T (p.Gln277Ter),chr1,LCK,NM_005356.5,277,CAG,UAG,-7.568212506417235,lof
CBGE,nonsense,NM_005356.5(LCK):c.886C>T (p.Gln296Ter),chr1,LCK,NM_005356.5,296,CAA,UAA,-8.856918184872288,lof
CBGE,nonsense,NM_005359.6(SMAD4):c.1000C>T (p.Gln334Ter),chr18,SMAD4,NM_005359.6,334,CAG,UAG,-8.37298010867578,normal
CBGE,nonsense,NM_005359.6(SMAD4):c.1096C>T (p.Gln366Ter),chr18,SMAD4,NM_005359.6,366,CAA,UAA,-11.317816761043188,normal
CBGE,nonsense,NM_005359.6(SMAD4):c.1645C>T (p.Gln549Ter),chr18,SMAD4,NM_005359.6,549,CAA,UAA,-11.125868876192673,normal
CBGE,nonsense,NM_005359.6(SMAD4):c.302G>A (p.Trp101Ter),chr18,SMAD4,NM_005359.6,101,UGG,UAG,-14.80306620630753,normal
CBGE,nonsense,NM_005359.6(SMAD4):c.303G>A (p.Trp101Ter),chr18,SMAD4,NM_005359.6,101,UGG,UGA,-14.612129226325392,normal
CBGE,nonsense,NM_005359.6(SMAD4):c.445C>T (p.Gln149Ter),chr18,SMAD4,NM_005359.6,149,CAG,UAG,-10.87937929023392,normal
CBGE,nonsense,NM_005359.6(SMAD4):c.505C>T (p.Gln169Ter),chr18,SMAD4,NM_005359.6,169,CAG,UAG,-11.18470391018969,normal
CBGE,nonsense,NM_005359.6(SMAD4):c.670C>T (p.Gln224Ter),chr18,SMAD4,NM_005359.6,224,CAG,UAG,-10.964564355958291,normal
CBGE,nonsense,NM_005359.6(SMAD4):c.715C>T (p.Gln239Ter),chr18,SMAD4,NM_005359.6,239,CAG,UAG,-11.673656426538304,normal
CBGE,nonsense,NM_005359.6(SMAD4):c.742C>T (p.Gln248Ter),chr18,SMAD4,NM_005359.6,248,CAG,UAG,-12.230258801173695,normal
CBGE,nonsense,NM_005359.6(SMAD4):c.745C>T (p.Gln249Ter),chr18,SMAD4,NM_005359.6,249,CAG,UAG,-12.476331738305424,normal
CBGE,nonsense,NM_005359.6(SMAD4):c.968G>A (p.Trp323Ter),chr18,SMAD4,NM_005359.6,323,UGG,UAG,-14.981071447643773,normal
CBGE,nonsense,NM_005359.6(SMAD4):c.969G>A (p.Trp323Ter),chr18,SMAD4,NM_005359.6,323,UGG,UGA,-14.66445923470685,normal
CBGE,nonsense,NM_005360.5(MAF):c.1069C>T (p.Arg357Ter),chr16,MAF,NM_005360.5,357,CGA,UGA,-9.96141618118252,normal
CBGE,nonsense,NM_005360.5(MAF):c.871C>T (p.Gln291Ter),chr16,MAF,NM_005360.5,291,CAG,UAG,-12.069538084762062,normal
CBGE,nonsense,NM_005360.5(MAF):c.994C>T (p.Gln332Ter),chr16,MAF,NM_005360.5,332,CAG,UAG,-13.185611691713856,normal
CBGE,nonsense,NM_005419.4(STAT2):c.1105C>T (p.Gln369Ter),chr12,STAT2,NM_005419.4,369,CAA,UAA,-9.622517664013262,normal
CBGE,nonsense,NM_005419.4(STAT2):c.1111C>T (p.Gln371Ter),chr12,STAT2,NM_005419.4,371,CAA,UAA,-10.45007511604306,normal
CBGE,nonsense,NM_005419.4(STAT2):c.1174C>T (p.Gln392Ter),chr12,STAT2,NM_005419.4,392,CAG,UAG,-11.363487178320216,normal
CBGE,nonsense,NM_005419.4(STAT2):c.1180C>T (p.Gln394Ter),chr12,STAT2,NM_005419.4,394,CAG,UAG,-10.127470959099655,normal
CBGE,nonsense,NM_005419.4(STAT2):c.11G>A (p.Trp4Ter),chr12,STAT2,NM_005419.4,4,UGG,UAG,-12.079942704136757,normal
CBGE,nonsense,NM_005419.4(STAT2):c.1222C>T (p.Gln408Ter),chr12,STAT2,NM_005419.4,408,CAA,UAA,-10.44940939726407,normal
CBGE,nonsense,NM_005419.4(STAT2):c.124C>T (p.Gln42Ter),chr12,STAT2,NM_005419.4,42,CAG,UAG,-11.019819251932908,normal
CBGE,nonsense,NM_005419.4(STAT2):c.12G>A (p.Trp4Ter),chr12,STAT2,NM_005419.4,4,UGG,UGA,-11.96400447291031,normal
CBGE,nonsense,NM_005419.4(STAT2):c.1318C>T (p.Gln440Ter),chr12,STAT2,NM_005419.4,440,CAG,UAG,-11.041604955482104,normal
CBGE,nonsense,NM_005419.4(STAT2):c.1397G>A (p.Trp466Ter),chr12,STAT2,NM_005419.4,466,UGG,UAG,-12.261608171243571,normal
CBGE,nonsense,NM_005419.4(STAT2):c.1398G>A (p.Trp466Ter),chr12,STAT2,NM_005419.4,466,UGG,UGA,-12.066863971357355,normal
CBGE,nonsense,NM_005419.4(STAT2):c.1412G>A (p.Trp471Ter),chr12,STAT2,NM_005419.4,471,UGG,UAG,-12.212482506611003,normal
CBGE,nonsense,NM_005419.4(STAT2):c.1413G>A (p.Trp471Ter),chr12,STAT2,NM_005419.4,471,UGG,UGA,-11.976207753362727,normal
CBGE,nonsense,NM_005419.4(STAT2):c.1438C>T (p.Gln480Ter),chr12,STAT2,NM_005419.4,480,CAG,UAG,-11.051008305081684,normal
CBGE,nonsense,NM_005419.4(STAT2):c.1505G>A (p.Trp502Ter),chr12,STAT2,NM_005419.4,502,UGG,UAG,-11.749652904512065,normal
CBGE,nonsense,NM_005419.4(STAT2):c.1506G>A (p.Trp502Ter),chr12,STAT2,NM_005419.4,502,UGG,UGA,-11.65159419637154,normal
CBGE,nonsense,NM_005419.4(STAT2):c.1579C>T (p.Gln527Ter),chr12,STAT2,NM_005419.4,527,CAG,UAG,-10.48731131431575,normal
CBGE,nonsense,NM_005419.4(STAT2):c.1613G>A (p.Trp538Ter),chr12,STAT2,NM_005419.4,538,UGG,UAG,-12.655586266234318,normal
CBGE,nonsense,NM_005419.4(STAT2):c.1614G>A (p.Trp538Ter),chr12,STAT2,NM_005419.4,538,UGG,UGA,-12.313266703401965,normal
CBGE,nonsense,NM_005419.4(STAT2):c.1630C>T (p.Arg544Ter),chr12,STAT2,NM_005419.4,544,CGA,UGA,-8.708341570194417,normal
CBGE,nonsense,NM_005419.4(STAT2):c.1661G>A (p.Trp554Ter),chr12,STAT2,NM_005419.4,554,UGG,UAG,-12.226648273177016,normal
CBGE,nonsense,NM_005419.4(STAT2):c.1662G>A (p.Trp554Ter),chr12,STAT2,NM_005419.4,554,UGG,UGA,-11.950086512413488,normal
CBGE,nonsense,NM_005419.4(STAT2):c.1667G>A (p.Trp556Ter),chr12,STAT2,NM_005419.4,556,UGG,UAG,-12.039327600356993,normal
CBGE,nonsense,NM_005419.4(STAT2):c.1668G>A (p.Trp556Ter),chr12,STAT2,NM_005419.4,556,UGG,UGA,-11.930154798975655,normal
CBGE,nonsense,NM_005419.4(STAT2):c.1715G>A (p.Trp572Ter),chr12,STAT2,NM_005419.4,572,UGG,UAG,-12.98983576656966,normal
CBGE,nonsense,NM_005419.4(STAT2):c.1716G>A (p.Trp572Ter),chr12,STAT2,NM_005419.4,572,UGG,UGA,-12.692287444602062,normal
CBGE,nonsense,NM_005419.4(STAT2):c.1842G>A (p.Trp614Ter),chr12,STAT2,NM_005419.4,614,UGG,UGA,-13.001345639668902,normal
CBGE,nonsense,NM_005419.4(STAT2):c.1945C>T (p.Gln649Ter),chr12,STAT2,NM_005419.4,649,CAG,UAG,-11.363966026246858,normal
CBGE,nonsense,NM_005419.4(STAT2):c.196C>T (p.Gln66Ter),chr12,STAT2,NM_005419.4,66,CAG,UAG,-11.548759425933705,normal
CBGE,nonsense,NM_005419.4(STAT2):c.1999C>T (p.Arg667Ter),chr12,STAT2,NM_005419.4,667,CGA,UGA,-9.061325039849784,normal
CBGE,nonsense,NM_005419.4(STAT2):c.2053C>T (p.Gln685Ter),chr12,STAT2,NM_005419.4,685,CAG,UAG,-10.712980259204802,normal
CBGE,nonsense,NM_005419.4(STAT2):c.2119C>T (p.Gln707Ter),chr12,STAT2,NM_005419.4,707,CAA,UAA,-9.903554863934732,normal
CBGE,nonsense,NM_005419.4(STAT2):c.250C>T (p.Gln84Ter),chr12,STAT2,NM_005419.4,84,CAG,UAG,-11.589232476890954,normal
CBGE,nonsense,NM_005419.4(STAT2):c.283C>T (p.Gln95Ter),chr12,STAT2,NM_005419.4,95,CAG,UAG,-11.020789094352562,normal
CBGE,nonsense,NM_005419.4(STAT2):c.295C>T (p.Gln99Ter),chr12,STAT2,NM_005419.4,99,CAG,UAG,-11.030081720158574,normal
CBGE,nonsense,NM_005419.4(STAT2):c.361C>T (p.Gln121Ter),chr12,STAT2,NM_005419.4,121,CAG,UAG,-11.971481339814668,normal
CBGE,nonsense,NM_005419.4(STAT2):c.367C>T (p.Gln123Ter),chr12,STAT2,NM_005419.4,123,CAG,UAG,-12.198314722694407,normal
CBGE,nonsense,NM_005419.4(STAT2):c.376C>T (p.Gln126Ter),chr12,STAT2,NM_005419.4,126,CAA,UAA,-10.328849787692851,normal
CBGE,nonsense,NM_005419.4(STAT2):c.424C>T (p.Gln142Ter),chr12,STAT2,NM_005419.4,142,CAA,UAA,-10.72695352529508,normal
CBGE,nonsense,NM_005419.4(STAT2):c.493C>T (p.Gln165Ter),chr12,STAT2,NM_005419.4,165,CAA,UAA,-11.08086303402471,normal
CBGE,nonsense,NM_005419.4(STAT2):c.526C>T (p.Arg176Ter),chr12,STAT2,NM_005419.4,176,CGA,UGA,-9.558273344044558,normal
CBGE,nonsense,NM_005419.4(STAT2):c.538C>T (p.Gln180Ter),chr12,STAT2,NM_005419.4,180,CAG,UAG,-10.799220100100046,normal
CBGE,nonsense,NM_005419.4(STAT2):c.586C>T (p.Gln196Ter),chr12,STAT2,NM_005419.4,196,CAG,UAG,-11.657268532557485,normal
CBGE,nonsense,NM_005419.4(STAT2):c.713G>A (p.Trp238Ter),chr12,STAT2,NM_005419.4,238,UGG,UAG,-12.924386934232237,normal
CBGE,nonsense,NM_005419.4(STAT2):c.714G>A (p.Trp238Ter),chr12,STAT2,NM_005419.4,238,UGG,UGA,-12.85582544258096,normal
CBGE,nonsense,NM_005419.4(STAT2):c.769C>T (p.Gln257Ter),chr12,STAT2,NM_005419.4,257,CAG,UAG,-11.67851253712421,normal
CBGE,nonsense,NM_005419.4(STAT2):c.783G>A (p.Trp261Ter),chr12,STAT2,NM_005419.4,261,UGG,UGA,-12.127015171541334,normal
CBGE,nonsense,NM_005419.4(STAT2):c.820C>T (p.Gln274Ter),chr12,STAT2,NM_005419.4,274,CAG,UAG,-11.836278008670847,normal
CBGE,nonsense,NM_005419.4(STAT2):c.865C>T (p.Gln289Ter),chr12,STAT2,NM_005419.4,289,CAG,UAG,-9.716863661422767,normal
CBGE,nonsense,NM_005419.4(STAT2):c.94C>T (p.Arg32Ter),chr12,STAT2,NM_005419.4,32,CGA,UGA,-10.011782592504666,normal
CBGE,nonsense,NM_005419.4(STAT2):c.97C>T (p.Gln33Ter),chr12,STAT2,NM_005419.4,33,CAG,UAG,-11.901616051090258,normal
CBGE,nonsense,NM_005428.4(VAV1):c.1021C>T (p.Gln341Ter),chr19,VAV1,NM_005428.4,341,CAG,UAG,-11.573097268935332,lof
CBGE,nonsense,NM_005428.4(VAV1):c.103C>T (p.Gln35Ter),chr19,VAV1,NM_005428.4,35,CAG,UAG,-11.506939777135502,lof
CBGE,nonsense,NM_005428.4(VAV1):c.1042C>T (p.Gln348Ter),chr19,VAV1,NM_005428.4,348,CAG,UAG,-9.706819594338658,lof
CBGE,nonsense,NM_005428.4(VAV1):c.1102C>T (p.Gln368Ter),chr19,VAV1,NM_005428.4,368,CAG,UAG,-11.071826869034156,lof
CBGE,nonsense,NM_005428.4(VAV1):c.1159C>T (p.Gln387Ter),chr19,VAV1,NM_005428.4,387,CAG,UAG,-11.60457794560561,lof
CBGE,nonsense,NM_005428.4(VAV1):c.11G>A (p.Trp4Ter),chr19,VAV1,NM_005428.4,4,UGG,UAG,-12.39763074185713,lof
CBGE,nonsense,NM_005428.4(VAV1):c.12G>A (p.Trp4Ter),chr19,VAV1,NM_005428.4,4,UGG,UGA,-12.198072456861938,lof
CBGE,nonsense,NM_005428.4(VAV1):c.1357C>T (p.Gln453Ter),chr19,VAV1,NM_005428.4,453,CAG,UAG,-10.19114212079166,normal
CBGE,nonsense,NM_005428.4(VAV1):c.1401G>A (p.Trp467Ter),chr19,VAV1,NM_005428.4,467,UGG,UGA,-11.446010492284143,normal
CBGE,nonsense,NM_005428.4(VAV1):c.1492C>T (p.Gln498Ter),chr19,VAV1,NM_005428.4,498,CAG,UAG,-9.986679037030983,normal
CBGE,nonsense,NM_005428.4(VAV1):c.1555C>T (p.Gln519Ter),chr19,VAV1,NM_005428.4,519,CAG,UAG,-11.707090397722933,lof
CBGE,nonsense,NM_005428.4(VAV1):c.1597C>T (p.Gln533Ter),chr19,VAV1,NM_005428.4,533,CAG,UAG,-11.327483246700476,lof
CBGE,nonsense,NM_005428.4(VAV1):c.1624C>T (p.Gln542Ter),chr19,VAV1,NM_005428.4,542,CAG,UAG,-15.021129685594325,lof
CBGE,nonsense,NM_005428.4(VAV1):c.1696C>T (p.Arg566Ter),chr19,VAV1,NM_005428.4,566,CGA,UGA,-9.2664566187377,normal
CBGE,nonsense,NM_005428.4(VAV1):c.16C>T (p.Gln6Ter),chr19,VAV1,NM_005428.4,6,CAA,UAA,-10.61244580681436,lof
CBGE,nonsense,NM_005428.4(VAV1):c.1705C>T (p.Gln569Ter),chr19,VAV1,NM_005428.4,569,CAA,UAA,-9.824546837417955,lof
CBGE,nonsense,NM_005428.4(VAV1):c.1801C>T (p.Gln601Ter),chr19,VAV1,NM_005428.4,601,CAG,UAG,-8.730601336454257,normal
CBGE,nonsense,NM_005428.4(VAV1):c.1900C>T (p.Gln634Ter),chr19,VAV1,NM_005428.4,634,CAG,UAG,-10.357531429771573,lof
CBGE,nonsense,NM_005428.4(VAV1):c.193C>T (p.Gln65Ter),chr19,VAV1,NM_005428.4,65,CAG,UAG,-10.729692480686158,lof
CBGE,nonsense,NM_005428.4(VAV1):c.2012G>A (p.Trp671Ter),chr19,VAV1,NM_005428.4,671,UGG,UAG,-14.839160908773112,lof
CBGE,nonsense,NM_005428.4(VAV1):c.2013G>A (p.Trp671Ter),chr19,VAV1,NM_005428.4,671,UGG,UGA,-14.56184769896234,lof
CBGE,nonsense,NM_005428.4(VAV1):c.2236C>T (p.Gln746Ter),chr19,VAV1,NM_005428.4,746,CAG,UAG,-10.28532886764009,lof
CBGE,nonsense,NM_005428.4(VAV1):c.2239C>T (p.Gln747Ter),chr19,VAV1,NM_005428.4,747,CAG,UAG,-10.596446039042236,lof
CBGE,nonsense,NM_005428.4(VAV1):c.2449C>T (p.Gln817Ter),chr19,VAV1,NM_005428.4,817,CAG,UAG,-11.021047506935282,lof
CBGE,nonsense,NM_005428.4(VAV1):c.2464C>T (p.Arg822Ter),chr19,VAV1,NM_005428.4,822,CGA,UGA,-10.079846394256109,lof
CBGE,nonsense,NM_005428.4(VAV1):c.2492G>A (p.Trp831Ter),chr19,VAV1,NM_005428.4,831,UGG,UAG,-12.835096415091064,lof
CBGE,nonsense,NM_005428.4(VAV1):c.2493G>A (p.Trp831Ter),chr19,VAV1,NM_005428.4,831,UGG,UGA,-12.1482658169786,lof
CBGE,nonsense,NM_005428.4(VAV1):c.29G>A (p.Trp10Ter),chr19,VAV1,NM_005428.4,10,UGG,UAG,-13.874661383578363,lof
CBGE,nonsense,NM_005428.4(VAV1):c.30G>A (p.Trp10Ter),chr19,VAV1,NM_005428.4,10,UGG,UGA,-13.464317252333602,lof
CBGE,nonsense,NM_005428.4(VAV1):c.350G>A (p.Trp117Ter),chr19,VAV1,NM_005428.4,117,UGG,UAG,-11.076667014828278,lof
CBGE,nonsense,NM_005428.4(VAV1):c.351G>A (p.Trp117Ter),chr19,VAV1,NM_005428.4,117,UGG,UGA,-10.68695464601048,lof
CBGE,nonsense,NM_005428.4(VAV1):c.442C>T (p.Gln148Ter),chr19,VAV1,NM_005428.4,148,CAG,UAG,-10.343461010003043,lof
CBGE,nonsense,NM_005428.4(VAV1):c.649C>T (p.Gln217Ter),chr19,VAV1,NM_005428.4,217,CAG,UAG,-10.224464321404444,normal
CBGE,nonsense,NM_005428.4(VAV1):c.74G>A (p.Trp25Ter),chr19,VAV1,NM_005428.4,25,UGG,UAG,-12.5870847770367,lof
CBGE,nonsense,NM_005428.4(VAV1):c.75G>A (p.Trp25Ter),chr19,VAV1,NM_005428.4,25,UGG,UGA,-12.252168743597156,normal
CBGE,nonsense,NM_005428.4(VAV1):c.85C>T (p.Gln29Ter),chr19,VAV1,NM_005428.4,29,CAG,UAG,-10.51115605695922,lof
CBGE,nonsense,NM_005428.4(VAV1):c.913C>T (p.Gln305Ter),chr19,VAV1,NM_005428.4,305,CAG,UAG,-11.23292258437589,lof
CBGE,nonsense,NM_005428.4(VAV1):c.937C>T (p.Gln313Ter),chr19,VAV1,NM_005428.4,313,CAG,UAG,-12.744756714729876,lof
CBGE,nonsense,NM_005438.5(FOSL1):c.163C>T (p.Gln55Ter),chr11,FOSL1,NM_005438.5,55,CAG,UAG,-12.994968411580064,normal
CBGE,nonsense,NM_005438.5(FOSL1):c.280C>T (p.Arg94Ter),chr11,FOSL1,NM_005438.5,94,CGA,UGA,-11.996031825610116,normal
CBGE,nonsense,NM_005438.5(FOSL1):c.295C>T (p.Gln99Ter),chr11,FOSL1,NM_005438.5,99,CAG,UAG,-11.590339611880417,normal
CBGE,nonsense,NM_005438.5(FOSL1):c.325C>T (p.Arg109Ter),chr11,FOSL1,NM_005438.5,109,CGA,UGA,-10.419952390046785,normal
CBGE,nonsense,NM_005438.5(FOSL1):c.442C>T (p.Gln148Ter),chr11,FOSL1,NM_005438.5,148,CAG,UAG,-13.534891137493949,normal
CBGE,nonsense,NM_005438.5(FOSL1):c.445C>T (p.Arg149Ter),chr11,FOSL1,NM_005438.5,149,CGA,UGA,-10.826286292734853,normal
CBGE,nonsense,NM_005438.5(FOSL1):c.463C>T (p.Gln155Ter),chr11,FOSL1,NM_005438.5,155,CAG,UAG,-11.4035321003062,normal
CBGE,nonsense,NM_005438.5(FOSL1):c.505C>T (p.Arg169Ter),chr11,FOSL1,NM_005438.5,169,CGA,UGA,-12.199453274186205,normal
CBGE,nonsense,NM_005438.5(FOSL1):c.7C>T (p.Arg3Ter),chr11,FOSL1,NM_005438.5,3,CGA,UGA,-10.591982875314589,normal
CBGE,nonsense,NM_005438.5(FOSL1):c.85C>T (p.Gln29Ter),chr11,FOSL1,NM_005438.5,29,CAG,UAG,-11.50449177908808,normal
CBGE,nonsense,NM_005465.7(AKT3):c.1231C>T (p.Gln411Ter),chr1,AKT3,NM_005465.7,411,CAA,UAA,-8.943619648919267,normal
CBGE,nonsense,NM_005465.7(AKT3):c.1408C>T (p.Gln470Ter),chr1,AKT3,NM_005465.7,470,CAA,UAA,-10.34015652370654,normal
CBGE,nonsense,NM_005465.7(AKT3):c.328C>T (p.Gln110Ter),chr1,AKT3,NM_005465.7,110,CAG,UAG,-12.397276879188473,normal
CBGE,nonsense,NM_005465.7(AKT3):c.32G>A (p.Trp11Ter),chr1,AKT3,NM_005465.7,11,UGG,UAG,-16.011617657464722,normal
CBGE,nonsense,NM_005465.7(AKT3):c.33G>A (p.Trp11Ter),chr1,AKT3,NM_005465.7,11,UGG,UGA,-15.839120838425382,normal
CBGE,nonsense,NM_005465.7(AKT3):c.370C>T (p.Gln124Ter),chr1,AKT3,NM_005465.7,124,CAA,UAA,-10.577089326073295,normal
CBGE,nonsense,NM_005465.7(AKT3):c.37C>T (p.Gln13Ter),chr1,AKT3,NM_005465.7,13,CAG,UAG,-11.20462237045844,normal
CBGE,nonsense,NM_005465.7(AKT3):c.496C>T (p.Arg166Ter),chr1,AKT3,NM_005465.7,166,CGA,UGA,-10.710543575229911,normal
CBGE,nonsense,NM_005465.7(AKT3):c.973C>T (p.Arg325Ter),chr1,AKT3,NM_005465.7,325,CGA,UGA,-11.218653629294955,normal
CBGE,nonsense,NM_005465.7(AKT3):c.986G>A (p.Trp329Ter),chr1,AKT3,NM_005465.7,329,UGG,UAG,-14.67226122000126,normal
CBGE,nonsense,NM_005465.7(AKT3):c.987G>A (p.Trp329Ter),chr1,AKT3,NM_005465.7,329,UGG,UGA,-14.306854248875284,normal
CBGE,nonsense,NM_005465.7(AKT3):c.989G>A (p.Trp330Ter),chr1,AKT3,NM_005465.7,330,UGG,UAG,-15.659027117970997,normal
CBGE,nonsense,NM_005465.7(AKT3):c.990G>A (p.Trp330Ter),chr1,AKT3,NM_005465.7,330,UGG,UGA,-15.349238382701207,normal
CBGE,nonsense,NM_005475.3(SH2B3):c.1091G>A (p.Trp364Ter),chr12,SH2B3,NM_005475.3,364,UGG,UAG,-15.786518159284144,normal
CBGE,nonsense,NM_005475.3(SH2B3):c.1092G>A (p.Trp364Ter),chr12,SH2B3,NM_005475.3,364,UGG,UGA,-15.595869019749848,normal
CBGE,nonsense,NM_005475.3(SH2B3):c.1126C>T (p.Gln376Ter),chr12,SH2B3,NM_005475.3,376,CAG,UAG,-13.3109816934112,normal
CBGE,nonsense,NM_005475.3(SH2B3):c.1135C>T (p.Gln379Ter),chr12,SH2B3,NM_005475.3,379,CAG,UAG,-11.843343733123776,normal
CBGE,nonsense,NM_005475.3(SH2B3):c.1141C>T (p.Gln381Ter),chr12,SH2B3,NM_005475.3,381,CAG,UAG,-12.398157177061297,normal
CBGE,nonsense,NM_005475.3(SH2B3):c.1222C>T (p.Gln408Ter),chr12,SH2B3,NM_005475.3,408,CAG,UAG,-10.815347537610476,normal
CBGE,nonsense,NM_005475.3(SH2B3):c.1279C>T (p.Gln427Ter),chr12,SH2B3,NM_005475.3,427,CAG,UAG,-11.824552574224484,normal
CBGE,nonsense,NM_005475.3(SH2B3):c.130C>T (p.Gln44Ter),chr12,SH2B3,NM_005475.3,44,CAG,UAG,-11.228744478539255,normal
CBGE,nonsense,NM_005475.3(SH2B3):c.1451G>A (p.Trp484Ter),chr12,SH2B3,NM_005475.3,484,UGG,UAG,-11.700130552716546,normal
CBGE,nonsense,NM_005475.3(SH2B3):c.1452G>A (p.Trp484Ter),chr12,SH2B3,NM_005475.3,484,UGG,UGA,-11.258688006035824,normal
CBGE,nonsense,NM_005475.3(SH2B3):c.1570C>T (p.Gln524Ter),chr12,SH2B3,NM_005475.3,524,CAG,UAG,-11.162919095823078,normal
CBGE,nonsense,NM_005475.3(SH2B3):c.1645C>T (p.Arg549Ter),chr12,SH2B3,NM_005475.3,549,CGA,UGA,-8.27004052376035,normal
CBGE,nonsense,NM_005475.3(SH2B3):c.77G>A (p.Trp26Ter),chr12,SH2B3,NM_005475.3,26,UGG,UAG,-13.030778919848744,normal
CBGE,nonsense,NM_005475.3(SH2B3):c.785G>A (p.Trp262Ter),chr12,SH2B3,NM_005475.3,262,UGG,UAG,-11.20715046072994,normal
CBGE,nonsense,NM_005475.3(SH2B3):c.786G>A (p.Trp262Ter),chr12,SH2B3,NM_005475.3,262,UGG,UGA,-11.172468155321642,normal
CBGE,nonsense,NM_005475.3(SH2B3):c.877C>T (p.Gln293Ter),chr12,SH2B3,NM_005475.3,293,CAG,UAG,-12.1107006607746,normal
CBGE,nonsense,NM_005475.3(SH2B3):c.880C>T (p.Gln294Ter),chr12,SH2B3,NM_005475.3,294,CAG,UAG,-11.88581370236136,normal
CBGE,nonsense,NM_005475.3(SH2B3):c.922C>T (p.Arg308Ter),chr12,SH2B3,NM_005475.3,308,CGA,UGA,-10.120682808061751,normal
CBGE,nonsense,NM_005490.3(SH2D3A):c.1295G>A (p.Trp432Ter),chr19,SH2D3A,NM_005490.3,432,UGG,UAG,-14.934713341390731,normal
CBGE,nonsense,NM_005490.3(SH2D3A):c.1296G>A (p.Trp432Ter),chr19,SH2D3A,NM_005490.3,432,UGG,UGA,-14.764262268964227,normal
CBGE,nonsense,NM_005490.3(SH2D3A):c.1300C>T (p.Gln434Ter),chr19,SH2D3A,NM_005490.3,434,CAG,UAG,-12.35582738517438,normal
CBGE,nonsense,NM_005490.3(SH2D3A):c.1306C>T (p.Arg436Ter),chr19,SH2D3A,NM_005490.3,436,CGA,UGA,-9.243813512678308,normal
CBGE,nonsense,NM_005490.3(SH2D3A):c.13C>T (p.Gln5Ter),chr19,SH2D3A,NM_005490.3,5,CAG,UAG,-10.376510599029451,normal
CBGE,nonsense,NM_005490.3(SH2D3A):c.1558C>T (p.Gln520Ter),chr19,SH2D3A,NM_005490.3,520,CAG,UAG,-11.501764354663717,normal
CBGE,nonsense,NM_005490.3(SH2D3A):c.159G>A (p.Trp53Ter),chr19,SH2D3A,NM_005490.3,53,UGG,UGA,-13.42089079625645,normal
CBGE,nonsense,NM_005490.3(SH2D3A):c.1684C>T (p.Gln562Ter),chr19,SH2D3A,NM_005490.3,562,CAG,UAG,-12.510147072112195,normal
CBGE,nonsense,NM_005490.3(SH2D3A):c.37C>T (p.Gln13Ter),chr19,SH2D3A,NM_005490.3,13,CAA,UAA,-11.284832015317324,normal
CBGE,nonsense,NM_005490.3(SH2D3A):c.44G>A (p.Trp15Ter),chr19,SH2D3A,NM_005490.3,15,UGG,UAG,-15.313692049545931,normal
CBGE,nonsense,NM_005490.3(SH2D3A):c.45G>A (p.Trp15Ter),chr19,SH2D3A,NM_005490.3,15,UGG,UGA,-14.86830511287108,normal
CBGE,nonsense,NM_005490.3(SH2D3A):c.4C>T (p.Gln2Ter),chr19,SH2D3A,NM_005490.3,2,CAG,UAG,-11.345565747471332,normal
CBGE,nonsense,NM_005490.3(SH2D3A):c.610C>T (p.Gln204Ter),chr19,SH2D3A,NM_005490.3,204,CAG,UAG,-11.089557771885593,normal
CBGE,nonsense,NM_005490.3(SH2D3A):c.67C>T (p.Gln23Ter),chr19,SH2D3A,NM_005490.3,23,CAG,UAG,-12.246576219813388,normal
CBGE,nonsense,NM_005490.3(SH2D3A):c.709C>T (p.Arg237Ter),chr19,SH2D3A,NM_005490.3,237,CGA,UGA,-9.651876450022849,normal
CBGE,nonsense,NM_005490.3(SH2D3A):c.742C>T (p.Gln248Ter),chr19,SH2D3A,NM_005490.3,248,CAA,UAA,-9.831125255987796,normal
CBGE,nonsense,NM_005490.3(SH2D3A):c.773G>A (p.Trp258Ter),chr19,SH2D3A,NM_005490.3,258,UGG,UAG,-11.028841014475535,normal
CBGE,nonsense,NM_005490.3(SH2D3A):c.877C>T (p.Gln293Ter),chr19,SH2D3A,NM_005490.3,293,CAG,UAG,-11.05687140263432,normal
CBGE,nonsense,NM_005490.3(SH2D3A):c.88C>T (p.Gln30Ter),chr19,SH2D3A,NM_005490.3,30,CAG,UAG,-12.192921641708086,normal
CBGE,nonsense,NM_005490.3(SH2D3A):c.91C>T (p.Gln31Ter),chr19,SH2D3A,NM_005490.3,31,CAA,UAA,-11.04590603168575,normal
CBGE,nonsense,NM_005534.4(IFNGR2):c.221G>A (p.Trp74Ter),chr21,IFNGR2,NM_005534.4,74,UGG,UAG,-11.912996250109089,normal
CBGE,nonsense,NM_005534.4(IFNGR2):c.222G>A (p.Trp74Ter),chr21,IFNGR2,NM_005534.4,74,UGG,UGA,-11.67007822963086,normal
CBGE,nonsense,NM_005534.4(IFNGR2):c.377G>A (p.Trp126Ter),chr21,IFNGR2,NM_005534.4,126,UGG,UAG,-11.536066044871893,normal
CBGE,nonsense,NM_005534.4(IFNGR2):c.378G>A (p.Trp126Ter),chr21,IFNGR2,NM_005534.4,126,UGG,UGA,-11.371000321405331,normal
CBGE,nonsense,NM_005534.4(IFNGR2):c.4C>T (p.Arg2Ter),chr21,IFNGR2,NM_005534.4,2,CGA,UGA,-8.337875126201109,normal
CBGE,nonsense,NM_005534.4(IFNGR2):c.637C>T (p.Gln213Ter),chr21,IFNGR2,NM_005534.4,213,CAG,UAG,-11.675679218881912,normal
CBGE,nonsense,NM_005534.4(IFNGR2):c.643C>T (p.Gln215Ter),chr21,IFNGR2,NM_005534.4,215,CAA,UAA,-11.44449335577528,normal
CBGE,nonsense,NM_005534.4(IFNGR2):c.653G>A (p.Trp218Ter),chr21,IFNGR2,NM_005534.4,218,UGG,UAG,-11.913019237154156,normal
CBGE,nonsense,NM_005534.4(IFNGR2):c.654G>A (p.Trp218Ter),chr21,IFNGR2,NM_005534.4,218,UGG,UGA,-11.755138400043473,normal
CBGE,nonsense,NM_005534.4(IFNGR2):c.839G>A (p.Trp280Ter),chr21,IFNGR2,NM_005534.4,280,UGG,UAG,-12.9889268358428,normal
CBGE,nonsense,NM_005534.4(IFNGR2):c.840G>A (p.Trp280Ter),chr21,IFNGR2,NM_005534.4,280,UGG,UGA,-12.607737530863597,normal
CBGE,nonsense,NM_005534.4(IFNGR2):c.868C>T (p.Gln290Ter),chr21,IFNGR2,NM_005534.4,290,CAG,UAG,-10.75104908564353,normal
CBGE,nonsense,NM_005534.4(IFNGR2):c.950G>A (p.Trp317Ter),chr21,IFNGR2,NM_005534.4,317,UGG,UAG,-12.02472212574577,normal
CBGE,nonsense,NM_005534.4(IFNGR2):c.951G>A (p.Trp317Ter),chr21,IFNGR2,NM_005534.4,317,UGG,UGA,-11.683069316340914,normal
CBGE,nonsense,NM_005546.4(ITK):c.1067G>A (p.Trp356Ter),chr5,ITK,NM_005546.4,356,UGG,UAG,-10.915311866785592,normal
CBGE,nonsense,NM_005546.4(ITK):c.1068G>A (p.Trp356Ter),chr5,ITK,NM_005546.4,356,UGG,UGA,-10.481401432433008,normal
CBGE,nonsense,NM_005546.4(ITK):c.1099C>T (p.Gln367Ter),chr5,ITK,NM_005546.4,367,CAA,UAA,-10.959901846719411,lof
CBGE,nonsense,NM_005546.4(ITK):c.1117C>T (p.Gln373Ter),chr5,ITK,NM_005546.4,373,CAA,UAA,-10.386488950035924,lof
CBGE,nonsense,NM_005546.4(ITK):c.1258C>T (p.Gln420Ter),chr5,ITK,NM_005546.4,420,CAG,UAG,-11.58775046479523,normal
CBGE,nonsense,NM_005546.4(ITK):c.1282C>T (p.Gln428Ter),chr5,ITK,NM_005546.4,428,CAG,UAG,-10.285552957769957,normal
CBGE,nonsense,NM_005546.4(ITK):c.1480C>T (p.Gln494Ter),chr5,ITK,NM_005546.4,494,CAA,UAA,-8.371305493174326,normal
CBGE,nonsense,NM_005546.4(ITK):c.1531C>T (p.Gln511Ter),chr5,ITK,NM_005546.4,511,CAG,UAG,-11.30990601976395,lof
CBGE,nonsense,NM_005546.4(ITK):c.1571G>A (p.Trp524Ter),chr5,ITK,NM_005546.4,524,UGG,UAG,-13.578719168058432,normal
CBGE,nonsense,NM_005546.4(ITK):c.1572G>A (p.Trp524Ter),chr5,ITK,NM_005546.4,524,UGG,UGA,-13.610746335659394,normal
CBGE,nonsense,NM_005546.4(ITK):c.1626G>A (p.Trp542Ter),chr5,ITK,NM_005546.4,542,UGG,UGA,-13.939249025348165,lof
CBGE,nonsense,NM_005546.4(ITK):c.1684C>T (p.Arg562Ter),chr5,ITK,NM_005546.4,562,CGA,UGA,-9.65610317263314,lof
CBGE,nonsense,NM_005546.4(ITK):c.1765C>T (p.Gln589Ter),chr5,ITK,NM_005546.4,589,CAG,UAG,-12.865615824781615,lof
CBGE,nonsense,NM_005546.4(ITK):c.1784G>A (p.Trp595Ter),chr5,ITK,NM_005546.4,595,UGG,UAG,-13.321252846879384,lof
CBGE,nonsense,NM_005546.4(ITK):c.1785G>A (p.Trp595Ter),chr5,ITK,NM_005546.4,595,UGG,UGA,-13.23348136813149,lof
CBGE,nonsense,NM_005546.4(ITK):c.241C>T (p.Gln81Ter),chr5,ITK,NM_005546.4,81,CAG,UAG,-12.100955934864746,lof
CBGE,nonsense,NM_005546.4(ITK):c.305G>A (p.Trp102Ter),chr5,ITK,NM_005546.4,102,UGG,UAG,-14.490508989502496,normal
CBGE,nonsense,NM_005546.4(ITK):c.306G>A (p.Trp102Ter),chr5,ITK,NM_005546.4,102,UGG,UGA,-14.434164956347376,normal
CBGE,nonsense,NM_005546.4(ITK):c.374G>A (p.Trp125Ter),chr5,ITK,NM_005546.4,125,UGG,UAG,-12.240180945046168,normal
CBGE,nonsense,NM_005546.4(ITK):c.375G>A (p.Trp125Ter),chr5,ITK,NM_005546.4,125,UGG,UGA,-11.97896190370736,normal
CBGE,nonsense,NM_005546.4(ITK):c.403C>T (p.Gln135Ter),chr5,ITK,NM_005546.4,135,CAG,UAG,-10.694103291037395,lof
CBGE,nonsense,NM_005546.4(ITK):c.433C>T (p.Gln145Ter),chr5,ITK,NM_005546.4,145,CAA,UAA,-10.182504636823758,lof
CBGE,nonsense,NM_005546.4(ITK):c.496C>T (p.Arg166Ter),chr5,ITK,NM_005546.4,166,CGA,UGA,-9.477289272629465,lof
CBGE,nonsense,NM_005546.4(ITK):c.506G>A (p.Trp169Ter),chr5,ITK,NM_005546.4,169,UGG,UAG,-11.201549571431569,lof
CBGE,nonsense,NM_005546.4(ITK):c.507G>A (p.Trp169Ter),chr5,ITK,NM_005546.4,169,UGG,UGA,-11.091797874146527,lof
CBGE,nonsense,NM_005546.4(ITK):c.547C>T (p.Gln183Ter),chr5,ITK,NM_005546.4,183,CAA,UAA,-11.71103096905863,lof
CBGE,nonsense,NM_005546.4(ITK):c.562C>T (p.Gln188Ter),chr5,ITK,NM_005546.4,188,CAG,UAG,-9.725884453109192,lof
CBGE,nonsense,NM_005546.4(ITK):c.634C>T (p.Gln212Ter),chr5,ITK,NM_005546.4,212,CAG,UAG,-10.746307237083316,lof
CBGE,nonsense,NM_005546.4(ITK):c.716G>A (p.Trp239Ter),chr5,ITK,NM_005546.4,239,UGG,UAG,-15.30167774841713,lof
CBGE,nonsense,NM_005546.4(ITK):c.717G>A (p.Trp239Ter),chr5,ITK,NM_005546.4,239,UGG,UGA,-15.409375183600178,lof
CBGE,nonsense,NM_005546.4(ITK):c.970C>T (p.Gln324Ter),chr5,ITK,NM_005546.4,324,CAA,UAA,-12.27418517117643,lof
CBGE,nonsense,NM_005561.4(LAMP1):c.1102C>T (p.Gln368Ter),chr13,LAMP1,NM_005561.4,368,CAG,UAG,-11.070589100422122,normal
CBGE,nonsense,NM_005561.4(LAMP1):c.1243C>T (p.Gln415Ter),chr13,LAMP1,NM_005561.4,415,CAG,UAG,-12.880237544724002,normal
CBGE,nonsense,NM_005561.4(LAMP1):c.865C>T (p.Gln289Ter),chr13,LAMP1,NM_005561.4,289,CAG,UAG,-11.713918686308196,normal
CBGE,nonsense,NM_005561.4(LAMP1):c.976C>T (p.Arg326Ter),chr13,LAMP1,NM_005561.4,326,CGA,UGA,-9.634859094889332,normal
CBGE,nonsense,NM_005565.5(LCP2):c.1147C>T (p.Gln383Ter),chr5,LCP2,NM_005565.5,383,CAA,UAA,-11.84165191793576,lof
CBGE,nonsense,NM_005565.5(LCP2):c.1417C>T (p.Gln473Ter),chr5,LCP2,NM_005565.5,473,CAG,UAG,-10.041184394556614,lof
CBGE,nonsense,NM_005565.5(LCP2):c.1441C>T (p.Gln481Ter),chr5,LCP2,NM_005565.5,481,CAA,UAA,-10.337448135355304,normal
CBGE,nonsense,NM_005565.5(LCP2):c.163C>T (p.Gln55Ter),chr5,LCP2,NM_005565.5,55,CAG,UAG,-11.39516634375241,lof
CBGE,nonsense,NM_005565.5(LCP2):c.358C>T (p.Gln120Ter),chr5,LCP2,NM_005565.5,120,CAG,UAG,-11.513925522220273,normal
CBGE,nonsense,NM_005565.5(LCP2):c.571C>T (p.Gln191Ter),chr5,LCP2,NM_005565.5,191,CAG,UAG,-11.722772599632274,lof
CBGE,nonsense,NM_005601.4(NKG7):c.350G>A (p.Trp117Ter),chr19,NKG7,NM_005601.4,117,UGG,UAG,-12.74920842018606,normal
CBGE,nonsense,NM_005601.4(NKG7):c.351G>A (p.Trp117Ter),chr19,NKG7,NM_005601.4,117,UGG,UGA,-12.40075114640732,normal
CBGE,nonsense,NM_005601.4(NKG7):c.376C>T (p.Gln126Ter),chr19,NKG7,NM_005601.4,126,CAG,UAG,-12.207267714855542,normal
CBGE,nonsense,NM_005601.4(NKG7):c.392G>A (p.Trp131Ter),chr19,NKG7,NM_005601.4,131,UGG,UAG,-16.091363887694452,normal
CBGE,nonsense,NM_005601.4(NKG7):c.393G>A (p.Trp131Ter),chr19,NKG7,NM_005601.4,131,UGG,UGA,-15.773412741863943,normal
CBGE,nonsense,NM_005601.4(NKG7):c.84G>A (p.Trp28Ter),chr19,NKG7,NM_005601.4,28,UGG,UGA,-15.966485050685586,normal
CBGE,nonsense,NM_005633.4(SOS1):c.1006C>T (p.Gln336Ter),chr2,SOS1,NM_005633.4,336,CAA,UAA,-11.501653699159643,normal
CBGE,nonsense,NM_005633.4(SOS1):c.1099C>T (p.Gln367Ter),chr2,SOS1,NM_005633.4,367,CAA,UAA,-9.07563206789072,normal
CBGE,nonsense,NM_005633.4(SOS1):c.1150C>T (p.Gln384Ter),chr2,SOS1,NM_005633.4,384,CAG,UAG,-9.650512631741336,normal
CBGE,nonsense,NM_005633.4(SOS1):c.1228C>T (p.Gln410Ter),chr2,SOS1,NM_005633.4,410,CAG,UAG,-10.622121794734465,normal
CBGE,nonsense,NM_005633.4(SOS1):c.1231C>T (p.Gln411Ter),chr2,SOS1,NM_005633.4,411,CAA,UAA,-11.131816911325856,normal
CBGE,nonsense,NM_005633.4(SOS1):c.1276C>T (p.Gln426Ter),chr2,SOS1,NM_005633.4,426,CAG,UAG,-9.641361355706689,normal
CBGE,nonsense,NM_005633.4(SOS1):c.1429C>T (p.Gln477Ter),chr2,SOS1,NM_005633.4,477,CAG,UAG,-10.399145100624985,normal
CBGE,nonsense,NM_005633.4(SOS1):c.193C>T (p.Arg65Ter),chr2,SOS1,NM_005633.4,65,CGA,UGA,-9.63007741204967,normal
CBGE,nonsense,NM_005633.4(SOS1):c.2134C>T (p.Gln712Ter),chr2,SOS1,NM_005633.4,712,CAA,UAA,-11.501421959438057,normal
CBGE,nonsense,NM_005633.4(SOS1):c.2137C>T (p.Arg713Ter),chr2,SOS1,NM_005633.4,713,CGA,UGA,-10.60209754186364,normal
CBGE,nonsense,NM_005633.4(SOS1):c.2398C>T (p.Gln800Ter),chr2,SOS1,NM_005633.4,800,CAG,UAG,-10.771341312794926,normal
CBGE,nonsense,NM_005633.4(SOS1):c.2501G>A (p.Trp834Ter),chr2,SOS1,NM_005633.4,834,UGG,UAG,-15.03727154626042,normal
CBGE,nonsense,NM_005633.4(SOS1):c.2502G>A (p.Trp834Ter),chr2,SOS1,NM_005633.4,834,UGG,UGA,-15.096640488006932,normal
CBGE,nonsense,NM_005633.4(SOS1):c.3700C>T (p.Gln1234Ter),chr2,SOS1,NM_005633.4,1234,CAA,UAA,-11.004185679355828,normal
CBGE,nonsense,NM_005633.4(SOS1):c.478C>T (p.Gln160Ter),chr2,SOS1,NM_005633.4,160,CAA,UAA,-11.069061245193272,normal
CBGE,nonsense,NM_005633.4(SOS1):c.595C>T (p.Gln199Ter),chr2,SOS1,NM_005633.4,199,CAA,UAA,-10.731275545258866,normal
CBGE,nonsense,NM_005633.4(SOS1):c.637C>T (p.Arg213Ter),chr2,SOS1,NM_005633.4,213,CGA,UGA,-12.570940940785988,normal
CBGE,nonsense,NM_005633.4(SOS1):c.640C>T (p.Gln214Ter),chr2,SOS1,NM_005633.4,214,CAA,UAA,-10.779155662235024,normal
CBGE,nonsense,NM_005633.4(SOS1):c.898C>T (p.Arg300Ter),chr2,SOS1,NM_005633.4,300,CGA,UGA,-9.901603746830643,normal
CBGE,nonsense,NM_005633.4(SOS1):c.940C>T (p.Gln314Ter),chr2,SOS1,NM_005633.4,314,CAG,UAG,-10.27487560788366,normal
CBGE,nonsense,NM_005655.4(KLF10):c.1261C>T (p.Arg421Ter),chr8,KLF10,NM_005655.4,421,CGA,UGA,-11.01411344875154,normal
CBGE,nonsense,NM_005655.4(KLF10):c.1438C>T (p.Gln480Ter),chr8,KLF10,NM_005655.4,480,CAG,UAG,-11.743842140528011,normal
CBGE,nonsense,NM_005655.4(KLF10):c.25C>T (p.Gln9Ter),chr8,KLF10,NM_005655.4,9,CAG,UAG,-10.874859755390627,normal
CBGE,nonsense,NM_005655.4(KLF10):c.28C>T (p.Gln10Ter),chr8,KLF10,NM_005655.4,10,CAG,UAG,-10.941095364580264,normal
CBGE,nonsense,NM_005655.4(KLF10):c.751C>T (p.Gln251Ter),chr8,KLF10,NM_005655.4,251,CAA,UAA,-11.194689797951536,normal
CBGE,nonsense,NM_005655.4(KLF10):c.754C>T (p.Gln252Ter),chr8,KLF10,NM_005655.4,252,CAG,UAG,-11.82986833507023,normal
CBGE,nonsense,NM_005655.4(KLF10):c.89G>A (p.Trp30Ter),chr8,KLF10,NM_005655.4,30,UGG,UAG,-12.627477624977391,normal
CBGE,nonsense,NM_005658.5(TRAF1):c.154C>T (p.Gln52Ter),chr9,TRAF1,NM_005658.5,52,CAG,UAG,-9.935060499145466,normal
CBGE,nonsense,NM_005658.5(TRAF1):c.187C>T (p.Gln63Ter),chr9,TRAF1,NM_005658.5,63,CAG,UAG,-11.00706470208744,normal
CBGE,nonsense,NM_005658.5(TRAF1):c.220C>T (p.Gln74Ter),chr9,TRAF1,NM_005658.5,74,CAG,UAG,-10.23562527917425,normal
CBGE,nonsense,NM_005658.5(TRAF1):c.304C>T (p.Gln102Ter),chr9,TRAF1,NM_005658.5,102,CAG,UAG,-11.643775947989038,normal
CBGE,nonsense,NM_005658.5(TRAF1):c.313C>T (p.Gln105Ter),chr9,TRAF1,NM_005658.5,105,CAA,UAA,-10.466418266803222,normal
CBGE,nonsense,NM_005658.5(TRAF1):c.373C>T (p.Gln125Ter),chr9,TRAF1,NM_005658.5,125,CAG,UAG,-11.775641377267393,normal
CBGE,nonsense,NM_005658.5(TRAF1):c.445C>T (p.Gln149Ter),chr9,TRAF1,NM_005658.5,149,CAG,UAG,-11.721462267795612,normal
CBGE,nonsense,NM_005658.5(TRAF1):c.451C>T (p.Gln151Ter),chr9,TRAF1,NM_005658.5,151,CAG,UAG,-11.935239828356522,normal
CBGE,nonsense,NM_005658.5(TRAF1):c.517C>T (p.Gln173Ter),chr9,TRAF1,NM_005658.5,173,CAG,UAG,-11.493674176860225,normal
CBGE,nonsense,NM_005658.5(TRAF1):c.700C>T (p.Gln234Ter),chr9,TRAF1,NM_005658.5,234,CAG,UAG,-12.66381071037882,normal
CBGE,nonsense,NM_005658.5(TRAF1):c.718C>T (p.Gln240Ter),chr9,TRAF1,NM_005658.5,240,CAG,UAG,-11.57833948351442,normal
CBGE,nonsense,NM_005658.5(TRAF1):c.733C>T (p.Gln245Ter),chr9,TRAF1,NM_005658.5,245,CAG,UAG,-12.155951528624753,normal
CBGE,nonsense,NM_005658.5(TRAF1):c.812G>A (p.Trp271Ter),chr9,TRAF1,NM_005658.5,271,UGG,UAG,-15.073442473360853,normal
CBGE,nonsense,NM_005658.5(TRAF1):c.813G>A (p.Trp271Ter),chr9,TRAF1,NM_005658.5,271,UGG,UGA,-14.99380304400368,normal
CBGE,nonsense,NM_005658.5(TRAF1):c.82C>T (p.Gln28Ter),chr9,TRAF1,NM_005658.5,28,CAG,UAG,-11.06696321651114,normal
CBGE,nonsense,NM_005739.4(RASGRP1):c.1024C>T (p.Arg342Ter),chr15,RASGRP1,NM_005739.4,342,CGA,UGA,-12.93244460714909,normal
CBGE,nonsense,NM_005739.4(RASGRP1):c.1414C>T (p.Gln472Ter),chr15,RASGRP1,NM_005739.4,472,CAG,UAG,-12.11901661101266,normal
CBGE,nonsense,NM_005739.4(RASGRP1):c.1456C>T (p.Gln486Ter),chr15,RASGRP1,NM_005739.4,486,CAG,UAG,-10.674155185669097,normal
CBGE,nonsense,NM_005739.4(RASGRP1):c.1972C>T (p.Gln658Ter),chr15,RASGRP1,NM_005739.4,658,CAG,UAG,-10.314178378695551,normal
CBGE,nonsense,NM_005739.4(RASGRP1):c.211C>T (p.Gln71Ter),chr15,RASGRP1,NM_005739.4,71,CAA,UAA,-10.405326860336402,normal
CBGE,nonsense,NM_005739.4(RASGRP1):c.2368C>T (p.Gln790Ter),chr15,RASGRP1,NM_005739.4,790,CAA,UAA,-10.27788068819106,normal
CBGE,nonsense,NM_005739.4(RASGRP1):c.395G>A (p.Trp132Ter),chr15,RASGRP1,NM_005739.4,132,UGG,UAG,-15.392963385678836,lof
CBGE,nonsense,NM_005739.4(RASGRP1):c.396G>A (p.Trp132Ter),chr15,RASGRP1,NM_005739.4,132,UGG,UGA,-15.45792954405795,lof
CBGE,nonsense,NM_005739.4(RASGRP1):c.517C>T (p.Gln173Ter),chr15,RASGRP1,NM_005739.4,173,CAA,UAA,-9.862550761960469,lof
CBGE,nonsense,NM_005739.4(RASGRP1):c.537G>A (p.Trp179Ter),chr15,RASGRP1,NM_005739.4,179,UGG,UGA,-11.601848533706328,normal
CBGE,nonsense,NM_005739.4(RASGRP1):c.838C>T (p.Gln280Ter),chr15,RASGRP1,NM_005739.4,280,CAG,UAG,-13.239222478479508,normal
CBGE,nonsense,NM_005739.4(RASGRP1):c.847C>T (p.Gln283Ter),chr15,RASGRP1,NM_005739.4,283,CAG,UAG,-11.50626182216586,normal
CBGE,nonsense,NM_005810.4(KLRG1):c.169C>T (p.Gln57Ter),chr12,KLRG1,NM_005810.4,57,CAG,UAG,-10.918154764459835,normal
CBGE,nonsense,NM_005810.4(KLRG1):c.236G>A (p.Trp79Ter),chr12,KLRG1,NM_005810.4,79,UGG,UAG,-16.455053347365205,normal
CBGE,nonsense,NM_005810.4(KLRG1):c.237G>A (p.Trp79Ter),chr12,KLRG1,NM_005810.4,79,UGG,UGA,-16.134525313717432,normal
CBGE,nonsense,NM_005810.4(KLRG1):c.367C>T (p.Gln123Ter),chr12,KLRG1,NM_005810.4,123,CAA,UAA,-11.909969300611111,normal
CBGE,nonsense,NM_005810.4(KLRG1):c.396G>A (p.Trp132Ter),chr12,KLRG1,NM_005810.4,132,UGG,UGA,-15.37374022862838,normal
CBGE,nonsense,NM_005810.4(KLRG1):c.481C>T (p.Gln161Ter),chr12,KLRG1,NM_005810.4,161,CAG,UAG,-11.31472963524484,normal
CBGE,nonsense,NM_005810.4(KLRG1):c.49C>T (p.Gln17Ter),chr12,KLRG1,NM_005810.4,17,CAA,UAA,-10.939219458684136,normal
CBGE,nonsense,NM_005810.4(KLRG1):c.55C>T (p.Gln19Ter),chr12,KLRG1,NM_005810.4,19,CAG,UAG,-11.429654076073838,normal
CBGE,nonsense,NM_005810.4(KLRG1):c.76C>T (p.Gln26Ter),chr12,KLRG1,NM_005810.4,26,CAA,UAA,-10.72127535584378,normal
CBGE,nonsense,NM_005816.5(CD96):c.1052G>A (p.Trp351Ter),chr3,CD96,NM_005816.5,351,UGG,UAG,-12.667295398053996,normal
CBGE,nonsense,NM_005816.5(CD96):c.1273C>T (p.Arg425Ter),chr3,CD96,NM_005816.5,425,CGA,UGA,-8.765050974897868,normal
CBGE,nonsense,NM_005816.5(CD96):c.1292G>A (p.Trp431Ter),chr3,CD96,NM_005816.5,431,UGG,UAG,-11.784063331038691,normal
CBGE,nonsense,NM_005816.5(CD96):c.1293G>A (p.Trp431Ter),chr3,CD96,NM_005816.5,431,UGG,UGA,-11.235914266293412,normal
CBGE,nonsense,NM_005816.5(CD96):c.136C>T (p.Gln46Ter),chr3,CD96,NM_005816.5,46,CAA,UAA,-10.541353222496031,normal
CBGE,nonsense,NM_005816.5(CD96):c.142C>T (p.Gln48Ter),chr3,CD96,NM_005816.5,48,CAG,UAG,-11.326236616670991,normal
CBGE,nonsense,NM_005816.5(CD96):c.1514G>A (p.Trp505Ter),chr3,CD96,NM_005816.5,505,UGG,UAG,-14.475931264562398,normal
CBGE,nonsense,NM_005816.5(CD96):c.1515G>A (p.Trp505Ter),chr3,CD96,NM_005816.5,505,UGG,UGA,-14.110332496255374,normal
CBGE,nonsense,NM_005816.5(CD96):c.163C>T (p.Gln55Ter),chr3,CD96,NM_005816.5,55,CAG,UAG,-11.280795029307354,normal
CBGE,nonsense,NM_005816.5(CD96):c.302G>A (p.Trp101Ter),chr3,CD96,NM_005816.5,101,UGG,UAG,-13.0727986467834,normal
CBGE,nonsense,NM_005816.5(CD96):c.303G>A (p.Trp101Ter),chr3,CD96,NM_005816.5,101,UGG,UGA,-12.77085114891734,normal
CBGE,nonsense,NM_005816.5(CD96):c.409C>T (p.Gln137Ter),chr3,CD96,NM_005816.5,137,CAG,UAG,-11.598957111499624,normal
CBGE,nonsense,NM_005816.5(CD96):c.43C>T (p.Gln15Ter),chr3,CD96,NM_005816.5,15,CAG,UAG,-10.455074295925058,normal
CBGE,nonsense,NM_005816.5(CD96):c.537G>A (p.Trp179Ter),chr3,CD96,NM_005816.5,179,UGG,UGA,-14.566621842106969,normal
CBGE,nonsense,NM_005816.5(CD96):c.661C>T (p.Gln221Ter),chr3,CD96,NM_005816.5,221,CAA,UAA,-11.216059695051856,normal
CBGE,nonsense,NM_005816.5(CD96):c.860G>A (p.Trp287Ter),chr3,CD96,NM_005816.5,287,UGG,UAG,-14.703420660631506,normal
CBGE,nonsense,NM_005816.5(CD96):c.861G>A (p.Trp287Ter),chr3,CD96,NM_005816.5,287,UGG,UGA,-14.64330102717565,normal
CBGE,nonsense,NM_005901.6(SMAD2):c.106C>T (p.Gln36Ter),chr18,SMAD2,NM_005901.6,36,CAG,UAG,-10.600803443105086,normal
CBGE,nonsense,NM_005901.6(SMAD2):c.1090C>T (p.Gln364Ter),chr18,SMAD2,NM_005901.6,364,CAG,UAG,-7.961562884205972,normal
CBGE,nonsense,NM_005901.6(SMAD2):c.1162C>T (p.Gln388Ter),chr18,SMAD2,NM_005901.6,388,CAG,UAG,-12.222147045779865,normal
CBGE,nonsense,NM_005901.6(SMAD2):c.1186C>T (p.Gln396Ter),chr18,SMAD2,NM_005901.6,396,CAG,UAG,-13.974576992204245,normal
CBGE,nonsense,NM_005901.6(SMAD2):c.1279C>T (p.Arg427Ter),chr18,SMAD2,NM_005901.6,427,CGA,UGA,-11.0134554158371,normal
CBGE,nonsense,NM_005901.6(SMAD2):c.1343G>A (p.Trp448Ter),chr18,SMAD2,NM_005901.6,448,UGG,UAG,-13.395354248867168,normal
CBGE,nonsense,NM_005901.6(SMAD2):c.1344G>A (p.Trp448Ter),chr18,SMAD2,NM_005901.6,448,UGG,UGA,-12.850892968059322,normal
CBGE,nonsense,NM_005901.6(SMAD2):c.283C>T (p.Gln95Ter),chr18,SMAD2,NM_005901.6,95,CAG,UAG,-10.344745707152123,normal
CBGE,nonsense,NM_005901.6(SMAD2):c.287G>A (p.Trp96Ter),chr18,SMAD2,NM_005901.6,96,UGG,UAG,-8.984336177306293,normal
CBGE,nonsense,NM_005901.6(SMAD2):c.288G>A (p.Trp96Ter),chr18,SMAD2,NM_005901.6,96,UGG,UGA,-8.709133463727603,normal
CBGE,nonsense,NM_005901.6(SMAD2):c.346C>T (p.Gln116Ter),chr18,SMAD2,NM_005901.6,116,CAG,UAG,-8.714463160429599,normal
CBGE,nonsense,NM_005901.6(SMAD2):c.388C>T (p.Arg130Ter),chr18,SMAD2,NM_005901.6,130,CGA,UGA,-12.595295958245712,normal
CBGE,nonsense,NM_005901.6(SMAD2):c.401G>A (p.Trp134Ter),chr18,SMAD2,NM_005901.6,134,UGG,UAG,-13.46006581186119,normal
CBGE,nonsense,NM_005901.6(SMAD2):c.402G>A (p.Trp134Ter),chr18,SMAD2,NM_005901.6,134,UGG,UGA,-13.085702900379784,normal
CBGE,nonsense,NM_005901.6(SMAD2):c.502C>T (p.Gln168Ter),chr18,SMAD2,NM_005901.6,168,CAG,UAG,-11.10114571161935,normal
CBGE,nonsense,NM_005901.6(SMAD2):c.637C>T (p.Gln213Ter),chr18,SMAD2,NM_005901.6,213,CAG,UAG,-10.146831490043152,normal
CBGE,nonsense,NM_005901.6(SMAD2):c.703C>T (p.Gln235Ter),chr18,SMAD2,NM_005901.6,235,CAA,UAA,-9.957742638966288,normal
CBGE,nonsense,NM_005901.6(SMAD2):c.706C>T (p.Gln236Ter),chr18,SMAD2,NM_005901.6,236,CAG,UAG,-9.90278630609,normal
CBGE,nonsense,NM_005901.6(SMAD2):c.850C>T (p.Gln284Ter),chr18,SMAD2,NM_005901.6,284,CAG,UAG,-8.623320537358275,normal
CBGE,nonsense,NM_005901.6(SMAD2):c.880C>T (p.Gln294Ter),chr18,SMAD2,NM_005901.6,294,CAG,UAG,-6.361578954219163,normal
CBGE,nonsense,NM_005901.6(SMAD2):c.961C>T (p.Arg321Ter),chr18,SMAD2,NM_005901.6,321,CGA,UGA,-11.617928406838088,normal
CBGE,nonsense,NM_005901.6(SMAD2):c.97C>T (p.Gln33Ter),chr18,SMAD2,NM_005901.6,33,CAG,UAG,-11.729792497700682,normal
CBGE,nonsense,NM_005902.4(SMAD3):c.1184G>A (p.Trp395Ter),chr15,SMAD3,NM_005902.4,395,UGG,UAG,-14.501714652197718,normal
CBGE,nonsense,NM_005902.4(SMAD3):c.1185G>A (p.Trp395Ter),chr15,SMAD3,NM_005902.4,395,UGG,UGA,-14.022928233440505,normal
CBGE,nonsense,NM_005902.4(SMAD3):c.1217G>A (p.Trp406Ter),chr15,SMAD3,NM_005902.4,406,UGG,UAG,-12.870471049150044,normal
CBGE,nonsense,NM_005902.4(SMAD3):c.1218G>A (p.Trp406Ter),chr15,SMAD3,NM_005902.4,406,UGG,UGA,-12.290087752848612,normal
CBGE,nonsense,NM_005902.4(SMAD3):c.139C>T (p.Gln47Ter),chr15,SMAD3,NM_005902.4,47,CAG,UAG,-10.507110598892607,normal
CBGE,nonsense,NM_005902.4(SMAD3):c.226C>T (p.Gln76Ter),chr15,SMAD3,NM_005902.4,76,CAG,UAG,-12.942525948841016,normal
CBGE,nonsense,NM_005902.4(SMAD3):c.281G>A (p.Trp94Ter),chr15,SMAD3,NM_005902.4,94,UGG,UAG,-12.828758222365522,normal
CBGE,nonsense,NM_005902.4(SMAD3):c.282G>A (p.Trp94Ter),chr15,SMAD3,NM_005902.4,94,UGG,UGA,-12.52352524407999,normal
CBGE,nonsense,NM_005902.4(SMAD3):c.382C>T (p.Gln128Ter),chr15,SMAD3,NM_005902.4,128,CAG,UAG,-11.492164673294267,normal
CBGE,nonsense,NM_005902.4(SMAD3):c.517C>T (p.Gln173Ter),chr15,SMAD3,NM_005902.4,173,CAG,UAG,-9.729520829452865,normal
CBGE,nonsense,NM_005902.4(SMAD3):c.53G>A (p.Trp18Ter),chr15,SMAD3,NM_005902.4,18,UGG,UAG,-11.453012359199722,normal
CBGE,nonsense,NM_005902.4(SMAD3):c.54G>A (p.Trp18Ter),chr15,SMAD3,NM_005902.4,18,UGG,UGA,-11.082170518478954,normal
CBGE,nonsense,NM_005902.4(SMAD3):c.695G>A (p.Trp232Ter),chr15,SMAD3,NM_005902.4,232,UGG,UAG,-15.500720973153108,normal
CBGE,nonsense,NM_005902.4(SMAD3):c.696G>A (p.Trp232Ter),chr15,SMAD3,NM_005902.4,232,UGG,UGA,-15.130025889451565,normal
CBGE,nonsense,NM_005902.4(SMAD3):c.724C>T (p.Gln242Ter),chr15,SMAD3,NM_005902.4,242,CAG,UAG,-10.278104785172964,normal
CBGE,nonsense,NM_005902.4(SMAD3):c.754C>T (p.Gln252Ter),chr15,SMAD3,NM_005902.4,252,CAG,UAG,-10.5940351384433,normal
CBGE,nonsense,NM_005902.4(SMAD3):c.964C>T (p.Gln322Ter),chr15,SMAD3,NM_005902.4,322,CAG,UAG,-9.215701558048693,normal
CBGE,nonsense,NM_005904.4(SMAD7):c.1162C>T (p.Gln388Ter),chr18,SMAD7,NM_005904.4,388,CAG,UAG,-11.803114898858928,normal
CBGE,nonsense,NM_005904.4(SMAD7):c.16C>T (p.Arg6Ter),chr18,SMAD7,NM_005904.4,6,CGA,UGA,-9.244233153912154,normal
CBGE,nonsense,NM_005904.4(SMAD7):c.838C>T (p.Gln280Ter),chr18,SMAD7,NM_005904.4,280,CAG,UAG,-11.15960027847316,normal
CBGE,nonsense,NM_005904.4(SMAD7):c.874C>T (p.Gln292Ter),chr18,SMAD7,NM_005904.4,292,CAG,UAG,-10.960886043294762,normal
CBGE,nonsense,NM_005904.4(SMAD7):c.898C>T (p.Gln300Ter),chr18,SMAD7,NM_005904.4,300,CAG,UAG,-9.609702033174983,normal
CBGE,nonsense,NM_005904.4(SMAD7):c.922C>T (p.Gln308Ter),chr18,SMAD7,NM_005904.4,308,CAG,UAG,-11.226518666185688,normal
CBGE,nonsense,NM_005904.4(SMAD7):c.931C>T (p.Gln311Ter),chr18,SMAD7,NM_005904.4,311,CAG,UAG,-11.558683351457756,normal
CBGE,nonsense,NM_005904.4(SMAD7):c.964C>T (p.Gln322Ter),chr18,SMAD7,NM_005904.4,322,CAG,UAG,-12.434835458481338,normal
CBGE,nonsense,NM_005920.4(MEF2D):c.1204C>T (p.Gln402Ter),chr1,MEF2D,NM_005920.4,402,CAG,UAG,-13.758048986805566,normal
CBGE,nonsense,NM_005920.4(MEF2D):c.1207C>T (p.Gln403Ter),chr1,MEF2D,NM_005920.4,403,CAA,UAA,-12.711938820844448,normal
CBGE,nonsense,NM_005920.4(MEF2D):c.1210C>T (p.Gln404Ter),chr1,MEF2D,NM_005920.4,404,CAG,UAG,-13.591384856581255,normal
CBGE,nonsense,NM_005920.4(MEF2D):c.325C>T (p.Gln109Ter),chr1,MEF2D,NM_005920.4,109,CAG,UAG,-10.899129871649537,normal
CBGE,nonsense,NM_005920.4(MEF2D):c.544C>T (p.Gln182Ter),chr1,MEF2D,NM_005920.4,182,CAG,UAG,-11.687262549631033,normal
CBGE,nonsense,NM_005920.4(MEF2D):c.547C>T (p.Gln183Ter),chr1,MEF2D,NM_005920.4,183,CAG,UAG,-11.53638557194247,normal
CBGE,nonsense,NM_005920.4(MEF2D):c.559C>T (p.Gln187Ter),chr1,MEF2D,NM_005920.4,187,CAG,UAG,-12.170045884220649,normal
CBGE,nonsense,NM_005920.4(MEF2D):c.826C>T (p.Gln276Ter),chr1,MEF2D,NM_005920.4,276,CAG,UAG,-10.91610531395456,normal
CBGE,nonsense,NM_005920.4(MEF2D):c.886C>T (p.Gln296Ter),chr1,MEF2D,NM_005920.4,296,CAG,UAG,-11.058418244988102,normal
CBGE,nonsense,NM_005921.2(MAP3K1):c.1127G>A (p.Trp376Ter),chr5,MAP3K1,NM_005921.2,376,UGG,UAG,-12.542916232300415,normal
CBGE,nonsense,NM_005921.2(MAP3K1):c.1128G>A (p.Trp376Ter),chr5,MAP3K1,NM_005921.2,376,UGG,UGA,-12.395840589836585,normal
CBGE,nonsense,NM_005921.2(MAP3K1):c.1168C>T (p.Gln390Ter),chr5,MAP3K1,NM_005921.2,390,CAG,UAG,-11.003450389613358,normal
CBGE,nonsense,NM_005921.2(MAP3K1):c.2137C>T (p.Gln713Ter),chr5,MAP3K1,NM_005921.2,713,CAA,UAA,-10.139264176856996,normal
CBGE,nonsense,NM_005921.2(MAP3K1):c.2233C>T (p.Gln745Ter),chr5,MAP3K1,NM_005921.2,745,CAA,UAA,-10.59830375153083,normal
CBGE,nonsense,NM_005921.2(MAP3K1):c.2252G>A (p.Trp751Ter),chr5,MAP3K1,NM_005921.2,751,UGG,UAG,-12.740060790728236,normal
CBGE,nonsense,NM_005921.2(MAP3K1):c.2253G>A (p.Trp751Ter),chr5,MAP3K1,NM_005921.2,751,UGG,UGA,-12.503757465973514,normal
CBGE,nonsense,NM_005921.2(MAP3K1):c.2254C>T (p.Gln752Ter),chr5,MAP3K1,NM_005921.2,752,CAA,UAA,-11.086769085986887,normal
CBGE,nonsense,NM_005921.2(MAP3K1):c.2638C>T (p.Gln880Ter),chr5,MAP3K1,NM_005921.2,880,CAA,UAA,-10.009772342647988,normal
CBGE,nonsense,NM_005921.2(MAP3K1):c.2641C>T (p.Gln881Ter),chr5,MAP3K1,NM_005921.2,881,CAG,UAG,-10.386920957816034,normal
CBGE,nonsense,NM_005921.2(MAP3K1):c.2851C>T (p.Gln951Ter),chr5,MAP3K1,NM_005921.2,951,CAA,UAA,-10.901762018286316,normal
CBGE,nonsense,NM_005921.2(MAP3K1):c.2869C>T (p.Gln957Ter),chr5,MAP3K1,NM_005921.2,957,CAA,UAA,-10.515971165329653,normal
CBGE,nonsense,NM_005921.2(MAP3K1):c.3728G>A (p.Trp1243Ter),chr5,MAP3K1,NM_005921.2,1243,UGG,UAG,-15.130768751395433,normal
CBGE,nonsense,NM_005921.2(MAP3K1):c.3739C>T (p.Gln1247Ter),chr5,MAP3K1,NM_005921.2,1247,CAA,UAA,-12.168405544115393,normal
CBGE,nonsense,NM_005921.2(MAP3K1):c.3775C>T (p.Gln1259Ter),chr5,MAP3K1,NM_005921.2,1259,CAG,UAG,-10.238710441913216,normal
CBGE,nonsense,NM_005921.2(MAP3K1):c.3781C>T (p.Gln1261Ter),chr5,MAP3K1,NM_005921.2,1261,CAA,UAA,-11.080015172407338,normal
CBGE,nonsense,NM_005921.2(MAP3K1):c.4054C>T (p.Gln1352Ter),chr5,MAP3K1,NM_005921.2,1352,CAG,UAG,-11.54893685193994,normal
CBGE,nonsense,NM_005921.2(MAP3K1):c.4216C>T (p.Gln1406Ter),chr5,MAP3K1,NM_005921.2,1406,CAG,UAG,-11.21010782980522,normal
CBGE,nonsense,NM_005921.2(MAP3K1):c.4270C>T (p.Gln1424Ter),chr5,MAP3K1,NM_005921.2,1424,CAA,UAA,-12.83303738287364,normal
CBGE,nonsense,NM_005921.2(MAP3K1):c.547C>T (p.Arg183Ter),chr5,MAP3K1,NM_005921.2,183,CGA,UGA,-9.752923027277085,normal
CBGE,nonsense,NM_005921.2(MAP3K1):c.590G>A (p.Trp197Ter),chr5,MAP3K1,NM_005921.2,197,UGG,UAG,-12.378305475753129,normal
CBGE,nonsense,NM_005921.2(MAP3K1):c.591G>A (p.Trp197Ter),chr5,MAP3K1,NM_005921.2,197,UGG,UGA,-12.018759755957156,normal
CBGE,nonsense,NM_005921.2(MAP3K1):c.602G>A (p.Trp201Ter),chr5,MAP3K1,NM_005921.2,201,UGG,UAG,-11.97980121601612,normal
CBGE,nonsense,NM_005921.2(MAP3K1):c.603G>A (p.Trp201Ter),chr5,MAP3K1,NM_005921.2,201,UGG,UGA,-11.65295409187504,normal
CBGE,nonsense,NM_005921.2(MAP3K1):c.622C>T (p.Arg208Ter),chr5,MAP3K1,NM_005921.2,208,CGA,UGA,-10.517968175803665,normal
CBGE,nonsense,NM_005921.2(MAP3K1):c.709C>T (p.Gln237Ter),chr5,MAP3K1,NM_005921.2,237,CAG,UAG,-10.352430432654618,normal
CBGE,nonsense,NM_005921.2(MAP3K1):c.742C>T (p.Arg248Ter),chr5,MAP3K1,NM_005921.2,248,CGA,UGA,-10.013603250747448,normal
CBGE,nonsense,NM_005921.2(MAP3K1):c.862C>T (p.Arg288Ter),chr5,MAP3K1,NM_005921.2,288,CGA,UGA,-10.449778588833924,normal
CBGE,nonsense,NM_005921.2(MAP3K1):c.958C>T (p.Gln320Ter),chr5,MAP3K1,NM_005921.2,320,CAG,UAG,-12.038980497980807,normal
CBGE,nonsense,NM_005922.4(MAP3K4):c.1033C>T (p.Gln345Ter),chr6,MAP3K4,NM_005922.4,345,CAA,UAA,-10.147593530962553,normal
CBGE,nonsense,NM_005922.4(MAP3K4):c.1039C>T (p.Gln347Ter),chr6,MAP3K4,NM_005922.4,347,CAG,UAG,-10.79780198542875,normal
CBGE,nonsense,NM_005922.4(MAP3K4):c.1171C>T (p.Gln391Ter),chr6,MAP3K4,NM_005922.4,391,CAG,UAG,-10.79574393997724,normal
CBGE,nonsense,NM_005922.4(MAP3K4):c.1213C>T (p.Gln405Ter),chr6,MAP3K4,NM_005922.4,405,CAG,UAG,-9.925113693785509,normal
CBGE,nonsense,NM_005922.4(MAP3K4):c.1297C>T (p.Arg433Ter),chr6,MAP3K4,NM_005922.4,433,CGA,UGA,-8.823350915396478,normal
CBGE,nonsense,NM_005922.4(MAP3K4):c.1393C>T (p.Gln465Ter),chr6,MAP3K4,NM_005922.4,465,CAA,UAA,-9.802751545211796,normal
CBGE,nonsense,NM_005922.4(MAP3K4):c.154C>T (p.Gln52Ter),chr6,MAP3K4,NM_005922.4,52,CAA,UAA,-10.52421665822523,normal
CBGE,nonsense,NM_005922.4(MAP3K4):c.1750C>T (p.Gln584Ter),chr6,MAP3K4,NM_005922.4,584,CAG,UAG,-9.968371413646166,normal
CBGE,nonsense,NM_005922.4(MAP3K4):c.1909C>T (p.Gln637Ter),chr6,MAP3K4,NM_005922.4,637,CAG,UAG,-11.091772088408195,normal
CBGE,nonsense,NM_005922.4(MAP3K4):c.2008C>T (p.Gln670Ter),chr6,MAP3K4,NM_005922.4,670,CAG,UAG,-10.778020792301913,normal
CBGE,nonsense,NM_005922.4(MAP3K4):c.2020C>T (p.Gln674Ter),chr6,MAP3K4,NM_005922.4,674,CAG,UAG,-11.430999769630416,normal
CBGE,nonsense,NM_005922.4(MAP3K4):c.2395C>T (p.Arg799Ter),chr6,MAP3K4,NM_005922.4,799,CGA,UGA,-9.91281321682723,normal
CBGE,nonsense,NM_005922.4(MAP3K4):c.2545C>T (p.Gln849Ter),chr6,MAP3K4,NM_005922.4,849,CAG,UAG,-10.471790288200404,normal
CBGE,nonsense,NM_005922.4(MAP3K4):c.2560C>T (p.Gln854Ter),chr6,MAP3K4,NM_005922.4,854,CAA,UAA,-10.179735232105754,normal
CBGE,nonsense,NM_005922.4(MAP3K4):c.2725C>T (p.Arg909Ter),chr6,MAP3K4,NM_005922.4,909,CGA,UGA,-9.2626038879623,normal
CBGE,nonsense,NM_005922.4(MAP3K4):c.2887C>T (p.Gln963Ter),chr6,MAP3K4,NM_005922.4,963,CAG,UAG,-11.215886134146272,normal
CBGE,nonsense,NM_005922.4(MAP3K4):c.2890C>T (p.Gln964Ter),chr6,MAP3K4,NM_005922.4,964,CAG,UAG,-11.016136148616642,normal
CBGE,nonsense,NM_005922.4(MAP3K4):c.2962C>T (p.Gln988Ter),chr6,MAP3K4,NM_005922.4,988,CAG,UAG,-11.81517221602382,normal
CBGE,nonsense,NM_005922.4(MAP3K4):c.298C>T (p.Gln100Ter),chr6,MAP3K4,NM_005922.4,100,CAG,UAG,-10.807636254820771,normal
CBGE,nonsense,NM_005922.4(MAP3K4):c.3112C>T (p.Gln1038Ter),chr6,MAP3K4,NM_005922.4,1038,CAG,UAG,-10.72968008264985,normal
CBGE,nonsense,NM_005922.4(MAP3K4):c.3178C>T (p.Gln1060Ter),chr6,MAP3K4,NM_005922.4,1060,CAG,UAG,-10.855091155577558,normal
CBGE,nonsense,NM_005922.4(MAP3K4):c.3219G>A (p.Trp1073Ter),chr6,MAP3K4,NM_005922.4,1073,UGG,UGA,-13.235086447104374,normal
CBGE,nonsense,NM_005922.4(MAP3K4):c.3769C>T (p.Arg1257Ter),chr6,MAP3K4,NM_005922.4,1257,CGA,UGA,-9.376852995880842,normal
CBGE,nonsense,NM_005922.4(MAP3K4):c.3824G>A (p.Trp1275Ter),chr6,MAP3K4,NM_005922.4,1275,UGG,UAG,-10.76464943750948,normal
CBGE,nonsense,NM_005922.4(MAP3K4):c.3825G>A (p.Trp1275Ter),chr6,MAP3K4,NM_005922.4,1275,UGG,UGA,-10.653602693037683,normal
CBGE,nonsense,NM_005922.4(MAP3K4):c.3847C>T (p.Gln1283Ter),chr6,MAP3K4,NM_005922.4,1283,CAG,UAG,-10.619485916291037,normal
CBGE,nonsense,NM_005922.4(MAP3K4):c.3928C>T (p.Arg1310Ter),chr6,MAP3K4,NM_005922.4,1310,CGA,UGA,-10.914789185987956,normal
CBGE,nonsense,NM_005922.4(MAP3K4):c.4029G>A (p.Trp1343Ter),chr6,MAP3K4,NM_005922.4,1343,UGG,UGA,-14.956481901797336,normal
CBGE,nonsense,NM_005922.4(MAP3K4):c.4030C>T (p.Gln1344Ter),chr6,MAP3K4,NM_005922.4,1344,CAA,UAA,-11.585775410898954,normal
CBGE,nonsense,NM_005922.4(MAP3K4):c.4306C>T (p.Gln1436Ter),chr6,MAP3K4,NM_005922.4,1436,CAG,UAG,-9.569637334685517,normal
CBGE,nonsense,NM_005922.4(MAP3K4):c.4477C>T (p.Gln1493Ter),chr6,MAP3K4,NM_005922.4,1493,CAG,UAG,-10.857202541827686,normal
CBGE,nonsense,NM_005922.4(MAP3K4):c.4769G>A (p.Trp1590Ter),chr6,MAP3K4,NM_005922.4,1590,UGG,UAG,-10.179133396936528,normal
CBGE,nonsense,NM_005922.4(MAP3K4):c.4770G>A (p.Trp1590Ter),chr6,MAP3K4,NM_005922.4,1590,UGG,UGA,-9.961628951194085,normal
CBGE,nonsense,NM_005922.4(MAP3K4):c.634C>T (p.Gln212Ter),chr6,MAP3K4,NM_005922.4,212,CAG,UAG,-10.596323047831175,normal
CBGE,nonsense,NM_005922.4(MAP3K4):c.745C>T (p.Gln249Ter),chr6,MAP3K4,NM_005922.4,249,CAA,UAA,-10.23646738611436,normal
CBGE,nonsense,NM_005922.4(MAP3K4):c.775C>T (p.Arg259Ter),chr6,MAP3K4,NM_005922.4,259,CGA,UGA,-9.559177374781186,normal
CBGE,nonsense,NM_005922.4(MAP3K4):c.794G>A (p.Trp265Ter),chr6,MAP3K4,NM_005922.4,265,UGG,UAG,-12.05126761378234,normal
CBGE,nonsense,NM_005922.4(MAP3K4):c.795G>A (p.Trp265Ter),chr6,MAP3K4,NM_005922.4,265,UGG,UGA,-11.69556236269505,normal
CBGE,nonsense,NM_005922.4(MAP3K4):c.973C>T (p.Gln325Ter),chr6,MAP3K4,NM_005922.4,325,CAG,UAG,-10.266028375387458,normal
CBGE,nonsense,NM_005938.4(FOXO4):c.127C>T (p.Gln43Ter),chrX,FOXO4,NM_005938.4,43,CAG,UAG,-11.176029198693248,normal
CBGE,nonsense,NM_005938.4(FOXO4):c.1387C>T (p.Gln463Ter),chrX,FOXO4,NM_005938.4,463,CAA,UAA,-10.054809597312936,normal
CBGE,nonsense,NM_005938.4(FOXO4):c.302G>A (p.Trp101Ter),chrX,FOXO4,NM_005938.4,101,UGG,UAG,-11.5550165196287,normal
CBGE,nonsense,NM_005938.4(FOXO4):c.303G>A (p.Trp101Ter),chrX,FOXO4,NM_005938.4,101,UGG,UGA,-11.52348331118854,normal
CBGE,nonsense,NM_005938.4(FOXO4):c.334C>T (p.Gln112Ter),chrX,FOXO4,NM_005938.4,112,CAG,UAG,-11.666826132487856,normal
CBGE,nonsense,NM_005938.4(FOXO4):c.389G>A (p.Trp130Ter),chrX,FOXO4,NM_005938.4,130,UGG,UAG,-15.006532662161888,normal
CBGE,nonsense,NM_005938.4(FOXO4):c.390G>A (p.Trp130Ter),chrX,FOXO4,NM_005938.4,130,UGG,UGA,-15.035984031795255,normal
CBGE,nonsense,NM_005938.4(FOXO4):c.530G>A (p.Trp177Ter),chrX,FOXO4,NM_005938.4,177,UGG,UAG,-13.008640331006417,normal
CBGE,nonsense,NM_005938.4(FOXO4):c.531G>A (p.Trp177Ter),chrX,FOXO4,NM_005938.4,177,UGG,UGA,-12.533484507374826,normal
CBGE,nonsense,NM_005938.4(FOXO4):c.533G>A (p.Trp178Ter),chrX,FOXO4,NM_005938.4,178,UGG,UAG,-15.698700008739484,normal
CBGE,nonsense,NM_005938.4(FOXO4):c.534G>A (p.Trp178Ter),chrX,FOXO4,NM_005938.4,178,UGG,UGA,-15.48780826601285,normal
CBGE,nonsense,NM_005938.4(FOXO4):c.713G>A (p.Trp238Ter),chrX,FOXO4,NM_005938.4,238,UGG,UAG,-11.39705371614247,normal
CBGE,nonsense,NM_005938.4(FOXO4):c.758G>A (p.Trp253Ter),chrX,FOXO4,NM_005938.4,253,UGG,UAG,-12.074301738858008,normal
CBGE,nonsense,NM_005938.4(FOXO4):c.988C>T (p.Gln330Ter),chrX,FOXO4,NM_005938.4,330,CAG,UAG,-10.971656753586192,normal
CBGE,nonsense,NM_005938.4(FOXO4):c.99G>A (p.Trp33Ter),chrX,FOXO4,NM_005938.4,33,UGG,UGA,-11.234876773701467,normal
CBGE,nonsense,NM_005977.4(RNF6):c.1069C>T (p.Arg357Ter),chr13,RNF6,NM_005977.4,357,CGA,UGA,-9.584479304065436,normal
CBGE,nonsense,NM_005977.4(RNF6):c.1177C>T (p.Arg393Ter),chr13,RNF6,NM_005977.4,393,CGA,UGA,-10.17422770658798,normal
CBGE,nonsense,NM_005977.4(RNF6):c.1204C>T (p.Gln402Ter),chr13,RNF6,NM_005977.4,402,CAA,UAA,-9.066473082706588,normal
CBGE,nonsense,NM_005977.4(RNF6):c.1264C>T (p.Arg422Ter),chr13,RNF6,NM_005977.4,422,CGA,UGA,-9.651325210164902,normal
CBGE,nonsense,NM_005977.4(RNF6):c.1456C>T (p.Gln486Ter),chr13,RNF6,NM_005977.4,486,CAG,UAG,-9.269206020642752,normal
CBGE,nonsense,NM_005977.4(RNF6):c.1519C>T (p.Gln507Ter),chr13,RNF6,NM_005977.4,507,CAA,UAA,-10.545940320668054,normal
CBGE,nonsense,NM_005977.4(RNF6):c.1681C>T (p.Arg561Ter),chr13,RNF6,NM_005977.4,561,CGA,UGA,-9.008919743441004,normal
CBGE,nonsense,NM_005977.4(RNF6):c.1804C>T (p.Arg602Ter),chr13,RNF6,NM_005977.4,602,CGA,UGA,-8.586256000605047,normal
CBGE,nonsense,NM_005977.4(RNF6):c.2020C>T (p.Gln674Ter),chr13,RNF6,NM_005977.4,674,CAG,UAG,-8.250130614320048,normal
CBGE,nonsense,NM_005977.4(RNF6):c.217C>T (p.Gln73Ter),chr13,RNF6,NM_005977.4,73,CAA,UAA,-9.134576793878608,normal
CBGE,nonsense,NM_005977.4(RNF6):c.220C>T (p.Gln74Ter),chr13,RNF6,NM_005977.4,74,CAG,UAG,-10.392367423967894,normal
CBGE,nonsense,NM_005977.4(RNF6):c.382C>T (p.Gln128Ter),chr13,RNF6,NM_005977.4,128,CAA,UAA,-10.588630605073828,normal
CBGE,nonsense,NM_005977.4(RNF6):c.598C>T (p.Gln200Ter),chr13,RNF6,NM_005977.4,200,CAA,UAA,-10.447898896551989,normal
CBGE,nonsense,NM_005977.4(RNF6):c.664C>T (p.Gln222Ter),chr13,RNF6,NM_005977.4,222,CAA,UAA,-11.004629116368235,normal
CBGE,nonsense,NM_005977.4(RNF6):c.781C>T (p.Gln261Ter),chr13,RNF6,NM_005977.4,261,CAA,UAA,-10.311017962425998,normal
CBGE,nonsense,NM_005977.4(RNF6):c.7C>T (p.Gln3Ter),chr13,RNF6,NM_005977.4,3,CAG,UAG,-9.886932307461594,normal
CBGE,nonsense,NM_005977.4(RNF6):c.805C>T (p.Gln269Ter),chr13,RNF6,NM_005977.4,269,CAA,UAA,-10.935298935987332,normal
CBGE,nonsense,NM_005977.4(RNF6):c.946C>T (p.Gln316Ter),chr13,RNF6,NM_005977.4,316,CAG,UAG,-10.448382427589292,normal
CBGE,nonsense,NM_006015.6(ARID1A):c.1010G>A (p.Trp337Ter),chr1,ARID1A,NM_006015.6,337,UGG,UAG,-10.667690188449278,normal
CBGE,nonsense,NM_006015.6(ARID1A):c.1011G>A (p.Trp337Ter),chr1,ARID1A,NM_006015.6,337,UGG,UGA,-10.594688404318106,normal
CBGE,nonsense,NM_006015.6(ARID1A):c.1114C>T (p.Gln372Ter),chr1,ARID1A,NM_006015.6,372,CAG,UAG,-11.848825468397436,normal
CBGE,nonsense,NM_006015.6(ARID1A):c.1177C>T (p.Gln393Ter),chr1,ARID1A,NM_006015.6,393,CAG,UAG,-12.106347103752428,normal
CBGE,nonsense,NM_006015.6(ARID1A):c.1207C>T (p.Gln403Ter),chr1,ARID1A,NM_006015.6,403,CAG,UAG,-13.193855274214314,normal
CBGE,nonsense,NM_006015.6(ARID1A):c.1210C>T (p.Gln404Ter),chr1,ARID1A,NM_006015.6,404,CAA,UAA,-12.452970521973812,normal
CBGE,nonsense,NM_006015.6(ARID1A):c.1213C>T (p.Gln405Ter),chr1,ARID1A,NM_006015.6,405,CAG,UAG,-12.286856644554318,normal
CBGE,nonsense,NM_006015.6(ARID1A):c.1234C>T (p.Gln412Ter),chr1,ARID1A,NM_006015.6,412,CAG,UAG,-12.51208310599269,normal
CBGE,nonsense,NM_006015.6(ARID1A):c.1237C>T (p.Gln413Ter),chr1,ARID1A,NM_006015.6,413,CAA,UAA,-11.668277745075548,lof
CBGE,nonsense,NM_006015.6(ARID1A):c.1273C>T (p.Gln425Ter),chr1,ARID1A,NM_006015.6,425,CAG,UAG,-12.98503113502986,normal
CBGE,nonsense,NM_006015.6(ARID1A):c.1366C>T (p.Gln456Ter),chr1,ARID1A,NM_006015.6,456,CAA,UAA,-12.962129661903196,lof
CBGE,nonsense,NM_006015.6(ARID1A):c.1369C>T (p.Gln457Ter),chr1,ARID1A,NM_006015.6,457,CAA,UAA,-12.332994452211294,lof
CBGE,nonsense,NM_006015.6(ARID1A):c.166C>T (p.Gln56Ter),chr1,ARID1A,NM_006015.6,56,CAG,UAG,-10.903911605622676,normal
CBGE,nonsense,NM_006015.6(ARID1A):c.2167C>T (p.Gln723Ter),chr1,ARID1A,NM_006015.6,723,CAG,UAG,-12.206246420748409,lof
CBGE,nonsense,NM_006015.6(ARID1A):c.2242C>T (p.Gln748Ter),chr1,ARID1A,NM_006015.6,748,CAA,UAA,-10.892288199811826,normal
CBGE,nonsense,NM_006015.6(ARID1A):c.2281C>T (p.Gln761Ter),chr1,ARID1A,NM_006015.6,761,CAG,UAG,-11.714756042775862,normal
CBGE,nonsense,NM_006015.6(ARID1A):c.2323C>T (p.Gln775Ter),chr1,ARID1A,NM_006015.6,775,CAG,UAG,-11.284484918129891,normal
CBGE,nonsense,NM_006015.6(ARID1A):c.2365C>T (p.Gln789Ter),chr1,ARID1A,NM_006015.6,789,CAG,UAG,-11.897415161553663,normal
CBGE,nonsense,NM_006015.6(ARID1A):c.2368C>T (p.Gln790Ter),chr1,ARID1A,NM_006015.6,790,CAG,UAG,-12.630165086153808,normal
CBGE,nonsense,NM_006015.6(ARID1A):c.2395C>T (p.Gln799Ter),chr1,ARID1A,NM_006015.6,799,CAG,UAG,-11.55724141179351,normal
CBGE,nonsense,NM_006015.6(ARID1A):c.2404C>T (p.Gln802Ter),chr1,ARID1A,NM_006015.6,802,CAG,UAG,-11.408196398036369,normal
CBGE,nonsense,NM_006015.6(ARID1A):c.2518C>T (p.Gln840Ter),chr1,ARID1A,NM_006015.6,840,CAA,UAA,-10.700685463030258,normal
CBGE,nonsense,NM_006015.6(ARID1A):c.2758C>T (p.Gln920Ter),chr1,ARID1A,NM_006015.6,920,CAA,UAA,-11.335849864683212,normal
CBGE,nonsense,NM_006015.6(ARID1A):c.3068G>A (p.Trp1023Ter),chr1,ARID1A,NM_006015.6,1023,UGG,UAG,-12.029560050471654,lof
CBGE,nonsense,NM_006015.6(ARID1A):c.3069G>A (p.Trp1023Ter),chr1,ARID1A,NM_006015.6,1023,UGG,UGA,-12.229914603712864,lof
CBGE,nonsense,NM_006015.6(ARID1A):c.3391C>T (p.Gln1131Ter),chr1,ARID1A,NM_006015.6,1131,CAG,UAG,-11.525316294241229,normal
CBGE,nonsense,NM_006015.6(ARID1A):c.3997C>T (p.Gln1333Ter),chr1,ARID1A,NM_006015.6,1333,CAG,UAG,-13.736799176885702,normal
CBGE,nonsense,NM_006015.6(ARID1A):c.4000C>T (p.Gln1334Ter),chr1,ARID1A,NM_006015.6,1334,CAA,UAA,-12.495766625579838,normal
CBGE,nonsense,NM_006015.6(ARID1A):c.4090C>T (p.Gln1364Ter),chr1,ARID1A,NM_006015.6,1364,CAG,UAG,-12.859600051887218,normal
CBGE,nonsense,NM_006015.6(ARID1A):c.4093C>T (p.Gln1365Ter),chr1,ARID1A,NM_006015.6,1365,CAA,UAA,-12.476078066053924,lof
CBGE,nonsense,NM_006015.6(ARID1A):c.4096C>T (p.Gln1366Ter),chr1,ARID1A,NM_006015.6,1366,CAG,UAG,-13.277142493890382,normal
CBGE,nonsense,NM_006015.6(ARID1A):c.4099C>T (p.Gln1367Ter),chr1,ARID1A,NM_006015.6,1367,CAG,UAG,-13.014704660367489,normal
CBGE,nonsense,NM_006015.6(ARID1A):c.4273C>T (p.Gln1425Ter),chr1,ARID1A,NM_006015.6,1425,CAA,UAA,-11.751380008401949,lof
CBGE,nonsense,NM_006015.6(ARID1A):c.4336C>T (p.Arg1446Ter),chr1,ARID1A,NM_006015.6,1446,CGA,UGA,-9.78373333010935,normal
CBGE,nonsense,NM_006015.6(ARID1A):c.4360C>T (p.Gln1454Ter),chr1,ARID1A,NM_006015.6,1454,CAA,UAA,-11.551712052407815,normal
CBGE,nonsense,NM_006015.6(ARID1A):c.4435C>T (p.Gln1479Ter),chr1,ARID1A,NM_006015.6,1479,CAA,UAA,-10.96324540629667,normal
CBGE,nonsense,NM_006015.6(ARID1A):c.4477C>T (p.Gln1493Ter),chr1,ARID1A,NM_006015.6,1493,CAG,UAG,-11.523195265682109,normal
CBGE,nonsense,NM_006015.6(ARID1A):c.4480C>T (p.Gln1494Ter),chr1,ARID1A,NM_006015.6,1494,CAA,UAA,-11.232797567521107,lof
CBGE,nonsense,NM_006015.6(ARID1A):c.454C>T (p.Gln152Ter),chr1,ARID1A,NM_006015.6,152,CAA,UAA,-10.565866505510732,lof
CBGE,nonsense,NM_006015.6(ARID1A):c.4609C>T (p.Gln1537Ter),chr1,ARID1A,NM_006015.6,1537,CAG,UAG,-11.5168322766703,lof
CBGE,nonsense,NM_006015.6(ARID1A):c.4634G>A (p.Trp1545Ter),chr1,ARID1A,NM_006015.6,1545,UGG,UAG,-11.885954801590293,normal
CBGE,nonsense,NM_006015.6(ARID1A):c.4635G>A (p.Trp1545Ter),chr1,ARID1A,NM_006015.6,1545,UGG,UGA,-11.590176616192764,normal
CBGE,nonsense,NM_006015.6(ARID1A):c.4654C>T (p.Gln1552Ter),chr1,ARID1A,NM_006015.6,1552,CAG,UAG,-12.158364200279827,normal
CBGE,nonsense,NM_006015.6(ARID1A):c.4840C>T (p.Gln1614Ter),chr1,ARID1A,NM_006015.6,1614,CAG,UAG,-11.346525141574164,normal
CBGE,nonsense,NM_006015.6(ARID1A):c.4948C>T (p.Gln1650Ter),chr1,ARID1A,NM_006015.6,1650,CAG,UAG,-10.98686972771181,lof
CBGE,nonsense,NM_006015.6(ARID1A):c.5057G>A (p.Trp1686Ter),chr1,ARID1A,NM_006015.6,1686,UGG,UAG,-11.205027549753922,normal
CBGE,nonsense,NM_006015.6(ARID1A):c.5058G>A (p.Trp1686Ter),chr1,ARID1A,NM_006015.6,1686,UGG,UGA,-11.243062930708648,normal
CBGE,nonsense,NM_006015.6(ARID1A):c.5122C>T (p.Gln1708Ter),chr1,ARID1A,NM_006015.6,1708,CAG,UAG,-12.006013838448183,normal
CBGE,nonsense,NM_006015.6(ARID1A):c.5164C>T (p.Arg1722Ter),chr1,ARID1A,NM_006015.6,1722,CGA,UGA,-10.413567557279016,normal
CBGE,nonsense,NM_006015.6(ARID1A):c.5503C>T (p.Gln1835Ter),chr1,ARID1A,NM_006015.6,1835,CAG,UAG,-10.060659470924511,lof
CBGE,nonsense,NM_006015.6(ARID1A):c.6298C>T (p.Gln2100Ter),chr1,ARID1A,NM_006015.6,2100,CAG,UAG,-11.109304472963789,normal
CBGE,nonsense,NM_006015.6(ARID1A):c.6343C>T (p.Gln2115Ter),chr1,ARID1A,NM_006015.6,2115,CAG,UAG,-12.42124080008049,normal
CBGE,nonsense,NM_006015.6(ARID1A):c.6850C>T (p.Gln2284Ter),chr1,ARID1A,NM_006015.6,2284,CAG,UAG,-11.37824249343482,normal
CBGE,nonsense,NM_006015.6(ARID1A):c.802C>T (p.Gln268Ter),chr1,ARID1A,NM_006015.6,268,CAG,UAG,-12.53750616562156,normal
CBGE,nonsense,NM_006015.6(ARID1A):c.85C>T (p.Gln29Ter),chr1,ARID1A,NM_006015.6,29,CAG,UAG,-12.656387297946589,normal
CBGE,nonsense,NM_006015.6(ARID1A):c.88C>T (p.Gln30Ter),chr1,ARID1A,NM_006015.6,30,CAG,UAG,-12.6205177742744,normal
CBGE,nonsense,NM_006015.6(ARID1A):c.961C>T (p.Gln321Ter),chr1,ARID1A,NM_006015.6,321,CAG,UAG,-11.819332150390284,normal
CBGE,nonsense,NM_006060.6(IKZF1):c.19C>T (p.Gln7Ter),chr7,IKZF1,NM_006060.6,7,CAA,UAA,-10.404495281587057,normal
CBGE,nonsense,NM_006060.6(IKZF1):c.247C>T (p.Arg83Ter),chr7,IKZF1,NM_006060.6,83,CGA,UGA,-9.785170572186964,normal
CBGE,nonsense,NM_006060.6(IKZF1):c.295C>T (p.Gln99Ter),chr7,IKZF1,NM_006060.6,99,CAA,UAA,-10.507261290522974,normal
CBGE,nonsense,NM_006060.6(IKZF1):c.31C>T (p.Gln11Ter),chr7,IKZF1,NM_006060.6,11,CAA,UAA,-10.679882971680357,normal
CBGE,nonsense,NM_006060.6(IKZF1):c.331C>T (p.Arg111Ter),chr7,IKZF1,NM_006060.6,111,CGA,UGA,-10.687294902728476,normal
CBGE,nonsense,NM_006060.6(IKZF1):c.838C>T (p.Gln280Ter),chr7,IKZF1,NM_006060.6,280,CAG,UAG,-10.32403286539679,normal
CBGE,nonsense,NM_006137.7(CD7):c.313C>T (p.Gln105Ter),chr17,CD7,NM_006137.7,105,CAG,UAG,-13.598531701711789,normal
CBGE,nonsense,NM_006137.7(CD7):c.343C>T (p.Gln115Ter),chr17,CD7,NM_006137.7,115,CAG,UAG,-11.690315265241235,normal
CBGE,nonsense,NM_006137.7(CD7):c.403C>T (p.Gln135Ter),chr17,CD7,NM_006137.7,135,CAG,UAG,-10.81961259098036,normal
CBGE,nonsense,NM_006137.7(CD7):c.409C>T (p.Gln137Ter),chr17,CD7,NM_006137.7,137,CAA,UAA,-10.167625404126834,normal
CBGE,nonsense,NM_006137.7(CD7):c.79C>T (p.Gln27Ter),chr17,CD7,NM_006137.7,27,CAA,UAA,-9.99247169881476,normal
CBGE,nonsense,NM_006139.4(CD28):c.220C>T (p.Gln74Ter),chr2,CD28,NM_006139.4,74,CAG,UAG,-11.339954399415571,normal
CBGE,nonsense,NM_006139.4(CD28):c.229C>T (p.Gln77Ter),chr2,CD28,NM_006139.4,77,CAG,UAG,-10.855188366175764,lof
CBGE,nonsense,NM_006139.4(CD28):c.461G>A (p.Trp154Ter),chr2,CD28,NM_006139.4,154,UGG,UAG,-13.007184942664042,lof
CBGE,nonsense,NM_006139.4(CD28):c.462G>A (p.Trp154Ter),chr2,CD28,NM_006139.4,154,UGG,UGA,-13.110418326035706,normal
CBGE,nonsense,NM_006139.4(CD28):c.533G>A (p.Trp178Ter),chr2,CD28,NM_006139.4,178,UGG,UAG,-14.219995532289202,lof
CBGE,nonsense,NM_006139.4(CD28):c.534G>A (p.Trp178Ter),chr2,CD28,NM_006139.4,178,UGG,UGA,-13.537956195046256,lof
CBGE,nonsense,NM_006186.4(NR4A2):c.1180C>T (p.Gln394Ter),chr2,NR4A2,NM_006186.4,394,CAA,UAA,-11.126573581736311,normal
CBGE,nonsense,NM_006186.4(NR4A2):c.1348C>T (p.Arg450Ter),chr2,NR4A2,NM_006186.4,450,CGA,UGA,-10.256583212900727,normal
CBGE,nonsense,NM_006186.4(NR4A2):c.13C>T (p.Gln5Ter),chr2,NR4A2,NM_006186.4,5,CAG,UAG,-11.46542927841955,normal
CBGE,nonsense,NM_006186.4(NR4A2):c.1420C>T (p.Gln474Ter),chr2,NR4A2,NM_006186.4,474,CAA,UAA,-13.056602549237564,normal
CBGE,nonsense,NM_006186.4(NR4A2):c.19C>T (p.Gln7Ter),chr2,NR4A2,NM_006186.4,7,CAG,UAG,-11.659305551108591,normal
CBGE,nonsense,NM_006186.4(NR4A2):c.238C>T (p.Gln80Ter),chr2,NR4A2,NM_006186.4,80,CAA,UAA,-11.649503732726323,normal
CBGE,nonsense,NM_006186.4(NR4A2):c.256C>T (p.Gln86Ter),chr2,NR4A2,NM_006186.4,86,CAG,UAG,-12.03295038010392,normal
CBGE,nonsense,NM_006186.4(NR4A2):c.259C>T (p.Gln87Ter),chr2,NR4A2,NM_006186.4,87,CAG,UAG,-11.624103476767171,normal
CBGE,nonsense,NM_006186.4(NR4A2):c.412C>T (p.Gln138Ter),chr2,NR4A2,NM_006186.4,138,CAG,UAG,-12.137619032093642,normal
CBGE,nonsense,NM_006186.4(NR4A2):c.460C>T (p.Gln154Ter),chr2,NR4A2,NM_006186.4,154,CAG,UAG,-12.976972636343772,normal
CBGE,nonsense,NM_006186.4(NR4A2):c.538C>T (p.Gln180Ter),chr2,NR4A2,NM_006186.4,180,CAA,UAA,-10.34420396394082,normal
CBGE,nonsense,NM_006186.4(NR4A2):c.571C>T (p.Gln191Ter),chr2,NR4A2,NM_006186.4,191,CAG,UAG,-11.994499224979489,normal
CBGE,nonsense,NM_006186.4(NR4A2):c.724C>T (p.Gln242Ter),chr2,NR4A2,NM_006186.4,242,CAG,UAG,-11.691682770064194,normal
CBGE,nonsense,NM_006218.4(PIK3CA):c.1045C>T (p.Arg349Ter),chr3,PIK3CA,NM_006218.4,349,CGA,UGA,-9.360878945283645,normal
CBGE,nonsense,NM_006218.4(PIK3CA):c.1069C>T (p.Arg357Ter),chr3,PIK3CA,NM_006218.4,357,CGA,UGA,-10.191388163606767,normal
CBGE,nonsense,NM_006218.4(PIK3CA):c.1234C>T (p.Arg412Ter),chr3,PIK3CA,NM_006218.4,412,CGA,UGA,-9.63693333748556,normal
CBGE,nonsense,NM_006218.4(PIK3CA):c.1789C>T (p.Gln597Ter),chr3,PIK3CA,NM_006218.4,597,CAG,UAG,-10.27828024761942,normal
CBGE,nonsense,NM_006218.4(PIK3CA):c.2443C>T (p.Gln815Ter),chr3,PIK3CA,NM_006218.4,815,CAA,UAA,-11.569845239618106,normal
CBGE,nonsense,NM_006218.4(PIK3CA):c.2479C>T (p.Gln827Ter),chr3,PIK3CA,NM_006218.4,827,CAA,UAA,-10.517536207623694,normal
CBGE,nonsense,NM_006218.4(PIK3CA):c.2494C>T (p.Arg832Ter),chr3,PIK3CA,NM_006218.4,832,CGA,UGA,-12.172201212421564,normal
CBGE,nonsense,NM_006218.4(PIK3CA):c.2639G>A (p.Trp880Ter),chr3,PIK3CA,NM_006218.4,880,UGG,UAG,-15.0829962957286,normal
CBGE,nonsense,NM_006218.4(PIK3CA):c.32G>A (p.Trp11Ter),chr3,PIK3CA,NM_006218.4,11,UGG,UAG,-11.67510984515365,normal
CBGE,nonsense,NM_006219.3(PIK3CB):c.1000C>T (p.Gln334Ter),chr3,PIK3CB,NM_006219.3,334,CAA,UAA,-9.801971429847852,normal
CBGE,nonsense,NM_006219.3(PIK3CB):c.1276C>T (p.Gln426Ter),chr3,PIK3CB,NM_006219.3,426,CAG,UAG,-9.719897214892146,normal
CBGE,nonsense,NM_006219.3(PIK3CB):c.127C>T (p.Gln43Ter),chr3,PIK3CB,NM_006219.3,43,CAG,UAG,-10.644206956054946,normal
CBGE,nonsense,NM_006219.3(PIK3CB):c.1319G>A (p.Trp440Ter),chr3,PIK3CB,NM_006219.3,440,UGG,UAG,-12.028334638797231,normal
CBGE,nonsense,NM_006219.3(PIK3CB):c.1320G>A (p.Trp440Ter),chr3,PIK3CB,NM_006219.3,440,UGG,UGA,-12.10379783499199,normal
CBGE,nonsense,NM_006219.3(PIK3CB):c.1351C>T (p.Gln451Ter),chr3,PIK3CB,NM_006219.3,451,CAA,UAA,-10.466704379998667,normal
CBGE,nonsense,NM_006219.3(PIK3CB):c.1645C>T (p.Gln549Ter),chr3,PIK3CB,NM_006219.3,549,CAA,UAA,-10.87721539528598,normal
CBGE,nonsense,NM_006219.3(PIK3CB):c.1774C>T (p.Gln592Ter),chr3,PIK3CB,NM_006219.3,592,CAG,UAG,-9.628122238496116,normal
CBGE,nonsense,NM_006219.3(PIK3CB):c.1858C>T (p.Arg620Ter),chr3,PIK3CB,NM_006219.3,620,CGA,UGA,-11.739070906052898,normal
CBGE,nonsense,NM_006219.3(PIK3CB):c.1882C>T (p.Arg628Ter),chr3,PIK3CB,NM_006219.3,628,CGA,UGA,-10.138786334401177,normal
CBGE,nonsense,NM_006219.3(PIK3CB):c.1885C>T (p.Gln629Ter),chr3,PIK3CB,NM_006219.3,629,CAG,UAG,-11.498529449754807,normal
CBGE,nonsense,NM_006219.3(PIK3CB):c.1909C>T (p.Gln637Ter),chr3,PIK3CB,NM_006219.3,637,CAA,UAA,-9.438406953325265,normal
CBGE,nonsense,NM_006219.3(PIK3CB):c.2014C>T (p.Gln672Ter),chr3,PIK3CB,NM_006219.3,672,CAG,UAG,-9.903683724694496,normal
CBGE,nonsense,NM_006219.3(PIK3CB):c.2242C>T (p.Gln748Ter),chr3,PIK3CB,NM_006219.3,748,CAG,UAG,-11.59188173188864,normal
CBGE,nonsense,NM_006219.3(PIK3CB):c.2452C>T (p.Gln818Ter),chr3,PIK3CB,NM_006219.3,818,CAA,UAA,-11.147624942012724,normal
CBGE,nonsense,NM_006219.3(PIK3CB):c.253C>T (p.Gln85Ter),chr3,PIK3CB,NM_006219.3,85,CAG,UAG,-10.503538178212668,normal
CBGE,nonsense,NM_006219.3(PIK3CB):c.2590C>T (p.Gln864Ter),chr3,PIK3CB,NM_006219.3,864,CAG,UAG,-12.184541736047148,normal
CBGE,nonsense,NM_006219.3(PIK3CB):c.2651G>A (p.Trp884Ter),chr3,PIK3CB,NM_006219.3,884,UGG,UAG,-14.913295806448668,normal
CBGE,nonsense,NM_006219.3(PIK3CB):c.2652G>A (p.Trp884Ter),chr3,PIK3CB,NM_006219.3,884,UGG,UGA,-14.589694042996715,normal
CBGE,nonsense,NM_006219.3(PIK3CB):c.2794C>T (p.Gln932Ter),chr3,PIK3CB,NM_006219.3,932,CAG,UAG,-13.574966376335835,normal
CBGE,nonsense,NM_006219.3(PIK3CB):c.2950C>T (p.Gln984Ter),chr3,PIK3CB,NM_006219.3,984,CAG,UAG,-12.991182385590932,normal
CBGE,nonsense,NM_006219.3(PIK3CB):c.3127C>T (p.Gln1043Ter),chr3,PIK3CB,NM_006219.3,1043,CAA,UAA,-11.553602183778658,normal
CBGE,nonsense,NM_006219.3(PIK3CB):c.67C>T (p.Gln23Ter),chr3,PIK3CB,NM_006219.3,23,CAG,UAG,-10.653190610333354,normal
CBGE,nonsense,NM_006219.3(PIK3CB):c.745C>T (p.Gln249Ter),chr3,PIK3CB,NM_006219.3,249,CAA,UAA,-10.780882806669757,normal
CBGE,nonsense,NM_006219.3(PIK3CB):c.883C>T (p.Gln295Ter),chr3,PIK3CB,NM_006219.3,295,CAA,UAA,-10.483392709642002,normal
CBGE,nonsense,NM_006225.4(PLCD1):c.1034G>A (p.Trp345Ter),chr3,PLCD1,NM_006225.4,345,UGG,UAG,-14.357946491608622,normal
CBGE,nonsense,NM_006225.4(PLCD1):c.1035G>A (p.Trp345Ter),chr3,PLCD1,NM_006225.4,345,UGG,UGA,-13.952722552404486,normal
CBGE,nonsense,NM_006225.4(PLCD1):c.1048C>T (p.Gln350Ter),chr3,PLCD1,NM_006225.4,350,CAG,UAG,-9.807181888472304,normal
CBGE,nonsense,NM_006225.4(PLCD1):c.108G>A (p.Trp36Ter),chr3,PLCD1,NM_006225.4,36,UGG,UGA,-13.594402247690898,normal
CBGE,nonsense,NM_006225.4(PLCD1):c.1189C>T (p.Gln397Ter),chr3,PLCD1,NM_006225.4,397,CAG,UAG,-12.546437281628656,normal
CBGE,nonsense,NM_006225.4(PLCD1):c.1192C>T (p.Gln398Ter),chr3,PLCD1,NM_006225.4,398,CAG,UAG,-12.86976241094108,normal
CBGE,nonsense,NM_006225.4(PLCD1):c.1246C>T (p.Arg416Ter),chr3,PLCD1,NM_006225.4,416,CGA,UGA,-7.732126580477213,normal
CBGE,nonsense,NM_006225.4(PLCD1):c.1432C>T (p.Gln478Ter),chr3,PLCD1,NM_006225.4,478,CAG,UAG,-11.846429788849449,normal
CBGE,nonsense,NM_006225.4(PLCD1):c.1468C>T (p.Gln490Ter),chr3,PLCD1,NM_006225.4,490,CAG,UAG,-10.766323101612866,normal
CBGE,nonsense,NM_006225.4(PLCD1):c.1543C>T (p.Gln515Ter),chr3,PLCD1,NM_006225.4,515,CAG,UAG,-11.729128824162414,normal
CBGE,nonsense,NM_006225.4(PLCD1):c.157C>T (p.Gln53Ter),chr3,PLCD1,NM_006225.4,53,CAG,UAG,-11.005426351014233,normal
CBGE,nonsense,NM_006225.4(PLCD1):c.1588C>T (p.Arg530Ter),chr3,PLCD1,NM_006225.4,530,CGA,UGA,-12.098560339665418,normal
CBGE,nonsense,NM_006225.4(PLCD1):c.1597C>T (p.Gln533Ter),chr3,PLCD1,NM_006225.4,533,CAA,UAA,-10.36149400231852,normal
CBGE,nonsense,NM_006225.4(PLCD1):c.1664G>A (p.Trp555Ter),chr3,PLCD1,NM_006225.4,555,UGG,UAG,-12.818380379472382,normal
CBGE,nonsense,NM_006225.4(PLCD1):c.1665G>A (p.Trp555Ter),chr3,PLCD1,NM_006225.4,555,UGG,UGA,-12.190567018377468,normal
CBGE,nonsense,NM_006225.4(PLCD1):c.1703G>A (p.Trp568Ter),chr3,PLCD1,NM_006225.4,568,UGG,UAG,-15.916495467220818,normal
CBGE,nonsense,NM_006225.4(PLCD1):c.1704G>A (p.Trp568Ter),chr3,PLCD1,NM_006225.4,568,UGG,UGA,-16.012254726813953,normal
CBGE,nonsense,NM_006225.4(PLCD1):c.1738C>T (p.Gln580Ter),chr3,PLCD1,NM_006225.4,580,CAG,UAG,-14.138295179213618,normal
CBGE,nonsense,NM_006225.4(PLCD1):c.1768C>T (p.Gln590Ter),chr3,PLCD1,NM_006225.4,590,CAG,UAG,-13.05815126845902,normal
CBGE,nonsense,NM_006225.4(PLCD1):c.1780C>T (p.Gln594Ter),chr3,PLCD1,NM_006225.4,594,CAG,UAG,-14.209373456005196,normal
CBGE,nonsense,NM_006225.4(PLCD1):c.1825C>T (p.Arg609Ter),chr3,PLCD1,NM_006225.4,609,CGA,UGA,-10.246449484127872,normal
CBGE,nonsense,NM_006225.4(PLCD1):c.193C>T (p.Gln65Ter),chr3,PLCD1,NM_006225.4,65,CAG,UAG,-12.410863794545543,normal
CBGE,nonsense,NM_006225.4(PLCD1):c.2048G>A (p.Trp683Ter),chr3,PLCD1,NM_006225.4,683,UGG,UAG,-10.080047816440274,normal
CBGE,nonsense,NM_006225.4(PLCD1):c.2049G>A (p.Trp683Ter),chr3,PLCD1,NM_006225.4,683,UGG,UGA,-9.420110977633094,normal
CBGE,nonsense,NM_006225.4(PLCD1):c.2051G>A (p.Trp684Ter),chr3,PLCD1,NM_006225.4,684,UGG,UAG,-15.182407459462812,normal
CBGE,nonsense,NM_006225.4(PLCD1):c.2182C>T (p.Gln728Ter),chr3,PLCD1,NM_006225.4,728,CAA,UAA,-11.83979036487436,normal
CBGE,nonsense,NM_006225.4(PLCD1):c.226C>T (p.Arg76Ter),chr3,PLCD1,NM_006225.4,76,CGA,UGA,-10.840306077072633,normal
CBGE,nonsense,NM_006225.4(PLCD1):c.355C>T (p.Gln119Ter),chr3,PLCD1,NM_006225.4,119,CAG,UAG,-11.804521539206675,normal
CBGE,nonsense,NM_006225.4(PLCD1):c.363G>A (p.Trp121Ter),chr3,PLCD1,NM_006225.4,121,UGG,UGA,-14.563084540097597,normal
CBGE,nonsense,NM_006225.4(PLCD1):c.431G>A (p.Trp144Ter),chr3,PLCD1,NM_006225.4,144,UGG,UAG,-15.082509967263846,normal
CBGE,nonsense,NM_006225.4(PLCD1):c.432G>A (p.Trp144Ter),chr3,PLCD1,NM_006225.4,144,UGG,UGA,-15.211950297018662,normal
CBGE,nonsense,NM_006225.4(PLCD1):c.448C>T (p.Arg150Ter),chr3,PLCD1,NM_006225.4,150,CGA,UGA,-9.640852936509242,normal
CBGE,nonsense,NM_006225.4(PLCD1):c.58C>T (p.Gln20Ter),chr3,PLCD1,NM_006225.4,20,CAG,UAG,-11.470010772962825,normal
CBGE,nonsense,NM_006225.4(PLCD1):c.799C>T (p.Gln267Ter),chr3,PLCD1,NM_006225.4,267,CAG,UAG,-12.65655892090336,normal
CBGE,nonsense,NM_006225.4(PLCD1):c.79C>T (p.Gln27Ter),chr3,PLCD1,NM_006225.4,27,CAG,UAG,-11.7387170670215,normal
CBGE,nonsense,NM_006225.4(PLCD1):c.805C>T (p.Gln269Ter),chr3,PLCD1,NM_006225.4,269,CAG,UAG,-11.263114985104638,normal
CBGE,nonsense,NM_006225.4(PLCD1):c.886C>T (p.Gln296Ter),chr3,PLCD1,NM_006225.4,296,CAG,UAG,-11.391676919714644,normal
CBGE,nonsense,NM_006225.4(PLCD1):c.898C>T (p.Gln300Ter),chr3,PLCD1,NM_006225.4,300,CAG,UAG,-12.520501177427944,normal
CBGE,nonsense,NM_006225.4(PLCD1):c.955C>T (p.Gln319Ter),chr3,PLCD1,NM_006225.4,319,CAG,UAG,-13.700363102082118,normal
CBGE,nonsense,NM_006251.6(PRKAA1):c.1198C>T (p.Gln400Ter),chr5,PRKAA1,NM_006251.6,400,CAA,UAA,-10.344975510271704,normal
CBGE,nonsense,NM_006251.6(PRKAA1):c.1288C>T (p.Gln430Ter),chr5,PRKAA1,NM_006251.6,430,CAA,UAA,-11.282880746363166,normal
CBGE,nonsense,NM_006251.6(PRKAA1):c.178C>T (p.Arg60Ter),chr5,PRKAA1,NM_006251.6,60,CGA,UGA,-11.59240251577261,normal
CBGE,nonsense,NM_006251.6(PRKAA1):c.181C>T (p.Gln61Ter),chr5,PRKAA1,NM_006251.6,61,CAG,UAG,-10.816863936231892,normal
CBGE,nonsense,NM_006251.6(PRKAA1):c.229C>T (p.Gln77Ter),chr5,PRKAA1,NM_006251.6,77,CAG,UAG,-9.654298824691622,normal
CBGE,nonsense,NM_006251.6(PRKAA1):c.394C>T (p.Gln132Ter),chr5,PRKAA1,NM_006251.6,132,CAA,UAA,-11.059397713883152,normal
CBGE,nonsense,NM_006251.6(PRKAA1):c.397C>T (p.Gln133Ter),chr5,PRKAA1,NM_006251.6,133,CAG,UAG,-12.568651186335709,normal
CBGE,nonsense,NM_006251.6(PRKAA1):c.46C>T (p.Gln16Ter),chr5,PRKAA1,NM_006251.6,16,CAG,UAG,-11.920898365638962,normal
CBGE,nonsense,NM_006252.4(PRKAA2):c.106C>T (p.Gln36Ter),chr1,PRKAA2,NM_006252.4,36,CAA,UAA,-9.599744845728978,normal
CBGE,nonsense,NM_006252.4(PRKAA2):c.1366C>T (p.Gln456Ter),chr1,PRKAA2,NM_006252.4,456,CAA,UAA,-10.259899167758766,normal
CBGE,nonsense,NM_006252.4(PRKAA2):c.13C>T (p.Gln5Ter),chr1,PRKAA2,NM_006252.4,5,CAG,UAG,-11.887744976554542,normal
CBGE,nonsense,NM_006252.4(PRKAA2):c.1435C>T (p.Gln479Ter),chr1,PRKAA2,NM_006252.4,479,CAG,UAG,-10.774597151405551,normal
CBGE,nonsense,NM_006252.4(PRKAA2):c.361C>T (p.Gln121Ter),chr1,PRKAA2,NM_006252.4,121,CAG,UAG,-11.244729980636544,normal
CBGE,nonsense,NM_006252.4(PRKAA2):c.364C>T (p.Gln122Ter),chr1,PRKAA2,NM_006252.4,122,CAG,UAG,-12.604508361576858,normal
CBGE,nonsense,NM_006252.4(PRKAA2):c.593G>A (p.Trp198Ter),chr1,PRKAA2,NM_006252.4,198,UGG,UAG,-14.44786731188452,normal
CBGE,nonsense,NM_006252.4(PRKAA2):c.594G>A (p.Trp198Ter),chr1,PRKAA2,NM_006252.4,198,UGG,UGA,-13.688064510097956,normal
CBGE,nonsense,NM_006252.4(PRKAA2):c.800G>A (p.Trp267Ter),chr1,PRKAA2,NM_006252.4,267,UGG,UAG,-14.966341926004736,normal
CBGE,nonsense,NM_006252.4(PRKAA2):c.801G>A (p.Trp267Ter),chr1,PRKAA2,NM_006252.4,267,UGG,UGA,-14.91521446183016,normal
CBGE,nonsense,NM_006252.4(PRKAA2):c.949C>T (p.Gln317Ter),chr1,PRKAA2,NM_006252.4,317,CAA,UAA,-9.995421378258223,normal
CBGE,nonsense,NM_006252.4(PRKAA2):c.955C>T (p.Gln319Ter),chr1,PRKAA2,NM_006252.4,319,CAG,UAG,-9.678689948683742,normal
CBGE,nonsense,NM_006253.5(PRKAB1):c.190C>T (p.Gln64Ter),chr12,PRKAB1,NM_006253.5,64,CAG,UAG,-10.55143172583713,normal
CBGE,nonsense,NM_006253.5(PRKAB1):c.226C>T (p.Gln76Ter),chr12,PRKAB1,NM_006253.5,76,CAG,UAG,-11.338815590528087,normal
CBGE,nonsense,NM_006253.5(PRKAB1):c.247C>T (p.Arg83Ter),chr12,PRKAB1,NM_006253.5,83,CGA,UGA,-12.817360803875252,normal
CBGE,nonsense,NM_006253.5(PRKAB1):c.251G>A (p.Trp84Ter),chr12,PRKAB1,NM_006253.5,84,UGG,UAG,-15.050305360720827,normal
CBGE,nonsense,NM_006253.5(PRKAB1):c.252G>A (p.Trp84Ter),chr12,PRKAB1,NM_006253.5,84,UGG,UGA,-14.775602356277236,normal
CBGE,nonsense,NM_006253.5(PRKAB1):c.299G>A (p.Trp100Ter),chr12,PRKAB1,NM_006253.5,100,UGG,UAG,-14.973043391112714,normal
CBGE,nonsense,NM_006253.5(PRKAB1):c.300G>A (p.Trp100Ter),chr12,PRKAB1,NM_006253.5,100,UGG,UGA,-14.440013875748775,normal
CBGE,nonsense,NM_006253.5(PRKAB1):c.370C>T (p.Gln124Ter),chr12,PRKAB1,NM_006253.5,124,CAG,UAG,-11.779932925746545,normal
CBGE,nonsense,NM_006253.5(PRKAB1):c.511C>T (p.Gln171Ter),chr12,PRKAB1,NM_006253.5,171,CAA,UAA,-9.07982542465189,normal
CBGE,nonsense,NM_006253.5(PRKAB1):c.634C>T (p.Gln212Ter),chr12,PRKAB1,NM_006253.5,212,CAG,UAG,-12.0608586824634,normal
CBGE,nonsense,NM_006254.4(PRKCD):c.1013G>A (p.Trp338Ter),chr3,PRKCD,NM_006254.4,338,UGG,UAG,-11.226327822999885,normal
CBGE,nonsense,NM_006254.4(PRKCD):c.1014G>A (p.Trp338Ter),chr3,PRKCD,NM_006254.4,338,UGG,UGA,-10.874387804051423,normal
CBGE,nonsense,NM_006254.4(PRKCD):c.1384C>T (p.Gln462Ter),chr3,PRKCD,NM_006254.4,462,CAG,UAG,-12.110406862603936,normal
CBGE,nonsense,NM_006254.4(PRKCD):c.164G>A (p.Trp55Ter),chr3,PRKCD,NM_006254.4,55,UGG,UAG,-15.699840615425854,normal
CBGE,nonsense,NM_006254.4(PRKCD):c.165G>A (p.Trp55Ter),chr3,PRKCD,NM_006254.4,55,UGG,UGA,-15.655670150402516,normal
CBGE,nonsense,NM_006254.4(PRKCD):c.1709G>A (p.Trp570Ter),chr3,PRKCD,NM_006254.4,570,UGG,UAG,-13.899909013701937,normal
CBGE,nonsense,NM_006254.4(PRKCD):c.1710G>A (p.Trp570Ter),chr3,PRKCD,NM_006254.4,570,UGG,UGA,-13.566103057923211,normal
CBGE,nonsense,NM_006254.4(PRKCD):c.1823G>A (p.Trp608Ter),chr3,PRKCD,NM_006254.4,608,UGG,UAG,-13.97769923098528,normal
CBGE,nonsense,NM_006254.4(PRKCD):c.1903C>T (p.Gln635Ter),chr3,PRKCD,NM_006254.4,635,CAG,UAG,-11.043043152896704,normal
CBGE,nonsense,NM_006254.4(PRKCD):c.1969C>T (p.Gln657Ter),chr3,PRKCD,NM_006254.4,657,CAG,UAG,-12.304307010981065,normal
CBGE,nonsense,NM_006254.4(PRKCD):c.355C>T (p.Gln119Ter),chr3,PRKCD,NM_006254.4,119,CAG,UAG,-10.452732063408863,normal
CBGE,nonsense,NM_006254.4(PRKCD):c.540G>A (p.Trp180Ter),chr3,PRKCD,NM_006254.4,180,UGG,UGA,-14.664761523862811,normal
CBGE,nonsense,NM_006254.4(PRKCD):c.553C>T (p.Gln185Ter),chr3,PRKCD,NM_006254.4,185,CAA,UAA,-13.61834436397475,normal
CBGE,nonsense,NM_006254.4(PRKCD):c.769C>T (p.Gln257Ter),chr3,PRKCD,NM_006254.4,257,CAG,UAG,-14.227564791896022,normal
CBGE,nonsense,NM_006254.4(PRKCD):c.850C>T (p.Gln284Ter),chr3,PRKCD,NM_006254.4,284,CAG,UAG,-10.257473045995525,normal
CBGE,nonsense,NM_006254.4(PRKCD):c.982C>T (p.Gln328Ter),chr3,PRKCD,NM_006254.4,328,CAA,UAA,-9.52478976424356,normal
CBGE,nonsense,NM_006257.5(PRKCQ):c.1024C>T (p.Gln342Ter),chr10,PRKCQ,NM_006257.5,342,CAG,UAG,-10.32894613397194,normal
CBGE,nonsense,NM_006257.5(PRKCQ):c.1114C>T (p.Gln372Ter),chr10,PRKCQ,NM_006257.5,372,CAG,UAG,-12.258832973956793,normal
CBGE,nonsense,NM_006257.5(PRKCQ):c.1210C>T (p.Gln404Ter),chr10,PRKCQ,NM_006257.5,404,CAA,UAA,-10.10809713351632,normal
CBGE,nonsense,NM_006257.5(PRKCQ):c.167G>A (p.Trp56Ter),chr10,PRKCQ,NM_006257.5,56,UGG,UAG,-14.856648469618856,normal
CBGE,nonsense,NM_006257.5(PRKCQ):c.168G>A (p.Trp56Ter),chr10,PRKCQ,NM_006257.5,56,UGG,UGA,-14.617653792025944,normal
CBGE,nonsense,NM_006257.5(PRKCQ):c.1726C>T (p.Gln576Ter),chr10,PRKCQ,NM_006257.5,576,CAG,UAG,-13.551786427480732,lof
CBGE,nonsense,NM_006257.5(PRKCQ):c.1888C>T (p.Gln630Ter),chr10,PRKCQ,NM_006257.5,630,CAG,UAG,-12.807067935931068,normal
CBGE,nonsense,NM_006257.5(PRKCQ):c.2062C>T (p.Gln688Ter),chr10,PRKCQ,NM_006257.5,688,CAG,UAG,-11.409450586627742,normal
CBGE,nonsense,NM_006257.5(PRKCQ):c.52C>T (p.Gln18Ter),chr10,PRKCQ,NM_006257.5,18,CAG,UAG,-10.896471029217732,normal
CBGE,nonsense,NM_006257.5(PRKCQ):c.571C>T (p.Arg191Ter),chr10,PRKCQ,NM_006257.5,191,CGA,UGA,-9.159405909898863,normal
CBGE,nonsense,NM_006257.5(PRKCQ):c.574C>T (p.Gln192Ter),chr10,PRKCQ,NM_006257.5,192,CAA,UAA,-8.9669074777087,normal
CBGE,nonsense,NM_006257.5(PRKCQ):c.649C>T (p.Arg217Ter),chr10,PRKCQ,NM_006257.5,217,CGA,UGA,-10.54212567829368,normal
CBGE,nonsense,NM_006257.5(PRKCQ):c.759G>A (p.Trp253Ter),chr10,PRKCQ,NM_006257.5,253,UGG,UGA,-15.341740649234206,normal
CBGE,nonsense,NM_006257.5(PRKCQ):c.820C>T (p.Gln274Ter),chr10,PRKCQ,NM_006257.5,274,CAG,UAG,-11.301325797301862,normal
CBGE,nonsense,NM_006257.5(PRKCQ):c.853C>T (p.Gln285Ter),chr10,PRKCQ,NM_006257.5,285,CAG,UAG,-10.381700464932749,normal
CBGE,nonsense,NM_006282.5(STK4):c.1201C>T (p.Gln401Ter),chr20,STK4,NM_006282.5,401,CAA,UAA,-11.074562084074872,normal
CBGE,nonsense,NM_006282.5(STK4):c.37C>T (p.Gln13Ter),chr20,STK4,NM_006282.5,13,CAG,UAG,-12.084450742630972,normal
CBGE,nonsense,NM_006282.5(STK4):c.391C>T (p.Gln131Ter),chr20,STK4,NM_006282.5,131,CAA,UAA,-8.444675432837611,normal
CBGE,nonsense,NM_006282.5(STK4):c.733C>T (p.Arg245Ter),chr20,STK4,NM_006282.5,245,CGA,UGA,-10.411472309825712,lof
CBGE,nonsense,NM_006282.5(STK4):c.749G>A (p.Trp250Ter),chr20,STK4,NM_006282.5,250,UGG,UAG,-12.234452175890814,normal
CBGE,nonsense,NM_006282.5(STK4):c.750G>A (p.Trp250Ter),chr20,STK4,NM_006282.5,250,UGG,UGA,-11.848232247481334,normal
CBGE,nonsense,NM_006282.5(STK4):c.994C>T (p.Arg332Ter),chr20,STK4,NM_006282.5,332,CGA,UGA,-9.743818378918872,normal
CBGE,nonsense,NM_006321.4(ARIH2):c.1054C>T (p.Gln352Ter),chr3,ARIH2,NM_006321.4,352,CAG,UAG,-12.362964567928902,normal
CBGE,nonsense,NM_006321.4(ARIH2):c.1060C>T (p.Gln354Ter),chr3,ARIH2,NM_006321.4,354,CAA,UAA,-11.541767180463877,normal
CBGE,nonsense,NM_006321.4(ARIH2):c.1116G>A (p.Trp372Ter),chr3,ARIH2,NM_006321.4,372,UGG,UGA,-15.24881461269698,normal
CBGE,nonsense,NM_006321.4(ARIH2):c.1150C>T (p.Gln384Ter),chr3,ARIH2,NM_006321.4,384,CAG,UAG,-12.230562256978237,normal
CBGE,nonsense,NM_006321.4(ARIH2):c.1231C>T (p.Gln411Ter),chr3,ARIH2,NM_006321.4,411,CAG,UAG,-14.67707060439081,normal
CBGE,nonsense,NM_006321.4(ARIH2):c.1336C>T (p.Gln446Ter),chr3,ARIH2,NM_006321.4,446,CAG,UAG,-12.20167539325464,normal
CBGE,nonsense,NM_006321.4(ARIH2):c.1339C>T (p.Gln447Ter),chr3,ARIH2,NM_006321.4,447,CAG,UAG,-15.023891547055923,normal
CBGE,nonsense,NM_006321.4(ARIH2):c.1423C>T (p.Gln475Ter),chr3,ARIH2,NM_006321.4,475,CAG,UAG,-12.557445499991475,normal
CBGE,nonsense,NM_006321.4(ARIH2):c.301C>T (p.Gln101Ter),chr3,ARIH2,NM_006321.4,101,CAA,UAA,-10.903238381341533,normal
CBGE,nonsense,NM_006321.4(ARIH2):c.343C>T (p.Gln115Ter),chr3,ARIH2,NM_006321.4,115,CAA,UAA,-12.316713366486043,normal
CBGE,nonsense,NM_006321.4(ARIH2):c.430C>T (p.Gln144Ter),chr3,ARIH2,NM_006321.4,144,CAG,UAG,-12.582809466088404,normal
CBGE,nonsense,NM_006321.4(ARIH2):c.475C>T (p.Gln159Ter),chr3,ARIH2,NM_006321.4,159,CAG,UAG,-10.851929779099716,normal
CBGE,nonsense,NM_006321.4(ARIH2):c.494G>A (p.Trp165Ter),chr3,ARIH2,NM_006321.4,165,UGG,UAG,-16.340810762468887,normal
CBGE,nonsense,NM_006321.4(ARIH2):c.495G>A (p.Trp165Ter),chr3,ARIH2,NM_006321.4,165,UGG,UGA,-16.04452705225549,normal
CBGE,nonsense,NM_006321.4(ARIH2):c.670C>T (p.Gln224Ter),chr3,ARIH2,NM_006321.4,224,CAG,UAG,-11.48951719460372,normal
CBGE,nonsense,NM_006321.4(ARIH2):c.676C>T (p.Gln226Ter),chr3,ARIH2,NM_006321.4,226,CAG,UAG,-8.561234572757034,normal
CBGE,nonsense,NM_006321.4(ARIH2):c.742C>T (p.Gln248Ter),chr3,ARIH2,NM_006321.4,248,CAG,UAG,-12.066760988052456,normal
CBGE,nonsense,NM_006321.4(ARIH2):c.940C>T (p.Gln314Ter),chr3,ARIH2,NM_006321.4,314,CAA,UAA,-8.707465497518688,normal
CBGE,nonsense,NM_006399.5(BATF):c.370C>T (p.Gln124Ter),chr14,BATF,NM_006399.5,124,CAG,UAG,-12.524265327089305,normal
CBGE,nonsense,NM_006506.5(RASA2):c.1018C>T (p.Gln340Ter),chr3,RASA2,NM_006506.5,340,CAA,UAA,-9.49411019712212,normal
CBGE,nonsense,NM_006506.5(RASA2):c.1720C>T (p.Gln574Ter),chr3,RASA2,NM_006506.5,574,CAA,UAA,-10.006568006231308,normal
CBGE,nonsense,NM_006506.5(RASA2):c.2317C>T (p.Gln773Ter),chr3,RASA2,NM_006506.5,773,CAG,UAG,-10.88856319820778,normal
CBGE,nonsense,NM_006506.5(RASA2):c.448C>T (p.Gln150Ter),chr3,RASA2,NM_006506.5,150,CAG,UAG,-9.664245586489434,gof
CBGE,nonsense,NM_006506.5(RASA2):c.863G>A (p.Trp288Ter),chr3,RASA2,NM_006506.5,288,UGG,UAG,-15.508413329081062,gof
CBGE,nonsense,NM_006597.6(HSPA8):c.1051C>T (p.Gln351Ter),chr11,HSPA8,NM_006597.6,351,CAA,UAA,-10.341373505952776,normal
CBGE,nonsense,NM_006597.6(HSPA8):c.1126C>T (p.Gln376Ter),chr11,HSPA8,NM_006597.6,376,CAG,UAG,-13.05122185623578,normal
CBGE,nonsense,NM_006597.6(HSPA8):c.1165C>T (p.Gln389Ter),chr11,HSPA8,NM_006597.6,389,CAA,UAA,-9.434577910693816,normal
CBGE,nonsense,NM_006597.6(HSPA8):c.1303C>T (p.Gln435Ter),chr11,HSPA8,NM_006597.6,435,CAG,UAG,-13.516507087855535,normal
CBGE,nonsense,NM_006597.6(HSPA8):c.1594C>T (p.Gln532Ter),chr11,HSPA8,NM_006597.6,532,CAG,UAG,-9.557662027463694,normal
CBGE,nonsense,NM_006597.6(HSPA8):c.1675C>T (p.Gln559Ter),chr11,HSPA8,NM_006597.6,559,CAA,UAA,-9.135431337868368,normal
CBGE,nonsense,NM_006597.6(HSPA8):c.250C>T (p.Gln84Ter),chr11,HSPA8,NM_006597.6,84,CAG,UAG,-14.75007919531712,normal
CBGE,nonsense,NM_006597.6(HSPA8):c.988C>T (p.Gln330Ter),chr11,HSPA8,NM_006597.6,330,CAG,UAG,-11.44301800164558,normal
CBGE,nonsense,NM_006732.3(FOSB):c.124C>T (p.Gln42Ter),chr19,FOSB,NM_006732.3,42,CAG,UAG,-12.072554598053946,normal
CBGE,nonsense,NM_006732.3(FOSB):c.206G>A (p.Trp69Ter),chr19,FOSB,NM_006732.3,69,UGG,UAG,-12.373336719867115,normal
CBGE,nonsense,NM_006732.3(FOSB):c.207G>A (p.Trp69Ter),chr19,FOSB,NM_006732.3,69,UGG,UGA,-12.086899709961774,normal
CBGE,nonsense,NM_006732.3(FOSB):c.436C>T (p.Arg146Ter),chr19,FOSB,NM_006732.3,146,CGA,UGA,-11.8207092576409,normal
CBGE,nonsense,NM_006732.3(FOSB):c.472C>T (p.Arg158Ter),chr19,FOSB,NM_006732.3,158,CGA,UGA,-10.087971703607383,normal
CBGE,nonsense,NM_006732.3(FOSB):c.544C>T (p.Arg182Ter),chr19,FOSB,NM_006732.3,182,CGA,UGA,-11.791952078810418,normal
CBGE,nonsense,NM_006732.3(FOSB):c.550C>T (p.Gln184Ter),chr19,FOSB,NM_006732.3,184,CAG,UAG,-11.927457820567165,normal
CBGE,nonsense,NM_006732.3(FOSB):c.613C>T (p.Gln205Ter),chr19,FOSB,NM_006732.3,205,CAA,UAA,-9.719907706629456,normal
CBGE,nonsense,NM_006732.3(FOSB):c.859C>T (p.Gln287Ter),chr19,FOSB,NM_006732.3,287,CAA,UAA,-10.85707473594785,normal
CBGE,nonsense,NM_006732.3(FOSB):c.952C>T (p.Gln318Ter),chr19,FOSB,NM_006732.3,318,CAA,UAA,-9.624570320956373,normal
CBGE,nonsense,NM_006785.4(MALT1):c.1009C>T (p.Gln337Ter),chr18,MALT1,NM_006785.4,337,CAG,UAG,-10.261898034820652,normal
CBGE,nonsense,NM_006785.4(MALT1):c.1123C>T (p.Gln375Ter),chr18,MALT1,NM_006785.4,375,CAG,UAG,-11.764359380895158,lof
CBGE,nonsense,NM_006785.4(MALT1):c.1348C>T (p.Gln450Ter),chr18,MALT1,NM_006785.4,450,CAA,UAA,-10.8557110131017,normal
CBGE,nonsense,NM_006785.4(MALT1):c.1504C>T (p.Gln502Ter),chr18,MALT1,NM_006785.4,502,CAG,UAG,-10.580898325224869,normal
CBGE,nonsense,NM_006785.4(MALT1):c.1735C>T (p.Gln579Ter),chr18,MALT1,NM_006785.4,579,CAG,UAG,-11.481580646965163,normal
CBGE,nonsense,NM_006785.4(MALT1):c.1795C>T (p.Gln599Ter),chr18,MALT1,NM_006785.4,599,CAG,UAG,-10.29903219853184,normal
CBGE,nonsense,NM_006785.4(MALT1):c.2026C>T (p.Gln676Ter),chr18,MALT1,NM_006785.4,676,CAA,UAA,-10.0811824551893,normal
CBGE,nonsense,NM_006785.4(MALT1):c.2071C>T (p.Gln691Ter),chr18,MALT1,NM_006785.4,691,CAG,UAG,-10.612896911752877,normal
CBGE,nonsense,NM_006785.4(MALT1):c.2155C>T (p.Arg719Ter),chr18,MALT1,NM_006785.4,719,CGA,UGA,-9.200929600108385,normal
CBGE,nonsense,NM_006785.4(MALT1):c.2182C>T (p.Gln728Ter),chr18,MALT1,NM_006785.4,728,CAA,UAA,-10.266010323760566,normal
CBGE,nonsense,NM_006785.4(MALT1):c.2212C>T (p.Gln738Ter),chr18,MALT1,NM_006785.4,738,CAG,UAG,-10.788275765271752,normal
CBGE,nonsense,NM_006785.4(MALT1):c.25C>T (p.Gln9Ter),chr18,MALT1,NM_006785.4,9,CAG,UAG,-10.26957510037944,lof
CBGE,nonsense,NM_006785.4(MALT1):c.358C>T (p.Gln120Ter),chr18,MALT1,NM_006785.4,120,CAG,UAG,-11.373275651016234,lof
CBGE,nonsense,NM_006785.4(MALT1):c.479G>A (p.Trp160Ter),chr18,MALT1,NM_006785.4,160,UGG,UAG,-13.868295627007212,normal
CBGE,nonsense,NM_006785.4(MALT1):c.480G>A (p.Trp160Ter),chr18,MALT1,NM_006785.4,160,UGG,UGA,-13.652034737991828,normal
CBGE,nonsense,NM_006785.4(MALT1):c.608G>A (p.Trp203Ter),chr18,MALT1,NM_006785.4,203,UGG,UAG,-11.988260328264555,lof
CBGE,nonsense,NM_006785.4(MALT1):c.609G>A (p.Trp203Ter),chr18,MALT1,NM_006785.4,203,UGG,UGA,-11.820322040395412,lof
CBGE,nonsense,NM_006785.4(MALT1):c.706C>T (p.Gln236Ter),chr18,MALT1,NM_006785.4,236,CAA,UAA,-10.50501258721948,lof
CBGE,nonsense,NM_006785.4(MALT1):c.739C>T (p.Gln247Ter),chr18,MALT1,NM_006785.4,247,CAG,UAG,-11.883647937899411,lof
CBGE,nonsense,NM_006785.4(MALT1):c.853C>T (p.Gln285Ter),chr18,MALT1,NM_006785.4,285,CAA,UAA,-9.4074659761519,lof
CBGE,nonsense,NM_006785.4(MALT1):c.997C>T (p.Gln333Ter),chr18,MALT1,NM_006785.4,333,CAA,UAA,-10.094713203124918,normal
CBGE,nonsense,NM_006871.4(RIPK3):c.1141C>T (p.Gln381Ter),chr14,RIPK3,NM_006871.4,381,CAA,UAA,-10.493867926409456,normal
CBGE,nonsense,NM_006871.4(RIPK3):c.1148G>A (p.Trp383Ter),chr14,RIPK3,NM_006871.4,383,UGG,UAG,-12.653488107370524,normal
CBGE,nonsense,NM_006871.4(RIPK3):c.1149G>A (p.Trp383Ter),chr14,RIPK3,NM_006871.4,383,UGG,UGA,-12.180300656814731,normal
CBGE,nonsense,NM_006871.4(RIPK3):c.115C>T (p.Gln39Ter),chr14,RIPK3,NM_006871.4,39,CAA,UAA,-11.588892906543435,normal
CBGE,nonsense,NM_006871.4(RIPK3):c.1273C>T (p.Gln425Ter),chr14,RIPK3,NM_006871.4,425,CAG,UAG,-10.727254909426684,normal
CBGE,nonsense,NM_006871.4(RIPK3):c.128G>A (p.Trp43Ter),chr14,RIPK3,NM_006871.4,43,UGG,UAG,-10.481978412409054,normal
CBGE,nonsense,NM_006871.4(RIPK3):c.129G>A (p.Trp43Ter),chr14,RIPK3,NM_006871.4,43,UGG,UGA,-10.299476555427862,normal
CBGE,nonsense,NM_006871.4(RIPK3):c.1430G>A (p.Trp477Ter),chr14,RIPK3,NM_006871.4,477,UGG,UAG,-12.086906436899904,normal
CBGE,nonsense,NM_006871.4(RIPK3):c.1431G>A (p.Trp477Ter),chr14,RIPK3,NM_006871.4,477,UGG,UGA,-11.951141334173045,normal
CBGE,nonsense,NM_006871.4(RIPK3):c.1517G>A (p.Trp506Ter),chr14,RIPK3,NM_006871.4,506,UGG,UAG,-13.23009199552204,normal
CBGE,nonsense,NM_006871.4(RIPK3):c.1518G>A (p.Trp506Ter),chr14,RIPK3,NM_006871.4,506,UGG,UGA,-12.739562919298232,normal
CBGE,nonsense,NM_006871.4(RIPK3):c.1528C>T (p.Gln510Ter),chr14,RIPK3,NM_006871.4,510,CAG,UAG,-11.362265628416672,normal
CBGE,nonsense,NM_006871.4(RIPK3):c.256C>T (p.Gln86Ter),chr14,RIPK3,NM_006871.4,86,CAA,UAA,-10.442237791638584,normal
CBGE,nonsense,NM_006871.4(RIPK3):c.325C>T (p.Gln109Ter),chr14,RIPK3,NM_006871.4,109,CAG,UAG,-13.089245725407476,normal
CBGE,nonsense,NM_006871.4(RIPK3):c.341G>A (p.Trp114Ter),chr14,RIPK3,NM_006871.4,114,UGG,UAG,-15.385683032043705,normal
CBGE,nonsense,NM_006871.4(RIPK3):c.342G>A (p.Trp114Ter),chr14,RIPK3,NM_006871.4,114,UGG,UGA,-14.96066283236229,normal
CBGE,nonsense,NM_006871.4(RIPK3):c.511C>T (p.Gln171Ter),chr14,RIPK3,NM_006871.4,171,CAG,UAG,-10.932621940380663,normal
CBGE,nonsense,NM_006871.4(RIPK3):c.709C>T (p.Gln237Ter),chr14,RIPK3,NM_006871.4,237,CAG,UAG,-11.765830934307848,normal
CBGE,nonsense,NM_006871.4(RIPK3):c.70C>T (p.Gln24Ter),chr14,RIPK3,NM_006871.4,24,CAG,UAG,-11.435771894514554,normal
CBGE,nonsense,NM_006871.4(RIPK3):c.787C>T (p.Gln263Ter),chr14,RIPK3,NM_006871.4,263,CAG,UAG,-12.526220267996774,normal
CBGE,nonsense,NM_006871.4(RIPK3):c.829C>T (p.Gln277Ter),chr14,RIPK3,NM_006871.4,277,CAG,UAG,-12.207720764885131,normal
CBGE,nonsense,NM_006871.4(RIPK3):c.919C>T (p.Gln307Ter),chr14,RIPK3,NM_006871.4,307,CAG,UAG,-12.212460540917444,normal
CBGE,nonsense,NM_006871.4(RIPK3):c.964C>T (p.Gln322Ter),chr14,RIPK3,NM_006871.4,322,CAA,UAA,-10.638824373154808,normal
CBGE,nonsense,NM_006875.4(PIM2):c.213G>A (p.Trp71Ter),chrX,PIM2,NM_006875.4,71,UGG,UGA,-11.497335363833995,normal
CBGE,nonsense,NM_006875.4(PIM2):c.263G>A (p.Trp88Ter),chrX,PIM2,NM_006875.4,88,UGG,UAG,-11.750412190291875,normal
CBGE,nonsense,NM_006875.4(PIM2):c.314G>A (p.Trp105Ter),chrX,PIM2,NM_006875.4,105,UGG,UAG,-12.79713062059584,normal
CBGE,nonsense,NM_006875.4(PIM2):c.315G>A (p.Trp105Ter),chrX,PIM2,NM_006875.4,105,UGG,UGA,-12.381723415895346,normal
CBGE,nonsense,NM_006875.4(PIM2):c.623G>A (p.Trp208Ter),chrX,PIM2,NM_006875.4,208,UGG,UAG,-12.12812705782386,normal
CBGE,nonsense,NM_006875.4(PIM2):c.624G>A (p.Trp208Ter),chrX,PIM2,NM_006875.4,208,UGG,UGA,-11.761114120989031,normal
CBGE,nonsense,NM_006875.4(PIM2):c.665G>A (p.Trp222Ter),chrX,PIM2,NM_006875.4,222,UGG,UAG,-14.2612094090566,normal
CBGE,nonsense,NM_006875.4(PIM2):c.724C>T (p.Gln242Ter),chrX,PIM2,NM_006875.4,242,CAG,UAG,-10.804942991419384,normal
CBGE,nonsense,NM_006875.4(PIM2):c.820C>T (p.Arg274Ter),chrX,PIM2,NM_006875.4,274,CGA,UGA,-12.03552440131882,normal
CBGE,nonsense,NM_006875.4(PIM2):c.854G>A (p.Trp285Ter),chrX,PIM2,NM_006875.4,285,UGG,UAG,-14.506606987811653,normal
CBGE,nonsense,NM_006875.4(PIM2):c.855G>A (p.Trp285Ter),chrX,PIM2,NM_006875.4,285,UGG,UGA,-14.29928393038756,normal
CBGE,nonsense,NM_006875.4(PIM2):c.859C>T (p.Gln287Ter),chrX,PIM2,NM_006875.4,287,CAA,UAA,-11.56973834634992,normal
CBGE,nonsense,NM_006887.5(ZFP36L2):c.1189C>T (p.Gln397Ter),chr2,ZFP36L2,NM_006887.5,397,CAG,UAG,-14.665718031971112,normal
CBGE,nonsense,NM_006887.5(ZFP36L2):c.1192C>T (p.Gln398Ter),chr2,ZFP36L2,NM_006887.5,398,CAG,UAG,-14.458729742589108,normal
CBGE,nonsense,NM_006887.5(ZFP36L2):c.1195C>T (p.Gln399Ter),chr2,ZFP36L2,NM_006887.5,399,CAG,UAG,-14.533493093749836,normal
CBGE,nonsense,NM_006887.5(ZFP36L2):c.1198C>T (p.Gln400Ter),chr2,ZFP36L2,NM_006887.5,400,CAG,UAG,-14.404064170557367,normal
CBGE,nonsense,NM_006887.5(ZFP36L2):c.160C>T (p.Arg54Ter),chr2,ZFP36L2,NM_006887.5,54,CGA,UGA,-9.448943180933307,normal
CBGE,nonsense,NM_006887.5(ZFP36L2):c.412C>T (p.Gln138Ter),chr2,ZFP36L2,NM_006887.5,138,CAG,UAG,-14.270200710942008,normal
CBGE,nonsense,NM_006887.5(ZFP36L2):c.418C>T (p.Gln140Ter),chr2,ZFP36L2,NM_006887.5,140,CAG,UAG,-14.062440849737222,normal
CBGE,nonsense,NM_006887.5(ZFP36L2):c.805C>T (p.Gln269Ter),chr2,ZFP36L2,NM_006887.5,269,CAG,UAG,-10.823084875485154,normal
CBGE,nonsense,NM_006908.5(RAC1):c.421C>T (p.Gln141Ter),chr7,RAC1,NM_006908.5,141,CAG,UAG,-12.6095342803973,normal
CBGE,nonsense,NM_006908.5(RAC1):c.4C>T (p.Gln2Ter),chr7,RAC1,NM_006908.5,2,CAG,UAG,-10.9863680992859,lof
CBGE,nonsense,NM_006939.4(SOS2):c.1144C>T (p.Gln382Ter),chr14,SOS2,NM_006939.4,382,CAA,UAA,-8.71079644709566,normal
CBGE,nonsense,NM_006939.4(SOS2):c.1225C>T (p.Gln409Ter),chr14,SOS2,NM_006939.4,409,CAA,UAA,-10.694610621650444,normal
CBGE,nonsense,NM_006939.4(SOS2):c.1270C>T (p.Gln424Ter),chr14,SOS2,NM_006939.4,424,CAG,UAG,-9.671226572123864,normal
CBGE,nonsense,NM_006939.4(SOS2):c.1771C>T (p.Gln591Ter),chr14,SOS2,NM_006939.4,591,CAA,UAA,-9.938064618646322,normal
CBGE,nonsense,NM_006939.4(SOS2):c.202C>T (p.Gln68Ter),chr14,SOS2,NM_006939.4,68,CAA,UAA,-10.932471280153331,normal
CBGE,nonsense,NM_006939.4(SOS2):c.2041C>T (p.Gln681Ter),chr14,SOS2,NM_006939.4,681,CAA,UAA,-8.65719607204152,normal
CBGE,nonsense,NM_006939.4(SOS2):c.2050C>T (p.Gln684Ter),chr14,SOS2,NM_006939.4,684,CAA,UAA,-10.174739900931222,normal
CBGE,nonsense,NM_006939.4(SOS2):c.2180G>A (p.Trp727Ter),chr14,SOS2,NM_006939.4,727,UGG,UAG,-10.584983810821928,normal
CBGE,nonsense,NM_006939.4(SOS2):c.2218C>T (p.Gln740Ter),chr14,SOS2,NM_006939.4,740,CAA,UAA,-10.97226520657548,normal
CBGE,nonsense,NM_006939.4(SOS2):c.2224C>T (p.Gln742Ter),chr14,SOS2,NM_006939.4,742,CAG,UAG,-9.988041881112458,normal
CBGE,nonsense,NM_006939.4(SOS2):c.2282G>A (p.Trp761Ter),chr14,SOS2,NM_006939.4,761,UGG,UAG,-11.492703416762556,normal
CBGE,nonsense,NM_006939.4(SOS2):c.2283G>A (p.Trp761Ter),chr14,SOS2,NM_006939.4,761,UGG,UGA,-11.359013554149673,normal
CBGE,nonsense,NM_006939.4(SOS2):c.2353C>T (p.Gln785Ter),chr14,SOS2,NM_006939.4,785,CAG,UAG,-13.446350104243017,normal
CBGE,nonsense,NM_006939.4(SOS2):c.2495G>A (p.Trp832Ter),chr14,SOS2,NM_006939.4,832,UGG,UAG,-14.273605334219033,normal
CBGE,nonsense,NM_006939.4(SOS2):c.2496G>A (p.Trp832Ter),chr14,SOS2,NM_006939.4,832,UGG,UGA,-14.236122123039834,normal
CBGE,nonsense,NM_006939.4(SOS2):c.254G>A (p.Trp85Ter),chr14,SOS2,NM_006939.4,85,UGG,UAG,-11.716550879910088,normal
CBGE,nonsense,NM_006939.4(SOS2):c.255G>A (p.Trp85Ter),chr14,SOS2,NM_006939.4,85,UGG,UGA,-11.570611998168197,normal
CBGE,nonsense,NM_006939.4(SOS2):c.2581C>T (p.Gln861Ter),chr14,SOS2,NM_006939.4,861,CAA,UAA,-10.008827185215718,normal
CBGE,nonsense,NM_006939.4(SOS2):c.2923C>T (p.Gln975Ter),chr14,SOS2,NM_006939.4,975,CAG,UAG,-11.02253343058468,normal
CBGE,nonsense,NM_006939.4(SOS2):c.3130C>T (p.Arg1044Ter),chr14,SOS2,NM_006939.4,1044,CGA,UGA,-10.069438967839613,normal
CBGE,nonsense,NM_006939.4(SOS2):c.3703C>T (p.Gln1235Ter),chr14,SOS2,NM_006939.4,1235,CAG,UAG,-10.828595070914574,normal
CBGE,nonsense,NM_006939.4(SOS2):c.532C>T (p.Gln178Ter),chr14,SOS2,NM_006939.4,178,CAG,UAG,-9.103536569715503,normal
CBGE,nonsense,NM_006939.4(SOS2):c.634C>T (p.Gln212Ter),chr14,SOS2,NM_006939.4,212,CAG,UAG,-10.567812026094805,normal
CBGE,nonsense,NM_006939.4(SOS2):c.967C>T (p.Gln323Ter),chr14,SOS2,NM_006939.4,323,CAG,UAG,-11.656669593663189,normal
CBGE,nonsense,NM_006981.4(NR4A3):c.1048C>T (p.Gln350Ter),chr9,NR4A3,NM_006981.4,350,CAG,UAG,-11.947629890781812,normal
CBGE,nonsense,NM_006981.4(NR4A3):c.1353G>A (p.Trp451Ter),chr9,NR4A3,NM_006981.4,451,UGG,UGA,-13.898084625270323,normal
CBGE,nonsense,NM_006981.4(NR4A3):c.1513C>T (p.Gln505Ter),chr9,NR4A3,NM_006981.4,505,CAG,UAG,-13.061536727565246,normal
CBGE,nonsense,NM_006981.4(NR4A3):c.1708C>T (p.Gln570Ter),chr9,NR4A3,NM_006981.4,570,CAG,UAG,-8.457524404306403,normal
CBGE,nonsense,NM_006981.4(NR4A3):c.19C>T (p.Gln7Ter),chr9,NR4A3,NM_006981.4,7,CAA,UAA,-10.475048090789988,normal
CBGE,nonsense,NM_006981.4(NR4A3):c.58C>T (p.Gln20Ter),chr9,NR4A3,NM_006981.4,20,CAG,UAG,-11.322389641774173,normal
CBGE,nonsense,NM_007108.4(ELOB):c.145C>T (p.Gln49Ter),chr16,ELOB,NM_007108.4,49,CAA,UAA,-12.149686808184295,gof
CBGE,nonsense,NM_007108.4(ELOB):c.316C>T (p.Gln106Ter),chr16,ELOB,NM_007108.4,106,CAG,UAG,-10.782848350454609,normal
CBGE,nonsense,NM_007108.4(ELOB):c.343C>T (p.Gln115Ter),chr16,ELOB,NM_007108.4,115,CAA,UAA,-7.2247891874366035,normal
CBGE,nonsense,NM_007217.4(PDCD10):c.301C>T (p.Gln101Ter),chr3,PDCD10,NM_007217.4,101,CAA,UAA,-11.140628776990226,normal
CBGE,nonsense,NM_007217.4(PDCD10):c.616C>T (p.Gln206Ter),chr3,PDCD10,NM_007217.4,206,CAG,UAG,-11.614630694051748,normal
CBGE,nonsense,NM_007271.4(STK38):c.1091G>A (p.Trp364Ter),chr6,STK38,NM_007271.4,364,UGG,UAG,-5.154435615924171,normal
CBGE,nonsense,NM_007271.4(STK38):c.1092G>A (p.Trp364Ter),chr6,STK38,NM_007271.4,364,UGG,UGA,-4.75698711111666,normal
CBGE,nonsense,NM_007271.4(STK38):c.121C>T (p.Arg41Ter),chr6,STK38,NM_007271.4,41,CGA,UGA,-12.70333575349868,normal
CBGE,nonsense,NM_007271.4(STK38):c.133C>T (p.Gln45Ter),chr6,STK38,NM_007271.4,45,CAA,UAA,-9.386459380534305,normal
CBGE,nonsense,NM_007271.4(STK38):c.778C>T (p.Gln260Ter),chr6,STK38,NM_007271.4,260,CAG,UAG,-8.500390981023235,normal
CBGE,nonsense,NM_007271.4(STK38):c.812G>A (p.Trp271Ter),chr6,STK38,NM_007271.4,271,UGG,UAG,-14.703160324660262,normal
CBGE,nonsense,NM_007271.4(STK38):c.813G>A (p.Trp271Ter),chr6,STK38,NM_007271.4,271,UGG,UGA,-14.200963940319122,normal
CBGE,nonsense,NM_007271.4(STK38):c.829C>T (p.Gln277Ter),chr6,STK38,NM_007271.4,277,CAG,UAG,-11.01260854661065,normal
CBGE,nonsense,NM_007271.4(STK38):c.982C>T (p.Gln328Ter),chr6,STK38,NM_007271.4,328,CAA,UAA,-9.439927177759966,normal
CBGE,nonsense,NM_007294.4(BRCA1):c.1058G>A (p.Trp353Ter),chr17,BRCA1,NM_007294.4,353,UGG,UAG,-11.439821274656722,normal
CBGE,nonsense,NM_007294.4(BRCA1):c.112A>T (p.Lys38Ter),chr17,BRCA1,NM_007294.4,38,AAG,UAG,-11.336998009833176,lof
CBGE,nonsense,NM_007294.4(BRCA1):c.1138C>T (p.Gln380Ter),chr17,BRCA1,NM_007294.4,380,CAG,UAG,-10.747488007800374,lof
CBGE,nonsense,NM_007294.4(BRCA1):c.117T>A (p.Cys39Ter),chr17,BRCA1,NM_007294.4,39,UGU,UGA,-13.319623926964653,lof
CBGE,nonsense,NM_007294.4(BRCA1):c.132C>A (p.Cys44Ter),chr17,BRCA1,NM_007294.4,44,UGC,UGA,-11.952343963626374,lof
CBGE,nonsense,NM_007294.4(BRCA1):c.133A>T (p.Lys45Ter),chr17,BRCA1,NM_007294.4,45,AAA,UAA,-13.909461020227068,lof
CBGE,nonsense,NM_007294.4(BRCA1):c.141C>A (p.Cys47Ter),chr17,BRCA1,NM_007294.4,47,UGC,UGA,-13.078862143987934,lof
CBGE,nonsense,NM_007294.4(BRCA1):c.148A>T (p.Lys50Ter),chr17,BRCA1,NM_007294.4,50,AAA,UAA,-14.341982897769858,lof
CBGE,nonsense,NM_007294.4(BRCA1):c.1600C>T (p.Gln534Ter),chr17,BRCA1,NM_007294.4,534,CAG,UAG,-9.32758904744125,normal
CBGE,nonsense,NM_007294.4(BRCA1):c.160C>T (p.Gln54Ter),chr17,BRCA1,NM_007294.4,54,CAG,UAG,-10.713878666177528,lof
CBGE,nonsense,NM_007294.4(BRCA1):c.163A>T (p.Lys55Ter),chr17,BRCA1,NM_007294.4,55,AAG,UAG,-12.955720906641693,lof
CBGE,nonsense,NM_007294.4(BRCA1):c.166A>T (p.Lys56Ter),chr17,BRCA1,NM_007294.4,56,AAA,UAA,-13.275996281948675,lof
CBGE,nonsense,NM_007294.4(BRCA1):c.176C>A (p.Ser59Ter),chr17,BRCA1,NM_007294.4,59,UCA,UAA,-9.913791637979193,lof
CBGE,nonsense,NM_007294.4(BRCA1):c.176C>G (p.Ser59Ter),chr17,BRCA1,NM_007294.4,59,UCA,UGA,-9.501090070028477,lof
CBGE,nonsense,NM_007294.4(BRCA1):c.178C>T (p.Gln60Ter),chr17,BRCA1,NM_007294.4,60,CAG,UAG,-10.480613755386257,lof
CBGE,nonsense,NM_007294.4(BRCA1):c.183T>A (p.Cys61Ter),chr17,BRCA1,NM_007294.4,61,UGU,UGA,-12.452007315505488,lof
CBGE,nonsense,NM_007294.4(BRCA1):c.188T>A (p.Leu63Ter),chr17,BRCA1,NM_007294.4,63,UUA,UAA,-10.180996874950075,lof
CBGE,nonsense,NM_007294.4(BRCA1):c.188T>G (p.Leu63Ter),chr17,BRCA1,NM_007294.4,63,UUA,UGA,-10.157474516807204,lof
CBGE,nonsense,NM_007294.4(BRCA1):c.192T>A (p.Cys64Ter),chr17,BRCA1,NM_007294.4,64,UGU,UGA,-12.396461542929789,lof
CBGE,nonsense,NM_007294.4(BRCA1):c.193A>T (p.Lys65Ter),chr17,BRCA1,NM_007294.4,65,AAG,UAG,-11.947163548493116,lof
CBGE,nonsense,NM_007294.4(BRCA1):c.208A>T (p.Lys70Ter),chr17,BRCA1,NM_007294.4,70,AAA,UAA,-12.822650880822309,lof
CBGE,nonsense,NM_007294.4(BRCA1):c.220C>T (p.Gln74Ter),chr17,BRCA1,NM_007294.4,74,CAA,UAA,-9.278544487311024,lof
CBGE,nonsense,NM_007294.4(BRCA1):c.223G>T (p.Glu75Ter),chr17,BRCA1,NM_007294.4,75,GAA,UAA,-10.424923012561484,lof
CBGE,nonsense,NM_007294.4(BRCA1):c.232A>T (p.Arg78Ter),chr17,BRCA1,NM_007294.4,78,AGA,UGA,-9.407308567919408,lof
CBGE,nonsense,NM_007294.4(BRCA1):c.241C>T (p.Gln81Ter),chr17,BRCA1,NM_007294.4,81,CAA,UAA,-10.147422765427896,normal
CBGE,nonsense,NM_007294.4(BRCA1):c.250G>T (p.Glu84Ter),chr17,BRCA1,NM_007294.4,84,GAA,UAA,-10.956273963963987,lof
CBGE,nonsense,NM_007294.4(BRCA1):c.253G>T (p.Glu85Ter),chr17,BRCA1,NM_007294.4,85,GAG,UAG,-10.797697154077415,lof
CBGE,nonsense,NM_007294.4(BRCA1):c.2572C>T (p.Gln858Ter),chr17,BRCA1,NM_007294.4,858,CAG,UAG,-10.787212416885987,normal
CBGE,nonsense,NM_007294.4(BRCA1):c.25G>T (p.Glu9Ter),chr17,BRCA1,NM_007294.4,9,GAA,UAA,-11.865447085967435,lof
CBGE,nonsense,NM_007294.4(BRCA1):c.260T>A (p.Leu87Ter),chr17,BRCA1,NM_007294.4,87,UUG,UAG,-8.233905794158803,lof
CBGE,nonsense,NM_007294.4(BRCA1):c.262A>T (p.Lys88Ter),chr17,BRCA1,NM_007294.4,88,AAA,UAA,-13.424545313331404,lof
CBGE,nonsense,NM_007294.4(BRCA1):c.273T>A (p.Cys91Ter),chr17,BRCA1,NM_007294.4,91,UGU,UGA,-10.199343726414792,lof
CBGE,nonsense,NM_007294.4(BRCA1):c.28G>T (p.Glu10Ter),chr17,BRCA1,NM_007294.4,10,GAA,UAA,-12.415539731942436,lof
CBGE,nonsense,NM_007294.4(BRCA1):c.298G>T (p.Glu100Ter),chr17,BRCA1,NM_007294.4,100,GAG,UAG,-11.632444314838253,lof
CBGE,nonsense,NM_007294.4(BRCA1):c.34C>T (p.Gln12Ter),chr17,BRCA1,NM_007294.4,12,CAA,UAA,-11.59942247627624,lof
CBGE,nonsense,NM_007294.4(BRCA1):c.3598C>T (p.Gln1200Ter),chr17,BRCA1,NM_007294.4,1200,CAG,UAG,-9.703421628098925,lof
CBGE,nonsense,NM_007294.4(BRCA1):c.3679C>T (p.Gln1227Ter),chr17,BRCA1,NM_007294.4,1227,CAA,UAA,-10.257661825066034,normal
CBGE,nonsense,NM_007294.4(BRCA1):c.3895C>T (p.Gln1299Ter),chr17,BRCA1,NM_007294.4,1299,CAG,UAG,-10.255552286022665,normal
CBGE,nonsense,NM_007294.4(BRCA1):c.3937C>T (p.Gln1313Ter),chr17,BRCA1,NM_007294.4,1313,CAG,UAG,-10.208694372114786,normal
CBGE,nonsense,NM_007294.4(BRCA1):c.4609C>T (p.Gln1537Ter),chr17,BRCA1,NM_007294.4,1537,CAA,UAA,-10.222172820676958,normal
CBGE,nonsense,NM_007294.4(BRCA1):c.4903G>T (p.Glu1635Ter),chr17,BRCA1,NM_007294.4,1635,GAG,UAG,-11.269945203362434,lof
CBGE,nonsense,NM_007294.4(BRCA1):c.4906A>T (p.Lys1636Ter),chr17,BRCA1,NM_007294.4,1636,AAG,UAG,-12.246768959690398,lof
CBGE,nonsense,NM_007294.4(BRCA1):c.4912G>T (p.Glu1638Ter),chr17,BRCA1,NM_007294.4,1638,GAA,UAA,-11.027185360676832,lof
CBGE,nonsense,NM_007294.4(BRCA1):c.4916T>A (p.Leu1639Ter),chr17,BRCA1,NM_007294.4,1639,UUG,UAG,-7.484936663393116,lof
CBGE,nonsense,NM_007294.4(BRCA1):c.4925C>A (p.Ser1642Ter),chr17,BRCA1,NM_007294.4,1642,UCA,UAA,-10.896634137749682,lof
CBGE,nonsense,NM_007294.4(BRCA1):c.4925C>G (p.Ser1642Ter),chr17,BRCA1,NM_007294.4,1642,UCA,UGA,-10.753711679259084,lof
CBGE,nonsense,NM_007294.4(BRCA1):c.4930G>T (p.Glu1644Ter),chr17,BRCA1,NM_007294.4,1644,GAA,UAA,-11.85296254488251,lof
CBGE,nonsense,NM_007294.4(BRCA1):c.4942A>T (p.Lys1648Ter),chr17,BRCA1,NM_007294.4,1648,AAA,UAA,-13.0869121135623,lof
CBGE,nonsense,NM_007294.4(BRCA1):c.4945A>T (p.Arg1649Ter),chr17,BRCA1,NM_007294.4,1649,AGA,UGA,-10.645084434410986,lof
CBGE,nonsense,NM_007294.4(BRCA1):c.4978G>T (p.Glu1660Ter),chr17,BRCA1,NM_007294.4,1660,GAA,UAA,-12.132265090662356,lof
CBGE,nonsense,NM_007294.4(BRCA1):c.4981G>T (p.Glu1661Ter),chr17,BRCA1,NM_007294.4,1661,GAA,UAA,-13.109602910770208,lof
CBGE,nonsense,NM_007294.4(BRCA1):c.4998C>A (p.Tyr1666Ter),chr17,BRCA1,NM_007294.4,1666,UAC,UAA,-10.578414874507388,lof
CBGE,nonsense,NM_007294.4(BRCA1):c.4998C>G (p.Tyr1666Ter),chr17,BRCA1,NM_007294.4,1666,UAC,UAG,-10.701498899676857,lof
CBGE,nonsense,NM_007294.4(BRCA1):c.4999A>T (p.Lys1667Ter),chr17,BRCA1,NM_007294.4,1667,AAG,UAG,-13.208639202850884,lof
CBGE,nonsense,NM_007294.4(BRCA1):c.5008A>T (p.Arg1670Ter),chr17,BRCA1,NM_007294.4,1670,AGA,UGA,-11.086597487611996,lof
CBGE,nonsense,NM_007294.4(BRCA1):c.5011A>T (p.Lys1671Ter),chr17,BRCA1,NM_007294.4,1671,AAA,UAA,-13.673185301748068,lof
CBGE,nonsense,NM_007294.4(BRCA1):c.5027T>A (p.Leu1676Ter),chr17,BRCA1,NM_007294.4,1676,UUA,UAA,-11.37790298193686,lof
CBGE,nonsense,NM_007294.4(BRCA1):c.5027T>G (p.Leu1676Ter),chr17,BRCA1,NM_007294.4,1676,UUA,UGA,-11.656780298396589,lof
CBGE,nonsense,NM_007294.4(BRCA1):c.5044G>T (p.Glu1682Ter),chr17,BRCA1,NM_007294.4,1682,GAA,UAA,-11.025842717875143,lof
CBGE,nonsense,NM_007294.4(BRCA1):c.5047G>T (p.Glu1683Ter),chr17,BRCA1,NM_007294.4,1683,GAG,UAG,-11.305231093353797,lof
CBGE,nonsense,NM_007294.4(BRCA1):c.5068A>T (p.Lys1690Ter),chr17,BRCA1,NM_007294.4,1690,AAA,UAA,-12.619513504419947,lof
CBGE,nonsense,NM_007294.4(BRCA1):c.5080G>T (p.Glu1694Ter),chr17,BRCA1,NM_007294.4,1694,GAG,UAG,-11.26170549939529,lof
CBGE,nonsense,NM_007294.4(BRCA1):c.5091T>A (p.Cys1697Ter),chr17,BRCA1,NM_007294.4,1697,UGU,UGA,-10.724737175349231,lof
CBGE,nonsense,NM_007294.4(BRCA1):c.5092G>T (p.Glu1698Ter),chr17,BRCA1,NM_007294.4,1698,GAA,UAA,-11.525489802129654,lof
CBGE,nonsense,NM_007294.4(BRCA1):c.5104A>T (p.Lys1702Ter),chr17,BRCA1,NM_007294.4,1702,AAA,UAA,-13.196426350971269,lof
CBGE,nonsense,NM_007294.4(BRCA1):c.5109T>A (p.Tyr1703Ter),chr17,BRCA1,NM_007294.4,1703,UAU,UAA,-10.305568750088725,lof
CBGE,nonsense,NM_007294.4(BRCA1):c.5109T>G (p.Tyr1703Ter),chr17,BRCA1,NM_007294.4,1703,UAU,UAG,-10.721620540373427,lof
CBGE,nonsense,NM_007294.4(BRCA1):c.5116G>T (p.Gly1706Ter),chr17,BRCA1,NM_007294.4,1706,GGA,UGA,-11.137039183534217,lof
CBGE,nonsense,NM_007294.4(BRCA1):c.5125G>T (p.Gly1709Ter),chr17,BRCA1,NM_007294.4,1709,GGA,UGA,-9.81935891567824,lof
CBGE,nonsense,NM_007294.4(BRCA1):c.5128G>T (p.Gly1710Ter),chr17,BRCA1,NM_007294.4,1710,GGA,UGA,-10.688371670911591,lof
CBGE,nonsense,NM_007294.4(BRCA1):c.5131A>T (p.Lys1711Ter),chr17,BRCA1,NM_007294.4,1711,AAA,UAA,-13.211950287483331,lof
CBGE,nonsense,NM_007294.4(BRCA1):c.5135G>A (p.Trp1712Ter),chr17,BRCA1,NM_007294.4,1712,UGG,UAG,-11.699826295052093,lof
CBGE,nonsense,NM_007294.4(BRCA1):c.5136G>A (p.Trp1712Ter),chr17,BRCA1,NM_007294.4,1712,UGG,UGA,-11.554304064499789,lof
CBGE,nonsense,NM_007294.4(BRCA1):c.5148T>A (p.Tyr1716Ter),chr17,BRCA1,NM_007294.4,1716,UAU,UAA,-10.745832430927535,lof
CBGE,nonsense,NM_007294.4(BRCA1):c.5148T>G (p.Tyr1716Ter),chr17,BRCA1,NM_007294.4,1716,UAU,UAG,-10.98863410403194,lof
CBGE,nonsense,NM_007294.4(BRCA1):c.5153G>A (p.Trp1718Ter),chr17,BRCA1,NM_007294.4,1718,UGG,UAG,-13.366552313123696,lof
CBGE,nonsense,NM_007294.4(BRCA1):c.5154G>A (p.Trp1718Ter),chr17,BRCA1,NM_007294.4,1718,UGG,UGA,-13.192487738471677,lof
CBGE,nonsense,NM_007294.4(BRCA1):c.5161C>T (p.Gln1721Ter),chr17,BRCA1,NM_007294.4,1721,CAG,UAG,-11.232049968764498,lof
CBGE,nonsense,NM_007294.4(BRCA1):c.5170A>T (p.Lys1724Ter),chr17,BRCA1,NM_007294.4,1724,AAA,UAA,-12.083801286495524,lof
CBGE,nonsense,NM_007294.4(BRCA1):c.5173G>T (p.Glu1725Ter),chr17,BRCA1,NM_007294.4,1725,GAA,UAA,-12.110162696248198,lof
CBGE,nonsense,NM_007294.4(BRCA1):c.5176A>T (p.Arg1726Ter),chr17,BRCA1,NM_007294.4,1726,AGA,UGA,-9.64246655860949,lof
CBGE,nonsense,NM_007294.4(BRCA1):c.5179A>T (p.Lys1727Ter),chr17,BRCA1,NM_007294.4,1727,AAA,UAA,-13.21673008758936,lof
CBGE,nonsense,NM_007294.4(BRCA1):c.5191G>T (p.Glu1731Ter),chr17,BRCA1,NM_007294.4,1731,GAG,UAG,-11.421511651883414,lof
CBGE,nonsense,NM_007294.4(BRCA1):c.5203G>T (p.Glu1735Ter),chr17,BRCA1,NM_007294.4,1735,GAA,UAA,-11.236518844018706,lof
CBGE,nonsense,NM_007294.4(BRCA1):c.5209A>T (p.Arg1737Ter),chr17,BRCA1,NM_007294.4,1737,AGA,UGA,-9.85293582553399,lof
CBGE,nonsense,NM_007294.4(BRCA1):c.5212G>T (p.Gly1738Ter),chr17,BRCA1,NM_007294.4,1738,GGA,UGA,-10.480304678399584,lof
CBGE,nonsense,NM_007294.4(BRCA1):c.5227G>T (p.Gly1743Ter),chr17,BRCA1,NM_007294.4,1743,GGA,UGA,-11.275088364648257,lof
CBGE,nonsense,NM_007294.4(BRCA1):c.5230A>T (p.Arg1744Ter),chr17,BRCA1,NM_007294.4,1744,AGA,UGA,-10.2623415114499,lof
CBGE,nonsense,NM_007294.4(BRCA1):c.5239C>T (p.Gln1747Ter),chr17,BRCA1,NM_007294.4,1747,CAA,UAA,-9.999990557801476,lof
CBGE,nonsense,NM_007294.4(BRCA1):c.5248A>T (p.Lys1750Ter),chr17,BRCA1,NM_007294.4,1750,AAG,UAG,-12.167461417547768,lof
CBGE,nonsense,NM_007294.4(BRCA1):c.5257A>T (p.Arg1753Ter),chr17,BRCA1,NM_007294.4,1753,AGA,UGA,-9.812292029346285,lof
CBGE,nonsense,NM_007294.4(BRCA1):c.5260G>T (p.Glu1754Ter),chr17,BRCA1,NM_007294.4,1754,GAA,UAA,-10.895271342914391,lof
CBGE,nonsense,NM_007294.4(BRCA1):c.5266C>T (p.Gln1756Ter),chr17,BRCA1,NM_007294.4,1756,CAG,UAG,-10.210042013661123,lof
CBGE,nonsense,NM_007294.4(BRCA1):c.5272A>T (p.Arg1758Ter),chr17,BRCA1,NM_007294.4,1758,AGA,UGA,-10.334331416896582,lof
CBGE,nonsense,NM_007294.4(BRCA1):c.5275A>T (p.Lys1759Ter),chr17,BRCA1,NM_007294.4,1759,AAG,UAG,-12.193576719700053,lof
CBGE,nonsense,NM_007294.4(BRCA1):c.5293G>T (p.Glu1765Ter),chr17,BRCA1,NM_007294.4,1765,GAA,UAA,-11.296955168259554,lof
CBGE,nonsense,NM_007294.4(BRCA1):c.5301T>A (p.Cys1767Ter),chr17,BRCA1,NM_007294.4,1767,UGU,UGA,-11.082619782692538,lof
CBGE,nonsense,NM_007294.4(BRCA1):c.5304C>A (p.Cys1768Ter),chr17,BRCA1,NM_007294.4,1768,UGC,UGA,-10.67335696209803,lof
CBGE,nonsense,NM_007294.4(BRCA1):c.5307T>A (p.Tyr1769Ter),chr17,BRCA1,NM_007294.4,1769,UAU,UAA,-10.5730247569342,lof
CBGE,nonsense,NM_007294.4(BRCA1):c.5307T>G (p.Tyr1769Ter),chr17,BRCA1,NM_007294.4,1769,UAU,UAG,-10.991887997407169,lof
CBGE,nonsense,NM_007294.4(BRCA1):c.5341G>T (p.Glu1781Ter),chr17,BRCA1,NM_007294.4,1781,GAA,UAA,-12.249002482516255,lof
CBGE,nonsense,NM_007294.4(BRCA1):c.5345G>A (p.Trp1782Ter),chr17,BRCA1,NM_007294.4,1782,UGG,UAG,-12.238173500170268,lof
CBGE,nonsense,NM_007294.4(BRCA1):c.5346G>A (p.Trp1782Ter),chr17,BRCA1,NM_007294.4,1782,UGG,UGA,-11.969981162176394,lof
CBGE,nonsense,NM_007294.4(BRCA1):c.5353C>T (p.Gln1785Ter),chr17,BRCA1,NM_007294.4,1785,CAG,UAG,-11.779478066088386,lof
CBGE,nonsense,NM_007294.4(BRCA1):c.5361T>A (p.Cys1787Ter),chr17,BRCA1,NM_007294.4,1787,UGU,UGA,-11.701333982518374,lof
CBGE,nonsense,NM_007294.4(BRCA1):c.5377A>T (p.Lys1793Ter),chr17,BRCA1,NM_007294.4,1793,AAG,UAG,-12.563655771070938,lof
CBGE,nonsense,NM_007294.4(BRCA1):c.5380G>T (p.Glu1794Ter),chr17,BRCA1,NM_007294.4,1794,GAG,UAG,-11.441861176608944,lof
CBGE,nonsense,NM_007294.4(BRCA1):c.5387C>A (p.Ser1796Ter),chr17,BRCA1,NM_007294.4,1796,UCA,UAA,-11.14851666855603,lof
CBGE,nonsense,NM_007294.4(BRCA1):c.5387C>G (p.Ser1796Ter),chr17,BRCA1,NM_007294.4,1796,UCA,UGA,-10.679035170887303,lof
CBGE,nonsense,NM_007294.4(BRCA1):c.5390C>A (p.Ser1797Ter),chr17,BRCA1,NM_007294.4,1797,UCA,UAA,-10.772298772359797,lof
CBGE,nonsense,NM_007294.4(BRCA1):c.5390C>G (p.Ser1797Ter),chr17,BRCA1,NM_007294.4,1797,UCA,UGA,-10.36985207583094,lof
CBGE,nonsense,NM_007294.4(BRCA1):c.5431C>T (p.Gln1811Ter),chr17,BRCA1,NM_007294.4,1811,CAG,UAG,-10.565225579788986,normal
CBGE,nonsense,NM_007294.4(BRCA1):c.5444G>A (p.Trp1815Ter),chr17,BRCA1,NM_007294.4,1815,UGG,UAG,-12.742101662616092,lof
CBGE,nonsense,NM_007294.4(BRCA1):c.5445G>A (p.Trp1815Ter),chr17,BRCA1,NM_007294.4,1815,UGG,UGA,-12.168752637833164,lof
CBGE,nonsense,NM_007294.4(BRCA1):c.5449G>T (p.Glu1817Ter),chr17,BRCA1,NM_007294.4,1817,GAG,UAG,-11.452636771693944,lof
CBGE,nonsense,NM_007294.4(BRCA1):c.5476C>T (p.Gln1826Ter),chr17,BRCA1,NM_007294.4,1826,CAG,UAG,-11.381370503357568,lof
CBGE,nonsense,NM_007294.4(BRCA1):c.5484T>A (p.Cys1828Ter),chr17,BRCA1,NM_007294.4,1828,UGU,UGA,-10.80898478418708,lof
CBGE,nonsense,NM_007294.4(BRCA1):c.5485G>T (p.Glu1829Ter),chr17,BRCA1,NM_007294.4,1829,GAG,UAG,-11.158447242562984,lof
CBGE,nonsense,NM_007294.4(BRCA1):c.5506G>T (p.Glu1836Ter),chr17,BRCA1,NM_007294.4,1836,GAG,UAG,-12.512187964814274,lof
CBGE,nonsense,NM_007294.4(BRCA1):c.5511G>A (p.Trp1837Ter),chr17,BRCA1,NM_007294.4,1837,UGG,UGA,-13.228395418941505,lof
CBGE,nonsense,NM_007294.4(BRCA1):c.5516T>A (p.Leu1839Ter),chr17,BRCA1,NM_007294.4,1839,UUG,UAG,-8.618759097400776,lof
CBGE,nonsense,NM_007294.4(BRCA1):c.5535C>A (p.Tyr1845Ter),chr17,BRCA1,NM_007294.4,1845,UAC,UAA,-11.37814996941476,lof
CBGE,nonsense,NM_007294.4(BRCA1):c.5535C>G (p.Tyr1845Ter),chr17,BRCA1,NM_007294.4,1845,UAC,UAG,-11.097581864829758,lof
CBGE,nonsense,NM_007294.4(BRCA1):c.5541C>A (p.Cys1847Ter),chr17,BRCA1,NM_007294.4,1847,UGC,UGA,-10.54041102739706,lof
CBGE,nonsense,NM_007294.4(BRCA1):c.5542C>T (p.Gln1848Ter),chr17,BRCA1,NM_007294.4,1848,CAG,UAG,-10.706693605678897,lof
CBGE,nonsense,NM_007294.4(BRCA1):c.5545G>T (p.Glu1849Ter),chr17,BRCA1,NM_007294.4,1849,GAG,UAG,-11.545561816722648,lof
CBGE,nonsense,NM_007294.4(BRCA1):c.5559C>A (p.Tyr1853Ter),chr17,BRCA1,NM_007294.4,1853,UAC,UAA,-11.524171793711762,lof
CBGE,nonsense,NM_007294.4(BRCA1):c.5559C>G (p.Tyr1853Ter),chr17,BRCA1,NM_007294.4,1853,UAC,UAG,-11.256223706183006,lof
CBGE,nonsense,NM_007294.4(BRCA1):c.55C>T (p.Gln19Ter),chr17,BRCA1,NM_007294.4,19,CAG,UAG,-11.475524866707447,lof
CBGE,nonsense,NM_007294.4(BRCA1):c.58A>T (p.Lys20Ter),chr17,BRCA1,NM_007294.4,20,AAA,UAA,-13.08897308837789,lof
CBGE,nonsense,NM_007294.4(BRCA1):c.65T>A (p.Leu22Ter),chr17,BRCA1,NM_007294.4,22,UUA,UAA,-11.889766707589828,lof
CBGE,nonsense,NM_007294.4(BRCA1):c.65T>G (p.Leu22Ter),chr17,BRCA1,NM_007294.4,22,UUA,UGA,-12.048064162958822,lof
CBGE,nonsense,NM_007294.4(BRCA1):c.67G>T (p.Glu23Ter),chr17,BRCA1,NM_007294.4,23,GAG,UAG,-11.097252896973288,lof
CBGE,nonsense,NM_007294.4(BRCA1):c.72T>A (p.Cys24Ter),chr17,BRCA1,NM_007294.4,24,UGU,UGA,-13.43836788510852,lof
CBGE,nonsense,NM_007294.4(BRCA1):c.81T>A (p.Cys27Ter),chr17,BRCA1,NM_007294.4,27,UGU,UGA,-14.35741323104783,lof
CBGE,nonsense,NM_007294.4(BRCA1):c.85G>T (p.Glu29Ter),chr17,BRCA1,NM_007294.4,29,GAG,UAG,-13.737777695688502,lof
CBGE,nonsense,NM_007294.4(BRCA1):c.89T>A (p.Leu30Ter),chr17,BRCA1,NM_007294.4,30,UUG,UAG,-8.76856132819306,lof
CBGE,nonsense,NM_007294.4(BRCA1):c.8T>A (p.Leu3Ter),chr17,BRCA1,NM_007294.4,3,UUA,UAA,-11.116954782940732,lof
CBGE,nonsense,NM_007294.4(BRCA1):c.8T>G (p.Leu3Ter),chr17,BRCA1,NM_007294.4,3,UUA,UGA,-11.18181612305752,lof
CBGE,nonsense,NM_007294.4(BRCA1):c.94A>T (p.Lys32Ter),chr17,BRCA1,NM_007294.4,32,AAG,UAG,-11.678478256008956,lof
CBGE,nonsense,NM_007294.4(BRCA1):c.962G>A (p.Trp321Ter),chr17,BRCA1,NM_007294.4,321,UGG,UAG,-10.548405625199054,normal
CBGE,nonsense,NM_007294.4(BRCA1):c.963G>A (p.Trp321Ter),chr17,BRCA1,NM_007294.4,321,UGG,UGA,-10.453790666097476,normal
CBGE,nonsense,NM_007294.4(BRCA1):c.97G>T (p.Glu33Ter),chr17,BRCA1,NM_007294.4,33,GAA,UAA,-12.476028457056964,lof
CBGE,nonsense,NM_007315.4(STAT1):c.110G>A (p.Trp37Ter),chr2,STAT1,NM_007315.4,37,UGG,UAG,-13.429273564685897,normal
CBGE,nonsense,NM_007315.4(STAT1):c.111G>A (p.Trp37Ter),chr2,STAT1,NM_007315.4,37,UGG,UGA,-13.263986523977676,normal
CBGE,nonsense,NM_007315.4(STAT1):c.121C>T (p.Gln41Ter),chr2,STAT1,NM_007315.4,41,CAA,UAA,-10.521396656825395,normal
CBGE,nonsense,NM_007315.4(STAT1):c.1234C>T (p.Gln412Ter),chr2,STAT1,NM_007315.4,412,CAG,UAG,-10.195520401155283,normal
CBGE,nonsense,NM_007315.4(STAT1):c.1312C>T (p.Gln438Ter),chr2,STAT1,NM_007315.4,438,CAA,UAA,-9.73428634022154,normal
CBGE,nonsense,NM_007315.4(STAT1):c.1321C>T (p.Gln441Ter),chr2,STAT1,NM_007315.4,441,CAG,UAG,-10.790441467259676,normal
CBGE,nonsense,NM_007315.4(STAT1):c.1387C>T (p.Gln463Ter),chr2,STAT1,NM_007315.4,463,CAG,UAG,-11.315723367800386,normal
CBGE,nonsense,NM_007315.4(STAT1):c.1552C>T (p.Gln518Ter),chr2,STAT1,NM_007315.4,518,CAG,UAG,-11.502437676174964,normal
CBGE,nonsense,NM_007315.4(STAT1):c.1670G>A (p.Trp557Ter),chr2,STAT1,NM_007315.4,557,UGG,UAG,-10.865901927198284,normal
CBGE,nonsense,NM_007315.4(STAT1):c.1671G>A (p.Trp557Ter),chr2,STAT1,NM_007315.4,557,UGG,UGA,-10.780843754306485,normal
CBGE,nonsense,NM_007315.4(STAT1):c.1861C>T (p.Gln621Ter),chr2,STAT1,NM_007315.4,621,CAG,UAG,-11.083717343058646,normal
CBGE,nonsense,NM_007315.4(STAT1):c.199C>T (p.Gln67Ter),chr2,STAT1,NM_007315.4,67,CAA,UAA,-10.562931979366391,normal
CBGE,nonsense,NM_007315.4(STAT1):c.238C>T (p.Gln80Ter),chr2,STAT1,NM_007315.4,80,CAG,UAG,-11.426017687087212,normal
CBGE,nonsense,NM_007315.4(STAT1):c.271C>T (p.Gln91Ter),chr2,STAT1,NM_007315.4,91,CAG,UAG,-10.518806470519545,normal
CBGE,nonsense,NM_007315.4(STAT1):c.358C>T (p.Gln120Ter),chr2,STAT1,NM_007315.4,120,CAG,UAG,-11.83442118738061,normal
CBGE,nonsense,NM_007315.4(STAT1):c.532C>T (p.Gln178Ter),chr2,STAT1,NM_007315.4,178,CAG,UAG,-11.531655297741098,normal
CBGE,nonsense,NM_007315.4(STAT1):c.727C>T (p.Gln243Ter),chr2,STAT1,NM_007315.4,243,CAG,UAG,-11.330215429706325,normal
CBGE,nonsense,NM_007315.4(STAT1):c.730C>T (p.Gln244Ter),chr2,STAT1,NM_007315.4,244,CAG,UAG,-11.51252937841097,normal
CBGE,nonsense,NM_007315.4(STAT1):c.772C>T (p.Gln258Ter),chr2,STAT1,NM_007315.4,258,CAG,UAG,-11.626681293039168,normal
CBGE,nonsense,NM_007315.4(STAT1):c.811C>T (p.Gln271Ter),chr2,STAT1,NM_007315.4,271,CAG,UAG,-11.728780698882163,normal
CBGE,nonsense,NM_007315.4(STAT1):c.823C>T (p.Gln275Ter),chr2,STAT1,NM_007315.4,275,CAG,UAG,-11.78115844067498,normal
CBGE,nonsense,NM_007315.4(STAT1):c.826C>T (p.Gln276Ter),chr2,STAT1,NM_007315.4,276,CAG,UAG,-12.175571360046586,normal
CBGE,nonsense,NM_007315.4(STAT1):c.895C>T (p.Gln299Ter),chr2,STAT1,NM_007315.4,299,CAA,UAA,-10.51702884024686,normal
CBGE,nonsense,NM_007315.4(STAT1):c.988C>T (p.Gln330Ter),chr2,STAT1,NM_007315.4,330,CAG,UAG,-10.835504549669237,normal
CBGE,nonsense,NM_007368.4(RASA3):c.1111C>T (p.Arg371Ter),chr13,RASA3,NM_007368.4,371,CGA,UGA,-12.291244550951385,normal
CBGE,nonsense,NM_007368.4(RASA3):c.1720C>T (p.Gln574Ter),chr13,RASA3,NM_007368.4,574,CAG,UAG,-11.721749299277905,normal
CBGE,nonsense,NM_007368.4(RASA3):c.2004G>A (p.Trp668Ter),chr13,RASA3,NM_007368.4,668,UGG,UGA,-13.993606528694404,normal
CBGE,nonsense,NM_007368.4(RASA3):c.2386C>T (p.Gln796Ter),chr13,RASA3,NM_007368.4,796,CAG,UAG,-11.295677226582535,normal
CBGE,nonsense,NM_007368.4(RASA3):c.2458C>T (p.Gln820Ter),chr13,RASA3,NM_007368.4,820,CAG,UAG,-11.267734531326813,normal
CBGE,nonsense,NM_007368.4(RASA3):c.370C>T (p.Gln124Ter),chr13,RASA3,NM_007368.4,124,CAG,UAG,-10.173015653281333,normal
CBGE,nonsense,NM_007368.4(RASA3):c.463C>T (p.Gln155Ter),chr13,RASA3,NM_007368.4,155,CAG,UAG,-10.59752945695578,normal
CBGE,nonsense,NM_007368.4(RASA3):c.786G>A (p.Trp262Ter),chr13,RASA3,NM_007368.4,262,UGG,UGA,-15.120656017109605,normal
CBGE,nonsense,NM_012092.4(ICOS):c.160C>T (p.Gln54Ter),chr2,ICOS,NM_012092.4,54,CAG,UAG,-11.326471280192605,normal
CBGE,nonsense,NM_012092.4(ICOS):c.412C>T (p.Gln138Ter),chr2,ICOS,NM_012092.4,138,CAG,UAG,-10.539500149075185,normal
CBGE,nonsense,NM_012092.4(ICOS):c.425G>A (p.Trp142Ter),chr2,ICOS,NM_012092.4,142,UGG,UAG,-13.8184127626305,normal
CBGE,nonsense,NM_012092.4(ICOS):c.426G>A (p.Trp142Ter),chr2,ICOS,NM_012092.4,142,UGG,UGA,-13.646150580366788,normal
CBGE,nonsense,NM_012249.4(RHOQ):c.199C>T (p.Gln67Ter),chr2,RHOQ,NM_012249.4,67,CAG,UAG,-14.51981734162174,normal
CBGE,nonsense,NM_012249.4(RHOQ):c.289C>T (p.Gln97Ter),chr2,RHOQ,NM_012249.4,97,CAA,UAA,-11.167434710198023,normal
CBGE,nonsense,NM_012249.4(RHOQ):c.445C>T (p.Gln149Ter),chr2,RHOQ,NM_012249.4,149,CAG,UAG,-11.925379707850055,normal
CBGE,nonsense,NM_012284.3(KCNH3):c.103C>T (p.Gln35Ter),chr12,KCNH3,NM_012284.3,35,CAG,UAG,-10.212121948415495,normal
CBGE,nonsense,NM_012284.3(KCNH3):c.1060C>T (p.Gln354Ter),chr12,KCNH3,NM_012284.3,354,CAG,UAG,-12.22087958731143,normal
CBGE,nonsense,NM_012284.3(KCNH3):c.1118G>A (p.Trp373Ter),chr12,KCNH3,NM_012284.3,373,UGG,UAG,-14.263082557811108,normal
CBGE,nonsense,NM_012284.3(KCNH3):c.1119G>A (p.Trp373Ter),chr12,KCNH3,NM_012284.3,373,UGG,UGA,-14.17280863992516,normal
CBGE,nonsense,NM_012284.3(KCNH3):c.1193G>A (p.Trp398Ter),chr12,KCNH3,NM_012284.3,398,UGG,UAG,-13.773496622922984,normal
CBGE,nonsense,NM_012284.3(KCNH3):c.1198C>T (p.Gln400Ter),chr12,KCNH3,NM_012284.3,400,CAG,UAG,-10.595291087354951,normal
CBGE,nonsense,NM_012284.3(KCNH3):c.1606C>T (p.Gln536Ter),chr12,KCNH3,NM_012284.3,536,CAG,UAG,-13.551544192398936,normal
CBGE,nonsense,NM_012284.3(KCNH3):c.1627C>T (p.Gln543Ter),chr12,KCNH3,NM_012284.3,543,CAG,UAG,-14.224597955069909,normal
CBGE,nonsense,NM_012284.3(KCNH3):c.1834C>T (p.Gln612Ter),chr12,KCNH3,NM_012284.3,612,CAA,UAA,-8.916319875544133,normal
CBGE,nonsense,NM_012284.3(KCNH3):c.2011C>T (p.Gln671Ter),chr12,KCNH3,NM_012284.3,671,CAG,UAG,-9.920438764468734,normal
CBGE,nonsense,NM_012284.3(KCNH3):c.2209C>T (p.Gln737Ter),chr12,KCNH3,NM_012284.3,737,CAG,UAG,-10.21055695800817,normal
CBGE,nonsense,NM_012284.3(KCNH3):c.2441G>A (p.Trp814Ter),chr12,KCNH3,NM_012284.3,814,UGG,UAG,-11.200180124933448,normal
CBGE,nonsense,NM_012284.3(KCNH3):c.2442G>A (p.Trp814Ter),chr12,KCNH3,NM_012284.3,814,UGG,UGA,-11.021413822281955,normal
CBGE,nonsense,NM_012284.3(KCNH3):c.2647C>T (p.Gln883Ter),chr12,KCNH3,NM_012284.3,883,CAG,UAG,-12.541767130514502,normal
CBGE,nonsense,NM_012284.3(KCNH3):c.2671C>T (p.Gln891Ter),chr12,KCNH3,NM_012284.3,891,CAG,UAG,-12.23040574921038,normal
CBGE,nonsense,NM_012284.3(KCNH3):c.2680C>T (p.Gln894Ter),chr12,KCNH3,NM_012284.3,894,CAG,UAG,-12.683498392570405,normal
CBGE,nonsense,NM_012284.3(KCNH3):c.2698C>T (p.Gln900Ter),chr12,KCNH3,NM_012284.3,900,CAG,UAG,-12.282449831998656,normal
CBGE,nonsense,NM_012284.3(KCNH3):c.2710C>T (p.Gln904Ter),chr12,KCNH3,NM_012284.3,904,CAG,UAG,-12.440396403428108,normal
CBGE,nonsense,NM_012284.3(KCNH3):c.2719C>T (p.Gln907Ter),chr12,KCNH3,NM_012284.3,907,CAG,UAG,-12.477575258610225,normal
CBGE,nonsense,NM_012284.3(KCNH3):c.2806C>T (p.Gln936Ter),chr12,KCNH3,NM_012284.3,936,CAG,UAG,-11.2881813480125,normal
CBGE,nonsense,NM_012284.3(KCNH3):c.2965C>T (p.Arg989Ter),chr12,KCNH3,NM_012284.3,989,CGA,UGA,-7.477292523050431,normal
CBGE,nonsense,NM_012284.3(KCNH3):c.2981G>A (p.Trp994Ter),chr12,KCNH3,NM_012284.3,994,UGG,UAG,-12.008510636396242,normal
CBGE,nonsense,NM_012284.3(KCNH3):c.2982G>A (p.Trp994Ter),chr12,KCNH3,NM_012284.3,994,UGG,UGA,-11.434736398656472,normal
CBGE,nonsense,NM_012284.3(KCNH3):c.3103C>T (p.Gln1035Ter),chr12,KCNH3,NM_012284.3,1035,CAG,UAG,-10.198284126837596,normal
CBGE,nonsense,NM_012284.3(KCNH3):c.3164G>A (p.Trp1055Ter),chr12,KCNH3,NM_012284.3,1055,UGG,UAG,-11.431233432170954,normal
CBGE,nonsense,NM_012284.3(KCNH3):c.31C>T (p.Gln11Ter),chr12,KCNH3,NM_012284.3,11,CAG,UAG,-10.96443079019312,normal
CBGE,nonsense,NM_012284.3(KCNH3):c.3220C>T (p.Gln1074Ter),chr12,KCNH3,NM_012284.3,1074,CAG,UAG,-10.298657491880672,normal
CBGE,nonsense,NM_012284.3(KCNH3):c.3229C>T (p.Gln1077Ter),chr12,KCNH3,NM_012284.3,1077,CAG,UAG,-10.32809826820279,normal
CBGE,nonsense,NM_012284.3(KCNH3):c.323G>A (p.Trp108Ter),chr12,KCNH3,NM_012284.3,108,UGG,UAG,-13.587755144663127,normal
CBGE,nonsense,NM_012284.3(KCNH3):c.324G>A (p.Trp108Ter),chr12,KCNH3,NM_012284.3,108,UGG,UGA,-13.305830916219136,normal
CBGE,nonsense,NM_012284.3(KCNH3):c.415C>T (p.Arg139Ter),chr12,KCNH3,NM_012284.3,139,CGA,UGA,-9.818107560404432,normal
CBGE,nonsense,NM_012284.3(KCNH3):c.434G>A (p.Trp145Ter),chr12,KCNH3,NM_012284.3,145,UGG,UAG,-11.45677756135234,normal
CBGE,nonsense,NM_012284.3(KCNH3):c.435G>A (p.Trp145Ter),chr12,KCNH3,NM_012284.3,145,UGG,UGA,-11.460239313267152,normal
CBGE,nonsense,NM_012284.3(KCNH3):c.475C>T (p.Arg159Ter),chr12,KCNH3,NM_012284.3,159,CGA,UGA,-10.173212090313625,normal
CBGE,nonsense,NM_012284.3(KCNH3):c.544C>T (p.Gln182Ter),chr12,KCNH3,NM_012284.3,182,CAG,UAG,-11.881042443325242,normal
CBGE,nonsense,NM_012284.3(KCNH3):c.550C>T (p.Gln184Ter),chr12,KCNH3,NM_012284.3,184,CAG,UAG,-11.684127840660125,normal
CBGE,nonsense,NM_012284.3(KCNH3):c.917G>A (p.Trp306Ter),chr12,KCNH3,NM_012284.3,306,UGG,UAG,-14.907983756424526,normal
CBGE,nonsense,NM_012284.3(KCNH3):c.918G>A (p.Trp306Ter),chr12,KCNH3,NM_012284.3,306,UGG,UGA,-14.779570575293452,normal
CBGE,nonsense,NM_012285.3(KCNH4):c.103C>T (p.Gln35Ter),chr17,KCNH4,NM_012285.3,35,CAG,UAG,-11.021844854266003,normal
CBGE,nonsense,NM_012285.3(KCNH4):c.1045C>T (p.Gln349Ter),chr17,KCNH4,NM_012285.3,349,CAG,UAG,-10.99490073110661,normal
CBGE,nonsense,NM_012285.3(KCNH4):c.1140G>A (p.Trp380Ter),chr17,KCNH4,NM_012285.3,380,UGG,UGA,-16.08191107039056,normal
CBGE,nonsense,NM_012285.3(KCNH4):c.1199G>A (p.Trp400Ter),chr17,KCNH4,NM_012285.3,400,UGG,UAG,-15.79486083825994,normal
CBGE,nonsense,NM_012285.3(KCNH4):c.1200G>A (p.Trp400Ter),chr17,KCNH4,NM_012285.3,400,UGG,UGA,-15.683619477032886,normal
CBGE,nonsense,NM_012285.3(KCNH4):c.1549C>T (p.Gln517Ter),chr17,KCNH4,NM_012285.3,517,CAG,UAG,-14.932804044477413,normal
CBGE,nonsense,NM_012285.3(KCNH4):c.1657C>T (p.Gln553Ter),chr17,KCNH4,NM_012285.3,553,CAG,UAG,-11.56715963444265,normal
CBGE,nonsense,NM_012285.3(KCNH4):c.1813C>T (p.Arg605Ter),chr17,KCNH4,NM_012285.3,605,CGA,UGA,-8.67350957399842,normal
CBGE,nonsense,NM_012285.3(KCNH4):c.1882C>T (p.Gln628Ter),chr17,KCNH4,NM_012285.3,628,CAG,UAG,-10.22890851080692,normal
CBGE,nonsense,NM_012285.3(KCNH4):c.1966C>T (p.Gln656Ter),chr17,KCNH4,NM_012285.3,656,CAG,UAG,-10.880306232180953,normal
CBGE,nonsense,NM_012285.3(KCNH4):c.1978C>T (p.Arg660Ter),chr17,KCNH4,NM_012285.3,660,CGA,UGA,-8.636746433459663,normal
CBGE,nonsense,NM_012285.3(KCNH4):c.2122C>T (p.Gln708Ter),chr17,KCNH4,NM_012285.3,708,CAG,UAG,-10.215450327068856,normal
CBGE,nonsense,NM_012285.3(KCNH4):c.241C>T (p.Gln81Ter),chr17,KCNH4,NM_012285.3,81,CAG,UAG,-12.898294390692936,normal
CBGE,nonsense,NM_012285.3(KCNH4):c.2425C>T (p.Gln809Ter),chr17,KCNH4,NM_012285.3,809,CAG,UAG,-10.882533961686468,normal
CBGE,nonsense,NM_012285.3(KCNH4):c.2530C>T (p.Arg844Ter),chr17,KCNH4,NM_012285.3,844,CGA,UGA,-8.758441961697057,normal
CBGE,nonsense,NM_012285.3(KCNH4):c.2569C>T (p.Gln857Ter),chr17,KCNH4,NM_012285.3,857,CAG,UAG,-10.336555512293144,normal
CBGE,nonsense,NM_012285.3(KCNH4):c.2686C>T (p.Gln896Ter),chr17,KCNH4,NM_012285.3,896,CAG,UAG,-12.641920070982014,normal
CBGE,nonsense,NM_012285.3(KCNH4):c.271C>T (p.Gln91Ter),chr17,KCNH4,NM_012285.3,91,CAG,UAG,-11.545850735108724,normal
CBGE,nonsense,NM_012285.3(KCNH4):c.2768G>A (p.Trp923Ter),chr17,KCNH4,NM_012285.3,923,UGG,UAG,-10.324835771466503,normal
CBGE,nonsense,NM_012285.3(KCNH4):c.2769G>A (p.Trp923Ter),chr17,KCNH4,NM_012285.3,923,UGG,UGA,-10.038183236237591,normal
CBGE,nonsense,NM_012285.3(KCNH4):c.31C>T (p.Gln11Ter),chr17,KCNH4,NM_012285.3,11,CAA,UAA,-10.422072423204076,normal
CBGE,nonsense,NM_012285.3(KCNH4):c.430C>T (p.Gln144Ter),chr17,KCNH4,NM_012285.3,144,CAA,UAA,-10.011701562032291,normal
CBGE,nonsense,NM_012285.3(KCNH4):c.532C>T (p.Arg178Ter),chr17,KCNH4,NM_012285.3,178,CGA,UGA,-11.135229128127897,normal
CBGE,nonsense,NM_012285.3(KCNH4):c.923G>A (p.Trp308Ter),chr17,KCNH4,NM_012285.3,308,UGG,UAG,-14.618349092727568,normal
CBGE,nonsense,NM_012285.3(KCNH4):c.924G>A (p.Trp308Ter),chr17,KCNH4,NM_012285.3,308,UGG,UGA,-14.526658099526257,normal
CBGE,nonsense,NM_012323.4(MAFF):c.238C>T (p.Gln80Ter),chr22,MAFF,NM_012323.4,80,CAG,UAG,-9.064064521097546,normal
CBGE,nonsense,NM_012323.4(MAFF):c.343C>T (p.Gln115Ter),chr22,MAFF,NM_012323.4,115,CAG,UAG,-12.300647700974906,normal
CBGE,nonsense,NM_012340.5(NFATC2):c.1124G>A (p.Trp375Ter),chr20,NFATC2,NM_012340.5,375,UGG,UAG,-10.83429629694683,normal
CBGE,nonsense,NM_012340.5(NFATC2):c.1125G>A (p.Trp375Ter),chr20,NFATC2,NM_012340.5,375,UGG,UGA,-10.544920000991269,normal
CBGE,nonsense,NM_012340.5(NFATC2):c.1196G>A (p.Trp399Ter),chr20,NFATC2,NM_012340.5,399,UGG,UAG,-11.50705240418347,normal
CBGE,nonsense,NM_012340.5(NFATC2):c.1197G>A (p.Trp399Ter),chr20,NFATC2,NM_012340.5,399,UGG,UGA,-11.328520770550902,normal
CBGE,nonsense,NM_012340.5(NFATC2):c.1243C>T (p.Gln415Ter),chr20,NFATC2,NM_012340.5,415,CAG,UAG,-10.948614099507449,normal
CBGE,nonsense,NM_012340.5(NFATC2):c.1369C>T (p.Gln457Ter),chr20,NFATC2,NM_012340.5,457,CAG,UAG,-11.368303282037818,normal
CBGE,nonsense,NM_012340.5(NFATC2):c.1423C>T (p.Gln475Ter),chr20,NFATC2,NM_012340.5,475,CAG,UAG,-11.411133759619386,normal
CBGE,nonsense,NM_012340.5(NFATC2):c.1432C>T (p.Arg478Ter),chr20,NFATC2,NM_012340.5,478,CGA,UGA,-9.649293056988938,normal
CBGE,nonsense,NM_012340.5(NFATC2):c.1855C>T (p.Gln619Ter),chr20,NFATC2,NM_012340.5,619,CAG,UAG,-11.509006543619284,normal
CBGE,nonsense,NM_012340.5(NFATC2):c.19C>T (p.Gln7Ter),chr20,NFATC2,NM_012340.5,7,CAG,UAG,-11.312197722939668,normal
CBGE,nonsense,NM_012340.5(NFATC2):c.2128C>T (p.Gln710Ter),chr20,NFATC2,NM_012340.5,710,CAG,UAG,-12.31122201615506,normal
CBGE,nonsense,NM_012340.5(NFATC2):c.2185C>T (p.Gln729Ter),chr20,NFATC2,NM_012340.5,729,CAG,UAG,-12.687411282244224,normal
CBGE,nonsense,NM_012340.5(NFATC2):c.2188C>T (p.Gln730Ter),chr20,NFATC2,NM_012340.5,730,CAG,UAG,-12.289331437221325,normal
CBGE,nonsense,NM_012340.5(NFATC2):c.2227C>T (p.Gln743Ter),chr20,NFATC2,NM_012340.5,743,CAG,UAG,-12.499725359379267,normal
CBGE,nonsense,NM_012340.5(NFATC2):c.2230C>T (p.Gln744Ter),chr20,NFATC2,NM_012340.5,744,CAA,UAA,-11.201878498032809,normal
CBGE,nonsense,NM_012340.5(NFATC2):c.2233C>T (p.Gln745Ter),chr20,NFATC2,NM_012340.5,745,CAG,UAG,-12.367589991912316,normal
CBGE,nonsense,NM_012340.5(NFATC2):c.2296C>T (p.Gln766Ter),chr20,NFATC2,NM_012340.5,766,CAG,UAG,-12.72066304482034,normal
CBGE,nonsense,NM_012340.5(NFATC2):c.2299C>T (p.Gln767Ter),chr20,NFATC2,NM_012340.5,767,CAG,UAG,-12.512361490278016,normal
CBGE,nonsense,NM_012340.5(NFATC2):c.2551C>T (p.Gln851Ter),chr20,NFATC2,NM_012340.5,851,CAA,UAA,-11.199144327648868,normal
CBGE,nonsense,NM_012340.5(NFATC2):c.25C>T (p.Gln9Ter),chr20,NFATC2,NM_012340.5,9,CAA,UAA,-9.38597871475238,normal
CBGE,nonsense,NM_012340.5(NFATC2):c.2686C>T (p.Gln896Ter),chr20,NFATC2,NM_012340.5,896,CAG,UAG,-11.98343662861294,normal
CBGE,nonsense,NM_012340.5(NFATC2):c.367C>T (p.Gln123Ter),chr20,NFATC2,NM_012340.5,123,CAG,UAG,-11.874748192501915,normal
CBGE,nonsense,NM_012340.5(NFATC2):c.415C>T (p.Gln139Ter),chr20,NFATC2,NM_012340.5,139,CAG,UAG,-11.596431722208765,normal
CBGE,nonsense,NM_012340.5(NFATC2):c.667C>T (p.Arg223Ter),chr20,NFATC2,NM_012340.5,223,CGA,UGA,-11.931789391382477,normal
CBGE,nonsense,NM_012340.5(NFATC2):c.968G>A (p.Trp323Ter),chr20,NFATC2,NM_012340.5,323,UGG,UAG,-11.660781829387362,normal
CBGE,nonsense,NM_012340.5(NFATC2):c.969G>A (p.Trp323Ter),chr20,NFATC2,NM_012340.5,323,UGG,UGA,-11.251096777722775,normal
CBGE,nonsense,NM_012448.4(STAT5B):c.1009C>T (p.Gln337Ter),chr17,STAT5B,NM_012448.4,337,CAG,UAG,-11.232320721256771,normal
CBGE,nonsense,NM_012448.4(STAT5B):c.1219C>T (p.Gln407Ter),chr17,STAT5B,NM_012448.4,407,CAA,UAA,-10.222137394935674,normal
CBGE,nonsense,NM_012448.4(STAT5B):c.1664G>A (p.Trp555Ter),chr17,STAT5B,NM_012448.4,555,UGG,UAG,-13.140212978821213,lof
CBGE,nonsense,NM_012448.4(STAT5B):c.1665G>A (p.Trp555Ter),chr17,STAT5B,NM_012448.4,555,UGG,UGA,-12.749811110552452,lof
CBGE,nonsense,NM_012448.4(STAT5B):c.205C>T (p.Gln69Ter),chr17,STAT5B,NM_012448.4,69,CAG,UAG,-11.98560903201083,normal
CBGE,nonsense,NM_012448.4(STAT5B):c.2233C>T (p.Gln745Ter),chr17,STAT5B,NM_012448.4,745,CAG,UAG,-10.861082144515017,normal
CBGE,nonsense,NM_012448.4(STAT5B):c.283C>T (p.Gln95Ter),chr17,STAT5B,NM_012448.4,95,CAG,UAG,-11.382373741125956,normal
CBGE,nonsense,NM_012448.4(STAT5B):c.496C>T (p.Gln166Ter),chr17,STAT5B,NM_012448.4,166,CAG,UAG,-13.032545085994125,normal
CBGE,nonsense,NM_012448.4(STAT5B):c.49C>T (p.Gln17Ter),chr17,STAT5B,NM_012448.4,17,CAG,UAG,-12.210983311855534,normal
CBGE,nonsense,NM_012448.4(STAT5B):c.55C>T (p.Gln19Ter),chr17,STAT5B,NM_012448.4,19,CAA,UAA,-11.06732368469086,normal
CBGE,nonsense,NM_012448.4(STAT5B):c.583C>T (p.Gln195Ter),chr17,STAT5B,NM_012448.4,195,CAG,UAG,-12.47698215448825,normal
CBGE,nonsense,NM_012448.4(STAT5B):c.613C>T (p.Gln205Ter),chr17,STAT5B,NM_012448.4,205,CAG,UAG,-13.04227262898408,normal
CBGE,nonsense,NM_012448.4(STAT5B):c.667C>T (p.Gln223Ter),chr17,STAT5B,NM_012448.4,223,CAG,UAG,-13.258348428780572,normal
CBGE,nonsense,NM_012448.4(STAT5B):c.760C>T (p.Gln254Ter),chr17,STAT5B,NM_012448.4,254,CAG,UAG,-12.100639380453284,normal
CBGE,nonsense,NM_012448.4(STAT5B):c.775C>T (p.Gln259Ter),chr17,STAT5B,NM_012448.4,259,CAG,UAG,-12.627670315379168,normal
CBGE,nonsense,NM_012448.4(STAT5B):c.778C>T (p.Gln260Ter),chr17,STAT5B,NM_012448.4,260,CAG,UAG,-12.22966384358574,normal
CBGE,nonsense,NM_012448.4(STAT5B):c.860G>A (p.Trp287Ter),chr17,STAT5B,NM_012448.4,287,UGG,UAG,-11.916794760952502,normal
CBGE,nonsense,NM_012448.4(STAT5B):c.861G>A (p.Trp287Ter),chr17,STAT5B,NM_012448.4,287,UGG,UGA,-11.606482487919251,normal
CBGE,nonsense,NM_012481.5(IKZF3):c.1204C>T (p.Gln402Ter),chr17,IKZF3,NM_012481.5,402,CAG,UAG,-11.830431892026514,normal
CBGE,nonsense,NM_012481.5(IKZF3):c.1207C>T (p.Gln403Ter),chr17,IKZF3,NM_012481.5,403,CAA,UAA,-11.438906734962274,normal
CBGE,nonsense,NM_012481.5(IKZF3):c.13C>T (p.Gln5Ter),chr17,IKZF3,NM_012481.5,5,CAA,UAA,-10.490275427162567,normal
CBGE,nonsense,NM_012481.5(IKZF3):c.412C>T (p.Arg138Ter),chr17,IKZF3,NM_012481.5,138,CGA,UGA,-13.609712608060107,normal
CBGE,nonsense,NM_012481.5(IKZF3):c.637C>T (p.Gln213Ter),chr17,IKZF3,NM_012481.5,213,CAG,UAG,-12.019716295535012,normal
CBGE,nonsense,NM_012481.5(IKZF3):c.814C>T (p.Gln272Ter),chr17,IKZF3,NM_012481.5,272,CAG,UAG,-10.72764398807212,normal
CBGE,nonsense,NM_012481.5(IKZF3):c.898C>T (p.Gln300Ter),chr17,IKZF3,NM_012481.5,300,CAG,UAG,-12.052910811310564,normal
CBGE,nonsense,NM_013254.4(TBK1):c.1048C>T (p.Gln350Ter),chr12,TBK1,NM_013254.4,350,CAA,UAA,-11.106924050786391,normal
CBGE,nonsense,NM_013254.4(TBK1):c.1069C>T (p.Arg357Ter),chr12,TBK1,NM_013254.4,357,CGA,UGA,-10.959018724525723,normal
CBGE,nonsense,NM_013254.4(TBK1):c.1306C>T (p.Gln436Ter),chr12,TBK1,NM_013254.4,436,CAG,UAG,-9.957853293068917,normal
CBGE,nonsense,NM_013254.4(TBK1):c.349C>T (p.Arg117Ter),chr12,TBK1,NM_013254.4,117,CGA,UGA,-12.328470172669034,normal
CBGE,nonsense,NM_013254.4(TBK1):c.505C>T (p.Gln169Ter),chr12,TBK1,NM_013254.4,169,CAG,UAG,-11.002798100406128,normal
CBGE,nonsense,NM_013254.4(TBK1):c.583C>T (p.Gln195Ter),chr12,TBK1,NM_013254.4,195,CAG,UAG,-9.9343175721933,normal
CBGE,nonsense,NM_013254.4(TBK1):c.748C>T (p.Gln250Ter),chr12,TBK1,NM_013254.4,250,CAG,UAG,-10.282583271815072,normal
CBGE,nonsense,NM_013254.4(TBK1):c.776G>A (p.Trp259Ter),chr12,TBK1,NM_013254.4,259,UGG,UAG,-12.868482521163786,normal
CBGE,nonsense,NM_013254.4(TBK1):c.777G>A (p.Trp259Ter),chr12,TBK1,NM_013254.4,259,UGG,UGA,-12.356824833682836,normal
CBGE,nonsense,NM_013254.4(TBK1):c.865C>T (p.Gln289Ter),chr12,TBK1,NM_013254.4,289,CAG,UAG,-8.658160289067473,normal
CBGE,nonsense,NM_013351.2(TBX21):c.1042C>T (p.Gln348Ter),chr17,TBX21,NM_013351.2,348,CAA,UAA,-9.964692586162515,normal
CBGE,nonsense,NM_013351.2(TBX21):c.1147C>T (p.Gln383Ter),chr17,TBX21,NM_013351.2,383,CAG,UAG,-11.791604995773447,normal
CBGE,nonsense,NM_013351.2(TBX21):c.1157G>A (p.Trp386Ter),chr17,TBX21,NM_013351.2,386,UGG,UAG,-12.021342334752156,normal
CBGE,nonsense,NM_013351.2(TBX21):c.1158G>A (p.Trp386Ter),chr17,TBX21,NM_013351.2,386,UGG,UGA,-11.686508192193912,normal
CBGE,nonsense,NM_013351.2(TBX21):c.1267C>T (p.Gln423Ter),chr17,TBX21,NM_013351.2,423,CAG,UAG,-12.070755952885053,normal
CBGE,nonsense,NM_013351.2(TBX21):c.1295G>A (p.Trp432Ter),chr17,TBX21,NM_013351.2,432,UGG,UAG,-12.828664810650876,normal
CBGE,nonsense,NM_013351.2(TBX21):c.1296G>A (p.Trp432Ter),chr17,TBX21,NM_013351.2,432,UGG,UGA,-12.310243558842302,normal
CBGE,nonsense,NM_013351.2(TBX21):c.1309C>T (p.Gln437Ter),chr17,TBX21,NM_013351.2,437,CAG,UAG,-12.218587806838322,normal
CBGE,nonsense,NM_013351.2(TBX21):c.1340G>A (p.Trp447Ter),chr17,TBX21,NM_013351.2,447,UGG,UAG,-12.363820138349643,normal
CBGE,nonsense,NM_013351.2(TBX21):c.1411C>T (p.Gln471Ter),chr17,TBX21,NM_013351.2,471,CAG,UAG,-11.57634171554506,normal
CBGE,nonsense,NM_013351.2(TBX21):c.1430G>A (p.Trp477Ter),chr17,TBX21,NM_013351.2,477,UGG,UAG,-11.287244832906676,normal
CBGE,nonsense,NM_013351.2(TBX21):c.1431G>A (p.Trp477Ter),chr17,TBX21,NM_013351.2,477,UGG,UGA,-11.119929335906582,normal
CBGE,nonsense,NM_013351.2(TBX21):c.440G>A (p.Trp147Ter),chr17,TBX21,NM_013351.2,147,UGG,UAG,-13.303646983183118,normal
CBGE,nonsense,NM_013351.2(TBX21):c.441G>A (p.Trp147Ter),chr17,TBX21,NM_013351.2,147,UGG,UGA,-12.684444374563483,normal
CBGE,nonsense,NM_013351.2(TBX21):c.484C>T (p.Gln162Ter),chr17,TBX21,NM_013351.2,162,CAG,UAG,-14.279533413126153,normal
CBGE,nonsense,NM_013351.2(TBX21):c.590G>A (p.Trp197Ter),chr17,TBX21,NM_013351.2,197,UGG,UAG,-15.20042129559719,normal
CBGE,nonsense,NM_013351.2(TBX21):c.591G>A (p.Trp197Ter),chr17,TBX21,NM_013351.2,197,UGG,UGA,-14.220595356648658,normal
CBGE,nonsense,NM_013351.2(TBX21):c.611G>A (p.Trp204Ter),chr17,TBX21,NM_013351.2,204,UGG,UAG,-15.36076362317195,lof
CBGE,nonsense,NM_013351.2(TBX21):c.612G>A (p.Trp204Ter),chr17,TBX21,NM_013351.2,204,UGG,UGA,-15.050134604646903,lof
CBGE,nonsense,NM_013351.2(TBX21):c.703C>T (p.Gln235Ter),chr17,TBX21,NM_013351.2,235,CAG,UAG,-12.10314169516371,normal
CBGE,nonsense,NM_013351.2(TBX21):c.916C>T (p.Gln306Ter),chr17,TBX21,NM_013351.2,306,CAG,UAG,-14.089417539658646,lof
CBGE,nonsense,NM_014002.4(IKBKE):c.1048C>T (p.Gln350Ter),chr1,IKBKE,NM_014002.4,350,CAG,UAG,-11.592258455041106,normal
CBGE,nonsense,NM_014002.4(IKBKE):c.1306C>T (p.Gln436Ter),chr1,IKBKE,NM_014002.4,436,CAG,UAG,-11.091899807416477,normal
CBGE,nonsense,NM_014002.4(IKBKE):c.1459C>T (p.Gln487Ter),chr1,IKBKE,NM_014002.4,487,CAG,UAG,-11.237438256755198,normal
CBGE,nonsense,NM_014002.4(IKBKE):c.154C>T (p.Gln52Ter),chr1,IKBKE,NM_014002.4,52,CAG,UAG,-10.13168907830259,normal
CBGE,nonsense,NM_014002.4(IKBKE):c.1597C>T (p.Gln533Ter),chr1,IKBKE,NM_014002.4,533,CAG,UAG,-11.401644601642106,normal
CBGE,nonsense,NM_014002.4(IKBKE):c.1714C>T (p.Gln572Ter),chr1,IKBKE,NM_014002.4,572,CAG,UAG,-12.068133395826454,normal
CBGE,nonsense,NM_014002.4(IKBKE):c.1954C>T (p.Gln652Ter),chr1,IKBKE,NM_014002.4,652,CAG,UAG,-12.21585656597486,normal
CBGE,nonsense,NM_014002.4(IKBKE):c.1963C>T (p.Gln655Ter),chr1,IKBKE,NM_014002.4,655,CAG,UAG,-11.66738607943523,normal
CBGE,nonsense,NM_014002.4(IKBKE):c.1969C>T (p.Arg657Ter),chr1,IKBKE,NM_014002.4,657,CGA,UGA,-9.12641624192282,normal
CBGE,nonsense,NM_014002.4(IKBKE):c.26G>A (p.Trp9Ter),chr1,IKBKE,NM_014002.4,9,UGG,UAG,-13.900624228738774,normal
CBGE,nonsense,NM_014002.4(IKBKE):c.27G>A (p.Trp9Ter),chr1,IKBKE,NM_014002.4,9,UGG,UGA,-13.424582564365824,normal
CBGE,nonsense,NM_014002.4(IKBKE):c.580C>T (p.Gln194Ter),chr1,IKBKE,NM_014002.4,194,CAG,UAG,-10.433065423500524,normal
CBGE,nonsense,NM_014002.4(IKBKE):c.583C>T (p.Gln195Ter),chr1,IKBKE,NM_014002.4,195,CAA,UAA,-9.891556742830424,normal
CBGE,nonsense,NM_014002.4(IKBKE):c.777G>A (p.Trp259Ter),chr1,IKBKE,NM_014002.4,259,UGG,UGA,-11.786662112411646,normal
CBGE,nonsense,NM_014002.4(IKBKE):c.802C>T (p.Gln268Ter),chr1,IKBKE,NM_014002.4,268,CAG,UAG,-10.475694683803676,normal
CBGE,nonsense,NM_014002.4(IKBKE):c.820C>T (p.Gln274Ter),chr1,IKBKE,NM_014002.4,274,CAG,UAG,-11.054404302260574,normal
CBGE,nonsense,NM_014002.4(IKBKE):c.826C>T (p.Gln276Ter),chr1,IKBKE,NM_014002.4,276,CAG,UAG,-11.694100472596611,normal
CBGE,nonsense,NM_014002.4(IKBKE):c.879G>A (p.Trp293Ter),chr1,IKBKE,NM_014002.4,293,UGG,UGA,-12.020963755123631,normal
CBGE,nonsense,NM_014002.4(IKBKE):c.889C>T (p.Gln297Ter),chr1,IKBKE,NM_014002.4,297,CAG,UAG,-11.80856326515053,normal
CBGE,nonsense,NM_014009.4(FOXP3):c.1043G>A (p.Trp348Ter),chrX,FOXP3,NM_014009.4,348,UGG,UAG,-10.404092369818812,normal
CBGE,nonsense,NM_014009.4(FOXP3):c.1044G>A (p.Trp348Ter),chrX,FOXP3,NM_014009.4,348,UGG,UGA,-9.604609956769067,normal
CBGE,nonsense,NM_014009.4(FOXP3):c.1142G>A (p.Trp381Ter),chrX,FOXP3,NM_014009.4,381,UGG,UAG,-14.545147833189867,normal
CBGE,nonsense,NM_014009.4(FOXP3):c.1143G>A (p.Trp381Ter),chrX,FOXP3,NM_014009.4,381,UGG,UGA,-14.59416957867544,normal
CBGE,nonsense,NM_014009.4(FOXP3):c.136C>T (p.Gln46Ter),chrX,FOXP3,NM_014009.4,46,CAG,UAG,-10.304347974367763,normal
CBGE,nonsense,NM_014009.4(FOXP3):c.202C>T (p.Gln68Ter),chrX,FOXP3,NM_014009.4,68,CAG,UAG,-11.604794478704347,normal
CBGE,nonsense,NM_014009.4(FOXP3):c.355C>T (p.Gln119Ter),chrX,FOXP3,NM_014009.4,119,CAG,UAG,-11.78510287065606,normal
CBGE,nonsense,NM_014009.4(FOXP3):c.733C>T (p.Gln245Ter),chrX,FOXP3,NM_014009.4,245,CAG,UAG,-14.06865409914007,normal
CBGE,nonsense,NM_014009.4(FOXP3):c.769C>T (p.Gln257Ter),chrX,FOXP3,NM_014009.4,257,CAG,UAG,-11.608743621670952,normal
CBGE,nonsense,NM_014009.4(FOXP3):c.77G>A (p.Trp26Ter),chrX,FOXP3,NM_014009.4,26,UGG,UAG,-11.39795973808094,normal
CBGE,nonsense,NM_014009.4(FOXP3):c.78G>A (p.Trp26Ter),chrX,FOXP3,NM_014009.4,26,UGG,UGA,-11.15157697373088,normal
CBGE,nonsense,NM_014143.4(CD274):c.196C>T (p.Gln66Ter),chr9,CD274,NM_014143.4,66,CAA,UAA,-11.49638755685567,normal
CBGE,nonsense,NM_014143.4(CD274):c.247C>T (p.Gln83Ter),chr9,CD274,NM_014143.4,83,CAG,UAG,-10.209472676722203,normal
CBGE,nonsense,NM_014143.4(CD274):c.271C>T (p.Gln91Ter),chr9,CD274,NM_014143.4,91,CAG,UAG,-11.215339638480044,normal
CBGE,nonsense,NM_014143.4(CD274):c.319C>T (p.Gln107Ter),chr9,CD274,NM_014143.4,107,CAG,UAG,-11.429061822945878,normal
CBGE,nonsense,NM_014143.4(CD274):c.373C>T (p.Arg125Ter),chr9,CD274,NM_014143.4,125,CGA,UGA,-8.979159391151876,normal
CBGE,nonsense,NM_014143.4(CD274):c.415C>T (p.Gln139Ter),chr9,CD274,NM_014143.4,139,CAA,UAA,-10.820741681076822,normal
CBGE,nonsense,NM_014143.4(CD274):c.500G>A (p.Trp167Ter),chr9,CD274,NM_014143.4,167,UGG,UAG,-15.45538711187118,normal
CBGE,nonsense,NM_014143.4(CD274):c.501G>A (p.Trp167Ter),chr9,CD274,NM_014143.4,167,UGG,UGA,-15.057535096676736,normal
CBGE,nonsense,NM_014186.4(COMMD9):c.326G>A (p.Trp109Ter),chr11,COMMD9,NM_014186.4,109,UGG,UAG,-12.64509386589928,normal
CBGE,nonsense,NM_014186.4(COMMD9):c.327G>A (p.Trp109Ter),chr11,COMMD9,NM_014186.4,109,UGG,UGA,-12.481700912027785,normal
CBGE,nonsense,NM_014186.4(COMMD9):c.384G>A (p.Trp128Ter),chr11,COMMD9,NM_014186.4,128,UGG,UGA,-12.687333168666228,normal
CBGE,nonsense,NM_014186.4(COMMD9):c.460C>T (p.Gln154Ter),chr11,COMMD9,NM_014186.4,154,CAA,UAA,-10.2539682534924,normal
CBGE,nonsense,NM_014186.4(COMMD9):c.565C>T (p.Arg189Ter),chr11,COMMD9,NM_014186.4,189,CGA,UGA,-10.20903589453764,normal
CBGE,nonsense,NM_014186.4(COMMD9):c.571C>T (p.Gln191Ter),chr11,COMMD9,NM_014186.4,191,CAA,UAA,-11.155371575717094,normal
CBGE,nonsense,NM_014207.4(CD5):c.1061G>A (p.Trp354Ter),chr11,CD5,NM_014207.4,354,UGG,UAG,-11.633382778302014,normal
CBGE,nonsense,NM_014207.4(CD5):c.1062G>A (p.Trp354Ter),chr11,CD5,NM_014207.4,354,UGG,UGA,-11.51456164429716,normal
CBGE,nonsense,NM_014207.4(CD5):c.1102C>T (p.Gln368Ter),chr11,CD5,NM_014207.4,368,CAG,UAG,-11.996559215909263,gof
CBGE,nonsense,NM_014207.4(CD5):c.212G>A (p.Trp71Ter),chr11,CD5,NM_014207.4,71,UGG,UAG,-12.267272002239718,gof
CBGE,nonsense,NM_014207.4(CD5):c.213G>A (p.Trp71Ter),chr11,CD5,NM_014207.4,71,UGG,UGA,-12.018042514377395,normal
CBGE,nonsense,NM_014207.4(CD5):c.304C>T (p.Gln102Ter),chr11,CD5,NM_014207.4,102,CAG,UAG,-11.708129001170214,gof
CBGE,nonsense,NM_014207.4(CD5):c.478C>T (p.Gln160Ter),chr11,CD5,NM_014207.4,160,CAG,UAG,-12.663152709900883,gof
CBGE,nonsense,NM_014207.4(CD5):c.691C>T (p.Gln231Ter),chr11,CD5,NM_014207.4,231,CAG,UAG,-11.650086415589238,gof
CBGE,nonsense,NM_014207.4(CD5):c.710G>A (p.Trp237Ter),chr11,CD5,NM_014207.4,237,UGG,UAG,-12.35943600140965,gof
CBGE,nonsense,NM_014207.4(CD5):c.711G>A (p.Trp237Ter),chr11,CD5,NM_014207.4,237,UGG,UGA,-12.125619892157598,gof
CBGE,nonsense,NM_014207.4(CD5):c.83G>A (p.Trp28Ter),chr11,CD5,NM_014207.4,28,UGG,UAG,-11.588645925478376,gof
CBGE,nonsense,NM_014207.4(CD5):c.84G>A (p.Trp28Ter),chr11,CD5,NM_014207.4,28,UGG,UGA,-11.26820755597011,gof
CBGE,nonsense,NM_014207.4(CD5):c.877C>T (p.Gln293Ter),chr11,CD5,NM_014207.4,293,CAG,UAG,-12.191157359847647,normal
CBGE,nonsense,NM_014207.4(CD5):c.890G>A (p.Trp297Ter),chr11,CD5,NM_014207.4,297,UGG,UAG,-14.891103815272846,normal
CBGE,nonsense,NM_014207.4(CD5):c.891G>A (p.Trp297Ter),chr11,CD5,NM_014207.4,297,UGG,UGA,-14.510309253927044,normal
CBGE,nonsense,NM_014207.4(CD5):c.935G>A (p.Trp312Ter),chr11,CD5,NM_014207.4,312,UGG,UAG,-11.317590622004104,gof
CBGE,nonsense,NM_014207.4(CD5):c.936G>A (p.Trp312Ter),chr11,CD5,NM_014207.4,312,UGG,UGA,-11.19672200962106,gof
CBGE,nonsense,NM_014207.4(CD5):c.955C>T (p.Gln319Ter),chr11,CD5,NM_014207.4,319,CAG,UAG,-12.720725098558562,normal
CBGE,nonsense,NM_014389.3(PELP1):c.1210C>T (p.Gln404Ter),chr17,PELP1,NM_014389.3,404,CAG,UAG,-11.956975884362684,normal
CBGE,nonsense,NM_014389.3(PELP1):c.1258C>T (p.Gln420Ter),chr17,PELP1,NM_014389.3,420,CAG,UAG,-11.13199614518049,normal
CBGE,nonsense,NM_014389.3(PELP1):c.1678C>T (p.Gln560Ter),chr17,PELP1,NM_014389.3,560,CAG,UAG,-10.87399296200135,normal
CBGE,nonsense,NM_014389.3(PELP1):c.2575C>T (p.Gln859Ter),chr17,PELP1,NM_014389.3,859,CAG,UAG,-10.835613236831808,normal
CBGE,nonsense,NM_014389.3(PELP1):c.406C>T (p.Gln136Ter),chr17,PELP1,NM_014389.3,136,CAG,UAG,-11.48513602389382,normal
CBGE,nonsense,NM_014550.4(CARD10):c.1009C>T (p.Gln337Ter),chr22,CARD10,NM_014550.4,337,CAG,UAG,-11.67588421574008,normal
CBGE,nonsense,NM_014550.4(CARD10):c.1039C>T (p.Gln347Ter),chr22,CARD10,NM_014550.4,347,CAG,UAG,-12.2504271785879,normal
CBGE,nonsense,NM_014550.4(CARD10):c.1043G>A (p.Trp348Ter),chr22,CARD10,NM_014550.4,348,UGG,UAG,-11.508842417125344,normal
CBGE,nonsense,NM_014550.4(CARD10):c.1044G>A (p.Trp348Ter),chr22,CARD10,NM_014550.4,348,UGG,UGA,-11.07044980776636,normal
CBGE,nonsense,NM_014550.4(CARD10):c.1072C>T (p.Gln358Ter),chr22,CARD10,NM_014550.4,358,CAG,UAG,-12.597805029843297,normal
CBGE,nonsense,NM_014550.4(CARD10):c.1198C>T (p.Gln400Ter),chr22,CARD10,NM_014550.4,400,CAG,UAG,-12.516564435290668,normal
CBGE,nonsense,NM_014550.4(CARD10):c.1231C>T (p.Gln411Ter),chr22,CARD10,NM_014550.4,411,CAG,UAG,-12.93933289472199,normal
CBGE,nonsense,NM_014550.4(CARD10):c.1252C>T (p.Gln418Ter),chr22,CARD10,NM_014550.4,418,CAG,UAG,-12.232809135054213,normal
CBGE,nonsense,NM_014550.4(CARD10):c.1264C>T (p.Gln422Ter),chr22,CARD10,NM_014550.4,422,CAG,UAG,-12.427453990713383,normal
CBGE,nonsense,NM_014550.4(CARD10):c.1348C>T (p.Gln450Ter),chr22,CARD10,NM_014550.4,450,CAG,UAG,-12.214223930553096,normal
CBGE,nonsense,NM_014550.4(CARD10):c.1354C>T (p.Gln452Ter),chr22,CARD10,NM_014550.4,452,CAG,UAG,-12.954288518963246,normal
CBGE,nonsense,NM_014550.4(CARD10):c.1430G>A (p.Trp477Ter),chr22,CARD10,NM_014550.4,477,UGG,UAG,-10.184777263931515,normal
CBGE,nonsense,NM_014550.4(CARD10):c.1431G>A (p.Trp477Ter),chr22,CARD10,NM_014550.4,477,UGG,UGA,-10.0854129178333,normal
CBGE,nonsense,NM_014550.4(CARD10):c.1727G>A (p.Trp576Ter),chr22,CARD10,NM_014550.4,576,UGG,UAG,-11.46652796054032,normal
CBGE,nonsense,NM_014550.4(CARD10):c.1728G>A (p.Trp576Ter),chr22,CARD10,NM_014550.4,576,UGG,UGA,-11.191930791255045,normal
CBGE,nonsense,NM_014550.4(CARD10):c.178C>T (p.Gln60Ter),chr22,CARD10,NM_014550.4,60,CAG,UAG,-10.690425887006723,normal
CBGE,nonsense,NM_014550.4(CARD10):c.1840C>T (p.Gln614Ter),chr22,CARD10,NM_014550.4,614,CAG,UAG,-9.734170954936896,normal
CBGE,nonsense,NM_014550.4(CARD10):c.1948C>T (p.Gln650Ter),chr22,CARD10,NM_014550.4,650,CAA,UAA,-9.65105533891158,normal
CBGE,nonsense,NM_014550.4(CARD10):c.2019G>A (p.Trp673Ter),chr22,CARD10,NM_014550.4,673,UGG,UGA,-11.889844954522411,normal
CBGE,nonsense,NM_014550.4(CARD10):c.2065C>T (p.Gln689Ter),chr22,CARD10,NM_014550.4,689,CAG,UAG,-10.805431406296975,normal
CBGE,nonsense,NM_014550.4(CARD10):c.2227C>T (p.Gln743Ter),chr22,CARD10,NM_014550.4,743,CAG,UAG,-10.651647563253784,normal
CBGE,nonsense,NM_014550.4(CARD10):c.2308C>T (p.Gln770Ter),chr22,CARD10,NM_014550.4,770,CAG,UAG,-12.017125085917822,normal
CBGE,nonsense,NM_014550.4(CARD10):c.2311C>T (p.Gln771Ter),chr22,CARD10,NM_014550.4,771,CAG,UAG,-12.264925035157551,normal
CBGE,nonsense,NM_014550.4(CARD10):c.2452C>T (p.Gln818Ter),chr22,CARD10,NM_014550.4,818,CAG,UAG,-9.963767999520304,normal
CBGE,nonsense,NM_014550.4(CARD10):c.2620C>T (p.Gln874Ter),chr22,CARD10,NM_014550.4,874,CAA,UAA,-9.23319247967238,normal
CBGE,nonsense,NM_014550.4(CARD10):c.2692C>T (p.Gln898Ter),chr22,CARD10,NM_014550.4,898,CAG,UAG,-9.822875978907938,normal
CBGE,nonsense,NM_014550.4(CARD10):c.2734C>T (p.Gln912Ter),chr22,CARD10,NM_014550.4,912,CAG,UAG,-11.44326685784376,normal
CBGE,nonsense,NM_014550.4(CARD10):c.2911C>T (p.Gln971Ter),chr22,CARD10,NM_014550.4,971,CAG,UAG,-11.088269253791536,normal
CBGE,nonsense,NM_014550.4(CARD10):c.2929C>T (p.Gln977Ter),chr22,CARD10,NM_014550.4,977,CAG,UAG,-10.54898452868488,normal
CBGE,nonsense,NM_014550.4(CARD10):c.2957G>A (p.Trp986Ter),chr22,CARD10,NM_014550.4,986,UGG,UAG,-12.149086033561376,normal
CBGE,nonsense,NM_014550.4(CARD10):c.2962C>T (p.Gln988Ter),chr22,CARD10,NM_014550.4,988,CAG,UAG,-10.657600464051772,normal
CBGE,nonsense,NM_014550.4(CARD10):c.3034C>T (p.Gln1012Ter),chr22,CARD10,NM_014550.4,1012,CAG,UAG,-11.33015056390104,normal
CBGE,nonsense,NM_014550.4(CARD10):c.421C>T (p.Arg141Ter),chr22,CARD10,NM_014550.4,141,CGA,UGA,-10.665222117121113,normal
CBGE,nonsense,NM_014550.4(CARD10):c.448C>T (p.Gln150Ter),chr22,CARD10,NM_014550.4,150,CAG,UAG,-11.64717477513836,normal
CBGE,nonsense,NM_014550.4(CARD10):c.454C>T (p.Gln152Ter),chr22,CARD10,NM_014550.4,152,CAG,UAG,-12.896994681585468,normal
CBGE,nonsense,NM_014550.4(CARD10):c.532C>T (p.Gln178Ter),chr22,CARD10,NM_014550.4,178,CAG,UAG,-11.511447943113977,normal
CBGE,nonsense,NM_014550.4(CARD10):c.535C>T (p.Gln179Ter),chr22,CARD10,NM_014550.4,179,CAG,UAG,-11.97122761744905,normal
CBGE,nonsense,NM_014550.4(CARD10):c.643C>T (p.Gln215Ter),chr22,CARD10,NM_014550.4,215,CAG,UAG,-13.337388035343562,normal
CBGE,nonsense,NM_014550.4(CARD10):c.754C>T (p.Arg252Ter),chr22,CARD10,NM_014550.4,252,CGA,UGA,-11.65681069707796,normal
CBGE,nonsense,NM_014550.4(CARD10):c.862C>T (p.Gln288Ter),chr22,CARD10,NM_014550.4,288,CAG,UAG,-13.086513529832766,normal
CBGE,nonsense,NM_014550.4(CARD10):c.904C>T (p.Gln302Ter),chr22,CARD10,NM_014550.4,302,CAG,UAG,-11.652104342097932,normal
CBGE,nonsense,NM_014550.4(CARD10):c.907C>T (p.Gln303Ter),chr22,CARD10,NM_014550.4,303,CAG,UAG,-11.986296685124806,normal
CBGE,nonsense,NM_014550.4(CARD10):c.974G>A (p.Trp325Ter),chr22,CARD10,NM_014550.4,325,UGG,UAG,-11.86315052108421,normal
CBGE,nonsense,NM_014550.4(CARD10):c.975G>A (p.Trp325Ter),chr22,CARD10,NM_014550.4,325,UGG,UGA,-11.334496556654262,normal
CBGE,nonsense,NM_014602.3(PIK3R4):c.10C>T (p.Gln4Ter),chr3,PIK3R4,NM_014602.3,4,CAG,UAG,-11.357492379619655,normal
CBGE,nonsense,NM_014602.3(PIK3R4):c.1501C>T (p.Gln501Ter),chr3,PIK3R4,NM_014602.3,501,CAG,UAG,-10.749202793766704,normal
CBGE,nonsense,NM_014602.3(PIK3R4):c.1591C>T (p.Gln531Ter),chr3,PIK3R4,NM_014602.3,531,CAA,UAA,-11.93717382528142,normal
CBGE,nonsense,NM_014602.3(PIK3R4):c.1660C>T (p.Gln554Ter),chr3,PIK3R4,NM_014602.3,554,CAA,UAA,-9.33686446365932,normal
CBGE,nonsense,NM_014602.3(PIK3R4):c.1772G>A (p.Trp591Ter),chr3,PIK3R4,NM_014602.3,591,UGG,UAG,-13.221861849496886,normal
CBGE,nonsense,NM_014602.3(PIK3R4):c.1773G>A (p.Trp591Ter),chr3,PIK3R4,NM_014602.3,591,UGG,UGA,-12.7824936407695,normal
CBGE,nonsense,NM_014602.3(PIK3R4):c.2009G>A (p.Trp670Ter),chr3,PIK3R4,NM_014602.3,670,UGG,UAG,-14.15897551478607,normal
CBGE,nonsense,NM_014602.3(PIK3R4):c.2245C>T (p.Gln749Ter),chr3,PIK3R4,NM_014602.3,749,CAG,UAG,-12.753168043551945,normal
CBGE,nonsense,NM_014602.3(PIK3R4):c.2937G>A (p.Trp979Ter),chr3,PIK3R4,NM_014602.3,979,UGG,UGA,-15.53994180040625,normal
CBGE,nonsense,NM_014602.3(PIK3R4):c.3199C>T (p.Gln1067Ter),chr3,PIK3R4,NM_014602.3,1067,CAG,UAG,-12.90014742137296,normal
CBGE,nonsense,NM_014602.3(PIK3R4):c.4015C>T (p.Gln1339Ter),chr3,PIK3R4,NM_014602.3,1339,CAG,UAG,-11.346682590646957,normal
CBGE,nonsense,NM_014602.3(PIK3R4):c.412C>T (p.Gln138Ter),chr3,PIK3R4,NM_014602.3,138,CAA,UAA,-10.776788667893689,normal
CBGE,nonsense,NM_014602.3(PIK3R4):c.482G>A (p.Trp161Ter),chr3,PIK3R4,NM_014602.3,161,UGG,UAG,-15.190099722938232,normal
CBGE,nonsense,NM_014602.3(PIK3R4):c.483G>A (p.Trp161Ter),chr3,PIK3R4,NM_014602.3,161,UGG,UGA,-15.250519757479696,normal
CBGE,nonsense,NM_014602.3(PIK3R4):c.787C>T (p.Gln263Ter),chr3,PIK3R4,NM_014602.3,263,CAA,UAA,-12.468457196498267,normal
CBGE,nonsense,NM_014602.3(PIK3R4):c.973C>T (p.Gln325Ter),chr3,PIK3R4,NM_014602.3,325,CAG,UAG,-12.9028147750147,normal
CBGE,nonsense,NM_014729.3(TOX):c.1090C>T (p.Gln364Ter),chr8,TOX,NM_014729.3,364,CAG,UAG,-12.4652843000924,normal
CBGE,nonsense,NM_014729.3(TOX):c.1129C>T (p.Gln377Ter),chr8,TOX,NM_014729.3,377,CAA,UAA,-12.63091564793291,normal
CBGE,nonsense,NM_014729.3(TOX):c.1324C>T (p.Gln442Ter),chr8,TOX,NM_014729.3,442,CAG,UAG,-14.174811380685648,normal
CBGE,nonsense,NM_014729.3(TOX):c.1327C>T (p.Gln443Ter),chr8,TOX,NM_014729.3,443,CAG,UAG,-13.906499913219356,normal
CBGE,nonsense,NM_014729.3(TOX):c.1342C>T (p.Gln448Ter),chr8,TOX,NM_014729.3,448,CAG,UAG,-13.521467239602565,normal
CBGE,nonsense,NM_014729.3(TOX):c.1390C>T (p.Gln464Ter),chr8,TOX,NM_014729.3,464,CAA,UAA,-13.012006766968964,normal
CBGE,nonsense,NM_014729.3(TOX):c.1450C>T (p.Gln484Ter),chr8,TOX,NM_014729.3,484,CAA,UAA,-11.825561456754278,normal
CBGE,nonsense,NM_014729.3(TOX):c.1507C>T (p.Gln503Ter),chr8,TOX,NM_014729.3,503,CAA,UAA,-11.321317680570871,normal
CBGE,nonsense,NM_014729.3(TOX):c.1520G>A (p.Trp507Ter),chr8,TOX,NM_014729.3,507,UGG,UAG,-12.639509185761169,normal
CBGE,nonsense,NM_014729.3(TOX):c.1521G>A (p.Trp507Ter),chr8,TOX,NM_014729.3,507,UGG,UGA,-12.169839854797983,normal
CBGE,nonsense,NM_014729.3(TOX):c.424C>T (p.Arg142Ter),chr8,TOX,NM_014729.3,142,CGA,UGA,-9.765246422208714,normal
CBGE,nonsense,NM_014729.3(TOX):c.505C>T (p.Gln169Ter),chr8,TOX,NM_014729.3,169,CAG,UAG,-12.322202652198628,normal
CBGE,nonsense,NM_014729.3(TOX):c.508C>T (p.Gln170Ter),chr8,TOX,NM_014729.3,170,CAG,UAG,-12.350096659938322,normal
CBGE,nonsense,NM_014729.3(TOX):c.556C>T (p.Gln186Ter),chr8,TOX,NM_014729.3,186,CAG,UAG,-12.444918548993869,normal
CBGE,nonsense,NM_014729.3(TOX):c.568C>T (p.Gln190Ter),chr8,TOX,NM_014729.3,190,CAA,UAA,-12.088201467508156,normal
CBGE,nonsense,NM_014729.3(TOX):c.826C>T (p.Gln276Ter),chr8,TOX,NM_014729.3,276,CAG,UAG,-10.420157440710344,normal
CBGE,nonsense,NM_014729.3(TOX):c.844C>T (p.Gln282Ter),chr8,TOX,NM_014729.3,282,CAA,UAA,-14.120335548697986,normal
CBGE,nonsense,NM_014729.3(TOX):c.916C>T (p.Gln306Ter),chr8,TOX,NM_014729.3,306,CAA,UAA,-9.929069563997173,normal
CBGE,nonsense,NM_014729.3(TOX):c.922C>T (p.Gln308Ter),chr8,TOX,NM_014729.3,308,CAG,UAG,-10.439380668600666,normal
CBGE,nonsense,NM_014771.4(RNF40):c.1222C>T (p.Gln408Ter),chr16,RNF40,NM_014771.4,408,CAG,UAG,-14.11839193246376,normal
CBGE,nonsense,NM_014771.4(RNF40):c.1423C>T (p.Gln475Ter),chr16,RNF40,NM_014771.4,475,CAG,UAG,-12.142936720504393,normal
CBGE,nonsense,NM_014771.4(RNF40):c.1486C>T (p.Gln496Ter),chr16,RNF40,NM_014771.4,496,CAG,UAG,-12.61333754127527,normal
CBGE,nonsense,NM_014771.4(RNF40):c.1534C>T (p.Gln512Ter),chr16,RNF40,NM_014771.4,512,CAA,UAA,-11.823560703907054,normal
CBGE,nonsense,NM_014771.4(RNF40):c.157C>T (p.Gln53Ter),chr16,RNF40,NM_014771.4,53,CAG,UAG,-13.22647187372094,normal
CBGE,nonsense,NM_014771.4(RNF40):c.1768C>T (p.Gln590Ter),chr16,RNF40,NM_014771.4,590,CAG,UAG,-10.74324795981923,normal
CBGE,nonsense,NM_014771.4(RNF40):c.1789C>T (p.Gln597Ter),chr16,RNF40,NM_014771.4,597,CAG,UAG,-10.118520701128404,normal
CBGE,nonsense,NM_014771.4(RNF40):c.2062C>T (p.Gln688Ter),chr16,RNF40,NM_014771.4,688,CAG,UAG,-12.602462809913948,normal
CBGE,nonsense,NM_014771.4(RNF40):c.2221C>T (p.Gln741Ter),chr16,RNF40,NM_014771.4,741,CAG,UAG,-12.845775629707669,normal
CBGE,nonsense,NM_014771.4(RNF40):c.2287C>T (p.Gln763Ter),chr16,RNF40,NM_014771.4,763,CAG,UAG,-12.348510776475392,normal
CBGE,nonsense,NM_014771.4(RNF40):c.2305C>T (p.Gln769Ter),chr16,RNF40,NM_014771.4,769,CAG,UAG,-12.244187308182582,normal
CBGE,nonsense,NM_014771.4(RNF40):c.2437C>T (p.Gln813Ter),chr16,RNF40,NM_014771.4,813,CAG,UAG,-12.545107864372207,normal
CBGE,nonsense,NM_014771.4(RNF40):c.2485C>T (p.Gln829Ter),chr16,RNF40,NM_014771.4,829,CAG,UAG,-12.933124536403152,normal
CBGE,nonsense,NM_014771.4(RNF40):c.2506C>T (p.Arg836Ter),chr16,RNF40,NM_014771.4,836,CGA,UGA,-10.867096869230052,normal
CBGE,nonsense,NM_014771.4(RNF40):c.2662C>T (p.Gln888Ter),chr16,RNF40,NM_014771.4,888,CAG,UAG,-13.295853570544097,normal
CBGE,nonsense,NM_014771.4(RNF40):c.2764C>T (p.Gln922Ter),chr16,RNF40,NM_014771.4,922,CAG,UAG,-12.522044200983837,normal
CBGE,nonsense,NM_014771.4(RNF40):c.544C>T (p.Gln182Ter),chr16,RNF40,NM_014771.4,182,CAA,UAA,-11.137775490657493,normal
CBGE,nonsense,NM_014771.4(RNF40):c.631C>T (p.Gln211Ter),chr16,RNF40,NM_014771.4,211,CAG,UAG,-12.450654042867177,normal
CBGE,nonsense,NM_014771.4(RNF40):c.691C>T (p.Arg231Ter),chr16,RNF40,NM_014771.4,231,CGA,UGA,-9.897875759336587,normal
CBGE,nonsense,NM_014771.4(RNF40):c.916C>T (p.Gln306Ter),chr16,RNF40,NM_014771.4,306,CAG,UAG,-12.750598911479935,normal
CBGE,nonsense,NM_015049.3(TRAK2):c.1030C>T (p.Gln344Ter),chr2,TRAK2,NM_015049.3,344,CAA,UAA,-10.65499687618456,normal
CBGE,nonsense,NM_015049.3(TRAK2):c.1090C>T (p.Gln364Ter),chr2,TRAK2,NM_015049.3,364,CAA,UAA,-10.910215384471575,normal
CBGE,nonsense,NM_015049.3(TRAK2):c.1189C>T (p.Gln397Ter),chr2,TRAK2,NM_015049.3,397,CAA,UAA,-10.038433136632412,normal
CBGE,nonsense,NM_015049.3(TRAK2):c.1198C>T (p.Gln400Ter),chr2,TRAK2,NM_015049.3,400,CAA,UAA,-10.955743783103864,normal
CBGE,nonsense,NM_015049.3(TRAK2):c.1339C>T (p.Gln447Ter),chr2,TRAK2,NM_015049.3,447,CAG,UAG,-10.733135126510906,normal
CBGE,nonsense,NM_015049.3(TRAK2):c.1405C>T (p.Gln469Ter),chr2,TRAK2,NM_015049.3,469,CAG,UAG,-10.727982469517151,normal
CBGE,nonsense,NM_015049.3(TRAK2):c.1417C>T (p.Gln473Ter),chr2,TRAK2,NM_015049.3,473,CAA,UAA,-9.813419295000616,normal
CBGE,nonsense,NM_015049.3(TRAK2):c.148C>T (p.Gln50Ter),chr2,TRAK2,NM_015049.3,50,CAA,UAA,-10.776876400944936,normal
CBGE,nonsense,NM_015049.3(TRAK2):c.1501C>T (p.Gln501Ter),chr2,TRAK2,NM_015049.3,501,CAG,UAG,-12.606911652009824,normal
CBGE,nonsense,NM_015049.3(TRAK2):c.1522C>T (p.Gln508Ter),chr2,TRAK2,NM_015049.3,508,CAG,UAG,-12.455579727808948,normal
CBGE,nonsense,NM_015049.3(TRAK2):c.1534C>T (p.Gln512Ter),chr2,TRAK2,NM_015049.3,512,CAG,UAG,-12.197671856805847,normal
CBGE,nonsense,NM_015049.3(TRAK2):c.1549C>T (p.Gln517Ter),chr2,TRAK2,NM_015049.3,517,CAG,UAG,-11.642503746098193,normal
CBGE,nonsense,NM_015049.3(TRAK2):c.1675C>T (p.Gln559Ter),chr2,TRAK2,NM_015049.3,559,CAA,UAA,-10.897597320001688,normal
CBGE,nonsense,NM_015049.3(TRAK2):c.1723C>T (p.Gln575Ter),chr2,TRAK2,NM_015049.3,575,CAG,UAG,-12.108424151492088,normal
CBGE,nonsense,NM_015049.3(TRAK2):c.1732C>T (p.Gln578Ter),chr2,TRAK2,NM_015049.3,578,CAA,UAA,-10.525312498880885,normal
CBGE,nonsense,NM_015049.3(TRAK2):c.1762C>T (p.Arg588Ter),chr2,TRAK2,NM_015049.3,588,CGA,UGA,-9.7752218086857,normal
CBGE,nonsense,NM_015049.3(TRAK2):c.1792C>T (p.Gln598Ter),chr2,TRAK2,NM_015049.3,598,CAG,UAG,-10.46986683514448,normal
CBGE,nonsense,NM_015049.3(TRAK2):c.1867C>T (p.Gln623Ter),chr2,TRAK2,NM_015049.3,623,CAG,UAG,-11.38985061743658,normal
CBGE,nonsense,NM_015049.3(TRAK2):c.1870C>T (p.Gln624Ter),chr2,TRAK2,NM_015049.3,624,CAA,UAA,-11.248195606029372,normal
CBGE,nonsense,NM_015049.3(TRAK2):c.2056C>T (p.Gln686Ter),chr2,TRAK2,NM_015049.3,686,CAG,UAG,-9.901425357168034,normal
CBGE,nonsense,NM_015049.3(TRAK2):c.211C>T (p.Gln71Ter),chr2,TRAK2,NM_015049.3,71,CAG,UAG,-10.768825469554756,normal
CBGE,nonsense,NM_015049.3(TRAK2):c.2236C>T (p.Gln746Ter),chr2,TRAK2,NM_015049.3,746,CAA,UAA,-11.704738579114862,normal
CBGE,nonsense,NM_015049.3(TRAK2):c.2293C>T (p.Gln765Ter),chr2,TRAK2,NM_015049.3,765,CAG,UAG,-10.794020706563163,normal
CBGE,nonsense,NM_015049.3(TRAK2):c.2437C>T (p.Gln813Ter),chr2,TRAK2,NM_015049.3,813,CAG,UAG,-11.058319030591278,normal
CBGE,nonsense,NM_015049.3(TRAK2):c.2485C>T (p.Gln829Ter),chr2,TRAK2,NM_015049.3,829,CAG,UAG,-11.1727104859258,normal
CBGE,nonsense,NM_015049.3(TRAK2):c.2557C>T (p.Gln853Ter),chr2,TRAK2,NM_015049.3,853,CAA,UAA,-10.091283848834967,normal
CBGE,nonsense,NM_015049.3(TRAK2):c.2575C>T (p.Gln859Ter),chr2,TRAK2,NM_015049.3,859,CAG,UAG,-10.817422809410107,normal
CBGE,nonsense,NM_015049.3(TRAK2):c.2662C>T (p.Gln888Ter),chr2,TRAK2,NM_015049.3,888,CAG,UAG,-11.518394481877095,normal
CBGE,nonsense,NM_015049.3(TRAK2):c.400C>T (p.Gln134Ter),chr2,TRAK2,NM_015049.3,134,CAA,UAA,-11.81759547547586,normal
CBGE,nonsense,NM_015049.3(TRAK2):c.436C>T (p.Gln146Ter),chr2,TRAK2,NM_015049.3,146,CAG,UAG,-13.343515394453144,normal
CBGE,nonsense,NM_015049.3(TRAK2):c.640C>T (p.Gln214Ter),chr2,TRAK2,NM_015049.3,214,CAA,UAA,-12.09219259197195,normal
CBGE,nonsense,NM_015049.3(TRAK2):c.883C>T (p.Gln295Ter),chr2,TRAK2,NM_015049.3,295,CAG,UAG,-13.347766906507646,normal
CBGE,nonsense,NM_015049.3(TRAK2):c.955C>T (p.Gln319Ter),chr2,TRAK2,NM_015049.3,319,CAA,UAA,-11.013939861286527,normal
CBGE,nonsense,NM_015049.3(TRAK2):c.961C>T (p.Gln321Ter),chr2,TRAK2,NM_015049.3,321,CAA,UAA,-12.59248254277548,normal
CBGE,nonsense,NM_015148.4(PASK):c.1019G>A (p.Trp340Ter),chr2,PASK,NM_015148.4,340,UGG,UAG,-11.668170993109882,normal
CBGE,nonsense,NM_015148.4(PASK):c.1020G>A (p.Trp340Ter),chr2,PASK,NM_015148.4,340,UGG,UGA,-11.308317193476658,normal
CBGE,nonsense,NM_015148.4(PASK):c.1351C>T (p.Arg451Ter),chr2,PASK,NM_015148.4,451,CGA,UGA,-8.855989554224916,normal
CBGE,nonsense,NM_015148.4(PASK):c.1381C>T (p.Gln461Ter),chr2,PASK,NM_015148.4,461,CAA,UAA,-10.136920930910769,normal
CBGE,nonsense,NM_015148.4(PASK):c.1402C>T (p.Gln468Ter),chr2,PASK,NM_015148.4,468,CAG,UAG,-10.789625256290508,normal
CBGE,nonsense,NM_015148.4(PASK):c.1507C>T (p.Gln503Ter),chr2,PASK,NM_015148.4,503,CAG,UAG,-10.17697429633612,normal
CBGE,nonsense,NM_015148.4(PASK):c.1714C>T (p.Gln572Ter),chr2,PASK,NM_015148.4,572,CAG,UAG,-10.685268411362518,normal
CBGE,nonsense,NM_015148.4(PASK):c.175C>T (p.Gln59Ter),chr2,PASK,NM_015148.4,59,CAG,UAG,-10.343763374958716,normal
CBGE,nonsense,NM_015148.4(PASK):c.1760G>A (p.Trp587Ter),chr2,PASK,NM_015148.4,587,UGG,UAG,-11.054387049188833,normal
CBGE,nonsense,NM_015148.4(PASK):c.1761G>A (p.Trp587Ter),chr2,PASK,NM_015148.4,587,UGG,UGA,-10.878503778710918,normal
CBGE,nonsense,NM_015148.4(PASK):c.1786C>T (p.Gln596Ter),chr2,PASK,NM_015148.4,596,CAG,UAG,-10.77094167106728,normal
CBGE,nonsense,NM_015148.4(PASK):c.1798C>T (p.Gln600Ter),chr2,PASK,NM_015148.4,600,CAG,UAG,-9.915540803538244,normal
CBGE,nonsense,NM_015148.4(PASK):c.1850G>A (p.Trp617Ter),chr2,PASK,NM_015148.4,617,UGG,UAG,-11.16694058497265,normal
CBGE,nonsense,NM_015148.4(PASK):c.1851G>A (p.Trp617Ter),chr2,PASK,NM_015148.4,617,UGG,UGA,-10.909807179442632,normal
CBGE,nonsense,NM_015148.4(PASK):c.1864C>T (p.Arg622Ter),chr2,PASK,NM_015148.4,622,CGA,UGA,-8.465091797611754,normal
CBGE,nonsense,NM_015148.4(PASK):c.1972C>T (p.Gln658Ter),chr2,PASK,NM_015148.4,658,CAG,UAG,-10.98316572180788,normal
CBGE,nonsense,NM_015148.4(PASK):c.2425C>T (p.Gln809Ter),chr2,PASK,NM_015148.4,809,CAA,UAA,-10.163034388648152,normal
CBGE,nonsense,NM_015148.4(PASK):c.2656C>T (p.Gln886Ter),chr2,PASK,NM_015148.4,886,CAG,UAG,-10.781300504781075,normal
CBGE,nonsense,NM_015148.4(PASK):c.2701C>T (p.Arg901Ter),chr2,PASK,NM_015148.4,901,CGA,UGA,-9.90208335587304,normal
CBGE,nonsense,NM_015148.4(PASK):c.2725C>T (p.Gln909Ter),chr2,PASK,NM_015148.4,909,CAG,UAG,-10.826980593798911,normal
CBGE,nonsense,NM_015148.4(PASK):c.2780G>A (p.Trp927Ter),chr2,PASK,NM_015148.4,927,UGG,UAG,-12.751195877539596,normal
CBGE,nonsense,NM_015148.4(PASK):c.2806C>T (p.Gln936Ter),chr2,PASK,NM_015148.4,936,CAA,UAA,-10.44328877028232,normal
CBGE,nonsense,NM_015148.4(PASK):c.3041G>A (p.Trp1014Ter),chr2,PASK,NM_015148.4,1014,UGG,UAG,-12.263845494280808,normal
CBGE,nonsense,NM_015148.4(PASK):c.3042G>A (p.Trp1014Ter),chr2,PASK,NM_015148.4,1014,UGG,UGA,-12.167683576460863,normal
CBGE,nonsense,NM_015148.4(PASK):c.3232C>T (p.Gln1078Ter),chr2,PASK,NM_015148.4,1078,CAG,UAG,-9.271799712449756,normal
CBGE,nonsense,NM_015148.4(PASK):c.3560G>A (p.Trp1187Ter),chr2,PASK,NM_015148.4,1187,UGG,UAG,-15.801071192579842,normal
CBGE,nonsense,NM_015148.4(PASK):c.3561G>A (p.Trp1187Ter),chr2,PASK,NM_015148.4,1187,UGG,UGA,-15.527440978023908,normal
CBGE,nonsense,NM_015148.4(PASK):c.3928C>T (p.Gln1310Ter),chr2,PASK,NM_015148.4,1310,CAA,UAA,-9.997394605621164,normal
CBGE,nonsense,NM_015148.4(PASK):c.478C>T (p.Gln160Ter),chr2,PASK,NM_015148.4,160,CAG,UAG,-11.697467822006386,normal
CBGE,nonsense,NM_015148.4(PASK):c.505C>T (p.Gln169Ter),chr2,PASK,NM_015148.4,169,CAG,UAG,-11.421465929135536,normal
CBGE,nonsense,NM_015148.4(PASK):c.647G>A (p.Trp216Ter),chr2,PASK,NM_015148.4,216,UGG,UAG,-12.196424585214858,normal
CBGE,nonsense,NM_015148.4(PASK):c.648G>A (p.Trp216Ter),chr2,PASK,NM_015148.4,216,UGG,UGA,-12.122471747259905,normal
CBGE,nonsense,NM_015148.4(PASK):c.722G>A (p.Trp241Ter),chr2,PASK,NM_015148.4,241,UGG,UAG,-12.552955698541412,normal
CBGE,nonsense,NM_015148.4(PASK):c.723G>A (p.Trp241Ter),chr2,PASK,NM_015148.4,241,UGG,UGA,-12.056265879297104,normal
CBGE,nonsense,NM_015148.4(PASK):c.844C>T (p.Gln282Ter),chr2,PASK,NM_015148.4,282,CAG,UAG,-11.479006839867862,normal
CBGE,nonsense,NM_015148.4(PASK):c.952C>T (p.Gln318Ter),chr2,PASK,NM_015148.4,318,CAA,UAA,-9.649015340243238,normal
CBGE,nonsense,NM_015259.6(ICOSLG):c.247C>T (p.Arg83Ter),chr21,ICOSLG,NM_015259.6,83,CGA,UGA,-12.241261475511442,normal
CBGE,nonsense,NM_015259.6(ICOSLG):c.325C>T (p.Gln109Ter),chr21,ICOSLG,NM_015259.6,109,CAG,UAG,-9.605658973643983,normal
CBGE,nonsense,NM_015259.6(ICOSLG):c.352C>T (p.Gln118Ter),chr21,ICOSLG,NM_015259.6,118,CAA,UAA,-10.702592839905106,normal
CBGE,nonsense,NM_015259.6(ICOSLG):c.367C>T (p.Gln123Ter),chr21,ICOSLG,NM_015259.6,123,CAG,UAG,-11.87971685542433,normal
CBGE,nonsense,NM_015259.6(ICOSLG):c.49C>T (p.Arg17Ter),chr21,ICOSLG,NM_015259.6,17,CGA,UGA,-9.745005630677015,normal
CBGE,nonsense,NM_015259.6(ICOSLG):c.512G>A (p.Trp171Ter),chr21,ICOSLG,NM_015259.6,171,UGG,UAG,-15.725026095073432,normal
CBGE,nonsense,NM_015259.6(ICOSLG):c.513G>A (p.Trp171Ter),chr21,ICOSLG,NM_015259.6,171,UGG,UGA,-15.22230624646918,normal
CBGE,nonsense,NM_015259.6(ICOSLG):c.691C>T (p.Gln231Ter),chr21,ICOSLG,NM_015259.6,231,CAG,UAG,-10.74143793453958,normal
CBGE,nonsense,NM_015474.4(SAMHD1):c.1393C>T (p.Gln465Ter),chr20,SAMHD1,NM_015474.4,465,CAA,UAA,-10.398975389033785,normal
CBGE,nonsense,NM_015474.4(SAMHD1):c.1651C>T (p.Arg551Ter),chr20,SAMHD1,NM_015474.4,551,CGA,UGA,-11.15669923906365,normal
CBGE,nonsense,NM_015474.4(SAMHD1):c.1699C>T (p.Gln567Ter),chr20,SAMHD1,NM_015474.4,567,CAA,UAA,-11.431832279422885,normal
CBGE,nonsense,NM_015474.4(SAMHD1):c.1744C>T (p.Gln582Ter),chr20,SAMHD1,NM_015474.4,582,CAG,UAG,-9.797264095507698,normal
CBGE,nonsense,NM_015474.4(SAMHD1):c.1780C>T (p.Gln594Ter),chr20,SAMHD1,NM_015474.4,594,CAA,UAA,-9.480291363821692,normal
CBGE,nonsense,NM_015474.4(SAMHD1):c.1793G>A (p.Trp598Ter),chr20,SAMHD1,NM_015474.4,598,UGG,UAG,-11.21520236965332,normal
CBGE,nonsense,NM_015474.4(SAMHD1):c.1794G>A (p.Trp598Ter),chr20,SAMHD1,NM_015474.4,598,UGG,UGA,-10.981254630754584,normal
CBGE,nonsense,NM_015474.4(SAMHD1):c.445C>T (p.Gln149Ter),chr20,SAMHD1,NM_015474.4,149,CAG,UAG,-14.544774976018775,normal
CBGE,nonsense,NM_015474.4(SAMHD1):c.598C>T (p.Gln200Ter),chr20,SAMHD1,NM_015474.4,200,CAG,UAG,-11.409249256091137,normal
CBGE,nonsense,NM_015474.4(SAMHD1):c.811C>T (p.Gln271Ter),chr20,SAMHD1,NM_015474.4,271,CAA,UAA,-9.3307984227457,normal
CBGE,nonsense,NM_015967.8(PTPN22):c.1021C>T (p.Gln341Ter),chr1,PTPN22,NM_015967.8,341,CAA,UAA,-9.994324676266997,normal
CBGE,nonsense,NM_015967.8(PTPN22):c.1024C>T (p.Gln342Ter),chr1,PTPN22,NM_015967.8,342,CAA,UAA,-10.0221214175222,normal
CBGE,nonsense,NM_015967.8(PTPN22):c.1191G>A (p.Trp397Ter),chr1,PTPN22,NM_015967.8,397,UGG,UGA,-11.119132936075207,normal
CBGE,nonsense,NM_015967.8(PTPN22):c.1237C>T (p.Gln413Ter),chr1,PTPN22,NM_015967.8,413,CAA,UAA,-10.864645046908844,normal
CBGE,nonsense,NM_015967.8(PTPN22):c.1619G>A (p.Trp540Ter),chr1,PTPN22,NM_015967.8,540,UGG,UAG,-11.130459739546168,normal
CBGE,nonsense,NM_015967.8(PTPN22):c.1620G>A (p.Trp540Ter),chr1,PTPN22,NM_015967.8,540,UGG,UGA,-10.8617791217289,normal
CBGE,nonsense,NM_015967.8(PTPN22):c.2038C>T (p.Arg680Ter),chr1,PTPN22,NM_015967.8,680,CGA,UGA,-9.12554162391925,normal
CBGE,nonsense,NM_015967.8(PTPN22):c.2209C>T (p.Gln737Ter),chr1,PTPN22,NM_015967.8,737,CAG,UAG,-10.273346869979695,normal
CBGE,nonsense,NM_015967.8(PTPN22):c.22C>T (p.Gln8Ter),chr1,PTPN22,NM_015967.8,8,CAG,UAG,-11.80899141214638,normal
CBGE,nonsense,NM_015967.8(PTPN22):c.341G>A (p.Trp114Ter),chr1,PTPN22,NM_015967.8,114,UGG,UAG,-13.576251055873255,normal
CBGE,nonsense,NM_015967.8(PTPN22):c.342G>A (p.Trp114Ter),chr1,PTPN22,NM_015967.8,114,UGG,UGA,-13.48718348984708,normal
CBGE,nonsense,NM_015967.8(PTPN22):c.448C>T (p.Gln150Ter),chr1,PTPN22,NM_015967.8,150,CAG,UAG,-11.342885910608455,normal
CBGE,nonsense,NM_015967.8(PTPN22):c.559C>T (p.Gln187Ter),chr1,PTPN22,NM_015967.8,187,CAG,UAG,-12.786792754909031,normal
CBGE,nonsense,NM_015967.8(PTPN22):c.832C>T (p.Gln278Ter),chr1,PTPN22,NM_015967.8,278,CAA,UAA,-12.28120417391678,normal
CBGE,nonsense,NM_016123.4(IRAK4):c.148C>T (p.Gln50Ter),chr12,IRAK4,NM_016123.4,50,CAG,UAG,-10.157191332184691,normal
CBGE,nonsense,NM_016123.4(IRAK4):c.547C>T (p.Arg183Ter),chr12,IRAK4,NM_016123.4,183,CGA,UGA,-9.138682407550291,normal
CBGE,nonsense,NM_016123.4(IRAK4):c.694C>T (p.Gln232Ter),chr12,IRAK4,NM_016123.4,232,CAA,UAA,-11.20310587238161,normal
CBGE,nonsense,NM_016123.4(IRAK4):c.854G>A (p.Trp285Ter),chr12,IRAK4,NM_016123.4,285,UGG,UAG,-15.956375154212742,normal
CBGE,nonsense,NM_016123.4(IRAK4):c.855G>A (p.Trp285Ter),chr12,IRAK4,NM_016123.4,285,UGG,UGA,-15.882244157713457,normal
CBGE,nonsense,NM_016123.4(IRAK4):c.85C>T (p.Gln29Ter),chr12,IRAK4,NM_016123.4,29,CAA,UAA,-9.56239895565336,normal
CBGE,nonsense,NM_016123.4(IRAK4):c.877C>T (p.Gln293Ter),chr12,IRAK4,NM_016123.4,293,CAG,UAG,-11.034291956376258,normal
CBGE,nonsense,NM_016231.5(NLK):c.1009C>T (p.Arg337Ter),chr17,NLK,NM_016231.5,337,CGA,UGA,-10.75266929312799,normal
CBGE,nonsense,NM_016231.5(NLK):c.1030C>T (p.Gln344Ter),chr17,NLK,NM_016231.5,344,CAG,UAG,-11.661225221269486,normal
CBGE,nonsense,NM_016231.5(NLK):c.1045C>T (p.Gln349Ter),chr17,NLK,NM_016231.5,349,CAG,UAG,-13.27794463427617,normal
CBGE,nonsense,NM_016231.5(NLK):c.1147C>T (p.Gln383Ter),chr17,NLK,NM_016231.5,383,CAG,UAG,-12.059414858310507,normal
CBGE,nonsense,NM_016231.5(NLK):c.1462C>T (p.Gln488Ter),chr17,NLK,NM_016231.5,488,CAG,UAG,-11.89229389390149,normal
CBGE,nonsense,NM_016231.5(NLK):c.193C>T (p.Gln65Ter),chr17,NLK,NM_016231.5,65,CAG,UAG,-12.95051186033464,normal
CBGE,nonsense,NM_016231.5(NLK):c.196C>T (p.Gln66Ter),chr17,NLK,NM_016231.5,66,CAG,UAG,-13.258033795781657,normal
CBGE,nonsense,NM_016231.5(NLK):c.271C>T (p.Gln91Ter),chr17,NLK,NM_016231.5,91,CAG,UAG,-12.83518220227218,normal
CBGE,nonsense,NM_016231.5(NLK):c.397C>T (p.Gln133Ter),chr17,NLK,NM_016231.5,133,CAG,UAG,-13.640083264271642,normal
CBGE,nonsense,NM_016231.5(NLK):c.400C>T (p.Gln134Ter),chr17,NLK,NM_016231.5,134,CAG,UAG,-13.385397005341284,normal
CBGE,nonsense,NM_016231.5(NLK):c.403C>T (p.Gln135Ter),chr17,NLK,NM_016231.5,135,CAG,UAG,-13.018176991381928,normal
CBGE,nonsense,NM_016231.5(NLK):c.458G>A (p.Trp153Ter),chr17,NLK,NM_016231.5,153,UGG,UAG,-11.270121096174286,normal
CBGE,nonsense,NM_016231.5(NLK):c.459G>A (p.Trp153Ter),chr17,NLK,NM_016231.5,153,UGG,UGA,-10.671955637742515,normal
CBGE,nonsense,NM_016231.5(NLK):c.739C>T (p.Gln247Ter),chr17,NLK,NM_016231.5,247,CAG,UAG,-12.463431280241448,normal
CBGE,nonsense,NM_016231.5(NLK):c.787C>T (p.Arg263Ter),chr17,NLK,NM_016231.5,263,CGA,UGA,-12.880071645364849,normal
CBGE,nonsense,NM_016231.5(NLK):c.910C>T (p.Gln304Ter),chr17,NLK,NM_016231.5,304,CAG,UAG,-8.495044701380616,normal
CBGE,nonsense,NM_016269.5(LEF1):c.1150C>T (p.Gln384Ter),chr4,LEF1,NM_016269.5,384,CAG,UAG,-11.295151739235877,normal
CBGE,nonsense,NM_016269.5(LEF1):c.799C>T (p.Gln267Ter),chr4,LEF1,NM_016269.5,267,CAG,UAG,-11.178391426792793,normal
CBGE,nonsense,NM_016269.5(LEF1):c.7C>T (p.Gln3Ter),chr4,LEF1,NM_016269.5,3,CAA,UAA,-10.22975932399759,normal
CBGE,nonsense,NM_016270.4(KLF2):c.70C>T (p.Gln24Ter),chr19,KLF2,NM_016270.4,24,CAG,UAG,-10.591728183518224,normal
CBGE,nonsense,NM_016270.4(KLF2):c.917G>A (p.Trp306Ter),chr19,KLF2,NM_016270.4,306,UGG,UAG,-14.566285149213355,gof
CBGE,nonsense,NM_016270.4(KLF2):c.918G>A (p.Trp306Ter),chr19,KLF2,NM_016270.4,306,UGG,UGA,-14.212986013795623,gof
CBGE,nonsense,NM_016388.4(TRAT1):c.109C>T (p.Gln37Ter),chr3,TRAT1,NM_016388.4,37,CAA,UAA,-11.725330365464954,normal
CBGE,nonsense,NM_016388.4(TRAT1):c.35G>A (p.Trp12Ter),chr3,TRAT1,NM_016388.4,12,UGG,UAG,-12.795946050474823,normal
CBGE,nonsense,NM_016388.4(TRAT1):c.36G>A (p.Trp12Ter),chr3,TRAT1,NM_016388.4,12,UGG,UGA,-12.524302356258588,normal
CBGE,nonsense,NM_016404.3(TRMT112):c.152G>A (p.Trp51Ter),chr11,TRMT112,NM_016404.3,51,UGG,UAG,-16.157236106300928,normal
CBGE,nonsense,NM_016404.3(TRMT112):c.153G>A (p.Trp51Ter),chr11,TRMT112,NM_016404.3,51,UGG,UGA,-16.25092698436096,normal
CBGE,nonsense,NM_016424.5(LUC7L3):c.1048C>T (p.Arg350Ter),chr17,LUC7L3,NM_016424.5,350,CGA,UGA,-10.828095404599464,normal
CBGE,nonsense,NM_016424.5(LUC7L3):c.1114C>T (p.Gln372Ter),chr17,LUC7L3,NM_016424.5,372,CAA,UAA,-8.971204680362455,normal
CBGE,nonsense,NM_016424.5(LUC7L3):c.16C>T (p.Gln6Ter),chr17,LUC7L3,NM_016424.5,6,CAG,UAG,-12.072280855734803,normal
CBGE,nonsense,NM_016424.5(LUC7L3):c.304C>T (p.Arg102Ter),chr17,LUC7L3,NM_016424.5,102,CGA,UGA,-11.473209336007312,normal
CBGE,nonsense,NM_016424.5(LUC7L3):c.553C>T (p.Gln185Ter),chr17,LUC7L3,NM_016424.5,185,CAA,UAA,-11.370818094454677,normal
CBGE,nonsense,NM_016424.5(LUC7L3):c.646C>T (p.Gln216Ter),chr17,LUC7L3,NM_016424.5,216,CAA,UAA,-9.111853606593773,normal
CBGE,nonsense,NM_016424.5(LUC7L3):c.817C>T (p.Arg273Ter),chr17,LUC7L3,NM_016424.5,273,CGA,UGA,-10.213808035016248,normal
CBGE,nonsense,NM_016424.5(LUC7L3):c.952C>T (p.Arg318Ter),chr17,LUC7L3,NM_016424.5,318,CGA,UGA,-11.537240051212898,normal
CBGE,nonsense,NM_018225.3(SMU1):c.1532G>A (p.Trp511Ter),chr9,SMU1,NM_018225.3,511,UGG,UAG,-14.079911268459757,normal
CBGE,nonsense,NM_018225.3(SMU1):c.1533G>A (p.Trp511Ter),chr9,SMU1,NM_018225.3,511,UGG,UGA,-13.382630317603416,normal
CBGE,nonsense,NM_018225.3(SMU1):c.235C>T (p.Gln79Ter),chr9,SMU1,NM_018225.3,79,CAG,UAG,-12.641309706828109,normal
CBGE,nonsense,NM_018225.3(SMU1):c.439C>T (p.Gln147Ter),chr9,SMU1,NM_018225.3,147,CAG,UAG,-13.192179637306996,normal
CBGE,nonsense,NM_018225.3(SMU1):c.512G>A (p.Trp171Ter),chr9,SMU1,NM_018225.3,171,UGG,UAG,-15.011150414018086,normal
CBGE,nonsense,NM_018225.3(SMU1):c.513G>A (p.Trp171Ter),chr9,SMU1,NM_018225.3,171,UGG,UGA,-15.215382585035965,normal
CBGE,nonsense,NM_018225.3(SMU1):c.517C>T (p.Gln173Ter),chr9,SMU1,NM_018225.3,173,CAG,UAG,-12.73416711825752,normal
CBGE,nonsense,NM_018225.3(SMU1):c.661C>T (p.Arg221Ter),chr9,SMU1,NM_018225.3,221,CGA,UGA,-8.023336430472336,normal
CBGE,nonsense,NM_018225.3(SMU1):c.679C>T (p.Gln227Ter),chr9,SMU1,NM_018225.3,227,CAG,UAG,-10.454045320441551,normal
CBGE,nonsense,NM_018225.3(SMU1):c.850C>T (p.Gln284Ter),chr9,SMU1,NM_018225.3,284,CAA,UAA,-10.096010211652038,normal
CBGE,nonsense,NM_018225.3(SMU1):c.880C>T (p.Gln294Ter),chr9,SMU1,NM_018225.3,294,CAG,UAG,-10.81521610719803,normal
CBGE,nonsense,NM_018225.3(SMU1):c.889C>T (p.Gln297Ter),chr9,SMU1,NM_018225.3,297,CAA,UAA,-10.82640836189252,normal
CBGE,nonsense,NM_018225.3(SMU1):c.985C>T (p.Gln329Ter),chr9,SMU1,NM_018225.3,329,CAG,UAG,-10.015247408067676,normal
CBGE,nonsense,NM_018471.3(ZC3H15):c.115C>T (p.Gln39Ter),chr2,ZC3H15,NM_018471.3,39,CAA,UAA,-11.489715595575507,normal
CBGE,nonsense,NM_018471.3(ZC3H15):c.118C>T (p.Gln40Ter),chr2,ZC3H15,NM_018471.3,40,CAG,UAG,-10.23865508701023,normal
CBGE,nonsense,NM_018471.3(ZC3H15):c.145C>T (p.Gln49Ter),chr2,ZC3H15,NM_018471.3,49,CAA,UAA,-10.895372452719128,normal
CBGE,nonsense,NM_018471.3(ZC3H15):c.160C>T (p.Gln54Ter),chr2,ZC3H15,NM_018471.3,54,CAA,UAA,-11.26862817614616,normal
CBGE,nonsense,NM_018471.3(ZC3H15):c.163C>T (p.Gln55Ter),chr2,ZC3H15,NM_018471.3,55,CAA,UAA,-9.485361124097892,normal
CBGE,nonsense,NM_018471.3(ZC3H15):c.274C>T (p.Gln92Ter),chr2,ZC3H15,NM_018471.3,92,CAA,UAA,-9.519641867598404,normal
CBGE,nonsense,NM_018471.3(ZC3H15):c.328C>T (p.Gln110Ter),chr2,ZC3H15,NM_018471.3,110,CAA,UAA,-10.533557845708776,normal
CBGE,nonsense,NM_018471.3(ZC3H15):c.334C>T (p.Gln112Ter),chr2,ZC3H15,NM_018471.3,112,CAG,UAG,-8.439834589923318,normal
CBGE,nonsense,NM_018471.3(ZC3H15):c.49C>T (p.Gln17Ter),chr2,ZC3H15,NM_018471.3,17,CAA,UAA,-10.028238368236265,normal
CBGE,nonsense,NM_018471.3(ZC3H15):c.814C>T (p.Gln272Ter),chr2,ZC3H15,NM_018471.3,272,CAA,UAA,-9.038841267246717,normal
CBGE,nonsense,NM_018471.3(ZC3H15):c.946C>T (p.Gln316Ter),chr2,ZC3H15,NM_018471.3,316,CAG,UAG,-8.804055180063822,normal
CBGE,nonsense,NM_019592.7(RNF20):c.1051C>T (p.Gln351Ter),chr9,RNF20,NM_019592.7,351,CAA,UAA,-11.935039445281944,normal
CBGE,nonsense,NM_019592.7(RNF20):c.1117C>T (p.Gln373Ter),chr9,RNF20,NM_019592.7,373,CAA,UAA,-12.33547489436802,normal
CBGE,nonsense,NM_019592.7(RNF20):c.1318C>T (p.Gln440Ter),chr9,RNF20,NM_019592.7,440,CAG,UAG,-12.652976952884137,normal
CBGE,nonsense,NM_019592.7(RNF20):c.1705C>T (p.Arg569Ter),chr9,RNF20,NM_019592.7,569,CGA,UGA,-11.81079196323246,normal
CBGE,nonsense,NM_019592.7(RNF20):c.1738C>T (p.Arg580Ter),chr9,RNF20,NM_019592.7,580,CGA,UGA,-12.41888425803588,normal
CBGE,nonsense,NM_019592.7(RNF20):c.1909C>T (p.Gln637Ter),chr9,RNF20,NM_019592.7,637,CAG,UAG,-12.689931887418858,normal
CBGE,nonsense,NM_019592.7(RNF20):c.2380C>T (p.Gln794Ter),chr9,RNF20,NM_019592.7,794,CAG,UAG,-12.930753777581906,normal
CBGE,nonsense,NM_019592.7(RNF20):c.343C>T (p.Gln115Ter),chr9,RNF20,NM_019592.7,115,CAG,UAG,-11.534635542277716,normal
CBGE,nonsense,NM_019592.7(RNF20):c.586C>T (p.Gln196Ter),chr9,RNF20,NM_019592.7,196,CAA,UAA,-11.719593008034566,normal
CBGE,nonsense,NM_019592.7(RNF20):c.742C>T (p.Gln248Ter),chr9,RNF20,NM_019592.7,248,CAG,UAG,-12.024587591922938,normal
CBGE,nonsense,NM_020529.3(NFKBIA):c.169C>T (p.Gln57Ter),chr14,NFKBIA,NM_020529.3,57,CAG,UAG,-11.165874460142389,normal
CBGE,nonsense,NM_020529.3(NFKBIA):c.319C>T (p.Gln107Ter),chr14,NFKBIA,NM_020529.3,107,CAG,UAG,-12.390195860966235,normal
CBGE,nonsense,NM_020529.3(NFKBIA):c.32G>A (p.Trp11Ter),chr14,NFKBIA,NM_020529.3,11,UGG,UAG,-11.999721579422983,normal
CBGE,nonsense,NM_020529.3(NFKBIA):c.418C>T (p.Arg140Ter),chr14,NFKBIA,NM_020529.3,140,CGA,UGA,-10.882299391432095,normal
CBGE,nonsense,NM_020529.3(NFKBIA):c.682C>T (p.Gln228Ter),chr14,NFKBIA,NM_020529.3,228,CAA,UAA,-10.358036105474806,normal
CBGE,nonsense,NM_020529.3(NFKBIA):c.773G>A (p.Trp258Ter),chr14,NFKBIA,NM_020529.3,258,UGG,UAG,-12.430999714558574,normal
CBGE,nonsense,NM_020529.3(NFKBIA):c.774G>A (p.Trp258Ter),chr14,NFKBIA,NM_020529.3,258,UGG,UGA,-11.985972375198566,normal
CBGE,nonsense,NM_020529.3(NFKBIA):c.796C>T (p.Gln266Ter),chr14,NFKBIA,NM_020529.3,266,CAG,UAG,-12.486143159359653,normal
CBGE,nonsense,NM_020761.3(RPTOR):c.1042C>T (p.Arg348Ter),chr17,RPTOR,NM_020761.3,348,CGA,UGA,-12.336247440353027,normal
CBGE,nonsense,NM_020761.3(RPTOR):c.1327C>T (p.Gln443Ter),chr17,RPTOR,NM_020761.3,443,CAA,UAA,-12.63782692015846,normal
CBGE,nonsense,NM_020761.3(RPTOR):c.1453C>T (p.Arg485Ter),chr17,RPTOR,NM_020761.3,485,CGA,UGA,-9.501662248168346,normal
CBGE,nonsense,NM_020761.3(RPTOR):c.1516C>T (p.Gln506Ter),chr17,RPTOR,NM_020761.3,506,CAA,UAA,-10.761440217781404,normal
CBGE,nonsense,NM_020761.3(RPTOR):c.1948C>T (p.Gln650Ter),chr17,RPTOR,NM_020761.3,650,CAG,UAG,-9.352335950818722,normal
CBGE,nonsense,NM_020761.3(RPTOR):c.19C>T (p.Gln7Ter),chr17,RPTOR,NM_020761.3,7,CAA,UAA,-10.056404166163496,normal
CBGE,nonsense,NM_020761.3(RPTOR):c.2542C>T (p.Gln848Ter),chr17,RPTOR,NM_020761.3,848,CAG,UAG,-12.337486253708242,normal
CBGE,nonsense,NM_020761.3(RPTOR):c.2764C>T (p.Gln922Ter),chr17,RPTOR,NM_020761.3,922,CAG,UAG,-11.196620892923468,normal
CBGE,nonsense,NM_020761.3(RPTOR):c.2866C>T (p.Gln956Ter),chr17,RPTOR,NM_020761.3,956,CAG,UAG,-12.96761707783072,normal
CBGE,nonsense,NM_020761.3(RPTOR):c.2905C>T (p.Gln969Ter),chr17,RPTOR,NM_020761.3,969,CAG,UAG,-11.16532612137304,normal
CBGE,nonsense,NM_020761.3(RPTOR):c.3007C>T (p.Gln1003Ter),chr17,RPTOR,NM_020761.3,1003,CAG,UAG,-12.61885072781704,normal
CBGE,nonsense,NM_020761.3(RPTOR):c.3046C>T (p.Gln1016Ter),chr17,RPTOR,NM_020761.3,1016,CAA,UAA,-9.61132614778331,normal
CBGE,nonsense,NM_020761.3(RPTOR):c.3146G>A (p.Trp1049Ter),chr17,RPTOR,NM_020761.3,1049,UGG,UAG,-15.463996944822712,normal
CBGE,nonsense,NM_020761.3(RPTOR):c.3147G>A (p.Trp1049Ter),chr17,RPTOR,NM_020761.3,1049,UGG,UGA,-15.152478267878768,normal
CBGE,nonsense,NM_020761.3(RPTOR):c.3152G>A (p.Trp1051Ter),chr17,RPTOR,NM_020761.3,1051,UGG,UAG,-12.14664454108888,normal
CBGE,nonsense,NM_020761.3(RPTOR):c.3153G>A (p.Trp1051Ter),chr17,RPTOR,NM_020761.3,1051,UGG,UGA,-11.585522628275465,normal
CBGE,nonsense,NM_020761.3(RPTOR):c.3287G>A (p.Trp1096Ter),chr17,RPTOR,NM_020761.3,1096,UGG,UAG,-14.224470134338349,normal
CBGE,nonsense,NM_020761.3(RPTOR):c.3288G>A (p.Trp1096Ter),chr17,RPTOR,NM_020761.3,1096,UGG,UGA,-13.624485095742251,normal
CBGE,nonsense,NM_020761.3(RPTOR):c.3337C>T (p.Gln1113Ter),chr17,RPTOR,NM_020761.3,1113,CAG,UAG,-12.469053295272278,normal
CBGE,nonsense,NM_020761.3(RPTOR):c.3751C>T (p.Gln1251Ter),chr17,RPTOR,NM_020761.3,1251,CAG,UAG,-12.66325465227623,normal
CBGE,nonsense,NM_020761.3(RPTOR):c.3790C>T (p.Gln1264Ter),chr17,RPTOR,NM_020761.3,1264,CAG,UAG,-11.803052892477623,normal
CBGE,nonsense,NM_020761.3(RPTOR):c.3938G>A (p.Trp1313Ter),chr17,RPTOR,NM_020761.3,1313,UGG,UAG,-11.731470071750218,normal
CBGE,nonsense,NM_020761.3(RPTOR):c.3939G>A (p.Trp1313Ter),chr17,RPTOR,NM_020761.3,1313,UGG,UGA,-10.73717308292632,normal
CBGE,nonsense,NM_020761.3(RPTOR):c.495G>A (p.Trp165Ter),chr17,RPTOR,NM_020761.3,165,UGG,UGA,-14.916076666112758,normal
CBGE,nonsense,NM_020761.3(RPTOR):c.554G>A (p.Trp185Ter),chr17,RPTOR,NM_020761.3,185,UGG,UAG,-14.716268501980938,normal
CBGE,nonsense,NM_020761.3(RPTOR):c.555G>A (p.Trp185Ter),chr17,RPTOR,NM_020761.3,185,UGG,UGA,-15.075918162802086,normal
CBGE,nonsense,NM_020761.3(RPTOR):c.634C>T (p.Gln212Ter),chr17,RPTOR,NM_020761.3,212,CAG,UAG,-12.616069827497872,normal
CBGE,nonsense,NM_021137.5(TNFAIP1):c.209G>A (p.Trp70Ter),chr17,TNFAIP1,NM_021137.5,70,UGG,UAG,-14.16949941006895,normal
CBGE,nonsense,NM_021137.5(TNFAIP1):c.210G>A (p.Trp70Ter),chr17,TNFAIP1,NM_021137.5,70,UGG,UGA,-13.92400070995243,normal
CBGE,nonsense,NM_021137.5(TNFAIP1):c.286C>T (p.Gln96Ter),chr17,TNFAIP1,NM_021137.5,96,CAG,UAG,-10.325807547608225,normal
CBGE,nonsense,NM_021137.5(TNFAIP1):c.295C>T (p.Gln99Ter),chr17,TNFAIP1,NM_021137.5,99,CAA,UAA,-10.558033041805796,normal
CBGE,nonsense,NM_021137.5(TNFAIP1):c.361C>T (p.Gln121Ter),chr17,TNFAIP1,NM_021137.5,121,CAG,UAG,-11.759288752910376,normal
CBGE,nonsense,NM_021137.5(TNFAIP1):c.373C>T (p.Gln125Ter),chr17,TNFAIP1,NM_021137.5,125,CAG,UAG,-12.026599834702017,normal
CBGE,nonsense,NM_021137.5(TNFAIP1):c.646C>T (p.Gln216Ter),chr17,TNFAIP1,NM_021137.5,216,CAG,UAG,-10.621646906304212,normal
CBGE,nonsense,NM_021137.5(TNFAIP1):c.91C>T (p.Gln31Ter),chr17,TNFAIP1,NM_021137.5,31,CAG,UAG,-5.652570269520502,normal
CBGE,nonsense,NM_021809.7(TGIF2):c.107G>A (p.Trp36Ter),chr20,TGIF2,NM_021809.7,36,UGG,UAG,-14.608516659651269,normal
CBGE,nonsense,NM_021809.7(TGIF2):c.108G>A (p.Trp36Ter),chr20,TGIF2,NM_021809.7,36,UGG,UGA,-14.4354304809607,normal
CBGE,nonsense,NM_021809.7(TGIF2):c.145C>T (p.Gln49Ter),chr20,TGIF2,NM_021809.7,49,CAG,UAG,-11.850980826604374,normal
CBGE,nonsense,NM_021809.7(TGIF2):c.203G>A (p.Trp68Ter),chr20,TGIF2,NM_021809.7,68,UGG,UAG,-13.223268509230754,normal
CBGE,nonsense,NM_021809.7(TGIF2):c.204G>A (p.Trp68Ter),chr20,TGIF2,NM_021809.7,68,UGG,UGA,-13.191082058468664,normal
CBGE,nonsense,NM_021809.7(TGIF2):c.268C>T (p.Gln90Ter),chr20,TGIF2,NM_021809.7,90,CAG,UAG,-11.198864921651491,normal
CBGE,nonsense,NM_021809.7(TGIF2):c.643C>T (p.Gln215Ter),chr20,TGIF2,NM_021809.7,215,CAG,UAG,-12.552265171415147,normal
CBGE,nonsense,NM_021809.7(TGIF2):c.709C>T (p.Gln237Ter),chr20,TGIF2,NM_021809.7,237,CAG,UAG,-11.188626255647575,normal
CBGE,nonsense,NM_021813.4(BACH2):c.1081C>T (p.Gln361Ter),chr6,BACH2,NM_021813.4,361,CAG,UAG,-11.05955697185092,normal
CBGE,nonsense,NM_021813.4(BACH2):c.1084C>T (p.Gln362Ter),chr6,BACH2,NM_021813.4,362,CAG,UAG,-11.625036226355778,normal
CBGE,nonsense,NM_021813.4(BACH2):c.1180C>T (p.Gln394Ter),chr6,BACH2,NM_021813.4,394,CAG,UAG,-11.09440808846122,normal
CBGE,nonsense,NM_021813.4(BACH2):c.1264C>T (p.Gln422Ter),chr6,BACH2,NM_021813.4,422,CAG,UAG,-10.84496690205091,normal
CBGE,nonsense,NM_021813.4(BACH2):c.1318C>T (p.Gln440Ter),chr6,BACH2,NM_021813.4,440,CAA,UAA,-9.916336089928404,normal
CBGE,nonsense,NM_021813.4(BACH2):c.1400G>A (p.Trp467Ter),chr6,BACH2,NM_021813.4,467,UGG,UAG,-11.774471225577868,normal
CBGE,nonsense,NM_021813.4(BACH2):c.1401G>A (p.Trp467Ter),chr6,BACH2,NM_021813.4,467,UGG,UGA,-11.698705701158524,normal
CBGE,nonsense,NM_021813.4(BACH2):c.1414C>T (p.Gln472Ter),chr6,BACH2,NM_021813.4,472,CAG,UAG,-11.026601856351784,normal
CBGE,nonsense,NM_021813.4(BACH2):c.1684C>T (p.Gln562Ter),chr6,BACH2,NM_021813.4,562,CAG,UAG,-10.947126339238311,normal
CBGE,nonsense,NM_021813.4(BACH2):c.1747C>T (p.Gln583Ter),chr6,BACH2,NM_021813.4,583,CAG,UAG,-9.95876880295565,normal
CBGE,nonsense,NM_021813.4(BACH2):c.1861C>T (p.Gln621Ter),chr6,BACH2,NM_021813.4,621,CAA,UAA,-9.637891783375274,normal
CBGE,nonsense,NM_021813.4(BACH2):c.188G>A (p.Trp63Ter),chr6,BACH2,NM_021813.4,63,UGG,UAG,-10.105248307614742,normal
CBGE,nonsense,NM_021813.4(BACH2):c.189G>A (p.Trp63Ter),chr6,BACH2,NM_021813.4,63,UGG,UGA,-9.679857086193469,normal
CBGE,nonsense,NM_021813.4(BACH2):c.190C>T (p.Gln64Ter),chr6,BACH2,NM_021813.4,64,CAG,UAG,-11.511510833874349,normal
CBGE,nonsense,NM_021813.4(BACH2):c.205C>T (p.Gln69Ter),chr6,BACH2,NM_021813.4,69,CAG,UAG,-11.868445437696392,normal
CBGE,nonsense,NM_021813.4(BACH2):c.2080C>T (p.Gln694Ter),chr6,BACH2,NM_021813.4,694,CAA,UAA,-10.245475822208064,normal
CBGE,nonsense,NM_021813.4(BACH2):c.2152C>T (p.Gln718Ter),chr6,BACH2,NM_021813.4,718,CAG,UAG,-11.75396536136785,normal
CBGE,nonsense,NM_021813.4(BACH2):c.2164C>T (p.Gln722Ter),chr6,BACH2,NM_021813.4,722,CAG,UAG,-12.759359297294145,normal
CBGE,nonsense,NM_021813.4(BACH2):c.2170C>T (p.Gln724Ter),chr6,BACH2,NM_021813.4,724,CAG,UAG,-12.875730461953106,normal
CBGE,nonsense,NM_021813.4(BACH2):c.2257C>T (p.Gln753Ter),chr6,BACH2,NM_021813.4,753,CAG,UAG,-11.866419806516548,normal
CBGE,nonsense,NM_021813.4(BACH2):c.2275C>T (p.Gln759Ter),chr6,BACH2,NM_021813.4,759,CAA,UAA,-10.153177281533557,normal
CBGE,nonsense,NM_021813.4(BACH2):c.2342G>A (p.Trp781Ter),chr6,BACH2,NM_021813.4,781,UGG,UAG,-11.990242911797113,normal
CBGE,nonsense,NM_021813.4(BACH2):c.2343G>A (p.Trp781Ter),chr6,BACH2,NM_021813.4,781,UGG,UGA,-11.576744111479366,normal
CBGE,nonsense,NM_021813.4(BACH2):c.2446C>T (p.Gln816Ter),chr6,BACH2,NM_021813.4,816,CAA,UAA,-10.79124645009789,normal
CBGE,nonsense,NM_021813.4(BACH2):c.394C>T (p.Gln132Ter),chr6,BACH2,NM_021813.4,132,CAG,UAG,-13.389019026471823,normal
CBGE,nonsense,NM_021813.4(BACH2):c.448C>T (p.Gln150Ter),chr6,BACH2,NM_021813.4,150,CAG,UAG,-11.547284140946235,normal
CBGE,nonsense,NM_021813.4(BACH2):c.88C>T (p.Gln30Ter),chr6,BACH2,NM_021813.4,30,CAG,UAG,-13.260984394870723,normal
CBGE,nonsense,NM_021960.5(MCL1):c.640C>T (p.Arg214Ter),chr1,MCL1,NM_021960.5,214,CGA,UGA,-10.815780646405804,normal
CBGE,nonsense,NM_021975.4(RELA):c.1114C>T (p.Gln372Ter),chr11,RELA,NM_021975.4,372,CAG,UAG,-11.607767086888842,normal
CBGE,nonsense,NM_021975.4(RELA):c.1153C>T (p.Gln385Ter),chr11,RELA,NM_021975.4,385,CAA,UAA,-10.496329337028056,normal
CBGE,nonsense,NM_021975.4(RELA):c.1423C>T (p.Gln475Ter),chr11,RELA,NM_021975.4,475,CAG,UAG,-10.6710062212309,normal
CBGE,nonsense,NM_021975.4(RELA):c.1426C>T (p.Gln476Ter),chr11,RELA,NM_021975.4,476,CAG,UAG,-13.00005813674144,normal
CBGE,nonsense,NM_021975.4(RELA):c.1438C>T (p.Gln480Ter),chr11,RELA,NM_021975.4,480,CAG,UAG,-12.157394390865734,normal
CBGE,nonsense,NM_021975.4(RELA):c.1642C>T (p.Gln548Ter),chr11,RELA,NM_021975.4,548,CAG,UAG,-12.205194502835376,normal
CBGE,nonsense,NM_021975.4(RELA):c.340C>T (p.Gln114Ter),chr11,RELA,NM_021975.4,114,CAG,UAG,-11.478340202464604,normal
CBGE,nonsense,NM_021975.4(RELA):c.43C>T (p.Gln15Ter),chr11,RELA,NM_021975.4,15,CAG,UAG,-10.437490410500226,normal
CBGE,nonsense,NM_021975.4(RELA):c.739C>T (p.Gln247Ter),chr11,RELA,NM_021975.4,247,CAA,UAA,-9.6020926957137,normal
CBGE,nonsense,NM_021999.5(ITM2B):c.158G>A (p.Trp53Ter),chr13,ITM2B,NM_021999.5,53,UGG,UAG,-12.727324502120416,normal
CBGE,nonsense,NM_021999.5(ITM2B):c.165G>A (p.Trp55Ter),chr13,ITM2B,NM_021999.5,55,UGG,UGA,-12.000986131847672,normal
CBGE,nonsense,NM_021999.5(ITM2B):c.244C>T (p.Gln82Ter),chr13,ITM2B,NM_021999.5,82,CAA,UAA,-10.60603340973342,normal
CBGE,nonsense,NM_021999.5(ITM2B):c.661C>T (p.Arg221Ter),chr13,ITM2B,NM_021999.5,221,CGA,UGA,-10.096740695776852,normal
CBGE,nonsense,NM_021999.5(ITM2B):c.694C>T (p.Gln232Ter),chr13,ITM2B,NM_021999.5,232,CAA,UAA,-10.465755517078067,normal
CBGE,nonsense,NM_022047.4(DEF6):c.1003C>T (p.Gln335Ter),chr6,DEF6,NM_022047.4,335,CAG,UAG,-12.196771625582302,normal
CBGE,nonsense,NM_022047.4(DEF6):c.1051C>T (p.Gln351Ter),chr6,DEF6,NM_022047.4,351,CAG,UAG,-14.269780104357729,normal
CBGE,nonsense,NM_022047.4(DEF6):c.1060C>T (p.Gln354Ter),chr6,DEF6,NM_022047.4,354,CAG,UAG,-13.975393267535448,normal
CBGE,nonsense,NM_022047.4(DEF6):c.1195C>T (p.Gln399Ter),chr6,DEF6,NM_022047.4,399,CAA,UAA,-11.031851318778678,lof
CBGE,nonsense,NM_022047.4(DEF6):c.1213C>T (p.Gln405Ter),chr6,DEF6,NM_022047.4,405,CAG,UAG,-12.985833178867782,normal
CBGE,nonsense,NM_022047.4(DEF6):c.1231C>T (p.Gln411Ter),chr6,DEF6,NM_022047.4,411,CAG,UAG,-14.018011090681416,normal
CBGE,nonsense,NM_022047.4(DEF6):c.1270C>T (p.Gln424Ter),chr6,DEF6,NM_022047.4,424,CAG,UAG,-12.049139029897342,normal
CBGE,nonsense,NM_022047.4(DEF6):c.1303C>T (p.Gln435Ter),chr6,DEF6,NM_022047.4,435,CAG,UAG,-12.063145596672646,normal
CBGE,nonsense,NM_022047.4(DEF6):c.1306C>T (p.Gln436Ter),chr6,DEF6,NM_022047.4,436,CAG,UAG,-13.619618330552484,normal
CBGE,nonsense,NM_022047.4(DEF6):c.1438C>T (p.Gln480Ter),chr6,DEF6,NM_022047.4,480,CAG,UAG,-12.302270895123264,lof
CBGE,nonsense,NM_022047.4(DEF6):c.1483C>T (p.Gln495Ter),chr6,DEF6,NM_022047.4,495,CAG,UAG,-13.844259263846704,normal
CBGE,nonsense,NM_022047.4(DEF6):c.1501C>T (p.Gln501Ter),chr6,DEF6,NM_022047.4,501,CAG,UAG,-12.213450387893474,normal
CBGE,nonsense,NM_022047.4(DEF6):c.1528C>T (p.Gln510Ter),chr6,DEF6,NM_022047.4,510,CAG,UAG,-13.715677304913555,normal
CBGE,nonsense,NM_022047.4(DEF6):c.1636C>T (p.Gln546Ter),chr6,DEF6,NM_022047.4,546,CAG,UAG,-11.350143389940012,normal
CBGE,nonsense,NM_022047.4(DEF6):c.1807C>T (p.Gln603Ter),chr6,DEF6,NM_022047.4,603,CAG,UAG,-11.132395788735916,normal
CBGE,nonsense,NM_022047.4(DEF6):c.1810C>T (p.Gln604Ter),chr6,DEF6,NM_022047.4,604,CAG,UAG,-11.291608722005549,normal
CBGE,nonsense,NM_022047.4(DEF6):c.502C>T (p.Gln168Ter),chr6,DEF6,NM_022047.4,168,CAG,UAG,-11.80361743872048,normal
CBGE,nonsense,NM_022047.4(DEF6):c.671G>A (p.Trp224Ter),chr6,DEF6,NM_022047.4,224,UGG,UAG,-13.26937288453004,normal
CBGE,nonsense,NM_022047.4(DEF6):c.672G>A (p.Trp224Ter),chr6,DEF6,NM_022047.4,224,UGG,UGA,-13.179191577404056,normal
CBGE,nonsense,NM_022047.4(DEF6):c.676C>T (p.Arg226Ter),chr6,DEF6,NM_022047.4,226,CGA,UGA,-9.268229850474318,normal
CBGE,nonsense,NM_022047.4(DEF6):c.698G>A (p.Trp233Ter),chr6,DEF6,NM_022047.4,233,UGG,UAG,-14.568677914027663,normal
CBGE,nonsense,NM_022047.4(DEF6):c.699G>A (p.Trp233Ter),chr6,DEF6,NM_022047.4,233,UGG,UGA,-14.228243821513232,normal
CBGE,nonsense,NM_022047.4(DEF6):c.711G>A (p.Trp237Ter),chr6,DEF6,NM_022047.4,237,UGG,UGA,-13.687479932749206,normal
CBGE,nonsense,NM_022047.4(DEF6):c.895C>T (p.Gln299Ter),chr6,DEF6,NM_022047.4,299,CAG,UAG,-10.186612130998784,normal
CBGE,nonsense,NM_022047.4(DEF6):c.908G>A (p.Trp303Ter),chr6,DEF6,NM_022047.4,303,UGG,UAG,-14.156480802188817,normal
CBGE,nonsense,NM_022047.4(DEF6):c.909G>A (p.Trp303Ter),chr6,DEF6,NM_022047.4,303,UGG,UGA,-14.283568317976291,normal
CBGE,nonsense,NM_022465.4(IKZF4):c.1219C>T (p.Gln407Ter),chr12,IKZF4,NM_022465.4,407,CAG,UAG,-11.7454871603929,normal
CBGE,nonsense,NM_022465.4(IKZF4):c.1255C>T (p.Arg419Ter),chr12,IKZF4,NM_022465.4,419,CGA,UGA,-7.57718380130504,normal
CBGE,nonsense,NM_022465.4(IKZF4):c.1315C>T (p.Arg439Ter),chr12,IKZF4,NM_022465.4,439,CGA,UGA,-8.746788072653384,normal
CBGE,nonsense,NM_022465.4(IKZF4):c.1438C>T (p.Gln480Ter),chr12,IKZF4,NM_022465.4,480,CAG,UAG,-11.32392016471402,normal
CBGE,nonsense,NM_022465.4(IKZF4):c.844C>T (p.Gln282Ter),chr12,IKZF4,NM_022465.4,282,CAA,UAA,-10.088423701333063,normal
CBGE,nonsense,NM_022465.4(IKZF4):c.985C>T (p.Gln329Ter),chr12,IKZF4,NM_022465.4,329,CAG,UAG,-10.13289830843762,normal
CBGE,nonsense,NM_022783.4(DEPTOR):c.1057C>T (p.Gln353Ter),chr8,DEPTOR,NM_022783.4,353,CAG,UAG,-11.436050497916476,normal
CBGE,nonsense,NM_022783.4(DEPTOR):c.268C>T (p.Gln90Ter),chr8,DEPTOR,NM_022783.4,90,CAG,UAG,-13.068639810864187,normal
CBGE,nonsense,NM_022783.4(DEPTOR):c.562C>T (p.Gln188Ter),chr8,DEPTOR,NM_022783.4,188,CAG,UAG,-13.115842731558242,normal
CBGE,nonsense,NM_022783.4(DEPTOR):c.598C>T (p.Gln200Ter),chr8,DEPTOR,NM_022783.4,200,CAG,UAG,-12.960706694445856,normal
CBGE,nonsense,NM_022783.4(DEPTOR):c.673C>T (p.Arg225Ter),chr8,DEPTOR,NM_022783.4,225,CGA,UGA,-10.481217272058505,normal
CBGE,nonsense,NM_022783.4(DEPTOR):c.70C>T (p.Gln24Ter),chr8,DEPTOR,NM_022783.4,24,CAA,UAA,-9.982878651339592,normal
CBGE,nonsense,NM_022845.3(CBFB):c.199C>T (p.Gln67Ter),chr16,CBFB,NM_022845.3,67,CAG,UAG,-10.571421565096935,normal
CBGE,nonsense,NM_022845.3(CBFB):c.505C>T (p.Gln169Ter),chr16,CBFB,NM_022845.3,169,CAA,UAA,-11.866991106240018,normal
CBGE,nonsense,NM_022904.3(RASAL3):c.1042C>T (p.Gln348Ter),chr19,RASAL3,NM_022904.3,348,CAG,UAG,-10.179824793564451,normal
CBGE,nonsense,NM_022904.3(RASAL3):c.1208G>A (p.Trp403Ter),chr19,RASAL3,NM_022904.3,403,UGG,UAG,-14.62092302105125,normal
CBGE,nonsense,NM_022904.3(RASAL3):c.137G>A (p.Trp46Ter),chr19,RASAL3,NM_022904.3,46,UGG,UAG,-12.61837197396124,normal
CBGE,nonsense,NM_022904.3(RASAL3):c.138G>A (p.Trp46Ter),chr19,RASAL3,NM_022904.3,46,UGG,UGA,-12.043724042686542,normal
CBGE,nonsense,NM_022904.3(RASAL3):c.1564C>T (p.Gln522Ter),chr19,RASAL3,NM_022904.3,522,CAG,UAG,-8.457078998847448,normal
CBGE,nonsense,NM_022904.3(RASAL3):c.1579C>T (p.Gln527Ter),chr19,RASAL3,NM_022904.3,527,CAG,UAG,-10.869498210310082,normal
CBGE,nonsense,NM_022904.3(RASAL3):c.1724G>A (p.Trp575Ter),chr19,RASAL3,NM_022904.3,575,UGG,UAG,-12.055158636723128,normal
CBGE,nonsense,NM_022904.3(RASAL3):c.1725G>A (p.Trp575Ter),chr19,RASAL3,NM_022904.3,575,UGG,UGA,-11.858686429902296,normal
CBGE,nonsense,NM_022904.3(RASAL3):c.1762C>T (p.Arg588Ter),chr19,RASAL3,NM_022904.3,588,CGA,UGA,-10.502896345127985,normal
CBGE,nonsense,NM_022904.3(RASAL3):c.2026C>T (p.Gln676Ter),chr19,RASAL3,NM_022904.3,676,CAA,UAA,-10.3811130424172,normal
CBGE,nonsense,NM_022904.3(RASAL3):c.2041C>T (p.Gln681Ter),chr19,RASAL3,NM_022904.3,681,CAG,UAG,-10.586254171296252,normal
CBGE,nonsense,NM_022904.3(RASAL3):c.2083C>T (p.Gln695Ter),chr19,RASAL3,NM_022904.3,695,CAG,UAG,-11.683040583555734,normal
CBGE,nonsense,NM_022904.3(RASAL3):c.2167C>T (p.Arg723Ter),chr19,RASAL3,NM_022904.3,723,CGA,UGA,-9.418461755770346,normal
CBGE,nonsense,NM_022904.3(RASAL3):c.2266C>T (p.Gln756Ter),chr19,RASAL3,NM_022904.3,756,CAG,UAG,-11.43532562307302,normal
CBGE,nonsense,NM_022904.3(RASAL3):c.2452C>T (p.Gln818Ter),chr19,RASAL3,NM_022904.3,818,CAG,UAG,-12.356676094903651,normal
CBGE,nonsense,NM_022904.3(RASAL3):c.2488C>T (p.Gln830Ter),chr19,RASAL3,NM_022904.3,830,CAA,UAA,-9.995989315142094,normal
CBGE,nonsense,NM_022904.3(RASAL3):c.2504G>A (p.Trp835Ter),chr19,RASAL3,NM_022904.3,835,UGG,UAG,-12.183258045439016,normal
CBGE,nonsense,NM_022904.3(RASAL3):c.2505G>A (p.Trp835Ter),chr19,RASAL3,NM_022904.3,835,UGG,UGA,-11.643455554452744,normal
CBGE,nonsense,NM_022904.3(RASAL3):c.2509C>T (p.Arg837Ter),chr19,RASAL3,NM_022904.3,837,CGA,UGA,-10.065402102052492,normal
CBGE,nonsense,NM_022904.3(RASAL3):c.250C>T (p.Arg84Ter),chr19,RASAL3,NM_022904.3,84,CGA,UGA,-10.640952034466642,normal
CBGE,nonsense,NM_022904.3(RASAL3):c.2558G>A (p.Trp853Ter),chr19,RASAL3,NM_022904.3,853,UGG,UAG,-11.582408784417389,normal
CBGE,nonsense,NM_022904.3(RASAL3):c.2605C>T (p.Gln869Ter),chr19,RASAL3,NM_022904.3,869,CAG,UAG,-11.531300507316049,normal
CBGE,nonsense,NM_022904.3(RASAL3):c.2626C>T (p.Gln876Ter),chr19,RASAL3,NM_022904.3,876,CAA,UAA,-10.239376160832569,normal
CBGE,nonsense,NM_022904.3(RASAL3):c.2632C>T (p.Arg878Ter),chr19,RASAL3,NM_022904.3,878,CGA,UGA,-8.796493520234966,normal
CBGE,nonsense,NM_022904.3(RASAL3):c.2638C>T (p.Gln880Ter),chr19,RASAL3,NM_022904.3,880,CAG,UAG,-10.997571975099913,normal
CBGE,nonsense,NM_022904.3(RASAL3):c.2656C>T (p.Arg886Ter),chr19,RASAL3,NM_022904.3,886,CGA,UGA,-9.027114890364093,normal
CBGE,nonsense,NM_022904.3(RASAL3):c.2683C>T (p.Gln895Ter),chr19,RASAL3,NM_022904.3,895,CAG,UAG,-13.383478171575998,normal
CBGE,nonsense,NM_022904.3(RASAL3):c.2773C>T (p.Gln925Ter),chr19,RASAL3,NM_022904.3,925,CAG,UAG,-13.165155380311036,normal
CBGE,nonsense,NM_022904.3(RASAL3):c.2776C>T (p.Gln926Ter),chr19,RASAL3,NM_022904.3,926,CAG,UAG,-11.38987636357658,normal
CBGE,nonsense,NM_022904.3(RASAL3):c.2782C>T (p.Gln928Ter),chr19,RASAL3,NM_022904.3,928,CAG,UAG,-12.917195276731576,normal
CBGE,nonsense,NM_022904.3(RASAL3):c.2923C>T (p.Gln975Ter),chr19,RASAL3,NM_022904.3,975,CAG,UAG,-9.965543755473409,normal
CBGE,nonsense,NM_022904.3(RASAL3):c.2956C>T (p.Gln986Ter),chr19,RASAL3,NM_022904.3,986,CAG,UAG,-12.277845376645304,normal
CBGE,nonsense,NM_022904.3(RASAL3):c.2984G>A (p.Trp995Ter),chr19,RASAL3,NM_022904.3,995,UGG,UAG,-11.338235862392596,normal
CBGE,nonsense,NM_022904.3(RASAL3):c.2985G>A (p.Trp995Ter),chr19,RASAL3,NM_022904.3,995,UGG,UGA,-10.978851341418173,normal
CBGE,nonsense,NM_022904.3(RASAL3):c.367C>T (p.Gln123Ter),chr19,RASAL3,NM_022904.3,123,CAG,UAG,-10.953405347327864,normal
CBGE,nonsense,NM_022904.3(RASAL3):c.404G>A (p.Trp135Ter),chr19,RASAL3,NM_022904.3,135,UGG,UAG,-11.39647872041144,normal
CBGE,nonsense,NM_022904.3(RASAL3):c.405G>A (p.Trp135Ter),chr19,RASAL3,NM_022904.3,135,UGG,UGA,-11.033529304099796,normal
CBGE,nonsense,NM_022904.3(RASAL3):c.472C>T (p.Arg158Ter),chr19,RASAL3,NM_022904.3,158,CGA,UGA,-8.964919170265048,normal
CBGE,nonsense,NM_022904.3(RASAL3):c.746G>A (p.Trp249Ter),chr19,RASAL3,NM_022904.3,249,UGG,UAG,-11.727721307813503,normal
CBGE,nonsense,NM_022904.3(RASAL3):c.747G>A (p.Trp249Ter),chr19,RASAL3,NM_022904.3,249,UGG,UGA,-11.41315936629184,normal
CBGE,nonsense,NM_022904.3(RASAL3):c.871C>T (p.Gln291Ter),chr19,RASAL3,NM_022904.3,291,CAA,UAA,-9.739591664357446,normal
CBGE,nonsense,NM_022904.3(RASAL3):c.877C>T (p.Gln293Ter),chr19,RASAL3,NM_022904.3,293,CAG,UAG,-11.473432520097589,normal
CBGE,nonsense,NM_022904.3(RASAL3):c.952C>T (p.Arg318Ter),chr19,RASAL3,NM_022904.3,318,CGA,UGA,-8.38328645831519,normal
CBGE,nonsense,NM_022904.3(RASAL3):c.992G>A (p.Trp331Ter),chr19,RASAL3,NM_022904.3,331,UGG,UAG,-13.255418835495794,normal
CBGE,nonsense,NM_024839.4(RPP21):c.295C>T (p.Gln99Ter),chr6,RPP21,NM_024839.4,99,CAA,UAA,-11.210159348596733,normal
CBGE,nonsense,NM_024839.4(RPP21):c.329G>A (p.Trp110Ter),chr6,RPP21,NM_024839.4,110,UGG,UAG,-11.872560538497432,normal
CBGE,nonsense,NM_024839.4(RPP21):c.330G>A (p.Trp110Ter),chr6,RPP21,NM_024839.4,110,UGG,UGA,-11.447536439346502,normal
CBGE,nonsense,NM_024839.4(RPP21):c.361C>T (p.Gln121Ter),chr6,RPP21,NM_024839.4,121,CAA,UAA,-10.654579179596222,normal
CBGE,nonsense,NM_024839.4(RPP21):c.439C>T (p.Gln147Ter),chr6,RPP21,NM_024839.4,147,CAG,UAG,-11.331710774479776,normal
CBGE,nonsense,NM_024839.4(RPP21):c.79C>T (p.Gln27Ter),chr6,RPP21,NM_024839.4,27,CAG,UAG,-11.991054483916924,normal
CBGE,nonsense,NM_025079.3(ZC3H12A):c.106C>T (p.Gln36Ter),chr1,ZC3H12A,NM_025079.3,36,CAA,UAA,-8.319191882693234,normal
CBGE,nonsense,NM_025079.3(ZC3H12A):c.1117C>T (p.Gln373Ter),chr1,ZC3H12A,NM_025079.3,373,CAG,UAG,-9.928479205302889,normal
CBGE,nonsense,NM_025079.3(ZC3H12A):c.1186C>T (p.Gln396Ter),chr1,ZC3H12A,NM_025079.3,396,CAG,UAG,-10.200428019556393,normal
CBGE,nonsense,NM_025079.3(ZC3H12A):c.1260G>A (p.Trp420Ter),chr1,ZC3H12A,NM_025079.3,420,UGG,UGA,-12.088232009721748,normal
CBGE,nonsense,NM_025079.3(ZC3H12A):c.1297C>T (p.Gln433Ter),chr1,ZC3H12A,NM_025079.3,433,CAG,UAG,-10.338775729299227,normal
CBGE,nonsense,NM_025079.3(ZC3H12A):c.1360C>T (p.Arg454Ter),chr1,ZC3H12A,NM_025079.3,454,CGA,UGA,-9.02567481557793,normal
CBGE,nonsense,NM_025079.3(ZC3H12A):c.1393C>T (p.Arg465Ter),chr1,ZC3H12A,NM_025079.3,465,CGA,UGA,-8.283701926946609,normal
CBGE,nonsense,NM_025079.3(ZC3H12A):c.1534C>T (p.Arg512Ter),chr1,ZC3H12A,NM_025079.3,512,CGA,UGA,-8.601131497860518,normal
CBGE,nonsense,NM_025079.3(ZC3H12A):c.1544G>A (p.Trp515Ter),chr1,ZC3H12A,NM_025079.3,515,UGG,UAG,-12.277057622327542,normal
CBGE,nonsense,NM_025079.3(ZC3H12A):c.1545G>A (p.Trp515Ter),chr1,ZC3H12A,NM_025079.3,515,UGG,UGA,-11.906360648459309,normal
CBGE,nonsense,NM_025079.3(ZC3H12A):c.289C>T (p.Gln97Ter),chr1,ZC3H12A,NM_025079.3,97,CAG,UAG,-11.187677391248826,normal
CBGE,nonsense,NM_025079.3(ZC3H12A):c.586C>T (p.Gln196Ter),chr1,ZC3H12A,NM_025079.3,196,CAG,UAG,-11.938156155105718,normal
CBGE,nonsense,NM_025079.3(ZC3H12A):c.59G>A (p.Trp20Ter),chr1,ZC3H12A,NM_025079.3,20,UGG,UAG,-10.581319823958454,normal
CBGE,nonsense,NM_025079.3(ZC3H12A):c.60G>A (p.Trp20Ter),chr1,ZC3H12A,NM_025079.3,20,UGG,UGA,-10.53132636309835,normal
CBGE,nonsense,NM_025079.3(ZC3H12A):c.640C>T (p.Arg214Ter),chr1,ZC3H12A,NM_025079.3,214,CGA,UGA,-10.949970249899778,normal
CBGE,nonsense,NM_025079.3(ZC3H12A):c.85C>T (p.Gln29Ter),chr1,ZC3H12A,NM_025079.3,29,CAG,UAG,-9.05852317600013,normal
CBGE,nonsense,NM_025079.3(ZC3H12A):c.910C>T (p.Gln304Ter),chr1,ZC3H12A,NM_025079.3,304,CAG,UAG,-12.434724829992517,normal
CBGE,nonsense,NM_025079.3(ZC3H12A):c.988C>T (p.Gln330Ter),chr1,ZC3H12A,NM_025079.3,330,CAG,UAG,-11.279100446347174,normal
CBGE,nonsense,NM_025228.4(TRAF3IP3):c.1039C>T (p.Gln347Ter),chr1,TRAF3IP3,NM_025228.4,347,CAG,UAG,-12.956650735910111,normal
CBGE,nonsense,NM_025228.4(TRAF3IP3):c.1075C>T (p.Gln359Ter),chr1,TRAF3IP3,NM_025228.4,359,CAG,UAG,-12.838994994111708,normal
CBGE,nonsense,NM_025228.4(TRAF3IP3):c.1084C>T (p.Gln362Ter),chr1,TRAF3IP3,NM_025228.4,362,CAG,UAG,-12.570967655383958,normal
CBGE,nonsense,NM_025228.4(TRAF3IP3):c.1114C>T (p.Gln372Ter),chr1,TRAF3IP3,NM_025228.4,372,CAG,UAG,-13.01429934122554,normal
CBGE,nonsense,NM_025228.4(TRAF3IP3):c.1177C>T (p.Gln393Ter),chr1,TRAF3IP3,NM_025228.4,393,CAG,UAG,-12.572903639803204,normal
CBGE,nonsense,NM_025228.4(TRAF3IP3):c.1186C>T (p.Gln396Ter),chr1,TRAF3IP3,NM_025228.4,396,CAA,UAA,-12.05925370185394,normal
CBGE,nonsense,NM_025228.4(TRAF3IP3):c.1192C>T (p.Gln398Ter),chr1,TRAF3IP3,NM_025228.4,398,CAA,UAA,-12.49858564168728,normal
CBGE,nonsense,NM_025228.4(TRAF3IP3):c.1240C>T (p.Gln414Ter),chr1,TRAF3IP3,NM_025228.4,414,CAG,UAG,-13.066036147279126,normal
CBGE,nonsense,NM_025228.4(TRAF3IP3):c.1243C>T (p.Gln415Ter),chr1,TRAF3IP3,NM_025228.4,415,CAG,UAG,-12.432735490667111,normal
CBGE,nonsense,NM_025228.4(TRAF3IP3):c.1315C>T (p.Gln439Ter),chr1,TRAF3IP3,NM_025228.4,439,CAG,UAG,-11.056864758554,normal
CBGE,nonsense,NM_025228.4(TRAF3IP3):c.1432C>T (p.Gln478Ter),chr1,TRAF3IP3,NM_025228.4,478,CAG,UAG,-12.956443729554898,normal
CBGE,nonsense,NM_025228.4(TRAF3IP3):c.1549C>T (p.Gln517Ter),chr1,TRAF3IP3,NM_025228.4,517,CAG,UAG,-11.753492394075296,normal
CBGE,nonsense,NM_025228.4(TRAF3IP3):c.1567C>T (p.Gln523Ter),chr1,TRAF3IP3,NM_025228.4,523,CAA,UAA,-10.777454365356412,normal
CBGE,nonsense,NM_025228.4(TRAF3IP3):c.1576C>T (p.Arg526Ter),chr1,TRAF3IP3,NM_025228.4,526,CGA,UGA,-10.130582845516152,normal
CBGE,nonsense,NM_025228.4(TRAF3IP3):c.259C>T (p.Gln87Ter),chr1,TRAF3IP3,NM_025228.4,87,CAA,UAA,-10.581039394120506,normal
CBGE,nonsense,NM_025228.4(TRAF3IP3):c.283C>T (p.Gln95Ter),chr1,TRAF3IP3,NM_025228.4,95,CAG,UAG,-11.062395136298454,normal
CBGE,nonsense,NM_025228.4(TRAF3IP3):c.343C>T (p.Gln115Ter),chr1,TRAF3IP3,NM_025228.4,115,CAG,UAG,-10.785184869907742,normal
CBGE,nonsense,NM_025228.4(TRAF3IP3):c.499C>T (p.Gln167Ter),chr1,TRAF3IP3,NM_025228.4,167,CAG,UAG,-10.9181165825242,normal
CBGE,nonsense,NM_025228.4(TRAF3IP3):c.679C>T (p.Gln227Ter),chr1,TRAF3IP3,NM_025228.4,227,CAG,UAG,-11.749828330293958,normal
CBGE,nonsense,NM_025228.4(TRAF3IP3):c.754C>T (p.Gln252Ter),chr1,TRAF3IP3,NM_025228.4,252,CAG,UAG,-13.097547579941606,normal
CBGE,nonsense,NM_025228.4(TRAF3IP3):c.772C>T (p.Gln258Ter),chr1,TRAF3IP3,NM_025228.4,258,CAG,UAG,-12.251776653089966,normal
CBGE,nonsense,NM_025228.4(TRAF3IP3):c.862C>T (p.Gln288Ter),chr1,TRAF3IP3,NM_025228.4,288,CAG,UAG,-13.00311660727052,normal
CBGE,nonsense,NM_025228.4(TRAF3IP3):c.895C>T (p.Gln299Ter),chr1,TRAF3IP3,NM_025228.4,299,CAG,UAG,-13.318752309922798,normal
CBGE,nonsense,NM_025228.4(TRAF3IP3):c.898C>T (p.Gln300Ter),chr1,TRAF3IP3,NM_025228.4,300,CAA,UAA,-12.485084537945683,normal
CBGE,nonsense,NM_025228.4(TRAF3IP3):c.904C>T (p.Gln302Ter),chr1,TRAF3IP3,NM_025228.4,302,CAG,UAG,-13.581670777107512,normal
CBGE,nonsense,NM_025228.4(TRAF3IP3):c.913C>T (p.Gln305Ter),chr1,TRAF3IP3,NM_025228.4,305,CAG,UAG,-13.103702608041344,normal
CBGE,nonsense,NM_025228.4(TRAF3IP3):c.916C>T (p.Arg306Ter),chr1,TRAF3IP3,NM_025228.4,306,CGA,UGA,-10.354403557704911,normal
CBGE,nonsense,NM_025228.4(TRAF3IP3):c.937C>T (p.Gln313Ter),chr1,TRAF3IP3,NM_025228.4,313,CAG,UAG,-13.543098424083109,normal
CBGE,nonsense,NM_025228.4(TRAF3IP3):c.961C>T (p.Gln321Ter),chr1,TRAF3IP3,NM_025228.4,321,CAG,UAG,-14.062680191791152,normal
CBGE,nonsense,NM_030662.4(MAP2K2):c.1027C>T (p.Gln343Ter),chr19,MAP2K2,NM_030662.4,343,CAG,UAG,-12.229761094446465,normal
CBGE,nonsense,NM_030662.4(MAP2K2):c.145C>T (p.Gln49Ter),chr19,MAP2K2,NM_030662.4,49,CAG,UAG,-13.26452733944716,normal
CBGE,nonsense,NM_030662.4(MAP2K2):c.148C>T (p.Gln50Ter),chr19,MAP2K2,NM_030662.4,50,CAG,UAG,-12.921417181352854,normal
CBGE,nonsense,NM_030662.4(MAP2K2):c.268C>T (p.Gln90Ter),chr19,MAP2K2,NM_030662.4,90,CAG,UAG,-10.094695070389276,normal
CBGE,nonsense,NM_030662.4(MAP2K2):c.340C>T (p.Gln114Ter),chr19,MAP2K2,NM_030662.4,114,CAG,UAG,-13.332859082048012,normal
CBGE,nonsense,NM_030662.4(MAP2K2):c.565C>T (p.Gln189Ter),chr19,MAP2K2,NM_030662.4,189,CAG,UAG,-10.554304183949691,normal
CBGE,nonsense,NM_031419.4(NFKBIZ):c.1012C>T (p.Gln338Ter),chr3,NFKBIZ,NM_031419.4,338,CAA,UAA,-11.742625160655146,normal
CBGE,nonsense,NM_031419.4(NFKBIZ):c.1255C>T (p.Gln419Ter),chr3,NFKBIZ,NM_031419.4,419,CAG,UAG,-11.519327157808942,normal
CBGE,nonsense,NM_031419.4(NFKBIZ):c.1261C>T (p.Gln421Ter),chr3,NFKBIZ,NM_031419.4,421,CAG,UAG,-11.017105070042572,normal
CBGE,nonsense,NM_031419.4(NFKBIZ):c.1270C>T (p.Gln424Ter),chr3,NFKBIZ,NM_031419.4,424,CAG,UAG,-11.22698878430751,normal
CBGE,nonsense,NM_031419.4(NFKBIZ):c.1300C>T (p.Gln434Ter),chr3,NFKBIZ,NM_031419.4,434,CAA,UAA,-10.517059298216887,normal
CBGE,nonsense,NM_031419.4(NFKBIZ):c.1306C>T (p.Gln436Ter),chr3,NFKBIZ,NM_031419.4,436,CAG,UAG,-10.688529984981503,normal
CBGE,nonsense,NM_031419.4(NFKBIZ):c.1489C>T (p.Gln497Ter),chr3,NFKBIZ,NM_031419.4,497,CAG,UAG,-13.243151624869263,normal
CBGE,nonsense,NM_031419.4(NFKBIZ):c.1579C>T (p.Gln527Ter),chr3,NFKBIZ,NM_031419.4,527,CAG,UAG,-12.089243877531734,normal
CBGE,nonsense,NM_031419.4(NFKBIZ):c.1588C>T (p.Gln530Ter),chr3,NFKBIZ,NM_031419.4,530,CAG,UAG,-11.915012322175064,normal
CBGE,nonsense,NM_031419.4(NFKBIZ):c.1798C>T (p.Gln600Ter),chr3,NFKBIZ,NM_031419.4,600,CAA,UAA,-12.626426643495364,normal
CBGE,nonsense,NM_031419.4(NFKBIZ):c.2062C>T (p.Gln688Ter),chr3,NFKBIZ,NM_031419.4,688,CAG,UAG,-8.051681537691007,normal
CBGE,nonsense,NM_031419.4(NFKBIZ):c.2107C>T (p.Arg703Ter),chr3,NFKBIZ,NM_031419.4,703,CGA,UGA,-10.982946362134916,normal
CBGE,nonsense,NM_031419.4(NFKBIZ):c.316C>T (p.Gln106Ter),chr3,NFKBIZ,NM_031419.4,106,CAG,UAG,-11.421369656469118,normal
CBGE,nonsense,NM_031419.4(NFKBIZ):c.451C>T (p.Gln151Ter),chr3,NFKBIZ,NM_031419.4,151,CAG,UAG,-10.711029960862016,normal
CBGE,nonsense,NM_031419.4(NFKBIZ):c.706C>T (p.Gln236Ter),chr3,NFKBIZ,NM_031419.4,236,CAA,UAA,-11.209956181569504,normal
CBGE,nonsense,NM_031419.4(NFKBIZ):c.757C>T (p.Gln253Ter),chr3,NFKBIZ,NM_031419.4,253,CAG,UAG,-12.50216291655812,normal
CBGE,nonsense,NM_031419.4(NFKBIZ):c.817C>T (p.Gln273Ter),chr3,NFKBIZ,NM_031419.4,273,CAA,UAA,-11.516552906374477,normal
CBGE,nonsense,NM_031419.4(NFKBIZ):c.832C>T (p.Gln278Ter),chr3,NFKBIZ,NM_031419.4,278,CAA,UAA,-11.336196941287302,normal
CBGE,nonsense,NM_031419.4(NFKBIZ):c.835C>T (p.Gln279Ter),chr3,NFKBIZ,NM_031419.4,279,CAA,UAA,-11.18484303353778,normal
CBGE,nonsense,NM_031892.3(SH3KBP1):c.1048C>T (p.Gln350Ter),chrX,SH3KBP1,NM_031892.3,350,CAA,UAA,-11.510475186969934,normal
CBGE,nonsense,NM_031892.3(SH3KBP1):c.118C>T (p.Gln40Ter),chrX,SH3KBP1,NM_031892.3,40,CAG,UAG,-11.618765856123453,normal
CBGE,nonsense,NM_031892.3(SH3KBP1):c.1816C>T (p.Gln606Ter),chrX,SH3KBP1,NM_031892.3,606,CAG,UAG,-12.033699083434316,normal
CBGE,nonsense,NM_031892.3(SH3KBP1):c.1885C>T (p.Gln629Ter),chrX,SH3KBP1,NM_031892.3,629,CAG,UAG,-13.086080477877722,normal
CBGE,nonsense,NM_031892.3(SH3KBP1):c.1888C>T (p.Gln630Ter),chrX,SH3KBP1,NM_031892.3,630,CAG,UAG,-12.548568704857331,normal
CBGE,nonsense,NM_031892.3(SH3KBP1):c.1954C>T (p.Gln652Ter),chrX,SH3KBP1,NM_031892.3,652,CAG,UAG,-11.218683288668345,normal
CBGE,nonsense,NM_031892.3(SH3KBP1):c.505C>T (p.Gln169Ter),chrX,SH3KBP1,NM_031892.3,169,CAG,UAG,-10.956335047786252,normal
CBGE,nonsense,NM_031892.3(SH3KBP1):c.616C>T (p.Gln206Ter),chrX,SH3KBP1,NM_031892.3,206,CAG,UAG,-11.448402435864333,normal
CBGE,nonsense,NM_032214.4(SLA2):c.281G>A (p.Trp94Ter),chr20,SLA2,NM_032214.4,94,UGG,UAG,-13.531780228300857,normal
CBGE,nonsense,NM_032214.4(SLA2):c.61C>T (p.Gln21Ter),chr20,SLA2,NM_032214.4,21,CAA,UAA,-9.774045954658042,normal
CBGE,nonsense,NM_032415.7(CARD11):c.1216C>T (p.Gln406Ter),chr7,CARD11,NM_032415.7,406,CAG,UAG,-12.58527562459814,lof
CBGE,nonsense,NM_032415.7(CARD11):c.1378C>T (p.Gln460Ter),chr7,CARD11,NM_032415.7,460,CAG,UAG,-10.255994814909872,normal
CBGE,nonsense,NM_032415.7(CARD11):c.1489C>T (p.Gln497Ter),chr7,CARD11,NM_032415.7,497,CAG,UAG,-11.31874269609298,lof
CBGE,nonsense,NM_032415.7(CARD11):c.1903C>T (p.Gln635Ter),chr7,CARD11,NM_032415.7,635,CAG,UAG,-11.672930694245506,normal
CBGE,nonsense,NM_032415.7(CARD11):c.1999C>T (p.Gln667Ter),chr7,CARD11,NM_032415.7,667,CAG,UAG,-11.335202117176914,normal
CBGE,nonsense,NM_032415.7(CARD11):c.2035C>T (p.Gln679Ter),chr7,CARD11,NM_032415.7,679,CAG,UAG,-9.936837209395144,gof
CBGE,nonsense,NM_032415.7(CARD11):c.2131C>T (p.Gln711Ter),chr7,CARD11,NM_032415.7,711,CAG,UAG,-11.636599653819747,normal
CBGE,nonsense,NM_032415.7(CARD11):c.2158C>T (p.Arg720Ter),chr7,CARD11,NM_032415.7,720,CGA,UGA,-8.592757144099492,normal
CBGE,nonsense,NM_032415.7(CARD11):c.2170C>T (p.Gln724Ter),chr7,CARD11,NM_032415.7,724,CAG,UAG,-10.813096990145777,lof
CBGE,nonsense,NM_032415.7(CARD11):c.2213G>A (p.Trp738Ter),chr7,CARD11,NM_032415.7,738,UGG,UAG,-13.063280085250383,normal
CBGE,nonsense,NM_032415.7(CARD11):c.2214G>A (p.Trp738Ter),chr7,CARD11,NM_032415.7,738,UGG,UGA,-12.44696800214423,normal
CBGE,nonsense,NM_032415.7(CARD11):c.2221C>T (p.Gln741Ter),chr7,CARD11,NM_032415.7,741,CAG,UAG,-11.493030453367725,lof
CBGE,nonsense,NM_032415.7(CARD11):c.2425C>T (p.Gln809Ter),chr7,CARD11,NM_032415.7,809,CAG,UAG,-10.74075507698609,lof
CBGE,nonsense,NM_032415.7(CARD11):c.2509C>T (p.Arg837Ter),chr7,CARD11,NM_032415.7,837,CGA,UGA,-9.85368161889063,normal
CBGE,nonsense,NM_032415.7(CARD11):c.253C>T (p.Gln85Ter),chr7,CARD11,NM_032415.7,85,CAA,UAA,-10.26310536951459,normal
CBGE,nonsense,NM_032415.7(CARD11):c.2554C>T (p.Arg852Ter),chr7,CARD11,NM_032415.7,852,CGA,UGA,-9.224828807076124,gof
CBGE,nonsense,NM_032415.7(CARD11):c.2671C>T (p.Arg891Ter),chr7,CARD11,NM_032415.7,891,CGA,UGA,-10.334897954005308,normal
CBGE,nonsense,NM_032415.7(CARD11):c.2692C>T (p.Gln898Ter),chr7,CARD11,NM_032415.7,898,CAG,UAG,-10.811653110656287,normal
CBGE,nonsense,NM_032415.7(CARD11):c.2968C>T (p.Gln990Ter),chr7,CARD11,NM_032415.7,990,CAG,UAG,-11.67432216217004,lof
CBGE,nonsense,NM_032415.7(CARD11):c.3374G>A (p.Trp1125Ter),chr7,CARD11,NM_032415.7,1125,UGG,UAG,-11.829930315279494,lof
CBGE,nonsense,NM_032415.7(CARD11):c.3375G>A (p.Trp1125Ter),chr7,CARD11,NM_032415.7,1125,UGG,UGA,-11.591025301952063,lof
CBGE,nonsense,NM_032415.7(CARD11):c.415C>T (p.Gln139Ter),chr7,CARD11,NM_032415.7,139,CAG,UAG,-13.55235765733007,lof
CBGE,nonsense,NM_032415.7(CARD11):c.418C>T (p.Gln140Ter),chr7,CARD11,NM_032415.7,140,CAG,UAG,-13.112468777807376,lof
CBGE,nonsense,NM_032415.7(CARD11):c.493C>T (p.Gln165Ter),chr7,CARD11,NM_032415.7,165,CAG,UAG,-13.186486250848771,lof
CBGE,nonsense,NM_032415.7(CARD11):c.676C>T (p.Gln226Ter),chr7,CARD11,NM_032415.7,226,CAA,UAA,-11.60535526066836,normal
CBGE,nonsense,NM_032415.7(CARD11):c.691C>T (p.Gln231Ter),chr7,CARD11,NM_032415.7,231,CAG,UAG,-12.321905101339022,lof
CBGE,nonsense,NM_032415.7(CARD11):c.850C>T (p.Gln284Ter),chr7,CARD11,NM_032415.7,284,CAG,UAG,-13.2863674423329,lof
CBGE,nonsense,NM_032415.7(CARD11):c.862C>T (p.Gln288Ter),chr7,CARD11,NM_032415.7,288,CAG,UAG,-12.53839208610096,lof
CBGE,nonsense,NM_032415.7(CARD11):c.979C>T (p.Gln327Ter),chr7,CARD11,NM_032415.7,327,CAG,UAG,-12.789064368398131,normal
CBGE,nonsense,NM_032464.3(LAT2):c.145C>T (p.Gln49Ter),chr7,LAT2,NM_032464.3,49,CAA,UAA,-10.116100359239356,normal
CBGE,nonsense,NM_032464.3(LAT2):c.148C>T (p.Gln50Ter),chr7,LAT2,NM_032464.3,50,CAG,UAG,-11.026691474618293,normal
CBGE,nonsense,NM_032464.3(LAT2):c.187C>T (p.Gln63Ter),chr7,LAT2,NM_032464.3,63,CAG,UAG,-10.865692173488116,normal
CBGE,nonsense,NM_032464.3(LAT2):c.362G>A (p.Trp121Ter),chr7,LAT2,NM_032464.3,121,UGG,UAG,-11.628542963189595,normal
CBGE,nonsense,NM_032464.3(LAT2):c.363G>A (p.Trp121Ter),chr7,LAT2,NM_032464.3,121,UGG,UGA,-11.217548428747095,normal
CBGE,nonsense,NM_032464.3(LAT2):c.601C>T (p.Gln201Ter),chr7,LAT2,NM_032464.3,201,CAG,UAG,-11.200633880533454,normal
CBGE,nonsense,NM_032464.3(LAT2):c.605G>A (p.Trp202Ter),chr7,LAT2,NM_032464.3,202,UGG,UAG,-12.121638251552705,normal
CBGE,nonsense,NM_032464.3(LAT2):c.606G>A (p.Trp202Ter),chr7,LAT2,NM_032464.3,202,UGG,UGA,-11.816683797071155,normal
CBGE,nonsense,NM_032464.3(LAT2):c.637C>T (p.Gln213Ter),chr7,LAT2,NM_032464.3,213,CAG,UAG,-11.191085813457544,normal
CBGE,nonsense,NM_032611.3(PTP4A3):c.203G>A (p.Trp68Ter),chr8,PTP4A3,NM_032611.3,68,UGG,UAG,-14.632939315028368,normal
CBGE,nonsense,NM_032611.3(PTP4A3):c.204G>A (p.Trp68Ter),chr8,PTP4A3,NM_032611.3,68,UGG,UGA,-13.97532845299269,normal
CBGE,nonsense,NM_032611.3(PTP4A3):c.391C>T (p.Gln131Ter),chr8,PTP4A3,NM_032611.3,131,CAG,UAG,-13.384729385044087,normal
CBGE,nonsense,NM_032611.3(PTP4A3):c.403C>T (p.Gln135Ter),chr8,PTP4A3,NM_032611.3,135,CAG,UAG,-13.035493844054844,normal
CBGE,nonsense,NM_032611.3(PTP4A3):c.433C>T (p.Gln145Ter),chr8,PTP4A3,NM_032611.3,145,CAG,UAG,-13.501073864942416,normal
CBGE,nonsense,NM_032782.5(HAVCR2):c.158G>A (p.Trp53Ter),chr5,HAVCR2,NM_032782.5,53,UGG,UAG,-14.740804722327876,normal
CBGE,nonsense,NM_032782.5(HAVCR2):c.249G>A (p.Trp83Ter),chr5,HAVCR2,NM_032782.5,83,UGG,UGA,-11.3343009858471,normal
CBGE,nonsense,NM_032782.5(HAVCR2):c.337C>T (p.Gln113Ter),chr5,HAVCR2,NM_032782.5,113,CAA,UAA,-10.987972306146606,normal
CBGE,nonsense,NM_032782.5(HAVCR2):c.523C>T (p.Gln175Ter),chr5,HAVCR2,NM_032782.5,175,CAA,UAA,-10.954079682726633,normal
CBGE,nonsense,NM_032782.5(HAVCR2):c.703C>T (p.Gln235Ter),chr5,HAVCR2,NM_032782.5,235,CAG,UAG,-11.3172245345018,normal
CBGE,nonsense,NM_032782.5(HAVCR2):c.862C>T (p.Gln288Ter),chr5,HAVCR2,NM_032782.5,288,CAG,UAG,-10.851795165468545,normal
CBGE,nonsense,NM_032782.5(HAVCR2):c.865C>T (p.Gln289Ter),chr5,HAVCR2,NM_032782.5,289,CAA,UAA,-10.653209695071205,normal
CBGE,nonsense,NM_032782.5(HAVCR2):c.874C>T (p.Gln292Ter),chr5,HAVCR2,NM_032782.5,292,CAA,UAA,-10.36092951886051,normal
CBGE,nonsense,NM_033161.4(SURF4):c.310C>T (p.Gln104Ter),chr9,SURF4,NM_033161.4,104,CAG,UAG,-13.998804161400583,normal
CBGE,nonsense,NM_033161.4(SURF4):c.46C>T (p.Gln16Ter),chr9,SURF4,NM_033161.4,16,CAG,UAG,-11.11173058569748,normal
CBGE,nonsense,NM_033161.4(SURF4):c.472C>T (p.Gln158Ter),chr9,SURF4,NM_033161.4,158,CAG,UAG,-13.056259163544096,normal
CBGE,nonsense,NM_033161.4(SURF4):c.550C>T (p.Gln184Ter),chr9,SURF4,NM_033161.4,184,CAG,UAG,-12.908466332563268,normal
CBGE,nonsense,NM_033161.4(SURF4):c.67C>T (p.Gln23Ter),chr9,SURF4,NM_033161.4,23,CAG,UAG,-10.931574839525362,normal
CBGE,nonsense,NM_052845.4(MMAB):c.112C>T (p.Gln38Ter),chr12,MMAB,NM_052845.4,38,CAG,UAG,-10.381828326857208,normal
CBGE,nonsense,NM_052845.4(MMAB):c.241C>T (p.Gln81Ter),chr12,MMAB,NM_052845.4,81,CAA,UAA,-10.069772596921284,normal
CBGE,nonsense,NM_052845.4(MMAB):c.364C>T (p.Gln122Ter),chr12,MMAB,NM_052845.4,122,CAG,UAG,-11.79212093883288,normal
CBGE,nonsense,NM_052845.4(MMAB):c.467G>A (p.Trp156Ter),chr12,MMAB,NM_052845.4,156,UGG,UAG,-13.184101079986544,normal
CBGE,nonsense,NM_052845.4(MMAB):c.97C>T (p.Gln33Ter),chr12,MMAB,NM_052845.4,33,CAG,UAG,-9.601283974485312,normal
CBGE,nonsense,NM_052880.5(PIK3IP1):c.109C>T (p.Gln37Ter),chr22,PIK3IP1,NM_052880.5,37,CAG,UAG,-11.234139466031582,normal
CBGE,nonsense,NM_052880.5(PIK3IP1):c.157C>T (p.Gln53Ter),chr22,PIK3IP1,NM_052880.5,53,CAG,UAG,-11.282758765512371,normal
CBGE,nonsense,NM_052880.5(PIK3IP1):c.349C>T (p.Gln117Ter),chr22,PIK3IP1,NM_052880.5,117,CAG,UAG,-11.708057379676042,normal
CBGE,nonsense,NM_052880.5(PIK3IP1):c.439C>T (p.Gln147Ter),chr22,PIK3IP1,NM_052880.5,147,CAG,UAG,-12.308593788399836,normal
CBGE,nonsense,NM_052880.5(PIK3IP1):c.460C>T (p.Gln154Ter),chr22,PIK3IP1,NM_052880.5,154,CAG,UAG,-12.298448519513403,normal
CBGE,nonsense,NM_052880.5(PIK3IP1):c.616C>T (p.Gln206Ter),chr22,PIK3IP1,NM_052880.5,206,CAG,UAG,-11.557879440194624,normal
CBGE,nonsense,NM_052880.5(PIK3IP1):c.80G>A (p.Trp27Ter),chr22,PIK3IP1,NM_052880.5,27,UGG,UAG,-13.363025687154432,normal
CBGE,nonsense,NM_052880.5(PIK3IP1):c.81G>A (p.Trp27Ter),chr22,PIK3IP1,NM_052880.5,27,UGG,UGA,-12.917764708683892,normal
CBGE,nonsense,NM_052945.4(TNFRSF13C):c.178C>T (p.Gln60Ter),chr22,TNFRSF13C,NM_052945.4,60,CAG,UAG,-10.85984704580912,normal
CBGE,nonsense,NM_052945.4(TNFRSF13C):c.302G>A (p.Trp101Ter),chr22,TNFRSF13C,NM_052945.4,101,UGG,UAG,-15.075640632129502,normal
CBGE,nonsense,NM_052945.4(TNFRSF13C):c.303G>A (p.Trp101Ter),chr22,TNFRSF13C,NM_052945.4,101,UGG,UGA,-14.609012668678629,normal
CBGE,nonsense,NM_052945.4(TNFRSF13C):c.434G>A (p.Trp145Ter),chr22,TNFRSF13C,NM_052945.4,145,UGG,UAG,-11.40120984677444,normal
CBGE,nonsense,NM_052945.4(TNFRSF13C):c.435G>A (p.Trp145Ter),chr22,TNFRSF13C,NM_052945.4,145,UGG,UGA,-10.890128193361829,normal
CBGE,nonsense,NM_052945.4(TNFRSF13C):c.547C>T (p.Gln183Ter),chr22,TNFRSF13C,NM_052945.4,183,CAA,UAA,-10.297850627493885,normal
CBGE,nonsense,NM_052945.4(TNFRSF13C):c.550C>T (p.Gln184Ter),chr22,TNFRSF13C,NM_052945.4,184,CAA,UAA,-10.05848981225054,normal
CBGE,nonsense,NM_052945.4(TNFRSF13C):c.7C>T (p.Arg3Ter),chr22,TNFRSF13C,NM_052945.4,3,CGA,UGA,-9.72818952576069,normal
CBGE,nonsense,NM_058216.3(RAD51C):c.1000G>T (p.Glu334Ter),chr17,RAD51C,NM_058216.3,334,GAA,UAA,-12.807181412344576,lof
CBGE,nonsense,NM_058216.3(RAD51C):c.1005C>A (p.Cys335Ter),chr17,RAD51C,NM_058216.3,335,UGC,UGA,-10.480588898307666,lof
CBGE,nonsense,NM_058216.3(RAD51C):c.1018C>T (p.Gln340Ter),chr17,RAD51C,NM_058216.3,340,CAA,UAA,-11.069816644292212,lof
CBGE,nonsense,NM_058216.3(RAD51C):c.1024A>T (p.Lys342Ter),chr17,RAD51C,NM_058216.3,342,AAA,UAA,-11.16840168210526,lof
CBGE,nonsense,NM_058216.3(RAD51C):c.1030C>T (p.Gln344Ter),chr17,RAD51C,NM_058216.3,344,CAG,UAG,-9.820837067954916,lof
CBGE,nonsense,NM_058216.3(RAD51C):c.1033G>T (p.Gly345Ter),chr17,RAD51C,NM_058216.3,345,GGA,UGA,-12.18569180037048,lof
CBGE,nonsense,NM_058216.3(RAD51C):c.1039A>T (p.Arg347Ter),chr17,RAD51C,NM_058216.3,347,AGA,UGA,-9.486988021073778,lof
CBGE,nonsense,NM_058216.3(RAD51C):c.1065T>A (p.Cys355Ter),chr17,RAD51C,NM_058216.3,355,UGU,UGA,-10.15778818219072,normal
CBGE,nonsense,NM_058216.3(RAD51C):c.1067C>A (p.Ser356Ter),chr17,RAD51C,NM_058216.3,356,UCA,UAA,-11.433655692671874,normal
CBGE,nonsense,NM_058216.3(RAD51C):c.1067C>G (p.Ser356Ter),chr17,RAD51C,NM_058216.3,356,UCA,UGA,-11.271125743013492,normal
CBGE,nonsense,NM_058216.3(RAD51C):c.106G>T (p.Glu36Ter),chr17,RAD51C,NM_058216.3,36,GAG,UAG,-14.805557228867094,lof
CBGE,nonsense,NM_058216.3(RAD51C):c.1070T>A (p.Leu357Ter),chr17,RAD51C,NM_058216.3,357,UUG,UAG,-8.674150505745128,normal
CBGE,nonsense,NM_058216.3(RAD51C):c.1072C>T (p.Gln358Ter),chr17,RAD51C,NM_058216.3,358,CAA,UAA,-11.139212570458811,normal
CBGE,nonsense,NM_058216.3(RAD51C):c.1078G>T (p.Glu360Ter),chr17,RAD51C,NM_058216.3,360,GAA,UAA,-11.833192804526698,normal
CBGE,nonsense,NM_058216.3(RAD51C):c.1088T>A (p.Leu363Ter),chr17,RAD51C,NM_058216.3,363,UUG,UAG,-8.379304847867887,normal
CBGE,nonsense,NM_058216.3(RAD51C):c.1099A>T (p.Lys367Ter),chr17,RAD51C,NM_058216.3,367,AAA,UAA,-14.049624480270102,normal
CBGE,nonsense,NM_058216.3(RAD51C):c.109G>T (p.Glu37Ter),chr17,RAD51C,NM_058216.3,37,GAA,UAA,-14.292697819822468,lof
CBGE,nonsense,NM_058216.3(RAD51C):c.10A>T (p.Lys4Ter),chr17,RAD51C,NM_058216.3,4,AAG,UAG,-12.643596683596128,normal
CBGE,nonsense,NM_058216.3(RAD51C):c.1106C>A (p.Ser369Ter),chr17,RAD51C,NM_058216.3,369,UCA,UAA,-10.260113731968692,normal
CBGE,nonsense,NM_058216.3(RAD51C):c.1106C>G (p.Ser369Ter),chr17,RAD51C,NM_058216.3,369,UCA,UGA,-10.027570739914491,normal
CBGE,nonsense,NM_058216.3(RAD51C):c.1108C>T (p.Arg370Ter),chr17,RAD51C,NM_058216.3,370,CGA,UGA,-11.132947888205624,normal
CBGE,nonsense,NM_058216.3(RAD51C):c.1117G>T (p.Glu373Ter),chr17,RAD51C,NM_058216.3,373,GAG,UAG,-11.410674941634031,normal
CBGE,nonsense,NM_058216.3(RAD51C):c.1120G>T (p.Glu374Ter),chr17,RAD51C,NM_058216.3,374,GAA,UAA,-11.267432148105838,normal
CBGE,nonsense,NM_058216.3(RAD51C):c.1123G>T (p.Glu375Ter),chr17,RAD51C,NM_058216.3,375,GAA,UAA,-12.11417951906939,lof
CBGE,nonsense,NM_058216.3(RAD51C):c.1127T>A (p.Leu376Ter),chr17,RAD51C,NM_058216.3,376,UUA,UAA,-10.196546591221717,normal
CBGE,nonsense,NM_058216.3(RAD51C):c.1127T>G (p.Leu376Ter),chr17,RAD51C,NM_058216.3,376,UUA,UGA,-10.390155796488475,normal
CBGE,nonsense,NM_058216.3(RAD51C):c.118G>T (p.Glu40Ter),chr17,RAD51C,NM_058216.3,40,GAG,UAG,-13.406976747745189,lof
CBGE,nonsense,NM_058216.3(RAD51C):c.124A>T (p.Lys42Ter),chr17,RAD51C,NM_058216.3,42,AAA,UAA,-11.74005989795733,lof
CBGE,nonsense,NM_058216.3(RAD51C):c.133G>T (p.Glu45Ter),chr17,RAD51C,NM_058216.3,45,GAG,UAG,-13.559118243424274,lof
CBGE,nonsense,NM_058216.3(RAD51C):c.142A>T (p.Lys48Ter),chr17,RAD51C,NM_058216.3,48,AAA,UAA,-14.36782063492864,lof
CBGE,nonsense,NM_058216.3(RAD51C):c.145G>T (p.Glu49Ter),chr17,RAD51C,NM_058216.3,49,GAA,UAA,-12.804773358748404,lof
CBGE,nonsense,NM_058216.3(RAD51C):c.160A>T (p.Lys54Ter),chr17,RAD51C,NM_058216.3,54,AAA,UAA,-11.549396545632348,lof
CBGE,nonsense,NM_058216.3(RAD51C):c.166G>T (p.Glu56Ter),chr17,RAD51C,NM_058216.3,56,GAA,UAA,-13.153114303686674,lof
CBGE,nonsense,NM_058216.3(RAD51C):c.173T>A (p.Leu58Ter),chr17,RAD51C,NM_058216.3,58,UUA,UAA,-10.464750317404665,lof
CBGE,nonsense,NM_058216.3(RAD51C):c.173T>G (p.Leu58Ter),chr17,RAD51C,NM_058216.3,58,UUA,UGA,-10.653127716681198,lof
CBGE,nonsense,NM_058216.3(RAD51C):c.175G>T (p.Glu59Ter),chr17,RAD51C,NM_058216.3,59,GAA,UAA,-13.122633848389489,lof
CBGE,nonsense,NM_058216.3(RAD51C):c.184C>T (p.Gln62Ter),chr17,RAD51C,NM_058216.3,62,CAA,UAA,-11.795425384205211,normal
CBGE,nonsense,NM_058216.3(RAD51C):c.193A>T (p.Arg65Ter),chr17,RAD51C,NM_058216.3,65,AGA,UGA,-11.645148256441104,lof
CBGE,nonsense,NM_058216.3(RAD51C):c.196A>T (p.Arg66Ter),chr17,RAD51C,NM_058216.3,66,AGA,UGA,-11.601101931638771,lof
CBGE,nonsense,NM_058216.3(RAD51C):c.199G>T (p.Glu67Ter),chr17,RAD51C,NM_058216.3,67,GAA,UAA,-13.625452034734764,lof
CBGE,nonsense,NM_058216.3(RAD51C):c.204T>A (p.Cys68Ter),chr17,RAD51C,NM_058216.3,68,UGU,UGA,-12.417755164339344,lof
CBGE,nonsense,NM_058216.3(RAD51C):c.214A>T (p.Lys72Ter),chr17,RAD51C,NM_058216.3,72,AAA,UAA,-12.468347461451009,lof
CBGE,nonsense,NM_058216.3(RAD51C):c.220A>T (p.Arg74Ter),chr17,RAD51C,NM_058216.3,74,AGA,UGA,-11.554817221295604,lof
CBGE,nonsense,NM_058216.3(RAD51C):c.225T>A (p.Tyr75Ter),chr17,RAD51C,NM_058216.3,75,UAU,UAA,-9.540380510186104,lof
CBGE,nonsense,NM_058216.3(RAD51C):c.225T>G (p.Tyr75Ter),chr17,RAD51C,NM_058216.3,75,UAU,UAG,-10.130389191630725,lof
CBGE,nonsense,NM_058216.3(RAD51C):c.238G>T (p.Glu80Ter),chr17,RAD51C,NM_058216.3,80,GAG,UAG,-11.854944228636947,lof
CBGE,nonsense,NM_058216.3(RAD51C):c.242C>A (p.Ser81Ter),chr17,RAD51C,NM_058216.3,81,UCA,UAA,-10.772538285456148,lof
CBGE,nonsense,NM_058216.3(RAD51C):c.242C>G (p.Ser81Ter),chr17,RAD51C,NM_058216.3,81,UCA,UGA,-10.376979801195928,lof
CBGE,nonsense,NM_058216.3(RAD51C):c.247A>T (p.Lys83Ter),chr17,RAD51C,NM_058216.3,83,AAG,UAG,-12.31141475513546,lof
CBGE,nonsense,NM_058216.3(RAD51C):c.250A>T (p.Lys84Ter),chr17,RAD51C,NM_058216.3,84,AAG,UAG,-12.4700775078926,lof
CBGE,nonsense,NM_058216.3(RAD51C):c.255T>A (p.Cys85Ter),chr17,RAD51C,NM_058216.3,85,UGU,UGA,-11.457693094005595,lof
CBGE,nonsense,NM_058216.3(RAD51C):c.25G>T (p.Glu9Ter),chr17,RAD51C,NM_058216.3,9,GAA,UAA,-11.080757223933686,normal
CBGE,nonsense,NM_058216.3(RAD51C):c.265G>T (p.Glu89Ter),chr17,RAD51C,NM_058216.3,89,GAA,UAA,-14.10174847799913,lof
CBGE,nonsense,NM_058216.3(RAD51C):c.274G>T (p.Glu92Ter),chr17,RAD51C,NM_058216.3,92,GAG,UAG,-11.971050258126157,lof
CBGE,nonsense,NM_058216.3(RAD51C):c.277C>T (p.Gln93Ter),chr17,RAD51C,NM_058216.3,93,CAG,UAG,-11.973253303209038,lof
CBGE,nonsense,NM_058216.3(RAD51C):c.280G>T (p.Glu94Ter),chr17,RAD51C,NM_058216.3,94,GAG,UAG,-12.27069850711078,lof
CBGE,nonsense,NM_058216.3(RAD51C):c.289C>T (p.Gln97Ter),chr17,RAD51C,NM_058216.3,97,CAG,UAG,-10.682491288660982,lof
CBGE,nonsense,NM_058216.3(RAD51C):c.312T>A (p.Cys104Ter),chr17,RAD51C,NM_058216.3,104,UGU,UGA,-12.755025935507987,lof
CBGE,nonsense,NM_058216.3(RAD51C):c.314C>A (p.Ser105Ter),chr17,RAD51C,NM_058216.3,105,UCA,UAA,-10.965581807099213,lof
CBGE,nonsense,NM_058216.3(RAD51C):c.314C>G (p.Ser105Ter),chr17,RAD51C,NM_058216.3,105,UCA,UGA,-10.877813388369166,lof
CBGE,nonsense,NM_058216.3(RAD51C):c.31C>T (p.Gln11Ter),chr17,RAD51C,NM_058216.3,11,CAG,UAG,-11.676618528949176,lof
CBGE,nonsense,NM_058216.3(RAD51C):c.340G>T (p.Gly114Ter),chr17,RAD51C,NM_058216.3,114,GGA,UGA,-13.300885208894387,lof
CBGE,nonsense,NM_058216.3(RAD51C):c.350T>A (p.Leu117Ter),chr17,RAD51C,NM_058216.3,117,UUA,UAA,-11.240621574303088,lof
CBGE,nonsense,NM_058216.3(RAD51C):c.350T>G (p.Leu117Ter),chr17,RAD51C,NM_058216.3,117,UUA,UGA,-11.36833960096922,lof
CBGE,nonsense,NM_058216.3(RAD51C):c.355A>T (p.Lys119Ter),chr17,RAD51C,NM_058216.3,119,AAA,UAA,-10.26443678013603,lof
CBGE,nonsense,NM_058216.3(RAD51C):c.364G>T (p.Glu122Ter),chr17,RAD51C,NM_058216.3,122,GAA,UAA,-13.61223514880102,lof
CBGE,nonsense,NM_058216.3(RAD51C):c.372T>A (p.Cys124Ter),chr17,RAD51C,NM_058216.3,124,UGU,UGA,-13.088102398042226,lof
CBGE,nonsense,NM_058216.3(RAD51C):c.388G>T (p.Gly130Ter),chr17,RAD51C,NM_058216.3,130,GGA,UGA,-15.62322802571302,lof
CBGE,nonsense,NM_058216.3(RAD51C):c.391A>T (p.Lys131Ter),chr17,RAD51C,NM_058216.3,131,AAA,UAA,-14.357614523435863,lof
CBGE,nonsense,NM_058216.3(RAD51C):c.397C>T (p.Gln133Ter),chr17,RAD51C,NM_058216.3,133,CAA,UAA,-13.644741912432607,lof
CBGE,nonsense,NM_058216.3(RAD51C):c.401T>A (p.Leu134Ter),chr17,RAD51C,NM_058216.3,134,UUA,UAA,-13.74109850613542,lof
CBGE,nonsense,NM_058216.3(RAD51C):c.401T>G (p.Leu134Ter),chr17,RAD51C,NM_058216.3,134,UUA,UGA,-13.864160587276746,lof
CBGE,nonsense,NM_058216.3(RAD51C):c.405T>A (p.Cys135Ter),chr17,RAD51C,NM_058216.3,135,UGU,UGA,-13.067891123807806,lof
CBGE,nonsense,NM_058216.3(RAD51C):c.409C>T (p.Gln137Ter),chr17,RAD51C,NM_058216.3,137,CAG,UAG,-12.552263216196408,lof
CBGE,nonsense,NM_058216.3(RAD51C):c.413T>A (p.Leu138Ter),chr17,RAD51C,NM_058216.3,138,UUG,UAG,-12.52294913840951,lof
CBGE,nonsense,NM_058216.3(RAD51C):c.41T>A (p.Leu14Ter),chr17,RAD51C,NM_058216.3,14,UUG,UAG,-10.96653170916177,lof
CBGE,nonsense,NM_058216.3(RAD51C):c.427C>T (p.Gln143Ter),chr17,RAD51C,NM_058216.3,143,CAG,UAG,-12.10378645302285,lof
CBGE,nonsense,NM_058216.3(RAD51C):c.436G>T (p.Glu146Ter),chr17,RAD51C,NM_058216.3,146,GAA,UAA,-11.689377888726645,lof
CBGE,nonsense,NM_058216.3(RAD51C):c.441T>A (p.Cys147Ter),chr17,RAD51C,NM_058216.3,147,UGU,UGA,-10.926366838728754,lof
CBGE,nonsense,NM_058216.3(RAD51C):c.445G>T (p.Gly149Ter),chr17,RAD51C,NM_058216.3,149,GGA,UGA,-13.83009714439142,lof
CBGE,nonsense,NM_058216.3(RAD51C):c.448G>T (p.Gly150Ter),chr17,RAD51C,NM_058216.3,150,GGA,UGA,-15.585467373276463,lof
CBGE,nonsense,NM_058216.3(RAD51C):c.460G>T (p.Glu154Ter),chr17,RAD51C,NM_058216.3,154,GAA,UAA,-10.776192684045832,lof
CBGE,nonsense,NM_058216.3(RAD51C):c.481G>T (p.Glu161Ter),chr17,RAD51C,NM_058216.3,161,GAG,UAG,-13.510469476267506,lof
CBGE,nonsense,NM_058216.3(RAD51C):c.484G>T (p.Gly162Ter),chr17,RAD51C,NM_058216.3,162,GGA,UGA,-14.249829205087767,lof
CBGE,nonsense,NM_058216.3(RAD51C):c.502A>T (p.Arg168Ter),chr17,RAD51C,NM_058216.3,168,AGA,UGA,-13.668254869377774,lof
CBGE,nonsense,NM_058216.3(RAD51C):c.528C>A (p.Cys176Ter),chr17,RAD51C,NM_058216.3,176,UGC,UGA,-13.877676014026411,lof
CBGE,nonsense,NM_058216.3(RAD51C):c.532C>T (p.Gln178Ter),chr17,RAD51C,NM_058216.3,178,CAG,UAG,-12.241351071111035,lof
CBGE,nonsense,NM_058216.3(RAD51C):c.541C>T (p.Gln181Ter),chr17,RAD51C,NM_058216.3,181,CAG,UAG,-11.058998129811483,lof
CBGE,nonsense,NM_058216.3(RAD51C):c.553G>T (p.Glu185Ter),chr17,RAD51C,NM_058216.3,185,GAA,UAA,-11.575314503464975,lof
CBGE,nonsense,NM_058216.3(RAD51C):c.556A>T (p.Lys186Ter),chr17,RAD51C,NM_058216.3,186,AAA,UAA,-12.22812462174732,lof
CBGE,nonsense,NM_058216.3(RAD51C):c.562A>T (p.Lys188Ter),chr17,RAD51C,NM_058216.3,188,AAG,UAG,-12.306512787255151,lof
CBGE,nonsense,NM_058216.3(RAD51C):c.565G>T (p.Gly189Ter),chr17,RAD51C,NM_058216.3,189,GGA,UGA,-9.9555282766365,lof
CBGE,nonsense,NM_058216.3(RAD51C):c.568G>T (p.Glu190Ter),chr17,RAD51C,NM_058216.3,190,GAG,UAG,-11.196693418331066,lof
CBGE,nonsense,NM_058216.3(RAD51C):c.571G>T (p.Glu191Ter),chr17,RAD51C,NM_058216.3,191,GAA,UAA,-11.258140545127109,lof
CBGE,nonsense,NM_058216.3(RAD51C):c.577C>T (p.Arg193Ter),chr17,RAD51C,NM_058216.3,193,CGA,UGA,-8.060239812489947,lof
CBGE,nonsense,NM_058216.3(RAD51C):c.580A>T (p.Lys194Ter),chr17,RAD51C,NM_058216.3,194,AAA,UAA,-12.194089813720376,lof
CBGE,nonsense,NM_058216.3(RAD51C):c.587T>A (p.Leu196Ter),chr17,RAD51C,NM_058216.3,196,UUG,UAG,-10.112564066199964,lof
CBGE,nonsense,NM_058216.3(RAD51C):c.589G>T (p.Glu197Ter),chr17,RAD51C,NM_058216.3,197,GAG,UAG,-11.905477534790776,lof
CBGE,nonsense,NM_058216.3(RAD51C):c.627T>A (p.Tyr209Ter),chr17,RAD51C,NM_058216.3,209,UAU,UAA,-12.50079911657012,lof
CBGE,nonsense,NM_058216.3(RAD51C):c.627T>G (p.Tyr209Ter),chr17,RAD51C,NM_058216.3,209,UAU,UAG,-13.47245785228498,lof
CBGE,nonsense,NM_058216.3(RAD51C):c.630T>A (p.Tyr210Ter),chr17,RAD51C,NM_058216.3,210,UAU,UAA,-11.103580506483004,lof
CBGE,nonsense,NM_058216.3(RAD51C):c.630T>G (p.Tyr210Ter),chr17,RAD51C,NM_058216.3,210,UAU,UAG,-11.635294942943698,lof
CBGE,nonsense,NM_058216.3(RAD51C):c.639T>A (p.Cys213Ter),chr17,RAD51C,NM_058216.3,213,UGU,UGA,-11.997560526004634,lof
CBGE,nonsense,NM_058216.3(RAD51C):c.648C>A (p.Tyr216Ter),chr17,RAD51C,NM_058216.3,216,UAC,UAA,-10.82174875708901,lof
CBGE,nonsense,NM_058216.3(RAD51C):c.648C>G (p.Tyr216Ter),chr17,RAD51C,NM_058216.3,216,UAC,UAG,-10.869401027780643,lof
CBGE,nonsense,NM_058216.3(RAD51C):c.652G>T (p.Glu218Ter),chr17,RAD51C,NM_058216.3,218,GAG,UAG,-12.020645093688128,lof
CBGE,nonsense,NM_058216.3(RAD51C):c.656T>A (p.Leu219Ter),chr17,RAD51C,NM_058216.3,219,UUA,UAA,-11.385203413895075,lof
CBGE,nonsense,NM_058216.3(RAD51C):c.656T>G (p.Leu219Ter),chr17,RAD51C,NM_058216.3,219,UUA,UGA,-11.602430411582796,lof
CBGE,nonsense,NM_058216.3(RAD51C):c.664C>T (p.Gln222Ter),chr17,RAD51C,NM_058216.3,222,CAA,UAA,-10.179691267401823,lof
CBGE,nonsense,NM_058216.3(RAD51C):c.672T>A (p.Tyr224Ter),chr17,RAD51C,NM_058216.3,224,UAU,UAA,-9.809869823305307,lof
CBGE,nonsense,NM_058216.3(RAD51C):c.672T>G (p.Tyr224Ter),chr17,RAD51C,NM_058216.3,224,UAU,UAG,-10.386758798079883,lof
CBGE,nonsense,NM_058216.3(RAD51C):c.692C>A (p.Ser231Ter),chr17,RAD51C,NM_058216.3,231,UCA,UAA,-11.423334115771963,lof
CBGE,nonsense,NM_058216.3(RAD51C):c.692C>G (p.Ser231Ter),chr17,RAD51C,NM_058216.3,231,UCA,UGA,-11.138200801241936,lof
CBGE,nonsense,NM_058216.3(RAD51C):c.694G>T (p.Glu232Ter),chr17,RAD51C,NM_058216.3,232,GAA,UAA,-12.105606000390628,lof
CBGE,nonsense,NM_058216.3(RAD51C):c.701C>A (p.Ser234Ter),chr17,RAD51C,NM_058216.3,234,UCA,UAA,-10.877994585071804,lof
CBGE,nonsense,NM_058216.3(RAD51C):c.701C>G (p.Ser234Ter),chr17,RAD51C,NM_058216.3,234,UCA,UGA,-10.37357242958814,lof
CBGE,nonsense,NM_058216.3(RAD51C):c.703A>T (p.Lys235Ter),chr17,RAD51C,NM_058216.3,235,AAG,UAG,-12.838819489235629,lof
CBGE,nonsense,NM_058216.3(RAD51C):c.709C>T (p.Arg237Ter),chr17,RAD51C,NM_058216.3,237,CGA,UGA,-10.528897276900429,lof
CBGE,nonsense,NM_058216.3(RAD51C):c.76A>T (p.Lys26Ter),chr17,RAD51C,NM_058216.3,26,AAG,UAG,-14.598470672002076,lof
CBGE,nonsense,NM_058216.3(RAD51C):c.782T>A (p.Leu261Ter),chr17,RAD51C,NM_058216.3,261,UUA,UAA,-12.005504624022516,lof
CBGE,nonsense,NM_058216.3(RAD51C):c.782T>G (p.Leu261Ter),chr17,RAD51C,NM_058216.3,261,UUA,UGA,-12.160745661277254,lof
CBGE,nonsense,NM_058216.3(RAD51C):c.785T>A (p.Leu262Ter),chr17,RAD51C,NM_058216.3,262,UUA,UAA,-13.94475846832137,lof
CBGE,nonsense,NM_058216.3(RAD51C):c.785T>G (p.Leu262Ter),chr17,RAD51C,NM_058216.3,262,UUA,UGA,-13.874120780791962,lof
CBGE,nonsense,NM_058216.3(RAD51C):c.799C>T (p.Gln267Ter),chr17,RAD51C,NM_058216.3,267,CAG,UAG,-12.410958277357418,lof
CBGE,nonsense,NM_058216.3(RAD51C):c.802C>T (p.Gln268Ter),chr17,RAD51C,NM_058216.3,268,CAA,UAA,-12.476915341411472,lof
CBGE,nonsense,NM_058216.3(RAD51C):c.829A>T (p.Arg277Ter),chr17,RAD51C,NM_058216.3,277,AGA,UGA,-9.995037117766085,lof
CBGE,nonsense,NM_058216.3(RAD51C):c.833T>A (p.Leu278Ter),chr17,RAD51C,NM_058216.3,278,UUA,UAA,-11.314898520698144,lof
CBGE,nonsense,NM_058216.3(RAD51C):c.833T>G (p.Leu278Ter),chr17,RAD51C,NM_058216.3,278,UUA,UGA,-11.78303620838656,lof
CBGE,nonsense,NM_058216.3(RAD51C):c.845T>A (p.Leu282Ter),chr17,RAD51C,NM_058216.3,282,UUA,UAA,-12.32211112189182,lof
CBGE,nonsense,NM_058216.3(RAD51C):c.845T>G (p.Leu282Ter),chr17,RAD51C,NM_058216.3,282,UUA,UGA,-12.499370538186264,lof
CBGE,nonsense,NM_058216.3(RAD51C):c.853C>T (p.Gln285Ter),chr17,RAD51C,NM_058216.3,285,CAG,UAG,-12.553360934224322,lof
CBGE,nonsense,NM_058216.3(RAD51C):c.865A>T (p.Lys289Ter),chr17,RAD51C,NM_058216.3,289,AAG,UAG,-13.113914490357075,lof
CBGE,nonsense,NM_058216.3(RAD51C):c.874A>T (p.Arg292Ter),chr17,RAD51C,NM_058216.3,292,AGA,UGA,-9.74667189333845,lof
CBGE,nonsense,NM_058216.3(RAD51C):c.880C>T (p.Gln294Ter),chr17,RAD51C,NM_058216.3,294,CAG,UAG,-10.981016152647816,lof
CBGE,nonsense,NM_058216.3(RAD51C):c.887T>A (p.Leu296Ter),chr17,RAD51C,NM_058216.3,296,UUG,UAG,-10.23694034417317,lof
CBGE,nonsense,NM_058216.3(RAD51C):c.902T>A (p.Leu301Ter),chr17,RAD51C,NM_058216.3,301,UUA,UAA,-12.957316444855149,lof
CBGE,nonsense,NM_058216.3(RAD51C):c.902T>G (p.Leu301Ter),chr17,RAD51C,NM_058216.3,301,UUA,UGA,-12.982415257405524,lof
CBGE,nonsense,NM_058216.3(RAD51C):c.907G>T (p.Glu303Ter),chr17,RAD51C,NM_058216.3,303,GAA,UAA,-13.437569641763384,lof
CBGE,nonsense,NM_058216.3(RAD51C):c.914G>A (p.Trp305Ter),chr17,RAD51C,NM_058216.3,305,UGG,UAG,-14.885608623462584,lof
CBGE,nonsense,NM_058216.3(RAD51C):c.915G>A (p.Trp305Ter),chr17,RAD51C,NM_058216.3,305,UGG,UGA,-14.600919748914889,lof
CBGE,nonsense,NM_058216.3(RAD51C):c.916G>T (p.Gly306Ter),chr17,RAD51C,NM_058216.3,306,GGA,UGA,-10.93729394761806,lof
CBGE,nonsense,NM_058216.3(RAD51C):c.950G>A (p.Trp317Ter),chr17,RAD51C,NM_058216.3,317,UGG,UAG,-13.34249113395192,lof
CBGE,nonsense,NM_058216.3(RAD51C):c.951G>A (p.Trp317Ter),chr17,RAD51C,NM_058216.3,317,UGG,UGA,-13.059184988574296,lof
CBGE,nonsense,NM_058216.3(RAD51C):c.955C>T (p.Arg319Ter),chr17,RAD51C,NM_058216.3,319,CGA,UGA,-10.112929378417306,lof
CBGE,nonsense,NM_058216.3(RAD51C):c.958A>T (p.Lys320Ter),chr17,RAD51C,NM_058216.3,320,AAG,UAG,-11.601547183732816,lof
CBGE,nonsense,NM_058216.3(RAD51C):c.961C>T (p.Gln321Ter),chr17,RAD51C,NM_058216.3,321,CAA,UAA,-11.087143001500372,lof
CBGE,nonsense,NM_058216.3(RAD51C):c.968T>A (p.Leu323Ter),chr17,RAD51C,NM_058216.3,323,UUG,UAG,-10.390815842508758,lof
CBGE,nonsense,NM_058216.3(RAD51C):c.977T>A (p.Leu326Ter),chr17,RAD51C,NM_058216.3,326,UUG,UAG,-9.723079645146376,lof
CBGE,nonsense,NM_058216.3(RAD51C):c.97C>T (p.Gln33Ter),chr17,RAD51C,NM_058216.3,33,CAG,UAG,-11.964446921786315,lof
CBGE,nonsense,NM_058216.3(RAD51C):c.981C>A (p.Tyr327Ter),chr17,RAD51C,NM_058216.3,327,UAC,UAA,-11.292099105764432,lof
CBGE,nonsense,NM_058216.3(RAD51C):c.981C>G (p.Tyr327Ter),chr17,RAD51C,NM_058216.3,327,UAC,UAG,-11.577990607139816,lof
CBGE,nonsense,NM_058216.3(RAD51C):c.982A>T (p.Lys328Ter),chr17,RAD51C,NM_058216.3,328,AAG,UAG,-12.978440193157695,lof
CBGE,nonsense,NM_058216.3(RAD51C):c.986C>A (p.Ser329Ter),chr17,RAD51C,NM_058216.3,329,UCA,UAA,-11.809459663151458,lof
CBGE,nonsense,NM_058216.3(RAD51C):c.986C>G (p.Ser329Ter),chr17,RAD51C,NM_058216.3,329,UCA,UGA,-11.639982142627945,lof
CBGE,nonsense,NM_058216.3(RAD51C):c.994C>T (p.Gln332Ter),chr17,RAD51C,NM_058216.3,332,CAG,UAG,-9.808034871489616,lof
CBGE,nonsense,NM_058216.3(RAD51C):c.997A>T (p.Lys333Ter),chr17,RAD51C,NM_058216.3,333,AAG,UAG,-11.985177992974789,lof
CBGE,nonsense,NM_058219.3(EXOSC6):c.142C>T (p.Gln48Ter),chr16,EXOSC6,NM_058219.3,48,CAG,UAG,-15.084327648714046,normal
CBGE,nonsense,NM_058219.3(EXOSC6):c.208C>T (p.Arg70Ter),chr16,EXOSC6,NM_058219.3,70,CGA,UGA,-7.9633810319585585,normal
CBGE,nonsense,NM_058219.3(EXOSC6):c.211C>T (p.Gln71Ter),chr16,EXOSC6,NM_058219.3,71,CAG,UAG,-10.540832513236989,normal
CBGE,nonsense,NM_058219.3(EXOSC6):c.379C>T (p.Gln127Ter),chr16,EXOSC6,NM_058219.3,127,CAG,UAG,-10.716175068164622,normal
CBGE,nonsense,NM_058219.3(EXOSC6):c.661C>T (p.Gln221Ter),chr16,EXOSC6,NM_058219.3,221,CAG,UAG,-12.445564260070366,normal
CBGE,nonsense,NM_058219.3(EXOSC6):c.766C>T (p.Gln256Ter),chr16,EXOSC6,NM_058219.3,256,CAG,UAG,-12.763366694913053,normal
CBGE,nonsense,NM_058219.3(EXOSC6):c.769C>T (p.Gln257Ter),chr16,EXOSC6,NM_058219.3,257,CAG,UAG,-12.320848422615466,normal
CBGE,nonsense,NM_080391.4(PTP4A2):c.424C>T (p.Gln142Ter),chr1,PTP4A2,NM_080391.4,142,CAG,UAG,-13.53680703696642,normal
CBGE,nonsense,NM_130439.3(MXI1):c.220C>T (p.Gln74Ter),chr10,MXI1,NM_130439.3,74,CAG,UAG,-12.744872949662128,normal
CBGE,nonsense,NM_130439.3(MXI1):c.364C>T (p.Gln122Ter),chr10,MXI1,NM_130439.3,122,CAG,UAG,-11.56733509239984,normal
CBGE,nonsense,NM_130439.3(MXI1):c.436C>T (p.Arg146Ter),chr10,MXI1,NM_130439.3,146,CGA,UGA,-12.145861667498949,normal
CBGE,nonsense,NM_130439.3(MXI1):c.580C>T (p.Gln194Ter),chr10,MXI1,NM_130439.3,194,CAG,UAG,-12.796779577078516,normal
CBGE,nonsense,NM_130439.3(MXI1):c.586C>T (p.Gln196Ter),chr10,MXI1,NM_130439.3,196,CAG,UAG,-13.370372789067694,normal
CBGE,nonsense,NM_130439.3(MXI1):c.610C>T (p.Gln204Ter),chr10,MXI1,NM_130439.3,204,CAG,UAG,-9.23080586477868,normal
CBGE,nonsense,NM_130439.3(MXI1):c.628C>T (p.Arg210Ter),chr10,MXI1,NM_130439.3,210,CGA,UGA,-12.758119581223326,normal
CBGE,nonsense,NM_130439.3(MXI1):c.664C>T (p.Arg222Ter),chr10,MXI1,NM_130439.3,222,CGA,UGA,-10.656162243821273,normal
CBGE,nonsense,NM_130439.3(MXI1):c.670C>T (p.Arg224Ter),chr10,MXI1,NM_130439.3,224,CGA,UGA,-11.417420322983048,normal
CBGE,nonsense,NM_133494.3(NEK7):c.103C>T (p.Arg35Ter),chr1,NEK7,NM_133494.3,35,CGA,UGA,-10.366186196688927,normal
CBGE,nonsense,NM_133494.3(NEK7):c.10C>T (p.Gln4Ter),chr1,NEK7,NM_133494.3,4,CAA,UAA,-11.766495679388552,normal
CBGE,nonsense,NM_133494.3(NEK7):c.416G>A (p.Trp139Ter),chr1,NEK7,NM_133494.3,139,UGG,UAG,-10.156330136320054,normal
CBGE,nonsense,NM_133494.3(NEK7):c.417G>A (p.Trp139Ter),chr1,NEK7,NM_133494.3,139,UGG,UGA,-9.74612047066487,normal
CBGE,nonsense,NM_133494.3(NEK7):c.430C>T (p.Gln144Ter),chr1,NEK7,NM_133494.3,144,CAG,UAG,-12.332324970509424,normal
CBGE,nonsense,NM_133494.3(NEK7):c.43C>T (p.Gln15Ter),chr1,NEK7,NM_133494.3,15,CAG,UAG,-12.113557964458028,normal
CBGE,nonsense,NM_133494.3(NEK7):c.697C>T (p.Gln233Ter),chr1,NEK7,NM_133494.3,233,CAA,UAA,-9.433441180969112,normal
CBGE,nonsense,NM_138576.4(BCL11B):c.238C>T (p.Gln80Ter),chr14,BCL11B,NM_138576.4,80,CAG,UAG,-12.447210285547484,normal
CBGE,nonsense,NM_138576.4(BCL11B):c.2542C>T (p.Gln848Ter),chr14,BCL11B,NM_138576.4,848,CAG,UAG,-10.404127200758246,lof
CBGE,nonsense,NM_138576.4(BCL11B):c.589C>T (p.Gln197Ter),chr14,BCL11B,NM_138576.4,197,CAG,UAG,-10.182918539237065,normal
CBGE,nonsense,NM_138576.4(BCL11B):c.625C>T (p.Gln209Ter),chr14,BCL11B,NM_138576.4,209,CAG,UAG,-10.268259028363206,normal
CBGE,nonsense,NM_138576.4(BCL11B):c.631C>T (p.Gln211Ter),chr14,BCL11B,NM_138576.4,211,CAG,UAG,-9.972564608067149,normal
CBGE,nonsense,NM_138713.4(NFAT5):c.1036C>T (p.Gln346Ter),chr16,NFAT5,NM_138713.4,346,CAA,UAA,-11.444854710246537,normal
CBGE,nonsense,NM_138713.4(NFAT5):c.1063C>T (p.Arg355Ter),chr16,NFAT5,NM_138713.4,355,CGA,UGA,-10.188620548124078,normal
CBGE,nonsense,NM_138713.4(NFAT5):c.1300C>T (p.Arg434Ter),chr16,NFAT5,NM_138713.4,434,CGA,UGA,-10.203305266746304,normal
CBGE,nonsense,NM_138713.4(NFAT5):c.1489C>T (p.Gln497Ter),chr16,NFAT5,NM_138713.4,497,CAA,UAA,-10.438365949637696,normal
CBGE,nonsense,NM_138713.4(NFAT5):c.202C>T (p.Gln68Ter),chr16,NFAT5,NM_138713.4,68,CAG,UAG,-11.059020994592425,normal
CBGE,nonsense,NM_138713.4(NFAT5):c.2038C>T (p.Gln680Ter),chr16,NFAT5,NM_138713.4,680,CAG,UAG,-11.782295188031084,normal
CBGE,nonsense,NM_138713.4(NFAT5):c.2041C>T (p.Gln681Ter),chr16,NFAT5,NM_138713.4,681,CAG,UAG,-12.62437437955444,normal
CBGE,nonsense,NM_138713.4(NFAT5):c.2044C>T (p.Gln682Ter),chr16,NFAT5,NM_138713.4,682,CAG,UAG,-12.425843279083525,normal
CBGE,nonsense,NM_138713.4(NFAT5):c.2095C>T (p.Gln699Ter),chr16,NFAT5,NM_138713.4,699,CAG,UAG,-11.66389268238134,normal
CBGE,nonsense,NM_138713.4(NFAT5):c.2221C>T (p.Gln741Ter),chr16,NFAT5,NM_138713.4,741,CAG,UAG,-11.909383683110809,normal
CBGE,nonsense,NM_138713.4(NFAT5):c.2251C>T (p.Gln751Ter),chr16,NFAT5,NM_138713.4,751,CAA,UAA,-11.570159910783628,normal
CBGE,nonsense,NM_138713.4(NFAT5):c.2380C>T (p.Gln794Ter),chr16,NFAT5,NM_138713.4,794,CAG,UAG,-12.65677067447672,normal
CBGE,nonsense,NM_138713.4(NFAT5):c.2383C>T (p.Gln795Ter),chr16,NFAT5,NM_138713.4,795,CAG,UAG,-13.433473587163316,normal
CBGE,nonsense,NM_138713.4(NFAT5):c.2449C>T (p.Gln817Ter),chr16,NFAT5,NM_138713.4,817,CAA,UAA,-12.069519095937494,normal
CBGE,nonsense,NM_138713.4(NFAT5):c.2452C>T (p.Gln818Ter),chr16,NFAT5,NM_138713.4,818,CAA,UAA,-12.240926798029252,normal
CBGE,nonsense,NM_138713.4(NFAT5):c.2551C>T (p.Gln851Ter),chr16,NFAT5,NM_138713.4,851,CAA,UAA,-11.57286169422267,normal
CBGE,nonsense,NM_138713.4(NFAT5):c.2560C>T (p.Gln854Ter),chr16,NFAT5,NM_138713.4,854,CAA,UAA,-12.672750442663936,normal
CBGE,nonsense,NM_138713.4(NFAT5):c.2566C>T (p.Gln856Ter),chr16,NFAT5,NM_138713.4,856,CAG,UAG,-13.626638367241808,normal
CBGE,nonsense,NM_138713.4(NFAT5):c.2704C>T (p.Gln902Ter),chr16,NFAT5,NM_138713.4,902,CAG,UAG,-13.374256226925704,normal
CBGE,nonsense,NM_138713.4(NFAT5):c.2707C>T (p.Gln903Ter),chr16,NFAT5,NM_138713.4,903,CAG,UAG,-13.498074452832755,normal
CBGE,nonsense,NM_138713.4(NFAT5):c.2710C>T (p.Gln904Ter),chr16,NFAT5,NM_138713.4,904,CAA,UAA,-12.730161731332982,normal
CBGE,nonsense,NM_138713.4(NFAT5):c.2713C>T (p.Gln905Ter),chr16,NFAT5,NM_138713.4,905,CAG,UAG,-13.561010312583852,normal
CBGE,nonsense,NM_138713.4(NFAT5):c.2755C>T (p.Gln919Ter),chr16,NFAT5,NM_138713.4,919,CAA,UAA,-12.331414226961895,normal
CBGE,nonsense,NM_138713.4(NFAT5):c.2758C>T (p.Gln920Ter),chr16,NFAT5,NM_138713.4,920,CAG,UAG,-12.449094746454236,normal
CBGE,nonsense,NM_138713.4(NFAT5):c.2968C>T (p.Gln990Ter),chr16,NFAT5,NM_138713.4,990,CAG,UAG,-11.946338724525733,normal
CBGE,nonsense,NM_138713.4(NFAT5):c.2971C>T (p.Gln991Ter),chr16,NFAT5,NM_138713.4,991,CAG,UAG,-11.301757801170323,normal
CBGE,nonsense,NM_138713.4(NFAT5):c.3001C>T (p.Gln1001Ter),chr16,NFAT5,NM_138713.4,1001,CAG,UAG,-12.17925843303734,normal
CBGE,nonsense,NM_138713.4(NFAT5):c.3082C>T (p.Gln1028Ter),chr16,NFAT5,NM_138713.4,1028,CAA,UAA,-12.005447424197458,normal
CBGE,nonsense,NM_138713.4(NFAT5):c.3088C>T (p.Gln1030Ter),chr16,NFAT5,NM_138713.4,1030,CAA,UAA,-12.093861678838406,normal
CBGE,nonsense,NM_138713.4(NFAT5):c.3154C>T (p.Gln1052Ter),chr16,NFAT5,NM_138713.4,1052,CAG,UAG,-12.488028534256888,normal
CBGE,nonsense,NM_138713.4(NFAT5):c.3169C>T (p.Gln1057Ter),chr16,NFAT5,NM_138713.4,1057,CAA,UAA,-11.525614765666576,normal
CBGE,nonsense,NM_138713.4(NFAT5):c.3172C>T (p.Gln1058Ter),chr16,NFAT5,NM_138713.4,1058,CAA,UAA,-11.833753619880785,normal
CBGE,nonsense,NM_138713.4(NFAT5):c.3175C>T (p.Gln1059Ter),chr16,NFAT5,NM_138713.4,1059,CAA,UAA,-11.661539017501829,normal
CBGE,nonsense,NM_138713.4(NFAT5):c.3238C>T (p.Gln1080Ter),chr16,NFAT5,NM_138713.4,1080,CAG,UAG,-12.8168364356303,normal
CBGE,nonsense,NM_138713.4(NFAT5):c.3241C>T (p.Gln1081Ter),chr16,NFAT5,NM_138713.4,1081,CAG,UAG,-12.45179564196494,normal
CBGE,nonsense,NM_138713.4(NFAT5):c.3652C>T (p.Gln1218Ter),chr16,NFAT5,NM_138713.4,1218,CAG,UAG,-11.876855823240115,normal
CBGE,nonsense,NM_138713.4(NFAT5):c.3658C>T (p.Gln1220Ter),chr16,NFAT5,NM_138713.4,1220,CAA,UAA,-11.956432313946388,normal
CBGE,nonsense,NM_138713.4(NFAT5):c.3670C>T (p.Gln1224Ter),chr16,NFAT5,NM_138713.4,1224,CAG,UAG,-12.358346967817546,normal
CBGE,nonsense,NM_138713.4(NFAT5):c.3682C>T (p.Gln1228Ter),chr16,NFAT5,NM_138713.4,1228,CAG,UAG,-13.075027563755196,normal
CBGE,nonsense,NM_138713.4(NFAT5):c.3688C>T (p.Gln1230Ter),chr16,NFAT5,NM_138713.4,1230,CAG,UAG,-13.137725839135792,normal
CBGE,nonsense,NM_138713.4(NFAT5):c.3727C>T (p.Gln1243Ter),chr16,NFAT5,NM_138713.4,1243,CAA,UAA,-12.641500509670626,normal
CBGE,nonsense,NM_138713.4(NFAT5):c.3778C>T (p.Gln1260Ter),chr16,NFAT5,NM_138713.4,1260,CAG,UAG,-13.048070927575251,normal
CBGE,nonsense,NM_138713.4(NFAT5):c.3937C>T (p.Gln1313Ter),chr16,NFAT5,NM_138713.4,1313,CAA,UAA,-11.996460932097508,normal
CBGE,nonsense,NM_138713.4(NFAT5):c.3985C>T (p.Gln1329Ter),chr16,NFAT5,NM_138713.4,1329,CAA,UAA,-11.374616567014163,normal
CBGE,nonsense,NM_138713.4(NFAT5):c.3988C>T (p.Gln1330Ter),chr16,NFAT5,NM_138713.4,1330,CAA,UAA,-12.332843713892224,normal
CBGE,nonsense,NM_138713.4(NFAT5):c.4063C>T (p.Gln1355Ter),chr16,NFAT5,NM_138713.4,1355,CAG,UAG,-12.252599711481524,normal
CBGE,nonsense,NM_138713.4(NFAT5):c.4123C>T (p.Gln1375Ter),chr16,NFAT5,NM_138713.4,1375,CAG,UAG,-12.53965950864421,normal
CBGE,nonsense,NM_138713.4(NFAT5):c.4258C>T (p.Gln1420Ter),chr16,NFAT5,NM_138713.4,1420,CAG,UAG,-12.555295007298168,normal
CBGE,nonsense,NM_138713.4(NFAT5):c.4348C>T (p.Gln1450Ter),chr16,NFAT5,NM_138713.4,1450,CAA,UAA,-11.241041175177628,normal
CBGE,nonsense,NM_138713.4(NFAT5):c.4354C>T (p.Gln1452Ter),chr16,NFAT5,NM_138713.4,1452,CAG,UAG,-12.38165385384284,normal
CBGE,nonsense,NM_138713.4(NFAT5):c.4375C>T (p.Gln1459Ter),chr16,NFAT5,NM_138713.4,1459,CAG,UAG,-12.341969490077336,normal
CBGE,nonsense,NM_138713.4(NFAT5):c.4378C>T (p.Gln1460Ter),chr16,NFAT5,NM_138713.4,1460,CAG,UAG,-12.678459214712428,normal
CBGE,nonsense,NM_138713.4(NFAT5):c.4423C>T (p.Gln1475Ter),chr16,NFAT5,NM_138713.4,1475,CAG,UAG,-12.27096746670677,normal
CBGE,nonsense,NM_138713.4(NFAT5):c.4486C>T (p.Gln1496Ter),chr16,NFAT5,NM_138713.4,1496,CAA,UAA,-11.004697785494008,normal
CBGE,nonsense,NM_138713.4(NFAT5):c.4492C>T (p.Gln1498Ter),chr16,NFAT5,NM_138713.4,1498,CAA,UAA,-11.466259058352808,normal
CBGE,nonsense,NM_138713.4(NFAT5):c.4615C>T (p.Gln1539Ter),chr16,NFAT5,NM_138713.4,1539,CAA,UAA,-11.806774102637476,normal
CBGE,nonsense,NM_138713.4(NFAT5):c.4621C>T (p.Gln1541Ter),chr16,NFAT5,NM_138713.4,1541,CAA,UAA,-11.469833404993924,normal
CBGE,nonsense,NM_138713.4(NFAT5):c.664C>T (p.Arg222Ter),chr16,NFAT5,NM_138713.4,222,CGA,UGA,-10.201354008472572,normal
CBGE,nonsense,NM_138713.4(NFAT5):c.676C>T (p.Gln226Ter),chr16,NFAT5,NM_138713.4,226,CAG,UAG,-10.997835153614732,normal
CBGE,nonsense,NM_138713.4(NFAT5):c.769C>T (p.Gln257Ter),chr16,NFAT5,NM_138713.4,257,CAG,UAG,-11.325536842211475,normal
CBGE,nonsense,NM_138713.4(NFAT5):c.826C>T (p.Gln276Ter),chr16,NFAT5,NM_138713.4,276,CAA,UAA,-9.99524881230774,normal
CBGE,nonsense,NM_138713.4(NFAT5):c.868C>T (p.Gln290Ter),chr16,NFAT5,NM_138713.4,290,CAA,UAA,-10.778337485786604,normal
CBGE,nonsense,NM_138713.4(NFAT5):c.925C>T (p.Gln309Ter),chr16,NFAT5,NM_138713.4,309,CAG,UAG,-11.071715281775898,normal
CBGE,nonsense,NM_138713.4(NFAT5):c.985C>T (p.Gln329Ter),chr16,NFAT5,NM_138713.4,329,CAA,UAA,-11.341440201540058,normal
CBGE,nonsense,NM_138761.4(BAX):c.100C>T (p.Arg34Ter),chr19,BAX,NM_138761.4,34,CGA,UGA,-10.03698359784138,normal
CBGE,nonsense,NM_138761.4(BAX):c.109C>T (p.Arg37Ter),chr19,BAX,NM_138761.4,37,CGA,UGA,-9.477047210881114,normal
CBGE,nonsense,NM_138761.4(BAX):c.19C>T (p.Gln7Ter),chr19,BAX,NM_138761.4,7,CAG,UAG,-11.586809104483605,normal
CBGE,nonsense,NM_138761.4(BAX):c.229C>T (p.Gln77Ter),chr19,BAX,NM_138761.4,77,CAG,UAG,-12.99736972382856,normal
CBGE,nonsense,NM_138761.4(BAX):c.265C>T (p.Arg89Ter),chr19,BAX,NM_138761.4,89,CGA,UGA,-10.721313441898204,normal
CBGE,nonsense,NM_138761.4(BAX):c.416G>A (p.Trp139Ter),chr19,BAX,NM_138761.4,139,UGG,UAG,-13.086303664057397,normal
CBGE,nonsense,NM_138761.4(BAX):c.417G>A (p.Trp139Ter),chr19,BAX,NM_138761.4,139,UGG,UGA,-12.942038474873662,normal
CBGE,nonsense,NM_138761.4(BAX):c.457C>T (p.Gln153Ter),chr19,BAX,NM_138761.4,153,CAA,UAA,-10.24534032246122,normal
CBGE,nonsense,NM_138761.4(BAX):c.473G>A (p.Trp158Ter),chr19,BAX,NM_138761.4,158,UGG,UAG,-12.2728767455876,normal
CBGE,nonsense,NM_138761.4(BAX):c.474G>A (p.Trp158Ter),chr19,BAX,NM_138761.4,158,UGG,UGA,-12.06285764819919,normal
CBGE,nonsense,NM_138761.4(BAX):c.511C>T (p.Gln171Ter),chr19,BAX,NM_138761.4,171,CAG,UAG,-12.21627703377054,normal
CBGE,nonsense,NM_138761.4(BAX):c.52C>T (p.Gln18Ter),chr19,BAX,NM_138761.4,18,CAG,UAG,-12.000519710152034,normal
CBGE,nonsense,NM_138761.4(BAX):c.82C>T (p.Gln28Ter),chr19,BAX,NM_138761.4,28,CAG,UAG,-11.63215252303012,normal
CBGE,nonsense,NM_138761.4(BAX):c.94C>T (p.Gln32Ter),chr19,BAX,NM_138761.4,32,CAG,UAG,-12.13620754380217,normal
CBGE,nonsense,NM_139012.3(MAPK14):c.397C>T (p.Gln133Ter),chr6,MAPK14,NM_139012.3,133,CAA,UAA,-12.1063147378375,normal
CBGE,nonsense,NM_139012.3(MAPK14):c.590G>A (p.Trp197Ter),chr6,MAPK14,NM_139012.3,197,UGG,UAG,-15.223743477710434,lof
CBGE,nonsense,NM_139012.3(MAPK14):c.591G>A (p.Trp197Ter),chr6,MAPK14,NM_139012.3,197,UGG,UGA,-14.99709601843887,lof
CBGE,nonsense,NM_139239.5(NFKBID):c.1096C>T (p.Gln366Ter),chr19,NFKBID,NM_139239.5,366,CAG,UAG,-13.24604986912423,normal
CBGE,nonsense,NM_139239.5(NFKBID):c.1321C>T (p.Gln441Ter),chr19,NFKBID,NM_139239.5,441,CAG,UAG,-12.427096364013032,normal
CBGE,nonsense,NM_139239.5(NFKBID):c.475C>T (p.Gln159Ter),chr19,NFKBID,NM_139239.5,159,CAG,UAG,-11.16889183356264,normal
CBGE,nonsense,NM_139239.5(NFKBID):c.517C>T (p.Arg173Ter),chr19,NFKBID,NM_139239.5,173,CGA,UGA,-10.693256367175318,normal
CBGE,nonsense,NM_139239.5(NFKBID):c.544C>T (p.Gln182Ter),chr19,NFKBID,NM_139239.5,182,CAG,UAG,-11.977653514096158,normal
CBGE,nonsense,NM_139239.5(NFKBID):c.775C>T (p.Gln259Ter),chr19,NFKBID,NM_139239.5,259,CAG,UAG,-12.274391180158393,normal
CBGE,nonsense,NM_139276.3(STAT3):c.1421G>A (p.Trp474Ter),chr17,STAT3,NM_139276.3,474,UGG,UAG,-11.5746020636009,normal
CBGE,nonsense,NM_139276.3(STAT3):c.1422G>A (p.Trp474Ter),chr17,STAT3,NM_139276.3,474,UGG,UGA,-11.3673095616942,normal
CBGE,nonsense,NM_139276.3(STAT3):c.1437G>A (p.Trp479Ter),chr17,STAT3,NM_139276.3,479,UGG,UGA,-11.738903032122954,normal
CBGE,nonsense,NM_139276.3(STAT3):c.1507C>T (p.Gln503Ter),chr17,STAT3,NM_139276.3,503,CAA,UAA,-10.32784548997783,normal
CBGE,nonsense,NM_139276.3(STAT3):c.2251C>T (p.Gln751Ter),chr17,STAT3,NM_139276.3,751,CAG,UAG,-10.762396807225873,normal
CBGE,nonsense,NM_139276.3(STAT3):c.262C>T (p.Gln88Ter),chr17,STAT3,NM_139276.3,88,CAG,UAG,-11.841985707236976,normal
CBGE,nonsense,NM_139276.3(STAT3):c.373C>T (p.Gln125Ter),chr17,STAT3,NM_139276.3,125,CAA,UAA,-11.155895217669752,normal
CBGE,nonsense,NM_139276.3(STAT3):c.436C>T (p.Gln146Ter),chr17,STAT3,NM_139276.3,146,CAG,UAG,-13.488884045292858,normal
CBGE,nonsense,NM_139276.3(STAT3):c.556C>T (p.Gln186Ter),chr17,STAT3,NM_139276.3,186,CAA,UAA,-9.906822254068036,normal
CBGE,nonsense,NM_144633.3(KCNH8):c.1106G>A (p.Trp369Ter),chr3,KCNH8,NM_144633.3,369,UGG,UAG,-16.326799383427822,normal
CBGE,nonsense,NM_144633.3(KCNH8):c.1107G>A (p.Trp369Ter),chr3,KCNH8,NM_144633.3,369,UGG,UGA,-16.338058429354227,normal
CBGE,nonsense,NM_144633.3(KCNH8):c.1169G>A (p.Trp390Ter),chr3,KCNH8,NM_144633.3,390,UGG,UAG,-11.397554407841048,normal
CBGE,nonsense,NM_144633.3(KCNH8):c.1170G>A (p.Trp390Ter),chr3,KCNH8,NM_144633.3,390,UGG,UGA,-11.38998420798905,normal
CBGE,nonsense,NM_144633.3(KCNH8):c.1181G>A (p.Trp394Ter),chr3,KCNH8,NM_144633.3,394,UGG,UAG,-15.24379538714192,normal
CBGE,nonsense,NM_144633.3(KCNH8):c.1182G>A (p.Trp394Ter),chr3,KCNH8,NM_144633.3,394,UGG,UGA,-15.08643346868806,normal
CBGE,nonsense,NM_144633.3(KCNH8):c.1420C>T (p.Gln474Ter),chr3,KCNH8,NM_144633.3,474,CAG,UAG,-11.852819451558055,normal
CBGE,nonsense,NM_144633.3(KCNH8):c.1501C>T (p.Gln501Ter),chr3,KCNH8,NM_144633.3,501,CAA,UAA,-11.002300292620076,normal
CBGE,nonsense,NM_144633.3(KCNH8):c.1504C>T (p.Gln502Ter),chr3,KCNH8,NM_144633.3,502,CAA,UAA,-9.480140714446025,normal
CBGE,nonsense,NM_144633.3(KCNH8):c.1534C>T (p.Gln512Ter),chr3,KCNH8,NM_144633.3,512,CAA,UAA,-14.47211263341194,normal
CBGE,nonsense,NM_144633.3(KCNH8):c.1741C>T (p.Gln581Ter),chr3,KCNH8,NM_144633.3,581,CAA,UAA,-10.97280883682186,normal
CBGE,nonsense,NM_144633.3(KCNH8):c.1918C>T (p.Gln640Ter),chr3,KCNH8,NM_144633.3,640,CAG,UAG,-9.805809885412383,normal
CBGE,nonsense,NM_144633.3(KCNH8):c.2113C>T (p.Arg705Ter),chr3,KCNH8,NM_144633.3,705,CGA,UGA,-10.309555019391007,normal
CBGE,nonsense,NM_144633.3(KCNH8):c.2263C>T (p.Gln755Ter),chr3,KCNH8,NM_144633.3,755,CAA,UAA,-10.82715220546152,normal
CBGE,nonsense,NM_144633.3(KCNH8):c.244C>T (p.Gln82Ter),chr3,KCNH8,NM_144633.3,82,CAA,UAA,-11.387490315613563,normal
CBGE,nonsense,NM_144633.3(KCNH8):c.2479C>T (p.Gln827Ter),chr3,KCNH8,NM_144633.3,827,CAG,UAG,-10.241666642148058,normal
CBGE,nonsense,NM_144633.3(KCNH8):c.2635C>T (p.Gln879Ter),chr3,KCNH8,NM_144633.3,879,CAG,UAG,-11.98159975290845,normal
CBGE,nonsense,NM_144633.3(KCNH8):c.2767C>T (p.Gln923Ter),chr3,KCNH8,NM_144633.3,923,CAG,UAG,-10.921826314345502,normal
CBGE,nonsense,NM_144633.3(KCNH8):c.2783G>A (p.Trp928Ter),chr3,KCNH8,NM_144633.3,928,UGG,UAG,-12.174548150493926,normal
CBGE,nonsense,NM_144633.3(KCNH8):c.2784G>A (p.Trp928Ter),chr3,KCNH8,NM_144633.3,928,UGG,UGA,-11.675669634115955,normal
CBGE,nonsense,NM_144633.3(KCNH8):c.2876G>A (p.Trp959Ter),chr3,KCNH8,NM_144633.3,959,UGG,UAG,-11.62541480554764,normal
CBGE,nonsense,NM_144633.3(KCNH8):c.2877G>A (p.Trp959Ter),chr3,KCNH8,NM_144633.3,959,UGG,UGA,-11.371869992194606,normal
CBGE,nonsense,NM_144633.3(KCNH8):c.2911C>T (p.Gln971Ter),chr3,KCNH8,NM_144633.3,971,CAA,UAA,-10.297327035014307,normal
CBGE,nonsense,NM_144633.3(KCNH8):c.2995C>T (p.Gln999Ter),chr3,KCNH8,NM_144633.3,999,CAG,UAG,-11.087265895568953,normal
CBGE,nonsense,NM_144633.3(KCNH8):c.3019C>T (p.Gln1007Ter),chr3,KCNH8,NM_144633.3,1007,CAA,UAA,-10.667284978971782,normal
CBGE,nonsense,NM_144633.3(KCNH8):c.31C>T (p.Gln11Ter),chr3,KCNH8,NM_144633.3,11,CAA,UAA,-10.96183024005606,normal
CBGE,nonsense,NM_144633.3(KCNH8):c.3215G>A (p.Trp1072Ter),chr3,KCNH8,NM_144633.3,1072,UGG,UAG,-11.886699610056713,normal
CBGE,nonsense,NM_144633.3(KCNH8):c.3216G>A (p.Trp1072Ter),chr3,KCNH8,NM_144633.3,1072,UGG,UGA,-11.601322153939355,normal
CBGE,nonsense,NM_144633.3(KCNH8):c.3220C>T (p.Gln1074Ter),chr3,KCNH8,NM_144633.3,1074,CAG,UAG,-10.59667202237575,normal
CBGE,nonsense,NM_144633.3(KCNH8):c.905G>A (p.Trp302Ter),chr3,KCNH8,NM_144633.3,302,UGG,UAG,-15.272630717974524,normal
CBGE,nonsense,NM_144633.3(KCNH8):c.906G>A (p.Trp302Ter),chr3,KCNH8,NM_144633.3,302,UGG,UGA,-15.13501647360168,normal
CBGE,nonsense,NM_145109.3(MAP2K3):c.304C>T (p.Gln102Ter),chr17,MAP2K3,NM_145109.3,102,CAG,UAG,-8.33938794005513,normal
CBGE,nonsense,NM_145109.3(MAP2K3):c.812G>A (p.Trp271Ter),chr17,MAP2K3,NM_145109.3,271,UGG,UAG,-11.75242044787894,normal
CBGE,nonsense,NM_145109.3(MAP2K3):c.813G>A (p.Trp271Ter),chr17,MAP2K3,NM_145109.3,271,UGG,UGA,-11.131629957603698,normal
CBGE,nonsense,NM_145109.3(MAP2K3):c.826C>T (p.Gln276Ter),chr17,MAP2K3,NM_145109.3,276,CAG,UAG,-10.530076994346876,normal
CBGE,nonsense,NM_145239.3(PRRT2):c.130C>T (p.Gln44Ter),chr16,PRRT2,NM_145239.3,44,CAG,UAG,-11.38653183275627,normal
CBGE,nonsense,NM_145239.3(PRRT2):c.421C>T (p.Gln141Ter),chr16,PRRT2,NM_145239.3,141,CAA,UAA,-11.841064426462165,normal
CBGE,nonsense,NM_145239.3(PRRT2):c.535C>T (p.Gln179Ter),chr16,PRRT2,NM_145239.3,179,CAA,UAA,-9.685497306871904,normal
CBGE,nonsense,NM_145239.3(PRRT2):c.562C>T (p.Gln188Ter),chr16,PRRT2,NM_145239.3,188,CAG,UAG,-9.987567890794152,normal
CBGE,nonsense,NM_145239.3(PRRT2):c.649C>T (p.Arg217Ter),chr16,PRRT2,NM_145239.3,217,CGA,UGA,-8.729969027018267,normal
CBGE,nonsense,NM_145239.3(PRRT2):c.679C>T (p.Arg227Ter),chr16,PRRT2,NM_145239.3,227,CGA,UGA,-8.326274766133345,normal
CBGE,nonsense,NM_145239.3(PRRT2):c.748C>T (p.Gln250Ter),chr16,PRRT2,NM_145239.3,250,CAG,UAG,-11.075366989929949,normal
CBGE,nonsense,NM_145239.3(PRRT2):c.787C>T (p.Gln263Ter),chr16,PRRT2,NM_145239.3,263,CAG,UAG,-11.135211931981743,normal
CBGE,nonsense,NM_145239.3(PRRT2):c.895C>T (p.Gln299Ter),chr16,PRRT2,NM_145239.3,299,CAG,UAG,-12.162935272229008,normal
CBGE,nonsense,NM_145239.3(PRRT2):c.898C>T (p.Gln300Ter),chr16,PRRT2,NM_145239.3,300,CAG,UAG,-12.217273713888058,normal
CBGE,nonsense,NM_145239.3(PRRT2):c.919C>T (p.Gln307Ter),chr16,PRRT2,NM_145239.3,307,CAG,UAG,-11.197538361516518,normal
CBGE,nonsense,NM_145725.3(TRAF3):c.1031G>A (p.Trp344Ter),chr14,TRAF3,NM_145725.3,344,UGG,UAG,-11.92595484943664,normal
CBGE,nonsense,NM_145725.3(TRAF3):c.1032G>A (p.Trp344Ter),chr14,TRAF3,NM_145725.3,344,UGG,UGA,-11.52462765679646,normal
CBGE,nonsense,NM_145725.3(TRAF3):c.106C>T (p.Gln36Ter),chr14,TRAF3,NM_145725.3,36,CAA,UAA,-10.342053353111186,normal
CBGE,nonsense,NM_145725.3(TRAF3):c.1072C>T (p.Gln358Ter),chr14,TRAF3,NM_145725.3,358,CAG,UAG,-11.554206883453524,normal
CBGE,nonsense,NM_145725.3(TRAF3):c.1513C>T (p.Arg505Ter),chr14,TRAF3,NM_145725.3,505,CGA,UGA,-9.882680806701714,normal
CBGE,nonsense,NM_145725.3(TRAF3):c.1618C>T (p.Gln540Ter),chr14,TRAF3,NM_145725.3,540,CAA,UAA,-10.123763984019265,normal
CBGE,nonsense,NM_145725.3(TRAF3):c.379C>T (p.Gln127Ter),chr14,TRAF3,NM_145725.3,127,CAG,UAG,-12.067689879972963,normal
CBGE,nonsense,NM_145725.3(TRAF3):c.487C>T (p.Arg163Ter),chr14,TRAF3,NM_145725.3,163,CGA,UGA,-11.023395548655817,normal
CBGE,nonsense,NM_145725.3(TRAF3):c.631C>T (p.Gln211Ter),chr14,TRAF3,NM_145725.3,211,CAG,UAG,-13.016126668197344,normal
CBGE,nonsense,NM_145725.3(TRAF3):c.772C>T (p.Gln258Ter),chr14,TRAF3,NM_145725.3,258,CAG,UAG,-13.207836196281274,normal
CBGE,nonsense,NM_145725.3(TRAF3):c.958C>T (p.Gln320Ter),chr14,TRAF3,NM_145725.3,320,CAG,UAG,-13.88845641656937,normal
CBGE,nonsense,NM_147686.4(TRAF3IP2):c.1021C>T (p.Gln341Ter),chr6,TRAF3IP2,NM_147686.4,341,CAG,UAG,-11.598831122441606,normal
CBGE,nonsense,NM_147686.4(TRAF3IP2):c.1039C>T (p.Gln347Ter),chr6,TRAF3IP2,NM_147686.4,347,CAG,UAG,-11.984752558788182,normal
CBGE,nonsense,NM_147686.4(TRAF3IP2):c.1426C>T (p.Gln476Ter),chr6,TRAF3IP2,NM_147686.4,476,CAG,UAG,-10.79182432300262,normal
CBGE,nonsense,NM_147686.4(TRAF3IP2):c.1480C>T (p.Gln494Ter),chr6,TRAF3IP2,NM_147686.4,494,CAG,UAG,-11.036224359795744,normal
CBGE,nonsense,NM_147686.4(TRAF3IP2):c.1568G>A (p.Trp523Ter),chr6,TRAF3IP2,NM_147686.4,523,UGG,UAG,-12.996325437616967,normal
CBGE,nonsense,NM_147686.4(TRAF3IP2):c.217C>T (p.Gln73Ter),chr6,TRAF3IP2,NM_147686.4,73,CAG,UAG,-11.580275526587256,normal
CBGE,nonsense,NM_147686.4(TRAF3IP2):c.256C>T (p.Gln86Ter),chr6,TRAF3IP2,NM_147686.4,86,CAA,UAA,-10.055256836324595,normal
CBGE,nonsense,NM_147686.4(TRAF3IP2):c.388C>T (p.Gln130Ter),chr6,TRAF3IP2,NM_147686.4,130,CAG,UAG,-11.187177669269952,normal
CBGE,nonsense,NM_147686.4(TRAF3IP2):c.523C>T (p.Gln175Ter),chr6,TRAF3IP2,NM_147686.4,175,CAG,UAG,-10.853805640141529,normal
CBGE,nonsense,NM_147686.4(TRAF3IP2):c.544C>T (p.Gln182Ter),chr6,TRAF3IP2,NM_147686.4,182,CAG,UAG,-11.503091813740124,normal
CBGE,nonsense,NM_147686.4(TRAF3IP2):c.559C>T (p.Arg187Ter),chr6,TRAF3IP2,NM_147686.4,187,CGA,UGA,-8.877282074579398,normal
CBGE,nonsense,NM_147686.4(TRAF3IP2):c.610C>T (p.Gln204Ter),chr6,TRAF3IP2,NM_147686.4,204,CAG,UAG,-11.537656744354104,normal
CBGE,nonsense,NM_147686.4(TRAF3IP2):c.631C>T (p.Gln211Ter),chr6,TRAF3IP2,NM_147686.4,211,CAG,UAG,-11.708788853071786,normal
CBGE,nonsense,NM_147686.4(TRAF3IP2):c.712C>T (p.Gln238Ter),chr6,TRAF3IP2,NM_147686.4,238,CAG,UAG,-11.207767510863649,normal
CBGE,nonsense,NM_147686.4(TRAF3IP2):c.782G>A (p.Trp261Ter),chr6,TRAF3IP2,NM_147686.4,261,UGG,UAG,-12.121541915295795,normal
CBGE,nonsense,NM_147686.4(TRAF3IP2):c.783G>A (p.Trp261Ter),chr6,TRAF3IP2,NM_147686.4,261,UGG,UGA,-12.041517314603034,normal
CBGE,nonsense,NM_147686.4(TRAF3IP2):c.7C>T (p.Arg3Ter),chr6,TRAF3IP2,NM_147686.4,3,CGA,UGA,-9.344777079903444,normal
CBGE,nonsense,NM_147686.4(TRAF3IP2):c.859C>T (p.Gln287Ter),chr6,TRAF3IP2,NM_147686.4,287,CAG,UAG,-12.292490033002831,normal
CBGE,nonsense,NM_147686.4(TRAF3IP2):c.862C>T (p.Gln288Ter),chr6,TRAF3IP2,NM_147686.4,288,CAA,UAA,-11.224918394838628,normal
CBGE,nonsense,NM_147686.4(TRAF3IP2):c.871C>T (p.Gln291Ter),chr6,TRAF3IP2,NM_147686.4,291,CAG,UAG,-11.678207372750808,normal
CBGE,nonsense,NM_147686.4(TRAF3IP2):c.889C>T (p.Gln297Ter),chr6,TRAF3IP2,NM_147686.4,297,CAG,UAG,-12.059450079255438,normal
CBGE,nonsense,NM_147686.4(TRAF3IP2):c.963G>A (p.Trp321Ter),chr6,TRAF3IP2,NM_147686.4,321,UGG,UGA,-12.06722645247741,normal
CBGE,nonsense,NM_152879.3(DGKD):c.1099C>T (p.Gln367Ter),chr2,DGKD,NM_152879.3,367,CAG,UAG,-11.502246817110686,normal
CBGE,nonsense,NM_152879.3(DGKD):c.1192C>T (p.Gln398Ter),chr2,DGKD,NM_152879.3,398,CAG,UAG,-12.11442372305719,normal
CBGE,nonsense,NM_152879.3(DGKD):c.1240C>T (p.Arg414Ter),chr2,DGKD,NM_152879.3,414,CGA,UGA,-12.086424774377877,normal
CBGE,nonsense,NM_152879.3(DGKD):c.1253G>A (p.Trp418Ter),chr2,DGKD,NM_152879.3,418,UGG,UAG,-13.453339496681943,normal
CBGE,nonsense,NM_152879.3(DGKD):c.1254G>A (p.Trp418Ter),chr2,DGKD,NM_152879.3,418,UGG,UGA,-13.210577926927968,normal
CBGE,nonsense,NM_152879.3(DGKD):c.1279C>T (p.Gln427Ter),chr2,DGKD,NM_152879.3,427,CAG,UAG,-11.06577870367463,normal
CBGE,nonsense,NM_152879.3(DGKD):c.1801C>T (p.Gln601Ter),chr2,DGKD,NM_152879.3,601,CAG,UAG,-11.047445339796177,normal
CBGE,nonsense,NM_152879.3(DGKD):c.1900C>T (p.Gln634Ter),chr2,DGKD,NM_152879.3,634,CAG,UAG,-11.342624654919028,normal
CBGE,nonsense,NM_152879.3(DGKD):c.1915C>T (p.Gln639Ter),chr2,DGKD,NM_152879.3,639,CAG,UAG,-11.264103852924386,normal
CBGE,nonsense,NM_152879.3(DGKD):c.1921C>T (p.Gln641Ter),chr2,DGKD,NM_152879.3,641,CAG,UAG,-11.203325227360356,normal
CBGE,nonsense,NM_152879.3(DGKD):c.2029C>T (p.Gln677Ter),chr2,DGKD,NM_152879.3,677,CAG,UAG,-10.89423083701091,normal
CBGE,nonsense,NM_152879.3(DGKD):c.202C>T (p.Gln68Ter),chr2,DGKD,NM_152879.3,68,CAG,UAG,-11.07151512055876,normal
CBGE,nonsense,NM_152879.3(DGKD):c.205C>T (p.Arg69Ter),chr2,DGKD,NM_152879.3,69,CGA,UGA,-10.311142937619213,normal
CBGE,nonsense,NM_152879.3(DGKD):c.2380C>T (p.Arg794Ter),chr2,DGKD,NM_152879.3,794,CGA,UGA,-9.567207252073535,normal
CBGE,nonsense,NM_152879.3(DGKD):c.2399G>A (p.Trp800Ter),chr2,DGKD,NM_152879.3,800,UGG,UAG,-12.439861299793948,normal
CBGE,nonsense,NM_152879.3(DGKD):c.2400G>A (p.Trp800Ter),chr2,DGKD,NM_152879.3,800,UGG,UGA,-12.3534679793809,normal
CBGE,nonsense,NM_152879.3(DGKD):c.2455C>T (p.Gln819Ter),chr2,DGKD,NM_152879.3,819,CAA,UAA,-10.00953487713146,normal
CBGE,nonsense,NM_152879.3(DGKD):c.2558G>A (p.Trp853Ter),chr2,DGKD,NM_152879.3,853,UGG,UAG,-12.08691790919233,normal
CBGE,nonsense,NM_152879.3(DGKD):c.2559G>A (p.Trp853Ter),chr2,DGKD,NM_152879.3,853,UGG,UGA,-11.711856861031814,normal
CBGE,nonsense,NM_152879.3(DGKD):c.2674C>T (p.Gln892Ter),chr2,DGKD,NM_152879.3,892,CAG,UAG,-11.744110146806513,normal
CBGE,nonsense,NM_152879.3(DGKD):c.2692C>T (p.Gln898Ter),chr2,DGKD,NM_152879.3,898,CAG,UAG,-11.669780758044116,normal
CBGE,nonsense,NM_152879.3(DGKD):c.2743C>T (p.Gln915Ter),chr2,DGKD,NM_152879.3,915,CAG,UAG,-11.440767225498746,normal
CBGE,nonsense,NM_152879.3(DGKD):c.2767C>T (p.Gln923Ter),chr2,DGKD,NM_152879.3,923,CAG,UAG,-10.468181663307783,normal
CBGE,nonsense,NM_152879.3(DGKD):c.2938C>T (p.Gln980Ter),chr2,DGKD,NM_152879.3,980,CAG,UAG,-11.227314937221244,normal
CBGE,nonsense,NM_152879.3(DGKD):c.2947C>T (p.Gln983Ter),chr2,DGKD,NM_152879.3,983,CAG,UAG,-11.243113525763205,normal
CBGE,nonsense,NM_152879.3(DGKD):c.2998C>T (p.Gln1000Ter),chr2,DGKD,NM_152879.3,1000,CAG,UAG,-12.074659277512923,normal
CBGE,nonsense,NM_152879.3(DGKD):c.3187C>T (p.Gln1063Ter),chr2,DGKD,NM_152879.3,1063,CAG,UAG,-11.625443439532823,normal
CBGE,nonsense,NM_152879.3(DGKD):c.3241C>T (p.Arg1081Ter),chr2,DGKD,NM_152879.3,1081,CGA,UGA,-9.924494856492055,normal
CBGE,nonsense,NM_152879.3(DGKD):c.3434G>A (p.Trp1145Ter),chr2,DGKD,NM_152879.3,1145,UGG,UAG,-14.243001827431746,normal
CBGE,nonsense,NM_152879.3(DGKD):c.433C>T (p.Gln145Ter),chr2,DGKD,NM_152879.3,145,CAG,UAG,-8.535374420953872,normal
CBGE,nonsense,NM_152879.3(DGKD):c.644G>A (p.Trp215Ter),chr2,DGKD,NM_152879.3,215,UGG,UAG,-11.936683642604022,normal
CBGE,nonsense,NM_152879.3(DGKD):c.645G>A (p.Trp215Ter),chr2,DGKD,NM_152879.3,215,UGG,UGA,-11.658673234963052,normal
CBGE,nonsense,NM_152879.3(DGKD):c.713G>A (p.Trp238Ter),chr2,DGKD,NM_152879.3,238,UGG,UAG,-15.887426363465616,normal
CBGE,nonsense,NM_152879.3(DGKD):c.714G>A (p.Trp238Ter),chr2,DGKD,NM_152879.3,238,UGG,UGA,-15.425152801101522,normal
CBGE,nonsense,NM_152879.3(DGKD):c.787C>T (p.Gln263Ter),chr2,DGKD,NM_152879.3,263,CAG,UAG,-12.503579086064605,normal
CBGE,nonsense,NM_152879.3(DGKD):c.794G>A (p.Trp265Ter),chr2,DGKD,NM_152879.3,265,UGG,UAG,-15.844402280193652,normal
CBGE,nonsense,NM_152879.3(DGKD):c.795G>A (p.Trp265Ter),chr2,DGKD,NM_152879.3,265,UGG,UGA,-15.203250934200994,normal
CBGE,nonsense,NM_152879.3(DGKD):c.929G>A (p.Trp310Ter),chr2,DGKD,NM_152879.3,310,UGG,UAG,-12.741504649492732,normal
CBGE,nonsense,NM_152879.3(DGKD):c.930G>A (p.Trp310Ter),chr2,DGKD,NM_152879.3,310,UGG,UGA,-12.348495521511149,normal
CBGE,nonsense,NM_172071.4(RC3H1):c.1024C>T (p.Gln342Ter),chr1,RC3H1,NM_172071.4,342,CAG,UAG,-11.55333140731809,normal
CBGE,nonsense,NM_172071.4(RC3H1):c.1054C>T (p.Arg352Ter),chr1,RC3H1,NM_172071.4,352,CGA,UGA,-10.729020185156983,normal
CBGE,nonsense,NM_172071.4(RC3H1):c.1126C>T (p.Gln376Ter),chr1,RC3H1,NM_172071.4,376,CAG,UAG,-12.130723915242491,normal
CBGE,nonsense,NM_172071.4(RC3H1):c.1186C>T (p.Gln396Ter),chr1,RC3H1,NM_172071.4,396,CAG,UAG,-11.492336190854871,normal
CBGE,nonsense,NM_172071.4(RC3H1):c.1258C>T (p.Arg420Ter),chr1,RC3H1,NM_172071.4,420,CGA,UGA,-10.437606816951956,normal
CBGE,nonsense,NM_172071.4(RC3H1):c.1270C>T (p.Gln424Ter),chr1,RC3H1,NM_172071.4,424,CAG,UAG,-11.597702052017846,normal
CBGE,nonsense,NM_172071.4(RC3H1):c.1318C>T (p.Gln440Ter),chr1,RC3H1,NM_172071.4,440,CAG,UAG,-9.89086339320341,normal
CBGE,nonsense,NM_172071.4(RC3H1):c.1393C>T (p.Gln465Ter),chr1,RC3H1,NM_172071.4,465,CAA,UAA,-10.466989530658802,normal
CBGE,nonsense,NM_172071.4(RC3H1):c.1723C>T (p.Gln575Ter),chr1,RC3H1,NM_172071.4,575,CAG,UAG,-11.339057947794393,normal
CBGE,nonsense,NM_172071.4(RC3H1):c.1762C>T (p.Gln588Ter),chr1,RC3H1,NM_172071.4,588,CAG,UAG,-11.98982434427064,normal
CBGE,nonsense,NM_172071.4(RC3H1):c.1780C>T (p.Gln594Ter),chr1,RC3H1,NM_172071.4,594,CAG,UAG,-10.99014276222876,normal
CBGE,nonsense,NM_172071.4(RC3H1):c.214C>T (p.Gln72Ter),chr1,RC3H1,NM_172071.4,72,CAG,UAG,-12.154365501932991,normal
CBGE,nonsense,NM_172071.4(RC3H1):c.229C>T (p.Gln77Ter),chr1,RC3H1,NM_172071.4,77,CAG,UAG,-10.469928780887294,normal
CBGE,nonsense,NM_172071.4(RC3H1):c.23G>A (p.Trp8Ter),chr1,RC3H1,NM_172071.4,8,UGG,UAG,-11.544455532191773,normal
CBGE,nonsense,NM_172071.4(RC3H1):c.2425C>T (p.Gln809Ter),chr1,RC3H1,NM_172071.4,809,CAA,UAA,-10.347190790090115,normal
CBGE,nonsense,NM_172071.4(RC3H1):c.24G>A (p.Trp8Ter),chr1,RC3H1,NM_172071.4,8,UGG,UGA,-11.26884552235521,normal
CBGE,nonsense,NM_172071.4(RC3H1):c.2689C>T (p.Gln897Ter),chr1,RC3H1,NM_172071.4,897,CAG,UAG,-10.470577200594676,normal
CBGE,nonsense,NM_172071.4(RC3H1):c.2768G>A (p.Trp923Ter),chr1,RC3H1,NM_172071.4,923,UGG,UAG,-12.17201614860854,normal
CBGE,nonsense,NM_172071.4(RC3H1):c.2769G>A (p.Trp923Ter),chr1,RC3H1,NM_172071.4,923,UGG,UGA,-11.68234632745002,normal
CBGE,nonsense,NM_172071.4(RC3H1):c.2809C>T (p.Gln937Ter),chr1,RC3H1,NM_172071.4,937,CAG,UAG,-10.653095192571817,normal
CBGE,nonsense,NM_172071.4(RC3H1):c.2944C>T (p.Gln982Ter),chr1,RC3H1,NM_172071.4,982,CAG,UAG,-12.437231089346724,normal
CBGE,nonsense,NM_172071.4(RC3H1):c.3047G>A (p.Trp1016Ter),chr1,RC3H1,NM_172071.4,1016,UGG,UAG,-10.742675785402051,normal
CBGE,nonsense,NM_172071.4(RC3H1):c.3070C>T (p.Gln1024Ter),chr1,RC3H1,NM_172071.4,1024,CAG,UAG,-11.905882827254858,normal
CBGE,nonsense,NM_172071.4(RC3H1):c.3091C>T (p.Gln1031Ter),chr1,RC3H1,NM_172071.4,1031,CAG,UAG,-12.44407842688222,normal
CBGE,nonsense,NM_172071.4(RC3H1):c.3142C>T (p.Gln1048Ter),chr1,RC3H1,NM_172071.4,1048,CAG,UAG,-11.200506207563512,normal
CBGE,nonsense,NM_172071.4(RC3H1):c.3184C>T (p.Gln1062Ter),chr1,RC3H1,NM_172071.4,1062,CAA,UAA,-10.02589222602784,normal
CBGE,nonsense,NM_172071.4(RC3H1):c.3211C>T (p.Gln1071Ter),chr1,RC3H1,NM_172071.4,1071,CAA,UAA,-10.387678104175164,normal
CBGE,nonsense,NM_172071.4(RC3H1):c.3367C>T (p.Gln1123Ter),chr1,RC3H1,NM_172071.4,1123,CAG,UAG,-10.695421274766217,normal
CBGE,nonsense,NM_172071.4(RC3H1):c.430C>T (p.Gln144Ter),chr1,RC3H1,NM_172071.4,144,CAA,UAA,-11.144252806539573,normal
CBGE,nonsense,NM_172071.4(RC3H1):c.475C>T (p.Arg159Ter),chr1,RC3H1,NM_172071.4,159,CGA,UGA,-10.143306714070274,normal
CBGE,nonsense,NM_172071.4(RC3H1):c.532C>T (p.Gln178Ter),chr1,RC3H1,NM_172071.4,178,CAA,UAA,-11.388886423270268,normal
CBGE,nonsense,NM_172071.4(RC3H1):c.552G>A (p.Trp184Ter),chr1,RC3H1,NM_172071.4,184,UGG,UGA,-11.058481291862869,normal
CBGE,nonsense,NM_172071.4(RC3H1):c.577C>T (p.Gln193Ter),chr1,RC3H1,NM_172071.4,193,CAG,UAG,-11.01090049482823,normal
CBGE,nonsense,NM_172071.4(RC3H1):c.904C>T (p.Gln302Ter),chr1,RC3H1,NM_172071.4,302,CAG,UAG,-11.657387818764208,normal
CBGE,nonsense,NM_172351.3(CD46):c.325C>T (p.Gln109Ter),chr1,CD46,NM_172351.3,109,CAA,UAA,-11.064888011697748,normal
CBGE,nonsense,NM_172351.3(CD46):c.41G>A (p.Trp14Ter),chr1,CD46,NM_172351.3,14,UGG,UAG,-12.18854523287403,normal
CBGE,nonsense,NM_172351.3(CD46):c.42G>A (p.Trp14Ter),chr1,CD46,NM_172351.3,14,UGG,UGA,-11.644990934203864,normal
CBGE,nonsense,NM_172351.3(CD46):c.685C>T (p.Arg229Ter),chr1,CD46,NM_172351.3,229,CGA,UGA,-9.329045078388432,normal
CBGE,nonsense,NM_172351.3(CD46):c.712C>T (p.Gln238Ter),chr1,CD46,NM_172351.3,238,CAG,UAG,-10.242184621070288,normal
CBGE,nonsense,NM_172373.4(ELF1):c.1087C>T (p.Gln363Ter),chr13,ELF1,NM_172373.4,363,CAA,UAA,-12.15186021225828,normal
CBGE,nonsense,NM_172373.4(ELF1):c.1246C>T (p.Gln416Ter),chr13,ELF1,NM_172373.4,416,CAG,UAG,-13.217716244526365,normal
CBGE,nonsense,NM_172373.4(ELF1):c.1276C>T (p.Gln426Ter),chr13,ELF1,NM_172373.4,426,CAA,UAA,-12.22367088228702,normal
CBGE,nonsense,NM_172373.4(ELF1):c.1537C>T (p.Gln513Ter),chr13,ELF1,NM_172373.4,513,CAG,UAG,-13.14739222787846,normal
CBGE,nonsense,NM_172373.4(ELF1):c.1627C>T (p.Gln543Ter),chr13,ELF1,NM_172373.4,543,CAG,UAG,-12.338491418418798,normal
CBGE,nonsense,NM_172373.4(ELF1):c.1699C>T (p.Gln567Ter),chr13,ELF1,NM_172373.4,567,CAG,UAG,-10.799940171212304,normal
CBGE,nonsense,NM_172373.4(ELF1):c.1828C>T (p.Gln610Ter),chr13,ELF1,NM_172373.4,610,CAA,UAA,-10.842408194616857,normal
CBGE,nonsense,NM_172373.4(ELF1):c.511C>T (p.Gln171Ter),chr13,ELF1,NM_172373.4,171,CAG,UAG,-10.300693461505182,normal
CBGE,nonsense,NM_172373.4(ELF1):c.689G>A (p.Trp230Ter),chr13,ELF1,NM_172373.4,230,UGG,UAG,-14.808002449823226,normal
CBGE,nonsense,NM_172373.4(ELF1):c.690G>A (p.Trp230Ter),chr13,ELF1,NM_172373.4,230,UGG,UGA,-14.449821545901717,normal
CBGE,nonsense,NM_173157.3(NR4A1):c.1012C>T (p.Arg338Ter),chr12,NR4A1,NM_173157.3,338,CGA,UGA,-10.997725490167582,normal
CBGE,nonsense,NM_173157.3(NR4A1):c.1213C>T (p.Gln405Ter),chr12,NR4A1,NM_173157.3,405,CAG,UAG,-9.43044850160154,normal
CBGE,nonsense,NM_173157.3(NR4A1):c.1303C>T (p.Gln435Ter),chr12,NR4A1,NM_173157.3,435,CAG,UAG,-12.838136622921356,normal
CBGE,nonsense,NM_173157.3(NR4A1):c.1420C>T (p.Gln474Ter),chr12,NR4A1,NM_173157.3,474,CAG,UAG,-13.511291517231935,normal
CBGE,nonsense,NM_173157.3(NR4A1):c.1555C>T (p.Gln519Ter),chr12,NR4A1,NM_173157.3,519,CAG,UAG,-11.071565620815656,normal
CBGE,nonsense,NM_173157.3(NR4A1):c.208C>T (p.Gln70Ter),chr12,NR4A1,NM_173157.3,70,CAG,UAG,-12.747285854372931,normal
CBGE,nonsense,NM_173157.3(NR4A1):c.319C>T (p.Gln107Ter),chr12,NR4A1,NM_173157.3,107,CAG,UAG,-11.184595117190575,normal
CBGE,nonsense,NM_173157.3(NR4A1):c.448C>T (p.Gln150Ter),chr12,NR4A1,NM_173157.3,150,CAG,UAG,-11.876958856921911,normal
CBGE,nonsense,NM_173157.3(NR4A1):c.493C>T (p.Gln165Ter),chr12,NR4A1,NM_173157.3,165,CAG,UAG,-11.80283743348318,normal
CBGE,nonsense,NM_173157.3(NR4A1):c.518G>A (p.Trp173Ter),chr12,NR4A1,NM_173157.3,173,UGG,UAG,-11.40143873403548,normal
CBGE,nonsense,NM_173157.3(NR4A1):c.519G>A (p.Trp173Ter),chr12,NR4A1,NM_173157.3,173,UGG,UGA,-11.394978461558637,normal
CBGE,nonsense,NM_173157.3(NR4A1):c.526C>T (p.Gln176Ter),chr12,NR4A1,NM_173157.3,176,CAG,UAG,-12.004842785924875,normal
CBGE,nonsense,NM_173157.3(NR4A1):c.637C>T (p.Gln213Ter),chr12,NR4A1,NM_173157.3,213,CAG,UAG,-9.869073838215634,normal
CBGE,nonsense,NM_173157.3(NR4A1):c.829C>T (p.Gln277Ter),chr12,NR4A1,NM_173157.3,277,CAG,UAG,-11.007927949711236,normal
CBGE,nonsense,NM_173165.3(NFATC3):c.1202G>A (p.Trp401Ter),chr16,NFATC3,NM_173165.3,401,UGG,UAG,-12.345127141877176,normal
CBGE,nonsense,NM_173165.3(NFATC3):c.1471C>T (p.Arg491Ter),chr16,NFATC3,NM_173165.3,491,CGA,UGA,-10.457753151290852,normal
CBGE,nonsense,NM_173165.3(NFATC3):c.1921C>T (p.Arg641Ter),chr16,NFATC3,NM_173165.3,641,CGA,UGA,-10.542285914593602,normal
CBGE,nonsense,NM_173165.3(NFATC3):c.2179C>T (p.Gln727Ter),chr16,NFATC3,NM_173165.3,727,CAG,UAG,-10.991861317903195,normal
CBGE,nonsense,NM_173165.3(NFATC3):c.2497C>T (p.Gln833Ter),chr16,NFATC3,NM_173165.3,833,CAG,UAG,-11.913347224713076,normal
CBGE,nonsense,NM_173165.3(NFATC3):c.2500C>T (p.Gln834Ter),chr16,NFATC3,NM_173165.3,834,CAG,UAG,-11.21384620999251,normal
CBGE,nonsense,NM_173165.3(NFATC3):c.2701C>T (p.Gln901Ter),chr16,NFATC3,NM_173165.3,901,CAG,UAG,-11.337776158874153,normal
CBGE,nonsense,NM_173165.3(NFATC3):c.2929C>T (p.Gln977Ter),chr16,NFATC3,NM_173165.3,977,CAA,UAA,-10.184263220726292,normal
CBGE,nonsense,NM_173165.3(NFATC3):c.3136C>T (p.Gln1046Ter),chr16,NFATC3,NM_173165.3,1046,CAG,UAG,-10.755674405963006,normal
CBGE,nonsense,NM_173165.3(NFATC3):c.3151C>T (p.Gln1051Ter),chr16,NFATC3,NM_173165.3,1051,CAA,UAA,-10.447591848499366,normal
CBGE,nonsense,NM_173165.3(NFATC3):c.604C>T (p.Arg202Ter),chr16,NFATC3,NM_173165.3,202,CGA,UGA,-9.842443423084628,normal
CBGE,nonsense,NM_173799.4(TIGIT):c.157C>T (p.Gln53Ter),chr3,TIGIT,NM_173799.4,53,CAA,UAA,-9.446947110984404,normal
CBGE,nonsense,NM_173799.4(TIGIT):c.166C>T (p.Gln56Ter),chr3,TIGIT,NM_173799.4,56,CAG,UAG,-12.220558226151192,normal
CBGE,nonsense,NM_173799.4(TIGIT):c.176G>A (p.Trp59Ter),chr3,TIGIT,NM_173799.4,59,UGG,UAG,-14.618865917645888,normal
CBGE,nonsense,NM_173799.4(TIGIT):c.177G>A (p.Trp59Ter),chr3,TIGIT,NM_173799.4,59,UGG,UGA,-13.98590284952825,normal
CBGE,nonsense,NM_173799.4(TIGIT):c.181C>T (p.Gln61Ter),chr3,TIGIT,NM_173799.4,61,CAG,UAG,-10.723486037724646,normal
CBGE,nonsense,NM_173799.4(TIGIT):c.184C>T (p.Gln62Ter),chr3,TIGIT,NM_173799.4,62,CAG,UAG,-10.919385947149944,normal
CBGE,nonsense,NM_173799.4(TIGIT):c.250C>T (p.Arg84Ter),chr3,TIGIT,NM_173799.4,84,CGA,UGA,-11.223420196539674,normal
CBGE,nonsense,NM_173799.4(TIGIT):c.26G>A (p.Trp9Ter),chr3,TIGIT,NM_173799.4,9,UGG,UAG,-12.408686640969062,normal
CBGE,nonsense,NM_173799.4(TIGIT):c.27G>A (p.Trp9Ter),chr3,TIGIT,NM_173799.4,9,UGG,UGA,-12.19185252818132,normal
CBGE,nonsense,NM_173799.4(TIGIT):c.415C>T (p.Gln139Ter),chr3,TIGIT,NM_173799.4,139,CAG,UAG,-11.655735026302594,normal
CBGE,nonsense,NM_173799.4(TIGIT):c.43C>T (p.Gln15Ter),chr3,TIGIT,NM_173799.4,15,CAG,UAG,-9.86873437988102,normal
CBGE,nonsense,NM_173799.4(TIGIT):c.556C>T (p.Gln186Ter),chr3,TIGIT,NM_173799.4,186,CAG,UAG,-10.328183148536407,normal
CBGE,nonsense,NM_173799.4(TIGIT):c.604C>T (p.Gln202Ter),chr3,TIGIT,NM_173799.4,202,CAG,UAG,-10.624225511957643,normal
CBGE,nonsense,NM_173799.4(TIGIT):c.8G>A (p.Trp3Ter),chr3,TIGIT,NM_173799.4,3,UGG,UAG,-12.360885660631205,normal
CBGE,nonsense,NM_178009.5(DGKH):c.1063C>T (p.Gln355Ter),chr13,DGKH,NM_178009.5,355,CAG,UAG,-9.38872147273108,normal
CBGE,nonsense,NM_178009.5(DGKH):c.1081C>T (p.Gln361Ter),chr13,DGKH,NM_178009.5,361,CAG,UAG,-12.344812370605045,normal
CBGE,nonsense,NM_178009.5(DGKH):c.1132C>T (p.Gln378Ter),chr13,DGKH,NM_178009.5,378,CAG,UAG,-10.712471969825772,normal
CBGE,nonsense,NM_178009.5(DGKH):c.1231C>T (p.Gln411Ter),chr13,DGKH,NM_178009.5,411,CAG,UAG,-9.13713898364771,normal
CBGE,nonsense,NM_178009.5(DGKH):c.1286G>A (p.Trp429Ter),chr13,DGKH,NM_178009.5,429,UGG,UAG,-13.462730390531233,normal
CBGE,nonsense,NM_178009.5(DGKH):c.1287G>A (p.Trp429Ter),chr13,DGKH,NM_178009.5,429,UGG,UGA,-13.354143180041245,normal
CBGE,nonsense,NM_178009.5(DGKH):c.1321C>T (p.Gln441Ter),chr13,DGKH,NM_178009.5,441,CAG,UAG,-11.530462177527047,normal
CBGE,nonsense,NM_178009.5(DGKH):c.1342C>T (p.Arg448Ter),chr13,DGKH,NM_178009.5,448,CGA,UGA,-10.556552875886196,normal
CBGE,nonsense,NM_178009.5(DGKH):c.1370G>A (p.Trp457Ter),chr13,DGKH,NM_178009.5,457,UGG,UAG,-14.939632467692288,normal
CBGE,nonsense,NM_178009.5(DGKH):c.1371G>A (p.Trp457Ter),chr13,DGKH,NM_178009.5,457,UGG,UGA,-14.629374532979352,normal
CBGE,nonsense,NM_178009.5(DGKH):c.1666C>T (p.Gln556Ter),chr13,DGKH,NM_178009.5,556,CAA,UAA,-10.76504613883082,normal
CBGE,nonsense,NM_178009.5(DGKH):c.1825C>T (p.Gln609Ter),chr13,DGKH,NM_178009.5,609,CAG,UAG,-10.5448952063209,normal
CBGE,nonsense,NM_178009.5(DGKH):c.1888C>T (p.Gln630Ter),chr13,DGKH,NM_178009.5,630,CAA,UAA,-11.069206185258931,normal
CBGE,nonsense,NM_178009.5(DGKH):c.19C>T (p.Gln7Ter),chr13,DGKH,NM_178009.5,7,CAG,UAG,-11.143533708770544,normal
CBGE,nonsense,NM_178009.5(DGKH):c.2086C>T (p.Gln696Ter),chr13,DGKH,NM_178009.5,696,CAA,UAA,-10.58072855424874,normal
CBGE,nonsense,NM_178009.5(DGKH):c.223C>T (p.Gln75Ter),chr13,DGKH,NM_178009.5,75,CAA,UAA,-10.64737419728408,normal
CBGE,nonsense,NM_178009.5(DGKH):c.2401C>T (p.Arg801Ter),chr13,DGKH,NM_178009.5,801,CGA,UGA,-9.904958753281342,normal
CBGE,nonsense,NM_178009.5(DGKH):c.2420G>A (p.Trp807Ter),chr13,DGKH,NM_178009.5,807,UGG,UAG,-12.230374362095828,normal
CBGE,nonsense,NM_178009.5(DGKH):c.2421G>A (p.Trp807Ter),chr13,DGKH,NM_178009.5,807,UGG,UGA,-12.086415289783528,normal
CBGE,nonsense,NM_178009.5(DGKH):c.245G>A (p.Trp82Ter),chr13,DGKH,NM_178009.5,82,UGG,UAG,-15.582565267289104,normal
CBGE,nonsense,NM_178009.5(DGKH):c.246G>A (p.Trp82Ter),chr13,DGKH,NM_178009.5,82,UGG,UGA,-15.585721970158168,normal
CBGE,nonsense,NM_178009.5(DGKH):c.2476C>T (p.Gln826Ter),chr13,DGKH,NM_178009.5,826,CAA,UAA,-10.43688201393006,normal
CBGE,nonsense,NM_178009.5(DGKH):c.253C>T (p.Arg85Ter),chr13,DGKH,NM_178009.5,85,CGA,UGA,-13.685039569587552,normal
CBGE,nonsense,NM_178009.5(DGKH):c.2665C>T (p.Gln889Ter),chr13,DGKH,NM_178009.5,889,CAA,UAA,-10.649808971217787,normal
CBGE,nonsense,NM_178009.5(DGKH):c.2695C>T (p.Gln899Ter),chr13,DGKH,NM_178009.5,899,CAG,UAG,-11.135427529018209,normal
CBGE,nonsense,NM_178009.5(DGKH):c.2704C>T (p.Arg902Ter),chr13,DGKH,NM_178009.5,902,CGA,UGA,-10.497764568041749,normal
CBGE,nonsense,NM_178009.5(DGKH):c.2764C>T (p.Gln922Ter),chr13,DGKH,NM_178009.5,922,CAA,UAA,-10.580192527230675,normal
CBGE,nonsense,NM_178009.5(DGKH):c.2788C>T (p.Gln930Ter),chr13,DGKH,NM_178009.5,930,CAG,UAG,-10.283591244172005,normal
CBGE,nonsense,NM_178009.5(DGKH):c.2830C>T (p.Gln944Ter),chr13,DGKH,NM_178009.5,944,CAA,UAA,-10.34331031712665,normal
CBGE,nonsense,NM_178009.5(DGKH):c.3445C>T (p.Gln1149Ter),chr13,DGKH,NM_178009.5,1149,CAG,UAG,-11.106889753331762,normal
CBGE,nonsense,NM_178009.5(DGKH):c.3562C>T (p.Arg1188Ter),chr13,DGKH,NM_178009.5,1188,CGA,UGA,-10.44359581505764,normal
CBGE,nonsense,NM_178009.5(DGKH):c.3607C>T (p.Arg1203Ter),chr13,DGKH,NM_178009.5,1203,CGA,UGA,-12.239467596411451,normal
CBGE,nonsense,NM_178009.5(DGKH):c.3616C>T (p.Gln1206Ter),chr13,DGKH,NM_178009.5,1206,CAG,UAG,-11.48077110524434,normal
CBGE,nonsense,NM_178009.5(DGKH):c.469C>T (p.Gln157Ter),chr13,DGKH,NM_178009.5,157,CAG,UAG,-9.4157676896139,normal
CBGE,nonsense,NM_178009.5(DGKH):c.496C>T (p.Gln166Ter),chr13,DGKH,NM_178009.5,166,CAG,UAG,-11.134356461884137,normal
CBGE,nonsense,NM_178009.5(DGKH):c.823C>T (p.Gln275Ter),chr13,DGKH,NM_178009.5,275,CAG,UAG,-11.594556843358989,normal
CBGE,nonsense,NM_178009.5(DGKH):c.830G>A (p.Trp277Ter),chr13,DGKH,NM_178009.5,277,UGG,UAG,-15.0676040408532,normal
CBGE,nonsense,NM_178009.5(DGKH):c.831G>A (p.Trp277Ter),chr13,DGKH,NM_178009.5,277,UGG,UGA,-14.714049334391524,normal
CBGE,nonsense,NM_178547.5(ZBTB8OS):c.163C>T (p.Gln55Ter),chr1,ZBTB8OS,NM_178547.5,55,CAA,UAA,-11.372774172666892,normal
CBGE,nonsense,NM_178547.5(ZBTB8OS):c.49C>T (p.Gln17Ter),chr1,ZBTB8OS,NM_178547.5,17,CAG,UAG,-11.553010909644485,lof
CBGE,nonsense,NM_181523.3(PIK3R1):c.1243C>T (p.Gln415Ter),chr5,PIK3R1,NM_181523.3,415,CAG,UAG,-10.066045756865067,normal
CBGE,nonsense,NM_181523.3(PIK3R1):c.1432C>T (p.Gln478Ter),chr5,PIK3R1,NM_181523.3,478,CAA,UAA,-11.877855313667748,normal
CBGE,nonsense,NM_181523.3(PIK3R1):c.164G>A (p.Trp55Ter),chr5,PIK3R1,NM_181523.3,55,UGG,UAG,-15.069817628749352,normal
CBGE,nonsense,NM_181523.3(PIK3R1):c.165G>A (p.Trp55Ter),chr5,PIK3R1,NM_181523.3,55,UGG,UGA,-14.624102607704078,normal
CBGE,nonsense,NM_181523.3(PIK3R1):c.1756C>T (p.Gln586Ter),chr5,PIK3R1,NM_181523.3,586,CAA,UAA,-10.9038772858218,normal
CBGE,nonsense,NM_181523.3(PIK3R1):c.1872G>A (p.Trp624Ter),chr5,PIK3R1,NM_181523.3,624,UGG,UGA,-13.159393350790175,normal
CBGE,nonsense,NM_181523.3(PIK3R1):c.331C>T (p.Gln111Ter),chr5,PIK3R1,NM_181523.3,111,CAA,UAA,-11.102459873463498,normal
CBGE,nonsense,NM_181523.3(PIK3R1):c.901C>T (p.Arg301Ter),chr5,PIK3R1,NM_181523.3,301,CGA,UGA,-8.94390236366508,lof
CBGE,nonsense,NM_181523.3(PIK3R1):c.904C>T (p.Gln302Ter),chr5,PIK3R1,NM_181523.3,302,CAG,UAG,-11.28049757764932,lof
CBGE,nonsense,NM_181523.3(PIK3R1):c.985C>T (p.Gln329Ter),chr5,PIK3R1,NM_181523.3,329,CAA,UAA,-11.723834956431048,lof
CBGE,nonsense,NM_181780.4(BTLA):c.212G>A (p.Trp71Ter),chr3,BTLA,NM_181780.4,71,UGG,UAG,-14.82191279593122,normal
CBGE,nonsense,NM_181780.4(BTLA):c.213G>A (p.Trp71Ter),chr3,BTLA,NM_181780.4,71,UGG,UGA,-14.451986257415523,normal
CBGE,nonsense,NM_181780.4(BTLA):c.256C>T (p.Gln86Ter),chr3,BTLA,NM_181780.4,86,CAA,UAA,-10.17492101479179,normal
CBGE,nonsense,NM_181780.4(BTLA):c.424C>T (p.Arg142Ter),chr3,BTLA,NM_181780.4,142,CGA,UGA,-7.273324628158178,normal
CBGE,nonsense,NM_181780.4(BTLA):c.619C>T (p.Gln207Ter),chr3,BTLA,NM_181780.4,207,CAA,UAA,-10.99806981798588,normal
CBGE,nonsense,NM_181780.4(BTLA):c.649C>T (p.Gln217Ter),chr3,BTLA,NM_181780.4,217,CAA,UAA,-10.4734239555296,normal
CBGE,nonsense,NM_181780.4(BTLA):c.77G>A (p.Trp26Ter),chr3,BTLA,NM_181780.4,26,UGG,UAG,-12.698568345374875,normal
CBGE,nonsense,NM_181780.4(BTLA):c.78G>A (p.Trp26Ter),chr3,BTLA,NM_181780.4,26,UGG,UGA,-12.12663460577367,normal
CBGE,nonsense,NM_182948.4(PRKACB):c.1049G>A (p.Trp350Ter),chr1,PRKACB,NM_182948.4,350,UGG,UAG,-14.058220820812805,normal
CBGE,nonsense,NM_182948.4(PRKACB):c.1050G>A (p.Trp350Ter),chr1,PRKACB,NM_182948.4,350,UGG,UGA,-14.217814380196227,normal
CBGE,nonsense,NM_182948.4(PRKACB):c.457C>T (p.Arg153Ter),chr1,PRKACB,NM_182948.4,153,CGA,UGA,-9.96759888586501,normal
CBGE,nonsense,NM_182948.4(PRKACB):c.673C>T (p.Gln225Ter),chr1,PRKACB,NM_182948.4,225,CAA,UAA,-9.730758733123116,normal
CBGE,nonsense,NM_198053.3(CD247):c.343C>T (p.Gln115Ter),chr1,CD247,NM_198053.3,115,CAG,UAG,-11.84151846217968,lof
CBGE,nonsense,NM_198053.3(CD247):c.427C>T (p.Gln143Ter),chr1,CD247,NM_198053.3,143,CAG,UAG,-11.620038925519196,normal
CBGE,nonsense,NM_198053.3(CD247):c.43C>T (p.Gln15Ter),chr1,CD247,NM_198053.3,15,CAG,UAG,-11.488292670452692,lof
CBGE,nonsense,NM_198057.3(TSC22D3):c.433C>T (p.Gln145Ter),chrX,TSC22D3,NM_198057.3,145,CAG,UAG,-13.443494730350626,normal
CBGE,nonsense,NM_198057.3(TSC22D3):c.439C>T (p.Arg147Ter),chrX,TSC22D3,NM_198057.3,147,CGA,UGA,-11.134116235436403,normal
CBGE,nonsense,NM_198390.3(CMIP):c.1579C>T (p.Gln527Ter),chr16,CMIP,NM_198390.3,527,CAG,UAG,-11.415910701056289,normal
CBGE,nonsense,NM_198390.3(CMIP):c.181C>T (p.Gln61Ter),chr16,CMIP,NM_198390.3,61,CAG,UAG,-10.85662086565613,normal
CBGE,nonsense,NM_198390.3(CMIP):c.2068C>T (p.Gln690Ter),chr16,CMIP,NM_198390.3,690,CAG,UAG,-11.728435556985522,normal
CBGE,nonsense,NM_198390.3(CMIP):c.2318G>A (p.Trp773Ter),chr16,CMIP,NM_198390.3,773,UGG,UAG,-12.5051040366449,normal
CBGE,nonsense,NM_198390.3(CMIP):c.2319G>A (p.Trp773Ter),chr16,CMIP,NM_198390.3,773,UGG,UGA,-12.24190893750315,normal
CBGE,nonsense,NM_198390.3(CMIP):c.524G>A (p.Trp175Ter),chr16,CMIP,NM_198390.3,175,UGG,UAG,-11.92848107363798,normal
CBGE,nonsense,NM_198390.3(CMIP):c.525G>A (p.Trp175Ter),chr16,CMIP,NM_198390.3,175,UGG,UGA,-11.465605819430674,normal
CBGE,nonsense,NM_198390.3(CMIP):c.583C>T (p.Gln195Ter),chr16,CMIP,NM_198390.3,195,CAG,UAG,-11.1439953082305,normal
CBGE,nonsense,NM_198390.3(CMIP):c.925C>T (p.Gln309Ter),chr16,CMIP,NM_198390.3,309,CAG,UAG,-11.335706726560776,normal
CBGE,nonsense,NM_198976.4(NELFCD):c.1624C>T (p.Gln542Ter),chr20,NELFCD,NM_198976.4,542,CAA,UAA,-11.01152798765883,normal
CBGE,nonsense,NM_198976.4(NELFCD):c.408G>A (p.Trp136Ter),chr20,NELFCD,NM_198976.4,136,UGG,UGA,-13.908431059630727,normal
CBGE,nonsense,NM_198976.4(NELFCD):c.58C>T (p.Gln20Ter),chr20,NELFCD,NM_198976.4,20,CAG,UAG,-11.388801659763072,normal
CBGE,nonsense,NM_198976.4(NELFCD):c.805C>T (p.Gln269Ter),chr20,NELFCD,NM_198976.4,269,CAG,UAG,-11.725656553569522,normal
CBGE,nonsense,NM_199421.2(SOCS4):c.1312C>T (p.Gln438Ter),chr14,SOCS4,NM_199421.2,438,CAG,UAG,-10.367679672641572,normal
CBGE,nonsense,NM_199421.2(SOCS4):c.1315C>T (p.Gln439Ter),chr14,SOCS4,NM_199421.2,439,CAA,UAA,-9.715206161809569,normal
CBGE,nonsense,NM_199421.2(SOCS4):c.253C>T (p.Arg85Ter),chr14,SOCS4,NM_199421.2,85,CGA,UGA,-10.087691347348263,normal
CBGE,nonsense,NM_199421.2(SOCS4):c.432G>A (p.Trp144Ter),chr14,SOCS4,NM_199421.2,144,UGG,UGA,-10.49234507458771,normal
CBGE,nonsense,NM_199421.2(SOCS4):c.502C>T (p.Gln168Ter),chr14,SOCS4,NM_199421.2,168,CAG,UAG,-10.258787113698748,normal
CBGE,nonsense,NM_199421.2(SOCS4):c.523C>T (p.Gln175Ter),chr14,SOCS4,NM_199421.2,175,CAG,UAG,-10.03352830281178,normal
CBGE,nonsense,NM_199421.2(SOCS4):c.532C>T (p.Arg178Ter),chr14,SOCS4,NM_199421.2,178,CGA,UGA,-10.469817158266274,normal
CBGE,nonsense,NM_199421.2(SOCS4):c.863G>A (p.Trp288Ter),chr14,SOCS4,NM_199421.2,288,UGG,UAG,-15.040118253627586,normal
CBGE,nonsense,NM_199421.2(SOCS4):c.864G>A (p.Trp288Ter),chr14,SOCS4,NM_199421.2,288,UGG,UGA,-14.364529570414604,normal
CBGE,nonsense,NM_199421.2(SOCS4):c.931C>T (p.Arg311Ter),chr14,SOCS4,NM_199421.2,311,CGA,UGA,-12.44341848436708,normal
CBGE,nonsense,NM_207037.2(TCF12):c.10C>T (p.Gln4Ter),chr15,TCF12,NM_207037.2,4,CAG,UAG,-11.668312029659296,normal
CBGE,nonsense,NM_207037.2(TCF12):c.1123C>T (p.Gln375Ter),chr15,TCF12,NM_207037.2,375,CAG,UAG,-10.793699231037136,normal
CBGE,nonsense,NM_207037.2(TCF12):c.1128G>A (p.Trp376Ter),chr15,TCF12,NM_207037.2,376,UGG,UGA,-12.005931864947522,normal
CBGE,nonsense,NM_207037.2(TCF12):c.133C>T (p.Gln45Ter),chr15,TCF12,NM_207037.2,45,CAA,UAA,-9.559879214410197,normal
CBGE,nonsense,NM_207037.2(TCF12):c.1453C>T (p.Arg485Ter),chr15,TCF12,NM_207037.2,485,CGA,UGA,-10.073502502777458,normal
CBGE,nonsense,NM_207037.2(TCF12):c.1567C>T (p.Gln523Ter),chr15,TCF12,NM_207037.2,523,CAA,UAA,-10.53820033734982,normal
CBGE,nonsense,NM_207037.2(TCF12):c.1591C>T (p.Gln531Ter),chr15,TCF12,NM_207037.2,531,CAA,UAA,-10.973381063381687,normal
CBGE,nonsense,NM_207037.2(TCF12):c.1708C>T (p.Gln570Ter),chr15,TCF12,NM_207037.2,570,CAA,UAA,-10.23511315792766,normal
CBGE,nonsense,NM_207037.2(TCF12):c.1966C>T (p.Gln656Ter),chr15,TCF12,NM_207037.2,656,CAG,UAG,-12.149104001440088,normal
CBGE,nonsense,NM_207037.2(TCF12):c.1969C>T (p.Gln657Ter),chr15,TCF12,NM_207037.2,657,CAA,UAA,-7.739130086334376,normal
CBGE,nonsense,NM_207037.2(TCF12):c.268C>T (p.Arg90Ter),chr15,TCF12,NM_207037.2,90,CGA,UGA,-9.798488519152786,normal
CBGE,nonsense,NM_207037.2(TCF12):c.433C>T (p.Gln145Ter),chr15,TCF12,NM_207037.2,145,CAG,UAG,-10.580915438590722,normal
CBGE,nonsense,NM_207037.2(TCF12):c.535C>T (p.Gln179Ter),chr15,TCF12,NM_207037.2,179,CAA,UAA,-10.449557350491228,normal
CBGE,nonsense,NM_207037.2(TCF12):c.713G>A (p.Trp238Ter),chr15,TCF12,NM_207037.2,238,UGG,UAG,-12.100741366790478,normal
CBGE,nonsense,NM_207037.2(TCF12):c.714G>A (p.Trp238Ter),chr15,TCF12,NM_207037.2,238,UGG,UGA,-11.633604960568714,normal
CBGE,nonsense,NM_207037.2(TCF12):c.784C>T (p.Gln262Ter),chr15,TCF12,NM_207037.2,262,CAA,UAA,-10.084442193869432,normal
CBGE,nonsense,NM_212481.3(ARID5A):c.100C>T (p.Gln34Ter),chr2,ARID5A,NM_212481.3,34,CAG,UAG,-10.637374816552104,normal
CBGE,nonsense,NM_212481.3(ARID5A):c.1156C>T (p.Gln386Ter),chr2,ARID5A,NM_212481.3,386,CAG,UAG,-11.292457612304483,normal
CBGE,nonsense,NM_212481.3(ARID5A):c.1250G>A (p.Trp417Ter),chr2,ARID5A,NM_212481.3,417,UGG,UAG,-11.685585935274077,normal
CBGE,nonsense,NM_212481.3(ARID5A):c.1251G>A (p.Trp417Ter),chr2,ARID5A,NM_212481.3,417,UGG,UGA,-11.356600763492096,normal
CBGE,nonsense,NM_212481.3(ARID5A):c.157C>T (p.Gln53Ter),chr2,ARID5A,NM_212481.3,53,CAG,UAG,-10.404239724317412,normal
CBGE,nonsense,NM_212481.3(ARID5A):c.1721G>A (p.Trp574Ter),chr2,ARID5A,NM_212481.3,574,UGG,UAG,-12.92908473271512,normal
CBGE,nonsense,NM_212481.3(ARID5A):c.1722G>A (p.Trp574Ter),chr2,ARID5A,NM_212481.3,574,UGG,UGA,-12.517942470544828,normal
CBGE,nonsense,NM_212481.3(ARID5A):c.175C>T (p.Gln59Ter),chr2,ARID5A,NM_212481.3,59,CAG,UAG,-11.018917075457564,normal
CBGE,nonsense,NM_212481.3(ARID5A):c.256C>T (p.Gln86Ter),chr2,ARID5A,NM_212481.3,86,CAG,UAG,-10.935688018232446,normal
CBGE,nonsense,NM_212481.3(ARID5A):c.31C>T (p.Gln11Ter),chr2,ARID5A,NM_212481.3,11,CAG,UAG,-10.461086292961545,normal
CBGE,nonsense,NM_212481.3(ARID5A):c.484C>T (p.Gln162Ter),chr2,ARID5A,NM_212481.3,162,CAG,UAG,-11.052593254982312,normal
CBGE,nonsense,NM_212481.3(ARID5A):c.568C>T (p.Gln190Ter),chr2,ARID5A,NM_212481.3,190,CAG,UAG,-10.979257682818364,normal
CBGE,nonsense,NM_212481.3(ARID5A):c.625C>T (p.Gln209Ter),chr2,ARID5A,NM_212481.3,209,CAG,UAG,-11.178920755485652,normal
CBGE,nonsense,NM_212481.3(ARID5A):c.796C>T (p.Gln266Ter),chr2,ARID5A,NM_212481.3,266,CAG,UAG,-11.244296943729722,normal
CBGE,nonsense,NM_212481.3(ARID5A):c.820C>T (p.Gln274Ter),chr2,ARID5A,NM_212481.3,274,CAG,UAG,-10.772005079997736,normal
CBGE,nonsense,NM_212481.3(ARID5A):c.826C>T (p.Gln276Ter),chr2,ARID5A,NM_212481.3,276,CAG,UAG,-10.66322031003165,normal
CBGE,nonsense,NM_212481.3(ARID5A):c.895C>T (p.Gln299Ter),chr2,ARID5A,NM_212481.3,299,CAG,UAG,-11.257110572444743,normal
CBGE,nonsense,NM_212481.3(ARID5A):c.988C>T (p.Gln330Ter),chr2,ARID5A,NM_212481.3,330,CAG,UAG,-10.1147289363242,normal
