gene,model,fold,raw_calm_weight,training_sd_plm,training_sd_calm,standardized_equivalent_calm_weight
AARS1,ESM-2 650M + CaLM,1,0.0,3.7219338834046525,3.3044617830441174,0.0
AARS1,ESM-2 650M + CaLM,2,0.02,3.075867390684658,3.164072459897873,0.020561736959422917
AARS1,ESM-2 650M + CaLM,3,0.0,3.320855241168701,3.0799346008410717,0.0
AARS1,ESM-2 650M + CaLM,4,0.02,3.4569499435805837,2.950196105243576,0.017118390277634316
AARS1,ESM-2 650M + CaLM,5,0.02,3.5079439338506573,3.2961090273711013,0.018814979709300732
AARS1,ESM-1b 650M + CaLM,1,0.28,3.80775206887918,3.0646942684663068,0.23838524771014818
AARS1,ESM-1b 650M + CaLM,2,0.0,3.862035887266046,3.3246762410572956,0.0
AARS1,ESM-1b 650M + CaLM,3,0.0,4.11200495996267,3.1634622984825302,0.0
AARS1,ESM-1b 650M + CaLM,4,0.28,3.5645945478378582,2.8721384809362727,0.23858460870769307
AARS1,ESM-1b 650M + CaLM,5,0.18,3.8601498804801064,3.3105206692954865,0.15843110894324341
AARS2,ESM-2 650M + CaLM,1,0.0,4.141579187958255,2.4426107623327917,0.0
AARS2,ESM-2 650M + CaLM,2,0.1,3.4901220153554653,2.4533719332362462,0.07244678354809565
AARS2,ESM-2 650M + CaLM,3,0.1,3.9128017688132424,2.6101709261800865,0.06900579594444156
AARS2,ESM-2 650M + CaLM,4,0.0,4.303510236465238,2.839032729453271,0.0
AARS2,ESM-2 650M + CaLM,5,0.1,4.190253041597184,2.814719240337822,0.0694529443446593
AARS2,ESM-1b 650M + CaLM,1,0.15,5.023313573467097,2.659613823681952,0.08544928251642918
AARS2,ESM-1b 650M + CaLM,2,0.15,4.524718778137707,2.5276776078421057,0.0897365798285718
AARS2,ESM-1b 650M + CaLM,3,0.0,4.892873124302426,2.480306991892578,0.0
AARS2,ESM-1b 650M + CaLM,4,0.15,5.251428013438909,2.6553321601208357,0.08192075421482894
AARS2,ESM-1b 650M + CaLM,5,0.05,4.5480126220306,2.8937161748475466,0.032402275331563146
ABCB7,ESM-2 650M + CaLM,1,0.4,1.9093281436563176,2.207818233804407,0.43531166156139856
ABCB7,ESM-2 650M + CaLM,2,0.2,2.003824780456975,2.3176052709349517,0.22429369157409396
ABCB7,ESM-2 650M + CaLM,3,0.4,2.040594246742699,2.4625902579050827,0.4458402188599718
ABCB7,ESM-2 650M + CaLM,4,0.25,1.5079784505380776,1.8875336430605965,0.29439955876388463
ABCB7,ESM-2 650M + CaLM,5,0.4,1.8592791018839736,2.420256701588118,0.46461417343865663
ABCB7,ESM-1b 650M + CaLM,1,0.56,3.463597483230071,2.0586531076043535,0.4306759596404323
ABCB7,ESM-1b 650M + CaLM,2,0.0,3.9584767311070466,2.3043884265820935,0.0
ABCB7,ESM-1b 650M + CaLM,3,0.56,3.720959828353664,2.238695249993597,0.43366181977814666
ABCB7,ESM-1b 650M + CaLM,4,0.56,3.2000568742328324,2.2571733968011984,0.4730528345706877
ABCB7,ESM-1b 650M + CaLM,5,0.56,3.9342632640752426,2.4375393659263307,0.44088465459901643
ABCD1,ESM-2 650M + CaLM,1,0.5,3.412066554981298,2.7456759733739946,0.4458900255622336
ABCD1,ESM-2 650M + CaLM,2,0.5,3.4580374785369723,2.7677317897170464,0.44456061098024613
ABCD1,ESM-2 650M + CaLM,3,0.5,3.421548126868842,2.767453716953212,0.44715671230825726
ABCD1,ESM-2 650M + CaLM,4,0.41,3.405462966871403,2.7504188155907756,0.3594866143043193
ABCD1,ESM-2 650M + CaLM,5,0.38,3.469824440515559,2.8398414056456556,0.33405442549460923
ABCD1,ESM-1b 650M + CaLM,1,0.18,4.253869541129301,2.7120122797361392,0.12276686486813046
ABCD1,ESM-1b 650M + CaLM,2,0.18,4.390174230179709,2.861744645641213,0.1251778646351617
ABCD1,ESM-1b 650M + CaLM,3,0.21,4.379714567562826,2.773770471576137,0.14409317350744255
ABCD1,ESM-1b 650M + CaLM,4,0.13,4.309340818816741,2.8062212855548365,0.08867635058350137
ABCD1,ESM-1b 650M + CaLM,5,0.13,4.251190401255494,2.7199939845868286,0.08726245043525574
ACAD9,ESM-2 650M + CaLM,1,0.0,3.3625398449033526,3.5667427571562285,0.0
ACAD9,ESM-2 650M + CaLM,2,0.39,3.824592437262851,3.547256617829081,0.37224689678337713
ACAD9,ESM-2 650M + CaLM,3,0.0,3.5126817880407812,3.093207271688292,0.0
ACAD9,ESM-2 650M + CaLM,4,0.39,3.749733939510374,3.4796907530898245,0.37237214008634034
ACAD9,ESM-2 650M + CaLM,5,0.45,3.6896046094060897,3.4735705943758695,0.43511619587536093
ACAD9,ESM-1b 650M + CaLM,1,0.67,3.913316562018771,3.538118736681226,0.6473463315420905
ACAD9,ESM-1b 650M + CaLM,2,0.36,3.8249057540279736,3.7040116148388016,0.35263391110991016
ACAD9,ESM-1b 650M + CaLM,3,0.67,3.355145365761731,3.2311156107384784,0.6616190103642566
ACAD9,ESM-1b 650M + CaLM,4,0.2,3.5459940692514995,3.42309010131236,0.19441569809310266
ACAD9,ESM-1b 650M + CaLM,5,0.36,3.703762743039364,3.2927046747145807,0.3333651322704557
ACADS,ESM-2 650M + CaLM,1,0.0,3.7381157727416867,3.6298236535779917,0.0
ACADS,ESM-2 650M + CaLM,2,0.0,3.840391537541472,3.3372745767881744,0.0
ACADS,ESM-2 650M + CaLM,3,0.47,3.388646699363438,3.2766755471163673,0.46163913529617534
ACADS,ESM-2 650M + CaLM,4,0.0,3.4180108737188806,3.1128887484003345,0.0
ACADS,ESM-2 650M + CaLM,5,0.0,3.384462508917968,3.177458895857965,0.0
ACADS,ESM-1b 650M + CaLM,1,0.19,3.0712143898300783,3.420227378242081,0.20711956625519015
ACADS,ESM-1b 650M + CaLM,2,0.19,2.3740120851682756,3.1712471890091867,0.2385825087948518
ACADS,ESM-1b 650M + CaLM,3,0.0,3.1595669508356554,3.3034185601367123,0.0
ACADS,ESM-1b 650M + CaLM,4,0.0,2.613215549237544,3.3127285497204513,0.0
ACADS,ESM-1b 650M + CaLM,5,0.19,2.9408349071151796,3.2683477808119297,0.20678427729267884
ACADVL,ESM-2 650M + CaLM,1,0.4,2.9968498595972135,2.6986910410701217,0.3751325909335507
ACADVL,ESM-2 650M + CaLM,2,0.26,3.115593361237187,2.687005048144308,0.23255126875260965
ACADVL,ESM-2 650M + CaLM,3,0.42,3.0054847914244,2.5091766670716256,0.37677542730007285
ACADVL,ESM-2 650M + CaLM,4,0.0,3.086636207090457,2.663603742699992,0.0
ACADVL,ESM-2 650M + CaLM,5,0.29,2.945648069490047,2.6667729065128998,0.26995639774705044
ACADVL,ESM-1b 650M + CaLM,1,0.0,3.266325410903877,2.646290769318165,0.0
ACADVL,ESM-1b 650M + CaLM,2,0.33,3.345581766613291,2.625813848358387,0.2787973941858639
ACADVL,ESM-1b 650M + CaLM,3,0.23,3.3247239742882444,2.6665442964561263,0.1932678743332926
ACADVL,ESM-1b 650M + CaLM,4,0.18,3.3463590353279233,2.58488552277201,0.14497874692999047
ACADVL,ESM-1b 650M + CaLM,5,0.08,3.1138289379836612,2.7044098411052886,0.07021989353776782
ACTN4,ESM-2 650M + CaLM,1,0.11,3.6345159991792357,3.6385130075348857,0.1101076511389773
ACTN4,ESM-2 650M + CaLM,2,0.8200000000000001,3.5645879637572784,3.441072861356727,0.8147360033083096
ACTN4,ESM-2 650M + CaLM,3,0.8200000000000001,3.7364941789683117,3.983478591325635,0.8292548111799464
ACTN4,ESM-2 650M + CaLM,4,0.8200000000000001,3.5696253928406483,3.6593172262057685,0.823633787280658
ACTN4,ESM-2 650M + CaLM,5,0.25,3.943744939092977,3.649920731431499,0.2357653936069091
ACTN4,ESM-1b 650M + CaLM,1,0.71,3.0524233039278235,3.3207928820262445,0.7270391244211657
ACTN4,ESM-1b 650M + CaLM,2,0.71,3.2459050117617854,3.558436603379511,0.7285564938585416
ACTN4,ESM-1b 650M + CaLM,3,0.0,3.4650329934152477,3.8331146465739065,0.0
ACTN4,ESM-1b 650M + CaLM,4,0.14,3.5576712807031985,3.758381237692363,0.1467392705819484
ACTN4,ESM-1b 650M + CaLM,5,0.71,3.423002677477708,3.926109831604035,0.7374031858281176
ACVRL1,ESM-2 650M + CaLM,1,0.17,2.875681905134955,2.5760751822931676,0.15503424121893392
ACVRL1,ESM-2 650M + CaLM,2,0.17,2.970121893648324,2.583241434749641,0.15120447222044017
ACVRL1,ESM-2 650M + CaLM,3,0.43,2.9773325614524238,2.536142906141355,0.3912086491880774
ACVRL1,ESM-2 650M + CaLM,4,0.3,2.857594597345426,2.5119957645945674,0.27364633394250865
ACVRL1,ESM-2 650M + CaLM,5,0.3,2.9249135222258897,2.555818523981736,0.2724574080934248
ACVRL1,ESM-1b 650M + CaLM,1,0.0,2.972389977663537,2.5738268019553407,0.0
ACVRL1,ESM-1b 650M + CaLM,2,0.27,2.8195231901803424,2.533441781286353,0.24943805125020338
ACVRL1,ESM-1b 650M + CaLM,3,0.0,2.746849698793045,2.5665748576074945,0.0
ACVRL1,ESM-1b 650M + CaLM,4,0.02,2.809856046934617,2.5667441841433236,0.01830124669285634
ACVRL1,ESM-1b 650M + CaLM,5,0.02,2.899175551927678,2.509527341528943,0.01735866676507926
ADA,ESM-2 650M + CaLM,1,0.0,3.229166760219079,2.602007798152937,0.0
ADA,ESM-2 650M + CaLM,2,0.0,3.1057387229476734,2.5885977643636138,0.0
ADA,ESM-2 650M + CaLM,3,0.0,3.1839474710988354,2.6476125476601964,0.0
ADA,ESM-2 650M + CaLM,4,0.0,3.3337576542287053,2.673165343858316,0.0
ADA,ESM-2 650M + CaLM,5,0.0,3.252217185343116,2.49643307065026,0.0
ADA,ESM-1b 650M + CaLM,1,0.0,4.2433854910059745,2.4124428850029496,0.0
ADA,ESM-1b 650M + CaLM,2,0.0,4.737143551218845,2.556086849135027,0.0
ADA,ESM-1b 650M + CaLM,3,0.0,4.450097874634648,2.589738241003609,0.0
ADA,ESM-1b 650M + CaLM,4,0.0,4.041348103508833,2.7559872048600846,0.0
ADA,ESM-1b 650M + CaLM,5,0.0,4.272702991595776,2.678252363225776,0.0
ADAMTSL2,ESM-2 650M + CaLM,1,0.0,5.143194659922241,1.3717331986077534,0.0
ADAMTSL2,ESM-2 650M + CaLM,2,0.0,4.1934502294593585,2.0253665966390297,0.0
ADAMTSL2,ESM-2 650M + CaLM,3,0.0,4.7313334281711255,2.0273669806345764,0.0
ADAMTSL2,ESM-2 650M + CaLM,4,0.0,4.6773677240005345,2.091478598134693,0.0
ADAMTSL2,ESM-2 650M + CaLM,5,0.0,4.787331954798863,2.0248412567316696,0.0
ADAMTSL2,ESM-1b 650M + CaLM,1,0.0,4.202773221481765,1.839282705264204,0.0
ADAMTSL2,ESM-1b 650M + CaLM,2,0.0,4.366960120700153,2.0248412567316696,0.0
ADAMTSL2,ESM-1b 650M + CaLM,3,0.0,4.570847790320335,1.6454819166866665,0.0
ADAMTSL2,ESM-1b 650M + CaLM,4,0.0,4.660381712809002,2.0273669806345764,0.0
ADAMTSL2,ESM-1b 650M + CaLM,5,0.0,4.8570263183428475,2.091478598134693,0.0
ADGRG1,ESM-2 650M + CaLM,1,0.79,2.4147839749191906,2.3650078898159252,0.7865236840433957
ADGRG1,ESM-2 650M + CaLM,2,0.79,2.0941475835504275,2.148947497112035,0.7942533627711788
ADGRG1,ESM-2 650M + CaLM,3,0.6,1.8138280400972393,1.4083874604554827,0.5380440668593529
ADGRG1,ESM-2 650M + CaLM,4,0.96,2.351092919893371,2.0351609749121082,0.954075692431509
ADGRG1,ESM-2 650M + CaLM,5,0.79,2.4303454763956576,2.2939550341166877,0.7802578130811811
ADGRG1,ESM-1b 650M + CaLM,1,0.93,2.6588384295639442,2.1759129704241897,0.9157726411649093
ADGRG1,ESM-1b 650M + CaLM,2,0.93,2.596750605194137,2.2245708379814575,0.9192345815776718
ADGRG1,ESM-1b 650M + CaLM,3,0.22,2.6243229649955833,1.8526207674519364,0.16604950845557434
ADGRG1,ESM-1b 650M + CaLM,4,0.0,2.1569025513979523,2.135596515360606,0.0
ADGRG1,ESM-1b 650M + CaLM,5,0.87,2.4296630502432035,1.9584913504174835,0.8436157018313679
AFG3L2,ESM-2 650M + CaLM,1,0.97,3.888049772620867,2.874836792857587,0.9598512457136843
AFG3L2,ESM-2 650M + CaLM,2,0.6,3.7702225313795563,2.691310234011684,0.5170831561668572
AFG3L2,ESM-2 650M + CaLM,3,0.84,3.5726407266077143,2.8049287851309104,0.8047579070927929
AFG3L2,ESM-2 650M + CaLM,4,0.7000000000000001,3.8837431260053994,2.9117783876663816,0.636281873574736
AFG3L2,ESM-2 650M + CaLM,5,0.84,3.2755297195743447,2.3181715880654834,0.78793574737993
AFG3L2,ESM-1b 650M + CaLM,1,0.25,4.705122100503669,2.4908301427399673,0.14999401886530658
AFG3L2,ESM-1b 650M + CaLM,2,0.5,4.138740560973236,2.4706100453790563,0.3738052635616782
AFG3L2,ESM-1b 650M + CaLM,3,0.5,5.101751696331739,2.9048582245053716,0.362807511946537
AFG3L2,ESM-1b 650M + CaLM,4,0.5,5.322468751307021,2.8793629814037893,0.3510634057414542
AFG3L2,ESM-1b 650M + CaLM,5,0.56,5.112810554935742,2.8360273659867135,0.4138231204992959
AIFM1,ESM-2 650M + CaLM,1,0.02,2.858793373786399,2.2404657246644017,0.0157423033558375
AIFM1,ESM-2 650M + CaLM,2,0.0,2.8007340195112773,2.593540859832306,0.0
AIFM1,ESM-2 650M + CaLM,3,0.27,2.623496245084679,2.4135078565992227,0.25387536178719133
AIFM1,ESM-2 650M + CaLM,4,0.0,2.7448117095991655,2.2948311082131996,0.0
AIFM1,ESM-2 650M + CaLM,5,0.2,2.8384875528140054,2.5992966764076373,0.18628615241558769
AIFM1,ESM-1b 650M + CaLM,1,0.64,4.540400005888069,2.2639843853294073,0.46990524466994293
AIFM1,ESM-1b 650M + CaLM,2,0.51,4.630322094167298,2.6256104348995364,0.37114504701776585
AIFM1,ESM-1b 650M + CaLM,3,0.56,4.757268209462674,2.484241574261348,0.3992612628738045
AIFM1,ESM-1b 650M + CaLM,4,0.9,4.078314206600738,2.202349921438069,0.8293554076358801
AIFM1,ESM-1b 650M + CaLM,5,0.56,4.500984873570843,2.5746885339855936,0.42130815093271123
AIRE,ESM-2 650M + CaLM,1,0.0,2.99248837956968,1.9613115852952334,0.0
AIRE,ESM-2 650M + CaLM,2,0.0,2.668725624720164,1.9540820745016823,0.0
AIRE,ESM-2 650M + CaLM,3,0.0,2.7588338458867057,2.167531709870129,0.0
AIRE,ESM-2 650M + CaLM,4,0.0,2.854793567390436,2.0426762996496715,0.0
AIRE,ESM-2 650M + CaLM,5,0.0,3.081185273500161,2.124692438812176,0.0
AIRE,ESM-1b 650M + CaLM,1,0.36,3.2269566616813674,2.0750396586225666,0.26562712542531874
AIRE,ESM-1b 650M + CaLM,2,0.56,3.7868735791941717,1.9692855967996494,0.39826300209869364
AIRE,ESM-1b 650M + CaLM,3,0.41,3.6533844253088605,2.033931315981217,0.27895545141248507
AIRE,ESM-1b 650M + CaLM,4,0.5,3.632520118668254,2.2219320783202705,0.37952860550526174
AIRE,ESM-1b 650M + CaLM,5,0.0,3.586983768838211,1.968096135434635,0.0
AK2,ESM-2 650M + CaLM,1,0.0,5.641307775563082,4.455566468741298,0.0
AK2,ESM-2 650M + CaLM,2,0.0,5.798944741694501,4.413379128750158,0.0
AK2,ESM-2 650M + CaLM,3,0.0,5.202626386416968,3.89472551253973,0.0
AK2,ESM-2 650M + CaLM,4,0.0,5.676487492333549,4.677586266142304,0.0
AK2,ESM-2 650M + CaLM,5,0.0,6.013046978524268,3.9757402304404468,0.0
AK2,ESM-1b 650M + CaLM,1,0.46,5.846731688817319,4.677586266142304,0.4052966967436545
AK2,ESM-1b 650M + CaLM,2,0.46,5.372058443002633,3.89472551253973,0.38179634525039235
AK2,ESM-1b 650M + CaLM,3,0.46,5.464968192660047,3.9800414402984448,0.38286420465416293
AK2,ESM-1b 650M + CaLM,4,0.46,5.532581262172043,4.307022564355058,0.3987322302951254
AK2,ESM-1b 650M + CaLM,5,0.0,6.30652398261197,4.581960964020028,0.0
ALAS2,ESM-2 650M + CaLM,1,0.72,3.8580580112876017,3.530887506715312,0.7017922262953222
ALAS2,ESM-2 650M + CaLM,2,0.72,3.4864154839527255,3.400959586314964,0.7149697879759755
ALAS2,ESM-2 650M + CaLM,3,0.34,3.704486396934719,3.6036679108188694,0.3338358622737083
ALAS2,ESM-2 650M + CaLM,4,0.45,3.6404423787999165,3.6446065945217514,0.45028296372777415
ALAS2,ESM-2 650M + CaLM,5,0.71,3.01925079455964,3.5200090189789695,0.740551869855308
ALAS2,ESM-1b 650M + CaLM,1,0.0,4.310599195827519,3.8080954461729712,0.0
ALAS2,ESM-1b 650M + CaLM,2,0.61,4.240836299062349,3.4196903956444262,0.557766340754223
ALAS2,ESM-1b 650M + CaLM,3,0.0,4.267848252685527,3.110525447839171,0.0
ALAS2,ESM-1b 650M + CaLM,4,0.19,4.602240631928283,3.7420450570358144,0.16017572420356252
ALAS2,ESM-1b 650M + CaLM,5,0.0,3.6311470767992997,3.6533362191815906,0.0
ALDH18A1,ESM-2 650M + CaLM,1,0.37,2.277390869421099,2.2101261995872044,0.3630391236127466
ALDH18A1,ESM-2 650M + CaLM,2,0.44,2.980679013278087,2.818669976498645,0.4262792690049023
ALDH18A1,ESM-2 650M + CaLM,3,0.15,2.5594898590737234,2.5307000567621643,0.14856342325570865
ALDH18A1,ESM-2 650M + CaLM,4,0.37,3.023547132232296,2.8817535215955856,0.3588754083550278
ALDH18A1,ESM-2 650M + CaLM,5,0.15,2.9415802966497386,2.5282808250243156,0.13170025342080258
ALDH18A1,ESM-1b 650M + CaLM,1,0.0,3.8880971823579262,2.7258531207138073,0.0
ALDH18A1,ESM-1b 650M + CaLM,2,0.0,3.8336978391508847,2.6398640237774504,0.0
ALDH18A1,ESM-1b 650M + CaLM,3,0.0,3.449655056141328,2.2009719354309327,0.0
ALDH18A1,ESM-1b 650M + CaLM,4,0.0,3.277313601218302,2.613040602127913,0.0
ALDH18A1,ESM-1b 650M + CaLM,5,0.0,4.097907121267564,2.9014152437564533,0.0
ALDH3A2,ESM-2 650M + CaLM,1,0.19,3.8463268879105907,2.839521686321191,0.14760714543818568
ALDH3A2,ESM-2 650M + CaLM,2,0.19,3.5683728463541446,2.928410492783121,0.1614254445487858
ALDH3A2,ESM-2 650M + CaLM,3,0.19,4.060655008444517,3.226026877616834,0.15708180968067278
ALDH3A2,ESM-2 650M + CaLM,4,0.19,4.366867370304809,3.2639587674502093,0.14917132938740715
ALDH3A2,ESM-2 650M + CaLM,5,0.02,4.197819550589253,3.254532093991609,0.015575822316373425
ALDH3A2,ESM-1b 650M + CaLM,1,0.0,4.269237925173561,3.2311928276786257,0.0
ALDH3A2,ESM-1b 650M + CaLM,2,0.0,4.19565687754487,3.0959231567232335,0.0
ALDH3A2,ESM-1b 650M + CaLM,3,0.04,4.121619499606291,3.2264757882429493,0.031587105871709716
ALDH3A2,ESM-1b 650M + CaLM,4,0.04,3.9576751303130218,3.166629511169805,0.03226288994232945
ALDH3A2,ESM-1b 650M + CaLM,5,0.04,3.6951659136550474,2.8768400040613105,0.03141998884855692
ALDH5A1,ESM-2 650M + CaLM,1,0.59,3.0890190646752678,2.7164436965611496,0.5585884587375123
ALDH5A1,ESM-2 650M + CaLM,2,0.32,3.2943296985249657,2.566853485932981,0.26829433457585594
ALDH5A1,ESM-2 650M + CaLM,3,0.32,3.4465322247995402,2.7329348748495716,0.2717495194223918
ALDH5A1,ESM-2 650M + CaLM,4,0.32,3.10180122334434,2.6149231789217273,0.28403779582242744
ALDH5A1,ESM-2 650M + CaLM,5,0.28,3.3208645210911083,2.7372138572150213,0.24273440292940465
ALDH5A1,ESM-1b 650M + CaLM,1,0.0,3.1044554081084224,2.7763154926809004,0.0
ALDH5A1,ESM-1b 650M + CaLM,2,0.01,3.3435928832631556,2.6983969846251927,0.008085954551679559
ALDH5A1,ESM-1b 650M + CaLM,3,0.01,3.254087958178666,2.5907915057495314,0.007977913507075591
ALDH5A1,ESM-1b 650M + CaLM,4,0.01,2.989068468032376,2.533283631360929,0.008488103927888584
ALDH5A1,ESM-1b 650M + CaLM,5,0.0,3.4137384240095745,2.756965571067889,0.0
ALG1,ESM-2 650M + CaLM,1,0.26,3.5010035797459476,3.0238646829245157,0.23281523486605415
ALG1,ESM-2 650M + CaLM,2,0.47,3.5245441428516266,2.883678896089294,0.4204738383387181
ALG1,ESM-2 650M + CaLM,3,0.32,3.393933612319508,3.0359472906095872,0.2962461589190003
ALG1,ESM-2 650M + CaLM,4,0.47,3.312363915079362,2.7908717520642536,0.4276483285545263
ALG1,ESM-2 650M + CaLM,5,0.47,3.2608768312208953,2.4185547365705764,0.396763176400601
ALG1,ESM-1b 650M + CaLM,1,0.46,4.561088920992989,2.9271648262194643,0.3534588614978736
ALG1,ESM-1b 650M + CaLM,2,0.35,4.469716357171426,2.8810529131029554,0.25765199246745485
ALG1,ESM-1b 650M + CaLM,3,0.56,4.486899609596501,2.7913383615337515,0.44189403900640145
ALG1,ESM-1b 650M + CaLM,4,0.56,3.958713546418541,2.909695766705301,0.48332905035815465
ALG1,ESM-1b 650M + CaLM,5,0.56,3.876465966481607,2.6997625324069365,0.46988698029871767
ALOXE3,ESM-2 650M + CaLM,1,0.49,3.4541567206883492,1.3324419743354168,0.2704046830009346
ALOXE3,ESM-2 650M + CaLM,2,0.4,2.5480826962082093,1.31804072986202,0.2564199374471876
ALOXE3,ESM-2 650M + CaLM,3,0.49,3.451683473577979,1.0838591354718352,0.231770748287491
ALOXE3,ESM-2 650M + CaLM,4,0.49,3.4005431923497835,1.2696825517395,0.26402087064721147
ALOXE3,ESM-2 650M + CaLM,5,0.38,3.187615544069413,1.0694356809812928,0.17055623092873315
ALOXE3,ESM-1b 650M + CaLM,1,0.0,3.1047148286780604,1.1072485578364215,0.0
ALOXE3,ESM-1b 650M + CaLM,2,0.38,2.9513545804794328,1.3657870987132867,0.22095984924522377
ALOXE3,ESM-1b 650M + CaLM,3,0.38,3.409540240441223,1.3480192376686144,0.1950554686721906
ALOXE3,ESM-1b 650M + CaLM,4,0.38,2.9321146100599367,1.039236242802612,0.17846441375706687
ALOXE3,ESM-1b 650M + CaLM,5,0.38,3.2157666635872832,1.2588804863819505,0.19350549158884772
AMHR2,ESM-2 650M + CaLM,1,0.0,2.4218610195439885,2.142261993220665,0.0
AMHR2,ESM-2 650M + CaLM,2,0.0,2.7017283234948097,2.289098675056679,0.0
AMHR2,ESM-2 650M + CaLM,3,0.0,2.589805188978937,1.5647479321753428,0.0
AMHR2,ESM-2 650M + CaLM,4,0.0,1.9324493085125842,2.1923983376877207,0.0
AMHR2,ESM-2 650M + CaLM,5,0.34,2.621938249316717,2.169247638280072,0.2988400290670504
AMHR2,ESM-1b 650M + CaLM,1,0.0,3.235760784332716,2.12451683882019,0.0
AMHR2,ESM-1b 650M + CaLM,2,0.0,2.936235131179424,1.546146305386819,0.0
AMHR2,ESM-1b 650M + CaLM,3,0.0,3.1653765670414287,2.2250310100013437,0.0
AMHR2,ESM-1b 650M + CaLM,4,0.0,2.743060428200752,2.1467613140425277,0.0
AMHR2,ESM-1b 650M + CaLM,5,0.08,2.3711218409775046,2.2229726783881087,0.07537832516332992
ANO3,ESM-2 650M + CaLM,1,0.0,3.399735034605954,1.914700940240375,0.0
ANO3,ESM-2 650M + CaLM,2,0.0,3.373564563472407,1.6969360645078169,0.0
ANO3,ESM-2 650M + CaLM,3,0.0,3.7097833710606207,2.043788239230854,0.0
ANO3,ESM-2 650M + CaLM,4,0.0,3.365381587678972,1.8664857182876216,0.0
ANO3,ESM-2 650M + CaLM,5,0.0,3.4876215554335945,2.0314078709501873,0.0
ANO3,ESM-1b 650M + CaLM,1,0.0,3.965022380045417,1.662231123459315,0.0
ANO3,ESM-1b 650M + CaLM,2,0.0,4.146338172839741,2.0065719218345834,0.0
ANO3,ESM-1b 650M + CaLM,3,0.0,4.003373868064595,1.952153720920408,0.0
ANO3,ESM-1b 650M + CaLM,4,0.0,3.9656049984237423,1.9207794482585276,0.0
ANO3,ESM-1b 650M + CaLM,5,0.0,4.020632208133533,2.0099089789370934,0.0
ANOS1,ESM-2 650M + CaLM,1,0.03,3.051227376627174,2.878452374786576,0.028349415719325224
ANOS1,ESM-2 650M + CaLM,2,0.06,3.5234937666963972,2.9801476573663614,0.0512215239581921
ANOS1,ESM-2 650M + CaLM,3,0.08,3.326708556975092,2.3107302377757653,0.05695960240147017
ANOS1,ESM-2 650M + CaLM,4,0.08,3.567185536267902,2.6946356426991613,0.061637784912982704
ANOS1,ESM-2 650M + CaLM,5,0.08,3.249882105234569,2.984300324711061,0.07394579578079644
ANOS1,ESM-1b 650M + CaLM,1,0.28,4.246703988218098,3.0206524972221303,0.21667792833279917
ANOS1,ESM-1b 650M + CaLM,2,0.38,4.657978886297039,3.153480014195191,0.29325585590385544
ANOS1,ESM-1b 650M + CaLM,3,0.38,4.612856920337519,2.641241961540398,0.25977345320988915
ANOS1,ESM-1b 650M + CaLM,4,0.38,4.5254227944101,2.298305471746383,0.23738190212617263
ANOS1,ESM-1b 650M + CaLM,5,0.38,3.8868001363976186,2.8123863824370603,0.30723006661441754
APP,ESM-2 650M + CaLM,1,0.07,2.4375989880002877,1.1599253844813517,0.034578015738691244
APP,ESM-2 650M + CaLM,2,0.09,2.5464341415096388,1.2156990389272153,0.04508771463691325
APP,ESM-2 650M + CaLM,3,1.0,2.6269019359882217,1.125288839315733,1.0
APP,ESM-2 650M + CaLM,4,0.84,2.625006814755096,1.013712967719294,0.6696858123386008
APP,ESM-2 650M + CaLM,5,0.97,2.6865003006559975,1.1948485434180802,0.9349829519172732
APP,ESM-1b 650M + CaLM,1,0.25,3.1759300482308195,1.1749854294152844,0.10978324466205013
APP,ESM-1b 650M + CaLM,2,0.0,4.391975801869429,1.1799670306855086,0.0
APP,ESM-1b 650M + CaLM,3,0.25,4.066646479155626,1.1022188837762446,0.08286015375535234
APP,ESM-1b 650M + CaLM,4,0.15,4.128009362963266,1.1589407669174168,0.04720545226149707
APP,ESM-1b 650M + CaLM,5,0.15,4.167228611814836,1.1174169042046158,0.04518154212030468
AR,ESM-2 650M + CaLM,1,0.85,2.627977147747167,2.4943321655279584,0.8432230837819263
AR,ESM-2 650M + CaLM,2,0.85,2.608465517816501,2.493669336922235,0.8441707839576399
AR,ESM-2 650M + CaLM,3,0.85,2.5548296825425423,2.525895669221802,0.8485419988364895
AR,ESM-2 650M + CaLM,4,0.9,2.634151361404636,2.6067257541850566,0.899054096715541
AR,ESM-2 650M + CaLM,5,0.0,2.541687549292859,2.5956168035237885,0.0
AR,ESM-1b 650M + CaLM,1,0.0,4.291442496023994,2.4508395900973183,0.0
AR,ESM-1b 650M + CaLM,2,0.0,4.280452775899219,2.5652394803038763,0.0
AR,ESM-1b 650M + CaLM,3,0.0,4.402172921742892,2.6496486361105434,0.0
AR,ESM-1b 650M + CaLM,4,0.0,4.3570447785259105,2.464308493945083,0.0
AR,ESM-1b 650M + CaLM,5,0.01,4.302283516133287,2.5878861710775687,0.0060392109645451865
ARSA,ESM-2 650M + CaLM,1,0.0,3.1539825221072264,2.768279770851612,0.0
ARSA,ESM-2 650M + CaLM,2,0.02,3.1760457478296296,2.7618256710848583,0.017437081706393756
ARSA,ESM-2 650M + CaLM,3,0.0,3.3071106292890002,2.6759526674537266,0.0
ARSA,ESM-2 650M + CaLM,4,0.0,3.3097849336468754,2.58987007488245,0.0
ARSA,ESM-2 650M + CaLM,5,0.02,3.2137407379372513,2.736241814409667,0.017079144282065674
ARSA,ESM-1b 650M + CaLM,1,0.03,3.4966807498613077,2.621460608795456,0.022661154649614823
ARSA,ESM-1b 650M + CaLM,2,0.01,3.5019955126049496,2.765301472221458,0.007913005388380131
ARSA,ESM-1b 650M + CaLM,3,0.0,3.3578436934839315,2.645707752364977,0.0
ARSA,ESM-1b 650M + CaLM,4,0.21,3.391993063543235,2.7349051767078607,0.17649946955171078
ARSA,ESM-1b 650M + CaLM,5,0.02,3.33070777995168,2.7823446491567436,0.016762422452160097
ARSB,ESM-2 650M + CaLM,1,0.31,3.003955614739294,2.784387529157254,0.2940029356095723
ARSB,ESM-2 650M + CaLM,2,0.18,2.900050886255763,2.635006968968116,0.16628479027582907
ARSB,ESM-2 650M + CaLM,3,0.06,2.8767245129323293,2.7205808361262065,0.056928702364627735
ARSB,ESM-2 650M + CaLM,4,0.06,2.8758629227420505,2.8415600920326307,0.05932678806726194
ARSB,ESM-2 650M + CaLM,5,0.06,3.2259888760043007,2.755021206662927,0.051693304383457254
ARSB,ESM-1b 650M + CaLM,1,0.05,3.5899674527320085,2.673158704005461,0.03771251273541679
ARSB,ESM-1b 650M + CaLM,2,0.43,3.6414219816329503,2.574579586537658,0.34784185295591274
ARSB,ESM-1b 650M + CaLM,3,0.43,3.7406515408745964,2.8209959211632456,0.36261759604801813
ARSB,ESM-1b 650M + CaLM,4,0.05,3.8312300853970833,2.836136046789342,0.03750039018089935
ARSB,ESM-1b 650M + CaLM,5,0.43,3.7625603774675653,2.831365520521442,0.36211602962657047
ARSL,ESM-2 650M + CaLM,1,0.06,2.5714565358414383,1.7183202169794782,0.04090802979146536
ARSL,ESM-2 650M + CaLM,2,0.01,2.9396991695553263,2.6327056104080597,0.00896505959948659
ARSL,ESM-2 650M + CaLM,3,0.0,2.868799956942756,2.5673625577375163,0.0
ARSL,ESM-2 650M + CaLM,4,0.06,2.9676904392104313,2.5720365369833544,0.05242009173007847
ARSL,ESM-2 650M + CaLM,5,0.06,2.9427007124955527,2.4566017994343383,0.05059013164820246
ARSL,ESM-1b 650M + CaLM,1,0.0,3.0587839431736894,1.4729658075196312,0.0
ARSL,ESM-1b 650M + CaLM,2,0.0,3.1168127973445907,2.589205873155808,0.0
ARSL,ESM-1b 650M + CaLM,3,0.0,2.983759137687016,2.682435106459243,0.0
ARSL,ESM-1b 650M + CaLM,4,0.0,2.986880279738623,2.457838147578008,0.0
ARSL,ESM-1b 650M + CaLM,5,0.0,2.7232702383151293,2.663496200802593,0.0
ARX,ESM-2 650M + CaLM,1,0.63,3.38514834042201,2.9688938637783653,0.5989299467419498
ARX,ESM-2 650M + CaLM,2,0.53,3.423869585166356,2.7767250927129767,0.4776761393236445
ARX,ESM-2 650M + CaLM,3,0.07,3.5917051011113474,3.0381409748078676,0.05985717004234365
ARX,ESM-2 650M + CaLM,4,0.07,3.5854989099054824,3.029989265471854,0.05980332067285081
ARX,ESM-2 650M + CaLM,5,0.63,3.5730656193209103,3.1795950934060664,0.6024171317077003
ARX,ESM-1b 650M + CaLM,1,0.38,4.891122475698049,2.826686521951892,0.2615621802418976
ARX,ESM-1b 650M + CaLM,2,0.13,4.98457685357294,3.0626528574798306,0.08409035913445824
ARX,ESM-1b 650M + CaLM,3,0.49,5.067090095820719,2.75910756336877,0.3434708697383625
ARX,ESM-1b 650M + CaLM,4,0.38,5.183495902624626,3.1173122902421864,0.2693236583255819
ARX,ESM-1b 650M + CaLM,5,0.38,5.19913989653942,3.226151730741009,0.27552848634360877
ASAH1,ESM-2 650M + CaLM,1,0.25,3.293219279279623,1.1139328167073927,0.10132565889623511
ASAH1,ESM-2 650M + CaLM,2,0.45,3.095910207736232,1.1030253447375546,0.2257099232581607
ASAH1,ESM-2 650M + CaLM,3,0.18,3.587681697346118,1.2309106137439607,0.07003840959000454
ASAH1,ESM-2 650M + CaLM,4,0.45,3.398345245985812,1.2016475380186762,0.2243897310070947
ASAH1,ESM-2 650M + CaLM,5,0.48,3.5426678291657976,1.0921833269117733,0.22153489849825544
ASAH1,ESM-1b 650M + CaLM,1,0.67,4.194708058606873,1.1731331476202873,0.36216941371485817
ASAH1,ESM-1b 650M + CaLM,2,0.0,4.330432863926741,1.1265181895992495,0.0
ASAH1,ESM-1b 650M + CaLM,3,0.67,4.3893910434195,1.1327787628538246,0.34381664480898716
ASAH1,ESM-1b 650M + CaLM,4,0.0,3.895696950783198,1.1773398691187955,0.0
ASAH1,ESM-1b 650M + CaLM,5,0.0,4.039162862510707,1.1436286637892437,0.0
ASL,ESM-2 650M + CaLM,1,0.78,3.5748431421991214,2.5633153437083163,0.7176929557256856
ASL,ESM-2 650M + CaLM,2,0.6,3.712028763835642,2.7858235868721124,0.529572967075622
ASL,ESM-2 650M + CaLM,3,0.86,3.780769112540608,2.8528010192048474,0.8225417445876558
ASL,ESM-2 650M + CaLM,4,0.9,3.702142579638598,2.8507804547800624,0.87390164642901
ASL,ESM-2 650M + CaLM,5,0.78,3.572940736672667,2.6743018870091637,0.7263070000289075
ASL,ESM-1b 650M + CaLM,1,0.56,3.534744676554572,2.785303144276256,0.5007194254404597
ASL,ESM-1b 650M + CaLM,2,0.56,3.568413696956964,2.794886115407683,0.4992080662401463
ASL,ESM-1b 650M + CaLM,3,0.38,3.229545328197632,2.6829325239502206,0.3373828204325452
ASL,ESM-1b 650M + CaLM,4,0.75,3.3237569210411766,2.581425414146498,0.6996976001112809
ASL,ESM-1b 650M + CaLM,5,0.04,3.4332603419012644,2.914507917076394,0.03416262760148564
ASPA,ESM-2 650M + CaLM,1,0.0,3.170850547680842,1.3212033261268203,0.0
ASPA,ESM-2 650M + CaLM,2,0.45,2.786077694931435,1.3587527684527083,0.28521505203486647
ASPA,ESM-2 650M + CaLM,3,0.3,2.9190114659533997,1.2002358380581861,0.1498185615915658
ASPA,ESM-2 650M + CaLM,4,0.49,3.0097547858852307,1.372687186523783,0.3046834851364325
ASPA,ESM-2 650M + CaLM,5,0.6,2.9172828923673717,1.3627960815320566,0.41201322030833215
ASPA,ESM-1b 650M + CaLM,1,0.26,4.037406714054842,1.3222123096632776,0.1031906719110811
ASPA,ESM-1b 650M + CaLM,2,0.07,4.083349285801638,1.2794285626378126,0.0230404618336852
ASPA,ESM-1b 650M + CaLM,3,0.58,4.07069942513145,1.2812500561072833,0.302967767223333
ASPA,ESM-1b 650M + CaLM,4,0.58,3.7832487996979896,1.358248232579037,0.3314544995335387
ASPA,ESM-1b 650M + CaLM,5,0.4,3.8485305442329367,1.3899266855974273,0.19405005362411354
ATP1A2,ESM-2 650M + CaLM,1,0.0,2.6938939772287447,2.5268232320028123,0.0
ATP1A2,ESM-2 650M + CaLM,2,0.0,2.9919019291905458,2.43993395941576,0.0
ATP1A2,ESM-2 650M + CaLM,3,0.59,3.108809161595849,2.7065767796869094,0.5561151724340211
ATP1A2,ESM-2 650M + CaLM,4,0.02,3.144666170765083,2.715829163803676,0.01731984513759029
ATP1A2,ESM-2 650M + CaLM,5,0.02,2.9096598501401494,2.6525988057797965,0.018265324787825922
ATP1A2,ESM-1b 650M + CaLM,1,0.11,2.898853117201826,2.6402916661537956,0.1011813454922762
ATP1A2,ESM-1b 650M + CaLM,2,0.0,3.0131172352278206,2.7272302089852114,0.0
ATP1A2,ESM-1b 650M + CaLM,3,0.11,2.920718513851397,2.5228310758688077,0.09646025546105853
ATP1A2,ESM-1b 650M + CaLM,4,0.11,3.0703574719621636,2.542110019098239,0.09283163040703027
ATP1A2,ESM-1b 650M + CaLM,5,0.0,2.997013679739763,2.623441871229214,0.0
ATP1A3,ESM-2 650M + CaLM,1,0.23,3.099086131803058,3.126331584787595,0.23155382346768974
ATP1A3,ESM-2 650M + CaLM,2,0.06,3.276735576848929,3.4537914771000917,0.06303768252392841
ATP1A3,ESM-2 650M + CaLM,3,0.23,3.1690236286839575,3.3277904357186703,0.23877156472102315
ATP1A3,ESM-2 650M + CaLM,4,0.06,3.2517205153932442,3.3073206663459302,0.06096337759119589
ATP1A3,ESM-2 650M + CaLM,5,0.0,3.0010439594674367,3.3031928194302385,0.0
ATP1A3,ESM-1b 650M + CaLM,1,0.47,2.375463176939005,3.166896970613001,0.5417563873898708
ATP1A3,ESM-1b 650M + CaLM,2,0.5700000000000001,2.254629991453594,3.2486650273691513,0.65635878343523
ATP1A3,ESM-1b 650M + CaLM,3,0.35,2.5083361581203647,3.411431377472073,0.42274208505549354
ATP1A3,ESM-1b 650M + CaLM,4,0.31,2.537119423017943,3.33338140956324,0.37117918355073426
ATP1A3,ESM-1b 650M + CaLM,5,0.31,2.335640879889182,3.3455015620792468,0.39155298380196873
ATP6V1B2,ESM-2 650M + CaLM,1,0.0,2.553571767613071,3.810011966265035,0.0
ATP6V1B2,ESM-2 650M + CaLM,2,0.0,2.8520679002705873,4.002887066553927,0.0
ATP6V1B2,ESM-2 650M + CaLM,3,0.0,2.55279578122638,3.4489468932450094,0.0
ATP6V1B2,ESM-2 650M + CaLM,4,0.0,2.6417994285289,3.9729077559543335,0.0
ATP6V1B2,ESM-2 650M + CaLM,5,0.0,1.9466793052642846,3.807438444739697,0.0
ATP6V1B2,ESM-1b 650M + CaLM,1,0.0,5.035951608918054,3.9002843360132755,0.0
ATP6V1B2,ESM-1b 650M + CaLM,2,0.12,4.856005892943743,3.927713688397457,0.09933915755253153
ATP6V1B2,ESM-1b 650M + CaLM,3,0.12,4.862560688744918,3.7623624046364603,0.09544022139787108
ATP6V1B2,ESM-1b 650M + CaLM,4,0.01,4.933690056770714,3.6778368860320096,0.007473559418805987
ATP6V1B2,ESM-1b 650M + CaLM,5,0.12,5.035389578209175,3.8093068514263693,0.09351320404555359
AVPR2,ESM-2 650M + CaLM,1,0.21,2.6182356115493284,2.499877338203276,0.20242855473733923
AVPR2,ESM-2 650M + CaLM,2,0.31,2.947274458056232,2.7013466335202088,0.2916777127086299
AVPR2,ESM-2 650M + CaLM,3,0.39,3.004419690209739,2.7975246160565246,0.37316522803059027
AVPR2,ESM-2 650M + CaLM,4,0.39,2.91894016186079,2.884589564076396,0.3871874427578273
AVPR2,ESM-2 650M + CaLM,5,0.39,2.990487604593804,2.794108323287123,0.37396697344619945
AVPR2,ESM-1b 650M + CaLM,1,0.2,3.5035665171618526,2.730153764485535,0.16304857329743103
AVPR2,ESM-1b 650M + CaLM,2,0.2,3.4948973098455025,2.5523092799966203,0.15438694333895242
AVPR2,ESM-1b 650M + CaLM,3,0.2,3.2232689227922515,2.646250271186033,0.17029376162111118
AVPR2,ESM-1b 650M + CaLM,4,0.0,3.6668467122273127,2.932661003241541,0.0
AVPR2,ESM-1b 650M + CaLM,5,0.0,3.530212301255803,2.811912960667996,0.0
BAG3,ESM-2 650M + CaLM,1,0.76,3.885275290764117,1.9354101962795112,0.6120185255814203
BAG3,ESM-2 650M + CaLM,2,0.0,3.8249990145655635,2.0580316740850906,0.0
BAG3,ESM-2 650M + CaLM,3,0.51,3.563001438598423,1.7311381370716716,0.3358554682088501
BAG3,ESM-2 650M + CaLM,4,0.51,3.2147623187090004,1.6926531647018968,0.35401182694169014
BAG3,ESM-2 650M + CaLM,5,0.48,4.020372315734148,1.9848709320247535,0.3130575817740742
BAG3,ESM-1b 650M + CaLM,1,0.02,4.2795625883860655,1.9106379636307265,0.009029087205756342
BAG3,ESM-1b 650M + CaLM,2,0.02,3.6035575904898978,1.676929798908565,0.009407674743407845
BAG3,ESM-1b 650M + CaLM,3,0.0,4.695994199090877,2.005829435473146,0.0
BAG3,ESM-1b 650M + CaLM,4,0.02,4.391343149064216,1.8512266634921584,0.008529935510516395
BAG3,ESM-1b 650M + CaLM,5,0.0,4.6121981203370135,1.9676814993470784,0.0
BAP1,ESM-2 650M + CaLM,1,0.0,4.024468387931739,3.1518571427214503,0.0
BAP1,ESM-2 650M + CaLM,2,0.0,3.7324464676789497,2.82216057881144,0.0
BAP1,ESM-2 650M + CaLM,3,0.0,4.2213270479191936,2.712293214313158,0.0
BAP1,ESM-2 650M + CaLM,4,0.0,3.9238752148637928,2.6765293426367163,0.0
BAP1,ESM-2 650M + CaLM,5,0.0,4.070959990660468,3.1346198340695297,0.0
BAP1,ESM-1b 650M + CaLM,1,0.0,5.695215967203897,3.198422872316168,0.0
BAP1,ESM-1b 650M + CaLM,2,0.22,5.121602045450155,2.6193997642828157,0.1260671909323113
BAP1,ESM-1b 650M + CaLM,3,0.0,5.72958603073878,2.8231637653457553,0.0
BAP1,ESM-1b 650M + CaLM,4,0.37,4.898668534127958,2.6611357603788353,0.24187499467391685
BAP1,ESM-1b 650M + CaLM,5,0.37,5.72690052433911,3.1783366984607024,0.24581967320146678
BBS12,ESM-2 650M + CaLM,1,0.0,4.246275413466689,1.259938989154545,0.0
BBS12,ESM-2 650M + CaLM,2,0.0,3.8155213747778487,1.354116373430833,0.0
BBS12,ESM-2 650M + CaLM,3,0.0,4.485382974417246,1.3595346033394118,0.0
BBS12,ESM-2 650M + CaLM,4,0.0,3.7965823272606443,1.1527827028695383,0.0
BBS12,ESM-2 650M + CaLM,5,0.0,4.104942829315055,0.9229075346680221,0.0
BBS12,ESM-1b 650M + CaLM,1,0.0,4.790686005998004,1.3074623346500613,0.0
BBS12,ESM-1b 650M + CaLM,2,0.0,5.191100077615174,1.364233348205799,0.0
BBS12,ESM-1b 650M + CaLM,3,0.0,4.066010803184725,1.1883185800171323,0.0
BBS12,ESM-1b 650M + CaLM,4,0.0,5.061868229883613,1.2188148787131077,0.0
BBS12,ESM-1b 650M + CaLM,5,0.0,4.593620275619691,0.9618183856772133,0.0
BCKDHA,ESM-2 650M + CaLM,1,0.0,3.1327333582710493,2.86944140425265,0.0
BCKDHA,ESM-2 650M + CaLM,2,0.0,3.3046216184418244,3.1311272602210263,0.0
BCKDHA,ESM-2 650M + CaLM,3,0.0,3.4491328842563287,2.9657731893594073,0.0
BCKDHA,ESM-2 650M + CaLM,4,0.0,3.2200040006569814,2.8845712468598306,0.0
BCKDHA,ESM-2 650M + CaLM,5,0.16,3.3070904486620627,3.2602467844238983,0.15809195140877647
BCKDHA,ESM-1b 650M + CaLM,1,0.19,3.2270145905510557,2.4733080764045776,0.15238567899629601
BCKDHA,ESM-1b 650M + CaLM,2,0.3,3.5181792124173294,3.35548354118302,0.29015207777594965
BCKDHA,ESM-1b 650M + CaLM,3,0.3,3.1315436740914278,3.215251121770201,0.3055687298592769
BCKDHA,ESM-1b 650M + CaLM,4,0.3,2.95253346454067,2.909790996065221,0.2969466661101821
BCKDHA,ESM-1b 650M + CaLM,5,0.21,3.5488410365597693,3.1171269940289905,0.18928929751189644
BCL11A,ESM-2 650M + CaLM,1,0.6,4.424287642091839,2.5258213873014723,0.4613080460919634
BCL11A,ESM-2 650M + CaLM,2,0.45,4.5003483666761515,2.752071641194622,0.333483489934653
BCL11A,ESM-2 650M + CaLM,3,0.0,3.9252656401477344,2.3496754216866624,0.0
BCL11A,ESM-2 650M + CaLM,4,0.0,3.9589323729871055,2.4110050829188028,0.0
BCL11A,ESM-2 650M + CaLM,5,0.0,4.1215597220532,2.3410379013896123,0.0
BCL11A,ESM-1b 650M + CaLM,1,0.0,6.0656321772036295,2.593760890164788,0.0
BCL11A,ESM-1b 650M + CaLM,2,0.85,6.1031260794998525,2.333125279657814,0.6841713620392157
BCL11A,ESM-1b 650M + CaLM,3,0.44,5.405132804922422,2.6598648016866155,0.27883740652481237
BCL11A,ESM-1b 650M + CaLM,4,0.0,5.518347122772792,2.385238564996425,0.0
BCL11A,ESM-1b 650M + CaLM,5,0.15,5.788201281207797,2.287389259429455,0.06519156519533403
BICD2,ESM-2 650M + CaLM,1,0.0,3.101221392077353,1.6178260717498902,0.0
BICD2,ESM-2 650M + CaLM,2,0.0,3.241264081929536,1.6211264984474416,0.0
BICD2,ESM-2 650M + CaLM,3,0.0,3.063439070063661,1.6880235475892769,0.0
BICD2,ESM-2 650M + CaLM,4,0.05,3.030273412593518,1.4114857620180479,0.023928889498946698
BICD2,ESM-2 650M + CaLM,5,0.0,3.164518161162132,1.5440341828511317,0.0
BICD2,ESM-1b 650M + CaLM,1,0.0,3.8542190221392407,1.5425650292342694,0.0
BICD2,ESM-1b 650M + CaLM,2,0.0,3.69955452811494,1.5816171212488481,0.0
BICD2,ESM-1b 650M + CaLM,3,0.0,3.7959049042410293,1.490886174060031,0.0
BICD2,ESM-1b 650M + CaLM,4,0.0,3.847806026927421,1.6432456239039344,0.0
BICD2,ESM-1b 650M + CaLM,5,0.0,3.8583725448651567,1.6365363944139988,0.0
BMPR1B,ESM-2 650M + CaLM,1,0.01,2.647078128241273,2.015851536375627,0.007633586775476707
BMPR1B,ESM-2 650M + CaLM,2,0.0,2.720677928120359,1.7777506101986786,0.0
BMPR1B,ESM-2 650M + CaLM,3,0.01,2.7815915046318156,1.8006166096200789,0.006496242375248736
BMPR1B,ESM-2 650M + CaLM,4,0.0,2.705574112553011,1.8200832310163526,0.0
BMPR1B,ESM-2 650M + CaLM,5,0.01,2.4123506991929227,1.8912610680131299,0.00785688087476043
BMPR1B,ESM-1b 650M + CaLM,1,0.0,3.993450138169981,1.6693496178810336,0.0
BMPR1B,ESM-1b 650M + CaLM,2,0.22,3.7944780772993583,2.044982854948882,0.1319502764552209
BMPR1B,ESM-1b 650M + CaLM,3,0.22,3.759834610833503,1.9245024189664635,0.1261569636199045
BMPR1B,ESM-1b 650M + CaLM,4,0.22,3.347771349780011,1.9543842932065811,0.1413786797188528
BMPR1B,ESM-1b 650M + CaLM,5,0.22,3.4839405139574486,1.6779043630669943,0.11959355202768385
BRAF,ESM-2 650M + CaLM,1,0.0,3.260823358297099,2.690134262839225,0.0
BRAF,ESM-2 650M + CaLM,2,0.0,2.979415194972425,2.5407277744008936,0.0
BRAF,ESM-2 650M + CaLM,3,0.0,3.044502907045314,2.4964458604589397,0.0
BRAF,ESM-2 650M + CaLM,4,0.0,3.0808167511516937,2.5758764376165555,0.0
BRAF,ESM-2 650M + CaLM,5,0.0,3.2261835444208664,2.5646224650311535,0.0
BRAF,ESM-1b 650M + CaLM,1,0.29,3.308551056445632,2.442502520277484,0.23167607454717465
BRAF,ESM-1b 650M + CaLM,2,0.22,3.580318541724129,2.63639968801945,0.17197362067827401
BRAF,ESM-1b 650M + CaLM,3,0.29,3.470892676444821,2.5979356852036513,0.234140261340881
BRAF,ESM-1b 650M + CaLM,4,0.28,3.524252622064877,2.5294627451869807,0.2182108847739559
BRAF,ESM-1b 650M + CaLM,5,0.29,3.5588188737313784,2.6459014870160615,0.2329369963765192
BRAT1,ESM-2 650M + CaLM,1,0.0,3.95453082412516,2.533386300951725,0.0
BRAT1,ESM-2 650M + CaLM,2,0.0,4.399987229812595,2.657477602946254,0.0
BRAT1,ESM-2 650M + CaLM,3,0.35,4.283777607085886,2.601608099973157,0.24642985936460815
BRAT1,ESM-2 650M + CaLM,4,0.35,3.7496167551447477,2.1557747718905396,0.23639569359596688
BRAT1,ESM-2 650M + CaLM,5,0.35,3.8175713217741425,2.0501095786396664,0.2243036540612476
BRAT1,ESM-1b 650M + CaLM,1,0.0,4.084779150764212,2.7054974405439927,0.0
BRAT1,ESM-1b 650M + CaLM,2,0.0,4.02913576802787,1.8477786427958538,0.0
BRAT1,ESM-1b 650M + CaLM,3,0.03,3.88176003285994,2.640426213718314,0.02060407698094681
BRAT1,ESM-1b 650M + CaLM,4,0.03,4.137247477410263,2.6163621740773855,0.019183318002669723
BRAT1,ESM-1b 650M + CaLM,5,0.03,3.840960764868053,2.113266015185765,0.016731540420707534
BTK,ESM-2 650M + CaLM,1,0.0,2.7226143350550966,2.4067737822113187,0.0
BTK,ESM-2 650M + CaLM,2,0.07,2.796139008109658,2.522146230087418,0.06357681314344572
BTK,ESM-2 650M + CaLM,3,0.58,2.763848298567151,2.511170209101656,0.5564824437303536
BTK,ESM-2 650M + CaLM,4,0.08,2.770905451721594,2.542106030228647,0.07388228283894233
BTK,ESM-2 650M + CaLM,5,0.08,2.666148317217012,2.648369808704426,0.07950895581437434
BTK,ESM-1b 650M + CaLM,1,0.0,3.9515962765707853,2.613929060892026,0.0
BTK,ESM-1b 650M + CaLM,2,0.55,3.7068132352031604,2.3934301677121974,0.4410814281792499
BTK,ESM-1b 650M + CaLM,3,0.32,3.876916264954201,2.6283439331358562,0.24186937377039644
BTK,ESM-1b 650M + CaLM,4,0.8,3.7217869323122668,2.5262624231871356,0.7308287475121665
BTK,ESM-1b 650M + CaLM,5,0.8300000000000001,3.8609701245959123,2.4622112617890815,0.7569019052156767
C1R,ESM-2 650M + CaLM,1,0.23,4.724692354767646,3.184379716982965,0.16758280893279165
C1R,ESM-2 650M + CaLM,2,0.0,4.401828818895753,3.192138706225047,0.0
C1R,ESM-2 650M + CaLM,3,0.29,4.4315360786333295,2.9535968033031708,0.21397883141485438
C1R,ESM-2 650M + CaLM,4,0.29,4.182203197268803,3.178602174869394,0.2368946255391962
C1R,ESM-2 650M + CaLM,5,0.29,4.204938995773031,2.720044309719628,0.20899471868346595
C1R,ESM-1b 650M + CaLM,1,0.75,5.338277572082996,3.0699848809174934,0.633063488865725
C1R,ESM-1b 650M + CaLM,2,0.75,5.489427492619384,2.808147806502649,0.6054708623295623
C1R,ESM-1b 650M + CaLM,3,0.75,5.614935940651557,3.1456528104512254,0.6269615104996563
C1R,ESM-1b 650M + CaLM,4,0.0,5.543550466040865,3.1982565243691154,0.0
C1R,ESM-1b 650M + CaLM,5,0.75,5.926624906611797,3.0071089929221615,0.6035159229801191
CAMK2B,ESM-2 650M + CaLM,1,0.87,2.620386551313705,2.13921426270035,0.8452832183239933
CAMK2B,ESM-2 650M + CaLM,2,0.0,2.637780148186694,2.211383729715643,0.0
CAMK2B,ESM-2 650M + CaLM,3,0.46,2.478908717022238,2.1454144742380823,0.42437758706909284
CAMK2B,ESM-2 650M + CaLM,4,0.59,2.5700480309136946,2.104520448428223,0.540940240529102
CAMK2B,ESM-2 650M + CaLM,5,0.59,2.4711805944640424,2.084532273469376,0.5483023598582418
CAMK2B,ESM-1b 650M + CaLM,1,0.37,3.8108669341799555,2.083157911834938,0.24302083499436644
CAMK2B,ESM-1b 650M + CaLM,2,0.31,3.8781628578655605,2.1462232296605537,0.19912514678493168
CAMK2B,ESM-1b 650M + CaLM,3,0.37,4.008688397156073,2.2435162618563886,0.24737968584983608
CAMK2B,ESM-1b 650M + CaLM,4,0.37,4.211444453473189,2.0833131043619315,0.22512201431694542
CAMK2B,ESM-1b 650M + CaLM,5,0.35,4.107774109293005,2.1470822623241554,0.21963225829012692
CASK,ESM-2 650M + CaLM,1,0.03,3.323296825930935,2.532921400076895,0.023029450380320407
CASK,ESM-2 650M + CaLM,2,0.01,3.2457263088371087,2.3301015563277074,0.0071992928074702325
CASK,ESM-2 650M + CaLM,3,0.03,3.221953702470238,2.3677053796286143,0.022222750674142953
CASK,ESM-2 650M + CaLM,4,0.03,3.258848961413266,2.467053211183641,0.02287771898554266
CASK,ESM-2 650M + CaLM,5,0.03,3.054046699399807,2.1881744526564395,0.02167889845564114
CASK,ESM-1b 650M + CaLM,1,0.27,3.5474095136071258,2.321048078156477,0.19484642424070228
CASK,ESM-1b 650M + CaLM,2,0.01,3.3721853014538965,2.4348841299424073,0.007240618625583606
CASK,ESM-1b 650M + CaLM,3,0.86,3.5359421895966303,2.487766586753146,0.8120972452254935
CASK,ESM-1b 650M + CaLM,4,0.01,3.7751758018814825,2.2759138888166115,0.006052667591453944
CASK,ESM-1b 650M + CaLM,5,0.27,3.7303192253147754,2.3645507550761122,0.18992026729333697
CBL,ESM-2 650M + CaLM,1,0.13,2.702393864262015,2.3760248760728544,0.1161230053278077
CBL,ESM-2 650M + CaLM,2,0.0,3.114682329843608,2.6743511516633096,0.0
CBL,ESM-2 650M + CaLM,3,0.19,2.8863957415600363,2.7016983523293807,0.1800308996154117
CBL,ESM-2 650M + CaLM,4,0.19,2.905810330249234,1.8666973489132532,0.13095379713475402
CBL,ESM-2 650M + CaLM,5,0.19,2.6737556730123537,2.4436909951844585,0.17653750195525925
CBL,ESM-1b 650M + CaLM,1,0.0,5.756864591663563,2.5482325599628957,0.0
CBL,ESM-1b 650M + CaLM,2,0.0,4.777317953951921,2.236931525101691,0.0
CBL,ESM-1b 650M + CaLM,3,0.0,5.190076934745446,2.4969408819908057,0.0
CBL,ESM-1b 650M + CaLM,4,0.0,5.186275704006727,2.4386394255192143,0.0
CBL,ESM-1b 650M + CaLM,5,0.0,5.4361188258531286,2.2928759385241597,0.0
CCN6,ESM-2 650M + CaLM,1,0.41,3.5710999265447834,3.0447476474465702,0.37205263690989626
CCN6,ESM-2 650M + CaLM,2,0.41,2.977217303846319,3.3226727805003287,0.4367937128452819
CCN6,ESM-2 650M + CaLM,3,0.41,2.456691946646205,3.160831932280298,0.4720427347029661
CCN6,ESM-2 650M + CaLM,4,0.41,3.4737692533892943,3.269908195510057,0.39545389937135933
CCN6,ESM-2 650M + CaLM,5,0.03,3.4179510872634897,2.882378089887807,0.02541866368931387
CCN6,ESM-1b 650M + CaLM,1,0.0,2.8394657940595107,3.351601504058186,0.0
CCN6,ESM-1b 650M + CaLM,2,0.0,2.546301787888218,3.1470632779138907,0.0
CCN6,ESM-1b 650M + CaLM,3,0.0,3.4118335776574527,3.0059652821303673,0.0
CCN6,ESM-1b 650M + CaLM,4,0.0,3.424517017339293,3.2526101757736323,0.0
CCN6,ESM-1b 650M + CaLM,5,0.0,3.3264500630040854,2.9088653697578715,0.0
CD40LG,ESM-2 650M + CaLM,1,0.0,3.2093300843763406,1.9431532011657031,0.0
CD40LG,ESM-2 650M + CaLM,2,0.0,3.2577694648914965,1.7536351620124913,0.0
CD40LG,ESM-2 650M + CaLM,3,0.43,3.195612150579236,1.8650782337831262,0.30569429002930876
CD40LG,ESM-2 650M + CaLM,4,0.0,3.0207295607905746,1.6203878961068308,0.0
CD40LG,ESM-2 650M + CaLM,5,0.0,3.1896525548267,1.9784410121569624,0.0
CD40LG,ESM-1b 650M + CaLM,1,0.0,3.490766599982354,1.9074106236692412,0.0
CD40LG,ESM-1b 650M + CaLM,2,0.0,3.4578110264371578,1.883021381961606,0.0
CD40LG,ESM-1b 650M + CaLM,3,0.0,3.5064640974815897,1.7661095860288971,0.0
CD40LG,ESM-1b 650M + CaLM,4,0.0,3.6434135483538412,1.7753829572023607,0.0
CD40LG,ESM-1b 650M + CaLM,5,0.0,3.391302396276693,1.8719382462579783,0.0
CDH1,ESM-2 650M + CaLM,1,0.07,2.6297296780452846,2.1746825656228532,0.05859700667639289
CDH1,ESM-2 650M + CaLM,2,0.8200000000000001,2.6636297773792146,2.295434284683889,0.7969888484021262
CDH1,ESM-2 650M + CaLM,3,0.14,2.6668328373020467,2.136135474610049,0.11535386894369018
CDH1,ESM-2 650M + CaLM,4,0.5,2.762462683273864,2.3163742881053384,0.4560836075579538
CDH1,ESM-2 650M + CaLM,5,0.5,2.6391401896286815,2.1172179052823066,0.4451342525171938
CDH1,ESM-1b 650M + CaLM,1,0.99,3.177540288504721,2.221660205131279,0.9857587252528336
CDH1,ESM-1b 650M + CaLM,2,0.9,3.193643219275071,2.215957140864615,0.861969672893961
CDH1,ESM-1b 650M + CaLM,3,0.8,3.007683147254797,2.273817357601727,0.7514917845083483
CDH1,ESM-1b 650M + CaLM,4,0.9,3.1473978790501933,2.2666255259400554,0.8663356610930392
CDH1,ESM-1b 650M + CaLM,5,0.9,3.153330880742203,2.049426205832271,0.8540000677052725
CDKL5,ESM-2 650M + CaLM,1,0.08,3.843429069640386,2.9588170518568258,0.0627422978372604
CDKL5,ESM-2 650M + CaLM,2,0.0,3.7317362326406345,2.9407645691342896,0.0
CDKL5,ESM-2 650M + CaLM,3,0.08,3.823125658328674,2.8589532762144696,0.06105626231216349
CDKL5,ESM-2 650M + CaLM,4,0.03,3.7880326864440987,3.0132515743556745,0.024011316744139304
CDKL5,ESM-2 650M + CaLM,5,0.24,3.779989528900088,2.919350090056343,0.1960701154708961
CDKL5,ESM-1b 650M + CaLM,1,0.24,5.37624434670117,2.9063841207306695,0.1458211378113922
CDKL5,ESM-1b 650M + CaLM,2,0.01,5.428225693654993,2.8331624005574887,0.005244387538049174
CDKL5,ESM-1b 650M + CaLM,3,0.24,5.51909372159806,2.990657127256318,0.1461153123863887
CDKL5,ESM-1b 650M + CaLM,4,0.35,5.304762657142246,2.944143598138235,0.2300858944971535
CDKL5,ESM-1b 650M + CaLM,5,0.34,5.349415643513349,3.0055059015225836,0.2244645963033854
CDKN2A,ESM-2 650M + CaLM,1,0.42,3.837345778538263,2.8975539882206536,0.3535005314094571
CDKN2A,ESM-2 650M + CaLM,2,0.0,3.826327849380925,2.5880070015070555,0.0
CDKN2A,ESM-2 650M + CaLM,3,0.0,4.395317077510716,2.8446939153487696,0.0
CDKN2A,ESM-2 650M + CaLM,4,0.0,3.9420076221834703,2.7046289965901043,0.0
CDKN2A,ESM-2 650M + CaLM,5,0.0,4.388197635140313,3.106931393960977,0.0
CDKN2A,ESM-1b 650M + CaLM,1,0.0,4.703753471887854,2.8879457313938883,0.0
CDKN2A,ESM-1b 650M + CaLM,2,0.0,4.633367086198622,2.891465877691386,0.0
CDKN2A,ESM-1b 650M + CaLM,3,0.0,4.654021790375292,2.697422086717603,0.0
CDKN2A,ESM-1b 650M + CaLM,4,0.0,4.214857302218652,2.6261935706198614,0.0
CDKN2A,ESM-1b 650M + CaLM,5,0.0,4.525834599604465,3.0699524804071965,0.0
CERT1,ESM-2 650M + CaLM,1,0.25,4.251264412686614,2.607996154063784,0.16977163841348905
CERT1,ESM-2 650M + CaLM,2,0.0,4.263072871768417,2.4988057839436233,0.0
CERT1,ESM-2 650M + CaLM,3,0.0,4.429778215491005,2.0266285705571603,0.0
CERT1,ESM-2 650M + CaLM,4,0.25,3.988652516585214,1.9202857849591048,0.13828691739532675
CERT1,ESM-2 650M + CaLM,5,0.25,4.212406850803889,2.391849476084716,0.15914820222073406
CERT1,ESM-1b 650M + CaLM,1,0.0,5.275104930676221,1.6357497823385223,0.0
CERT1,ESM-1b 650M + CaLM,2,0.0,5.9196706857432675,2.423949040269553,0.0
CERT1,ESM-1b 650M + CaLM,3,0.0,6.0025547772057966,2.6062124966557585,0.0
CERT1,ESM-1b 650M + CaLM,4,0.0,6.183522345957729,2.4918085623831976,0.0
CERT1,ESM-1b 650M + CaLM,5,0.0,5.34659592067712,2.215671748004306,0.0
CFI,ESM-2 650M + CaLM,1,0.0,3.613321289109962,2.679054519254807,0.0
CFI,ESM-2 650M + CaLM,2,0.0,3.8787690069804346,2.280816655606382,0.0
CFI,ESM-2 650M + CaLM,3,0.0,3.8032550188636174,2.3056246121005057,0.0
CFI,ESM-2 650M + CaLM,4,0.0,4.128077080752577,2.5975309389921875,0.0
CFI,ESM-2 650M + CaLM,5,0.0,3.742060312865623,2.407993962164062,0.0
CFI,ESM-1b 650M + CaLM,1,0.0,4.978789351678029,2.569662673473447,0.0
CFI,ESM-1b 650M + CaLM,2,0.0,5.382424738064669,2.5141317100673763,0.0
CFI,ESM-1b 650M + CaLM,3,0.0,5.304877363309867,2.411723312963487,0.0
CFI,ESM-1b 650M + CaLM,4,0.0,5.62239160979728,2.6048807890249552,0.0
CFI,ESM-1b 650M + CaLM,5,0.0,5.293670163133116,2.2185175347538317,0.0
CHAT,ESM-2 650M + CaLM,1,0.05,3.2718989517885575,3.0036306741904903,0.04608936635204873
CHAT,ESM-2 650M + CaLM,2,0.05,3.3707048136254762,3.1409364817842693,0.04675102926620159
CHAT,ESM-2 650M + CaLM,3,0.05,3.6559155091024613,3.0898858548587245,0.04258840428419798
CHAT,ESM-2 650M + CaLM,4,0.05,3.147476137054181,2.757193800287922,0.04407332605812205
CHAT,ESM-2 650M + CaLM,5,0.0,3.454200288126981,3.144419868427286,0.0
CHAT,ESM-1b 650M + CaLM,1,0.27,4.678263224343379,3.112755731327146,0.19749242117098317
CHAT,ESM-1b 650M + CaLM,2,0.27,4.618637811105868,2.9396718159945885,0.19055245777495855
CHAT,ESM-1b 650M + CaLM,3,0.27,3.766044922077012,2.889031186184897,0.22102093988416147
CHAT,ESM-1b 650M + CaLM,4,0.0,4.465983775618981,3.167953440207265,0.0
CHAT,ESM-1b 650M + CaLM,5,0.0,4.562407914342875,3.0115016035825373,0.0
CHEK2,ESM-2 650M + CaLM,1,0.0,3.861610151837644,3.6906628114025075,0.0
CHEK2,ESM-2 650M + CaLM,2,0.0,4.7164780543284905,3.8851854265220043,0.0
CHEK2,ESM-2 650M + CaLM,3,0.0,5.175661768840983,4.453439946488761,0.0
CHEK2,ESM-2 650M + CaLM,4,0.0,4.916837181944091,4.495063141377536,0.0
CHEK2,ESM-2 650M + CaLM,5,0.0,4.673784210612747,3.53816118699742,0.0
CHEK2,ESM-1b 650M + CaLM,1,0.0,5.116929270843647,3.5380417453785005,0.0
CHEK2,ESM-1b 650M + CaLM,2,0.0,6.023642827311588,4.453439946488761,0.0
CHEK2,ESM-1b 650M + CaLM,3,0.0,5.918204182312943,4.495063141377536,0.0
CHEK2,ESM-1b 650M + CaLM,4,0.0,4.864253289342908,3.690779503592166,0.0
CHEK2,ESM-1b 650M + CaLM,5,0.0,5.162186815374571,3.8851854265220043,0.0
CHM,ESM-2 650M + CaLM,1,0.0,3.3116129088865724,1.676020057686826,0.0
CHM,ESM-2 650M + CaLM,2,0.0,2.989690923909441,2.234544915445874,0.0
CHM,ESM-2 650M + CaLM,3,0.0,3.6313401312532663,2.1852599039803122,0.0
CHM,ESM-2 650M + CaLM,4,0.37,3.404350237360247,1.884163726977575,0.2453095407316125
CHM,ESM-2 650M + CaLM,5,0.0,3.5477615576651154,2.2330008404294177,0.0
CHM,ESM-1b 650M + CaLM,1,0.51,3.6801227019439207,1.6672368300870188,0.3204350747544344
CHM,ESM-1b 650M + CaLM,2,0.79,3.30455385669304,2.149155534363526,0.7098589143588487
CHM,ESM-1b 650M + CaLM,3,0.32,3.3038485659505383,2.2641119625527555,0.24385171040691564
CHM,ESM-1b 650M + CaLM,4,0.0,3.2669939940695296,1.8785145965928463,0.0
CHM,ESM-1b 650M + CaLM,5,0.32,3.5862490744280286,2.2525173153609956,0.22814237300422227
CHRNE,ESM-2 650M + CaLM,1,0.71,3.2531648492200764,2.839955944352386,0.6812547804569958
CHRNE,ESM-2 650M + CaLM,2,0.0,3.1741505434484947,2.7426554672142895,0.0
CHRNE,ESM-2 650M + CaLM,3,0.55,3.270734700410154,2.916362433689,0.5214850504308294
CHRNE,ESM-2 650M + CaLM,4,0.71,3.2411245684346666,2.620956346101023,0.6644085964480665
CHRNE,ESM-2 650M + CaLM,5,0.71,3.285773680597266,2.930093054918414,0.6858559723953066
CHRNE,ESM-1b 650M + CaLM,1,0.29,3.5810459555912884,2.956445802219933,0.2521739695199811
CHRNE,ESM-1b 650M + CaLM,2,0.66,3.8154328073101844,2.719311860895743,0.5804495153276603
CHRNE,ESM-1b 650M + CaLM,3,0.5,3.727873669967467,2.9317089424038816,0.4402241271033586
CHRNE,ESM-1b 650M + CaLM,4,0.66,3.668097093107037,2.629119316814712,0.5818251003888778
CHRNE,ESM-1b 650M + CaLM,5,0.5,3.7244349564793833,2.8444137008456276,0.433015563187589
CHST3,ESM-2 650M + CaLM,1,0.0,3.7798953654770036,3.018985635850686,0.0
CHST3,ESM-2 650M + CaLM,2,0.0,4.4210999635113755,2.8099793547272243,0.0
CHST3,ESM-2 650M + CaLM,3,0.0,4.4000291908950055,2.931218793397755,0.0
CHST3,ESM-2 650M + CaLM,4,0.0,4.323049691982496,2.6165814959709746,0.0
CHST3,ESM-2 650M + CaLM,5,0.0,4.54025683461229,3.0711407232433934,0.0
CHST3,ESM-1b 650M + CaLM,1,0.08,5.024065134931074,3.040572980958549,0.04999518030940941
CHST3,ESM-1b 650M + CaLM,2,0.0,5.317810658094405,2.721826008478293,0.0
CHST3,ESM-1b 650M + CaLM,3,0.0,5.143153164331542,2.403810212735316,0.0
CHST3,ESM-1b 650M + CaLM,4,0.08,5.715647607378658,3.0966028108058388,0.04499139935829507
CHST3,ESM-1b 650M + CaLM,5,0.08,5.3600342559369825,3.0409532806547217,0.04701437757823428
CLCN1,ESM-2 650M + CaLM,1,0.26,2.9939236537229763,2.7453621432624025,0.24367416352074106
CLCN1,ESM-2 650M + CaLM,2,0.19,3.039078119630331,2.750868167905459,0.17513713747335366
CLCN1,ESM-2 650M + CaLM,3,0.26,3.025563149882153,2.691614499247309,0.2381362771495622
CLCN1,ESM-2 650M + CaLM,4,0.26,3.0044693426949816,2.927587502895384,0.2550436707036009
CLCN1,ESM-2 650M + CaLM,5,0.25,2.9921203018482077,2.6840230408428103,0.23018307571890562
CLCN1,ESM-1b 650M + CaLM,1,0.2,3.695152943500794,2.7530286449371895,0.1570140928613595
CLCN1,ESM-1b 650M + CaLM,2,0.28,3.621434202275747,2.760404569344005,0.228649168199187
CLCN1,ESM-1b 650M + CaLM,3,0.06,3.6795119107072836,2.8131388264581565,0.046529829293983846
CLCN1,ESM-1b 650M + CaLM,4,0.36,3.643468910386657,2.6681833915858113,0.29174945461874685
CLCN1,ESM-1b 650M + CaLM,5,0.28,3.811761631952781,2.805449477043299,0.22252893424376274
CLCN4,ESM-2 650M + CaLM,1,0.39,3.5893361924420257,2.798306906235172,0.3326408580943263
CLCN4,ESM-2 650M + CaLM,2,0.0,3.337627170888159,2.5600725215763336,0.0
CLCN4,ESM-2 650M + CaLM,3,0.0,3.424660014633442,2.8562176380933626,0.0
CLCN4,ESM-2 650M + CaLM,4,0.0,3.3528017807325488,3.0031261466054153,0.0
CLCN4,ESM-2 650M + CaLM,5,0.0,3.3573671897032975,2.583180372584068,0.0
CLCN4,ESM-1b 650M + CaLM,1,0.37,3.572153254222773,2.408457308985658,0.28365585852701464
CLCN4,ESM-1b 650M + CaLM,2,0.0,4.122089807440196,2.9861536328018894,0.0
CLCN4,ESM-1b 650M + CaLM,3,0.0,3.962488337790847,2.781081804372683,0.0
CLCN4,ESM-1b 650M + CaLM,4,0.31,3.498683539775439,2.6204415079446703,0.2517758769389365
CLCN4,ESM-1b 650M + CaLM,5,0.75,3.658973429297572,2.9373818662040896,0.7066042412786742
CLCN5,ESM-2 650M + CaLM,1,0.5,4.383519552676869,4.093477449446487,0.4828924026304521
CLCN5,ESM-2 650M + CaLM,2,0.5,4.701245954400937,4.3075428992779905,0.4781489464612011
CLCN5,ESM-2 650M + CaLM,3,0.5,4.506751665913934,3.4296099177967663,0.4321388184777272
CLCN5,ESM-2 650M + CaLM,4,0.0,4.684142614368264,3.6101613755358377,0.0
CLCN5,ESM-2 650M + CaLM,5,0.0,4.7443269206154755,4.192185630845609,0.0
CLCN5,ESM-1b 650M + CaLM,1,0.0,4.710137708156401,3.4632210904016594,0.0
CLCN5,ESM-1b 650M + CaLM,2,0.0,5.563457230239787,3.7312727213775916,0.0
CLCN5,ESM-1b 650M + CaLM,3,0.0,5.544831213181228,4.327651055420983,0.0
CLCN5,ESM-1b 650M + CaLM,4,0.0,5.125284958483753,4.028757096367288,0.0
CLCN5,ESM-1b 650M + CaLM,5,0.0,5.3471105360849425,3.9916354807099204,0.0
CLCN7,ESM-2 650M + CaLM,1,0.45,3.4437631029286258,2.830438629158877,0.40208050246180066
CLCN7,ESM-2 650M + CaLM,2,0.46,3.603115481809894,2.9349670313000398,0.4096420513621771
CLCN7,ESM-2 650M + CaLM,3,0.73,3.6512614701047745,2.9571582526725186,0.6864939203453948
CLCN7,ESM-2 650M + CaLM,4,0.18,3.4869131882962936,2.787889812823186,0.14930285070941476
CLCN7,ESM-2 650M + CaLM,5,0.45,3.5602574493519707,2.7343344169630788,0.38589147025354015
CLCN7,ESM-1b 650M + CaLM,1,0.55,4.374068622163122,2.899111570304742,0.44753914280473794
CLCN7,ESM-1b 650M + CaLM,2,0.55,4.418105632468864,2.9108087482358105,0.4460584061736879
CLCN7,ESM-1b 650M + CaLM,3,0.55,4.097234586862587,2.7317174706254064,0.449000218515751
CLCN7,ESM-1b 650M + CaLM,4,0.55,4.057841395804759,2.7582901978312884,0.453789879684772
CLCN7,ESM-1b 650M + CaLM,5,0.62,4.3747258342624455,2.926964332961313,0.5219035214846295
CLCNKB,ESM-2 650M + CaLM,1,0.12,4.177880864016999,2.6628027584135614,0.07996261620987934
CLCNKB,ESM-2 650M + CaLM,2,0.0,4.125541965368801,3.0525451768819516,0.0
CLCNKB,ESM-2 650M + CaLM,3,0.08,4.187592697033064,2.9612820170525374,0.05792964069837662
CLCNKB,ESM-2 650M + CaLM,4,0.12,4.149037762590221,3.091494598666515,0.09223449107953438
CLCNKB,ESM-2 650M + CaLM,5,0.12,3.823934206604066,2.585997903866852,0.0844319749907762
CLCNKB,ESM-1b 650M + CaLM,1,0.19,4.546727047653438,2.9800865982521576,0.13325670597963948
CLCNKB,ESM-1b 650M + CaLM,2,0.19,4.447587292170754,2.935562995958248,0.134066440036769
CLCNKB,ESM-1b 650M + CaLM,3,0.19,4.329840628827771,2.531508771403894,0.12060372676125215
CLCNKB,ESM-1b 650M + CaLM,4,0.08,4.432903848179077,2.8533122665271047,0.05300430640139435
CLCNKB,ESM-1b 650M + CaLM,5,0.19,4.4282916174767495,3.012010949280096,0.13759432476871733
CNGA1,ESM-2 650M + CaLM,1,0.0,4.514457383128712,3.8784812647071982,0.0
CNGA1,ESM-2 650M + CaLM,2,0.0,3.9051401519262656,2.415964171943898,0.0
CNGA1,ESM-2 650M + CaLM,3,0.0,4.605455844746347,3.6205454101108834,0.0
CNGA1,ESM-2 650M + CaLM,4,0.0,4.35729542456766,3.1740231120537947,0.0
CNGA1,ESM-2 650M + CaLM,5,0.0,4.0086537388714385,3.4772773059816964,0.0
CNGA1,ESM-1b 650M + CaLM,1,0.0,6.149344483832112,2.12617085714974,0.0
CNGA1,ESM-1b 650M + CaLM,2,0.0,6.30317006071015,3.8401610444266963,0.0
CNGA1,ESM-1b 650M + CaLM,3,0.0,6.389266069723782,3.6610231291792887,0.0
CNGA1,ESM-1b 650M + CaLM,4,0.0,5.51165623623705,3.3923635559037804,0.0
CNGA1,ESM-1b 650M + CaLM,5,0.0,5.008446506279298,3.4868140352921495,0.0
CNGA3,ESM-2 650M + CaLM,1,0.58,2.8403981244090084,3.072118842291194,0.5989751378597953
CNGA3,ESM-2 650M + CaLM,2,0.44,2.7125230389129524,2.741532934886639,0.44262285672546153
CNGA3,ESM-2 650M + CaLM,3,0.38,2.8686166088919025,2.852952445324122,0.37871082437747977
CNGA3,ESM-2 650M + CaLM,4,0.44,2.782269844991604,2.6942098270860426,0.4320911962630209
CNGA3,ESM-2 650M + CaLM,5,0.44,2.9475373972388312,2.935418839099076,0.4389851106600222
CNGA3,ESM-1b 650M + CaLM,1,0.33,3.5310546747076517,2.839286957267094,0.28369045351954875
CNGA3,ESM-1b 650M + CaLM,2,0.5700000000000001,3.697446870186759,2.9144157443666066,0.5109677340771941
CNGA3,ESM-1b 650M + CaLM,3,0.5700000000000001,3.6999912355462445,2.8502672673351572,0.505233176189055
CNGA3,ESM-1b 650M + CaLM,4,0.33,3.5774367386163544,2.8384338236172955,0.2809853545863811
CNGA3,ESM-1b 650M + CaLM,5,0.06,3.402492315808437,2.8619117621172325,0.050953049499683975
CNGB3,ESM-2 650M + CaLM,1,0.92,3.536003087761715,2.525424799654575,0.8914616936553245
CNGB3,ESM-2 650M + CaLM,2,0.45,3.5144371207103435,2.187707303653465,0.33744613348825453
CNGB3,ESM-2 650M + CaLM,3,0.36,3.9212979636632976,2.452721417775643,0.2602655785468208
CNGB3,ESM-2 650M + CaLM,4,0.71,3.940189063433498,2.4588097125348427,0.6044000202656729
CNGB3,ESM-2 650M + CaLM,5,0.36,3.6627502998217607,2.2319007109016007,0.2552652528729789
CNGB3,ESM-1b 650M + CaLM,1,0.91,4.1583896143593915,2.384808669550613,0.8529120766204397
CNGB3,ESM-1b 650M + CaLM,2,0.78,4.3042982387205155,2.3688924856295737,0.6611615572775766
CNGB3,ESM-1b 650M + CaLM,3,0.92,4.183191341419432,2.1927825478003897,0.8577155028522797
CNGB3,ESM-1b 650M + CaLM,4,0.01,4.717045644226173,2.5139843169511873,0.005354582041541769
CNGB3,ESM-1b 650M + CaLM,5,0.79,4.522761432749177,2.368967941684931,0.6633495811211462
CNNM2,ESM-2 650M + CaLM,1,0.0,3.9209732491289806,2.432923448457857,0.0
CNNM2,ESM-2 650M + CaLM,2,0.0,3.470796414304411,2.250946999396901,0.0
CNNM2,ESM-2 650M + CaLM,3,0.0,3.891761313804144,2.736023534240541,0.0
CNNM2,ESM-2 650M + CaLM,4,0.0,4.073621772962598,2.736491078944797,0.0
CNNM2,ESM-2 650M + CaLM,5,0.0,4.087191929612318,2.3299916656989725,0.0
CNNM2,ESM-1b 650M + CaLM,1,0.0,4.714942982597613,2.824131770318531,0.0
CNNM2,ESM-1b 650M + CaLM,2,0.0,4.216038066842628,2.632110234582277,0.0
CNNM2,ESM-1b 650M + CaLM,3,0.0,4.592623135915341,2.5537591571643405,0.0
CNNM2,ESM-1b 650M + CaLM,4,0.0,4.554445719294919,2.4077331045536363,0.0
CNNM2,ESM-1b 650M + CaLM,5,0.0,4.005525607768677,1.8997501768693494,0.0
CNOT3,ESM-2 650M + CaLM,1,0.93,3.250160419537659,3.144056677419479,0.9278082218584053
CNOT3,ESM-2 650M + CaLM,2,0.6900000000000001,3.5686832148635688,3.232365995849556,0.6684398104336853
CNOT3,ESM-2 650M + CaLM,3,0.93,3.7798752170351024,3.7044245336867316,0.9286759491512155
CNOT3,ESM-2 650M + CaLM,4,0.35,3.21746323474711,3.1742534861217164,0.34693030148065224
CNOT3,ESM-2 650M + CaLM,5,0.93,3.6993301713140063,3.5464506970579315,0.927202128824996
CNOT3,ESM-1b 650M + CaLM,1,0.0,5.32673835167373,3.392199115346101,0.0
CNOT3,ESM-1b 650M + CaLM,2,0.24,5.426660130196009,3.484343814644363,0.16858014414671174
CNOT3,ESM-1b 650M + CaLM,3,0.0,5.609176917041154,3.281423942403111,0.0
CNOT3,ESM-1b 650M + CaLM,4,0.24,4.783895663497489,3.5372960214773603,0.18929890984983586
CNOT3,ESM-1b 650M + CaLM,5,0.24,5.2238855491996095,3.0335622586591358,0.15496439245748922
COL10A1,ESM-2 650M + CaLM,1,0.56,3.9781039802307596,3.063834854970818,0.4950061885142858
COL10A1,ESM-2 650M + CaLM,2,0.91,3.94104557293017,3.063801139546746,0.887139051040063
COL10A1,ESM-2 650M + CaLM,3,0.99,3.967752657793919,3.1130713329457707,0.98728943620913
COL10A1,ESM-2 650M + CaLM,4,0.91,4.04705684231297,3.1388949191622717,0.8869056137363457
COL10A1,ESM-2 650M + CaLM,5,0.91,4.088285063058757,2.7659735121753264,0.8724616954824271
COL10A1,ESM-1b 650M + CaLM,1,0.5700000000000001,4.563225439109035,2.9169026923577395,0.4586803920736301
COL10A1,ESM-1b 650M + CaLM,2,0.28,4.76418180849151,3.097264113008021,0.20180222926752628
COL10A1,ESM-1b 650M + CaLM,3,0.15,4.390074071589614,3.0081153315186966,0.1078749711000471
COL10A1,ESM-1b 650M + CaLM,4,0.27,4.492732875901597,3.0547417187278807,0.20094657931019166
COL10A1,ESM-1b 650M + CaLM,5,0.0,4.882082635318342,3.080705732386839,0.0
COL6A2,ESM-2 650M + CaLM,1,0.79,3.8558779322127656,3.5563460195234735,0.7762699798015377
COL6A2,ESM-2 650M + CaLM,2,0.8200000000000001,3.937908291409345,3.574027886460735,0.8052429293079816
COL6A2,ESM-2 650M + CaLM,3,0.65,4.037450180558323,3.6626568390854497,0.627525249192664
COL6A2,ESM-2 650M + CaLM,4,0.95,3.7580433745621016,3.5785028327385717,0.9476227948114467
COL6A2,ESM-2 650M + CaLM,5,0.8200000000000001,3.9429176220945656,3.509344844697326,0.8021610199589234
COL6A2,ESM-1b 650M + CaLM,1,0.85,4.528868454114517,3.62679728323733,0.8194282897927733
COL6A2,ESM-1b 650M + CaLM,2,0.94,4.869346970135417,3.642946772490467,0.9213888340603943
COL6A2,ESM-1b 650M + CaLM,3,0.74,4.54417191158934,3.4860101028394683,0.6858699342025807
COL6A2,ESM-1b 650M + CaLM,4,0.94,4.824273111429851,3.4991675696342366,0.9191162998918285
COL6A2,ESM-1b 650M + CaLM,5,0.94,4.706127349604699,3.632629320118465,0.9236233035256671
COMP,ESM-2 650M + CaLM,1,0.02,3.231020482614985,2.3402878949350585,0.014566685224193568
COMP,ESM-2 650M + CaLM,2,0.02,3.1449492358643085,2.299766474780488,0.014704174958396987
COMP,ESM-2 650M + CaLM,3,0.07,3.3163676204588652,2.382925607517807,0.05130834316905138
COMP,ESM-2 650M + CaLM,4,0.11,3.3148360605814626,2.418252084465956,0.08270839854878216
COMP,ESM-2 650M + CaLM,5,0.11,3.4175113974269378,2.459945728825116,0.0816966764070675
COMP,ESM-1b 650M + CaLM,1,0.21,3.485763967985938,2.370318847372633,0.15308744295856413
COMP,ESM-1b 650M + CaLM,2,0.33,3.4314138746752523,2.364127464720048,0.2533644102433358
COMP,ESM-1b 650M + CaLM,3,0.18,3.5545320277772485,2.279931837511789,0.12342102128255895
COMP,ESM-1b 650M + CaLM,4,0.4,3.652832780955524,2.472617774630463,0.31094808192866363
COMP,ESM-1b 650M + CaLM,5,0.78,3.8855746746735123,2.4269288141103393,0.6889086488692551
COQ4,ESM-2 650M + CaLM,1,0.0,4.685767950096309,2.9956441973999346,0.0
COQ4,ESM-2 650M + CaLM,2,0.0,3.9785908730950004,2.500632616749067,0.0
COQ4,ESM-2 650M + CaLM,3,0.0,4.687029811304652,2.98788309120105,0.0
COQ4,ESM-2 650M + CaLM,4,0.0,3.5995195894580916,2.550645289610303,0.0
COQ4,ESM-2 650M + CaLM,5,0.0,4.4970979790955985,2.5733480508556497,0.0
COQ4,ESM-1b 650M + CaLM,1,0.36,3.840036407158193,2.9808246754187557,0.3039314438156584
COQ4,ESM-1b 650M + CaLM,2,0.31,3.806369702241374,3.15109400377058,0.2711006493794947
COQ4,ESM-1b 650M + CaLM,3,0.36,3.1648076267670167,2.550645289610303,0.3119303730194629
COQ4,ESM-1b 650M + CaLM,4,0.24,3.1305925195726463,2.42276381237683,0.19639296050417157
COQ4,ESM-1b 650M + CaLM,5,0.36,3.124061191853919,2.5605376433408686,0.3155538308246967
COQ8A,ESM-2 650M + CaLM,1,0.17,3.8796997076209205,3.1642535533168057,0.14313798075937942
COQ8A,ESM-2 650M + CaLM,2,0.0,3.91129827375274,3.6777041140430855,0.0
COQ8A,ESM-2 650M + CaLM,3,0.13,4.056332257444176,3.6201816771888655,0.11766670978344104
COQ8A,ESM-2 650M + CaLM,4,0.17,3.792138668748242,3.2911867328223905,0.15093208530377927
COQ8A,ESM-2 650M + CaLM,5,0.17,4.065244265820362,3.4948627397380547,0.14971896001055487
COQ8A,ESM-1b 650M + CaLM,1,0.0,5.04859922948812,3.4102176394423247,0.0
COQ8A,ESM-1b 650M + CaLM,2,0.0,4.818797183617873,3.3700260178779082,0.0
COQ8A,ESM-1b 650M + CaLM,3,0.0,4.616093458137174,3.5618782509801754,0.0
COQ8A,ESM-1b 650M + CaLM,4,0.0,4.7472694305667185,3.4182701119003815,0.0
COQ8A,ESM-1b 650M + CaLM,5,0.0,4.93584406865899,3.5015061215691548,0.0
COQ8B,ESM-2 650M + CaLM,1,0.41,3.239298403095571,2.8543969349327365,0.3797848438995208
COQ8B,ESM-2 650M + CaLM,2,0.41,2.716219080777454,2.6966845780952173,0.4082551588271182
COQ8B,ESM-2 650M + CaLM,3,0.41,3.027703929587322,3.279081230846301,0.4294227605086537
COQ8B,ESM-2 650M + CaLM,4,0.0,3.0864790136773403,3.17589580136673,0.0
COQ8B,ESM-2 650M + CaLM,5,0.0,3.380249076803052,3.3279781835145723,0.0
COQ8B,ESM-1b 650M + CaLM,1,0.0,3.1668392396695637,2.856302785815172,0.0
COQ8B,ESM-1b 650M + CaLM,2,0.0,4.305897644005496,3.0324017494647704,0.0
COQ8B,ESM-1b 650M + CaLM,3,0.0,4.347490306288849,3.3224513983589787,0.0
COQ8B,ESM-1b 650M + CaLM,4,0.0,4.265081509189284,3.2932629077658135,0.0
COQ8B,ESM-1b 650M + CaLM,5,0.0,4.248819506572908,2.8818108993019864,0.0
CPT1A,ESM-2 650M + CaLM,1,0.0,4.12529555734548,2.1825842667433997,0.0
CPT1A,ESM-2 650M + CaLM,2,0.58,3.989288276294492,1.8618771954610098,0.3919186875128387
CPT1A,ESM-2 650M + CaLM,3,0.33,3.8716661107652293,1.9246256750330877,0.19668578275842674
CPT1A,ESM-2 650M + CaLM,4,0.03,3.8368762134387815,2.086899469470825,0.016543538224262192
CPT1A,ESM-2 650M + CaLM,5,0.33,3.577389017337201,1.8446204352079336,0.20253185017720518
CPT1A,ESM-1b 650M + CaLM,1,0.0,3.574953999263604,1.8863824799334088,0.0
CPT1A,ESM-1b 650M + CaLM,2,0.0,3.524711771377585,1.9820207177381766,0.0
CPT1A,ESM-1b 650M + CaLM,3,0.33,3.63264627141073,2.1002038599692585,0.22164391152277496
CPT1A,ESM-1b 650M + CaLM,4,0.0,3.370759851679354,2.0014869899904286,0.0
CPT1A,ESM-1b 650M + CaLM,5,0.0,3.546560299957949,1.907266187851076,0.0
CPT2,ESM-2 650M + CaLM,1,0.36,3.4395857595846904,2.882866747908323,0.3204009105918088
CPT2,ESM-2 650M + CaLM,2,0.49,4.131152341830083,2.907522234959155,0.4034139057389674
CPT2,ESM-2 650M + CaLM,3,0.0,3.851018256731861,2.727621451229255,0.0
CPT2,ESM-2 650M + CaLM,4,0.0,3.5548083991765496,3.0106461881020827,0.0
CPT2,ESM-2 650M + CaLM,5,0.0,3.4776281702375793,2.746324039792676,0.0
CPT2,ESM-1b 650M + CaLM,1,0.0,4.026300619643819,2.4585769873610706,0.0
CPT2,ESM-1b 650M + CaLM,2,0.0,4.18773698350087,2.7773907409986798,0.0
CPT2,ESM-1b 650M + CaLM,3,0.0,3.9893293869815594,3.0143760907569574,0.0
CPT2,ESM-1b 650M + CaLM,4,0.0,4.077403651721723,2.990722132649556,0.0
CPT2,ESM-1b 650M + CaLM,5,0.0,4.08868779954234,3.019715912807511,0.0
CSF1R,ESM-2 650M + CaLM,1,0.07,3.4143661331712876,2.6315901103471124,0.05483178156504857
CSF1R,ESM-2 650M + CaLM,2,0.98,3.429390256047921,2.69336408155677,0.9746729459658894
CSF1R,ESM-2 650M + CaLM,3,0.52,3.4936923758474023,2.5702787707238928,0.44351660441825425
CSF1R,ESM-2 650M + CaLM,4,0.5,3.3335844262107144,2.5967817698245113,0.43787882299083014
CSF1R,ESM-2 650M + CaLM,5,0.98,3.4064751996699405,2.593612482732107,0.9738954389080496
CSF1R,ESM-1b 650M + CaLM,1,0.0,4.739225486470343,2.6123872507218975,0.0
CSF1R,ESM-1b 650M + CaLM,2,0.08,4.329905654933022,2.603518437615823,0.049687900059818324
CSF1R,ESM-1b 650M + CaLM,3,0.08,4.562041600917117,2.5833677443619445,0.04693034978047645
CSF1R,ESM-1b 650M + CaLM,4,0.46,4.653695654783053,2.615730963621433,0.3237785683628032
CSF1R,ESM-1b 650M + CaLM,5,0.08,4.655181511081258,2.66199182137835,0.04736928580582688
CSNK2A1,ESM-2 650M + CaLM,1,0.0,3.596477894616387,2.8401916354507657,0.0
CSNK2A1,ESM-2 650M + CaLM,2,0.0,3.992381482857542,3.2509413072565216,0.0
CSNK2A1,ESM-2 650M + CaLM,3,0.0,3.845131500774148,3.10187961904109,0.0
CSNK2A1,ESM-2 650M + CaLM,4,0.0,4.0056934898257985,3.030773862759699,0.0
CSNK2A1,ESM-2 650M + CaLM,5,0.0,4.007219965262663,3.172836805162966,0.0
CSNK2A1,ESM-1b 650M + CaLM,1,0.0,4.846047099406786,3.1656446866377723,0.0
CSNK2A1,ESM-1b 650M + CaLM,2,0.0,5.35201643109343,3.120616401618461,0.0
CSNK2A1,ESM-1b 650M + CaLM,3,0.0,5.456807887375992,3.2142982454405065,0.0
CSNK2A1,ESM-1b 650M + CaLM,4,0.0,5.2331129401973975,2.9285037729160175,0.0
CSNK2A1,ESM-1b 650M + CaLM,5,0.0,5.446995069040869,3.0219615952804597,0.0
CTCF,ESM-2 650M + CaLM,1,0.0,3.26982438642505,2.7328919171316386,0.0
CTCF,ESM-2 650M + CaLM,2,0.01,3.3861961278973385,2.836199121570436,0.008389393749562872
CTCF,ESM-2 650M + CaLM,3,0.01,3.5709337239086922,3.0094622187020614,0.008440933928285918
CTCF,ESM-2 650M + CaLM,4,0.01,3.3727381842239814,2.7869632631488708,0.00827758311274252
CTCF,ESM-2 650M + CaLM,5,0.0,3.0881246367943413,2.6619226387465567,0.0
CTCF,ESM-1b 650M + CaLM,1,0.49,4.707652780189121,2.7306853935905577,0.35786513994385133
CTCF,ESM-1b 650M + CaLM,2,0.49,4.720603253476432,3.0407907153909797,0.38229360359928005
CTCF,ESM-1b 650M + CaLM,3,0.41,4.455412003334506,2.6424041689805393,0.2918541793444488
CTCF,ESM-1b 650M + CaLM,4,0.41,4.333967456685373,2.735948614837183,0.3049214723213238
CTCF,ESM-1b 650M + CaLM,5,0.49,4.535926983272997,2.8780704731854048,0.37873647322616116
CTNNB1,ESM-2 650M + CaLM,1,0.0,4.5853227569878285,3.357065485708086,0.0
CTNNB1,ESM-2 650M + CaLM,2,0.0,4.360567422405897,3.2876713869994783,0.0
CTNNB1,ESM-2 650M + CaLM,3,0.0,5.024972153064787,3.5528167314147465,0.0
CTNNB1,ESM-2 650M + CaLM,4,0.0,4.476883292955886,3.5827532416902113,0.0
CTNNB1,ESM-2 650M + CaLM,5,0.0,5.144389046264131,3.620783969262978,0.0
CTNNB1,ESM-1b 650M + CaLM,1,0.0,5.773481981489503,3.4546376284184652,0.0
CTNNB1,ESM-1b 650M + CaLM,2,0.0,5.921949886321127,3.4404774490565977,0.0
CTNNB1,ESM-1b 650M + CaLM,3,0.0,5.948322522881815,3.5980004797089276,0.0
CTNNB1,ESM-1b 650M + CaLM,4,0.0,5.831958277129259,3.2586698111874965,0.0
CTNNB1,ESM-1b 650M + CaLM,5,0.0,5.871357541996925,3.619337376174849,0.0
CTNS,ESM-2 650M + CaLM,1,0.61,3.177593094883349,3.31262595310655,0.6198541963842791
CTNS,ESM-2 650M + CaLM,2,0.61,3.8050674730283194,3.587761457993022,0.5959232269861245
CTNS,ESM-2 650M + CaLM,3,0.92,3.3593791249401077,3.4287489871509487,0.9214914766172959
CTNS,ESM-2 650M + CaLM,4,0.27,3.5121939866397143,3.4299039538718668,0.2653525849587576
CTNS,ESM-2 650M + CaLM,5,0.61,3.3782607708763397,3.3787310122561234,0.6100331119868344
CTNS,ESM-1b 650M + CaLM,1,0.48,4.817751295139014,3.243631265788153,0.3832782962582833
CTNS,ESM-1b 650M + CaLM,2,0.48,4.849748714892858,3.5465925909327884,0.40299958150155946
CTNS,ESM-1b 650M + CaLM,3,0.48,4.717899118798706,3.509718109165543,0.40712324710304004
CTNS,ESM-1b 650M + CaLM,4,0.48,4.967517485440689,3.23793841072221,0.37565637027459825
CTNS,ESM-1b 650M + CaLM,5,0.37,4.8720150127401105,3.575155979873519,0.3011735777449707
CUL3,ESM-2 650M + CaLM,1,0.3,3.2584769095919213,2.8440889881302738,0.2722345225822273
CUL3,ESM-2 650M + CaLM,2,0.7000000000000001,2.989626266355451,2.7543134446495077,0.6825071453803592
CUL3,ESM-2 650M + CaLM,3,0.0,2.9166837765575173,3.073541266966503,0.0
CUL3,ESM-2 650M + CaLM,4,0.1,3.3775954327750615,2.824053766361106,0.08500447559751322
CUL3,ESM-2 650M + CaLM,5,0.3,3.0521001057892803,2.362645243604023,0.24911349561410243
CUL3,ESM-1b 650M + CaLM,1,0.6900000000000001,3.8158146283097913,2.3656938385977884,0.5798204780731729
CUL3,ESM-1b 650M + CaLM,2,0.6900000000000001,4.0405148598947305,3.0332490700811507,0.6255988467797426
CUL3,ESM-1b 650M + CaLM,3,0.6900000000000001,4.324607779658051,2.8807091896342185,0.5972054018369339
CUL3,ESM-1b 650M + CaLM,4,0.6900000000000001,4.248511131319244,2.5944023903981077,0.5761300910258983
CUL3,ESM-1b 650M + CaLM,5,0.0,4.002973637924356,2.923340649286013,0.0
CYBB,ESM-2 650M + CaLM,1,0.45,3.1684375973290546,3.227311549395912,0.45456075693127
CYBB,ESM-2 650M + CaLM,2,0.31,3.0714091275783635,3.1737712845911155,0.317055838774047
CYBB,ESM-2 650M + CaLM,3,0.23,3.1772212289024075,3.081685600861945,0.22463770849669557
CYBB,ESM-2 650M + CaLM,4,0.12,3.449216082670823,3.220608606733151,0.11294492136120561
CYBB,ESM-2 650M + CaLM,5,0.23,3.3820991451090006,3.2778969085726533,0.22450461964430826
CYBB,ESM-1b 650M + CaLM,1,0.03,4.106312882127889,3.3761722491437207,0.024798000353981834
CYBB,ESM-1b 650M + CaLM,2,0.0,4.278327527464097,3.1432120979454856,0.0
CYBB,ESM-1b 650M + CaLM,3,0.05,4.048182654715447,3.0933265591964028,0.03866233058401301
CYBB,ESM-1b 650M + CaLM,4,0.05,4.2867810316955195,3.1462609557387626,0.037191999713781905
CYBB,ESM-1b 650M + CaLM,5,0.01,4.21801976772878,3.194399956336218,0.00759164511075033
CYP11B1,ESM-2 650M + CaLM,1,0.0,3.2164177058045715,2.7522633908885856,0.0
CYP11B1,ESM-2 650M + CaLM,2,0.0,3.2634888413463803,3.155846311212801,0.0
CYP11B1,ESM-2 650M + CaLM,3,0.0,3.443563823019817,3.2466735521357486,0.0
CYP11B1,ESM-2 650M + CaLM,4,0.0,2.5478091728286474,2.5862389450985566,0.0
CYP11B1,ESM-2 650M + CaLM,5,0.0,3.3997980810645,3.2293536896601296,0.0
CYP11B1,ESM-1b 650M + CaLM,1,0.3,3.460815851819663,2.8709569516986413,0.26227901384031616
CYP11B1,ESM-1b 650M + CaLM,2,0.55,3.713096265133086,3.0891243256987075,0.5041729668818007
CYP11B1,ESM-1b 650M + CaLM,3,0.0,3.4897781169100464,3.250055650722979,0.0
CYP11B1,ESM-1b 650M + CaLM,4,0.55,3.4960296064167995,3.112764062035096,0.5211258817406894
CYP11B1,ESM-1b 650M + CaLM,5,0.3,3.4162338113337216,2.6790672229263084,0.25154900729711527
CYP11B2,ESM-2 650M + CaLM,1,0.6,4.0426531030226105,3.0098197149570876,0.5275829939665366
CYP11B2,ESM-2 650M + CaLM,2,0.72,4.225314559083841,3.1635686986342537,0.6581517548700252
CYP11B2,ESM-2 650M + CaLM,3,0.72,3.780068760215327,3.166489630344163,0.6829458536025679
CYP11B2,ESM-2 650M + CaLM,4,0.72,4.207344639617455,2.824505005158334,0.6331984738975731
CYP11B2,ESM-2 650M + CaLM,5,0.6,4.012844356610278,2.999802140317786,0.5285965423411436
CYP11B2,ESM-1b 650M + CaLM,1,0.0,4.287917928115642,3.130128214802784,0.0
CYP11B2,ESM-1b 650M + CaLM,2,0.04,4.708518222949135,2.938475403066079,0.02534415716555838
CYP11B2,ESM-1b 650M + CaLM,3,0.04,4.936865916198068,3.0081462085299897,0.02475984613396821
CYP11B2,ESM-1b 650M + CaLM,4,0.04,4.824827834684037,3.0980324690358425,0.026057118623995252
CYP11B2,ESM-1b 650M + CaLM,5,0.01,4.5577121195207155,2.981066784416963,0.006563413575422539
CYP19A1,ESM-2 650M + CaLM,1,0.5,3.2984155135201805,2.4198938838213344,0.42318344735707397
CYP19A1,ESM-2 650M + CaLM,2,0.06,3.1827100277280964,2.393505978269647,0.045803499490296495
CYP19A1,ESM-2 650M + CaLM,3,0.62,2.7712278900213176,2.0004224145759695,0.540813014624184
CYP19A1,ESM-2 650M + CaLM,4,0.62,3.0894506032187716,2.2949540888746456,0.5479194182492348
CYP19A1,ESM-2 650M + CaLM,5,0.62,2.077016477855894,1.8511694464162973,0.5925297888004329
CYP19A1,ESM-1b 650M + CaLM,1,0.0,2.970907371532991,2.533118003014958,0.0
CYP19A1,ESM-1b 650M + CaLM,2,0.4,2.194361264070123,1.5265690969279697,0.3168397529935163
CYP19A1,ESM-1b 650M + CaLM,3,0.4,2.543293719391607,2.1301570915596817,0.35830481004155235
CYP19A1,ESM-1b 650M + CaLM,4,0.4,2.971660883646922,2.2949540888746456,0.3398700689974035
CYP19A1,ESM-1b 650M + CaLM,5,0.0,3.038773135840845,2.3774751626854425,0.0
CYP27A1,ESM-2 650M + CaLM,1,0.78,2.2202663489215735,3.372845481810661,0.8434065237539057
CYP27A1,ESM-2 650M + CaLM,2,0.0,2.748952772764867,3.373353077951249,0.0
CYP27A1,ESM-2 650M + CaLM,3,0.14,2.4746935671615935,2.692384348764785,0.15046235074317676
CYP27A1,ESM-2 650M + CaLM,4,0.14,2.6282077873821756,3.274585509082575,0.16862539395995718
CYP27A1,ESM-2 650M + CaLM,5,0.14,2.2199053418808403,2.3922634705628836,0.14924758938939628
CYP27A1,ESM-1b 650M + CaLM,1,0.0,4.138788211206922,3.1292156169091325,0.0
CYP27A1,ESM-1b 650M + CaLM,2,0.76,3.314448987079439,3.1875837655091526,0.7528092012153601
CYP27A1,ESM-1b 650M + CaLM,3,0.76,3.5426948469606576,2.440588420598847,0.6856867913190795
CYP27A1,ESM-1b 650M + CaLM,4,0.76,3.6738352127932483,3.0772555091781393,0.726210729243234
CYP27A1,ESM-1b 650M + CaLM,5,0.0,3.9198130716370327,3.2640092165678873,0.0
CYP27B1,ESM-2 650M + CaLM,1,0.39,3.240626671192119,2.480329653488524,0.328563909209809
CYP27B1,ESM-2 650M + CaLM,2,0.05,3.198271366414519,2.314420925330001,0.03668933212415319
CYP27B1,ESM-2 650M + CaLM,3,0.39,3.522043401527622,2.337209744212464,0.2978837350946616
CYP27B1,ESM-2 650M + CaLM,4,0.05,3.3654768842231286,2.644340072930296,0.039711722135615544
CYP27B1,ESM-2 650M + CaLM,5,0.0,3.379553607123121,2.4001003044648637,0.0
CYP27B1,ESM-1b 650M + CaLM,1,0.0,3.2204178788211544,2.4140354090963574,0.0
CYP27B1,ESM-1b 650M + CaLM,2,0.0,3.2993659326497884,2.4289766399059585,0.0
CYP27B1,ESM-1b 650M + CaLM,3,0.0,3.71302338625167,2.3602239255632362,0.0
CYP27B1,ESM-1b 650M + CaLM,4,0.0,3.6879312542643734,2.5716824490196055,0.0
CYP27B1,ESM-1b 650M + CaLM,5,0.0,3.370215259314862,2.36280960768291,0.0
CYP4F22,ESM-2 650M + CaLM,1,0.72,3.084374240682536,2.2519656166217406,0.6524704727115
CYP4F22,ESM-2 650M + CaLM,2,0.72,3.1579294748157754,2.446842567895065,0.6658208627180265
CYP4F22,ESM-2 650M + CaLM,3,0.0,3.3870267308627584,2.495169184099327,0.0
CYP4F22,ESM-2 650M + CaLM,4,0.72,3.060373744227872,2.0301772807354643,0.6304266735653509
CYP4F22,ESM-2 650M + CaLM,5,0.42,3.089182347560547,2.6000039760645968,0.37867714472823916
CYP4F22,ESM-1b 650M + CaLM,1,0.0,3.30420584191951,2.4323471204518454,0.0
CYP4F22,ESM-1b 650M + CaLM,2,0.0,3.5753175970476745,2.3759538242962956,0.0
CYP4F22,ESM-1b 650M + CaLM,3,0.0,3.2965085523609186,2.3380863779343826,0.0
CYP4F22,ESM-1b 650M + CaLM,4,0.0,3.7719759095064087,2.3530647305390127,0.0
CYP4F22,ESM-1b 650M + CaLM,5,0.0,3.399281333355868,2.420870249300908,0.0
DARS2,ESM-2 650M + CaLM,1,0.0,3.9906579294098474,2.7046680976172914,0.0
DARS2,ESM-2 650M + CaLM,2,0.35,3.9734928824021436,2.9955442841075524,0.2887302710050905
DARS2,ESM-2 650M + CaLM,3,0.35,3.79002909256776,3.0079478797077512,0.29940038047898976
DARS2,ESM-2 650M + CaLM,4,0.35,3.728096701136167,3.025680872229229,0.30411025980401174
DARS2,ESM-2 650M + CaLM,5,0.11,3.477085831410343,2.1893400851636855,0.07220272499992998
DARS2,ESM-1b 650M + CaLM,1,0.45,4.4578852126385,2.8676033690867198,0.34482427026877005
DARS2,ESM-1b 650M + CaLM,2,0.45,3.9519796500141977,3.0246861711233186,0.3850707859617095
DARS2,ESM-1b 650M + CaLM,3,0.0,4.207252639485685,2.38545394430777,0.0
DARS2,ESM-1b 650M + CaLM,4,0.45,4.080269461614824,2.9654880977455065,0.3729008518689423
DARS2,ESM-1b 650M + CaLM,5,0.0,3.7579003563123052,2.74455566067605,0.0
DBT,ESM-2 650M + CaLM,1,0.0,3.8185239817239345,3.283837751610223,0.0
DBT,ESM-2 650M + CaLM,2,0.14,3.607210000913322,3.1775603322152333,0.12541613787041672
DBT,ESM-2 650M + CaLM,3,0.14,3.7684119999919403,3.5394917452397388,0.13262330842587347
DBT,ESM-2 650M + CaLM,4,0.14,3.310768854503488,3.075975436577636,0.13137583614556092
DBT,ESM-2 650M + CaLM,5,0.14,3.4562992223399007,3.183411495844152,0.13038772098471096
DBT,ESM-1b 650M + CaLM,1,0.86,3.7500614844494273,2.833355307521061,0.8227336864370445
DBT,ESM-1b 650M + CaLM,2,0.85,4.7025136784400035,3.378633632664049,0.8028139416670472
DBT,ESM-1b 650M + CaLM,3,0.86,4.541657233972055,3.0706002599526405,0.8059445590609976
DBT,ESM-1b 650M + CaLM,4,0.86,5.002755710945717,3.383868837298156,0.8060148794345057
DBT,ESM-1b 650M + CaLM,5,0.0,4.991292715610433,3.52459433781455,0.0
DCLRE1C,ESM-2 650M + CaLM,1,0.63,3.2877618352013838,3.27910205557955,0.6293850072105355
DCLRE1C,ESM-2 650M + CaLM,2,0.4,3.0981171399961163,3.3431257609658602,0.4183979507051295
DCLRE1C,ESM-2 650M + CaLM,3,0.47,2.912296595860442,3.0155973932822757,0.4786908307663433
DCLRE1C,ESM-2 650M + CaLM,4,0.6900000000000001,3.265935777632617,2.796576226589348,0.6558758134097938
DCLRE1C,ESM-2 650M + CaLM,5,0.47,3.156595941600022,3.128169210896598,0.46774719428668843
DCLRE1C,ESM-1b 650M + CaLM,1,0.34,3.7318985289770588,3.228246059844081,0.3082587724877783
DCLRE1C,ESM-1b 650M + CaLM,2,0.66,4.559139720360877,3.1367281621549226,0.571834678446641
DCLRE1C,ESM-1b 650M + CaLM,3,0.66,4.1145393686093845,2.9749110192341823,0.583943085753236
DCLRE1C,ESM-1b 650M + CaLM,4,0.34,3.883668483837699,2.8107074347813845,0.27157660684705043
DCLRE1C,ESM-1b 650M + CaLM,5,0.01,4.142118354683093,3.391038723139102,0.008201597552532622
DEAF1,ESM-2 650M + CaLM,1,0.0,3.95660450394428,0.9234684272872622,0.0
DEAF1,ESM-2 650M + CaLM,2,0.0,3.4648850669222324,1.028597465188426,0.0
DEAF1,ESM-2 650M + CaLM,3,0.08,3.661076742713623,1.0287193591868962,0.023850987196260554
DEAF1,ESM-2 650M + CaLM,4,0.08,3.6288552081962178,0.9576603692541905,0.02243316214780269
DEAF1,ESM-2 650M + CaLM,5,0.08,3.479544132508023,0.967765323101931,0.02361409830029756
DEAF1,ESM-1b 650M + CaLM,1,0.0,4.781684607780709,0.9023590243411237,0.0
DEAF1,ESM-1b 650M + CaLM,2,0.0,4.851614842848545,0.9604334059061206,0.0
DEAF1,ESM-1b 650M + CaLM,3,0.0,4.8084819549453535,0.9976158125000087,0.0
DEAF1,ESM-1b 650M + CaLM,4,0.0,4.952973113024624,1.066945293635964,0.0
DEAF1,ESM-1b 650M + CaLM,5,0.0,4.983411338299424,0.985008010851677,0.0
DEGS1,ESM-2 650M + CaLM,1,0.1,3.110213815281764,2.7435221677333503,0.08926247963448346
DEGS1,ESM-2 650M + CaLM,2,0.1,3.9251861540812807,3.807274021269914,0.09728826450855144
DEGS1,ESM-2 650M + CaLM,3,0.86,3.9150697133685055,3.7638744222917744,0.8551905648113627
DEGS1,ESM-2 650M + CaLM,4,0.46,3.9902754638342848,3.6123093753264865,0.43539919709053426
DEGS1,ESM-2 650M + CaLM,5,0.0,4.0406238636655445,3.6996663148069313,0.0
DEGS1,ESM-1b 650M + CaLM,1,0.0,4.3932046895912364,3.0312871367034715,0.0
DEGS1,ESM-1b 650M + CaLM,2,0.0,4.1173878861522075,3.7772386539769447,0.0
DEGS1,ESM-1b 650M + CaLM,3,0.0,4.874717996163496,3.8138730394801312,0.0
DEGS1,ESM-1b 650M + CaLM,4,0.0,4.13526892480697,3.5385060422608134,0.0
DEGS1,ESM-1b 650M + CaLM,5,0.0,4.823888068368547,3.6523867367756098,0.0
DKC1,ESM-2 650M + CaLM,1,0.0,2.9421098658632387,2.6224802943389864,0.0
DKC1,ESM-2 650M + CaLM,2,0.29,2.9307853540886817,2.3832971127469333,0.24933359698562568
DKC1,ESM-2 650M + CaLM,3,0.29,2.730365418287303,2.4018461408684755,0.26433029031593147
DKC1,ESM-2 650M + CaLM,4,0.0,2.8326158709417526,2.555938384236277,0.0
DKC1,ESM-2 650M + CaLM,5,0.29,3.1420609496605993,2.14676770559102,0.21818076042691653
DKC1,ESM-1b 650M + CaLM,1,0.18,3.408672224047782,2.452225546883585,0.136381580755266
DKC1,ESM-1b 650M + CaLM,2,0.66,3.423527601988268,2.546953197807896,0.5908597217078634
DKC1,ESM-1b 650M + CaLM,3,0.66,3.548243330613652,2.3885565465392564,0.566486620055541
DKC1,ESM-1b 650M + CaLM,4,0.41,3.2775063385128,2.486684190521668,0.34522436970775866
DKC1,ESM-1b 650M + CaLM,5,0.66,3.458439418115285,2.2204521030185576,0.5548255693343723
DLL4,ESM-2 650M + CaLM,1,0.3,4.0291382466747026,3.063761205588558,0.24578745392939033
DLL4,ESM-2 650M + CaLM,2,0.3,3.9897450615623296,2.9799156169900525,0.24248009105069201
DLL4,ESM-2 650M + CaLM,3,0.3,4.332153718394132,3.38185268809938,0.25068937741300823
DLL4,ESM-2 650M + CaLM,4,0.3,4.200374841357606,3.315506360950116,0.2527760030209221
DLL4,ESM-2 650M + CaLM,5,0.0,4.280214104026389,3.2383573286056393,0.0
DLL4,ESM-1b 650M + CaLM,1,0.09,4.326045328535982,3.236294336686499,0.06889042402014812
DLL4,ESM-1b 650M + CaLM,2,0.03,4.671531712272818,3.4337137948645613,0.022227575661225248
DLL4,ESM-1b 650M + CaLM,3,0.09,4.411895237262962,3.050595041170971,0.06400777447180926
DLL4,ESM-1b 650M + CaLM,4,0.06,4.386129814006258,3.3499398351895078,0.04648434855460619
DLL4,ESM-1b 650M + CaLM,5,0.09,3.9878605989480347,2.884699436655546,0.06676555710888053
DNAI1,ESM-2 650M + CaLM,1,0.72,3.9187335862861636,3.201156117621688,0.6774778632909179
DNAI1,ESM-2 650M + CaLM,2,0.0,4.151669079899868,2.8538708310717658,0.0
DNAI1,ESM-2 650M + CaLM,3,0.01,4.089831978414248,2.822177452493858,0.006921927551606635
DNAI1,ESM-2 650M + CaLM,4,0.72,4.165321781481454,2.6927006570838725,0.6243874031665175
DNAI1,ESM-2 650M + CaLM,5,0.72,3.8340824127637334,2.4310872717040333,0.6198402120552203
DNAI1,ESM-1b 650M + CaLM,1,0.25,4.710318396963701,2.9159189670629377,0.1710530001010405
DNAI1,ESM-1b 650M + CaLM,2,0.25,4.339653713238021,3.187335529111641,0.19667266336317124
DNAI1,ESM-1b 650M + CaLM,3,0.25,4.4176005458736665,2.3666483680369153,0.15151931516024136
DNAI1,ESM-1b 650M + CaLM,4,0.0,4.517627180220897,2.542264154978045,0.0
DNAI1,ESM-1b 650M + CaLM,5,0.25,4.733898347132281,3.007611230586497,0.17476655845697114
DNM1,ESM-2 650M + CaLM,1,0.65,3.1647250651217447,3.026016536040202,0.6397363707451025
DNM1,ESM-2 650M + CaLM,2,0.68,3.415318342094769,3.1031707858154056,0.6587942309613871
DNM1,ESM-2 650M + CaLM,3,0.34,3.264802151028059,3.1610714840168095,0.33279240792484016
DNM1,ESM-2 650M + CaLM,4,0.68,3.3414510003584437,3.108571000061271,0.6640800459081286
DNM1,ESM-2 650M + CaLM,5,0.64,3.2096917321044613,3.0592892628485866,0.6288699335758445
DNM1,ESM-1b 650M + CaLM,1,0.43,4.687056795359844,3.0761905061198873,0.3311553974955206
DNM1,ESM-1b 650M + CaLM,2,0.15,4.2526185177520315,3.068525926756557,0.11295174629404874
DNM1,ESM-1b 650M + CaLM,3,0.43,4.533062454304324,2.9739929572701174,0.3310713654789308
DNM1,ESM-1b 650M + CaLM,4,0.15,4.523178685841253,3.273076781006896,0.11323792274508386
DNM1,ESM-1b 650M + CaLM,5,0.13,4.343961587896296,3.083880669926687,0.09590669823053818
DNM2,ESM-2 650M + CaLM,1,0.46,3.181969246357931,2.7747679316701315,0.4262235712891762
DNM2,ESM-2 650M + CaLM,2,0.65,3.701282562665049,2.8664051619581845,0.5898677034421732
DNM2,ESM-2 650M + CaLM,3,0.71,3.77564271133526,3.0399817917769747,0.6634406629799823
DNM2,ESM-2 650M + CaLM,4,0.0,3.437014332385341,2.820221946408788,0.0
DNM2,ESM-2 650M + CaLM,5,0.41,3.5368202379692923,2.6747035475071943,0.34448855120211913
DNM2,ESM-1b 650M + CaLM,1,0.0,3.4367309832339497,2.8021035999298785,0.0
DNM2,ESM-1b 650M + CaLM,2,0.0,3.5628255347756044,2.8817328196691467,0.0
DNM2,ESM-1b 650M + CaLM,3,0.0,3.8029608427759722,2.8474749519232136,0.0
DNM2,ESM-1b 650M + CaLM,4,0.0,3.754956960876909,2.599293094709293,0.0
DNM2,ESM-1b 650M + CaLM,5,0.0,3.716944370682379,3.029182211492023,0.0
DOK7,ESM-2 650M + CaLM,1,0.0,1.7937418499715767,0.8912322923779328,0.0
DOK7,ESM-2 650M + CaLM,2,0.0,1.4510247785562878,0.9636682445939894,0.0
DOK7,ESM-2 650M + CaLM,3,0.0,1.8857937040887303,1.0087747042285427,0.0
DOK7,ESM-2 650M + CaLM,4,0.0,1.770500302581353,1.048935781660844,0.0
DOK7,ESM-2 650M + CaLM,5,0.0,1.5722542927926761,0.9083180924699864,0.0
DOK7,ESM-1b 650M + CaLM,1,0.0,3.1503801836042054,1.0335378303135732,0.0
DOK7,ESM-1b 650M + CaLM,2,0.0,3.558218884956742,1.0383447357349886,0.0
DOK7,ESM-1b 650M + CaLM,3,0.09,3.7318564303798603,0.7954974038564258,0.02064687226348289
DOK7,ESM-1b 650M + CaLM,4,0.0,3.8327860649295715,0.9066135941524962,0.0
DOK7,ESM-1b 650M + CaLM,5,0.0,3.8265614106412396,1.0003712051042692,0.0
DPF2,ESM-2 650M + CaLM,1,0.0,3.455234600301416,3.5712186258342595,0.0
DPF2,ESM-2 650M + CaLM,2,0.0,3.6314141270982305,3.6306032557747,0.0
DPF2,ESM-2 650M + CaLM,3,0.0,3.738857966350568,3.725363404993287,0.0
DPF2,ESM-2 650M + CaLM,4,0.0,3.613575900316306,3.767590385095399,0.0
DPF2,ESM-2 650M + CaLM,5,0.0,3.372379923006996,3.3760999731713186,0.0
DPF2,ESM-1b 650M + CaLM,1,0.2,4.585295769011877,3.786310660100706,0.17111339879921703
DPF2,ESM-1b 650M + CaLM,2,0.2,4.680415748844235,3.5142625870639335,0.15804435817320123
DPF2,ESM-1b 650M + CaLM,3,0.0,4.844820544961364,3.4797051199164875,0.0
DPF2,ESM-1b 650M + CaLM,4,0.0,4.390711518908594,3.701506937893696,0.0
DPF2,ESM-1b 650M + CaLM,5,0.2,4.647613934838277,3.6467511247388864,0.1639932185290571
DYRK1A,ESM-2 650M + CaLM,1,0.08,3.7830460158518306,2.863384829327425,0.061752917160583516
DYRK1A,ESM-2 650M + CaLM,2,0.14,3.8962963132180493,2.8951468343345197,0.10790893169046659
DYRK1A,ESM-2 650M + CaLM,3,0.0,3.8671729458427033,2.883329453451086,0.0
DYRK1A,ESM-2 650M + CaLM,4,0.0,3.856833422038478,2.830939656384097,0.0
DYRK1A,ESM-2 650M + CaLM,5,0.0,3.8089253203651725,2.863550686113483,0.0
DYRK1A,ESM-1b 650M + CaLM,1,0.35,5.067918161451023,2.758710276529366,0.2266708075872022
DYRK1A,ESM-1b 650M + CaLM,2,0.42,5.265593708576983,2.913424559528087,0.28605168044237855
DYRK1A,ESM-1b 650M + CaLM,3,0.51,5.28123261972629,2.94097199749414,0.36692903782678166
DYRK1A,ESM-1b 650M + CaLM,4,0.42,5.078799106900971,2.8493619192404367,0.28889574974036314
DYRK1A,ESM-1b 650M + CaLM,5,0.47,5.21214113993127,2.8697162544537886,0.32807116314902957
EBF3,ESM-2 650M + CaLM,1,0.0,1.6971582367776517,0.9327117606120549,0.0
EBF3,ESM-2 650M + CaLM,2,0.87,1.5285295661629734,0.9231459358191336,0.8016572589701063
EBF3,ESM-2 650M + CaLM,3,0.99,1.737821169252925,0.9963743395520575,0.9826873824885859
EBF3,ESM-2 650M + CaLM,4,0.92,1.70875279301383,1.0342625192907886,0.8743820140077401
EBF3,ESM-2 650M + CaLM,5,0.0,1.4153789673308068,0.988059944484112,0.0
EBF3,ESM-1b 650M + CaLM,1,0.44,3.9595646569551333,1.0087840468495313,0.16678996189059087
EBF3,ESM-1b 650M + CaLM,2,0.0,3.935728333216796,0.9055400907834394,0.0
EBF3,ESM-1b 650M + CaLM,3,0.5700000000000001,3.0906254528150985,1.035693583202018,0.30758138277924946
EBF3,ESM-1b 650M + CaLM,4,0.21,3.5430124512865557,0.9126557883944162,0.06408590550519222
EBF3,ESM-1b 650M + CaLM,5,0.78,3.571494531087802,1.0091863189123627,0.5004566524500773
ECEL1,ESM-2 650M + CaLM,1,0.0,3.4939989513132144,2.712384325244645,0.0
ECEL1,ESM-2 650M + CaLM,2,0.0,3.5502844981852393,2.7066104508153663,0.0
ECEL1,ESM-2 650M + CaLM,3,0.0,3.4797213274847456,2.7444459725150057,0.0
ECEL1,ESM-2 650M + CaLM,4,0.0,3.517131753125394,2.7830698397255555,0.0
ECEL1,ESM-2 650M + CaLM,5,0.0,2.8517171327540343,2.8276465632671153,0.0
ECEL1,ESM-1b 650M + CaLM,1,0.67,3.9677302918195525,2.9055209779436537,0.5978713546838352
ECEL1,ESM-1b 650M + CaLM,2,0.19,4.263676992669047,2.913624126982874,0.138149618242629
ECEL1,ESM-1b 650M + CaLM,3,0.32,4.188453307854846,2.670100103732898,0.23076664595894844
ECEL1,ESM-1b 650M + CaLM,4,0.0,4.2802477514042625,2.444152335813524,0.0
ECEL1,ESM-1b 650M + CaLM,5,0.52,4.524180153887128,2.816238096081281,0.4027567540734002
EDA,ESM-2 650M + CaLM,1,0.34,3.001935407762477,2.1776581084796507,0.27203912677658887
EDA,ESM-2 650M + CaLM,2,0.62,3.0887323628052124,2.2900834778048367,0.5474507056370908
EDA,ESM-2 650M + CaLM,3,0.45,2.9541779622068525,2.2519657737408756,0.3841222534322954
EDA,ESM-2 650M + CaLM,4,0.45,2.894694140437944,2.062903812728087,0.3683188993750251
EDA,ESM-2 650M + CaLM,5,0.66,3.0367517904574255,2.338398166876604,0.5991613413330514
EDA,ESM-1b 650M + CaLM,1,0.49,3.833510073358599,2.1714860415631176,0.35243009892945926
EDA,ESM-1b 650M + CaLM,2,0.6,3.9800334797123753,2.3746125632644017,0.4722807426499179
EDA,ESM-1b 650M + CaLM,3,0.23,4.094052563057041,2.125017590108407,0.13422977754489307
EDA,ESM-1b 650M + CaLM,4,0.47,3.9999835435352105,2.1746014790473143,0.32528489448667913
EDA,ESM-1b 650M + CaLM,5,0.3,4.1605933101758525,2.2816423254150293,0.1903003064904732
EDAR,ESM-2 650M + CaLM,1,0.0,2.1147323788094976,1.6915472627432162,0.0
EDAR,ESM-2 650M + CaLM,2,0.0,2.5551817878084675,1.73203743740231,0.0
EDAR,ESM-2 650M + CaLM,3,0.7000000000000001,2.4835733118771905,1.0795944275143017,0.5035461720904353
EDAR,ESM-2 650M + CaLM,4,0.56,2.3992092712865003,1.6455586450600066,0.4660778833533592
EDAR,ESM-2 650M + CaLM,5,0.75,2.38627439932752,1.7133934680146239,0.6829484183896759
EDAR,ESM-1b 650M + CaLM,1,0.75,3.102812438983459,1.6133906961169502,0.6093644110339501
EDAR,ESM-1b 650M + CaLM,2,0.0,2.3881772905743364,1.6864936527669276,0.0
EDAR,ESM-1b 650M + CaLM,3,0.66,3.0609632500378345,1.6638975102400035,0.513428597750707
EDAR,ESM-1b 650M + CaLM,4,0.0,2.9658201808921807,1.7454449382222168,0.0
EDAR,ESM-1b 650M + CaLM,5,0.95,2.9160897392522194,1.2403040268657648,0.8898835258906624
EEF1A2,ESM-2 650M + CaLM,1,0.0,3.194050935626241,2.167216800316832,0.0
EEF1A2,ESM-2 650M + CaLM,2,0.0,2.870771333557088,2.0546704734191477,0.0
EEF1A2,ESM-2 650M + CaLM,3,0.93,3.3222719049612244,2.0861992399729763,0.8929643164995814
EEF1A2,ESM-2 650M + CaLM,4,0.64,3.1594990503643605,2.1326095003315406,0.545448458385079
EEF1A2,ESM-2 650M + CaLM,5,0.0,2.8055518954159204,1.8994019487018992,0.0
EEF1A2,ESM-1b 650M + CaLM,1,0.24,2.035985828674593,2.2404171909826536,0.2578836440414859
EEF1A2,ESM-1b 650M + CaLM,2,0.38,2.127766849473383,1.9515209617656912,0.35985070657775303
EEF1A2,ESM-1b 650M + CaLM,3,0.38,1.8171787985789034,1.893964606291598,0.38979806847965953
EEF1A2,ESM-1b 650M + CaLM,4,0.64,1.902509939492769,2.1074372021212033,0.6632168418815332
EEF1A2,ESM-1b 650M + CaLM,5,0.38,2.0225567443650627,2.118244934090292,0.3909495058526598
EFNB1,ESM-2 650M + CaLM,1,0.0,3.0479256102818946,0.9917047215318564,0.0
EFNB1,ESM-2 650M + CaLM,2,0.0,2.9045090466849177,0.9022108089567424,0.0
EFNB1,ESM-2 650M + CaLM,3,0.0,3.184503232285787,0.8719923931631317,0.0
EFNB1,ESM-2 650M + CaLM,4,0.0,3.1246066818246425,1.0477207839204314,0.0
EFNB1,ESM-2 650M + CaLM,5,0.0,2.8850272081988737,1.0420035689716123,0.0
EFNB1,ESM-1b 650M + CaLM,1,0.0,3.9007433952136896,0.9959356802995442,0.0
EFNB1,ESM-1b 650M + CaLM,2,0.0,3.9619514830428186,1.0381345253104097,0.0
EFNB1,ESM-1b 650M + CaLM,3,0.0,4.0029366866319815,0.9051117967452408,0.0
EFNB1,ESM-1b 650M + CaLM,4,0.0,4.1828571410940585,1.0663076601583554,0.0
EFNB1,ESM-1b 650M + CaLM,5,0.0,4.307106089778608,0.9167639840269866,0.0
EFTUD2,ESM-2 650M + CaLM,1,0.0,3.593299514214285,3.606612234141833,0.0
EFTUD2,ESM-2 650M + CaLM,2,0.0,3.6329519749785013,3.6184019258852667,0.0
EFTUD2,ESM-2 650M + CaLM,3,0.0,3.3414315114118596,3.5940436259401105,0.0
EFTUD2,ESM-2 650M + CaLM,4,0.0,3.2424131793785556,3.2440382172538067,0.0
EFTUD2,ESM-2 650M + CaLM,5,0.0,3.6798647559304185,3.858709526305707,0.0
EFTUD2,ESM-1b 650M + CaLM,1,0.15,4.374400809733353,3.3846616812503445,0.12013877606887605
EFTUD2,ESM-1b 650M + CaLM,2,0.15,4.306471307508888,3.4810983396242534,0.1248401929656729
EFTUD2,ESM-1b 650M + CaLM,3,0.15,4.364683052716565,3.612471898988717,0.12744349142607408
EFTUD2,ESM-1b 650M + CaLM,4,0.0,4.706785704446013,3.6938102914852267,0.0
EFTUD2,ESM-1b 650M + CaLM,5,0.0,4.502873083761082,3.7378802028363496,0.0
EIF2B5,ESM-2 650M + CaLM,1,0.0,2.7398978398586085,2.133044643002011,0.0
EIF2B5,ESM-2 650M + CaLM,2,0.0,2.8463258520662515,2.450935543528867,0.0
EIF2B5,ESM-2 650M + CaLM,3,0.0,2.9686470421862454,2.749528491834333,0.0
EIF2B5,ESM-2 650M + CaLM,4,0.0,2.7721182078594087,2.566033302466969,0.0
EIF2B5,ESM-2 650M + CaLM,5,0.0,2.5413960801831985,2.757741063375052,0.0
EIF2B5,ESM-1b 650M + CaLM,1,0.0,2.875584706734185,2.2436723139160786,0.0
EIF2B5,ESM-1b 650M + CaLM,2,0.29,2.919042859207817,2.6856648949097117,0.27314752676412873
EIF2B5,ESM-1b 650M + CaLM,3,0.33,3.0587444329061317,2.542006664651276,0.2904425278493862
EIF2B5,ESM-1b 650M + CaLM,4,0.33,3.0945890245543746,2.484475111990382,0.28337557444532546
EIF2B5,ESM-1b 650M + CaLM,5,0.33,3.281277817490186,2.623184757072555,0.28251328672561704
ELAC2,ESM-2 650M + CaLM,1,0.0,2.2884156477651016,2.3623116949847494,0.0
ELAC2,ESM-2 650M + CaLM,2,0.0,2.0762782358741423,2.19168497926553,0.0
ELAC2,ESM-2 650M + CaLM,3,0.0,2.103563254533505,1.9459515157086373,0.0
ELAC2,ESM-2 650M + CaLM,4,0.0,2.303610572460103,2.159785577720399,0.0
ELAC2,ESM-2 650M + CaLM,5,0.0,2.3499791104842687,2.265992305981905,0.0
ELAC2,ESM-1b 650M + CaLM,1,0.0,3.446872740162945,1.7534107721786363,0.0
ELAC2,ESM-1b 650M + CaLM,2,0.0,3.450675882950907,2.2742375737880107,0.0
ELAC2,ESM-1b 650M + CaLM,3,0.0,3.863307130264837,2.0289525989834756,0.0
ELAC2,ESM-1b 650M + CaLM,4,0.75,3.954195615894261,2.3773479564273665,0.6433239944724722
ELAC2,ESM-1b 650M + CaLM,5,0.0,3.588934794519033,2.3363084147952975,0.0
ELANE,ESM-2 650M + CaLM,1,0.03,2.9014552758559367,2.719624045180754,0.028172897723281194
ELANE,ESM-2 650M + CaLM,2,0.0,2.78343561761866,2.532866875498148,0.0
ELANE,ESM-2 650M + CaLM,3,0.03,2.9807967038623615,2.66536805465101,0.026910823834422747
ELANE,ESM-2 650M + CaLM,4,0.03,2.9331144364181867,2.5708150848638334,0.026392188373824586
ELANE,ESM-2 650M + CaLM,5,0.0,2.9102009849945496,2.6189355275780053,0.0
ELANE,ESM-1b 650M + CaLM,1,0.0,2.802242085102137,2.6736288507743464,0.0
ELANE,ESM-1b 650M + CaLM,2,0.17,2.802905717286674,2.582208863725031,0.15873925306013256
ELANE,ESM-1b 650M + CaLM,3,0.0,3.0429718044062737,2.6555223764407505,0.0
ELANE,ESM-1b 650M + CaLM,4,0.0,2.9461769214886906,2.6432697612558047,0.0
ELANE,ESM-1b 650M + CaLM,5,0.1,2.648477367113422,2.5434392250689846,0.09641640350276645
ELN,ESM-2 650M + CaLM,1,0.0,1.8422796611475387,1.469470709058187,0.0
ELN,ESM-2 650M + CaLM,2,0.97,2.056973569021012,1.0440831475209762,0.9425677635470407
ELN,ESM-2 650M + CaLM,3,0.97,2.2655985030804575,1.533335499427243,0.9562992303947501
ELN,ESM-2 650M + CaLM,4,0.12,2.2999126480875525,1.4944129226380498,0.08139309315735727
ELN,ESM-2 650M + CaLM,5,0.12,1.623354410559152,1.4218356095186397,0.10669287397803268
ELN,ESM-1b 650M + CaLM,1,0.22,2.14154473607598,1.585129308945387,0.1727119456132788
ELN,ESM-1b 650M + CaLM,2,0.46,2.719901141644812,1.2423175238757926,0.2801012204723789
ELN,ESM-1b 650M + CaLM,3,0.08,2.5518888633559804,1.5036909576896689,0.04874135601466236
ELN,ESM-1b 650M + CaLM,4,0.08,2.586437855164066,1.3623398450850044,0.04379616195152377
ELN,ESM-1b 650M + CaLM,5,0.0,2.5023968553653186,1.267293914703289,0.0
EMD,ESM-2 650M + CaLM,1,0.47,3.567505473823945,2.3177932773931413,0.3655407361150094
EMD,ESM-2 650M + CaLM,2,0.8,3.159957107915288,2.1971552676263277,0.7355369768076472
EMD,ESM-2 650M + CaLM,3,0.47,2.971842134817557,1.859349298335208,0.3568414440358992
EMD,ESM-2 650M + CaLM,4,0.8,3.626437235226907,2.3762870113659496,0.7238385802086371
EMD,ESM-2 650M + CaLM,5,0.8,3.124990538889171,2.3396052416414186,0.7496685471336381
EMD,ESM-1b 650M + CaLM,1,0.74,3.11828967319853,2.305319961218271,0.67784882408364
EMD,ESM-1b 650M + CaLM,2,0.74,3.3606917212828855,2.392465159571421,0.6695490114036037
EMD,ESM-1b 650M + CaLM,3,0.47,2.7775235831940366,1.7384701640007636,0.35693352655557825
EMD,ESM-1b 650M + CaLM,4,0.47,3.347602785273971,2.3177932773931413,0.38041827185778254
EMD,ESM-1b 650M + CaLM,5,0.74,2.7614932381189403,2.3396052416414186,0.7068593561083055
ENG,ESM-2 650M + CaLM,1,0.5700000000000001,2.901521111290425,1.7979087982385946,0.450968145176117
ENG,ESM-2 650M + CaLM,2,0.53,2.9152207028046333,1.7929441464160656,0.40952189790917015
ENG,ESM-2 650M + CaLM,3,0.61,2.9111008592680476,1.5787139358737334,0.4589405346358035
ENG,ESM-2 650M + CaLM,4,0.6,2.785915939723874,1.6358346868664535,0.4683029620078483
ENG,ESM-2 650M + CaLM,5,0.59,3.007182972231321,1.8030860990660476,0.46318209307423375
ENG,ESM-1b 650M + CaLM,1,0.53,2.664867633247737,1.6765988351996988,0.41502196876114433
ENG,ESM-1b 650M + CaLM,2,0.72,2.69210261371521,1.830629261342525,0.6361745709359871
ENG,ESM-1b 650M + CaLM,3,0.65,2.63876686750812,1.73454883179838,0.5497040071907578
ENG,ESM-1b 650M + CaLM,4,0.5700000000000001,2.5591216520414797,1.5826889873105312,0.4504908518545339
ENG,ESM-1b 650M + CaLM,5,0.51,2.737952222575877,1.7821660693439967,0.4038676634644112
ENPP1,ESM-2 650M + CaLM,1,0.63,4.545586053480208,3.161041812267645,0.5421402483041453
ENPP1,ESM-2 650M + CaLM,2,0.0,4.551082721316232,3.2777259573963597,0.0
ENPP1,ESM-2 650M + CaLM,3,0.63,4.695504932455154,3.728549732041489,0.5748410591622591
ENPP1,ESM-2 650M + CaLM,4,0.33,4.720436781339558,2.9542336115674757,0.23561956457316588
ENPP1,ESM-2 650M + CaLM,5,0.19,4.729131229130223,3.4343422537202035,0.14555149885022636
ENPP1,ESM-1b 650M + CaLM,1,0.29,4.753037619765234,3.0918268892273524,0.2099203123498319
ENPP1,ESM-1b 650M + CaLM,2,0.0,4.481111126644572,3.571440474973593,0.0
ENPP1,ESM-1b 650M + CaLM,3,0.0,4.650197296140257,3.133717741626304,0.0
ENPP1,ESM-1b 650M + CaLM,4,0.0,4.440897232255234,3.298231486971465,0.0
ENPP1,ESM-1b 650M + CaLM,5,0.0,4.873970123202059,3.530465210130478,0.0
EPHB4,ESM-2 650M + CaLM,1,0.48,2.912426487650225,2.632369000346838,0.45483715742712166
EPHB4,ESM-2 650M + CaLM,2,0.55,3.1397562388210614,2.7617418965429956,0.5180888850558415
EPHB4,ESM-2 650M + CaLM,3,0.5,3.0208288072301355,2.4690786487611858,0.4497486831160691
EPHB4,ESM-2 650M + CaLM,4,0.48,3.1926534944732503,2.660818142532014,0.43480787585154423
EPHB4,ESM-2 650M + CaLM,5,0.42,3.0773272364899067,2.567257560946473,0.37660191368074997
EPHB4,ESM-1b 650M + CaLM,1,0.34,3.319630700831413,2.7525192088471604,0.29930046753566353
EPHB4,ESM-1b 650M + CaLM,2,0.41,3.4715339520417965,2.694322750316057,0.35036958363101195
EPHB4,ESM-1b 650M + CaLM,3,0.31,3.349319265998812,2.4962895422539675,0.25085246270364914
EPHB4,ESM-1b 650M + CaLM,4,0.41,3.1592790602169303,2.528289492902632,0.3573771704532481
EPHB4,ESM-1b 650M + CaLM,5,0.34,3.3108047154216083,2.6213725712172224,0.2897111284360595
ERF,ESM-2 650M + CaLM,1,0.02,3.884012334077572,2.4956170831358326,0.012943251544586257
ERF,ESM-2 650M + CaLM,2,0.64,3.596324292884598,2.4645803540721967,0.5492085440283621
ERF,ESM-2 650M + CaLM,3,0.49,3.812190720514062,2.2973727953776795,0.3666900198910758
ERF,ESM-2 650M + CaLM,4,0.64,3.67385312402318,2.3654157120591575,0.5337179778593808
ERF,ESM-2 650M + CaLM,5,0.64,2.0222417079647466,1.4785069823292967,0.5651746335501674
ERF,ESM-1b 650M + CaLM,1,0.0,4.4835624276103,2.3978851395837126,0.0
ERF,ESM-1b 650M + CaLM,2,0.0,5.066254685779738,2.4859929474377176,0.0
ERF,ESM-1b 650M + CaLM,3,0.0,4.557227476095372,2.071287047427807,0.0
ERF,ESM-1b 650M + CaLM,4,0.0,4.722409109070542,2.3880962281873415,0.0
ERF,ESM-1b 650M + CaLM,5,0.0,4.186474949090361,1.9101552035554186,0.0
ETFDH,ESM-2 650M + CaLM,1,0.53,2.5916455415060673,2.7500870319623383,0.5447508921985255
ETFDH,ESM-2 650M + CaLM,2,0.71,2.58878387717264,2.5126774379488768,0.703817802026631
ETFDH,ESM-2 650M + CaLM,3,0.65,2.595865119159692,2.8014290539223476,0.6671335809127305
ETFDH,ESM-2 650M + CaLM,4,0.0,2.730953049445434,2.584075545364396,0.0
ETFDH,ESM-2 650M + CaLM,5,0.71,2.627782268615583,2.6798168395094404,0.7140206441016603
ETFDH,ESM-1b 650M + CaLM,1,0.0,2.935815172336882,2.751593634565081,0.0
ETFDH,ESM-1b 650M + CaLM,2,0.18,2.8206299917867703,2.5881119525359915,0.16764936310244924
ETFDH,ESM-1b 650M + CaLM,3,0.22,2.801294189522935,2.73649400164101,0.21601020450769062
ETFDH,ESM-1b 650M + CaLM,4,0.22,2.7472275346267696,2.6541211090813874,0.2141406080238697
ETFDH,ESM-1b 650M + CaLM,5,0.68,2.586833314328169,2.5873995331984605,0.6800476222760639
EXT1,ESM-2 650M + CaLM,1,0.07,3.7258903040618345,3.080536403949889,0.05858576857058632
EXT1,ESM-2 650M + CaLM,2,0.0,3.3426890389140302,2.983242398104477,0.0
EXT1,ESM-2 650M + CaLM,3,0.07,3.742763014322087,3.375646471184223,0.06357038742066803
EXT1,ESM-2 650M + CaLM,4,0.07,3.8619376313576494,3.065488709779189,0.05637774875504408
EXT1,ESM-2 650M + CaLM,5,0.07,3.565314356861697,3.291983306601349,0.06498224979154281
EXT1,ESM-1b 650M + CaLM,1,0.28,4.7032460424602,3.167717582672523,0.20755887088781058
EXT1,ESM-1b 650M + CaLM,2,0.49,4.8350931096175875,3.203100895280524,0.3889361292813572
EXT1,ESM-1b 650M + CaLM,3,0.44,4.538831135048283,3.069337258177172,0.34697336115585814
EXT1,ESM-1b 650M + CaLM,4,0.49,4.692326543697305,3.1503946326746672,0.392120821168994
EXT1,ESM-1b 650M + CaLM,5,0.49,4.635209062850883,3.195651394705227,0.39845765713843523
EXT2,ESM-2 650M + CaLM,1,0.45,3.6892820793788528,3.756387402444265,0.4544652934829729
EXT2,ESM-2 650M + CaLM,2,0.34,4.088449539516962,3.4679289318373834,0.3040887657664611
EXT2,ESM-2 650M + CaLM,3,0.13,3.8563165012465874,3.900742322341417,0.1313009945259152
EXT2,ESM-2 650M + CaLM,4,0.48,3.9131017707895155,3.30168552530824,0.43783827813726334
EXT2,ESM-2 650M + CaLM,5,0.59,2.93090186234149,3.7035899233705374,0.6451889436209393
EXT2,ESM-1b 650M + CaLM,1,0.31,5.846186730871356,3.9449356902701935,0.23263778685853037
EXT2,ESM-1b 650M + CaLM,2,0.31,5.734649893589397,3.4518145589625364,0.21286427275611758
EXT2,ESM-1b 650M + CaLM,3,0.09,6.104596953265292,3.4661586358599124,0.053169757309685955
EXT2,ESM-1b 650M + CaLM,4,0.0,5.09142307498077,3.7729026725534034,0.0
EXT2,ESM-1b 650M + CaLM,5,0.31,5.810075693482324,3.4666687383715615,0.21139806017923296
EYA1,ESM-2 650M + CaLM,1,0.18,3.6744579147214433,2.8038348033559184,0.1434697956591237
EYA1,ESM-2 650M + CaLM,2,0.18,3.649251665992297,2.5116117480004623,0.13125074802111894
EYA1,ESM-2 650M + CaLM,3,0.18,3.4144432758969177,2.5418126538916335,0.14045880905692845
EYA1,ESM-2 650M + CaLM,4,0.06,3.973499020339521,2.7865911813106305,0.04284553541302687
EYA1,ESM-2 650M + CaLM,5,0.0,3.5148262729999455,2.589724629656929,0.0
EYA1,ESM-1b 650M + CaLM,1,0.37,4.847302794395267,2.6005635314992235,0.23959319878358928
EYA1,ESM-1b 650M + CaLM,2,0.2,4.691891397443539,2.763958136433474,0.12836797672007083
EYA1,ESM-1b 650M + CaLM,3,0.37,4.147837534389654,2.618435198230449,0.2704724181930215
EYA1,ESM-1b 650M + CaLM,4,0.37,4.836244379410897,2.8349130165223735,0.25609897125098
EYA1,ESM-1b 650M + CaLM,5,0.37,4.436459196998617,2.4228603843238563,0.24284868363184064
EZH2,ESM-2 650M + CaLM,1,0.99,3.061848118412696,2.2309420827418927,0.9863264639705585
EZH2,ESM-2 650M + CaLM,2,0.99,2.7605284216510833,2.2295348502257335,0.9876477845843331
EZH2,ESM-2 650M + CaLM,3,0.8,2.897732351250168,2.4187078460844806,0.769519374712112
EZH2,ESM-2 650M + CaLM,4,0.99,2.8391977438155873,2.3030677214533686,0.9877007362273023
EZH2,ESM-2 650M + CaLM,5,0.8200000000000001,2.834781900779746,2.5172104518561844,0.8017922499310557
EZH2,ESM-1b 650M + CaLM,1,0.34,4.491407420280187,2.3033081034607585,0.20897516761584256
EZH2,ESM-1b 650M + CaLM,2,0.34,4.279722626921616,2.267128692389964,0.21438922848375613
EZH2,ESM-1b 650M + CaLM,3,0.34,4.491321291628823,2.4478691931166936,0.21921904270421005
EZH2,ESM-1b 650M + CaLM,4,0.0,4.439072999903849,2.3850175051452087,0.0
EZH2,ESM-1b 650M + CaLM,5,0.34,4.592668508877114,2.3149305085889553,0.2061360391069609
F11,ESM-2 650M + CaLM,1,0.0,3.351922466772687,3.158025055269906,0.0
F11,ESM-2 650M + CaLM,2,0.0,2.939328834165424,3.145583551663375,0.0
F11,ESM-2 650M + CaLM,3,0.16,3.058080459736431,2.556989335225491,0.137384561550192
F11,ESM-2 650M + CaLM,4,0.13,3.3053327507402503,3.26950937686811,0.12877248662446877
F11,ESM-2 650M + CaLM,5,0.16,3.208530657579368,3.0834429364599085,0.15472739467581817
F11,ESM-1b 650M + CaLM,1,0.09,3.543528683963314,3.0404890365425272,0.07822300096441873
F11,ESM-1b 650M + CaLM,2,0.0,3.8030781928010384,3.309725607993213,0.0
F11,ESM-1b 650M + CaLM,3,0.0,3.469434248466478,2.751293810540758,0.0
F11,ESM-1b 650M + CaLM,4,0.09,3.4252278058736585,3.1753104499799667,0.08398477107946385
F11,ESM-1b 650M + CaLM,5,0.09,3.5416879237894743,2.9965701684739052,0.07721731808303439
F2,ESM-2 650M + CaLM,1,0.39,4.159155102074694,2.388042541745949,0.2685188841333983
F2,ESM-2 650M + CaLM,2,0.39,3.5095841967396266,2.1438916884767676,0.2808625583711863
F2,ESM-2 650M + CaLM,3,0.58,3.731319526117888,2.5056407038523747,0.4811479241787514
F2,ESM-2 650M + CaLM,4,0.0,3.741350278244635,1.874031141784149,0.0
F2,ESM-2 650M + CaLM,5,0.19,4.1241192354933,2.461864128526956,0.1228252287609344
F2,ESM-1b 650M + CaLM,1,0.44,3.3909156879067823,2.2939341686806705,0.347058601988645
F2,ESM-1b 650M + CaLM,2,0.59,4.359254512549448,2.261065060547018,0.4273920060854451
F2,ESM-1b 650M + CaLM,3,0.0,4.638016311962119,2.297794123379379,0.0
F2,ESM-1b 650M + CaLM,4,0.39,4.503510239095861,2.122164825466809,0.23152277961858966
F2,ESM-1b 650M + CaLM,5,0.03,4.546296766981835,2.427778600829576,0.016247504466125898
F7,ESM-2 650M + CaLM,1,0.06,3.416746244231022,3.1424537687543257,0.05545035818975074
F7,ESM-2 650M + CaLM,2,0.06,3.293340115897135,3.3369287362188196,0.06074588332155284
F7,ESM-2 650M + CaLM,3,0.1,3.292145887365679,3.316890908983153,0.10067596617584587
F7,ESM-2 650M + CaLM,4,0.32,3.110895081522061,3.3408601359645798,0.33571381656641164
F7,ESM-2 650M + CaLM,5,0.05,3.0798188723678717,2.9582493320437035,0.048121326975391066
F7,ESM-1b 650M + CaLM,1,0.0,3.2389014105285026,3.303817932848296,0.0
F7,ESM-1b 650M + CaLM,2,0.41,3.543821552606069,3.237099750577144,0.38829298430907816
F7,ESM-1b 650M + CaLM,3,0.0,3.648017278849622,3.1651030480696245,0.0
F7,ESM-1b 650M + CaLM,4,0.41,3.315019418667552,3.3341608236024536,0.4113934669379677
F7,ESM-1b 650M + CaLM,5,0.41,3.464281726040418,3.070500449276242,0.38115938440720365
F9,ESM-2 650M + CaLM,1,0.43,3.2852932954218135,3.279100142962722,0.42953758371890643
F9,ESM-2 650M + CaLM,2,0.43,3.632999172160303,3.430920172898808,0.4160326865981349
F9,ESM-2 650M + CaLM,3,0.66,3.4617836091409324,3.344244178830548,0.652206196724605
F9,ESM-2 650M + CaLM,4,0.5,3.572260861365565,3.451427414373037,0.4913981485048309
F9,ESM-2 650M + CaLM,5,0.43,3.4498528467249328,3.3122911112041282,0.42005622188788355
F9,ESM-1b 650M + CaLM,1,0.58,3.688143011080443,3.3614030811625732,0.5572500209221153
F9,ESM-1b 650M + CaLM,2,0.56,3.5701213885813385,3.497920407273069,0.554959804502441
F9,ESM-1b 650M + CaLM,3,0.33,3.5270999691393214,3.259172339346933,0.31277282777113496
F9,ESM-1b 650M + CaLM,4,0.3,3.6877081507147,3.2323287160389373,0.2730703629202648
F9,ESM-1b 650M + CaLM,5,0.02,3.6805284027235072,3.456003347820643,0.018802871136298603
FA2H,ESM-2 650M + CaLM,1,0.0,3.1310156086469716,3.284311161314461,0.0
FA2H,ESM-2 650M + CaLM,2,0.0,2.529146728197758,3.172108949866242,0.0
FA2H,ESM-2 650M + CaLM,3,0.0,3.3710042254754256,3.4741953172378084,0.0
FA2H,ESM-2 650M + CaLM,4,0.0,3.212987730352474,2.943250742443302,0.0
FA2H,ESM-2 650M + CaLM,5,0.0,3.223857023519887,3.0187015571793467,0.0
FA2H,ESM-1b 650M + CaLM,1,0.34,3.8011115532691955,3.318603099170154,0.3102300934189766
FA2H,ESM-1b 650M + CaLM,2,0.34,4.798439497439982,2.891695111260597,0.23690160336856222
FA2H,ESM-1b 650M + CaLM,3,0.34,4.709232542223888,3.4830757476166037,0.2758975211803124
FA2H,ESM-1b 650M + CaLM,4,0.0,4.449070473917061,2.881673602133479,0.0
FA2H,ESM-1b 650M + CaLM,5,0.34,4.271333771174604,3.2841287308923914,0.28371275544377716
FARS2,ESM-2 650M + CaLM,1,0.0,3.4051888219360436,3.4284043226277308,0.0
FARS2,ESM-2 650M + CaLM,2,0.0,3.7095237055289414,3.6338011184811116,0.0
FARS2,ESM-2 650M + CaLM,3,0.09,3.4600092141081995,3.469733375672764,0.09023011714426227
FARS2,ESM-2 650M + CaLM,4,0.09,3.4467444340014644,3.1079381510334465,0.08187757939317707
FARS2,ESM-2 650M + CaLM,5,0.09,3.334772019956332,3.4640673752777973,0.09316437436680748
FARS2,ESM-1b 650M + CaLM,1,0.14,3.3685092445507276,3.456313732948778,0.14312696833487445
FARS2,ESM-1b 650M + CaLM,2,0.0,3.87696768106022,3.5133111643528845,0.0
FARS2,ESM-1b 650M + CaLM,3,0.14,3.3777466474533773,3.5455057572709547,0.14593849268201345
FARS2,ESM-1b 650M + CaLM,4,0.14,3.5650562912535033,3.209779237174325,0.1278317229478349
FARS2,ESM-1b 650M + CaLM,5,0.08,3.7511455993679927,3.42132929283566,0.07348294165550129
FARSB,ESM-2 650M + CaLM,1,0.0,4.156438241367889,4.470973974982301,0.0
FARSB,ESM-2 650M + CaLM,2,0.0,3.7702614225867204,3.513800969518054,0.0
FARSB,ESM-2 650M + CaLM,3,0.0,4.903598979204545,4.034943905671597,0.0
FARSB,ESM-2 650M + CaLM,4,0.0,4.744619728400724,4.087885473076884,0.0
FARSB,ESM-2 650M + CaLM,5,0.0,4.5636314398598135,4.247688510605659,0.0
FARSB,ESM-1b 650M + CaLM,1,0.65,7.464977160115094,4.420018346132098,0.5237223472122542
FARSB,ESM-1b 650M + CaLM,2,0.0,6.592217541697741,4.248095961961035,0.0
FARSB,ESM-1b 650M + CaLM,3,0.48,5.7286633012962636,3.671003059343977,0.3716698014575614
FARSB,ESM-1b 650M + CaLM,4,0.62,6.857829237585907,4.247688510605659,0.5026330322728656
FARSB,ESM-1b 650M + CaLM,5,0.65,5.839202457598183,3.661029982459851,0.5379741105749176
FBXO11,ESM-2 650M + CaLM,1,0.0,3.4615458061518467,2.131404622242565,0.0
FBXO11,ESM-2 650M + CaLM,2,0.02,3.3956169630931967,1.9971855630917708,0.011861010202756326
FBXO11,ESM-2 650M + CaLM,3,0.02,3.543005246442108,2.2051883870485653,0.012542845765240576
FBXO11,ESM-2 650M + CaLM,4,0.51,3.3350678963270153,1.9521137476246018,0.3785811353582263
FBXO11,ESM-2 650M + CaLM,5,0.02,3.5501959681159,1.9837057843917774,0.011274687309437184
FBXO11,ESM-1b 650M + CaLM,1,0.24,4.737574754541495,2.0264449684514405,0.11900128785240548
FBXO11,ESM-1b 650M + CaLM,2,0.01,4.598818614278974,2.076769739637036,0.004540778797427058
FBXO11,ESM-1b 650M + CaLM,3,0.06,4.650791516930829,2.0738745979780933,0.027675175969859193
FBXO11,ESM-1b 650M + CaLM,4,0.25,4.512618330817283,2.050697258749261,0.13155148891977786
FBXO11,ESM-1b 650M + CaLM,5,0.02,4.6190857901698035,2.047345684180332,0.008964545187610178
FBXO7,ESM-2 650M + CaLM,1,0.0,3.842931127878024,2.1298687964402787,0.0
FBXO7,ESM-2 650M + CaLM,2,0.0,3.6255690727203356,1.6793506145327854,0.0
FBXO7,ESM-2 650M + CaLM,3,0.0,3.632294607783933,1.8790878909054878,0.0
FBXO7,ESM-2 650M + CaLM,4,0.0,4.099452630312369,2.1804277606234996,0.0
FBXO7,ESM-2 650M + CaLM,5,0.0,3.970312816193093,2.1238793664045956,0.0
FBXO7,ESM-1b 650M + CaLM,1,0.0,3.1086846693627916,2.215523068413279,0.0
FBXO7,ESM-1b 650M + CaLM,2,0.0,3.334408106863807,1.8367797585409364,0.0
FBXO7,ESM-1b 650M + CaLM,3,0.0,3.1120528670151457,1.6440254974397626,0.0
FBXO7,ESM-1b 650M + CaLM,4,0.0,3.084274557384607,2.178648247793618,0.0
FBXO7,ESM-1b 650M + CaLM,5,0.0,3.265675189811504,2.1295926274841013,0.0
FECH,ESM-2 650M + CaLM,1,0.0,3.204381042927133,3.0077991500158343,0.0
FECH,ESM-2 650M + CaLM,2,0.0,3.2208517532342245,3.119295231936688,0.0
FECH,ESM-2 650M + CaLM,3,0.0,3.2780322767661203,2.9635983273059785,0.0
FECH,ESM-2 650M + CaLM,4,0.0,3.1691503273315056,2.6736726117880236,0.0
FECH,ESM-2 650M + CaLM,5,0.0,2.869584298013926,2.7104662276921707,0.0
FECH,ESM-1b 650M + CaLM,1,0.0,5.01257938524084,3.2540028202397258,0.0
FECH,ESM-1b 650M + CaLM,2,0.0,4.933115982909415,2.8387827926778155,0.0
FECH,ESM-1b 650M + CaLM,3,0.0,4.837579408003074,2.6736726117880236,0.0
FECH,ESM-1b 650M + CaLM,4,0.0,4.447909485440247,2.7685539629945675,0.0
FECH,ESM-1b 650M + CaLM,5,0.0,4.634467320342996,2.9635983273059785,0.0
FGD1,ESM-2 650M + CaLM,1,0.0,3.0381711699240332,2.055885031664767,0.0
FGD1,ESM-2 650M + CaLM,2,0.0,2.7479853291843996,1.7631113175747395,0.0
FGD1,ESM-2 650M + CaLM,3,0.0,2.8327867560154,2.205641985663398,0.0
FGD1,ESM-2 650M + CaLM,4,0.0,3.026495042531581,2.071906133666145,0.0
FGD1,ESM-2 650M + CaLM,5,0.0,2.799774180902935,2.23989676187216,0.0
FGD1,ESM-1b 650M + CaLM,1,0.33,3.8048409257984326,2.275599827830575,0.2275467875883176
FGD1,ESM-1b 650M + CaLM,2,0.0,3.4841435247021475,1.7437211364019076,0.0
FGD1,ESM-1b 650M + CaLM,3,0.0,3.9745401686967683,2.284674992353375,0.0
FGD1,ESM-1b 650M + CaLM,4,0.33,3.7595079090814205,2.1818141458381954,0.22229941236139691
FGD1,ESM-1b 650M + CaLM,5,0.0,3.6751043104630927,1.8327569630735199,0.0
FGFR1,ESM-2 650M + CaLM,1,0.09,3.0471367744515976,2.83150462760209,0.0841671570715647
FGFR1,ESM-2 650M + CaLM,2,0.05,3.351752184239135,3.0456181351364022,0.04564165894159778
FGFR1,ESM-2 650M + CaLM,3,0.0,3.2116367076687067,2.9124281402322976,0.0
FGFR1,ESM-2 650M + CaLM,4,0.05,3.3512254278182483,2.9997499547729705,0.04499195275883512
FGFR1,ESM-2 650M + CaLM,5,0.0,3.101976773336091,2.992050725800587,0.0
FGFR1,ESM-1b 650M + CaLM,1,0.0,3.290738949703925,3.0983016454665275,0.0
FGFR1,ESM-1b 650M + CaLM,2,0.0,3.2127149304263343,2.866454225436991,0.0
FGFR1,ESM-1b 650M + CaLM,3,0.0,3.1759982123396986,2.975404338826535,0.0
FGFR1,ESM-1b 650M + CaLM,4,0.0,3.067275425127742,2.9111116650662634,0.0
FGFR1,ESM-1b 650M + CaLM,5,0.0,3.304669545336386,2.934989403186405,0.0
FGFR2,ESM-2 650M + CaLM,1,0.3,3.777183473050647,2.9259704412067635,0.24924364140061278
FGFR2,ESM-2 650M + CaLM,2,0.75,4.21534073736225,3.0250268992335383,0.6828286628863918
FGFR2,ESM-2 650M + CaLM,3,0.7000000000000001,4.019988673822697,2.960576868408179,0.6321387105564568
FGFR2,ESM-2 650M + CaLM,4,0.7000000000000001,4.02017558517284,3.022873649282207,0.6369568460950803
FGFR2,ESM-2 650M + CaLM,5,0.8,4.0989119934136955,2.870844367732722,0.7369505936343417
FGFR2,ESM-1b 650M + CaLM,1,0.3,3.5814192053290443,2.9071414947872096,0.25809629333284934
FGFR2,ESM-1b 650M + CaLM,2,0.43,3.630187418309306,2.96726165720994,0.3814269591754844
FGFR2,ESM-1b 650M + CaLM,3,0.43,3.7663333428074655,3.018519629999439,0.37679210581871037
FGFR2,ESM-1b 650M + CaLM,4,0.43,3.6123100750660315,2.9315675902860017,0.3797377861490274
FGFR2,ESM-1b 650M + CaLM,5,0.43,3.9193852761780077,2.9871477909046558,0.36506042239546665
FGFR3,ESM-2 650M + CaLM,1,0.68,3.2940627451719235,2.0416034405622687,0.5684145865172273
FGFR3,ESM-2 650M + CaLM,2,0.68,3.0505178707324423,1.9687386342886508,0.5783133831357221
FGFR3,ESM-2 650M + CaLM,3,0.68,3.265729969418749,2.06040786529181,0.5727775164576957
FGFR3,ESM-2 650M + CaLM,4,0.67,3.538667010282776,2.270862588863237,0.5657654351977319
FGFR3,ESM-2 650M + CaLM,5,0.65,3.4072557126958687,2.229511695535128,0.548574962238559
FGFR3,ESM-1b 650M + CaLM,1,0.97,3.8406227195499594,2.0837471140365738,0.946070116696042
FGFR3,ESM-1b 650M + CaLM,2,0.97,3.833972880315491,2.2340559371584274,0.9495983818264054
FGFR3,ESM-1b 650M + CaLM,3,0.34,3.9306155469268207,2.137740985820818,0.21885684302622788
FGFR3,ESM-1b 650M + CaLM,4,0.52,3.7877409601737506,2.1503901158150955,0.3808179705933909
FGFR3,ESM-1b 650M + CaLM,5,0.5700000000000001,3.6718240021783908,1.9991462681485044,0.4191856752422261
FH,ESM-2 650M + CaLM,1,0.96,3.277745467585086,2.035798639998522,0.937131961026793
FH,ESM-2 650M + CaLM,2,0.8300000000000001,3.4004591443680665,2.057623372408947,0.7471120016702556
FH,ESM-2 650M + CaLM,3,0.91,3.297566052675486,1.818864900794599,0.847956531597107
FH,ESM-2 650M + CaLM,4,0.96,3.256677966315312,1.9645133893483213,0.9353897825443359
FH,ESM-2 650M + CaLM,5,0.96,3.1630960809967106,2.101119861228863,0.9409759714616048
FH,ESM-1b 650M + CaLM,1,0.31,2.566744927317092,1.9460204854284555,0.254079593934561
FH,ESM-1b 650M + CaLM,2,0.0,2.8121248747577745,2.082251151857088,0.0
FH,ESM-1b 650M + CaLM,3,0.11,2.6995258229765833,2.0690926635017486,0.08653413487761379
FH,ESM-1b 650M + CaLM,4,0.31,2.716769245319253,1.9136832439886646,0.24039175797415654
FH,ESM-1b 650M + CaLM,5,0.31,2.578347467101544,1.9954277027129332,0.25799618962543536
FLCN,ESM-2 650M + CaLM,1,0.25,1.428352201555073,2.63759074792264,0.38100897150808105
FLCN,ESM-2 650M + CaLM,2,0.25,3.607825725848852,2.468363092486018,0.1857051425791749
FLCN,ESM-2 650M + CaLM,3,0.24,3.236770911389899,2.4158529432648304,0.1907408807047173
FLCN,ESM-2 650M + CaLM,4,0.19,3.424806241623662,2.735599733208749,0.1577979701355446
FLCN,ESM-2 650M + CaLM,5,0.37,3.368272117200624,2.6588536970566805,0.3167557119437909
FLCN,ESM-1b 650M + CaLM,1,0.0,2.345235008173502,2.5883499964707974,0.0
FLCN,ESM-1b 650M + CaLM,2,0.44,2.6799420043059956,2.4417474927410416,0.41720853652194434
FLCN,ESM-1b 650M + CaLM,3,0.0,2.6483264758812837,2.4158529432648304,0.0
FLCN,ESM-1b 650M + CaLM,4,0.0,2.676668782689499,2.7768376983970318,0.0
FLCN,ESM-1b 650M + CaLM,5,0.0,2.1963298730103915,2.8032550133745597,0.0
FMO3,ESM-2 650M + CaLM,1,0.27,3.2911892989646154,2.6229565793856624,0.22766038031960323
FMO3,ESM-2 650M + CaLM,2,0.21,2.973508194668736,2.382572885896234,0.17559424354898712
FMO3,ESM-2 650M + CaLM,3,0.27,2.9146975952018788,2.7522878218985967,0.2588496437448178
FMO3,ESM-2 650M + CaLM,4,0.27,3.008652407107033,2.2800980297837645,0.21893279067101784
FMO3,ESM-2 650M + CaLM,5,0.27,2.7124360427845025,2.5614456084024595,0.2588608136755299
FMO3,ESM-1b 650M + CaLM,1,0.72,3.623122807418823,2.40047585576732,0.6301341339022745
FMO3,ESM-1b 650M + CaLM,2,0.12,3.72188572512374,2.793905165128984,0.09285861082830589
FMO3,ESM-1b 650M + CaLM,3,0.86,3.7459284830784956,2.587523011710832,0.8092773647931805
FMO3,ESM-1b 650M + CaLM,4,0.79,3.6010886812571927,2.4185999660795607,0.7164414804829458
FMO3,ESM-1b 650M + CaLM,5,0.79,2.914062288980616,2.50017818901225,0.7634592650418913
FOXF1,ESM-2 650M + CaLM,1,0.04,2.97404251649125,3.3184886521323604,0.044426883147731404
FOXF1,ESM-2 650M + CaLM,2,0.04,2.6544966426302548,3.0395344093746783,0.0455378330535608
FOXF1,ESM-2 650M + CaLM,3,0.04,2.6484243436591015,3.0053809852319526,0.04514782799566477
FOXF1,ESM-2 650M + CaLM,4,0.0,2.8314464913006656,3.2884423071601363,0.0
FOXF1,ESM-2 650M + CaLM,5,0.04,2.9382793681874246,3.188447875872101,0.04325832376559816
FOXF1,ESM-1b 650M + CaLM,1,0.0,5.282650249251035,3.2849163762047406,0.0
FOXF1,ESM-1b 650M + CaLM,2,0.72,5.148606124219698,3.274174505165466,0.6205306957878495
FOXF1,ESM-1b 650M + CaLM,3,0.72,5.332075732702411,3.2140711559622135,0.6078442048438998
FOXF1,ESM-1b 650M + CaLM,4,0.72,5.194416127466355,3.1170024177470412,0.6067685765456937
FOXF1,ESM-1b 650M + CaLM,5,0.72,4.947268106522522,2.9408202356376205,0.6045152373092817
FOXG1,ESM-2 650M + CaLM,1,0.94,2.929536926066144,3.098022963738973,0.9430773567967465
FOXG1,ESM-2 650M + CaLM,2,0.98,2.935011688213727,3.0745062926656237,0.9808900868083863
FOXG1,ESM-2 650M + CaLM,3,0.99,2.9975626010299092,3.1375945862983494,0.9904420378766041
FOXG1,ESM-2 650M + CaLM,4,0.98,2.967598934472555,3.051161924757792,0.9805370846444668
FOXG1,ESM-2 650M + CaLM,5,0.99,2.9483623672837904,2.960495523764947,0.9900405753601961
FOXG1,ESM-1b 650M + CaLM,1,0.48,5.454283593925212,2.9903069844910672,0.33602299212128695
FOXG1,ESM-1b 650M + CaLM,2,0.46,5.590456262821331,3.1093227437449382,0.3214756379066992
FOXG1,ESM-1b 650M + CaLM,3,0.43,5.569012789902976,3.0320186835105294,0.2911427801568667
FOXG1,ESM-1b 650M + CaLM,4,0.26,5.40624506038512,3.135321812103263,0.16927256574278915
FOXG1,ESM-1b 650M + CaLM,5,0.46,5.4954812525033,3.055743011102197,0.3214216708767377
FOXH1,ESM-2 650M + CaLM,1,0.01,1.9476163380764535,2.6817236915914298,0.013717555562403295
FOXH1,ESM-2 650M + CaLM,2,0.72,2.478670666401819,2.517139568993952,0.723094250288757
FOXH1,ESM-2 650M + CaLM,3,0.73,2.451148515696321,2.547204723887582,0.7375091846692668
FOXH1,ESM-2 650M + CaLM,4,0.73,2.596949789361428,2.8157122918129285,0.7456415015652949
FOXH1,ESM-2 650M + CaLM,5,0.73,2.2155644852316914,2.6678440513374126,0.7650172063050513
FOXH1,ESM-1b 650M + CaLM,1,0.94,5.06482181824341,2.6409769242166634,0.8909386741742455
FOXH1,ESM-1b 650M + CaLM,2,0.89,5.480683510240979,2.6058114283385034,0.7936805559942351
FOXH1,ESM-1b 650M + CaLM,3,0.0,4.1182358113479465,2.683998922797819,0.0
FOXH1,ESM-1b 650M + CaLM,4,0.94,5.11591974690502,2.319520297695243,0.876591219989822
FOXH1,ESM-1b 650M + CaLM,5,0.94,4.934564869657165,2.867076111661643,0.9010158890352694
FOXP1,ESM-2 650M + CaLM,1,0.11,3.3168079938469326,2.695478363620093,0.0912747768727654
FOXP1,ESM-2 650M + CaLM,2,1.0,3.374883823130325,2.785545639752269,1.0
FOXP1,ESM-2 650M + CaLM,3,0.09,3.334755992074651,2.7103604877966663,0.07440230295833468
FOXP1,ESM-2 650M + CaLM,4,0.64,2.8439540225698146,2.4461070431868666,0.6045993848545544
FOXP1,ESM-2 650M + CaLM,5,0.09,3.3057291211921984,2.8385546833487805,0.07827656316051805
FOXP1,ESM-1b 650M + CaLM,1,0.35,5.302297128150056,2.7691828236426748,0.2194923625119843
FOXP1,ESM-1b 650M + CaLM,2,0.49,4.9328404186715735,2.7458545437181066,0.34845713358400465
FOXP1,ESM-1b 650M + CaLM,3,0.5,5.035169544104075,2.553375870936969,0.33647764245780143
FOXP1,ESM-1b 650M + CaLM,4,0.5,4.8398868834954545,2.661141792875059,0.35477024654739664
FOXP1,ESM-1b 650M + CaLM,5,0.49,5.063252625927403,2.7668722333119296,0.34427586661912735
FOXP3,ESM-2 650M + CaLM,1,0.94,2.430494995244401,2.318161432716167,0.9372748896792087
FOXP3,ESM-2 650M + CaLM,2,0.96,2.5622732138453688,2.413780664437348,0.9576434822897659
FOXP3,ESM-2 650M + CaLM,3,0.94,2.4642462794342457,2.3841213488517417,0.9381083379294012
FOXP3,ESM-2 650M + CaLM,4,0.96,2.3353906729060094,2.269575478626324,0.9588877323888293
FOXP3,ESM-2 650M + CaLM,5,0.96,2.2949679380988215,2.284967674426737,0.9598319700906192
FOXP3,ESM-1b 650M + CaLM,1,0.56,3.642596993623766,2.4158121487812285,0.4577263352799845
FOXP3,ESM-1b 650M + CaLM,2,0.5,3.5195205345350713,2.130011629799794,0.3770244274820526
FOXP3,ESM-1b 650M + CaLM,3,0.55,3.480439378762579,2.287578492980401,0.4454692555553836
FOXP3,ESM-1b 650M + CaLM,4,0.42,3.453812635727738,2.2171468183851784,0.3173383113146059
FOXP3,ESM-1b 650M + CaLM,5,0.33,3.4045287356530016,2.5651562568768314,0.27066086981013354
FOXRED1,ESM-2 650M + CaLM,1,0.0,4.1651735072030815,3.070043015706457,0.0
FOXRED1,ESM-2 650M + CaLM,2,0.0,3.154127541468876,3.1796205646946856,0.0
FOXRED1,ESM-2 650M + CaLM,3,0.0,4.16785631018558,3.1230959680292085,0.0
FOXRED1,ESM-2 650M + CaLM,4,0.0,4.410142361304949,3.2023878120501825,0.0
FOXRED1,ESM-2 650M + CaLM,5,0.0,4.159914013461951,3.2855368289922673,0.0
FOXRED1,ESM-1b 650M + CaLM,1,0.32,4.9515029811110125,2.988167957677046,0.22118010595052986
FOXRED1,ESM-1b 650M + CaLM,2,0.32,5.3869421624992,3.389812732353771,0.22846922701539107
FOXRED1,ESM-1b 650M + CaLM,3,0.0,5.232179937353033,3.3419279171351053,0.0
FOXRED1,ESM-1b 650M + CaLM,4,0.32,4.47624661797709,3.213722693813365,0.2525370616888866
FOXRED1,ESM-1b 650M + CaLM,5,0.0,5.041295836031708,2.913958382617787,0.0
FRMD7,ESM-2 650M + CaLM,1,0.52,2.4049622587619153,2.095635907316422,0.485595372159915
FRMD7,ESM-2 650M + CaLM,2,0.4,2.142923357200245,1.7408429799970984,0.3513144045939402
FRMD7,ESM-2 650M + CaLM,3,0.52,2.3542579142464715,1.944846743108211,0.4722785368142887
FRMD7,ESM-2 650M + CaLM,4,0.55,2.2504040072568907,2.1092773797934568,0.5339243871110132
FRMD7,ESM-2 650M + CaLM,5,0.25,2.359693748595009,2.1073303200235256,0.22939646290907784
FRMD7,ESM-1b 650M + CaLM,1,0.0,3.0384886131018964,1.9245978874936307,0.0
FRMD7,ESM-1b 650M + CaLM,2,0.47,2.911690925281295,1.8101051994497717,0.3553754235721587
FRMD7,ESM-1b 650M + CaLM,3,0.0,2.983654151468842,2.152416022200293,0.0
FRMD7,ESM-1b 650M + CaLM,4,0.15,3.103244693489772,2.054634980324074,0.10461647633389055
FRMD7,ESM-1b 650M + CaLM,5,0.28,2.8494996937354387,2.0820071384839824,0.22127139045636496
FUCA1,ESM-2 650M + CaLM,1,0.0,4.408361178639263,3.3490357807346505,0.0
FUCA1,ESM-2 650M + CaLM,2,0.0,4.353149163565781,2.5112420599903214,0.0
FUCA1,ESM-2 650M + CaLM,3,0.0,4.585435827244554,3.535303592613356,0.0
FUCA1,ESM-2 650M + CaLM,4,0.0,4.409425776348355,3.493773245229805,0.0
FUCA1,ESM-2 650M + CaLM,5,0.0,4.533396284176483,3.040833019547762,0.0
FUCA1,ESM-1b 650M + CaLM,1,0.0,4.813345495959308,3.67749345172477,0.0
FUCA1,ESM-1b 650M + CaLM,2,0.0,4.522695517058492,3.4574894866676056,0.0
FUCA1,ESM-1b 650M + CaLM,3,0.0,4.279610246936767,3.022531315907355,0.0
FUCA1,ESM-1b 650M + CaLM,4,0.0,4.734654658563446,3.105381940286435,0.0
FUCA1,ESM-1b 650M + CaLM,5,0.0,4.944731141449575,2.873454081305153,0.0
FUS,ESM-2 650M + CaLM,1,0.87,2.3740116506790825,1.733952327749723,0.8301627221375366
FUS,ESM-2 650M + CaLM,2,0.52,2.4114564689194466,1.7418973866851453,0.43900203486748873
FUS,ESM-2 650M + CaLM,3,0.86,2.263122284600065,1.6337749663674537,0.815993879310552
FUS,ESM-2 650M + CaLM,4,0.02,1.9111592917865223,1.4573470831678152,0.015323695618819785
FUS,ESM-2 650M + CaLM,5,0.87,2.1819992831209425,1.61466567249081,0.8319967379122316
FUS,ESM-1b 650M + CaLM,1,0.0,2.8396683183462614,1.7506055185874903,0.0
FUS,ESM-1b 650M + CaLM,2,0.0,2.9370845366620375,1.7278948711076325,0.0
FUS,ESM-1b 650M + CaLM,3,0.0,2.8450206056598,1.3519419365943424,0.0
FUS,ESM-1b 650M + CaLM,4,0.0,2.8119857760844744,1.7104811538544582,0.0
FUS,ESM-1b 650M + CaLM,5,0.29,2.6794269419470913,1.6428850803659416,0.20028195076748348
FZD4,ESM-2 650M + CaLM,1,0.86,4.054070049027563,2.865546700774992,0.8128030856258096
FZD4,ESM-2 650M + CaLM,2,0.34,3.630347608009351,3.013449801653198,0.29952997354674055
FZD4,ESM-2 650M + CaLM,3,0.34,4.079149248414433,3.1415178128545245,0.2840466342297491
FZD4,ESM-2 650M + CaLM,4,0.32,3.8682900535649694,2.3059183580692837,0.21906809344575143
FZD4,ESM-2 650M + CaLM,5,0.34,3.4531636192887833,2.6335361878446966,0.2820617552225868
FZD4,ESM-1b 650M + CaLM,1,0.38,4.399794845904491,2.6330219442967926,0.2683571142794586
FZD4,ESM-1b 650M + CaLM,2,0.0,4.386658874840431,2.7034926944797553,0.0
FZD4,ESM-1b 650M + CaLM,3,0.23,4.524196811303357,2.8507655909388743,0.1584023572120458
FZD4,ESM-1b 650M + CaLM,4,0.38,4.608367013111512,2.874095248010861,0.2765411839253632
FZD4,ESM-1b 650M + CaLM,5,0.0,4.403215256380703,2.96401155708914,0.0
GAA,ESM-2 650M + CaLM,1,0.0,3.0707267476118933,2.64686789091357,0.0
GAA,ESM-2 650M + CaLM,2,0.32,3.029207351972947,2.6953706134088984,0.2951425603915032
GAA,ESM-2 650M + CaLM,3,0.09,2.8779781764269097,2.6437324465786403,0.08328476610045092
GAA,ESM-2 650M + CaLM,4,0.24,3.020599645750605,2.662916616433223,0.21776939861418196
GAA,ESM-2 650M + CaLM,5,0.4,3.0309162297378585,2.747354561133834,0.37667352278085
GAA,ESM-1b 650M + CaLM,1,0.25,2.910685381269151,2.6766030734818225,0.23461153694779127
GAA,ESM-1b 650M + CaLM,2,0.25,2.9477117016308503,2.612033962549526,0.22802229693610185
GAA,ESM-1b 650M + CaLM,3,0.25,2.8828496915299295,2.716237687655954,0.23900472085225566
GAA,ESM-1b 650M + CaLM,4,0.25,2.8703628643968555,2.7038228923625858,0.23896102906459493
GAA,ESM-1b 650M + CaLM,5,0.25,2.7577345919628824,2.6897805416929716,0.24535112554884364
GABBR2,ESM-2 650M + CaLM,1,0.0,2.2384156171961194,1.9718774188008188,0.0
GABBR2,ESM-2 650M + CaLM,2,0.0,2.3713872952101416,2.055169927927446,0.0
GABBR2,ESM-2 650M + CaLM,3,0.0,2.4865828635614977,1.9472555953600499,0.0
GABBR2,ESM-2 650M + CaLM,4,0.0,2.5520375542737623,1.9459027968798712,0.0
GABBR2,ESM-2 650M + CaLM,5,0.0,2.413596686058174,1.9957427766991358,0.0
GABBR2,ESM-1b 650M + CaLM,1,0.05,3.6106052352911373,2.00884555691713,0.028449734329101792
GABBR2,ESM-1b 650M + CaLM,2,0.0,3.704677706627617,2.102789810870971,0.0
GABBR2,ESM-1b 650M + CaLM,3,0.05,3.5409339165928566,1.9378426066614638,0.027997199619900714
GABBR2,ESM-1b 650M + CaLM,4,0.04,3.709845963573424,1.9291221343358924,0.02120720184421653
GABBR2,ESM-1b 650M + CaLM,5,0.0,3.6523383107041405,1.943398834411245,0.0
GABRA1,ESM-2 650M + CaLM,1,0.79,2.882938769640306,2.5579199997350472,0.7694679959781238
GABRA1,ESM-2 650M + CaLM,2,0.63,2.9857164148698145,2.734428595433188,0.6092830567694957
GABRA1,ESM-2 650M + CaLM,3,0.63,2.9176728522782374,2.639706902909488,0.6063746290459234
GABRA1,ESM-2 650M + CaLM,4,0.6,3.112479683897683,2.7677080345996385,0.5715223291519089
GABRA1,ESM-2 650M + CaLM,5,0.59,3.0732150496668447,2.7643298810208217,0.5641542631285944
GABRA1,ESM-1b 650M + CaLM,1,0.6900000000000001,4.53568049944918,2.7390085043255077,0.5734008367119338
GABRA1,ESM-1b 650M + CaLM,2,0.6900000000000001,4.626599118084421,2.8361296441451223,0.5770652797254806
GABRA1,ESM-1b 650M + CaLM,3,0.61,4.496564681422331,2.613294639526252,0.4761706303379445
GABRA1,ESM-1b 650M + CaLM,4,0.6900000000000001,3.9610192774987287,2.5502167651750853,0.5889911173689415
GABRA1,ESM-1b 650M + CaLM,5,0.23,4.533515991289429,2.7234230562274497,0.1521393476188437
GABRA2,ESM-2 650M + CaLM,1,0.0,4.057259979617279,3.7975407804373082,0.0
GABRA2,ESM-2 650M + CaLM,2,0.51,3.7474953080059343,3.3825569223705805,0.4843924584647443
GABRA2,ESM-2 650M + CaLM,3,0.0,3.8269327206797805,3.5002207801777985,0.0
GABRA2,ESM-2 650M + CaLM,4,0.0,4.092852810789838,3.5378262774816265,0.0
GABRA2,ESM-2 650M + CaLM,5,0.0,3.87305943804681,3.4919278527805204,0.0
GABRA2,ESM-1b 650M + CaLM,1,0.78,5.580775849841153,3.1070161862509904,0.6637390110790642
GABRA2,ESM-1b 650M + CaLM,2,0.0,4.92597278768225,3.731280952036102,0.0
GABRA2,ESM-1b 650M + CaLM,3,0.0,5.310251867020369,3.739799884253631,0.0
GABRA2,ESM-1b 650M + CaLM,4,0.0,4.980800839619164,3.5731752286396357,0.0
GABRA2,ESM-1b 650M + CaLM,5,0.0,5.321560982875311,3.534541929990282,0.0
GABRB2,ESM-2 650M + CaLM,1,0.48,3.6724444292897256,2.970156860747891,0.42744444616073873
GABRB2,ESM-2 650M + CaLM,2,0.5,3.5737770297952522,2.94540276261365,0.4518057265491207
GABRB2,ESM-2 650M + CaLM,3,0.52,3.6141832967446796,2.885878202637583,0.4638148855645097
GABRB2,ESM-2 650M + CaLM,4,0.32,3.5942916746967097,2.9107572519396454,0.2759370707864162
GABRB2,ESM-2 650M + CaLM,5,0.33,3.384251415364708,3.0137168340207725,0.30488478733077107
GABRB2,ESM-1b 650M + CaLM,1,0.08,5.100156529566555,3.0263009586390424,0.04906605273485579
GABRB2,ESM-1b 650M + CaLM,2,0.37,5.030084578198229,2.783695113207752,0.24529333140188872
GABRB2,ESM-1b 650M + CaLM,3,0.32,5.0345296838855305,2.9712387139091336,0.21736083040850415
GABRB2,ESM-1b 650M + CaLM,4,0.32,5.013713858565358,2.957752902912494,0.21729178303187102
GABRB2,ESM-1b 650M + CaLM,5,0.11,5.0040195103205285,2.982021384082688,0.06860096446837285
GABRB3,ESM-2 650M + CaLM,1,0.58,3.540601002187266,2.9286794217824337,0.5332081710919627
GABRB3,ESM-2 650M + CaLM,2,0.73,3.6655830928074566,3.1667584471657086,0.7002195693839136
GABRB3,ESM-2 650M + CaLM,3,0.52,3.4180129737372495,3.101768539772129,0.4957390463515076
GABRB3,ESM-2 650M + CaLM,4,0.58,3.502704093880673,3.0449398374959364,0.5455531495024851
GABRB3,ESM-2 650M + CaLM,5,0.18,3.6106348050950237,2.9978553986206555,0.15416068661798948
GABRB3,ESM-1b 650M + CaLM,1,0.0,4.704177375393823,2.776815878354344,0.0
GABRB3,ESM-1b 650M + CaLM,2,0.0,4.709026800923959,2.9737028342450067,0.0
GABRB3,ESM-1b 650M + CaLM,3,0.0,4.729597073703903,3.2743770140798105,0.0
GABRB3,ESM-1b 650M + CaLM,4,0.0,4.5567670836285865,3.111423325478424,0.0
GABRB3,ESM-1b 650M + CaLM,5,0.0,4.619840555516798,3.099079294377392,0.0
GABRG2,ESM-2 650M + CaLM,1,0.0,2.8862159408388366,2.534438732329633,0.0
GABRG2,ESM-2 650M + CaLM,2,0.0,3.05042557169037,2.343034710383854,0.0
GABRG2,ESM-2 650M + CaLM,3,0.0,2.922453651519308,2.6432781592724637,0.0
GABRG2,ESM-2 650M + CaLM,4,0.0,2.8865252853939767,2.506271371818983,0.0
GABRG2,ESM-2 650M + CaLM,5,0.0,2.9524850588762113,2.498418796058887,0.0
GABRG2,ESM-1b 650M + CaLM,1,0.66,4.211816457660386,2.440507690268312,0.529367730355677
GABRG2,ESM-1b 650M + CaLM,2,0.66,3.846692045306992,2.4140133187514077,0.5491832625102618
GABRG2,ESM-1b 650M + CaLM,3,0.0,4.596381053038498,2.5146497999770476,0.0
GABRG2,ESM-1b 650M + CaLM,4,0.0,4.177391298921482,2.4889741900881033,0.0
GABRG2,ESM-1b 650M + CaLM,5,0.66,4.41409615411578,2.65872996900192,0.5390055041822893
GALC,ESM-2 650M + CaLM,1,0.05,2.997907210471698,1.9192319001257685,0.03259594449493235
GALC,ESM-2 650M + CaLM,2,0.15,2.4879599300178428,2.041846235036644,0.12650620041497734
GALC,ESM-2 650M + CaLM,3,0.15,3.0564915497422827,1.67520465882729,0.08819037296505948
GALC,ESM-2 650M + CaLM,4,0.27,2.9596290148115254,1.865531161647925,0.18905830717479208
GALC,ESM-2 650M + CaLM,5,0.15,3.071823751689486,1.776242795341006,0.09259345240337136
GALC,ESM-1b 650M + CaLM,1,0.01,3.69473193755307,1.7734355954733563,0.0048249937164098955
GALC,ESM-1b 650M + CaLM,2,0.08,3.7612191948743283,1.9208508672375888,0.042520339269431245
GALC,ESM-1b 650M + CaLM,3,0.01,3.767010445434915,1.9004591738625192,0.005070128838126577
GALC,ESM-1b 650M + CaLM,4,0.01,3.7952282372526596,1.8214963857596642,0.00482452858440102
GALC,ESM-1b 650M + CaLM,5,0.01,3.5339187010607507,1.8545997566451353,0.005273055370130069
GALNS,ESM-2 650M + CaLM,1,0.39,2.8254117475305267,2.825355256850962,0.38999524344107594
GALNS,ESM-2 650M + CaLM,2,0.39,2.7190559747274516,2.84461265681279,0.40079107138807124
GALNS,ESM-2 650M + CaLM,3,0.39,2.533307297164302,2.7825897157180934,0.4125446374225706
GALNS,ESM-2 650M + CaLM,4,0.33,2.6458018034921107,2.861091292357495,0.3475204934698073
GALNS,ESM-2 650M + CaLM,5,0.39,2.714962997722732,2.8702202858703414,0.4033077035936644
GALNS,ESM-1b 650M + CaLM,1,0.0,3.866784272595755,2.8107959572859023,0.0
GALNS,ESM-1b 650M + CaLM,2,0.38,3.8731060881555694,2.80479949287105,0.30740635271130695
GALNS,ESM-1b 650M + CaLM,3,0.0,3.963187538302422,2.929775233354551,0.0
GALNS,ESM-1b 650M + CaLM,4,0.22,3.648478539063818,2.827424161016069,0.17937163649268428
GALNS,ESM-1b 650M + CaLM,5,0.04,3.820822066722721,2.784065215639174,0.029466060513677724
GAMT,ESM-2 650M + CaLM,1,0.3,2.0073233194357956,2.4718111972629893,0.34543896768375226
GAMT,ESM-2 650M + CaLM,2,0.17,2.559110606113691,2.5852519647733505,0.1714388402936756
GAMT,ESM-2 650M + CaLM,3,0.3,2.4407867998690276,2.556621125561206,0.3098262346458753
GAMT,ESM-2 650M + CaLM,4,0.3,2.5277806009725774,2.3407560685350153,0.2841098931863002
GAMT,ESM-2 650M + CaLM,5,0.1,2.2822851878076613,2.577031744974581,0.11147489010129236
GAMT,ESM-1b 650M + CaLM,1,0.02,3.831716437347258,2.69290835320003,0.014139934776112301
GAMT,ESM-1b 650M + CaLM,2,0.0,4.171033016967384,1.9550107160909618,0.0
GAMT,ESM-1b 650M + CaLM,3,0.02,3.5534244446329426,2.612974956896172,0.014785059309860385
GAMT,ESM-1b 650M + CaLM,4,0.0,4.057191193577613,2.473772710493976,0.0
GAMT,ESM-1b 650M + CaLM,5,0.02,4.0111829813295525,2.7083725343772067,0.01359240339926537
GARS1,ESM-2 650M + CaLM,1,0.68,4.40489962061838,3.1935573379579743,0.6063964460966581
GARS1,ESM-2 650M + CaLM,2,0.63,4.244818826240206,3.4660026133153763,0.5816424882788119
GARS1,ESM-2 650M + CaLM,3,0.8200000000000001,4.554196754827031,3.5670816722109393,0.7810928087996332
GARS1,ESM-2 650M + CaLM,4,0.6,4.476631001906504,3.3650897479371986,0.5299762544721394
GARS1,ESM-2 650M + CaLM,5,0.8200000000000001,4.674004288760691,3.4556711262402997,0.7710673770989651
GARS1,ESM-1b 650M + CaLM,1,0.42,4.390990660802394,3.250942175300215,0.3490123409788686
GARS1,ESM-1b 650M + CaLM,2,0.33,4.814902546213418,3.393583543416761,0.2576890867548796
GARS1,ESM-1b 650M + CaLM,3,0.62,4.618660540811015,3.6503257830469065,0.5632247301427854
GARS1,ESM-1b 650M + CaLM,4,0.34,4.614705861850392,3.2658215778153195,0.26716953132889654
GARS1,ESM-1b 650M + CaLM,5,0.0,4.8077964025874,3.455417746493142,0.0
GATA1,ESM-2 650M + CaLM,1,0.73,2.435861294667855,2.55777563828002,0.7395170935714316
GATA1,ESM-2 650M + CaLM,2,0.79,2.3324557408428666,2.4416080251650074,0.7974868600672887
GATA1,ESM-2 650M + CaLM,3,0.7000000000000001,2.3292411313315036,2.5736215947640964,0.7205254346633032
GATA1,ESM-2 650M + CaLM,4,0.79,2.490131748668691,2.5438484926748197,0.793518803014783
GATA1,ESM-2 650M + CaLM,5,0.79,2.600544120449205,2.6001293016330873,0.7899735335715773
GATA1,ESM-1b 650M + CaLM,1,0.8200000000000001,4.438932646859398,2.327086110547183,0.7048602171391414
GATA1,ESM-1b 650M + CaLM,2,0.8200000000000001,4.591607500092173,2.6382753773923784,0.7235706155166717
GATA1,ESM-1b 650M + CaLM,3,0.8200000000000001,4.543412983004382,2.511510665764,0.7157655884320707
GATA1,ESM-1b 650M + CaLM,4,0.64,4.800785463827549,2.578480054352624,0.48844823129848763
GATA1,ESM-1b 650M + CaLM,5,0.8200000000000001,4.705052248256458,2.649036811488124,0.7194846446422785
GATA2,ESM-2 650M + CaLM,1,0.26,3.7847205538922277,3.4317561792447893,0.24161081274946067
GATA2,ESM-2 650M + CaLM,2,0.72,3.545292103530523,3.6057622654101436,0.7233968682073512
GATA2,ESM-2 650M + CaLM,3,0.72,3.9726028921471843,3.3712662164546736,0.6857509076667154
GATA2,ESM-2 650M + CaLM,4,0.31,3.8899279555212893,3.367235940047774,0.28000884703722434
GATA2,ESM-2 650M + CaLM,5,0.72,4.0019008689467865,3.6067284503468855,0.6985690917470875
GATA2,ESM-1b 650M + CaLM,1,0.0,5.654538766734417,3.4450616571603976,0.0
GATA2,ESM-1b 650M + CaLM,2,0.0,5.533326024737817,3.434248586110687,0.0
GATA2,ESM-1b 650M + CaLM,3,0.0,5.584371579207934,3.429564689622239,0.0
GATA2,ESM-1b 650M + CaLM,4,0.0,5.770391800384059,3.5426513082645057,0.0
GATA2,ESM-1b 650M + CaLM,5,0.0,5.810597018235118,3.5406108665942395,0.0
GATA4,ESM-2 650M + CaLM,1,0.0,3.2607338496689042,3.4454687403118323,0.0
GATA4,ESM-2 650M + CaLM,2,0.0,3.218039742545645,3.3679114447468055,0.0
GATA4,ESM-2 650M + CaLM,3,0.0,3.958147100967177,3.8267400226907142,0.0
GATA4,ESM-2 650M + CaLM,4,0.0,3.997105055424128,3.938755985573629,0.0
GATA4,ESM-2 650M + CaLM,5,0.0,3.7988289237672297,3.1769503172378504,0.0
GATA4,ESM-1b 650M + CaLM,1,0.0,5.888494596249565,3.552808280361397,0.0
GATA4,ESM-1b 650M + CaLM,2,0.0,5.861526893590688,3.560877261992587,0.0
GATA4,ESM-1b 650M + CaLM,3,0.0,4.9873006254793,3.1744561791426507,0.0
GATA4,ESM-1b 650M + CaLM,4,0.0,5.986653039330746,3.8983904407235936,0.0
GATA4,ESM-1b 650M + CaLM,5,0.0,5.209821035977495,3.6259990315710646,0.0
GBA2,ESM-2 650M + CaLM,1,0.0,3.483422467633934,0.9788889242413231,0.0
GBA2,ESM-2 650M + CaLM,2,0.0,3.887575932125705,1.0232785134057563,0.0
GBA2,ESM-2 650M + CaLM,3,0.0,3.5649857169334016,0.747275969565829,0.0
GBA2,ESM-2 650M + CaLM,4,0.0,3.5592671022394975,0.91647326197486,0.0
GBA2,ESM-2 650M + CaLM,5,0.0,3.8840310218826257,1.022766509521444,0.0
GBA2,ESM-1b 650M + CaLM,1,0.0,3.7699281111024225,0.7914537407717551,0.0
GBA2,ESM-1b 650M + CaLM,2,0.0,3.3696006693159015,0.8567491772600997,0.0
GBA2,ESM-1b 650M + CaLM,3,0.0,3.6284349254461463,1.022766509521444,0.0
GBA2,ESM-1b 650M + CaLM,4,0.0,3.6690269474335016,1.006709119941295,0.0
GBA2,ESM-1b 650M + CaLM,5,0.0,3.0935505360913003,0.9185383276439879,0.0
GBE1,ESM-2 650M + CaLM,1,0.0,3.7739324877516496,3.2668657862775956,0.0
GBE1,ESM-2 650M + CaLM,2,0.02,2.8774227200422673,1.946989031041223,0.013620956099518345
GBE1,ESM-2 650M + CaLM,3,0.67,3.678219645766321,2.9903944461022944,0.6227322527338743
GBE1,ESM-2 650M + CaLM,4,0.45,3.8641342703199038,3.181336877385869,0.4024885373593788
GBE1,ESM-2 650M + CaLM,5,0.0,4.015919435853125,3.1203611056416984,0.0
GBE1,ESM-1b 650M + CaLM,1,0.48,4.232461965230097,3.1741724567665637,0.4090776568909862
GBE1,ESM-1b 650M + CaLM,2,0.63,2.8152659113568204,1.6735822564003244,0.5030315846251774
GBE1,ESM-1b 650M + CaLM,3,0.79,4.415051558144495,3.065947933506128,0.7231743992014101
GBE1,ESM-1b 650M + CaLM,4,0.63,4.376433655660516,3.170128149324449,0.5522472469596867
GBE1,ESM-1b 650M + CaLM,5,0.0,4.415438122362078,3.2116932262586957,0.0
GCK,ESM-2 650M + CaLM,1,0.0,3.079434841575574,2.446380381271093,0.0
GCK,ESM-2 650M + CaLM,2,0.02,3.0641798619800236,2.4866145817475056,0.016291628908169944
GCK,ESM-2 650M + CaLM,3,0.25,3.1137217675622315,2.5678691635028663,0.21562362345941613
GCK,ESM-2 650M + CaLM,4,0.44,3.114880720980201,2.4747583017539387,0.38432984999618164
GCK,ESM-2 650M + CaLM,5,0.02,3.1412694412815445,2.495214881246288,0.015952282815191024
GCK,ESM-1b 650M + CaLM,1,0.37,2.878504761231675,2.473664292969503,0.33541655868497844
GCK,ESM-1b 650M + CaLM,2,0.41,2.8986807703175876,2.464328992566094,0.3713799056796221
GCK,ESM-1b 650M + CaLM,3,0.39,2.8586422595622887,2.4860419348499985,0.357331036680214
GCK,ESM-1b 650M + CaLM,4,0.42,2.789850900947062,2.5301925938177727,0.3964052165527233
GCK,ESM-1b 650M + CaLM,5,0.42,2.7086234196918584,2.524270284584242,0.40293230948099484
GCM2,ESM-2 650M + CaLM,1,0.21,1.9367578204886853,2.0990280938732804,0.2236595118922648
GCM2,ESM-2 650M + CaLM,2,0.25,1.9489410959965041,2.1126311477483837,0.2654241147813705
GCM2,ESM-2 650M + CaLM,3,0.0,0.9769668285809284,1.3530377177774866,0.0
GCM2,ESM-2 650M + CaLM,4,0.16,1.9608674157037174,2.179833128219767,0.174744708306629
GCM2,ESM-2 650M + CaLM,5,0.29,1.7424590061277023,1.9555355805280075,0.3143161630487569
GCM2,ESM-1b 650M + CaLM,1,0.0,4.138650960206481,2.178056292178971,0.0
GCM2,ESM-1b 650M + CaLM,2,0.0,3.418609973027345,2.146726112159225,0.0
GCM2,ESM-1b 650M + CaLM,3,0.65,4.112124810357223,2.069199849906743,0.4830718011194478
GCM2,ESM-1b 650M + CaLM,4,0.0,3.5462950391026786,1.930891250562455,0.0
GCM2,ESM-1b 650M + CaLM,5,0.0,3.6943186861021196,1.3585755769019945,0.0
GFAP,ESM-2 650M + CaLM,1,0.87,3.5867338456272484,2.9133861442673705,0.8446225854471601
GFAP,ESM-2 650M + CaLM,2,0.76,3.6632338932776354,2.8370270352230973,0.7103511011405425
GFAP,ESM-2 650M + CaLM,3,0.62,3.5676391974622583,3.0149833542552287,0.5796260414110435
GFAP,ESM-2 650M + CaLM,4,0.67,3.572938454518393,3.0507809356184885,0.6341806704283897
GFAP,ESM-2 650M + CaLM,5,0.56,3.4832187027277803,3.006095077672672,0.5234445945810964
GFAP,ESM-1b 650M + CaLM,1,0.68,3.9925461225526413,2.9721773505818665,0.6126908911826463
GFAP,ESM-1b 650M + CaLM,2,0.63,3.9298455548669753,2.7931962246468722,0.5475566161329714
GFAP,ESM-1b 650M + CaLM,3,0.13,4.103314746372261,2.8447583123938616,0.09386967393189975
GFAP,ESM-1b 650M + CaLM,4,0.68,4.229651068303927,3.1268163074165587,0.6110356559265437
GFAP,ESM-1b 650M + CaLM,5,0.68,4.178136824146277,3.0525435680810027,0.6082308158614028
GFM1,ESM-2 650M + CaLM,1,0.12,2.9678897517355285,2.7409580994422322,0.1118508092877741
GFM1,ESM-2 650M + CaLM,2,0.6,3.2411837698960504,2.8545840220421073,0.5691668211089955
GFM1,ESM-2 650M + CaLM,3,0.59,3.394881883361103,2.5558808029753832,0.5200126301711128
GFM1,ESM-2 650M + CaLM,4,0.12,2.9167222608586987,2.8885466160612276,0.11897871622195111
GFM1,ESM-2 650M + CaLM,5,0.6,3.2211115080799133,2.892209265229698,0.5738946632695827
GFM1,ESM-1b 650M + CaLM,1,0.0,4.018919208867587,2.579222885548229,0.0
GFM1,ESM-1b 650M + CaLM,2,0.0,4.381621546487919,2.7489520453686196,0.0
GFM1,ESM-1b 650M + CaLM,3,0.0,4.173806133840518,3.0066786978364317,0.0
GFM1,ESM-1b 650M + CaLM,4,0.0,4.185837167706416,2.74195628785587,0.0
GFM1,ESM-1b 650M + CaLM,5,0.94,4.642383975940968,2.8232682807609555,0.9050124155604157
GHR,ESM-2 650M + CaLM,1,0.0,3.1013606472470467,1.704730311746736,0.0
GHR,ESM-2 650M + CaLM,2,0.0,3.697187759517829,1.822130615848995,0.0
GHR,ESM-2 650M + CaLM,3,0.0,3.4544741585108887,1.6064750972120736,0.0
GHR,ESM-2 650M + CaLM,4,0.0,3.150162546479198,1.7954846521620629,0.0
GHR,ESM-2 650M + CaLM,5,0.0,3.480484859137473,1.165442127359196,0.0
GHR,ESM-1b 650M + CaLM,1,0.0,4.234965679176682,1.1278734879192693,0.0
GHR,ESM-1b 650M + CaLM,2,0.0,3.710334453042701,1.7204667195999028,0.0
GHR,ESM-1b 650M + CaLM,3,0.0,3.793147098078125,1.743341866537375,0.0
GHR,ESM-1b 650M + CaLM,4,0.0,3.946253194097465,1.7340034272042533,0.0
GHR,ESM-1b 650M + CaLM,5,0.0,3.918136194902827,1.6868132700130585,0.0
GHRHR,ESM-2 650M + CaLM,1,0.0,2.9865948119864694,3.197465622914275,0.0
GHRHR,ESM-2 650M + CaLM,2,0.0,3.3206623199053524,3.1510184806262456,0.0
GHRHR,ESM-2 650M + CaLM,3,0.0,2.9796759301831024,2.6622523876931354,0.0
GHRHR,ESM-2 650M + CaLM,4,0.0,3.1527846636418357,3.0188897958050602,0.0
GHRHR,ESM-2 650M + CaLM,5,0.0,3.3010587261609747,3.1614443155110132,0.0
GHRHR,ESM-1b 650M + CaLM,1,0.0,3.236374321484876,3.330266891512193,0.0
GHRHR,ESM-1b 650M + CaLM,2,0.0,3.562779032708653,3.1510184806262456,0.0
GHRHR,ESM-1b 650M + CaLM,3,0.0,3.4640575620566394,3.261923666573874,0.0
GHRHR,ESM-1b 650M + CaLM,4,0.0,3.128690809639732,2.4063531920588117,0.0
GHRHR,ESM-1b 650M + CaLM,5,0.0,3.5111847829775185,2.943049548323438,0.0
GJA3,ESM-2 650M + CaLM,1,0.77,3.076153420652319,3.1635853372668867,0.7749258185683455
GJA3,ESM-2 650M + CaLM,2,0.77,3.1566636483883483,3.385993874271238,0.7821846271115692
GJA3,ESM-2 650M + CaLM,3,0.51,3.1527405168980467,3.2345728372417306,0.516401645607537
GJA3,ESM-2 650M + CaLM,4,0.0,2.964426741733666,3.2983907600525177,0.0
GJA3,ESM-2 650M + CaLM,5,0.77,2.746715992998912,3.0917106712525273,0.790282608678251
GJA3,ESM-1b 650M + CaLM,1,0.0,3.399127868357386,2.983086288050975,0.0
GJA3,ESM-1b 650M + CaLM,2,0.0,4.0475068962810585,3.308515639601016,0.0
GJA3,ESM-1b 650M + CaLM,3,0.0,3.843269888595553,3.3758595042535364,0.0
GJA3,ESM-1b 650M + CaLM,4,0.0,4.025371253169369,3.2251432435057454,0.0
GJA3,ESM-1b 650M + CaLM,5,0.0,3.9807312892661004,3.2736088703041273,0.0
GJA8,ESM-2 650M + CaLM,1,0.5,3.519434608608374,3.7197491912618936,0.5138354397533814
GJA8,ESM-2 650M + CaLM,2,0.5,3.558217035546672,3.763605840857944,0.5140257971804508
GJA8,ESM-2 650M + CaLM,3,0.5,3.7393785435183826,3.597999993850795,0.4903658677995453
GJA8,ESM-2 650M + CaLM,4,0.0,3.6648008204461178,3.7280609224065384,0.0
GJA8,ESM-2 650M + CaLM,5,0.5,3.475738102862933,3.859864669278838,0.5261823450878974
GJA8,ESM-1b 650M + CaLM,1,0.0,4.061316663572341,3.757333796059168,0.0
GJA8,ESM-1b 650M + CaLM,2,0.0,4.308608182617802,3.817921874946147,0.0
GJA8,ESM-1b 650M + CaLM,3,0.0,4.225569262748972,3.7977193988856466,0.0
GJA8,ESM-1b 650M + CaLM,4,0.0,4.3059959304039275,3.392015228857822,0.0
GJA8,ESM-1b 650M + CaLM,5,0.0,4.322793115368123,3.850370242728015,0.0
GLA,ESM-2 650M + CaLM,1,0.0,3.046385838929398,2.713870102559257,0.0
GLA,ESM-2 650M + CaLM,2,0.0,2.9848045976315825,2.631648998607174,0.0
GLA,ESM-2 650M + CaLM,3,0.0,2.805533642064706,2.680444213863672,0.0
GLA,ESM-2 650M + CaLM,4,0.01,2.9432802765174064,2.6632190702909484,0.00905709059132171
GLA,ESM-2 650M + CaLM,5,0.0,2.821693042797354,2.6690938207130106,0.0
GLA,ESM-1b 650M + CaLM,1,0.0,2.83095606508478,2.679500365001693,0.0
GLA,ESM-1b 650M + CaLM,2,0.0,2.9169209153748334,2.599552513950014,0.0
GLA,ESM-1b 650M + CaLM,3,0.0,3.0250576714367825,2.6862728031553034,0.0
GLA,ESM-1b 650M + CaLM,4,0.27,3.019401493082854,2.746252322931736,0.2517229884096665
GLA,ESM-1b 650M + CaLM,5,0.0,2.8239544511943024,2.6541243025304677,0.0
GLB1,ESM-2 650M + CaLM,1,0.16,2.965570336431836,2.5355802864786976,0.14004997834094685
GLB1,ESM-2 650M + CaLM,2,0.0,2.998326042371967,2.3233541040479144,0.0
GLB1,ESM-2 650M + CaLM,3,0.0,3.109170703631513,2.596979859068023,0.0
GLB1,ESM-2 650M + CaLM,4,0.16,2.988599171548287,2.4007594350195083,0.13270532478356173
GLB1,ESM-2 650M + CaLM,5,0.16,2.885011430093411,2.3217631060051236,0.13291466613709743
GLB1,ESM-1b 650M + CaLM,1,0.11,3.320508551404928,2.4825002692705316,0.08458714853008198
GLB1,ESM-1b 650M + CaLM,2,0.0,3.3382021405812585,2.4174904517524065,0.0
GLB1,ESM-1b 650M + CaLM,3,0.11,3.4280862377423946,2.449078615690215,0.08113450819181549
GLB1,ESM-1b 650M + CaLM,4,0.11,3.398349467381982,2.435850064369374,0.0813805860579799
GLB1,ESM-1b 650M + CaLM,5,0.0,3.5375505649515815,2.4064514390527667,0.0
GLDC,ESM-2 650M + CaLM,1,0.44,2.8585175201381183,2.773234750924702,0.43255096571429397
GLDC,ESM-2 650M + CaLM,2,0.46,2.8702567012355,2.8818776176683762,0.4610038368723813
GLDC,ESM-2 650M + CaLM,3,0.8200000000000001,2.781572782114063,2.929868840433732,0.827539502118108
GLDC,ESM-2 650M + CaLM,4,0.45,2.882200736679543,2.694412238810964,0.43338716762872304
GLDC,ESM-2 650M + CaLM,5,0.45,2.8898617274260103,2.938752455398543,0.45415557223069036
GLDC,ESM-1b 650M + CaLM,1,0.32,3.14500053781987,2.9509557755595277,0.3063037869664928
GLDC,ESM-1b 650M + CaLM,2,0.0,3.4835037926590866,2.7945142753639374,0.0
GLDC,ESM-1b 650M + CaLM,3,0.32,3.2939622026476627,2.679165050322973,0.27680657070794024
GLDC,ESM-1b 650M + CaLM,4,0.32,3.2499500353682054,2.8997497089333537,0.29571499005696894
GLDC,ESM-1b 650M + CaLM,5,0.76,3.4363029842226718,2.8969236808508794,0.7274915388068286
GLDN,ESM-2 650M + CaLM,1,0.35,4.05919363124313,1.9682831427322518,0.2070398161262723
GLDN,ESM-2 650M + CaLM,2,0.35,3.60317792725538,1.6731854092218077,0.20002691005308482
GLDN,ESM-2 650M + CaLM,3,0.13,3.6367579204113736,1.8281663386634515,0.06986675636650914
GLDN,ESM-2 650M + CaLM,4,0.35,3.880364311980317,1.9046487674195667,0.20904845596545138
GLDN,ESM-2 650M + CaLM,5,0.0,3.4689134718508026,1.7720800570985427,0.0
GLDN,ESM-1b 650M + CaLM,1,0.62,3.9948162009008086,1.7326990564169311,0.41440880106149924
GLDN,ESM-1b 650M + CaLM,2,0.48,4.47419361975728,1.9861708154514288,0.2906642238182772
GLDN,ESM-1b 650M + CaLM,3,0.0,4.155927577836447,1.888523549497884,0.0
GLDN,ESM-1b 650M + CaLM,4,0.62,4.23813529850927,1.7265809883657084,0.39928815445762245
GLDN,ESM-1b 650M + CaLM,5,0.62,4.2817851738302855,1.7958534519723064,0.40628574731944017
GLRA1,ESM-2 650M + CaLM,1,0.1,3.20302623349982,2.4152751029982986,0.07730732933691555
GLRA1,ESM-2 650M + CaLM,2,0.21,3.1864462052061753,2.6096304367094394,0.1787817600121674
GLRA1,ESM-2 650M + CaLM,3,0.0,3.0547042945721667,2.4348896073961757,0.0
GLRA1,ESM-2 650M + CaLM,4,0.21,3.200390671176831,2.0926942291848825,0.1480792426170632
GLRA1,ESM-2 650M + CaLM,5,0.21,3.311173890951861,2.479840492110826,0.16602930558831072
GLRA1,ESM-1b 650M + CaLM,1,0.0,4.33347683094135,2.4273697568574173,0.0
GLRA1,ESM-1b 650M + CaLM,2,0.17,4.4636330633272925,2.4922946565485873,0.10262553558570799
GLRA1,ESM-1b 650M + CaLM,3,0.17,4.0995727982316,2.5328583881898292,0.11232975180535704
GLRA1,ESM-1b 650M + CaLM,4,0.06,3.409186290462171,2.1528520882096185,0.03874584065731373
GLRA1,ESM-1b 650M + CaLM,5,0.17,3.9591450523104754,2.4452642761614842,0.11229579539919075
GLUD1,ESM-2 650M + CaLM,1,0.19,3.614036959213161,3.4145614672710005,0.1814155186144894
GLUD1,ESM-2 650M + CaLM,2,0.19,3.458870459631344,3.476492337743097,0.19078331478795
GLUD1,ESM-2 650M + CaLM,3,0.13,4.126595418932218,3.744955239150883,0.11941287887392078
GLUD1,ESM-2 650M + CaLM,4,0.19,3.6758855612955084,3.6120663400115856,0.18731920802703414
GLUD1,ESM-2 650M + CaLM,5,0.0,4.145959798577542,3.500863146054186,0.0
GLUD1,ESM-1b 650M + CaLM,1,0.41,3.830610215059741,3.41956656806353,0.3828483825524572
GLUD1,ESM-1b 650M + CaLM,2,0.32,2.2701252428199075,3.476483459575113,0.41882821840476486
GLUD1,ESM-1b 650M + CaLM,3,0.28,4.022192313163543,3.6657113306679947,0.2616778054785771
GLUD1,ESM-1b 650M + CaLM,4,0.41,3.9626160734360103,3.748483256997493,0.3966319708637564
GLUD1,ESM-1b 650M + CaLM,5,0.06,3.7783149584225537,3.3799522368564325,0.05401566734170832
GNAO1,ESM-2 650M + CaLM,1,0.93,3.387974522042602,3.2561462174519176,0.9273718103633949
GNAO1,ESM-2 650M + CaLM,2,0.93,3.0882137455777974,3.1332189598230276,0.9309360304282813
GNAO1,ESM-2 650M + CaLM,3,0.93,3.0030531739300947,3.0129801851360094,0.9302145375906847
GNAO1,ESM-2 650M + CaLM,4,0.0,3.3482812579469616,3.1401448747141845,0.0
GNAO1,ESM-2 650M + CaLM,5,0.93,3.4523404890861604,3.2238409089895783,0.9254086184556545
GNAO1,ESM-1b 650M + CaLM,1,0.5700000000000001,3.6950865782719746,3.0938159797797264,0.5260395300776004
GNAO1,ESM-1b 650M + CaLM,2,0.38,3.530440355093458,3.0619431037592975,0.3470750575457584
GNAO1,ESM-1b 650M + CaLM,3,0.0,3.3727597865838552,3.2871628497323924,0.0
GNAO1,ESM-1b 650M + CaLM,4,0.38,3.6748674635645613,3.198167623664963,0.34785362499675876
GNAO1,ESM-1b 650M + CaLM,5,0.48,3.3590202836993903,3.1359003671924612,0.4628745219703552
GNB1,ESM-2 650M + CaLM,1,0.6900000000000001,3.4332607444820806,2.6472870216026303,0.6318459585094195
GNB1,ESM-2 650M + CaLM,2,0.38,3.5893312052165003,2.6582741299281323,0.31220366378608166
GNB1,ESM-2 650M + CaLM,3,0.38,3.282660586260058,2.4305310344478683,0.3121487637555457
GNB1,ESM-2 650M + CaLM,4,0.0,3.0423730227411694,2.2753466983811808,0.0
GNB1,ESM-2 650M + CaLM,5,0.07,3.466586457816666,2.7485065521892573,0.05631656577016426
GNB1,ESM-1b 650M + CaLM,1,0.8200000000000001,4.459205801911245,2.6129730726726157,0.7274782138385572
GNB1,ESM-1b 650M + CaLM,2,0.08,4.044768983226339,2.5946896326072117,0.05283474464708538
GNB1,ESM-1b 650M + CaLM,3,0.8200000000000001,4.631181505565523,2.65143924501244,0.7228490417909323
GNB1,ESM-1b 650M + CaLM,4,0.8200000000000001,4.585220401187399,2.4702100159981284,0.7104997609852258
GNB1,ESM-1b 650M + CaLM,5,0.02,4.378685407691595,2.4670686941915907,0.011367793419071764
GP1BA,ESM-2 650M + CaLM,1,0.96,3.288616599499386,3.119375658950018,0.9579211292180749
GP1BA,ESM-2 650M + CaLM,2,0.9,3.676911250069766,3.420678207323887,0.8933084862802869
GP1BA,ESM-2 650M + CaLM,3,0.96,3.877387369608406,3.6393535956825542,0.9574949821376666
GP1BA,ESM-2 650M + CaLM,4,0.9,3.649076342607043,3.6951972779290667,0.9011247224956442
GP1BA,ESM-2 650M + CaLM,5,0.96,3.6310771015671546,3.5406119754687597,0.9590198547291818
GP1BA,ESM-1b 650M + CaLM,1,0.33,3.572090410454085,3.643346516628299,0.3343816618904439
GP1BA,ESM-1b 650M + CaLM,2,0.75,3.8445458356651563,3.839061392362183,0.7497322350754885
GP1BA,ESM-1b 650M + CaLM,3,0.75,3.506679918548372,3.4447394991635334,0.7466436200062855
GP1BA,ESM-1b 650M + CaLM,4,0.75,3.0662111582903666,2.6889739552921132,0.7245868569400421
GP1BA,ESM-1b 650M + CaLM,5,0.91,3.741372419118327,3.671038023036059,0.9084335571383592
GPAA1,ESM-2 650M + CaLM,1,0.0,4.113169932237043,3.0648797967741976,0.0
GPAA1,ESM-2 650M + CaLM,2,0.0,3.9869013465443857,2.992571708551802,0.0
GPAA1,ESM-2 650M + CaLM,3,0.0,3.435452369149683,2.1686145388000875,0.0
GPAA1,ESM-2 650M + CaLM,4,0.0,3.9150567013093873,2.739039325041763,0.0
GPAA1,ESM-2 650M + CaLM,5,0.0,3.2894477908990525,2.7233496875747756,0.0
GPAA1,ESM-1b 650M + CaLM,1,0.0,3.6077253331107815,3.0436961303544616,0.0
GPAA1,ESM-1b 650M + CaLM,2,0.0,3.2411821616476426,2.1958415476888216,0.0
GPAA1,ESM-1b 650M + CaLM,3,0.0,2.3238068576154958,2.505734203288717,0.0
GPAA1,ESM-1b 650M + CaLM,4,0.0,3.5623101970993543,3.0087473057995284,0.0
GPAA1,ESM-1b 650M + CaLM,5,0.0,3.2583016831578187,2.9068177581211447,0.0
GPI,ESM-2 650M + CaLM,1,0.67,3.4478225384132757,2.693548955945107,0.6133229568923374
GPI,ESM-2 650M + CaLM,2,0.67,2.6764073841349676,2.054887139977181,0.6091952186958652
GPI,ESM-2 650M + CaLM,3,0.0,3.550074406231243,2.806492001597213,0.0
GPI,ESM-2 650M + CaLM,4,0.31,3.4789648955269294,2.6832022200304784,0.25733942694830547
GPI,ESM-2 650M + CaLM,5,0.67,3.20090674527078,2.2511037015060533,0.5881133618731176
GPI,ESM-1b 650M + CaLM,1,0.73,3.4410941981923764,2.054887139977181,0.617524465820279
GPI,ESM-1b 650M + CaLM,2,0.79,4.002347465853417,2.6769213330228157,0.7155943184844346
GPI,ESM-1b 650M + CaLM,3,0.79,3.9981490337508045,2.5863637794839414,0.7087553659960989
GPI,ESM-1b 650M + CaLM,4,0.79,3.4313567080714527,2.4859725956222007,0.7315760723270887
GPI,ESM-1b 650M + CaLM,5,0.0,3.8785074080113295,2.671263340475321,0.0
GPR143,ESM-2 650M + CaLM,1,0.67,3.209558288515255,2.5067380647177497,0.6132594569423118
GPR143,ESM-2 650M + CaLM,2,0.67,3.508841092488938,2.575914953111767,0.5984723772291228
GPR143,ESM-2 650M + CaLM,3,0.64,3.479081458651144,2.680062166697168,0.5779676248813683
GPR143,ESM-2 650M + CaLM,4,0.84,3.686226996678301,2.759250679177069,0.797151246459152
GPR143,ESM-2 650M + CaLM,5,0.67,3.5167128431626486,2.56156843579645,0.5965903372588834
GPR143,ESM-1b 650M + CaLM,1,0.94,5.053816811124813,2.6230554405474233,0.8904875995128284
GPR143,ESM-1b 650M + CaLM,2,0.05,5.4357243156552615,2.6031992058649296,0.024585861239066566
GPR143,ESM-1b 650M + CaLM,3,0.0,5.427931206006469,2.7473941970571767,0.0
GPR143,ESM-1b 650M + CaLM,4,0.8300000000000001,5.101890741979806,2.5594912323743637,0.7100906933023787
GPR143,ESM-1b 650M + CaLM,5,0.0,4.84049775349251,2.478791336766432,0.0
GRIA2,ESM-2 650M + CaLM,1,0.64,2.9081795190216906,2.4719251600599352,0.601767252184054
GRIA2,ESM-2 650M + CaLM,2,0.35,3.1963355749882614,2.6120514606400427,0.30557088355852974
GRIA2,ESM-2 650M + CaLM,3,0.64,3.064817438737099,2.712384792278456,0.6114008346690953
GRIA2,ESM-2 650M + CaLM,4,0.64,2.945484651181617,2.730629799826952,0.6223707430221139
GRIA2,ESM-2 650M + CaLM,5,0.0,3.0234579947771536,2.5749892652536346,0.0
GRIA2,ESM-1b 650M + CaLM,1,0.52,3.8464826973963397,2.426603382493186,0.4059764183223738
GRIA2,ESM-1b 650M + CaLM,2,0.0,4.305876005901506,2.5313343391009298,0.0
GRIA2,ESM-1b 650M + CaLM,3,0.52,3.9696296313037527,2.6363050696828125,0.4184226953272948
GRIA2,ESM-1b 650M + CaLM,4,0.52,3.641380348801204,2.779332174832361,0.4526152662465221
GRIA2,ESM-1b 650M + CaLM,5,0.52,4.133634585717106,2.718083734801939,0.41600692102294645
GRIA3,ESM-2 650M + CaLM,1,0.1,4.8207272771681735,3.433592221656749,0.07333579927661953
GRIA3,ESM-2 650M + CaLM,2,0.45,4.196559194823688,3.7226350794362304,0.4205529549392867
GRIA3,ESM-2 650M + CaLM,3,0.45,4.237858961646977,3.5628861397376235,0.4075366987241563
GRIA3,ESM-2 650M + CaLM,4,0.45,4.5438240346154615,3.728237245711825,0.40167179468562875
GRIA3,ESM-2 650M + CaLM,5,0.03,4.12458561002615,3.8800290212030193,0.028271516518375523
GRIA3,ESM-1b 650M + CaLM,1,0.11,4.511420472555397,3.2034655804094667,0.08068175114287955
GRIA3,ESM-1b 650M + CaLM,2,0.11,4.82141200522624,3.8545769729082955,0.08992535691609857
GRIA3,ESM-1b 650M + CaLM,3,0.11,4.723751853171195,3.723955473525929,0.08878525037557826
GRIA3,ESM-1b 650M + CaLM,4,0.0,4.424380043485029,3.728422801603352,0.0
GRIA3,ESM-1b 650M + CaLM,5,0.0,4.1949960962586355,3.7576838078059693,0.0
GRIA4,ESM-2 650M + CaLM,1,0.15,3.0189947829707284,2.806132151113657,0.14091416422651454
GRIA4,ESM-2 650M + CaLM,2,0.15,3.4586013036952274,2.2582070715311393,0.10331758546401627
GRIA4,ESM-2 650M + CaLM,3,0.0,3.171227356385219,2.233698019895407,0.0
GRIA4,ESM-2 650M + CaLM,4,0.15,3.348195337413569,2.6914669790469308,0.12423355255364299
GRIA4,ESM-2 650M + CaLM,5,0.86,3.505938336340133,2.737278294559069,0.8274691653295665
GRIA4,ESM-1b 650M + CaLM,1,0.0,4.527180533372382,2.7420801306160554,0.0
GRIA4,ESM-1b 650M + CaLM,2,0.0,5.129308243356095,2.5768095042911834,0.0
GRIA4,ESM-1b 650M + CaLM,3,0.0,3.833992003474534,2.3598499868890332,0.0
GRIA4,ESM-1b 650M + CaLM,4,0.0,4.114709622422829,2.368674112036595,0.0
GRIA4,ESM-1b 650M + CaLM,5,0.0,4.877108275738097,2.662739477679566,0.0
GRIN1,ESM-2 650M + CaLM,1,0.5700000000000001,2.5896932314021033,2.5090443214829117,0.5622290889849174
GRIN1,ESM-2 650M + CaLM,2,0.5700000000000001,2.7812609837861055,2.465785062946829,0.5402767863760438
GRIN1,ESM-2 650M + CaLM,3,0.5700000000000001,2.699620166660993,2.502842995471661,0.5513600452798231
GRIN1,ESM-2 650M + CaLM,4,0.46,2.8198965860322938,2.4300377811207188,0.4233256313749617
GRIN1,ESM-2 650M + CaLM,5,0.4,2.7072797869634786,2.5715747974495247,0.38772362434982116
GRIN1,ESM-1b 650M + CaLM,1,0.62,3.8634788749487368,2.5374599180682393,0.517279049795479
GRIN1,ESM-1b 650M + CaLM,2,0.68,3.784517259917231,2.5082964372766097,0.5847873009905878
GRIN1,ESM-1b 650M + CaLM,3,0.56,3.746373317028005,2.48353757659517,0.45761640193561004
GRIN1,ESM-1b 650M + CaLM,4,0.75,3.4566210260312094,2.4837737202292756,0.6831097042080202
GRIN1,ESM-1b 650M + CaLM,5,0.59,3.60553656117889,2.4660186773021,0.4960250232767905
GRM6,ESM-2 650M + CaLM,1,0.49,4.43483179373028,3.3358122608774567,0.4195115571938516
GRM6,ESM-2 650M + CaLM,2,0.49,4.072284256136892,3.417349137717809,0.44637101685256214
GRM6,ESM-2 650M + CaLM,3,0.0,4.032679608580585,3.3077966306355577,0.0
GRM6,ESM-2 650M + CaLM,4,0.49,4.1720944136144125,3.4584180957340926,0.4433413463750869
GRM6,ESM-2 650M + CaLM,5,0.49,3.855652556624228,3.1375639331697545,0.4387839192699019
GRM6,ESM-1b 650M + CaLM,1,0.22,5.105473165807741,3.38225943818397,0.15743534323354147
GRM6,ESM-1b 650M + CaLM,2,0.31,4.924056963806309,3.418695276058541,0.23776119762242576
GRM6,ESM-1b 650M + CaLM,3,0.5,4.834492514085051,3.246778280405969,0.4017658067613931
GRM6,ESM-1b 650M + CaLM,4,0.5,3.874536770964204,3.115672228982912,0.4457194669009873
GRM6,ESM-1b 650M + CaLM,5,0.5,4.883965151430358,3.4530042583896225,0.414179792278281
GTPBP3,ESM-2 650M + CaLM,1,0.5,3.9569269753818075,3.185496110275441,0.4459965577609451
GTPBP3,ESM-2 650M + CaLM,2,0.6,4.086427231075999,3.368771897097256,0.5528870078047692
GTPBP3,ESM-2 650M + CaLM,3,0.0,3.184285762095373,3.1070207466009845,0.0
GTPBP3,ESM-2 650M + CaLM,4,0.6,3.5918445152193303,3.069073993911177,0.5617272874519347
GTPBP3,ESM-2 650M + CaLM,5,0.6,3.9855119576086557,2.844797943156958,0.517066211924108
GTPBP3,ESM-1b 650M + CaLM,1,0.63,4.458673756806262,3.2361190106254636,0.552738166692678
GTPBP3,ESM-1b 650M + CaLM,2,0.6,4.0771679485873475,3.1340006130477147,0.5355332063186352
GTPBP3,ESM-1b 650M + CaLM,3,0.63,5.066452942449137,3.07834151946403,0.5084908941835349
GTPBP3,ESM-1b 650M + CaLM,4,0.63,4.643114043471718,2.831422330042781,0.5094015712835661
GTPBP3,ESM-1b 650M + CaLM,5,0.14,4.764930663215539,3.2696236606239206,0.10048040875391673
HADHA,ESM-2 650M + CaLM,1,0.0,4.856612754906824,4.026673023103613,0.0
HADHA,ESM-2 650M + CaLM,2,0.0,4.277801307047152,3.4296826181088464,0.0
HADHA,ESM-2 650M + CaLM,3,0.0,4.5996650394513745,3.626035894256459,0.0
HADHA,ESM-2 650M + CaLM,4,0.0,4.367445967611498,3.978780840995204,0.0
HADHA,ESM-2 650M + CaLM,5,0.0,4.6930715522095445,3.288867701639176,0.0
HADHA,ESM-1b 650M + CaLM,1,0.16,5.415381845244717,3.8422331190397783,0.11905414962097348
HADHA,ESM-1b 650M + CaLM,2,0.0,5.459272158101655,3.4473854796765924,0.0
HADHA,ESM-1b 650M + CaLM,3,0.39,5.2584619358359745,3.8641465676482505,0.3196436448472
HADHA,ESM-1b 650M + CaLM,4,0.39,5.296457056507667,3.274400158325456,0.28328686252020224
HADHA,ESM-1b 650M + CaLM,5,0.39,5.027158919733407,3.7995894009647206,0.32579316871150016
HBA1,ESM-2 650M + CaLM,1,0.0,2.6071178966780946,1.732578946701442,0.0
HBA1,ESM-2 650M + CaLM,2,0.0,2.831938134359026,1.8623018658040542,0.0
HBA1,ESM-2 650M + CaLM,3,0.07,2.934047245910152,1.8076084361005684,0.0443165958041608
HBA1,ESM-2 650M + CaLM,4,0.07,2.586621004564275,1.6849835290142872,0.04674006291649252
HBA1,ESM-2 650M + CaLM,5,0.07,2.6742927004806694,1.8763749626288544,0.05016205247865827
HBA1,ESM-1b 650M + CaLM,1,0.0,4.343151583025474,1.8667054992344039,0.0
HBA1,ESM-1b 650M + CaLM,2,0.0,4.2779561588343835,1.8897415732744407,0.0
HBA1,ESM-1b 650M + CaLM,3,0.0,4.332876694584771,1.702427283278581,0.0
HBA1,ESM-1b 650M + CaLM,4,0.0,4.277687696531228,1.4768784103601684,0.0
HBA1,ESM-1b 650M + CaLM,5,0.0,4.100249307456089,1.9736834698960317,0.0
HBA2,ESM-2 650M + CaLM,1,0.47,2.7594082805763063,2.27879596339783,0.42274538784639465
HBA2,ESM-2 650M + CaLM,2,0.28,3.110623172264243,2.408899994975094,0.2314548513786422
HBA2,ESM-2 650M + CaLM,3,0.47,2.83341020230605,2.162698187845166,0.4036526151099078
HBA2,ESM-2 650M + CaLM,4,0.47,2.997790604460037,2.1928102623707217,0.39344934425891104
HBA2,ESM-2 650M + CaLM,5,0.0,3.0462735423799985,2.309680444911035,0.0
HBA2,ESM-1b 650M + CaLM,1,0.0,4.3897169964169835,2.1924227588717025,0.0
HBA2,ESM-1b 650M + CaLM,2,0.04,4.14279218222599,2.358648748143707,0.023172701558883235
HBA2,ESM-1b 650M + CaLM,3,0.0,4.493170743835029,2.402770421761547,0.0
HBA2,ESM-1b 650M + CaLM,4,0.04,3.999457197647221,2.067508488226697,0.021085303417596665
HBA2,ESM-1b 650M + CaLM,5,0.71,4.574841854652474,2.3440758643036546,0.5564342947799582
HBB,ESM-2 650M + CaLM,1,0.72,2.88772482900763,2.027845641088814,0.6435869075365344
HBB,ESM-2 650M + CaLM,2,0.39,2.6796218208503104,1.9879106318856155,0.3217145102409894
HBB,ESM-2 650M + CaLM,3,0.4,2.8722873596765877,1.9656890097956847,0.3133011473077703
HBB,ESM-2 650M + CaLM,4,0.42,2.644359203081641,2.2292491310993854,0.37906061439902583
HBB,ESM-2 650M + CaLM,5,0.38,2.9003741370980154,1.940059021048694,0.2907654067981159
HBB,ESM-1b 650M + CaLM,1,0.41,2.506118310684947,1.9565824119839021,0.35171683921685915
HBB,ESM-1b 650M + CaLM,2,0.53,2.880278648854741,2.1819312556505173,0.4606981568120686
HBB,ESM-1b 650M + CaLM,3,0.5700000000000001,2.8114547324659087,2.005597707276255,0.486026446944385
HBB,ESM-1b 650M + CaLM,4,0.5700000000000001,3.0316691952917,2.131048491475408,0.48234531821506677
HBB,ESM-1b 650M + CaLM,5,0.5700000000000001,3.0317656901284127,1.7894673552435088,0.4389619422354027
HCN1,ESM-2 650M + CaLM,1,0.18,3.1727696702375994,2.167004919791558,0.13037962076358303
HCN1,ESM-2 650M + CaLM,2,0.18,3.2367047928556296,2.2716462256735808,0.13349562132524603
HCN1,ESM-2 650M + CaLM,3,0.23,3.216783755439186,2.1842857770382778,0.16862490314119777
HCN1,ESM-2 650M + CaLM,4,0.14,2.945188111130361,2.144004950672694,0.10595069273682287
HCN1,ESM-2 650M + CaLM,5,0.15,3.0362663717881144,2.226318432932069,0.11457071601679136
HCN1,ESM-1b 650M + CaLM,1,0.28,5.328050396296851,2.3131077591594336,0.14444457225610816
HCN1,ESM-1b 650M + CaLM,2,0.32,5.0793737002445525,1.9859467839501384,0.15539956755828854
HCN1,ESM-1b 650M + CaLM,3,0.43,5.28784710099797,2.353605945362394,0.2513709727529899
HCN1,ESM-1b 650M + CaLM,4,0.36,5.019626363795784,2.165521306184273,0.19528022612846768
HCN1,ESM-1b 650M + CaLM,5,0.42,4.814786072892708,2.1640467747594228,0.24555062671113034
HCN2,ESM-2 650M + CaLM,1,0.0,3.2606544517788962,2.6810884355405147,0.0
HCN2,ESM-2 650M + CaLM,2,0.0,3.2595027244057992,2.3043807666535114,0.0
HCN2,ESM-2 650M + CaLM,3,0.0,3.6400809606519675,2.7744056540701885,0.0
HCN2,ESM-2 650M + CaLM,4,0.0,3.3111068268640125,2.3277457733220097,0.0
HCN2,ESM-2 650M + CaLM,5,0.0,3.349664706787417,2.655878094168772,0.0
HCN2,ESM-1b 650M + CaLM,1,0.0,3.675357643367317,2.1112800916323016,0.0
HCN2,ESM-1b 650M + CaLM,2,0.0,3.936808864024209,2.653705407958393,0.0
HCN2,ESM-1b 650M + CaLM,3,0.0,4.2718011297623315,2.4884641463468946,0.0
HCN2,ESM-1b 650M + CaLM,4,0.0,4.037697871590685,2.806073671059042,0.0
HCN2,ESM-1b 650M + CaLM,5,0.0,3.7873109641994205,2.5890476124789026,0.0
HDAC8,ESM-2 650M + CaLM,1,0.23,2.776852831567484,2.857354301137138,0.23510015475456544
HDAC8,ESM-2 650M + CaLM,2,0.23,2.9552174939124893,2.937347024819814,0.22892756861422692
HDAC8,ESM-2 650M + CaLM,3,0.2,3.161879696042712,3.3000820009736826,0.20693281989148907
HDAC8,ESM-2 650M + CaLM,4,0.46,2.7256475555551107,3.1947176171096414,0.49961250411419933
HDAC8,ESM-2 650M + CaLM,5,0.23,2.8747135141523845,3.077601378689966,0.24229948476938346
HDAC8,ESM-1b 650M + CaLM,1,0.58,4.266114606828622,2.9669898470385387,0.48990582837887187
HDAC8,ESM-1b 650M + CaLM,2,0.78,4.279692875913302,3.054925708275837,0.716779070196503
HDAC8,ESM-1b 650M + CaLM,3,0.25,4.120940972410962,2.9863979746475997,0.1945634892926299
HDAC8,ESM-1b 650M + CaLM,4,0.0,4.263607471250409,3.1111201429791855,0.0
HDAC8,ESM-1b 650M + CaLM,5,0.58,4.453455240364792,3.2663401447873297,0.5031907754847946
HEXB,ESM-2 650M + CaLM,1,0.0,4.048855108088811,3.348444502767868,0.0
HEXB,ESM-2 650M + CaLM,2,0.0,4.373604129219868,3.403569788364381,0.0
HEXB,ESM-2 650M + CaLM,3,0.0,4.1191455713988185,3.0064057581791497,0.0
HEXB,ESM-2 650M + CaLM,4,0.0,3.992244480236242,2.9945466795718807,0.0
HEXB,ESM-2 650M + CaLM,5,0.0,3.7472817214610457,3.1514279407590573,0.0
HEXB,ESM-1b 650M + CaLM,1,0.0,4.464313451976399,3.3044148803159112,0.0
HEXB,ESM-1b 650M + CaLM,2,0.0,4.623677499739003,2.8402115113432043,0.0
HEXB,ESM-1b 650M + CaLM,3,0.0,4.430037444921294,3.41613440565339,0.0
HEXB,ESM-1b 650M + CaLM,4,0.0,3.582631312694694,2.9520786066490077,0.0
HEXB,ESM-1b 650M + CaLM,5,0.0,4.342793540522412,3.312312092873755,0.0
HGD,ESM-2 650M + CaLM,1,0.0,2.8618046005233304,2.7274202282579982,0.0
HGD,ESM-2 650M + CaLM,2,0.0,2.873466500137376,3.1538037814699793,0.0
HGD,ESM-2 650M + CaLM,3,0.0,3.0344510128182973,3.0276201494728614,0.0
HGD,ESM-2 650M + CaLM,4,0.0,3.0363972012128757,3.01128362671403,0.0
HGD,ESM-2 650M + CaLM,5,0.0,3.156314869034996,3.0081345787206417,0.0
HGD,ESM-1b 650M + CaLM,1,0.81,2.942523229153455,2.9966600205271336,0.8127898890454608
HGD,ESM-1b 650M + CaLM,2,0.0,2.8299382595532223,2.985447950847867,0.0
HGD,ESM-1b 650M + CaLM,3,0.81,3.3410626077083125,2.9976154323824953,0.7927428152503789
HGD,ESM-1b 650M + CaLM,4,0.22,3.3031620269956625,3.2016920744680464,0.21469274603906527
HGD,ESM-1b 650M + CaLM,5,0.81,3.105738261938682,2.739014659108644,0.7899056786614315
HGSNAT,ESM-2 650M + CaLM,1,0.0,3.539075635314777,2.203333920119441,0.0
HGSNAT,ESM-2 650M + CaLM,2,0.39,3.2939666750294885,2.1033256720656097,0.2898968672260761
HGSNAT,ESM-2 650M + CaLM,3,0.24,3.425205498803069,2.3234558799445875,0.17642114444650653
HGSNAT,ESM-2 650M + CaLM,4,0.39,3.696568447659264,2.0891612417158414,0.2654260315499433
HGSNAT,ESM-2 650M + CaLM,5,0.39,3.3299520074021323,1.846910390778919,0.2617764250616211
HGSNAT,ESM-1b 650M + CaLM,1,0.18,4.433968110418914,2.2158947890139773,0.09885730978916811
HGSNAT,ESM-1b 650M + CaLM,2,0.0,4.178640293018595,2.0177562424217226,0.0
HGSNAT,ESM-1b 650M + CaLM,3,0.0,4.190894818967108,2.3528110474860617,0.0
HGSNAT,ESM-1b 650M + CaLM,4,0.18,4.087956507174616,1.7899903243016393,0.08768915905148116
HGSNAT,ESM-1b 650M + CaLM,5,0.18,4.328557032809059,2.1351519874178875,0.09770014153386855
HLCS,ESM-2 650M + CaLM,1,0.0,4.423623084292807,1.1731553680033344,0.0
HLCS,ESM-2 650M + CaLM,2,0.0,4.585685261334926,1.4360700744671058,0.0
HLCS,ESM-2 650M + CaLM,3,0.0,4.422222703486901,1.3503729613238842,0.0
HLCS,ESM-2 650M + CaLM,4,0.0,4.301236336685699,1.3200704473963492,0.0
HLCS,ESM-2 650M + CaLM,5,0.0,3.7400690028542884,1.4557842211800889,0.0
HLCS,ESM-1b 650M + CaLM,1,0.0,4.919311993799404,1.3375912187278347,0.0
HLCS,ESM-1b 650M + CaLM,2,0.0,4.042472299420838,1.4455297651237216,0.0
HLCS,ESM-1b 650M + CaLM,3,0.0,4.913527365085686,1.174817109695859,0.0
HLCS,ESM-1b 650M + CaLM,4,0.0,4.757389145495023,1.3571972654738198,0.0
HLCS,ESM-1b 650M + CaLM,5,0.0,4.969327186461575,1.430773500952427,0.0
HNF1A,ESM-2 650M + CaLM,1,0.0,3.1703336595695655,2.2758652269710136,0.0
HNF1A,ESM-2 650M + CaLM,2,0.27,3.1551525887107674,2.0997895657909376,0.19752709900580645
HNF1A,ESM-2 650M + CaLM,3,0.0,3.1935215198490154,2.3062734775705866,0.0
HNF1A,ESM-2 650M + CaLM,4,0.0,3.266342099052021,2.3346100083418477,0.0
HNF1A,ESM-2 650M + CaLM,5,0.0,2.871396563630125,2.2367625628269634,0.0
HNF1A,ESM-1b 650M + CaLM,1,0.0,4.175853271256927,2.1685824655164105,0.0
HNF1A,ESM-1b 650M + CaLM,2,0.0,4.368863804164579,2.1976988405300153,0.0
HNF1A,ESM-1b 650M + CaLM,3,0.0,4.386953484791803,2.364039585796093,0.0
HNF1A,ESM-1b 650M + CaLM,4,0.24,4.298948348342384,2.2126523806013485,0.1398113196075252
HNF1A,ESM-1b 650M + CaLM,5,0.47,4.296854604065861,2.3140143970050238,0.3232132892834128
HNF4A,ESM-2 650M + CaLM,1,0.64,2.9339707282734935,2.5466962348513627,0.6067817492769094
HNF4A,ESM-2 650M + CaLM,2,0.29,2.732965044143862,2.5581551761397785,0.27658101183918354
HNF4A,ESM-2 650M + CaLM,3,0.64,3.077257250785982,2.7585382550559423,0.6144428211320644
HNF4A,ESM-2 650M + CaLM,4,0.5700000000000001,3.0792230579567086,2.475201768296054,0.5158686079202526
HNF4A,ESM-2 650M + CaLM,5,0.29,2.62399039729195,2.3675679992725973,0.26929212662226637
HNF4A,ESM-1b 650M + CaLM,1,0.45,3.5031950584310216,2.687809916556138,0.38565359157339607
HNF4A,ESM-1b 650M + CaLM,2,0.02,3.701586762820416,2.4366918463007985,0.013256258885623871
HNF4A,ESM-1b 650M + CaLM,3,0.32,3.316243667059169,2.54586798502211,0.2653912539006094
HNF4A,ESM-1b 650M + CaLM,4,0.52,3.396869498843152,2.5727063063715,0.4506974324148193
HNF4A,ESM-1b 650M + CaLM,5,0.52,3.711921821809835,2.4497661512615676,0.4168994746206216
HNRNPK,ESM-2 650M + CaLM,1,0.0,3.524481314015561,2.4704627916003092,0.0
HNRNPK,ESM-2 650M + CaLM,2,0.0,3.797458257927451,2.388835597168241,0.0
HNRNPK,ESM-2 650M + CaLM,3,0.0,3.361060059432555,2.469564816301909,0.0
HNRNPK,ESM-2 650M + CaLM,4,0.0,3.831043872545131,2.453023899698572,0.0
HNRNPK,ESM-2 650M + CaLM,5,0.0,3.675474612351974,2.2777807899172,0.0
HNRNPK,ESM-1b 650M + CaLM,1,0.0,4.890793864388638,2.400968035765144,0.0
HNRNPK,ESM-1b 650M + CaLM,2,0.0,5.271052285646405,2.565296431580906,0.0
HNRNPK,ESM-1b 650M + CaLM,3,0.0,4.858558972346548,2.01118196107543,0.0
HNRNPK,ESM-1b 650M + CaLM,4,0.0,5.1589647560431615,2.4827920796349434,0.0
HNRNPK,ESM-1b 650M + CaLM,5,0.0,5.255063389993655,2.535944772089999,0.0
HNRNPU,ESM-2 650M + CaLM,1,0.0,2.4038534280054344,1.3600411872871998,0.0
HNRNPU,ESM-2 650M + CaLM,2,0.0,2.617675266039186,1.3594818017645378,0.0
HNRNPU,ESM-2 650M + CaLM,3,0.07,2.4552735296432107,1.346048977760556,0.039629174930939676
HNRNPU,ESM-2 650M + CaLM,4,0.22,2.618290597270414,1.3836992351170563,0.12972103873429472
HNRNPU,ESM-2 650M + CaLM,5,0.07,2.4024498903584153,1.4662950709772986,0.04392135655557712
HNRNPU,ESM-1b 650M + CaLM,1,0.0,3.071767719222305,1.39386652056136,0.0
HNRNPU,ESM-1b 650M + CaLM,2,0.0,3.216414517141183,1.34766854026318,0.0
HNRNPU,ESM-1b 650M + CaLM,3,0.0,3.1869221426225476,1.3990504674534436,0.0
HNRNPU,ESM-1b 650M + CaLM,4,0.0,3.2217401167788506,1.3849772766757276,0.0
HNRNPU,ESM-1b 650M + CaLM,5,0.0,2.830972475127587,1.3952730782933098,0.0
HPS1,ESM-2 650M + CaLM,1,0.0,3.189520441353173,1.1323976746729023,0.0
HPS1,ESM-2 650M + CaLM,2,0.0,3.530073872889154,1.3330256107883496,0.0
HPS1,ESM-2 650M + CaLM,3,0.0,3.589694762286821,1.0658433685918538,0.0
HPS1,ESM-2 650M + CaLM,4,0.0,3.433106691761639,1.213762261617697,0.0
HPS1,ESM-2 650M + CaLM,5,0.0,3.5531381962991992,1.1445579489272624,0.0
HPS1,ESM-1b 650M + CaLM,1,0.0,4.2103430638569845,1.0393240090889475,0.0
HPS1,ESM-1b 650M + CaLM,2,0.0,4.869761916149944,1.3230070038677413,0.0
HPS1,ESM-1b 650M + CaLM,3,0.0,5.083125815962449,1.1495046088617764,0.0
HPS1,ESM-1b 650M + CaLM,4,0.0,4.087962125128065,1.1507613242973693,0.0
HPS1,ESM-1b 650M + CaLM,5,0.0,4.889197041494924,1.2592601513841033,0.0
HRAS,ESM-2 650M + CaLM,1,0.0,3.173383449323952,2.338135023045608,0.0
HRAS,ESM-2 650M + CaLM,2,0.0,2.936129767539265,1.969550642809185,0.0
HRAS,ESM-2 650M + CaLM,3,0.0,3.141561222694135,2.355681054911623,0.0
HRAS,ESM-2 650M + CaLM,4,0.0,3.1393095674714004,2.110820550882653,0.0
HRAS,ESM-2 650M + CaLM,5,0.0,3.2681673078708107,2.1087162718556627,0.0
HRAS,ESM-1b 650M + CaLM,1,0.0,3.7918181512524622,2.17591990252289,0.0
HRAS,ESM-1b 650M + CaLM,2,0.13,3.860109187682277,2.0952381694895346,0.07502210755953871
HRAS,ESM-1b 650M + CaLM,3,0.64,3.306060181577195,2.170359119644611,0.5385482483803998
HRAS,ESM-1b 650M + CaLM,4,0.13,3.5519109294491313,2.100319915359616,0.08118495966098926
HRAS,ESM-1b 650M + CaLM,5,0.0,3.8899025139553554,2.3118409461889797,0.0
HSD17B10,ESM-2 650M + CaLM,1,0.0,3.371664151538155,2.600029206600979,0.0
HSD17B10,ESM-2 650M + CaLM,2,0.0,3.1679625323860017,2.5893980682942503,0.0
HSD17B10,ESM-2 650M + CaLM,3,0.0,3.527059240974346,2.694948273266381,0.0
HSD17B10,ESM-2 650M + CaLM,4,0.0,3.4134566200421124,2.8837515679183197,0.0
HSD17B10,ESM-2 650M + CaLM,5,0.0,2.8849292817181067,2.445820499602416,0.0
HSD17B10,ESM-1b 650M + CaLM,1,0.16,4.273223124363424,2.7989063186856256,0.11092101484064036
HSD17B10,ESM-1b 650M + CaLM,2,0.76,3.772970423024481,2.4737314424811023,0.6749247752409514
HSD17B10,ESM-1b 650M + CaLM,3,0.76,3.992215348883797,2.7084966385400517,0.6823791233237755
HSD17B10,ESM-1b 650M + CaLM,4,0.0,4.048931514323006,2.5884839672084543,0.0
HSD17B10,ESM-1b 650M + CaLM,5,0.76,3.6015197049046375,2.62662456667704,0.6978378974623519
HSD17B4,ESM-2 650M + CaLM,1,0.46,2.8670951896257337,2.7027626747045246,0.44537697866498216
HSD17B4,ESM-2 650M + CaLM,2,0.03,2.646645081689025,2.470581565574695,0.02806030145150771
HSD17B4,ESM-2 650M + CaLM,3,0.03,2.8298990546380693,2.9033749789622174,0.030754968709437974
HSD17B4,ESM-2 650M + CaLM,4,0.2,3.0622185757417415,3.0472582827149215,0.19921756467823384
HSD17B4,ESM-2 650M + CaLM,5,0.0,3.1244399003659002,3.0019981492735655,0.0
HSD17B4,ESM-1b 650M + CaLM,1,0.0,4.751499289471956,2.535509158127443,0.0
HSD17B4,ESM-1b 650M + CaLM,2,0.77,5.2588094038252,2.9831753507514267,0.6550686982320567
HSD17B4,ESM-1b 650M + CaLM,3,0.0,5.19985386005569,3.08440086345991,0.0
HSD17B4,ESM-1b 650M + CaLM,4,0.55,4.6281025957572535,2.8051012409464797,0.4255485236303481
HSD17B4,ESM-1b 650M + CaLM,5,0.0,4.959334796383246,2.730684109787054,0.0
IDS,ESM-2 650M + CaLM,1,0.02,3.089118044570342,2.930844412543135,0.018994746965345186
IDS,ESM-2 650M + CaLM,2,0.09,3.110890350126564,2.9095730475655452,0.08466889632218606
IDS,ESM-2 650M + CaLM,3,0.02,3.195842284714438,2.983368721053966,0.018695171316902723
IDS,ESM-2 650M + CaLM,4,0.0,3.19757051524718,2.8992882793532972,0.0
IDS,ESM-2 650M + CaLM,5,0.02,3.2066331368326804,2.9271147790092806,0.018288507774642204
IDS,ESM-1b 650M + CaLM,1,0.02,3.5920210847792404,2.9432583214327765,0.016447167550429673
IDS,ESM-1b 650M + CaLM,2,0.05,3.6121554383355785,2.921588529777527,0.04083137305686937
IDS,ESM-1b 650M + CaLM,3,0.09,3.658778640832568,2.9316530962106544,0.07342722198344208
IDS,ESM-1b 650M + CaLM,4,0.12,3.5199050049008895,2.9914784969655215,0.10385594128612452
IDS,ESM-1b 650M + CaLM,5,0.04,3.4987395552610825,2.867624068424106,0.03302292499555791
IDUA,ESM-2 650M + CaLM,1,0.15,3.185046412004745,2.0241439921991438,0.10084044127683314
IDUA,ESM-2 650M + CaLM,2,0.01,3.5598769540876845,1.8976753724280566,0.0053557404293184075
IDUA,ESM-2 650M + CaLM,3,0.01,3.4687022544488237,2.1055508272471646,0.006094088907538307
IDUA,ESM-2 650M + CaLM,4,0.0,3.5121483318849913,1.7883189145187302,0.0
IDUA,ESM-2 650M + CaLM,5,0.01,3.359679976275525,1.811101720648421,0.005415659545279576
IDUA,ESM-1b 650M + CaLM,1,0.45,3.9864334344788035,1.9827743167360516,0.2892415234082586
IDUA,ESM-1b 650M + CaLM,2,0.35,3.669218210435206,1.866298002284771,0.21499741004852124
IDUA,ESM-1b 650M + CaLM,3,0.0,3.754088131335811,2.0379958671616762,0.0
IDUA,ESM-1b 650M + CaLM,4,0.08,3.5054505660442796,2.0064715749030073,0.04741284805253034
IDUA,ESM-1b 650M + CaLM,5,0.35,3.959186951623116,1.6888411686851266,0.1867853040714012
IGHMBP2,ESM-2 650M + CaLM,1,0.41,3.976867841038537,2.899395340527732,0.33627074356693043
IGHMBP2,ESM-2 650M + CaLM,2,0.29,3.9769853977853216,2.9902233373922456,0.23495151050264054
IGHMBP2,ESM-2 650M + CaLM,3,0.35,3.6998385698905385,2.6889735075570096,0.28127037020546386
IGHMBP2,ESM-2 650M + CaLM,4,0.35,4.038016558357486,2.7734648285755803,0.2699856366596719
IGHMBP2,ESM-2 650M + CaLM,5,0.41,4.225000897439314,2.8531271782295162,0.3193915925548334
IGHMBP2,ESM-1b 650M + CaLM,1,0.31,5.573734894619228,3.0130038605981047,0.1954077658460126
IGHMBP2,ESM-1b 650M + CaLM,2,0.34,5.6656876132593625,2.876784070282192,0.20733752891769308
IGHMBP2,ESM-1b 650M + CaLM,3,0.64,6.002221270723478,2.732688593757141,0.44732628937649455
IGHMBP2,ESM-1b 650M + CaLM,4,0.31,6.004596700719353,2.8173402815983146,0.1740989271299254
IGHMBP2,ESM-1b 650M + CaLM,5,0.34,5.393701321512691,2.783421837797948,0.2100133377095739
IL11RA,ESM-2 650M + CaLM,1,0.0,2.1140968180035027,1.6367833561243232,0.0
IL11RA,ESM-2 650M + CaLM,2,0.0,2.1376078092236757,2.392561778523468,0.0
IL11RA,ESM-2 650M + CaLM,3,0.0,2.2326801272464483,2.2638517885558507,0.0
IL11RA,ESM-2 650M + CaLM,4,0.0,1.6548075763787569,2.108806521523667,0.0
IL11RA,ESM-2 650M + CaLM,5,0.0,2.3475246073176512,2.3548417807982074,0.0
IL11RA,ESM-1b 650M + CaLM,1,0.85,3.200742690596557,2.2638517885558507,0.8003184519317531
IL11RA,ESM-1b 650M + CaLM,2,0.8200000000000001,3.0255213675619466,2.3110970876897015,0.7767777569102045
IL11RA,ESM-1b 650M + CaLM,3,0.12,2.3722256466035456,2.1674419405807877,0.11078859940773225
IL11RA,ESM-1b 650M + CaLM,4,0.85,3.3783430178364613,1.6396523974087545,0.7333527031323841
IL11RA,ESM-1b 650M + CaLM,5,0.85,3.3090606545868257,2.364115994119415,0.8019204763554454
IL12RB1,ESM-2 650M + CaLM,1,0.15,2.5046652612565836,1.1224378241705477,0.0732875075241903
IL12RB1,ESM-2 650M + CaLM,2,0.0,2.7160263988208206,1.3467351012490185,0.0
IL12RB1,ESM-2 650M + CaLM,3,0.03,2.3291493572197193,1.273093504607244,0.01662387046547345
IL12RB1,ESM-2 650M + CaLM,4,0.03,2.498445213094025,1.1373758229700865,0.013883908029820669
IL12RB1,ESM-2 650M + CaLM,5,0.03,2.8739717531224445,1.2499140892418283,0.01327224931218784
IL12RB1,ESM-1b 650M + CaLM,1,0.0,4.701228923708969,1.2340764610407655,0.0
IL12RB1,ESM-1b 650M + CaLM,2,0.0,4.129902111141838,1.2350847301052301,0.0
IL12RB1,ESM-1b 650M + CaLM,3,0.0,4.13400791047478,1.1391512451628343,0.0
IL12RB1,ESM-1b 650M + CaLM,4,0.0,3.6806688756038826,1.2191121554983029,0.0
IL12RB1,ESM-1b 650M + CaLM,5,0.0,4.235074773600238,1.2575787529841436,0.0
IL2RG,ESM-2 650M + CaLM,1,0.18,3.0333291699600395,2.4385393932707724,0.14999898822129135
IL2RG,ESM-2 650M + CaLM,2,0.05,3.238211853608222,2.5092402302483463,0.039185286617644366
IL2RG,ESM-2 650M + CaLM,3,0.05,3.275617147936062,2.343576798313303,0.03628934371055619
IL2RG,ESM-2 650M + CaLM,4,0.0,3.3245731520151067,2.357926751287061,0.0
IL2RG,ESM-2 650M + CaLM,5,0.06,3.219673638084059,2.4403756992915664,0.04614762979917099
IL2RG,ESM-1b 650M + CaLM,1,0.14,4.20440797033168,2.4275371499320353,0.08591648398876071
IL2RG,ESM-1b 650M + CaLM,2,0.0,4.191238031665087,2.5816947319432146,0.0
IL2RG,ESM-1b 650M + CaLM,3,0.01,4.196513774934248,2.580437822992955,0.006172774915127322
IL2RG,ESM-1b 650M + CaLM,4,0.03,4.024418900997395,2.0967386516561404,0.01585799980322868
IL2RG,ESM-1b 650M + CaLM,5,0.01,3.9075189321467527,2.356050550524259,0.006053566235275526
IL7R,ESM-2 650M + CaLM,1,0.53,2.9878001675004278,2.344987739469078,0.46950965347506896
IL7R,ESM-2 650M + CaLM,2,0.8300000000000001,3.096005659584202,1.9273023195611128,0.7524339387568154
IL7R,ESM-2 650M + CaLM,3,0.0,3.0242481731113555,2.296335208662423,0.0
IL7R,ESM-2 650M + CaLM,4,0.53,2.7283896506435563,1.8065157544369095,0.42747336911370326
IL7R,ESM-2 650M + CaLM,5,0.52,2.6176085375147955,2.0548175699094644,0.4595805551008521
IL7R,ESM-1b 650M + CaLM,1,0.93,3.046014812037902,2.1947491569190576,0.905417439520781
IL7R,ESM-1b 650M + CaLM,2,0.72,3.2529402592820964,2.2045572018593913,0.6353942407392781
IL7R,ESM-1b 650M + CaLM,3,0.74,3.136463042631208,1.9073214061479682,0.6338043743984236
IL7R,ESM-1b 650M + CaLM,4,0.78,2.9364690974035685,2.0905222937096815,0.716237142679979
IL7R,ESM-1b 650M + CaLM,5,0.87,3.137165202048419,2.092825155735067,0.8170001691361469
IRF2BPL,ESM-2 650M + CaLM,1,0.98,1.7686705016868443,0.7005045016158928,0.9509973862604314
IRF2BPL,ESM-2 650M + CaLM,2,0.98,2.042783102284036,1.1903360125309306,0.966161859231973
IRF2BPL,ESM-2 650M + CaLM,3,0.97,1.6718006107440833,1.1979377806205873,0.9586240426863458
IRF2BPL,ESM-2 650M + CaLM,4,0.98,2.0640059047216632,1.154942609942693,0.964811799551061
IRF2BPL,ESM-2 650M + CaLM,5,0.97,2.0887372858013507,1.2336056339476715,0.9502389186511383
IRF2BPL,ESM-1b 650M + CaLM,1,0.0,5.0916669668310455,0.7135219899266306,0.0
IRF2BPL,ESM-1b 650M + CaLM,2,0.0,4.775406195986477,1.2295243140993726,0.0
IRF2BPL,ESM-1b 650M + CaLM,3,0.0,4.679803017728552,1.2230841115151405,0.0
IRF2BPL,ESM-1b 650M + CaLM,4,0.0,4.7406949854925395,1.2317128140127152,0.0
IRF2BPL,ESM-1b 650M + CaLM,5,0.0,4.333688273754701,1.0912378922600714,0.0
ITGB2,ESM-2 650M + CaLM,1,0.0,4.226942920488482,2.2806387613660877,0.0
ITGB2,ESM-2 650M + CaLM,2,0.0,4.682834785384464,2.793217419462417,0.0
ITGB2,ESM-2 650M + CaLM,3,0.0,4.369233210409225,2.5991306719213485,0.0
ITGB2,ESM-2 650M + CaLM,4,0.0,4.185195759721348,2.6859113207128935,0.0
ITGB2,ESM-2 650M + CaLM,5,0.0,3.3502797341155186,2.466282041229778,0.0
ITGB2,ESM-1b 650M + CaLM,1,0.0,4.64978511777391,2.7209670787829743,0.0
ITGB2,ESM-1b 650M + CaLM,2,0.0,3.013626965767216,2.587144772320727,0.0
ITGB2,ESM-1b 650M + CaLM,3,0.0,4.931587878413369,2.7761236513027154,0.0
ITGB2,ESM-1b 650M + CaLM,4,0.0,4.585120522151504,2.4394841398731324,0.0
ITGB2,ESM-1b 650M + CaLM,5,0.0,4.577694089981081,2.544208170306296,0.0
ITGB3,ESM-2 650M + CaLM,1,0.09,3.0453158621278718,2.514342091319174,0.07549246292358082
ITGB3,ESM-2 650M + CaLM,2,0.09,2.7679894083203704,2.4551157590384096,0.08064746915600816
ITGB3,ESM-2 650M + CaLM,3,0.0,3.0912319707171645,2.4764902586533855,0.0
ITGB3,ESM-2 650M + CaLM,4,0.0,2.9288895176779985,2.666118662228252,0.0
ITGB3,ESM-2 650M + CaLM,5,0.09,3.0200579608682867,2.5373114722528447,0.07671746480106649
ITGB3,ESM-1b 650M + CaLM,1,0.24,3.8053509392688447,2.6012800343119586,0.17754289562747191
ITGB3,ESM-1b 650M + CaLM,2,0.26,3.900119094222691,2.4915847058946152,0.18331361822304906
ITGB3,ESM-1b 650M + CaLM,3,0.26,3.900635164747972,2.5505475373941344,0.1868210633795571
ITGB3,ESM-1b 650M + CaLM,4,0.53,3.81596535959382,2.54758939970668,0.42949746209693845
ITGB3,ESM-1b 650M + CaLM,5,0.24,3.7943801395603236,2.4626954170946975,0.17009641285445676
KARS1,ESM-2 650M + CaLM,1,0.11,4.2113152117700245,3.558779291588967,0.0945675306206314
KARS1,ESM-2 650M + CaLM,2,0.12,4.3839592534916,3.627206286343215,0.10138589756841716
KARS1,ESM-2 650M + CaLM,3,0.12,3.6511015966917593,2.957260306573748,0.09946386972095722
KARS1,ESM-2 650M + CaLM,4,0.09,4.019245103561021,3.6703061410975475,0.08283369023132661
KARS1,ESM-2 650M + CaLM,5,0.12,4.0683902966513426,3.3855162648581096,0.1019108277451461
KARS1,ESM-1b 650M + CaLM,1,0.95,5.374626317514276,3.2262839288538485,0.9193894977434134
KARS1,ESM-1b 650M + CaLM,2,0.0,5.234737561114357,3.6544573095808617,0.0
KARS1,ESM-1b 650M + CaLM,3,0.95,4.152836917906278,3.2268608226243787,0.9365622610770794
KARS1,ESM-1b 650M + CaLM,4,0.95,4.846729476648156,3.424974115570759,0.9306830136595982
KARS1,ESM-1b 650M + CaLM,5,0.0,5.107594122751967,3.574798569543905,0.0
KCNA2,ESM-2 650M + CaLM,1,0.27,2.8972849729394765,3.2398060147032917,0.2925806652225249
KCNA2,ESM-2 650M + CaLM,2,0.27,3.2959862196933134,3.4935756454052855,0.2816276429703144
KCNA2,ESM-2 650M + CaLM,3,0.5,3.040298518748581,3.0997135607441604,0.5048383489499981
KCNA2,ESM-2 650M + CaLM,4,0.25,3.359621368537145,3.503361359656812,0.2579372112924663
KCNA2,ESM-2 650M + CaLM,5,0.0,3.261328140394411,3.4675412610819434,0.0
KCNA2,ESM-1b 650M + CaLM,1,0.73,4.187685480758656,3.3986154688249224,0.6869379423636782
KCNA2,ESM-1b 650M + CaLM,2,0.18,3.941276629164317,3.5093348440467462,0.163498340841474
KCNA2,ESM-1b 650M + CaLM,3,0.18,4.114756665554712,3.1571873727185302,0.14414939229588958
KCNA2,ESM-1b 650M + CaLM,4,0.02,4.308561606166092,3.527773672154265,0.016435211612186022
KCNA2,ESM-1b 650M + CaLM,5,0.0,4.168343491726197,3.219712363236321,0.0
KCNB1,ESM-2 650M + CaLM,1,0.5700000000000001,3.699746275295525,3.3116774996806493,0.5426564985605206
KCNB1,ESM-2 650M + CaLM,2,0.56,3.76526557510109,3.2352022769765876,0.5223438870520106
KCNB1,ESM-2 650M + CaLM,3,0.72,3.7111663952327723,3.176447809983383,0.6875905624947793
KCNB1,ESM-2 650M + CaLM,4,0.56,3.7693016755442836,3.351411748334276,0.5308741651370344
KCNB1,ESM-2 650M + CaLM,5,0.5700000000000001,3.7293566667088363,3.2123218765750154,0.5331038551849733
KCNB1,ESM-1b 650M + CaLM,1,0.32,5.4107214357034525,3.268422126643475,0.22134475901911388
KCNB1,ESM-1b 650M + CaLM,2,0.34,5.320788909245737,3.2753023735727353,0.24076214563510837
KCNB1,ESM-1b 650M + CaLM,3,0.38,5.235857000602295,3.2785583147480697,0.2773439451004092
KCNB1,ESM-1b 650M + CaLM,4,0.5700000000000001,5.33429278787992,3.220588628445741,0.4445438380363557
KCNB1,ESM-1b 650M + CaLM,5,0.32,5.401612452167864,3.248850282962274,0.22060088497527633
KCNC3,ESM-2 650M + CaLM,1,0.0,2.668301821451804,2.702825877308484,0.0
KCNC3,ESM-2 650M + CaLM,2,0.8200000000000001,2.6044424830287407,2.335509206599107,0.8033490224989012
KCNC3,ESM-2 650M + CaLM,3,0.65,2.764827707457805,2.605374912819814,0.6363686542973324
KCNC3,ESM-2 650M + CaLM,4,0.8200000000000001,2.818296455989816,2.5612117405511046,0.8054474042808156
KCNC3,ESM-2 650M + CaLM,5,0.8200000000000001,2.5866289862090937,2.3573202377257227,0.8058892560804001
KCNC3,ESM-1b 650M + CaLM,1,0.0,5.446124484709706,2.6543399722184486,0.0
KCNC3,ESM-1b 650M + CaLM,2,0.32,4.889190533273505,2.441571491355987,0.19028541822578326
KCNC3,ESM-1b 650M + CaLM,3,0.32,5.553485440215666,2.4771344597021936,0.17348956231558527
KCNC3,ESM-1b 650M + CaLM,4,0.32,5.179775906253907,2.7503204429837345,0.1999165241669778
KCNC3,ESM-1b 650M + CaLM,5,0.32,4.7295576252635625,2.3617884590686664,0.19028115799032586
KCND2,ESM-2 650M + CaLM,1,0.48,3.1348022145500654,3.2740374030624615,0.49085479822420397
KCND2,ESM-2 650M + CaLM,2,0.52,3.6794665754539597,3.103124725616988,0.4774364598125613
KCND2,ESM-2 650M + CaLM,3,0.12,3.593098601699955,3.2920163492548924,0.11106140979608047
KCND2,ESM-2 650M + CaLM,4,0.52,3.748277516148399,3.083082954349379,0.471201000172365
KCND2,ESM-2 650M + CaLM,5,0.52,3.2131427659338865,2.751958892011738,0.4812852911684763
KCND2,ESM-1b 650M + CaLM,1,0.0,4.5706409191355855,3.201794119321473,0.0
KCND2,ESM-1b 650M + CaLM,2,0.0,4.210670682642763,3.205809724884316,0.0
KCND2,ESM-1b 650M + CaLM,3,0.0,4.549989512398013,3.1427476867758433,0.0
KCND2,ESM-1b 650M + CaLM,4,0.0,4.546660800877937,2.8343393284264575,0.0
KCND2,ESM-1b 650M + CaLM,5,0.0,4.0470705583678805,3.118814234240346,0.0
KCNH1,ESM-2 650M + CaLM,1,0.84,2.726752630334216,2.4479231449632053,0.8249652382556156
KCNH1,ESM-2 650M + CaLM,2,0.95,2.589862688494774,2.5959527974894474,0.9501114481411576
KCNH1,ESM-2 650M + CaLM,3,0.8300000000000001,2.7063667337449893,2.5849380610215933,0.8234242742228454
KCNH1,ESM-2 650M + CaLM,4,0.77,2.4040228334855884,2.4496378725454293,0.7733119879038757
KCNH1,ESM-2 650M + CaLM,5,0.84,2.631501746224365,2.636506586598629,0.840255206989795
KCNH1,ESM-1b 650M + CaLM,1,0.85,4.394977432716702,2.6616745386306935,0.774359656957271
KCNH1,ESM-1b 650M + CaLM,2,0.85,4.443432693234397,2.591021531532685,0.7676744376904321
KCNH1,ESM-1b 650M + CaLM,3,0.76,4.503576760142918,2.4125210377333364,0.6291284955312155
KCNH1,ESM-1b 650M + CaLM,4,0.84,4.34578974902565,2.483557680343664,0.7500188181593993
KCNH1,ESM-1b 650M + CaLM,5,0.78,4.56687503240398,2.519173532429335,0.6616751254098637
KCNJ11,ESM-2 650M + CaLM,1,0.0,2.749909449179545,2.6525756128935303,0.0
KCNJ11,ESM-2 650M + CaLM,2,0.05,2.545441909846912,2.454545747578539,0.04830077034414259
KCNJ11,ESM-2 650M + CaLM,3,0.05,2.688142267101963,2.7233848607253623,0.05062233557412429
KCNJ11,ESM-2 650M + CaLM,4,0.29,2.6431017719202816,2.382179773016414,0.2690748929216171
KCNJ11,ESM-2 650M + CaLM,5,0.05,2.9025349869737127,2.45365771781647,0.04259687649780305
KCNJ11,ESM-1b 650M + CaLM,1,0.12,3.7037655157460763,2.506491099691034,0.08448626677884279
KCNJ11,ESM-1b 650M + CaLM,2,0.0,3.3960394205264213,2.4944165446358455,0.0
KCNJ11,ESM-1b 650M + CaLM,3,0.0,3.615515497200823,2.6118032409239325,0.0
KCNJ11,ESM-1b 650M + CaLM,4,0.0,3.5891727570324217,2.447865271389629,0.0
KCNJ11,ESM-1b 650M + CaLM,5,0.0,3.3650147124764933,2.6108702917287054,0.0
KCNQ1,ESM-2 650M + CaLM,1,0.04,3.4120359216122864,3.0724876957178826,0.036163357837762
KCNQ1,ESM-2 650M + CaLM,2,0.09,3.432705654896766,2.9200786349119285,0.07760274774529785
KCNQ1,ESM-2 650M + CaLM,3,0.38,3.575189416466261,3.2277999142894056,0.3562298418030413
KCNQ1,ESM-2 650M + CaLM,4,0.15,3.488034512859277,3.0967574800424873,0.1354526589215342
KCNQ1,ESM-2 650M + CaLM,5,0.38,3.565473399592958,3.2297599021299193,0.3569934995884926
KCNQ1,ESM-1b 650M + CaLM,1,0.0,3.4100141124888874,3.241455273266093,0.0
KCNQ1,ESM-1b 650M + CaLM,2,0.0,3.336993059923999,3.1583307874739455,0.0
KCNQ1,ESM-1b 650M + CaLM,3,0.0,3.5330439612269218,3.058192517996478,0.0
KCNQ1,ESM-1b 650M + CaLM,4,0.46,3.4202129843670734,3.0124709423815985,0.42866871709354637
KCNQ1,ESM-1b 650M + CaLM,5,0.26,3.6235738351834836,3.0751111684291192,0.2296854297179908
KCNQ2,ESM-2 650M + CaLM,1,0.37,3.1076705432151384,2.8816493099526057,0.35257777586884337
KCNQ2,ESM-2 650M + CaLM,2,0.3,3.1215252767826263,2.833686210548231,0.2800847619499179
KCNQ2,ESM-2 650M + CaLM,3,0.33,3.1145004315540024,2.912955720244633,0.3153800288795617
KCNQ2,ESM-2 650M + CaLM,4,0.27,3.0743425580076846,2.8520860433550728,0.25546718139901303
KCNQ2,ESM-2 650M + CaLM,5,0.38,3.02362551205442,2.864983025689495,0.36738715350150786
KCNQ2,ESM-1b 650M + CaLM,1,0.36,2.691535960570531,2.8327462468404,0.37186376390483106
KCNQ2,ESM-1b 650M + CaLM,2,0.6,2.8774508337517437,2.9100508777053786,0.6027007184048104
KCNQ2,ESM-1b 650M + CaLM,3,0.5,2.9042026591744525,2.8672977476787294,0.49680283211520687
KCNQ2,ESM-1b 650M + CaLM,4,0.36,2.8765879440366096,2.9534007420953547,0.36609373375238596
KCNQ2,ESM-1b 650M + CaLM,5,0.47,2.9630371922990864,2.773616514252881,0.45358227718646976
KCNQ3,ESM-2 650M + CaLM,1,0.37,3.717266659732276,3.374424465611372,0.34774170551781824
KCNQ3,ESM-2 650M + CaLM,2,0.37,3.6961958229928626,3.5986004061562262,0.3637844371264016
KCNQ3,ESM-2 650M + CaLM,3,0.0,3.907279753760116,3.7885604465853233,0.0
KCNQ3,ESM-2 650M + CaLM,4,0.0,3.676816611513448,3.332921602079341,0.0
KCNQ3,ESM-2 650M + CaLM,5,0.54,3.6755972209668184,3.5348715235837904,0.5302888622819385
KCNQ3,ESM-1b 650M + CaLM,1,0.0,4.608553511091751,3.637808515650782,0.0
KCNQ3,ESM-1b 650M + CaLM,2,0.0,4.933858002717246,3.7882296206387025,0.0
KCNQ3,ESM-1b 650M + CaLM,3,0.0,4.55873442922479,3.4884176884205464,0.0
KCNQ3,ESM-1b 650M + CaLM,4,0.0,4.3508882929562445,3.105242858389512,0.0
KCNQ3,ESM-1b 650M + CaLM,5,0.48,5.1070194938792906,3.5704320189774434,0.392224290265941
KCNQ4,ESM-2 650M + CaLM,1,0.0,3.853328159843027,4.0739476906506615,0.0
KCNQ4,ESM-2 650M + CaLM,2,0.0,3.519091600699301,3.605489243741124,0.0
KCNQ4,ESM-2 650M + CaLM,3,0.0,3.7044628924230816,4.127801717122341,0.0
KCNQ4,ESM-2 650M + CaLM,4,0.0,3.863539492748659,3.956321702941769,0.0
KCNQ4,ESM-2 650M + CaLM,5,0.0,3.846655143792709,4.366767153562714,0.0
KCNQ4,ESM-1b 650M + CaLM,1,0.34,4.816044999062467,4.28383537131532,0.31423399664906077
KCNQ4,ESM-1b 650M + CaLM,2,0.34,4.721965351896615,3.878809392651445,0.2973412115012097
KCNQ4,ESM-1b 650M + CaLM,3,0.34,4.807523684800218,4.130095829032365,0.30678867644956037
KCNQ4,ESM-1b 650M + CaLM,4,0.0,4.735727875473349,3.635384727394685,0.0
KCNQ4,ESM-1b 650M + CaLM,5,0.25,4.961300427087555,4.225392685420561,0.22111715340124397
KCNQ5,ESM-2 650M + CaLM,1,0.0,2.100304311456478,1.7090791258145583,0.0
KCNQ5,ESM-2 650M + CaLM,2,0.0,2.343884295360644,1.4691687262619357,0.0
KCNQ5,ESM-2 650M + CaLM,3,0.0,2.3412640869192876,1.7364449351237912,0.0
KCNQ5,ESM-2 650M + CaLM,4,0.0,2.4819452348174775,1.7099693533434597,0.0
KCNQ5,ESM-2 650M + CaLM,5,0.63,2.246768006550015,1.557563771634396,0.5413669729804282
KCNQ5,ESM-1b 650M + CaLM,1,0.48,4.146566520594884,1.6943716472769845,0.2738827530933672
KCNQ5,ESM-1b 650M + CaLM,2,0.0,4.001045698363437,1.6481759311634647,0.0
KCNQ5,ESM-1b 650M + CaLM,3,0.09,3.9523597352397,1.6693902936557063,0.04009859557234638
KCNQ5,ESM-1b 650M + CaLM,4,0.09,4.212822162630305,1.582916435533067,0.035829426102636
KCNQ5,ESM-1b 650M + CaLM,5,0.71,4.066185690225481,1.6029281700754043,0.4911286128011322
KCNV2,ESM-2 650M + CaLM,1,0.25,3.6487672080467077,3.127864724555588,0.2222415628081201
KCNV2,ESM-2 650M + CaLM,2,0.0,3.6122447175937946,3.2473868785190625,0.0
KCNV2,ESM-2 650M + CaLM,3,0.25,3.3544255946251846,3.101419323287701,0.23558609314195544
KCNV2,ESM-2 650M + CaLM,4,0.25,3.8281449882506586,2.900245232877577,0.20162041790512017
KCNV2,ESM-2 650M + CaLM,5,0.41,3.7526410640008114,3.130775782412292,0.3669916713909044
KCNV2,ESM-1b 650M + CaLM,1,0.9,3.2946691366901106,3.0156607501052224,0.8917495493157278
KCNV2,ESM-1b 650M + CaLM,2,0.75,3.5989988132037323,3.252357459640173,0.7305346189434829
KCNV2,ESM-1b 650M + CaLM,3,0.9,3.692389900016416,2.9596689579812865,0.8782571162286
KCNV2,ESM-1b 650M + CaLM,4,0.9,3.520706814368403,3.2371223954693904,0.8921841226538783
KCNV2,ESM-1b 650M + CaLM,5,0.9,3.30469224071089,3.1116791384772333,0.8944518404104893
KIF22,ESM-2 650M + CaLM,1,0.6,3.130277685911612,2.2665777995828154,0.5206418876487683
KIF22,ESM-2 650M + CaLM,2,0.5700000000000001,3.214964147021788,1.9530472629048765,0.44606709238884823
KIF22,ESM-2 650M + CaLM,3,0.45,2.9910000443142657,2.043661156427494,0.35857932732436876
KIF22,ESM-2 650M + CaLM,4,0.5700000000000001,3.145850264473167,2.24634903238496,0.48627174883077384
KIF22,ESM-2 650M + CaLM,5,0.67,3.066149820649899,1.8934066576010629,0.5562953165653561
KIF22,ESM-1b 650M + CaLM,1,0.68,3.4524098059134216,2.1151036028599846,0.5655709512670895
KIF22,ESM-1b 650M + CaLM,2,0.45,3.422821386329547,2.1536823642679437,0.33985133929098194
KIF22,ESM-1b 650M + CaLM,3,0.45,3.4675410384238474,2.122325912423525,0.33367639764106
KIF22,ESM-1b 650M + CaLM,4,0.74,3.5649360373463868,2.0625389324026027,0.6221679196815477
KIF22,ESM-1b 650M + CaLM,5,0.51,3.1604537290056047,1.9605484346139754,0.3923401630949812
KMT5B,ESM-2 650M + CaLM,1,0.51,4.015706158744492,2.016951205232412,0.3433004017891316
KMT5B,ESM-2 650M + CaLM,2,0.77,3.5001275426967546,1.7928139624477948,0.6316491527886331
KMT5B,ESM-2 650M + CaLM,3,0.77,3.4224204982501876,1.8862757082364465,0.6485262648173248
KMT5B,ESM-2 650M + CaLM,4,0.77,3.577324361023776,1.8964263771277698,0.6396089613086028
KMT5B,ESM-2 650M + CaLM,5,0.0,3.7497154711701475,2.0149217824231114,0.0
KMT5B,ESM-1b 650M + CaLM,1,0.0,4.2312662599941735,1.984524576632441,0.0
KMT5B,ESM-1b 650M + CaLM,2,0.0,4.15350503014821,1.8974882817110856,0.0
KMT5B,ESM-1b 650M + CaLM,3,0.0,4.3363350257224464,1.6379018045913023,0.0
KMT5B,ESM-1b 650M + CaLM,4,0.0,4.609807606132071,1.9938015527955655,0.0
KMT5B,ESM-1b 650M + CaLM,5,0.0,4.606550165939847,2.014690047960764,0.0
KRIT1,ESM-2 650M + CaLM,1,0.42,2.070438174194894,0.9417615139999043,0.24777081447327223
KRIT1,ESM-2 650M + CaLM,2,0.75,2.046768240635569,0.9337226480125957,0.5778062741200303
KRIT1,ESM-2 650M + CaLM,3,0.52,1.8947525986609655,1.0153478542550445,0.3673007257839917
KRIT1,ESM-2 650M + CaLM,4,0.0,1.7683537147774193,0.9493543788066447,0.0
KRIT1,ESM-2 650M + CaLM,5,1.0,1.972903537981179,1.053912136136447,1.0
KRIT1,ESM-1b 650M + CaLM,1,0.96,1.9218938060194417,1.0522508949853084,0.9292795188012273
KRIT1,ESM-1b 650M + CaLM,2,0.89,1.732971605785142,0.7835384509975666,0.7853243155299767
KRIT1,ESM-1b 650M + CaLM,3,0.89,1.93950106658785,1.092905313229507,0.8201184075216972
KRIT1,ESM-1b 650M + CaLM,4,0.0,1.9908850142891839,0.8861180802106629,0.0
KRIT1,ESM-1b 650M + CaLM,5,0.55,1.6583355424980633,1.0568353539294433,0.4378567788838246
KRT1,ESM-2 650M + CaLM,1,0.0,4.550569359679123,3.4564043901862784,0.0
KRT1,ESM-2 650M + CaLM,2,0.84,4.670312611616981,3.19579706240914,0.7822520147961315
KRT1,ESM-2 650M + CaLM,3,0.0,4.702147746435207,3.758380300808836,0.0
KRT1,ESM-2 650M + CaLM,4,0.0,4.393672256968741,3.0882667735091633,0.0
KRT1,ESM-2 650M + CaLM,5,0.44,4.74693154076009,3.48012232350125,0.36549489263481066
KRT1,ESM-1b 650M + CaLM,1,0.5700000000000001,5.1154705006284376,3.757006636961318,0.49330147720384954
KRT1,ESM-1b 650M + CaLM,2,0.6,3.8879314812616563,2.7906312223168523,0.5184555266128835
KRT1,ESM-1b 650M + CaLM,3,0.16,4.85936104353768,3.5712658990678072,0.1227960245346499
KRT1,ESM-1b 650M + CaLM,4,0.6,4.777169712535775,3.3762920668387566,0.5145945862295445
KRT1,ESM-1b 650M + CaLM,5,0.32,4.860753925818947,3.4182530803629794,0.24864805174627697
KRT10,ESM-2 650M + CaLM,1,0.48,5.53304202298003,4.282461315755772,0.4167200640731109
KRT10,ESM-2 650M + CaLM,2,0.07,5.265587323383841,4.1724507420399854,0.05628593907422838
KRT10,ESM-2 650M + CaLM,3,0.51,4.109757530270934,3.1911120738363445,0.4469530782701773
KRT10,ESM-2 650M + CaLM,4,0.51,5.4977339977977335,4.276118865800867,0.4473744071091752
KRT10,ESM-2 650M + CaLM,5,0.51,5.138283607602149,4.062865600011606,0.4514471732472667
KRT10,ESM-1b 650M + CaLM,1,0.28,5.326122516550061,4.2169879469089455,0.23541847498653015
KRT10,ESM-1b 650M + CaLM,2,0.28,4.688672109545615,3.3345410845060415,0.2166534777389371
KRT10,ESM-1b 650M + CaLM,3,0.0,5.144753953046254,4.190112714633226,0.0
KRT10,ESM-1b 650M + CaLM,4,0.06,5.532168779398641,4.32736733659517,0.04755452633546656
KRT10,ESM-1b 650M + CaLM,5,0.28,5.015596324779201,3.9685564221350713,0.23530193966506294
KRT14,ESM-2 650M + CaLM,1,0.37,2.5190487476424104,2.722698581662709,0.38829740641381955
KRT14,ESM-2 650M + CaLM,2,0.92,2.7553706602298007,2.8943088539228916,0.9235467095765082
KRT14,ESM-2 650M + CaLM,3,0.37,2.8673445593879867,2.873130563275402,0.37047002069261914
KRT14,ESM-2 650M + CaLM,4,0.37,3.013569385626322,3.0591072389976297,0.3735027749472045
KRT14,ESM-2 650M + CaLM,5,0.13,3.0322974989515976,2.723656247985682,0.11833379212110082
KRT14,ESM-1b 650M + CaLM,1,0.68,3.1988784767001794,2.8464802202904846,0.6540873798531371
KRT14,ESM-1b 650M + CaLM,2,0.0,3.348525452283457,2.9253123134190235,0.0
KRT14,ESM-1b 650M + CaLM,3,0.68,3.349850050071283,2.7689743860934706,0.6372234300317526
KRT14,ESM-1b 650M + CaLM,4,0.68,3.5604081576996522,2.848778204727684,0.629666605443561
KRT14,ESM-1b 650M + CaLM,5,0.68,2.883638495181348,2.8899289006582505,0.6804739723196811
KRT16,ESM-2 650M + CaLM,1,0.4,3.3320926796751817,2.9466760527144844,0.3708929693046223
KRT16,ESM-2 650M + CaLM,2,0.4,3.3480433947662576,3.207200756960264,0.38973109093410335
KRT16,ESM-2 650M + CaLM,3,0.4,3.2106598998137232,3.113969836342618,0.39268419508050945
KRT16,ESM-2 650M + CaLM,4,0.02,3.653231494213996,3.109024070493449,0.01707154082451824
KRT16,ESM-2 650M + CaLM,5,0.21,3.396524422542474,2.8862192790336003,0.1842625877084029
KRT16,ESM-1b 650M + CaLM,1,0.03,3.5055878269931466,2.9376280540254625,0.02526231988336511
KRT16,ESM-1b 650M + CaLM,2,0.0,4.222864323288868,3.1390035900737825,0.0
KRT16,ESM-1b 650M + CaLM,3,0.03,3.9671081561434383,3.1706369909860004,0.024122228521825342
KRT16,ESM-1b 650M + CaLM,4,0.03,3.9359693228270216,3.166036664951725,0.024274015580979084
KRT16,ESM-1b 650M + CaLM,5,0.0,4.262916146073083,2.9882620808124996,0.0
KRT17,ESM-2 650M + CaLM,1,0.0,3.406230182381943,3.0117935178366695,0.0
KRT17,ESM-2 650M + CaLM,2,0.07,4.040952654898248,3.4220123665880786,0.0599207668862246
KRT17,ESM-2 650M + CaLM,3,0.13,4.089279534220231,3.5823234063714504,0.11574909505733777
KRT17,ESM-2 650M + CaLM,4,0.13,3.891418059429108,3.638481611254477,0.12258601969570082
KRT17,ESM-2 650M + CaLM,5,0.13,4.21797765027196,3.608882198793072,0.11335537480323171
KRT17,ESM-1b 650M + CaLM,1,0.31,3.5178403294179614,3.5308122409805365,0.31078784807043536
KRT17,ESM-1b 650M + CaLM,2,0.31,3.7436295913749906,3.591755400983466,0.30121183219613434
KRT17,ESM-1b 650M + CaLM,3,0.2,3.6854301136095926,3.4611239579710635,0.19014192944546127
KRT17,ESM-1b 650M + CaLM,4,0.31,3.660071122853759,3.473554234161683,0.2989247129811987
KRT17,ESM-1b 650M + CaLM,5,0.23,3.8627360116674074,3.230857143609534,0.19989680126619694
KRT5,ESM-2 650M + CaLM,1,0.22,3.2325557669500875,2.5752927792501623,0.18347543198803903
KRT5,ESM-2 650M + CaLM,2,0.03,3.38681363590838,2.644387266935945,0.02357873530641286
KRT5,ESM-2 650M + CaLM,3,0.22,3.41563413463101,2.4969282996790167,0.1709416534987588
KRT5,ESM-2 650M + CaLM,4,0.24,3.2268030384091806,2.3423383111433513,0.18648376835789354
KRT5,ESM-2 650M + CaLM,5,0.54,3.4829591868588508,2.4232920301913143,0.4495689002873579
KRT5,ESM-1b 650M + CaLM,1,0.21,3.700422563439555,2.5135848729673596,0.15294821088905303
KRT5,ESM-1b 650M + CaLM,2,0.42,3.907127297214118,2.539269294067938,0.32001574854427817
KRT5,ESM-1b 650M + CaLM,3,0.36,4.01608128719471,2.4509733738455366,0.25555800530450967
KRT5,ESM-1b 650M + CaLM,4,0.3,3.51784051297542,2.4942826544634102,0.23305439534881023
KRT5,ESM-1b 650M + CaLM,5,0.5700000000000001,3.862750876813385,2.467958969630222,0.4585610312167397
KRT6A,ESM-2 650M + CaLM,1,0.0,4.162585875602046,2.805378685712878,0.0
KRT6A,ESM-2 650M + CaLM,2,0.23,4.247584774944712,3.320445886339827,0.18930036090936134
KRT6A,ESM-2 650M + CaLM,3,0.23,3.9436576469962143,3.4974890663128892,0.2094283634603599
KRT6A,ESM-2 650M + CaLM,4,0.23,4.286464420547111,3.16363356291959,0.18063485249502986
KRT6A,ESM-2 650M + CaLM,5,0.18,3.670727823385128,3.1175199330869505,0.1571352434396459
KRT6A,ESM-1b 650M + CaLM,1,0.23,4.354354100326178,3.0426043956733215,0.1726768220635179
KRT6A,ESM-1b 650M + CaLM,2,0.46,5.078766511262153,3.123993846346713,0.3438240766711585
KRT6A,ESM-1b 650M + CaLM,3,0.12,4.3820362929575865,3.108298464118441,0.0881956151948569
KRT6A,ESM-1b 650M + CaLM,4,0.37,4.9904785458318885,3.3731557802281853,0.2841639336398672
KRT6A,ESM-1b 650M + CaLM,5,0.37,5.0729883802605515,3.3013569926551742,0.276515291337244
KRT9,ESM-2 650M + CaLM,1,0.47,3.0085735552974593,2.779242727892619,0.4503066243384325
KRT9,ESM-2 650M + CaLM,2,0.0,3.0832600875474436,2.8490486133280406,0.0
KRT9,ESM-2 650M + CaLM,3,0.0,2.5532867997095745,2.3346055316243177,0.0
KRT9,ESM-2 650M + CaLM,4,0.0,2.911847877564699,2.871296360479,0.0
KRT9,ESM-2 650M + CaLM,5,0.47,3.0136470216015487,2.985978538628753,0.4677030858091338
KRT9,ESM-1b 650M + CaLM,1,0.0,3.5712854505111515,2.7206572386055785,0.0
KRT9,ESM-1b 650M + CaLM,2,0.0,4.00843368445983,2.647420896145585,0.0
KRT9,ESM-1b 650M + CaLM,3,0.6,3.647322134550749,2.759868635192915,0.5316214785761738
KRT9,ESM-1b 650M + CaLM,4,0.0,4.37261332649227,3.024750241918793,0.0
KRT9,ESM-1b 650M + CaLM,5,0.0,3.8904300041080355,2.684476525839864,0.0
LAMP2,ESM-2 650M + CaLM,1,0.0,2.6447190861452023,2.2974461916891915,0.0
LAMP2,ESM-2 650M + CaLM,2,0.25,2.4624572221416545,2.2057837086227505,0.22993307440428898
LAMP2,ESM-2 650M + CaLM,3,0.25,2.5583780429364302,2.5285542110706616,0.24780786386703874
LAMP2,ESM-2 650M + CaLM,4,0.25,2.2257744573082534,2.0366663303385146,0.23372374766629958
LAMP2,ESM-2 650M + CaLM,5,0.25,2.0322803820614026,2.615712251930185,0.30022338256156783
LAMP2,ESM-1b 650M + CaLM,1,0.16,2.0842833508720204,2.1529354552400735,0.1644036582446242
LAMP2,ESM-1b 650M + CaLM,2,0.0,2.6072380898225243,2.524137686589102,0.0
LAMP2,ESM-1b 650M + CaLM,3,0.0,2.732508885105048,2.6027919492426665,0.0
LAMP2,ESM-1b 650M + CaLM,4,0.0,2.718314787053658,2.338402818380754,0.0
LAMP2,ESM-1b 650M + CaLM,5,0.0,2.1898726915826816,2.144917176656291,0.0
LARS2,ESM-2 650M + CaLM,1,0.11,2.8051701450798987,2.111287638867523,0.08510626458515475
LARS2,ESM-2 650M + CaLM,2,0.11,2.9581711233579244,2.333469352504032,0.08883395794547568
LARS2,ESM-2 650M + CaLM,3,0.11,2.7590208835687076,2.4291996755935643,0.0981408104593122
LARS2,ESM-2 650M + CaLM,4,0.54,2.7252039952615634,2.2580267399507115,0.49307311122604786
LARS2,ESM-2 650M + CaLM,5,0.11,2.7414176527580665,2.2208683331835464,0.091013862428685
LARS2,ESM-1b 650M + CaLM,1,0.0,3.7321112401782868,2.3829607223416662,0.0
LARS2,ESM-1b 650M + CaLM,2,0.11,4.131565702461703,2.163017100752416,0.060774033225988906
LARS2,ESM-1b 650M + CaLM,3,0.0,3.8499591355469507,2.2745640254919444,0.0
LARS2,ESM-1b 650M + CaLM,4,0.11,4.221244120223456,2.329104176322641,0.0638411458205565
LARS2,ESM-1b 650M + CaLM,5,0.11,3.746130134326941,2.2384666916199802,0.06877418636408979
LBR,ESM-2 650M + CaLM,1,0.0,4.17258741927446,3.5907573471332577,0.0
LBR,ESM-2 650M + CaLM,2,0.0,4.206899816271541,4.164516577327147,0.0
LBR,ESM-2 650M + CaLM,3,0.0,4.344171482288751,3.923646247851337,0.0
LBR,ESM-2 650M + CaLM,4,0.0,3.4636706924059637,3.6781254839160167,0.0
LBR,ESM-2 650M + CaLM,5,0.0,4.255153184311916,3.382005782808965,0.0
LBR,ESM-1b 650M + CaLM,1,0.0,4.891299215640161,3.951201810195825,0.0
LBR,ESM-1b 650M + CaLM,2,0.0,4.95796188363512,3.76433121121955,0.0
LBR,ESM-1b 650M + CaLM,3,0.0,4.5121238154849355,3.437553694897419,0.0
LBR,ESM-1b 650M + CaLM,4,0.0,4.837990733662492,3.3981705050987654,0.0
LBR,ESM-1b 650M + CaLM,5,0.0,5.1487774053125595,4.0992152036189005,0.0
LCAT,ESM-2 650M + CaLM,1,0.0,4.181451057224914,1.836473201008366,0.0
LCAT,ESM-2 650M + CaLM,2,0.0,4.17385976197236,1.7848274528430286,0.0
LCAT,ESM-2 650M + CaLM,3,0.0,3.2595719054149277,1.9579472996613996,0.0
LCAT,ESM-2 650M + CaLM,4,0.0,3.5647817146946235,1.4278954523809784,0.0
LCAT,ESM-2 650M + CaLM,5,0.0,4.00719996699985,1.960382036143537,0.0
LCAT,ESM-1b 650M + CaLM,1,0.0,3.4719191083337875,1.8535313490693395,0.0
LCAT,ESM-1b 650M + CaLM,2,0.0,3.401912975270076,1.6427903019964736,0.0
LCAT,ESM-1b 650M + CaLM,3,0.0,3.830499628123642,2.0059522960874263,0.0
LCAT,ESM-1b 650M + CaLM,4,0.0,3.984369799304772,1.6771618941192679,0.0
LCAT,ESM-1b 650M + CaLM,5,0.0,3.9635727835427375,1.8308163376408861,0.0
LDLR,ESM-2 650M + CaLM,1,0.42,3.169221026542145,2.836611434085687,0.39325531336310904
LDLR,ESM-2 650M + CaLM,2,0.12,3.1168555368607107,2.80957100349386,0.109464466636455
LDLR,ESM-2 650M + CaLM,3,0.11,3.1645815185765707,2.8662847098695474,0.10067515554684844
LDLR,ESM-2 650M + CaLM,4,0.22,3.177366735266281,2.8881806609730742,0.20406281901178375
LDLR,ESM-2 650M + CaLM,5,0.43,3.157276034135955,2.7923118304469168,0.40018581767640615
LDLR,ESM-1b 650M + CaLM,1,0.41,3.5261829103197777,2.8849581470603294,0.36246738427838054
LDLR,ESM-1b 650M + CaLM,2,0.55,3.460394428842037,2.826503607133957,0.49958214745499
LDLR,ESM-1b 650M + CaLM,3,0.56,3.518217237405596,2.804398919518794,0.5035991601387131
LDLR,ESM-1b 650M + CaLM,4,0.44,3.417512688551599,2.8064904591831143,0.3921841868332156
LDLR,ESM-1b 650M + CaLM,5,0.44,3.4305745738744644,2.871079744519234,0.3967078060643628
LHCGR,ESM-2 650M + CaLM,1,0.67,2.7081039876040274,2.9323641694051212,0.6873469946132973
LHCGR,ESM-2 650M + CaLM,2,0.67,2.7969788691882425,2.4121091681536604,0.6364864916693954
LHCGR,ESM-2 650M + CaLM,3,0.61,2.4334552160221303,2.8340883756769184,0.6455923346082989
LHCGR,ESM-2 650M + CaLM,4,0.67,2.7473967472622087,2.441899982062347,0.6434357316415239
LHCGR,ESM-2 650M + CaLM,5,0.0,2.8347833154862028,2.4936806903129085,0.0
LHCGR,ESM-1b 650M + CaLM,1,0.89,3.2886420201219533,2.8793491480631577,0.876297987776802
LHCGR,ESM-1b 650M + CaLM,2,0.66,4.254072746440373,2.238479125499651,0.505303319485995
LHCGR,ESM-1b 650M + CaLM,3,0.89,3.947589844894549,2.8129216548747085,0.8521871918629215
LHCGR,ESM-1b 650M + CaLM,4,0.59,3.8951032156662095,2.375472867689395,0.4674067138007194
LHCGR,ESM-1b 650M + CaLM,5,0.89,3.9776391431658027,2.700974816898101,0.8460128491728122
LIG4,ESM-2 650M + CaLM,1,0.0,3.9253011885752698,2.8229290012771733,0.0
LIG4,ESM-2 650M + CaLM,2,0.0,3.8810099038578927,2.7996510185202075,0.0
LIG4,ESM-2 650M + CaLM,3,0.0,3.984756239179726,2.8427193504173456,0.0
LIG4,ESM-2 650M + CaLM,4,0.0,4.052826472827651,3.0317479435973436,0.0
LIG4,ESM-2 650M + CaLM,5,0.0,4.144363827490719,2.9342515122209893,0.0
LIG4,ESM-1b 650M + CaLM,1,0.0,5.353237516406036,2.7309821909233003,0.0
LIG4,ESM-1b 650M + CaLM,2,0.0,5.127758517058087,2.9724597450272183,0.0
LIG4,ESM-1b 650M + CaLM,3,0.0,4.941854743268396,2.8625991304114176,0.0
LIG4,ESM-1b 650M + CaLM,4,0.0,5.1120029346394595,2.8796047724302936,0.0
LIG4,ESM-1b 650M + CaLM,5,0.0,5.237574771111905,3.001004330053107,0.0
LITAF,ESM-2 650M + CaLM,1,0.37,2.0361430206158,2.916245115195786,0.45686318333517234
LITAF,ESM-2 650M + CaLM,2,0.37,4.20295388569371,1.6230596161062054,0.18487050577316055
LITAF,ESM-2 650M + CaLM,3,0.15,4.249481356647838,2.7408807289586474,0.10219054539527088
LITAF,ESM-2 650M + CaLM,4,0.0,4.25550104696761,2.528126937380463,0.0
LITAF,ESM-2 650M + CaLM,5,0.37,4.233766188195851,2.8018558582305864,0.27988608002318255
LITAF,ESM-1b 650M + CaLM,1,0.0,5.6853732117352545,2.958942699680692,0.0
LITAF,ESM-1b 650M + CaLM,2,0.37,5.5877147127114,2.420066139045347,0.20278269941764912
LITAF,ESM-1b 650M + CaLM,3,0.37,3.881202800722113,2.749772266775241,0.2938322429192648
LITAF,ESM-1b 650M + CaLM,4,0.37,5.119627739108749,2.194144781272806,0.20108831892616397
LITAF,ESM-1b 650M + CaLM,5,0.37,5.039008784570614,2.4730396737666154,0.22374428587340556
LMX1B,ESM-2 650M + CaLM,1,0.33,3.0412786463680135,2.263659912563852,0.2682577311364824
LMX1B,ESM-2 650M + CaLM,2,0.0,3.374423501229959,2.7746417647759425,0.0
LMX1B,ESM-2 650M + CaLM,3,0.33,2.9647427870007967,2.5474210671135356,0.29736152690156975
LMX1B,ESM-2 650M + CaLM,4,0.33,2.986684525863349,2.4047777996080173,0.28396227331160956
LMX1B,ESM-2 650M + CaLM,5,0.33,3.1678551593138207,2.7329008676152635,0.2982016499028353
LMX1B,ESM-1b 650M + CaLM,1,0.5,3.5765402948553118,2.748550040197657,0.43454715974023156
LMX1B,ESM-1b 650M + CaLM,2,0.5,3.291702770591549,2.315408435755395,0.41294141502570497
LMX1B,ESM-1b 650M + CaLM,3,0.07,3.4582785520059134,2.3975840824702774,0.04959497663772134
LMX1B,ESM-1b 650M + CaLM,4,0.5,2.9515609839225863,2.5430553283606336,0.46282673508532907
LMX1B,ESM-1b 650M + CaLM,5,0.37,3.5942860581012193,2.7237440741711376,0.30798538164696626
LPAR6,ESM-2 650M + CaLM,1,0.02,3.0990022764261997,2.755363156477031,0.017821783737060906
LPAR6,ESM-2 650M + CaLM,2,0.8,4.1476755074402805,3.257648970276532,0.7585510547815808
LPAR6,ESM-2 650M + CaLM,3,0.02,3.7327212117814024,3.0454587649127176,0.016377942720467335
LPAR6,ESM-2 650M + CaLM,4,0.0,3.546226466887074,2.856792607759835,0.0
LPAR6,ESM-2 650M + CaLM,5,0.02,3.350467516101188,2.1664382375409694,0.013024207938654123
LPAR6,ESM-1b 650M + CaLM,1,0.95,4.105952247165201,2.7279362323602245,0.9265965052920245
LPAR6,ESM-1b 650M + CaLM,2,0.0,5.27735443455277,3.1788174203464745,0.0
LPAR6,ESM-1b 650M + CaLM,3,0.77,5.1351411180162865,3.0480172156708822,0.6652313474752275
LPAR6,ESM-1b 650M + CaLM,4,0.77,4.8684957586620845,3.022484362367972,0.6751574512920382
LPAR6,ESM-1b 650M + CaLM,5,0.77,4.731798044645328,2.061596269398632,0.5932667369936607
LSS,ESM-2 650M + CaLM,1,0.8,4.032539230658108,3.0944179149876105,0.7542664590029186
LSS,ESM-2 650M + CaLM,2,0.0,4.078584857015877,3.258676031040015,0.0
LSS,ESM-2 650M + CaLM,3,0.42,3.6637952999647516,3.148229485376805,0.3835676108665468
LSS,ESM-2 650M + CaLM,4,0.42,3.3880998894842658,2.4899215877845178,0.3473311044856747
LSS,ESM-2 650M + CaLM,5,0.42,3.9089024298417745,3.2715373767400346,0.37735973344290574
LSS,ESM-1b 650M + CaLM,1,0.9,3.9386157449631547,3.3605090029658853,0.8847791863565857
LSS,ESM-1b 650M + CaLM,2,0.34,3.7180548278657914,3.122881774671318,0.3020112678897445
LSS,ESM-1b 650M + CaLM,3,0.0,3.6790201995806466,2.926305232747533,0.0
LSS,ESM-1b 650M + CaLM,4,0.34,3.2904532820244428,2.8179197797654965,0.30612026563071554
LSS,ESM-1b 650M + CaLM,5,0.34,3.6823247094274834,3.0924419592971217,0.30198201047160006
LZTR1,ESM-2 650M + CaLM,1,0.0,3.175409861683701,2.2770897121481166,0.0
LZTR1,ESM-2 650M + CaLM,2,0.0,3.514099428767171,2.7376386911374797,0.0
LZTR1,ESM-2 650M + CaLM,3,0.0,3.0627911184289527,2.656737977746379,0.0
LZTR1,ESM-2 650M + CaLM,4,0.0,3.1822461952889887,2.437110385220534,0.0
LZTR1,ESM-2 650M + CaLM,5,0.0,3.2593026341502003,2.403007048438744,0.0
LZTR1,ESM-1b 650M + CaLM,1,0.0,5.000331103406468,2.3242318708074623,0.0
LZTR1,ESM-1b 650M + CaLM,2,0.0,3.987955732771646,2.315736128390401,0.0
LZTR1,ESM-1b 650M + CaLM,3,0.0,4.4004281562575995,2.615828359336768,0.0
LZTR1,ESM-1b 650M + CaLM,4,0.0,4.767989842969725,2.7163754985221313,0.0
LZTR1,ESM-1b 650M + CaLM,5,0.0,5.0099617048582195,2.535962917212336,0.0
MAF,ESM-2 650M + CaLM,1,0.0,2.732637853541269,2.238046154319886,0.0
MAF,ESM-2 650M + CaLM,2,0.0,2.5871621198755714,1.9377547468832503,0.0
MAF,ESM-2 650M + CaLM,3,0.0,2.8210282636613946,2.038831180327276,0.0
MAF,ESM-2 650M + CaLM,4,0.0,2.5662241675435244,1.9307968227330639,0.0
MAF,ESM-2 650M + CaLM,5,0.0,2.7549101377363203,2.28109609576255,0.0
MAF,ESM-1b 650M + CaLM,1,0.23,4.26597113958825,1.989313622378149,0.12226097684161426
MAF,ESM-1b 650M + CaLM,2,0.13,4.735824042762135,2.0004980112079953,0.059372371537215134
MAF,ESM-1b 650M + CaLM,3,0.0,5.119809242668944,2.2542693340597353,0.0
MAF,ESM-1b 650M + CaLM,4,0.23,4.855825860751121,2.01864294190918,0.11045863293703176
MAF,ESM-1b 650M + CaLM,5,0.23,4.99327035751847,2.2474378232656314,0.11851050677553208
MAK,ESM-2 650M + CaLM,1,0.5,3.8174018587474188,2.479137508480116,0.3937301688898547
MAK,ESM-2 650M + CaLM,2,0.5,4.063976458472392,2.6178530166776133,0.3917868641235929
MAK,ESM-2 650M + CaLM,3,0.5,3.4357349859402677,2.8749963157118175,0.45557260771967467
MAK,ESM-2 650M + CaLM,4,0.5,4.242096865324426,2.8689602668828895,0.4034506000365021
MAK,ESM-2 650M + CaLM,5,0.0,4.272691233299027,3.0262951748329967,0.0
MAK,ESM-1b 650M + CaLM,1,0.68,4.68733334513897,2.727231275669512,0.5528505602646004
MAK,ESM-1b 650M + CaLM,2,0.0,4.672739659051538,3.0806756800896036,0.0
MAK,ESM-1b 650M + CaLM,3,0.68,4.2158133908183775,2.116930133172319,0.5162183691754676
MAK,ESM-1b 650M + CaLM,4,0.68,4.630506415210318,3.005251037219453,0.5796816486527248
MAK,ESM-1b 650M + CaLM,5,0.68,4.120728050260729,2.8417730753601633,0.5943964034217206
MAN1B1,ESM-2 650M + CaLM,1,0.0,4.12227248047675,3.8105704579756123,0.0
MAN1B1,ESM-2 650M + CaLM,2,0.0,3.451518431112689,3.4652951434750188,0.0
MAN1B1,ESM-2 650M + CaLM,3,0.0,4.408425396122682,3.60715022330405,0.0
MAN1B1,ESM-2 650M + CaLM,4,0.0,4.530031184558702,3.4949665908309284,0.0
MAN1B1,ESM-2 650M + CaLM,5,0.0,3.932700415783139,3.5229939338066476,0.0
MAN1B1,ESM-1b 650M + CaLM,1,0.0,5.324133056989243,3.629878913917307,0.0
MAN1B1,ESM-1b 650M + CaLM,2,0.0,5.142150096225587,3.7753952668950475,0.0
MAN1B1,ESM-1b 650M + CaLM,3,0.0,5.21427038204571,3.616954361446714,0.0
MAN1B1,ESM-1b 650M + CaLM,4,0.0,5.729317400459011,3.4364552520334564,0.0
MAN1B1,ESM-1b 650M + CaLM,5,0.0,5.322507255615534,3.444974812485488,0.0
MAN2B1,ESM-2 650M + CaLM,1,0.0,4.3559181415545645,2.685489700123757,0.0
MAN2B1,ESM-2 650M + CaLM,2,0.0,4.261494746186267,2.564235883332982,0.0
MAN2B1,ESM-2 650M + CaLM,3,0.0,4.227278295889242,2.718966281243901,0.0
MAN2B1,ESM-2 650M + CaLM,4,0.0,3.9645967987322424,1.2699760423227684,0.0
MAN2B1,ESM-2 650M + CaLM,5,0.0,3.6984820497376836,2.7009205135481906,0.0
MAN2B1,ESM-1b 650M + CaLM,1,0.0,4.2177866067814325,2.679777043037175,0.0
MAN2B1,ESM-1b 650M + CaLM,2,0.19,4.304163987772312,2.3485105123614733,0.11346644753914534
MAN2B1,ESM-1b 650M + CaLM,3,0.08,4.220611854267358,2.66937436706351,0.052129691010064816
MAN2B1,ESM-1b 650M + CaLM,4,0.0,3.976814739375267,2.670554349789641,0.0
MAN2B1,ESM-1b 650M + CaLM,5,0.19,4.07534533266103,1.9127636624509725,0.09917576124726689
MAP2K2,ESM-2 650M + CaLM,1,0.0,2.5152869031878864,1.883435748540128,0.0
MAP2K2,ESM-2 650M + CaLM,2,0.24,3.4103617962923414,2.750120376457532,0.20296691405159392
MAP2K2,ESM-2 650M + CaLM,3,0.0,3.237553083244759,2.596416938017118,0.0
MAP2K2,ESM-2 650M + CaLM,4,0.0,3.376341319777576,2.65169052219837,0.0
MAP2K2,ESM-2 650M + CaLM,5,0.0,3.3946562208531352,2.631370982182078,0.0
MAP2K2,ESM-1b 650M + CaLM,1,0.0,3.851624410254332,2.627239185998235,0.0
MAP2K2,ESM-1b 650M + CaLM,2,0.0,4.159684610536488,2.7768599524711624,0.0
MAP2K2,ESM-1b 650M + CaLM,3,0.0,3.998088227420418,2.567159554327661,0.0
MAP2K2,ESM-1b 650M + CaLM,4,0.0,3.1018180256545635,2.425260503676711,0.0
MAP2K2,ESM-1b 650M + CaLM,5,0.0,3.697081457414807,2.2439354900060247,0.0
MAP3K7,ESM-2 650M + CaLM,1,0.0,3.678372381286726,2.2794486266548044,0.0
MAP3K7,ESM-2 650M + CaLM,2,0.0,3.847663254933289,2.780031324640091,0.0
MAP3K7,ESM-2 650M + CaLM,3,0.0,3.5200589400922855,2.8287498335440815,0.0
MAP3K7,ESM-2 650M + CaLM,4,0.0,3.963185854584505,2.945549062097679,0.0
MAP3K7,ESM-2 650M + CaLM,5,0.0,3.713938106435379,2.715199757595538,0.0
MAP3K7,ESM-1b 650M + CaLM,1,0.68,3.901385124165102,2.508676705090179,0.5774210810857784
MAP3K7,ESM-1b 650M + CaLM,2,0.49,4.046241781937596,2.7811584756055563,0.39773148408501807
MAP3K7,ESM-1b 650M + CaLM,3,0.0,4.906644462736668,2.9087485688933366,0.0
MAP3K7,ESM-1b 650M + CaLM,4,0.49,4.891392194741833,2.853486001696044,0.35917633018270806
MAP3K7,ESM-1b 650M + CaLM,5,0.0,4.738612719802347,2.5356780670455774,0.0
MAPT,ESM-2 650M + CaLM,1,0.32,2.6168550737556227,2.212194932028746,0.28459945029581696
MAPT,ESM-2 650M + CaLM,2,0.8300000000000001,2.4602940948390644,2.297540032990845,0.8201236380059904
MAPT,ESM-2 650M + CaLM,3,0.21,2.7859051689048266,2.337019356012693,0.18233278598705338
MAPT,ESM-2 650M + CaLM,4,0.9,2.6755276110386923,2.2301540953024643,0.8823784379761446
MAPT,ESM-2 650M + CaLM,5,0.9,2.7074531237101467,2.176985149698139,0.8785912853297102
MAPT,ESM-1b 650M + CaLM,1,0.0,4.509275348367698,2.15757770198264,0.0
MAPT,ESM-1b 650M + CaLM,2,0.0,4.108474086801769,2.3720522088447127,0.0
MAPT,ESM-1b 650M + CaLM,3,0.0,4.456713467419624,2.1561630472474707,0.0
MAPT,ESM-1b 650M + CaLM,4,0.0,4.540064340600769,2.282791967570511,0.0
MAPT,ESM-1b 650M + CaLM,5,0.0,4.231926614790389,2.2712587318740334,0.0
MBTPS2,ESM-2 650M + CaLM,1,0.0,3.218228569384315,0.8015613682614324,0.0
MBTPS2,ESM-2 650M + CaLM,2,0.0,3.1687287080864364,0.8968653536780141,0.0
MBTPS2,ESM-2 650M + CaLM,3,0.0,3.254762661129499,0.8167815142052182,0.0
MBTPS2,ESM-2 650M + CaLM,4,0.0,2.9095300464083316,1.0204464431835547,0.0
MBTPS2,ESM-2 650M + CaLM,5,0.0,2.6344088836483768,1.0134675091015966,0.0
MBTPS2,ESM-1b 650M + CaLM,1,0.0,2.893648176491317,0.8996554872543264,0.0
MBTPS2,ESM-1b 650M + CaLM,2,0.0,3.14851744606894,0.7504807609572004,0.0
MBTPS2,ESM-1b 650M + CaLM,3,0.0,3.259142727941626,0.926574749453176,0.0
MBTPS2,ESM-1b 650M + CaLM,4,0.0,3.315645398080019,0.9904688406427391,0.0
MBTPS2,ESM-1b 650M + CaLM,5,0.0,2.759622342542848,0.9841145286698202,0.0
MCCC1,ESM-2 650M + CaLM,1,0.0,3.21391961498857,3.4552783417469137,0.0
MCCC1,ESM-2 650M + CaLM,2,0.0,3.3188341837038866,3.253083991679134,0.0
MCCC1,ESM-2 650M + CaLM,3,0.0,3.3749278421687587,3.382251996537997,0.0
MCCC1,ESM-2 650M + CaLM,4,0.0,3.337858125277442,3.5385864671963376,0.0
MCCC1,ESM-2 650M + CaLM,5,0.0,3.402176067660431,3.7076802597576815,0.0
MCCC1,ESM-1b 650M + CaLM,1,0.13,4.25001729024656,3.0212590495970786,0.0960236950667461
MCCC1,ESM-1b 650M + CaLM,2,0.0,4.080924455956545,3.5439610026537505,0.0
MCCC1,ESM-1b 650M + CaLM,3,0.0,4.480899720857019,3.6936436091385576,0.0
MCCC1,ESM-1b 650M + CaLM,4,0.0,4.212858849399478,3.385272938333851,0.0
MCCC1,ESM-1b 650M + CaLM,5,0.0,4.272240498085268,3.706801562870291,0.0
MECP2,ESM-2 650M + CaLM,1,0.0,3.377986288691347,1.6420356909121565,0.0
MECP2,ESM-2 650M + CaLM,2,0.13,3.378623329443842,1.6472219359668134,0.06790425163523801
MECP2,ESM-2 650M + CaLM,3,0.18,3.2432812042451,1.5773558816036874,0.09646077526254843
MECP2,ESM-2 650M + CaLM,4,0.14,3.231372348504882,1.6173219388615379,0.075339280231856
MECP2,ESM-2 650M + CaLM,5,0.06,3.2999446085856468,1.5753427904598662,0.02957031093609504
MECP2,ESM-1b 650M + CaLM,1,0.28,4.901766065919295,1.6491946848839092,0.11570262597836418
MECP2,ESM-1b 650M + CaLM,2,0.28,4.704459290024402,1.6046059684060563,0.11710924775126592
MECP2,ESM-1b 650M + CaLM,3,0.04,4.897611469608867,1.5683253790227976,0.01316692304211278
MECP2,ESM-1b 650M + CaLM,4,0.07,4.939935653813556,1.6391092378111944,0.02436623998448703
MECP2,ESM-1b 650M + CaLM,5,0.28,4.7329777933693915,1.6064019301379826,0.1166009795149035
MEF2C,ESM-2 650M + CaLM,1,0.97,3.181195322484456,3.27189434225976,0.9708073421551564
MEF2C,ESM-2 650M + CaLM,2,0.97,3.2683162561273322,3.658900659159782,0.9731163793350237
MEF2C,ESM-2 650M + CaLM,3,0.96,3.1654725203747094,3.4449699017082014,0.96312561322126
MEF2C,ESM-2 650M + CaLM,4,0.96,3.407526643584528,3.4234883425411256,0.9601790698576892
MEF2C,ESM-2 650M + CaLM,5,0.97,3.4084795527767966,3.601973711464083,0.971565744044619
MEF2C,ESM-1b 650M + CaLM,1,0.99,4.799105131079027,3.6635116914063723,0.9869407401306591
MEF2C,ESM-1b 650M + CaLM,2,0.99,5.500998117256194,3.5771964680900354,0.984704300493059
MEF2C,ESM-1b 650M + CaLM,3,0.97,5.231819271178923,3.47839897113072,0.9555495587941671
MEF2C,ESM-1b 650M + CaLM,4,0.98,5.237253237027783,3.275591080321319,0.968401020832571
MEF2C,ESM-1b 650M + CaLM,5,0.97,4.932246887755829,3.4125877526870068,0.957212316172732
MEN1,ESM-2 650M + CaLM,1,0.43,3.1792193736874546,1.4218933755482126,0.2522783970337615
MEN1,ESM-2 650M + CaLM,2,0.0,3.0974731978436743,1.4985214606440467,0.0
MEN1,ESM-2 650M + CaLM,3,0.0,3.071301590607351,1.476977004170121,0.0
MEN1,ESM-2 650M + CaLM,4,0.0,3.266424759205389,1.5400696721904115,0.0
MEN1,ESM-2 650M + CaLM,5,0.01,3.3276957587340372,1.4013135528729486,0.0042355822325941496
MEN1,ESM-1b 650M + CaLM,1,0.0,4.299736530232614,1.543986587441369,0.0
MEN1,ESM-1b 650M + CaLM,2,0.04,4.378938968816253,1.4018688591761672,0.013163532335965938
MEN1,ESM-1b 650M + CaLM,3,0.0,3.92897472403058,1.3768469322091579,0.0
MEN1,ESM-1b 650M + CaLM,4,0.0,4.000235555310778,1.5168078955743876,0.0
MEN1,ESM-1b 650M + CaLM,5,0.04,4.1696687958325604,1.4992373088004336,0.014760443943239466
MERTK,ESM-2 650M + CaLM,1,0.0,3.946606432879112,3.0852749984153762,0.0
MERTK,ESM-2 650M + CaLM,2,0.75,4.130642766558455,3.0937703722477647,0.6920178221235
MERTK,ESM-2 650M + CaLM,3,0.75,4.171593615101484,2.825943886828086,0.6702147706937369
MERTK,ESM-2 650M + CaLM,4,0.75,3.9628201750821943,2.8650979389199773,0.6844414553286838
MERTK,ESM-2 650M + CaLM,5,0.75,4.465209473736423,2.655368569965726,0.6408095677909385
MERTK,ESM-1b 650M + CaLM,1,0.0,5.581172801486099,2.8040794873841177,0.0
MERTK,ESM-1b 650M + CaLM,2,0.0,5.396817799372772,2.949950254707131,0.0
MERTK,ESM-1b 650M + CaLM,3,0.0,5.503473737282776,2.9510685691747933,0.0
MERTK,ESM-1b 650M + CaLM,4,0.0,5.565891615990813,2.944420991411932,0.0
MERTK,ESM-1b 650M + CaLM,5,0.0,5.61202342047778,2.911452534096272,0.0
MID1,ESM-2 650M + CaLM,1,0.0,3.2442332151080158,2.979817697384578,0.0
MID1,ESM-2 650M + CaLM,2,0.0,3.517116971966318,2.31617231964006,0.0
MID1,ESM-2 650M + CaLM,3,0.0,3.5503664448858077,2.9893388022398146,0.0
MID1,ESM-2 650M + CaLM,4,0.88,3.30377034862647,2.376280337393421,0.8406272043124766
MID1,ESM-2 650M + CaLM,5,0.0,3.5944234276082674,2.919589226624873,0.0
MID1,ESM-1b 650M + CaLM,1,0.0,4.750762967398873,2.98730712122873,0.0
MID1,ESM-1b 650M + CaLM,2,0.0,4.528245204887465,2.6001729405283127,0.0
MID1,ESM-1b 650M + CaLM,3,0.0,4.6657232319964415,2.292833742575353,0.0
MID1,ESM-1b 650M + CaLM,4,0.41,4.907169251007515,2.84262846970946,0.2870134487097757
MID1,ESM-1b 650M + CaLM,5,0.0,4.536020197727123,2.9123113186711813,0.0
MITF,ESM-2 650M + CaLM,1,0.0,4.704046635863289,4.009140113333465,0.0
MITF,ESM-2 650M + CaLM,2,0.0,3.506317257077412,3.8732465921137447,0.0
MITF,ESM-2 650M + CaLM,3,0.0,3.8570335652100503,3.9950478876098914,0.0
MITF,ESM-2 650M + CaLM,4,0.0,4.487133524559845,4.326346967047993,0.0
MITF,ESM-2 650M + CaLM,5,0.0,4.577618322426287,4.211744093220759,0.0
MITF,ESM-1b 650M + CaLM,1,0.0,5.152221941656975,4.170684330711447,0.0
MITF,ESM-1b 650M + CaLM,2,0.0,4.935379900195557,4.199345793448905,0.0
MITF,ESM-1b 650M + CaLM,3,0.0,4.340105827680603,4.048995412684452,0.0
MITF,ESM-1b 650M + CaLM,4,0.0,4.961073638306712,4.125488274639965,0.0
MITF,ESM-1b 650M + CaLM,5,0.0,4.069056916471824,4.019717282080911,0.0
MLC1,ESM-2 650M + CaLM,1,0.77,1.5601472224631514,1.3622135161569944,0.7450990221914638
MLC1,ESM-2 650M + CaLM,2,0.77,2.017067247922007,1.844032603641559,0.7537329131608886
MLC1,ESM-2 650M + CaLM,3,0.35,1.92259402883427,1.8442436223081475,0.3405946672627112
MLC1,ESM-2 650M + CaLM,4,1.0,2.0595121093576982,1.7239550156644083,1.0
MLC1,ESM-2 650M + CaLM,5,0.85,2.085578987401768,1.8325843743456558,0.8327552877180442
MLC1,ESM-1b 650M + CaLM,1,0.55,1.7719063736557419,1.8677281005251583,0.5629977908659033
MLC1,ESM-1b 650M + CaLM,2,0.7000000000000001,1.9784759375144476,1.9136452375553406,0.692957174436709
MLC1,ESM-1b 650M + CaLM,3,0.84,1.9767508444802253,1.6915421312122305,0.8179342671456161
MLC1,ESM-1b 650M + CaLM,4,0.7000000000000001,1.6313861135590553,1.3640902522409062,0.66113484273923
MLC1,ESM-1b 650M + CaLM,5,0.66,1.7722945869399975,1.7305685005080536,0.6546334403338778
MLH1,ESM-2 650M + CaLM,1,0.8200000000000001,2.853321112297694,2.6946081449668124,0.8113975336677786
MLH1,ESM-2 650M + CaLM,2,0.8200000000000001,2.9168820617899005,2.6149133230601915,0.803302316997741
MLH1,ESM-2 650M + CaLM,3,0.85,2.831652085019553,2.581999828536903,0.8378483303551241
MLH1,ESM-2 650M + CaLM,4,0.8300000000000001,2.7883460548006602,2.620746766169191,0.8210735638450612
MLH1,ESM-2 650M + CaLM,5,0.56,2.9687955551142915,2.693873648306833,0.5359344136828914
MLH1,ESM-1b 650M + CaLM,1,0.74,3.732342807865658,2.5743906599143282,0.662520177187195
MLH1,ESM-1b 650M + CaLM,2,0.73,3.8058305247924613,2.7506063282365023,0.6614829405850657
MLH1,ESM-1b 650M + CaLM,3,0.73,3.5762268390391205,2.5682052676195033,0.660051023159193
MLH1,ESM-1b 650M + CaLM,4,0.73,3.6892407968123213,2.654171301023782,0.6604576590489805
MLH1,ESM-1b 650M + CaLM,5,0.74,3.703552481717105,2.6568635011353203,0.6712452104403015
MMAB,ESM-2 650M + CaLM,1,0.0,2.8454978592560307,2.956985384498155,0.0
MMAB,ESM-2 650M + CaLM,2,0.25,3.6962533918314575,2.8530267278082238,0.20463852643827066
MMAB,ESM-2 650M + CaLM,3,0.25,3.7120083592022417,2.748075750146322,0.19792968837082847
MMAB,ESM-2 650M + CaLM,4,0.0,3.4819339192879766,2.1063628838905757,0.0
MMAB,ESM-2 650M + CaLM,5,0.25,3.7704733698577897,2.627142206914059,0.18848014215974815
MMAB,ESM-1b 650M + CaLM,1,0.38,6.555295987538234,2.5199546757481897,0.19068265096399686
MMAB,ESM-1b 650M + CaLM,2,0.15,6.229604884092103,2.9089965975199594,0.07613163240134431
MMAB,ESM-1b 650M + CaLM,3,0.38,3.921336729964812,2.382991370000791,0.27138158868267326
MMAB,ESM-1b 650M + CaLM,4,0.38,6.290954150766344,2.6350963526575937,0.20428236240566652
MMAB,ESM-1b 650M + CaLM,5,0.38,5.800479236991256,2.84773892475805,0.2313038690040827
MMACHC,ESM-2 650M + CaLM,1,0.95,1.4924991838163235,1.2980523654223972,0.9429374502894725
MMACHC,ESM-2 650M + CaLM,2,0.79,2.2720129547459664,1.858275626541591,0.754712925248193
MMACHC,ESM-2 650M + CaLM,3,0.95,2.3109826942524334,1.9595909007450831,0.9415580397886416
MMACHC,ESM-2 650M + CaLM,4,0.95,2.29423140992614,1.9080202580909558,0.9404816393932491
MMACHC,ESM-2 650M + CaLM,5,0.95,1.9117641481865215,1.8097033167626662,0.9473287015056063
MMACHC,ESM-1b 650M + CaLM,1,0.7000000000000001,1.85201285421654,1.5892570983514862,0.6669209017550486
MMACHC,ESM-1b 650M + CaLM,2,0.96,1.899022813817539,1.6147391458231064,0.9532867459492772
MMACHC,ESM-1b 650M + CaLM,3,0.96,2.2817426002889847,1.97109690463459,0.9539860559609872
MMACHC,ESM-1b 650M + CaLM,4,0.76,1.9865174125212477,1.8994578198991394,0.7517308552367614
MMACHC,ESM-1b 650M + CaLM,5,0.0,2.2990780803484636,1.8036237623399372,0.0
MME,ESM-2 650M + CaLM,1,0.0,2.8927794903123516,3.7315568914066013,0.0
MME,ESM-2 650M + CaLM,2,0.0,3.242843146570677,4.001696372127332,0.0
MME,ESM-2 650M + CaLM,3,0.0,2.888769477110681,3.295640568054798,0.0
MME,ESM-2 650M + CaLM,4,0.0,3.243096769701118,3.552771756776912,0.0
MME,ESM-2 650M + CaLM,5,0.0,3.210812361274564,3.605934806914141,0.0
MME,ESM-1b 650M + CaLM,1,0.0,4.282903223355408,3.8557575852198163,0.0
MME,ESM-1b 650M + CaLM,2,0.0,3.425836677739278,3.5683145869851174,0.0
MME,ESM-1b 650M + CaLM,3,0.0,4.2788947758639875,3.775602737619623,0.0
MME,ESM-1b 650M + CaLM,4,0.0,3.5764529099487983,3.295640568054798,0.0
MME,ESM-1b 650M + CaLM,5,0.0,4.152144761618439,3.8199005897554885,0.0
MMUT,ESM-2 650M + CaLM,1,0.52,3.2296585412058754,2.3265783940603373,0.43833182583619434
MMUT,ESM-2 650M + CaLM,2,0.62,2.9064499953701954,2.20050922975835,0.5526304737567069
MMUT,ESM-2 650M + CaLM,3,0.55,2.868373773581097,2.2700785350826846,0.49168573733369647
MMUT,ESM-2 650M + CaLM,4,0.91,2.956129956006139,2.2285354284670493,0.8840237576631472
MMUT,ESM-2 650M + CaLM,5,0.66,2.922043885505385,2.216208639406769,0.5955142476464675
MMUT,ESM-1b 650M + CaLM,1,0.09,2.970770616601783,2.3121372142440135,0.07147271370934474
MMUT,ESM-1b 650M + CaLM,2,0.38,3.110618108473016,2.278157616841295,0.3098110881074879
MMUT,ESM-1b 650M + CaLM,3,0.09,2.9786531694690344,2.1444881930164827,0.06647106294205528
MMUT,ESM-1b 650M + CaLM,4,0.0,2.9819228789754413,2.2552798470410265,0.0
MMUT,ESM-1b 650M + CaLM,5,0.0,3.2284841362141807,2.2450456333866193,0.0
MSH2,ESM-2 650M + CaLM,1,0.59,3.556814670982066,3.071652614923487,0.5541161219094829
MSH2,ESM-2 650M + CaLM,2,0.61,3.6655010120995013,3.0024266576736194,0.5616270629050308
MSH2,ESM-2 650M + CaLM,3,0.59,3.631631166911236,3.048091059371214,0.5470600410923879
MSH2,ESM-2 650M + CaLM,4,0.67,3.6204586528412475,3.012148157075552,0.6281381794486974
MSH2,ESM-2 650M + CaLM,5,0.49,3.7489267220224565,2.976466613702801,0.43272591890880785
MSH2,ESM-1b 650M + CaLM,1,0.7000000000000001,4.319438296399202,3.004844971055204,0.6187859693619345
MSH2,ESM-1b 650M + CaLM,2,0.74,4.425182780781878,3.0187656356231676,0.660047295570309
MSH2,ESM-1b 650M + CaLM,3,0.62,4.291556851990555,3.0184233957755886,0.5343541105891625
MSH2,ESM-1b 650M + CaLM,4,0.74,4.413881770421617,2.9997196132189283,0.6592003754529133
MSH2,ESM-1b 650M + CaLM,5,0.74,4.379985912029349,3.0660341581449564,0.6658129632363592
MTHFR,ESM-2 650M + CaLM,1,0.61,2.950342273321373,2.1653935054622946,0.5344436437726543
MTHFR,ESM-2 650M + CaLM,2,0.46,2.860543464959562,2.4508395633581075,0.4219133926686729
MTHFR,ESM-2 650M + CaLM,3,0.61,2.4552694393699217,2.329142471042037,0.5973837605902395
MTHFR,ESM-2 650M + CaLM,4,0.51,2.495639404871817,2.1658817265962194,0.474593875738405
MTHFR,ESM-2 650M + CaLM,5,0.5700000000000001,2.79545654476681,2.3738390238631935,0.5295565509237372
MTHFR,ESM-1b 650M + CaLM,1,0.5700000000000001,2.9746815979128485,2.3363737411941865,0.5100771824473825
MTHFR,ESM-1b 650M + CaLM,2,0.04,3.23557745932808,2.385716782079654,0.029806714466647607
MTHFR,ESM-1b 650M + CaLM,3,0.11,2.8044816617201285,2.1702259488104576,0.08729428200147661
MTHFR,ESM-1b 650M + CaLM,4,0.25,2.8305765699038905,2.2379077397254923,0.20857254033712802
MTHFR,ESM-1b 650M + CaLM,5,0.16,3.2591830428581243,2.472452492279244,0.12625398835125487
MTM1,ESM-2 650M + CaLM,1,0.35,3.443799559333017,3.454508116244359,0.35070664629247117
MTM1,ESM-2 650M + CaLM,2,0.16,3.6130398751666486,3.502510855641281,0.1558682524353039
MTM1,ESM-2 650M + CaLM,3,0.35,3.584189458572572,3.596084345518184,0.3507541306637728
MTM1,ESM-2 650M + CaLM,4,0.75,3.7773058716379055,3.6291742484630234,0.7424241380323963
MTM1,ESM-2 650M + CaLM,5,0.14,3.686355704611965,3.5564798915841527,0.1357371019574245
MTM1,ESM-1b 650M + CaLM,1,0.5,4.2702833097323145,3.6731327134791085,0.462412229542789
MTM1,ESM-1b 650M + CaLM,2,0.53,4.41240585706864,3.5367597315334343,0.47475528480367907
MTM1,ESM-1b 650M + CaLM,3,0.62,3.9325318358881622,3.474941565948631,0.5904539839712015
MTM1,ESM-1b 650M + CaLM,4,0.49,4.275571277930962,3.430981152277324,0.43534483164735016
MTM1,ESM-1b 650M + CaLM,5,0.53,4.155716484179791,3.624878780875343,0.4958701707581329
MUSK,ESM-2 650M + CaLM,1,0.0,3.000003420161492,2.521533050896105,0.0
MUSK,ESM-2 650M + CaLM,2,0.28,2.752724582960107,2.110996464568844,0.22972003817335485
MUSK,ESM-2 650M + CaLM,3,0.28,2.8208411040056975,2.3481493622876792,0.24455454671213347
MUSK,ESM-2 650M + CaLM,4,0.18,2.89927820491194,2.271560473177286,0.14674747782261222
MUSK,ESM-2 650M + CaLM,5,0.28,2.5246337703834656,1.85162747948732,0.2219234088097677
MUSK,ESM-1b 650M + CaLM,1,0.0,5.497334084919211,1.8246997633968112,0.0
MUSK,ESM-1b 650M + CaLM,2,0.06,4.774196508015687,2.3716032793682063,0.030733248236036983
MUSK,ESM-1b 650M + CaLM,3,0.27,5.5966016619321675,2.2862840163358817,0.13126107801135398
MUSK,ESM-1b 650M + CaLM,4,0.27,4.83330432179415,2.4529456518375863,0.15804279666225884
MUSK,ESM-1b 650M + CaLM,5,0.27,5.075630471607232,2.172113423147719,0.1366528971320503
MUTYH,ESM-2 650M + CaLM,1,0.0,4.321200471305239,2.7997954754645367,0.0
MUTYH,ESM-2 650M + CaLM,2,0.77,4.241841072323375,2.7478075420792827,0.6844108427110546
MUTYH,ESM-2 650M + CaLM,3,0.77,4.221837944757827,2.7043719902667824,0.6819852706367794
MUTYH,ESM-2 650M + CaLM,4,0.77,4.4324518152151375,2.736014693531015,0.6738962726251945
MUTYH,ESM-2 650M + CaLM,5,0.49,4.105033308524241,2.6439556471764982,0.38226557449347703
MUTYH,ESM-1b 650M + CaLM,1,0.0,4.919775049009938,2.4529611035583603,0.0
MUTYH,ESM-1b 650M + CaLM,2,0.0,4.808780354795174,2.7338803276806964,0.0
MUTYH,ESM-1b 650M + CaLM,3,0.0,5.038585411632801,2.7788396312033012,0.0
MUTYH,ESM-1b 650M + CaLM,4,0.0,4.730416265424663,2.682023448763529,0.0
MUTYH,ESM-1b 650M + CaLM,5,0.0,4.835879265654552,2.8811212515267806,0.0
MYCN,ESM-2 650M + CaLM,1,0.0,4.172415797972851,3.4797121762436656,0.0
MYCN,ESM-2 650M + CaLM,2,0.0,3.4500140495455955,2.760114742314357,0.0
MYCN,ESM-2 650M + CaLM,3,0.0,3.6306420758860414,3.3092308952735827,0.0
MYCN,ESM-2 650M + CaLM,4,0.0,3.8121111536549845,3.1545988855727907,0.0
MYCN,ESM-2 650M + CaLM,5,0.0,3.780444647506282,3.512078429895201,0.0
MYCN,ESM-1b 650M + CaLM,1,0.0,5.946580782301982,3.33253110677796,0.0
MYCN,ESM-1b 650M + CaLM,2,0.0,6.104175626086043,3.659698447035803,0.0
MYCN,ESM-1b 650M + CaLM,3,0.0,5.984302632294297,2.7148284398815123,0.0
MYCN,ESM-1b 650M + CaLM,4,0.0,6.307081644662214,3.1545988855727907,0.0
MYCN,ESM-1b 650M + CaLM,5,0.0,6.154611449686471,3.402617531961404,0.0
MYOC,ESM-2 650M + CaLM,1,0.0,3.4777265672794053,2.3383272884672266,0.0
MYOC,ESM-2 650M + CaLM,2,0.0,3.337582619480035,2.343587587351955,0.0
MYOC,ESM-2 650M + CaLM,3,0.0,3.234059451712917,2.4721516975192124,0.0
MYOC,ESM-2 650M + CaLM,4,0.0,3.4792730015559084,2.708321570518575,0.0
MYOC,ESM-2 650M + CaLM,5,0.0,3.351569572114363,2.524519026319473,0.0
MYOC,ESM-1b 650M + CaLM,1,0.0,3.561746417277305,2.3662988054240643,0.0
MYOC,ESM-1b 650M + CaLM,2,0.0,3.7771900069311544,2.429336317927699,0.0
MYOC,ESM-1b 650M + CaLM,3,0.0,3.6189360183418073,2.441742938872403,0.0
MYOC,ESM-1b 650M + CaLM,4,0.0,3.757810592512566,2.625434807121916,0.0
MYOC,ESM-1b 650M + CaLM,5,0.0,3.830690762274232,2.583521512895922,0.0
NAGLU,ESM-2 650M + CaLM,1,0.0,3.7235997098512406,1.8936179750368658,0.0
NAGLU,ESM-2 650M + CaLM,2,0.08,3.3651104138205943,1.7786389000259775,0.04394152093607746
NAGLU,ESM-2 650M + CaLM,3,0.08,3.550479647021847,1.8915166887212689,0.044274969431495975
NAGLU,ESM-2 650M + CaLM,4,0.08,3.5384453809419796,1.958906224734348,0.04592869883196691
NAGLU,ESM-2 650M + CaLM,5,0.08,3.453538514277699,1.7802725484759505,0.042902304564464595
NAGLU,ESM-1b 650M + CaLM,1,0.18,3.5192852016852583,1.950754472757806,0.10847737556713956
NAGLU,ESM-1b 650M + CaLM,2,0.04,3.2779559351257292,1.8805309177283203,0.0233457047930887
NAGLU,ESM-1b 650M + CaLM,3,0.18,3.201815153309092,2.017843251951952,0.12152834332686285
NAGLU,ESM-1b 650M + CaLM,4,0.18,3.432265754830284,1.6968574461651331,0.09789900257040789
NAGLU,ESM-1b 650M + CaLM,5,0.18,3.3313686567896674,1.7743438219560599,0.1046774768830193
NARS1,ESM-2 650M + CaLM,1,0.96,3.4604074877074655,3.116806461909712,0.955785316551119
NARS1,ESM-2 650M + CaLM,2,0.01,3.904668779473684,2.4086650370828577,0.0061924046164277945
NARS1,ESM-2 650M + CaLM,3,0.04,3.386906878208951,2.6440349947822415,0.03150293450622334
NARS1,ESM-2 650M + CaLM,4,0.04,3.4150546383300737,3.0053896759806404,0.03537138244458353
NARS1,ESM-2 650M + CaLM,5,0.0,3.801789760486431,2.823977849991092,0.0
NARS1,ESM-1b 650M + CaLM,1,0.14,4.552289970429601,2.912977094270932,0.09434119046618442
NARS1,ESM-1b 650M + CaLM,2,0.0,5.065198416869007,2.668649155626683,0.0
NARS1,ESM-1b 650M + CaLM,3,0.9,4.536745959574234,3.1187014958868082,0.8608576079933224
NARS1,ESM-1b 650M + CaLM,4,0.27,4.396634639713119,2.753095850589007,0.18804922901022306
NARS1,ESM-1b 650M + CaLM,5,0.27,3.9442312844042995,2.7190880536027686,0.20317294427668953
NEU1,ESM-2 650M + CaLM,1,0.0,2.7409155727217525,2.0707041770851307,0.0
NEU1,ESM-2 650M + CaLM,2,0.03,2.5802604823378372,1.6209051749882302,0.01905841261571694
NEU1,ESM-2 650M + CaLM,3,0.12,2.622961718308937,2.081412286688892,0.09764340840106232
NEU1,ESM-2 650M + CaLM,4,0.03,2.606304971410036,2.1440754745701014,0.024811494851868662
NEU1,ESM-2 650M + CaLM,5,0.12,2.831685920601637,2.0951088673009575,0.09164632700505236
NEU1,ESM-1b 650M + CaLM,1,0.23,2.66636826449558,2.1934272218407567,0.19725127995571148
NEU1,ESM-1b 650M + CaLM,2,0.23,3.1223817162005174,1.4647198190453596,0.12290072025546075
NEU1,ESM-1b 650M + CaLM,3,0.23,2.8555717469207567,2.1082249138651363,0.18068151690422674
NEU1,ESM-1b 650M + CaLM,4,0.0,2.912967641291572,2.106831448231017,0.0
NEU1,ESM-1b 650M + CaLM,5,0.23,2.976279521960839,2.1054970171907685,0.17444682751315185
NGLY1,ESM-2 650M + CaLM,1,0.0,4.3321415421634475,2.9099989388868748,0.0
NGLY1,ESM-2 650M + CaLM,2,0.0,3.643603830283492,2.735191009854081,0.0
NGLY1,ESM-2 650M + CaLM,3,0.0,3.9785773007320047,2.588684958514387,0.0
NGLY1,ESM-2 650M + CaLM,4,0.0,4.00923220723592,2.6693128868404568,0.0
NGLY1,ESM-2 650M + CaLM,5,0.0,4.051716082007808,2.1714243046154245,0.0
NGLY1,ESM-1b 650M + CaLM,1,0.0,4.291484691205481,2.207658664143609,0.0
NGLY1,ESM-1b 650M + CaLM,2,0.0,4.147025868238712,2.6927015246165835,0.0
NGLY1,ESM-1b 650M + CaLM,3,0.0,4.961864639897919,2.751382374155207,0.0
NGLY1,ESM-1b 650M + CaLM,4,0.0,4.673510122886772,2.664809982281435,0.0
NGLY1,ESM-1b 650M + CaLM,5,0.0,4.738111880438297,2.749690166382248,0.0
NOD2,ESM-2 650M + CaLM,1,0.0,2.385462620166741,1.5677654777619614,0.0
NOD2,ESM-2 650M + CaLM,2,0.1,2.5271566915352497,1.5267068697716764,0.06290220857510292
NOD2,ESM-2 650M + CaLM,3,0.24,2.327431527187454,1.4532104291232273,0.16469940594874005
NOD2,ESM-2 650M + CaLM,4,0.02,2.426020495760149,1.572847642482216,0.013058328705891239
NOD2,ESM-2 650M + CaLM,5,0.39,2.3992117648402242,1.5064342529924384,0.2864462139743711
NOD2,ESM-1b 650M + CaLM,1,0.29,2.2449183965575283,1.5883432024242812,0.224199041215922
NOD2,ESM-1b 650M + CaLM,2,0.33,2.5416433046904636,1.5195172040179508,0.22747865236439982
NOD2,ESM-1b 650M + CaLM,3,0.0,2.435942837285327,1.6132611980060718,0.0
NOD2,ESM-1b 650M + CaLM,4,0.51,2.448352475360087,1.3259770270620723,0.3604848366665729
NOD2,ESM-1b 650M + CaLM,5,0.32,2.5570897727625552,1.5688442269500786,0.22403547056097187
NR0B1,ESM-2 650M + CaLM,1,0.0,3.717736893607079,1.6735554683655103,0.0
NR0B1,ESM-2 650M + CaLM,2,0.0,3.8730884450280114,1.7952511211516127,0.0
NR0B1,ESM-2 650M + CaLM,3,0.0,4.257778919432884,1.8000670314214877,0.0
NR0B1,ESM-2 650M + CaLM,4,0.0,3.811870441935999,1.8702162793421315,0.0
NR0B1,ESM-2 650M + CaLM,5,0.0,4.016820206640882,1.655953490133555,0.0
NR0B1,ESM-1b 650M + CaLM,1,0.0,3.109887236202844,1.7325556839535043,0.0
NR0B1,ESM-1b 650M + CaLM,2,0.0,3.1875393370515277,1.4759553300207864,0.0
NR0B1,ESM-1b 650M + CaLM,3,0.0,3.1639733091989175,1.8391569445997347,0.0
NR0B1,ESM-1b 650M + CaLM,4,0.0,3.1024454751422503,1.9465874792681255,0.0
NR0B1,ESM-1b 650M + CaLM,5,0.0,3.2707978981457777,1.7868224220030082,0.0
NR2F1,ESM-2 650M + CaLM,1,0.12,3.1762638894783253,2.8978118346563138,0.11064398863126175
NR2F1,ESM-2 650M + CaLM,2,0.34,3.1952411955820677,2.6226599704464055,0.2971789687050309
NR2F1,ESM-2 650M + CaLM,3,0.12,3.10751357929312,2.4821144691975645,0.09822163451701711
NR2F1,ESM-2 650M + CaLM,4,0.04,3.1373540640043207,2.8319585974376227,0.036247466513316076
NR2F1,ESM-2 650M + CaLM,5,0.12,3.1985498622734205,2.763404415772478,0.1053952624256941
NR2F1,ESM-1b 650M + CaLM,1,0.35,3.7022945985864615,2.717413855427122,0.28326742889651585
NR2F1,ESM-1b 650M + CaLM,2,0.35,3.493778526218602,2.7975792625272087,0.3012676827086264
NR2F1,ESM-1b 650M + CaLM,3,0.35,3.0833109316403373,2.516580778132012,0.30530914935105874
NR2F1,ESM-1b 650M + CaLM,4,0.0,3.711851427362532,2.7296546837450726,0.0
NR2F1,ESM-1b 650M + CaLM,5,0.35,3.6143071446545325,2.8689056593073814,0.29943102605765576
NTRK1,ESM-2 650M + CaLM,1,0.15,3.323796521727399,2.4025282134614905,0.11312736127884246
NTRK1,ESM-2 650M + CaLM,2,0.45,3.4685037927726623,2.4675595462806217,0.36791675741264124
NTRK1,ESM-2 650M + CaLM,3,0.15,3.168835023795709,2.275343469192488,0.11246218881398988
NTRK1,ESM-2 650M + CaLM,4,0.45,3.3196011442027307,2.278110099942663,0.35958423472474177
NTRK1,ESM-2 650M + CaLM,5,0.0,3.23630299740436,2.1460384356545044,0.0
NTRK1,ESM-1b 650M + CaLM,1,0.0,3.844272421921203,2.2771506394879744,0.0
NTRK1,ESM-1b 650M + CaLM,2,0.02,3.7067035542720093,2.3318562834030483,0.012675864833418399
NTRK1,ESM-1b 650M + CaLM,3,0.02,3.83153055472264,2.2688384840880835,0.011940385688977793
NTRK1,ESM-1b 650M + CaLM,4,0.02,3.8651430574644254,2.370123892083952,0.012359707551517728
NTRK1,ESM-1b 650M + CaLM,5,0.0,4.053786935283036,2.3373534047579163,0.0
NUP107,ESM-2 650M + CaLM,1,0.21,2.7262248736925168,1.1332350725749554,0.09950230472449102
NUP107,ESM-2 650M + CaLM,2,0.0,2.48028917277934,1.1628542047597237,0.0
NUP107,ESM-2 650M + CaLM,3,0.0,2.9499190467529943,1.332294146313846,0.0
NUP107,ESM-2 650M + CaLM,4,0.0,3.0088642021398653,1.2739238966487954,0.0
NUP107,ESM-2 650M + CaLM,5,0.0,2.736409584676755,1.408376420391333,0.0
NUP107,ESM-1b 650M + CaLM,1,0.85,4.053810105505113,1.1581235498368574,0.618159826437878
NUP107,ESM-1b 650M + CaLM,2,0.46,3.832726658719638,1.2604122868480085,0.21883297119218598
NUP107,ESM-1b 650M + CaLM,3,0.46,4.036486620945012,1.2253359112014308,0.20546157815108743
NUP107,ESM-1b 650M + CaLM,4,0.0,3.1441490669880814,1.3349872299235261,0.0
NUP107,ESM-1b 650M + CaLM,5,0.0,3.943172191953006,1.2953319494999789,0.0
OCA2,ESM-2 650M + CaLM,1,0.36,3.443429234433879,2.42399853847481,0.28365289867762256
OCA2,ESM-2 650M + CaLM,2,0.36,3.6187054682471724,2.5816483765064477,0.28637562795590027
OCA2,ESM-2 650M + CaLM,3,0.1,3.9047398465853593,2.301387230419171,0.06146203430200061
OCA2,ESM-2 650M + CaLM,4,0.1,3.7066285750105337,2.326083368131013,0.06518243233073583
OCA2,ESM-2 650M + CaLM,5,0.24,3.7240115102545053,2.6005136135957136,0.18067633264241287
OCA2,ESM-1b 650M + CaLM,1,0.72,5.244275465485881,2.431083855767027,0.5438028483248376
OCA2,ESM-1b 650M + CaLM,2,0.39,5.229318347369739,2.3603119720420525,0.2239490941350147
OCA2,ESM-1b 650M + CaLM,3,0.39,5.356648227956684,2.5171326623169485,0.2310254057258049
OCA2,ESM-1b 650M + CaLM,4,0.51,5.367514265676757,2.5192835191133844,0.32818951997440426
OCA2,ESM-1b 650M + CaLM,5,0.54,5.300723509104068,2.42418890900583,0.349325884241548
OCRL,ESM-2 650M + CaLM,1,0.5,4.115785673153376,3.2818065409350137,0.44363171772093046
OCRL,ESM-2 650M + CaLM,2,0.0,3.8799174480797594,3.1750734557812033,0.0
OCRL,ESM-2 650M + CaLM,3,0.5,3.807335998115888,2.9850765198360554,0.43947220695837824
OCRL,ESM-2 650M + CaLM,4,0.5,3.8514231017770526,2.9391436025326225,0.4328274399642193
OCRL,ESM-2 650M + CaLM,5,0.39,4.07652708172785,3.0675364015617874,0.32482554096463984
OCRL,ESM-1b 650M + CaLM,1,0.5,4.573681691881916,3.171520584206158,0.40948195684929495
OCRL,ESM-1b 650M + CaLM,2,0.0,4.724216844699538,3.2091561721782327,0.0
OCRL,ESM-1b 650M + CaLM,3,0.5,4.514425620541061,2.9684570422420444,0.39669966455654504
OCRL,ESM-1b 650M + CaLM,4,0.0,4.6354017248895785,3.2220101947228126,0.0
OCRL,ESM-1b 650M + CaLM,5,0.5,4.623084680083114,2.8661655838337206,0.38270394002493013
OFD1,ESM-2 650M + CaLM,1,0.6,3.780670357814505,1.1706330152770865,0.317151901474599
OFD1,ESM-2 650M + CaLM,2,0.6,3.432897699802982,1.0670418407761513,0.3179845701731547
OFD1,ESM-2 650M + CaLM,3,0.0,3.917671880099221,1.1138332252122753,0.0
OFD1,ESM-2 650M + CaLM,4,0.0,3.9120976138445918,1.105305145130541,0.0
OFD1,ESM-2 650M + CaLM,5,0.0,4.040029170654991,1.1046623750320408,0.0
OFD1,ESM-1b 650M + CaLM,1,0.27,4.15868965610833,0.9973866396564948,0.08147750732583207
OFD1,ESM-1b 650M + CaLM,2,0.37,4.120138926946139,1.1702986531414457,0.14296918939981246
OFD1,ESM-1b 650M + CaLM,3,0.27,4.230428643162994,1.0976646768578542,0.08756455897797272
OFD1,ESM-1b 650M + CaLM,4,0.37,4.439644002365005,1.1579493919881279,0.1328328323119544
OFD1,ESM-1b 650M + CaLM,5,0.0,4.0817806815584285,1.1400684302072517,0.0
OPA1,ESM-2 650M + CaLM,1,0.58,3.3377545085954514,2.8417248158613204,0.5403834217565058
OPA1,ESM-2 650M + CaLM,2,0.6,3.3476961483607606,2.821583250346422,0.558355569781059
OPA1,ESM-2 650M + CaLM,3,0.6,3.2913524976114497,2.866316326372655,0.566403963207922
OPA1,ESM-2 650M + CaLM,4,0.61,3.359532054455954,2.9165482088978516,0.5758869482998251
OPA1,ESM-2 650M + CaLM,5,0.43,3.3893213520065575,2.824452912622512,0.3859979577228386
OPA1,ESM-1b 650M + CaLM,1,0.45,4.5413894818642575,2.924314300324874,0.3450558474765886
OPA1,ESM-1b 650M + CaLM,2,0.55,4.678807798129834,2.8431134095611026,0.42617536594516603
OPA1,ESM-1b 650M + CaLM,3,0.43,4.740636920272014,2.885442050380462,0.31467678559313284
OPA1,ESM-1b 650M + CaLM,4,0.4,4.641075274710717,2.7744048759831763,0.28496300401060254
OPA1,ESM-1b 650M + CaLM,5,0.48,4.650146116814542,2.851101055568511,0.3614131106696636
OPHN1,ESM-2 650M + CaLM,1,0.56,3.775787115337934,2.832761490004289,0.48845335723393163
OPHN1,ESM-2 650M + CaLM,2,0.86,4.106763500550006,3.369847439410544,0.8344531261207606
OPHN1,ESM-2 650M + CaLM,3,0.56,4.146059607321037,3.623581028676868,0.5265914959206308
OPHN1,ESM-2 650M + CaLM,4,0.56,3.7610595157406377,3.5689877238642276,0.547046257444432
OPHN1,ESM-2 650M + CaLM,5,0.46,3.645410883830853,3.0594658229086145,0.4168856360791745
OPHN1,ESM-1b 650M + CaLM,1,0.0,4.730294140144593,3.672722904084072,0.0
OPHN1,ESM-1b 650M + CaLM,2,0.0,4.410263019516392,3.440700463750254,0.0
OPHN1,ESM-1b 650M + CaLM,3,0.0,4.234257583024866,3.045689720364972,0.0
OPHN1,ESM-1b 650M + CaLM,4,0.0,4.3935558957844325,2.8964879700478927,0.0
OPHN1,ESM-1b 650M + CaLM,5,0.84,4.499314043802518,3.5436429233063,0.8052534963463508
OTC,ESM-2 650M + CaLM,1,0.23,3.4214764250097858,2.761105510230485,0.1942304848197067
OTC,ESM-2 650M + CaLM,2,0.37,3.4552382246462114,2.7610892216288105,0.3194103376367154
OTC,ESM-2 650M + CaLM,3,0.37,3.5217939046281077,2.8726247698499443,0.3238879618998666
OTC,ESM-2 650M + CaLM,4,0.27,3.255895186709253,2.8176735965605673,0.24247126663732754
OTC,ESM-2 650M + CaLM,5,0.27,3.325335771763586,2.5867405041768445,0.22342895602235707
OTC,ESM-1b 650M + CaLM,1,0.09,3.4479351430103735,2.76101647957611,0.07338547843729418
OTC,ESM-1b 650M + CaLM,2,0.21,3.6897483995973874,2.6933691492779124,0.16250713928125823
OTC,ESM-1b 650M + CaLM,3,0.4,3.802292620583999,2.9821846990247907,0.34334721674543184
OTC,ESM-1b 650M + CaLM,4,0.21,3.5495190287315515,2.6430153777065137,0.1652300999762111
OTC,ESM-1b 650M + CaLM,5,0.11,3.5650944707173875,2.7309898243722284,0.0864898411050838
PADI6,ESM-2 650M + CaLM,1,0.39,2.4800821292694537,1.0587714677708697,0.21441847373735734
PADI6,ESM-2 650M + CaLM,2,0.56,2.0761216195379824,1.4007733019436426,0.46199468621888373
PADI6,ESM-2 650M + CaLM,3,0.56,2.3826524902417923,1.2713622390244772,0.4044485262729444
PADI6,ESM-2 650M + CaLM,4,0.56,2.67715426599048,1.1092404278414132,0.345265335656946
PADI6,ESM-2 650M + CaLM,5,0.56,2.7211227400012725,1.3269110059699443,0.38295397082480254
PADI6,ESM-1b 650M + CaLM,1,0.38,2.8545888021989274,1.37955529197524,0.22851509511447216
PADI6,ESM-1b 650M + CaLM,2,0.22,2.0082996151083847,1.4033130420854067,0.16463761001367092
PADI6,ESM-1b 650M + CaLM,3,0.04,2.0876416161940305,1.153997865675917,0.02251378222460646
PADI6,ESM-1b 650M + CaLM,4,0.04,2.6099825787715987,1.354925003271008,0.021172520408974393
PADI6,ESM-1b 650M + CaLM,5,0.0,2.632158739718221,0.9908881839918299,0.0
PAFAH1B1,ESM-2 650M + CaLM,1,0.96,4.031845084729307,3.014934684983219,0.9472204419803899
PAFAH1B1,ESM-2 650M + CaLM,2,0.96,3.5328132366646208,2.7824429198499616,0.9497547899716029
PAFAH1B1,ESM-2 650M + CaLM,3,0.8,3.7242743247922494,3.0514916134444063,0.766213557186008
PAFAH1B1,ESM-2 650M + CaLM,4,0.8,3.409749598201837,2.7516386239863446,0.7634796286250553
PAFAH1B1,ESM-2 650M + CaLM,5,0.96,3.913597653074171,3.0715716134820834,0.9495873851463943
PAFAH1B1,ESM-1b 650M + CaLM,1,0.96,4.022884842459298,2.9184206401855937,0.9456843864506455
PAFAH1B1,ESM-1b 650M + CaLM,2,0.96,4.7757476028279005,2.9623742098314048,0.9370558079495928
PAFAH1B1,ESM-1b 650M + CaLM,3,0.48,4.359305737235616,2.739997726634963,0.3671649905401665
PAFAH1B1,ESM-1b 650M + CaLM,4,0.99,4.660409663687433,3.080321852586255,0.9849475939132494
PAFAH1B1,ESM-1b 650M + CaLM,5,0.8300000000000001,4.567582666574245,2.973537482040757,0.7606771363421377
PANK2,ESM-2 650M + CaLM,1,0.29,3.8579403193599773,3.5147855523042053,0.27120075342114497
PANK2,ESM-2 650M + CaLM,2,0.78,3.5707700742173456,3.293058257297312,0.7657921444253707
PANK2,ESM-2 650M + CaLM,3,0.3,3.5033559994236034,3.094117096283491,0.27457830915934445
PANK2,ESM-2 650M + CaLM,4,0.09,3.9325700365027556,3.4845404872788257,0.08057263926810389
PANK2,ESM-2 650M + CaLM,5,0.14,3.8988688975284442,3.6171554762967655,0.1312115766987251
PANK2,ESM-1b 650M + CaLM,1,0.0,4.111557603572243,3.263594212840303,0.0
PANK2,ESM-1b 650M + CaLM,2,0.0,4.2984184092520294,3.37778483566988,0.0
PANK2,ESM-1b 650M + CaLM,3,0.0,3.957426690310286,3.2704771285187126,0.0
PANK2,ESM-1b 650M + CaLM,4,0.0,4.1025348652410285,3.4244663705166416,0.0
PANK2,ESM-1b 650M + CaLM,5,0.0,4.038829227779696,3.6395529858776325,0.0
PAX3,ESM-2 650M + CaLM,1,0.44,3.4357094756784035,2.8258176045036345,0.39255433644734816
PAX3,ESM-2 650M + CaLM,2,0.44,3.4149879535791503,2.531004602218365,0.36802017237264734
PAX3,ESM-2 650M + CaLM,3,0.42,3.4528975507616457,2.7989421786276147,0.3698767511625034
PAX3,ESM-2 650M + CaLM,4,0.44,3.423326681609947,2.667046431579035,0.379704373862632
PAX3,ESM-2 650M + CaLM,5,0.22,3.3582417230341726,2.894694885766439,0.19557179014712053
PAX3,ESM-1b 650M + CaLM,1,0.31,4.328038911928364,2.746173678785856,0.22183145131059717
PAX3,ESM-1b 650M + CaLM,2,0.25,4.434898164108196,2.765404781692553,0.1720838642337315
PAX3,ESM-1b 650M + CaLM,3,0.31,3.858296703757456,2.620866074892838,0.23382452331530174
PAX3,ESM-1b 650M + CaLM,4,0.31,4.578072077656021,2.835959548587206,0.21771761186299485
PAX3,ESM-1b 650M + CaLM,5,0.17,4.745659823943682,2.7779531086077585,0.10705871767497319
PAX8,ESM-2 650M + CaLM,1,0.0,2.8460070438112908,3.1062968656828356,0.0
PAX8,ESM-2 650M + CaLM,2,0.0,3.6068882586466295,2.975609914308871,0.0
PAX8,ESM-2 650M + CaLM,3,0.0,3.597653231994034,2.836886871028349,0.0
PAX8,ESM-2 650M + CaLM,4,0.0,3.4591217153668867,2.923247419981269,0.0
PAX8,ESM-2 650M + CaLM,5,0.0,3.1779642041680862,2.9171856434892516,0.0
PAX8,ESM-1b 650M + CaLM,1,0.0,3.761148784204147,3.1339360373287395,0.0
PAX8,ESM-1b 650M + CaLM,2,0.0,3.673988791803701,2.704448099768544,0.0
PAX8,ESM-1b 650M + CaLM,3,0.0,4.150953473850199,3.1649610602105898,0.0
PAX8,ESM-1b 650M + CaLM,4,0.0,3.769556880760568,2.623283576387809,0.0
PAX8,ESM-1b 650M + CaLM,5,0.0,4.261802204924371,3.1430934565799626,0.0
PCCA,ESM-2 650M + CaLM,1,0.0,2.9774118209482556,2.4546694629711574,0.0
PCCA,ESM-2 650M + CaLM,2,0.0,2.5955427459061884,2.492024654665667,0.0
PCCA,ESM-2 650M + CaLM,3,0.0,2.8645636636032146,2.761055338907419,0.0
PCCA,ESM-2 650M + CaLM,4,0.0,2.8444313492018907,2.8562240527095826,0.0
PCCA,ESM-2 650M + CaLM,5,0.0,3.0146837001196816,2.8614622675622976,0.0
PCCA,ESM-1b 650M + CaLM,1,0.51,3.1942271001139053,2.7370409164345646,0.4714155929017138
PCCA,ESM-1b 650M + CaLM,2,0.51,3.0932071016585514,2.6922471611511107,0.475313365525412
PCCA,ESM-1b 650M + CaLM,3,0.0,3.4448622490763747,2.516920840245761,0.0
PCCA,ESM-1b 650M + CaLM,4,0.0,3.578818179363252,2.9583485360922412,0.0
PCCA,ESM-1b 650M + CaLM,5,0.51,3.3513256354435534,2.574597441388282,0.44431755788334576
PCCB,ESM-2 650M + CaLM,1,0.16,2.322926812189952,2.2807391660841607,0.1575519918583054
PCCB,ESM-2 650M + CaLM,2,0.16,2.213662496546046,2.4456247895955623,0.17385110102772747
PCCB,ESM-2 650M + CaLM,3,0.08,2.6299246134942096,2.688819440961156,0.08164525914510501
PCCB,ESM-2 650M + CaLM,4,0.28,2.6550905818036905,2.7099298356055046,0.2841399808626586
PCCB,ESM-2 650M + CaLM,5,0.08,2.2695430503362237,2.2391553119596344,0.07901348609434711
PCCB,ESM-1b 650M + CaLM,1,0.0,3.8304350093051975,2.666566272835974,0.0
PCCB,ESM-1b 650M + CaLM,2,0.92,3.7282165986169327,2.4661030775806823,0.883814201788969
PCCB,ESM-1b 650M + CaLM,3,0.96,3.8588365311829667,2.6116155941653143,0.9420051834548859
PCCB,ESM-1b 650M + CaLM,4,0.92,3.480756042330337,2.2844778869512794,0.8830086518330609
PCCB,ESM-1b 650M + CaLM,5,0.79,3.037784311990335,2.320376924102647,0.7418347545700952
PCSK9,ESM-2 650M + CaLM,1,0.05,3.0948108571817308,1.2472518172041496,0.020770685916929602
PCSK9,ESM-2 650M + CaLM,2,0.33,3.479714789872142,1.6916831218734107,0.1931904071349164
PCSK9,ESM-2 650M + CaLM,3,0.52,3.4950618964962477,1.8346155666024648,0.36251303007676294
PCSK9,ESM-2 650M + CaLM,4,0.05,2.9619738539983014,1.8028814768478847,0.031041142135556223
PCSK9,ESM-2 650M + CaLM,5,0.0,3.3711762028179257,1.759273905352326,0.0
PCSK9,ESM-1b 650M + CaLM,1,0.33,3.3646685675866084,1.806236432874955,0.20911484639569203
PCSK9,ESM-1b 650M + CaLM,2,0.33,1.908208883321093,1.1710049336775472,0.23210060567642848
PCSK9,ESM-1b 650M + CaLM,3,0.0,3.3568131470251097,1.8128828214348023,0.0
PCSK9,ESM-1b 650M + CaLM,4,0.13,3.361518691561253,1.7525509107355093,0.07227351348803318
PCSK9,ESM-1b 650M + CaLM,5,0.03,3.342483852519067,1.7626938548868334,0.016048366872462694
PCYT1A,ESM-2 650M + CaLM,1,0.3,1.598807839006742,3.0305634979446565,0.4482342695144839
PCYT1A,ESM-2 650M + CaLM,2,0.87,1.5917601432440656,2.7945455559142682,0.9215639009319451
PCYT1A,ESM-2 650M + CaLM,3,0.87,1.1080324442216891,2.938590636225766,0.9466624994917052
PCYT1A,ESM-2 650M + CaLM,4,0.87,1.4705409497896358,2.7759100096441984,0.9266482077684253
PCYT1A,ESM-2 650M + CaLM,5,0.87,1.6334478209954268,1.8342271309765374,0.8825589379340516
PCYT1A,ESM-1b 650M + CaLM,1,0.0,3.5657099716270606,2.7643999009842752,0.0
PCYT1A,ESM-1b 650M + CaLM,2,0.0,3.3934846768998246,2.4627088648397577,0.0
PCYT1A,ESM-1b 650M + CaLM,3,0.0,3.5820003388549684,2.7755164898107196,0.0
PCYT1A,ESM-1b 650M + CaLM,4,0.0,3.7451372890155756,2.902254770771832,0.0
PCYT1A,ESM-1b 650M + CaLM,5,0.0,3.0945320499084796,2.610303306409084,0.0
PDE4D,ESM-2 650M + CaLM,1,0.87,2.38756068392382,1.9117887052770037,0.8427357388656644
PDE4D,ESM-2 650M + CaLM,2,0.87,2.1859729021196754,2.246167543560175,0.8730415428993533
PDE4D,ESM-2 650M + CaLM,3,0.67,1.6723940757262665,1.954024817081988,0.7034581714199764
PDE4D,ESM-2 650M + CaLM,4,1.0,2.1146334639194753,2.1338181827577842,1.0
PDE4D,ESM-2 650M + CaLM,5,0.8200000000000001,2.220170124404598,2.333311935398114,0.8272201116440203
PDE4D,ESM-1b 650M + CaLM,1,0.0,4.000748834405484,1.9761870423411,0.0
PDE4D,ESM-1b 650M + CaLM,2,0.0,4.273811743343937,1.9278697344356757,0.0
PDE4D,ESM-1b 650M + CaLM,3,0.0,3.8535272252560024,2.0962995529641804,0.0
PDE4D,ESM-1b 650M + CaLM,4,0.0,4.414986893020831,2.292510796045763,0.0
PDE4D,ESM-1b 650M + CaLM,5,0.0,4.156805056457646,2.285610247510792,0.0
PDE6B,ESM-2 650M + CaLM,1,0.01,3.097011158047847,3.2656721245008034,0.010538853316151888
PDE6B,ESM-2 650M + CaLM,2,0.05,2.608935084366033,3.1622888181670747,0.05996900353898262
PDE6B,ESM-2 650M + CaLM,3,0.35,3.0648779264886534,3.2403858184699263,0.362771638285497
PDE6B,ESM-2 650M + CaLM,4,0.47,2.9515775880453177,3.05625451047525,0.47868942687583266
PDE6B,ESM-2 650M + CaLM,5,0.47,2.994170794443602,3.1945303115870862,0.4861606427652961
PDE6B,ESM-1b 650M + CaLM,1,0.0,5.786337592811734,3.3625690810226656,0.0
PDE6B,ESM-1b 650M + CaLM,2,0.0,4.644520177368855,3.2793252507417554,0.0
PDE6B,ESM-1b 650M + CaLM,3,0.58,5.4547990098169965,2.96821861962552,0.42904210676382565
PDE6B,ESM-1b 650M + CaLM,4,0.0,5.191495802698428,3.008974098666088,0.0
PDE6B,ESM-1b 650M + CaLM,5,0.0,5.263527850511375,3.2078920790874355,0.0
PDE6C,ESM-2 650M + CaLM,1,0.56,3.939742882880099,2.983022837486012,0.4907469953092945
PDE6C,ESM-2 650M + CaLM,2,0.56,4.035720076786127,2.900300078596019,0.47771265863122336
PDE6C,ESM-2 650M + CaLM,3,0.48,4.334251313234984,3.211166518825201,0.40613719030065115
PDE6C,ESM-2 650M + CaLM,4,0.48,3.774182738827287,2.8925032231397942,0.4143274408419985
PDE6C,ESM-2 650M + CaLM,5,0.56,4.137902875346139,2.631978160385212,0.44737281149886177
PDE6C,ESM-1b 650M + CaLM,1,0.0,3.749820168781974,2.565751378117272,0.0
PDE6C,ESM-1b 650M + CaLM,2,0.47,3.6812969209436335,3.0814677932100594,0.42604564437278253
PDE6C,ESM-1b 650M + CaLM,3,0.29,3.701201253407889,3.017342698394964,0.24980268089954635
PDE6C,ESM-1b 650M + CaLM,4,0.61,3.1772070373593744,2.709130466788383,0.5714911043208677
PDE6C,ESM-1b 650M + CaLM,5,0.47,3.8123258354945837,3.187171844578339,0.4257408821909517
PDHA1,ESM-2 650M + CaLM,1,0.7000000000000001,3.2288623725926815,2.7003057991692847,0.6611745994654857
PDHA1,ESM-2 650M + CaLM,2,0.6900000000000001,3.1911604510436002,2.869911454725291,0.6668596761406322
PDHA1,ESM-2 650M + CaLM,3,0.7000000000000001,3.2069053564374914,2.7608964863815104,0.6676436624524739
PDHA1,ESM-2 650M + CaLM,4,0.7000000000000001,2.971670094001619,2.627010575475839,0.6734916952102233
PDHA1,ESM-2 650M + CaLM,5,0.1,3.217254357525254,2.86168136383263,0.08994198100969325
PDHA1,ESM-1b 650M + CaLM,1,0.47,3.165895057392574,2.6747926521206415,0.42832013531521623
PDHA1,ESM-1b 650M + CaLM,2,0.47,3.102530364932892,2.763814026416502,0.44133378375322246
PDHA1,ESM-1b 650M + CaLM,3,0.47,3.258585287820898,2.8423481997570046,0.43614880161546565
PDHA1,ESM-1b 650M + CaLM,4,0.0,3.2670051404519582,2.70886541622224,0.0
PDHA1,ESM-1b 650M + CaLM,5,0.47,3.0808433512774616,2.7960598245455235,0.4459281660630333
PEX6,ESM-2 650M + CaLM,1,0.0,3.1262873457977327,2.4202671081214144,0.0
PEX6,ESM-2 650M + CaLM,2,0.05,3.3841451849939244,2.705348984837289,0.04037586777569599
PEX6,ESM-2 650M + CaLM,3,0.0,3.5542815615656056,2.661803994221192,0.0
PEX6,ESM-2 650M + CaLM,4,0.05,2.84790157316343,2.464571367858875,0.04356313534244136
PEX6,ESM-2 650M + CaLM,5,0.3,3.428423347835024,2.5502136209943234,0.24172943178022527
PEX6,ESM-1b 650M + CaLM,1,0.11,3.502691149411331,2.3638444813603283,0.07698866167099724
PEX6,ESM-1b 650M + CaLM,2,0.09,4.087773488565586,2.7137462727451056,0.061612089604820584
PEX6,ESM-1b 650M + CaLM,3,0.0,3.6290162716240326,2.4097027818844565,0.0
PEX6,ESM-1b 650M + CaLM,4,0.05,4.338707157257656,2.830975560704354,0.03320153281096819
PEX6,ESM-1b 650M + CaLM,5,0.11,3.875864439459947,2.47173901703528,0.07306135171774301
PHEX,ESM-2 650M + CaLM,1,0.4,3.0804400363174445,3.32582465208936,0.4185277861721051
PHEX,ESM-2 650M + CaLM,2,0.4,3.048141359506686,3.2677997834397434,0.4168105683180526
PHEX,ESM-2 650M + CaLM,3,0.39,3.268113959172348,3.4190791539647303,0.4007949274520015
PHEX,ESM-2 650M + CaLM,4,0.5,3.087933371025425,3.3094845400374937,0.5173156711107575
PHEX,ESM-2 650M + CaLM,5,0.2,3.23352833998002,3.3175757936373045,0.20413729073270576
PHEX,ESM-1b 650M + CaLM,1,0.68,3.2339718808649494,3.364316252979043,0.6885363521620967
PHEX,ESM-1b 650M + CaLM,2,0.68,3.2569769417492322,3.3470656307843774,0.685907744761866
PHEX,ESM-1b 650M + CaLM,3,0.68,3.3401489189063938,3.3863719077032965,0.6829832068993169
PHEX,ESM-1b 650M + CaLM,4,0.51,3.243559697701088,3.2693087270732177,0.5119758340756659
PHEX,ESM-1b 650M + CaLM,5,0.35,3.2609496633525246,3.273649950330961,0.35088482878689875
PIGA,ESM-2 650M + CaLM,1,0.44,3.290113584612391,2.3286545733836186,0.3573709164635748
PIGA,ESM-2 650M + CaLM,2,0.44,3.5852249647029573,2.463364114867204,0.3505880580054683
PIGA,ESM-2 650M + CaLM,3,0.24,3.5443465973525363,2.6519981583311107,0.19112450077168786
PIGA,ESM-2 650M + CaLM,4,0.0,3.5074443259656096,2.520389320103996,0.0
PIGA,ESM-2 650M + CaLM,5,0.44,3.085363083033352,2.4037391374421433,0.37970373627034776
PIGA,ESM-1b 650M + CaLM,1,0.0,4.218358859915949,2.563751794366274,0.0
PIGA,ESM-1b 650M + CaLM,2,0.0,3.7700931176154997,2.416186620295073,0.0
PIGA,ESM-1b 650M + CaLM,3,0.0,4.16124508579659,2.5040682226777857,0.0
PIGA,ESM-1b 650M + CaLM,4,0.0,4.29913853534464,2.5489946834703727,0.0
PIGA,ESM-1b 650M + CaLM,5,0.47,4.392234482561856,2.375028476141593,0.32410439218341547
PIGN,ESM-2 650M + CaLM,1,0.0,5.34696313290419,2.83169661294251,0.0
PIGN,ESM-2 650M + CaLM,2,0.19,5.063790705259125,2.699388132647323,0.11114480860864683
PIGN,ESM-2 650M + CaLM,3,0.0,5.234003585559812,2.7941378137859827,0.0
PIGN,ESM-2 650M + CaLM,4,0.19,4.231955824151267,2.6416817085527855,0.12772126995472596
PIGN,ESM-2 650M + CaLM,5,0.0,5.346744790832966,2.5329559036386358,0.0
PIGN,ESM-1b 650M + CaLM,1,0.0,6.344533319837908,2.781611048764307,0.0
PIGN,ESM-1b 650M + CaLM,2,0.0,6.2386613402814,2.828825549708292,0.0
PIGN,ESM-1b 650M + CaLM,3,0.0,5.672676326195034,2.486136732054507,0.0
PIGN,ESM-1b 650M + CaLM,4,0.0,6.006511619376645,2.7054935773326485,0.0
PIGN,ESM-1b 650M + CaLM,5,0.0,6.212423829623854,2.6726034025369803,0.0
PIK3R2,ESM-2 650M + CaLM,1,0.0,3.530098181986743,2.1724590974480766,0.0
PIK3R2,ESM-2 650M + CaLM,2,0.0,3.4367851515276584,2.2120301790998704,0.0
PIK3R2,ESM-2 650M + CaLM,3,0.07,3.3739295618551917,1.5859340376992836,0.034171513189538004
PIK3R2,ESM-2 650M + CaLM,4,0.08,3.693795009808174,2.3065838451564793,0.05150323058703667
PIK3R2,ESM-2 650M + CaLM,5,0.2,3.7936556575710996,2.187683661129671,0.12600190460938443
PIK3R2,ESM-1b 650M + CaLM,1,0.0,4.378431963692779,2.302539906107545,0.0
PIK3R2,ESM-1b 650M + CaLM,2,0.0,4.338653771952883,2.1148312213904266,0.0
PIK3R2,ESM-1b 650M + CaLM,3,0.0,4.3416778613072,2.1804675147276655,0.0
PIK3R2,ESM-1b 650M + CaLM,4,0.0,4.464042488191258,2.2174030007326753,0.0
PIK3R2,ESM-1b 650M + CaLM,5,0.0,3.5871606544305275,1.6840445186110398,0.0
PKD2,ESM-2 650M + CaLM,1,0.0,5.110597578467698,2.7250284458683582,0.0
PKD2,ESM-2 650M + CaLM,2,0.0,4.452440953421577,2.6798281907065316,0.0
PKD2,ESM-2 650M + CaLM,3,0.28,4.712010887843791,2.7542345034726865,0.18521049435132986
PKD2,ESM-2 650M + CaLM,4,0.28,4.492563053130338,2.8089009476123445,0.19558949012210877
PKD2,ESM-2 650M + CaLM,5,0.28,4.075996469871238,1.8287552171550965,0.14855984628512278
PKD2,ESM-1b 650M + CaLM,1,0.0,5.475126614817653,2.7177290868611204,0.0
PKD2,ESM-1b 650M + CaLM,2,0.0,5.491804196274389,2.854234418455527,0.0
PKD2,ESM-1b 650M + CaLM,3,0.0,5.537453702491688,2.8342172941569768,0.0
PKD2,ESM-1b 650M + CaLM,4,0.0,4.891208392645478,1.8138637491956402,0.0
PKD2,ESM-1b 650M + CaLM,5,0.0,5.822305029228351,2.5704172552041196,0.0
PKP2,ESM-2 650M + CaLM,1,0.0,4.430793686170512,2.9443334641465344,0.0
PKP2,ESM-2 650M + CaLM,2,0.0,4.007118338036468,2.887090551405446,0.0
PKP2,ESM-2 650M + CaLM,3,0.0,4.710973310289459,2.962947253313727,0.0
PKP2,ESM-2 650M + CaLM,4,0.0,4.914729220284611,3.2027456368934244,0.0
PKP2,ESM-2 650M + CaLM,5,0.0,4.743451787942075,2.944255471792507,0.0
PKP2,ESM-1b 650M + CaLM,1,0.0,5.301477147146268,3.0907136600923386,0.0
PKP2,ESM-1b 650M + CaLM,2,0.0,5.536801029273853,2.999213022999738,0.0
PKP2,ESM-1b 650M + CaLM,3,0.0,5.805152133732507,3.1078975504190964,0.0
PKP2,ESM-1b 650M + CaLM,4,0.0,5.787311646920113,2.695687642617817,0.0
PKP2,ESM-1b 650M + CaLM,5,0.0,5.236581008652593,3.0913584326062917,0.0
PMS2,ESM-2 650M + CaLM,1,0.34,4.190754097582585,2.8889013730269837,0.2620581448095084
PMS2,ESM-2 650M + CaLM,2,0.08,4.513902909464042,2.9545482942648498,0.05385179796558884
PMS2,ESM-2 650M + CaLM,3,0.08,4.472612031578738,3.217881982823851,0.05887850022383262
PMS2,ESM-2 650M + CaLM,4,0.08,4.388197360471511,2.948231533656098,0.05519740638565924
PMS2,ESM-2 650M + CaLM,5,0.03,4.534827256535862,3.125148862125874,0.02086893616068415
PMS2,ESM-1b 650M + CaLM,1,0.0,4.5349297883294115,2.723289517196507,0.0
PMS2,ESM-1b 650M + CaLM,2,0.11,4.574605489510289,3.226029331476442,0.08017221246120851
PMS2,ESM-1b 650M + CaLM,3,0.39,4.622402619406991,2.8732138003942516,0.28438860577135405
PMS2,ESM-1b 650M + CaLM,4,0.31,4.903556287995288,3.234234347550748,0.22859038978009605
PMS2,ESM-1b 650M + CaLM,5,0.36,4.591800829094286,3.0264196852235026,0.2704666799861782
PNPLA1,ESM-2 650M + CaLM,1,0.0,3.1369680347969715,1.750618027566372,0.0
PNPLA1,ESM-2 650M + CaLM,2,0.22,3.0134962123364084,2.426770463711453,0.18509445262111768
PNPLA1,ESM-2 650M + CaLM,3,0.22,3.2438370925777655,2.1390034878518915,0.15681981197044462
PNPLA1,ESM-2 650M + CaLM,4,0.0,3.3100726116951855,2.3694504258846445,0.0
PNPLA1,ESM-2 650M + CaLM,5,0.22,3.0374262011527327,2.2938709156637223,0.17560159657676247
PNPLA1,ESM-1b 650M + CaLM,1,0.0,4.472798985671802,2.33097213481976,0.0
PNPLA1,ESM-1b 650M + CaLM,2,0.0,4.594852674581387,2.1275098724316788,0.0
PNPLA1,ESM-1b 650M + CaLM,3,0.0,4.5641091748327165,1.874021161499149,0.0
PNPLA1,ESM-1b 650M + CaLM,4,0.0,4.454263224600533,2.308990186832831,0.0
PNPLA1,ESM-1b 650M + CaLM,5,0.0,4.329389357538202,2.337040422707905,0.0
PNPT1,ESM-2 650M + CaLM,1,0.0,3.301716280828799,2.659619818632235,0.0
PNPT1,ESM-2 650M + CaLM,2,0.0,2.727975761356914,2.637613499755065,0.0
PNPT1,ESM-2 650M + CaLM,3,0.23,3.227609810895259,2.418541880384064,0.182890090070063
PNPT1,ESM-2 650M + CaLM,4,0.23,3.1022394431712406,2.4036534277772357,0.18794089280981024
PNPT1,ESM-2 650M + CaLM,5,0.23,3.1800362090091805,2.40744820764164,0.1844271165504296
PNPT1,ESM-1b 650M + CaLM,1,0.0,4.0850995511065,2.611253099636784,0.0
PNPT1,ESM-1b 650M + CaLM,2,0.0,4.505576131479713,2.428610871294391,0.0
PNPT1,ESM-1b 650M + CaLM,3,0.0,3.4483241892471477,2.6371756137951112,0.0
PNPT1,ESM-1b 650M + CaLM,4,0.0,4.267768220039842,2.5281753906060564,0.0
PNPT1,ESM-1b 650M + CaLM,5,0.0,4.4222088236209105,2.40744820764164,0.0
POLR1C,ESM-2 650M + CaLM,1,0.0,2.3342501708634966,2.3642554233735957,0.0
POLR1C,ESM-2 650M + CaLM,2,0.0,2.635922587819507,2.5211666381860804,0.0
POLR1C,ESM-2 650M + CaLM,3,0.0,2.8768080942248258,2.593989744379959,0.0
POLR1C,ESM-2 650M + CaLM,4,0.0,2.8036361716549596,2.646623903494249,0.0
POLR1C,ESM-2 650M + CaLM,5,0.31,2.3468090831265966,2.4129372257697943,0.3159750589646299
POLR1C,ESM-1b 650M + CaLM,1,0.37,3.2227407342360004,2.756929331107215,0.3344043483833967
POLR1C,ESM-1b 650M + CaLM,2,0.37,2.8179603549092804,2.622755680234749,0.3534280380748747
POLR1C,ESM-1b 650M + CaLM,3,0.37,3.1109487807066474,2.7718368366238777,0.34352282915026666
POLR1C,ESM-1b 650M + CaLM,4,0.37,3.019826830174533,2.0064693040634203,0.28069037787029494
POLR1C,ESM-1b 650M + CaLM,5,0.0,3.1801154955496513,2.3309130129060076,0.0
PORCN,ESM-2 650M + CaLM,1,0.76,3.3970938801979607,2.146226950394228,0.6667385290298838
PORCN,ESM-2 650M + CaLM,2,0.87,3.2431156764123847,1.6617284709141367,0.77421782823969
PORCN,ESM-2 650M + CaLM,3,0.48,2.8751505251336136,2.2587150389285804,0.4203463751742083
PORCN,ESM-2 650M + CaLM,4,0.48,2.932410806848583,2.220813635928853,0.4114452577757458
PORCN,ESM-2 650M + CaLM,5,0.62,3.303370867758286,2.219253897429637,0.5229278742363901
PORCN,ESM-1b 650M + CaLM,1,0.65,3.967092258651178,2.239765836121245,0.5118420684240701
PORCN,ESM-1b 650M + CaLM,2,0.65,3.784880372382213,1.728068949592955,0.45885065656625346
PORCN,ESM-1b 650M + CaLM,3,0.64,4.010005961071692,2.189906405908062,0.49260809432863517
PORCN,ESM-1b 650M + CaLM,4,0.64,3.9808779765630833,2.0999077522428435,0.48394431423847717
PORCN,ESM-1b 650M + CaLM,5,0.65,4.163987420886547,2.2486400535357127,0.5007229223483556
POT1,ESM-2 650M + CaLM,1,0.13,2.774653587987463,1.6949809295730278,0.08364569089194371
POT1,ESM-2 650M + CaLM,2,0.72,3.6409253616651323,1.968962345805391,0.5816937812680146
POT1,ESM-2 650M + CaLM,3,0.85,3.33329191274559,1.9820980247464524,0.7711465462113755
POT1,ESM-2 650M + CaLM,4,0.85,3.1743553876793347,1.927678513819325,0.7748343493850892
POT1,ESM-2 650M + CaLM,5,0.85,3.2968859328168785,1.1107429823398822,0.6562555649814051
POT1,ESM-1b 650M + CaLM,1,0.73,3.7707838393545345,1.9077499881375695,0.5776818174684956
POT1,ESM-1b 650M + CaLM,2,0.93,4.021178466701429,1.8091379591040946,0.8566775737125869
POT1,ESM-1b 650M + CaLM,3,0.84,3.8159117617950704,1.9506290262574193,0.728534583461596
POT1,ESM-1b 650M + CaLM,4,0.42,2.970917683048443,1.979489034527088,0.3254568995769091
POT1,ESM-1b 650M + CaLM,5,0.73,3.818738901273302,0.98485172777746,0.4108235667093128
PPP2R1A,ESM-2 650M + CaLM,1,0.0,3.9326077403450808,3.085594563079418,0.0
PPP2R1A,ESM-2 650M + CaLM,2,0.0,3.7413283646387665,2.846163815080429,0.0
PPP2R1A,ESM-2 650M + CaLM,3,0.0,3.613291149514357,3.089105217307767,0.0
PPP2R1A,ESM-2 650M + CaLM,4,0.0,3.659956083091688,2.9252593972400707,0.0
PPP2R1A,ESM-2 650M + CaLM,5,0.0,3.7634364477782847,3.0071366501922077,0.0
PPP2R1A,ESM-1b 650M + CaLM,1,0.42,3.4451965766545647,2.854250201619536,0.3749719807561836
PPP2R1A,ESM-1b 650M + CaLM,2,0.94,3.5127617585929,2.9683674199737617,0.9297689027948544
PPP2R1A,ESM-1b 650M + CaLM,3,0.34,3.7826422215156654,3.250718280971407,0.3068598680573182
PPP2R1A,ESM-1b 650M + CaLM,4,0.42,3.162983472950452,2.8189070777834355,0.3922319680669439
PPP2R1A,ESM-1b 650M + CaLM,5,0.22,3.4625695914290495,3.059799965559538,0.19951509140839985
PPP2R5D,ESM-2 650M + CaLM,1,0.56,3.134680334307053,2.4985812933000533,0.5035894240302712
PPP2R5D,ESM-2 650M + CaLM,2,0.36,3.353134325441726,2.718037336682809,0.3131680672540091
PPP2R5D,ESM-2 650M + CaLM,3,0.41,3.4278058059055074,2.653659299630822,0.3497936939351787
PPP2R5D,ESM-2 650M + CaLM,4,0.56,3.324394896595765,2.520564508549212,0.49109026148289603
PPP2R5D,ESM-2 650M + CaLM,5,0.56,2.9325791407852977,2.641739693701506,0.5341262210373248
PPP2R5D,ESM-1b 650M + CaLM,1,0.27,5.0418117605680655,2.796920400117221,0.17024821885848834
PPP2R5D,ESM-1b 650M + CaLM,2,0.91,4.668280091789731,2.725050099711036,0.8551193843659743
PPP2R5D,ESM-1b 650M + CaLM,3,0.91,5.278882629232803,2.5110853094274517,0.8278741893609882
PPP2R5D,ESM-1b 650M + CaLM,4,0.91,5.431602739842147,2.4067576610973433,0.8175269156968775
PPP2R5D,ESM-1b 650M + CaLM,5,0.79,4.653343396978587,2.5784746282257864,0.6758001913012028
PPP3CA,ESM-2 650M + CaLM,1,0.31,2.950723633209424,2.364777908391638,0.2647381188751384
PPP3CA,ESM-2 650M + CaLM,2,0.31,2.241920578745231,2.6023866684984616,0.34275899264232224
PPP3CA,ESM-2 650M + CaLM,3,0.17,2.663754970324957,2.3834140101792705,0.15487972373761394
PPP3CA,ESM-2 650M + CaLM,4,0.19,2.626719741490305,2.614292317207983,0.18927121977635789
PPP3CA,ESM-2 650M + CaLM,5,0.31,2.7377876430561776,2.776954357960104,0.3130465365937853
PPP3CA,ESM-1b 650M + CaLM,1,0.23,4.473514982652543,2.4278063261719196,0.13949417366832292
PPP3CA,ESM-1b 650M + CaLM,2,0.0,4.525608808141733,2.6102056030194425,0.0
PPP3CA,ESM-1b 650M + CaLM,3,0.81,4.813129416824141,2.637158205831397,0.7002239668282737
PPP3CA,ESM-1b 650M + CaLM,4,0.81,4.499828737594325,2.5735023751582955,0.7091457101440497
PPP3CA,ESM-1b 650M + CaLM,5,0.81,4.3726616422880715,2.487596111236079,0.7080547439656474
PRKAG2,ESM-2 650M + CaLM,1,0.8300000000000001,2.9068415951370024,3.0345056602315443,0.8359789508192166
PRKAG2,ESM-2 650M + CaLM,2,0.8300000000000001,2.800709349950167,3.064059590757562,0.8423071047712475
PRKAG2,ESM-2 650M + CaLM,3,0.62,3.0728893883525346,3.15896515706463,0.6264868164159236
PRKAG2,ESM-2 650M + CaLM,4,0.62,2.918565070085982,2.8469640999661454,0.61413076677045
PRKAG2,ESM-2 650M + CaLM,5,0.8300000000000001,3.169082113389705,3.161437159359309,0.8296589336763142
PRKAG2,ESM-1b 650M + CaLM,1,0.0,4.916811151352833,3.1187413443900356,0.0
PRKAG2,ESM-1b 650M + CaLM,2,0.0,5.289224579024861,3.0254284427790537,0.0
PRKAG2,ESM-1b 650M + CaLM,3,0.0,5.4492030146004815,3.3534126871710472,0.0
PRKAG2,ESM-1b 650M + CaLM,4,0.0,5.035676099724752,2.8583992831295633,0.0
PRKAG2,ESM-1b 650M + CaLM,5,0.0,5.1313851306993294,2.971043236425666,0.0
PRKCG,ESM-2 650M + CaLM,1,0.29,3.258124222695193,2.5340229662203853,0.24108731875778666
PRKCG,ESM-2 650M + CaLM,2,0.29,3.1489511193028417,2.441749657772056,0.24053683001119402
PRKCG,ESM-2 650M + CaLM,3,0.8,3.381564308216577,2.4298199548414803,0.7418819523928969
PRKCG,ESM-2 650M + CaLM,4,0.44,3.1960142994189495,2.3071264358096863,0.36191461891440846
PRKCG,ESM-2 650M + CaLM,5,0.29,3.1563178924448327,2.5659317384253724,0.24927765618103528
PRKCG,ESM-1b 650M + CaLM,1,0.0,4.26805844081608,2.5637751870028342,0.0
PRKCG,ESM-1b 650M + CaLM,2,0.09,3.56306761237938,2.446401401319499,0.0635875304569357
PRKCG,ESM-1b 650M + CaLM,3,0.67,3.7651811635197348,2.2900033836804594,0.5525409134183987
PRKCG,ESM-1b 650M + CaLM,4,0.0,4.330232609683087,2.4912133061263746,0.0
PRKCG,ESM-1b 650M + CaLM,5,0.5700000000000001,4.405596356857879,2.494251943846417,0.4287297513141282
PRKN,ESM-2 650M + CaLM,1,0.0,4.140473564079373,2.8763275050854946,0.0
PRKN,ESM-2 650M + CaLM,2,0.0,4.101852840979683,2.9402277578224973,0.0
PRKN,ESM-2 650M + CaLM,3,0.0,3.967892471945025,2.7835072740746827,0.0
PRKN,ESM-2 650M + CaLM,4,0.0,4.255898975830684,2.9984994236764986,0.0
PRKN,ESM-2 650M + CaLM,5,0.0,3.0955523857469127,1.7711943878775147,0.0
PRKN,ESM-1b 650M + CaLM,1,0.0,3.959589787340456,2.845862390356819,0.0
PRKN,ESM-1b 650M + CaLM,2,0.0,5.283706304859561,2.901533741098206,0.0
PRKN,ESM-1b 650M + CaLM,3,0.0,5.070456185452327,2.216545255888037,0.0
PRKN,ESM-1b 650M + CaLM,4,0.0,5.464605469273838,2.9502882666923997,0.0
PRKN,ESM-1b 650M + CaLM,5,0.0,5.127220192929248,2.650306949528001,0.0
PRMT7,ESM-2 650M + CaLM,1,0.0,3.816578246736546,2.089503489040192,0.0
PRMT7,ESM-2 650M + CaLM,2,0.0,4.237152227562517,2.047618179946608,0.0
PRMT7,ESM-2 650M + CaLM,3,0.0,4.187460353789144,1.2225076678413198,0.0
PRMT7,ESM-2 650M + CaLM,4,0.0,3.7377925905966296,2.102248741771664,0.0
PRMT7,ESM-2 650M + CaLM,5,0.0,3.6987333772171183,2.173302001924226,0.0
PRMT7,ESM-1b 650M + CaLM,1,0.6,4.167569838939815,2.173302001924226,0.4389017808910348
PRMT7,ESM-1b 650M + CaLM,2,0.0,4.195824551314177,2.1597245157342786,0.0
PRMT7,ESM-1b 650M + CaLM,3,0.46,4.578925645938357,2.0117637789071328,0.27233750585025446
PRMT7,ESM-1b 650M + CaLM,4,0.6,3.9615881319900006,1.313693128118426,0.33218092235801294
PRMT7,ESM-1b 650M + CaLM,5,0.6,4.289717259207421,1.9945650457846877,0.4108797544752845
PROM1,ESM-2 650M + CaLM,1,0.63,3.711933710798885,2.5575917084659436,0.5398477975774305
PROM1,ESM-2 650M + CaLM,2,0.19,3.6214526292638314,2.152669385273655,0.12236990306820103
PROM1,ESM-2 650M + CaLM,3,0.63,2.9895681767724316,2.4485152631283533,0.5823844891247274
PROM1,ESM-2 650M + CaLM,4,0.0,3.3832124034169335,2.45860989620051,0.0
PROM1,ESM-2 650M + CaLM,5,0.63,3.4627095242251906,1.6798557849941644,0.45236326828004486
PROM1,ESM-1b 650M + CaLM,1,0.0,4.882688361261946,1.021984407517452,0.0
PROM1,ESM-1b 650M + CaLM,2,0.0,4.551219146617766,2.584413645114819,0.0
PROM1,ESM-1b 650M + CaLM,3,0.77,4.572594694736025,2.410365594660986,0.6383035962932969
PROM1,ESM-1b 650M + CaLM,4,0.42,4.977341272057173,2.4272686795555645,0.26097586751060253
PROM1,ESM-1b 650M + CaLM,5,0.42,4.399580276871275,2.3986903211828854,0.28305464607788555
PRRT2,ESM-2 650M + CaLM,1,0.0,4.143698842481943,2.626804067330214,0.0
PRRT2,ESM-2 650M + CaLM,2,0.0,3.9727738170299873,2.6594285075272412,0.0
PRRT2,ESM-2 650M + CaLM,3,0.0,3.7940405133672668,2.607563989260623,0.0
PRRT2,ESM-2 650M + CaLM,4,0.0,3.8089452948160627,2.692208654021518,0.0
PRRT2,ESM-2 650M + CaLM,5,0.0,3.9386270522166837,2.6059474942984133,0.0
PRRT2,ESM-1b 650M + CaLM,1,0.0,4.910010629080556,2.927478772260132,0.0
PRRT2,ESM-1b 650M + CaLM,2,0.07,5.042607155029093,2.767929891063023,0.03967643362391325
PRRT2,ESM-1b 650M + CaLM,3,0.07,4.83586225836229,2.6407283622662256,0.03947949071701621
PRRT2,ESM-1b 650M + CaLM,4,0.07,4.919816237977772,2.517665751929671,0.03708943633985243
PRRT2,ESM-1b 650M + CaLM,5,0.0,4.616543599451129,2.323136696609883,0.0
PRSS1,ESM-2 650M + CaLM,1,0.66,3.3725260570335163,3.0999188883323097,0.640839144705957
PRSS1,ESM-2 650M + CaLM,2,0.44,2.074124215977055,2.3279958557442737,0.46861797888561596
PRSS1,ESM-2 650M + CaLM,3,0.44,3.0339891849393434,2.4687703614882435,0.3899981068535725
PRSS1,ESM-2 650M + CaLM,4,0.53,3.1348811562375927,2.9102035864198252,0.5114420237732089
PRSS1,ESM-2 650M + CaLM,5,0.53,3.233727142702561,2.889222887017775,0.5018741148344646
PRSS1,ESM-1b 650M + CaLM,1,0.0,3.605920186664449,2.5057979177339784,0.0
PRSS1,ESM-1b 650M + CaLM,2,0.0,3.3044555914358518,2.7007906108431188,0.0
PRSS1,ESM-1b 650M + CaLM,3,0.81,3.833509201196971,3.020781478558461,0.7706075817191784
PRSS1,ESM-1b 650M + CaLM,4,0.91,4.190401052762446,2.9232725211544435,0.8758323690939412
PRSS1,ESM-1b 650M + CaLM,5,0.81,3.9928650986912295,2.639100511850346,0.7380657271170121
PTEN,ESM-2 650M + CaLM,1,0.0,2.4465558524509223,2.613656776459384,0.0
PTEN,ESM-2 650M + CaLM,2,0.0,2.455997028144998,2.678006348709217,0.0
PTEN,ESM-2 650M + CaLM,3,0.0,2.329243399780609,2.6445897460802716,0.0
PTEN,ESM-2 650M + CaLM,4,0.0,2.460681749852432,2.6465161833900037,0.0
PTEN,ESM-2 650M + CaLM,5,0.0,2.3661173603304877,2.5935848822958683,0.0
PTEN,ESM-1b 650M + CaLM,1,0.0,3.665394099563204,2.6013435333682247,0.0
PTEN,ESM-1b 650M + CaLM,2,0.01,3.6658748300466755,2.5991886328260025,0.007110918600331331
PTEN,ESM-1b 650M + CaLM,3,0.01,3.5223599146883187,2.7138019913368883,0.0077222257919875165
PTEN,ESM-1b 650M + CaLM,4,0.01,3.5372930438445294,2.610030469480499,0.007398002732890819
PTEN,ESM-1b 650M + CaLM,5,0.0,3.380697057209346,2.654956500453087,0.0
PTPN11,ESM-2 650M + CaLM,1,0.91,2.7318921613453178,2.676178884154499,0.9082981764955708
PTPN11,ESM-2 650M + CaLM,2,0.94,2.9180439033465535,2.7050201424197797,0.9355793166589501
PTPN11,ESM-2 650M + CaLM,3,0.87,2.7346895684178136,2.616545728048008,0.8649230419588022
PTPN11,ESM-2 650M + CaLM,4,0.94,2.7060255943913805,2.6511675535443646,0.9388344165565125
PTPN11,ESM-2 650M + CaLM,5,0.9,2.8463711689613214,2.788085583440903,0.8981224538657099
PTPN11,ESM-1b 650M + CaLM,1,0.0,3.591440269028525,2.6958451657218783,0.0
PTPN11,ESM-1b 650M + CaLM,2,0.39,3.21240404746815,2.6839306213088077,0.34817987136871276
PTPN11,ESM-1b 650M + CaLM,3,0.21,3.4212930166470015,2.5521777678806163,0.1654813008134411
PTPN11,ESM-1b 650M + CaLM,4,0.39,3.26167886570787,2.813068431893311,0.3554246596178057
PTPN11,ESM-1b 650M + CaLM,5,0.44,3.5910506903993076,2.7081006893840325,0.3720670411035814
PUF60,ESM-2 650M + CaLM,1,0.0,5.289929704240483,3.545833642553407,0.0
PUF60,ESM-2 650M + CaLM,2,0.0,5.250381440194736,3.3759616852978156,0.0
PUF60,ESM-2 650M + CaLM,3,0.0,5.365360106547976,3.6683422049625256,0.0
PUF60,ESM-2 650M + CaLM,4,0.0,5.345959260281043,3.3319971595227575,0.0
PUF60,ESM-2 650M + CaLM,5,0.0,5.328481715969517,3.5006290405470457,0.0
PUF60,ESM-1b 650M + CaLM,1,0.0,6.744679272750711,3.763511321419169,0.0
PUF60,ESM-1b 650M + CaLM,2,0.0,6.610068737952928,3.3141176375827315,0.0
PUF60,ESM-1b 650M + CaLM,3,0.0,6.991593726723967,3.4693809098608672,0.0
PUF60,ESM-1b 650M + CaLM,4,0.0,7.002992482088894,3.6128164317213445,0.0
PUF60,ESM-1b 650M + CaLM,5,0.0,6.59301468189242,3.3319971595227575,0.0
PURA,ESM-2 650M + CaLM,1,0.03,3.3291675903782276,2.8614373124047927,0.02589430044665462
PURA,ESM-2 650M + CaLM,2,0.33,3.473906545226886,2.7301516851889214,0.2790643153327411
PURA,ESM-2 650M + CaLM,3,0.39,3.3209778856414403,2.8362403067870536,0.3531795533281806
PURA,ESM-2 650M + CaLM,4,0.05,3.4065672687711213,2.9976321402111163,0.044263518225121014
PURA,ESM-2 650M + CaLM,5,0.33,3.1012681317110955,2.5932084992935667,0.29170859658788767
PURA,ESM-1b 650M + CaLM,1,0.18,5.604783511545948,2.9058617993961553,0.1021796078084202
PURA,ESM-1b 650M + CaLM,2,0.0,5.614745047204687,2.5259165489892004,0.0
PURA,ESM-1b 650M + CaLM,3,0.21,5.0470038780551905,2.924352152704783,0.13346685147925258
PURA,ESM-1b 650M + CaLM,4,0.44,5.50427044898951,2.7676880316936736,0.2831938152844357
PURA,ESM-1b 650M + CaLM,5,0.21,5.300428705199003,2.900993733302341,0.12700983397643162
RAF1,ESM-2 650M + CaLM,1,0.21,3.711663616892005,1.1062473023404644,0.07341128481231256
RAF1,ESM-2 650M + CaLM,2,0.21,3.4329799057121453,1.151592220219057,0.08186983595376883
RAF1,ESM-2 650M + CaLM,3,0.0,3.7075371819525267,1.172434851123879,0.0
RAF1,ESM-2 650M + CaLM,4,0.21,3.525168178087822,1.105630328536638,0.0769563636571293
RAF1,ESM-2 650M + CaLM,5,0.21,3.795413369330345,1.1336395667742145,0.07355744119132106
RAF1,ESM-1b 650M + CaLM,1,0.0,3.604323483297881,1.25629390917129,0.0
RAF1,ESM-1b 650M + CaLM,2,0.05,3.7134934168981273,1.1467445694868879,0.015992952296001575
RAF1,ESM-1b 650M + CaLM,3,0.15,3.5434889689050233,1.0631038846597338,0.05028189871619526
RAF1,ESM-1b 650M + CaLM,4,0.15,3.751563538059722,1.0783574724023333,0.048276266789668974
RAF1,ESM-1b 650M + CaLM,5,0.29,3.7391953290056663,1.1074907631204678,0.10792077044874522
RAG2,ESM-2 650M + CaLM,1,0.4,3.2551005143617107,1.974906973548766,0.2879898422966125
RAG2,ESM-2 650M + CaLM,2,0.64,3.190061376267959,1.933737005692488,0.5186858912902788
RAG2,ESM-2 650M + CaLM,3,0.4,3.306674417062886,2.0417874131958587,0.2916089710493392
RAG2,ESM-2 650M + CaLM,4,0.48,3.3223728986808827,2.135068507462535,0.372332515317425
RAG2,ESM-2 650M + CaLM,5,0.48,3.399547982881213,2.0364883204423174,0.3560710117258269
RAG2,ESM-1b 650M + CaLM,1,0.73,4.191278753184364,2.073299922865428,0.5721817426209025
RAG2,ESM-1b 650M + CaLM,2,0.37,4.170584544359186,2.084563849063771,0.22693256675140608
RAG2,ESM-1b 650M + CaLM,3,0.63,4.157633643004196,2.0346701539660956,0.4545271107691794
RAG2,ESM-1b 650M + CaLM,4,0.49,4.121922274222101,2.0527017875421185,0.323623714641841
RAG2,ESM-1b 650M + CaLM,5,0.63,3.7939482722398217,1.8505384828424751,0.45370454412683237
RALA,ESM-2 650M + CaLM,1,0.85,3.0116401948710956,3.203413453384754,0.8577019860419408
RALA,ESM-2 650M + CaLM,2,0.85,3.122459101446326,3.2022888508342353,0.8531903730503437
RALA,ESM-2 650M + CaLM,3,0.85,3.2050514368645695,2.6913596994260818,0.8263417937859553
RALA,ESM-2 650M + CaLM,4,0.77,3.552413606003014,3.1097621589910522,0.7455902805648184
RALA,ESM-2 650M + CaLM,5,0.44,3.054755457197932,3.2071941893996696,0.45203169989066594
RALA,ESM-1b 650M + CaLM,1,0.65,4.05091206774023,2.642048553768363,0.5477668152041549
RALA,ESM-1b 650M + CaLM,2,0.0,5.022961736218375,3.37615806421711,0.0
RALA,ESM-1b 650M + CaLM,3,0.65,4.534720637756495,2.9170104318485657,0.5443419497853098
RALA,ESM-1b 650M + CaLM,4,0.65,4.389569040948532,3.1201239764637916,0.5689775721492083
RALA,ESM-1b 650M + CaLM,5,0.12,4.527254379686919,3.2198978586976477,0.08841072994664312
RARS1,ESM-2 650M + CaLM,1,0.0,3.4147930569808493,3.414784110655983,0.0
RARS1,ESM-2 650M + CaLM,2,0.0,3.2607096911695783,3.152405427350971,0.0
RARS1,ESM-2 650M + CaLM,3,0.0,2.8109466708684057,2.335668174334336,0.0
RARS1,ESM-2 650M + CaLM,4,0.0,2.96059585220084,2.93150750044429,0.0
RARS1,ESM-2 650M + CaLM,5,0.0,2.999757353576409,3.213183498547623,0.0
RARS1,ESM-1b 650M + CaLM,1,0.88,3.8208378719900695,3.0373108639405917,0.8535766132651327
RARS1,ESM-1b 650M + CaLM,2,0.88,3.789258523188632,2.7275086408529514,0.8407271511962696
RARS1,ESM-1b 650M + CaLM,3,0.71,4.1556341698659915,2.9142015278190807,0.6319321805900844
RARS1,ESM-1b 650M + CaLM,4,0.5,4.12403591367731,3.0891691685041787,0.42826581711023826
RARS1,ESM-1b 650M + CaLM,5,0.88,3.60540603915229,3.2395811823683243,0.8682347074040447
RARS2,ESM-2 650M + CaLM,1,0.0,3.2828379436157227,2.7828453578216488,0.0
RARS2,ESM-2 650M + CaLM,2,0.0,3.1835851563055,2.913022908313009,0.0
RARS2,ESM-2 650M + CaLM,3,0.0,3.142341961521998,2.5668540445463877,0.0
RARS2,ESM-2 650M + CaLM,4,0.0,3.505383631052505,2.821205727780582,0.0
RARS2,ESM-2 650M + CaLM,5,0.0,3.507289226971265,2.44850357764135,0.0
RARS2,ESM-1b 650M + CaLM,1,0.0,3.631074684822348,2.8086869064757964,0.0
RARS2,ESM-1b 650M + CaLM,2,0.0,3.7293672777911944,2.9025633145711076,0.0
RARS2,ESM-1b 650M + CaLM,3,0.11,3.498393072979207,2.6208831108208006,0.08474674175311601
RARS2,ESM-1b 650M + CaLM,4,0.11,3.5950424706459247,2.8304973135892615,0.08868123137761168
RARS2,ESM-1b 650M + CaLM,5,0.11,3.316272924608302,2.3740214729341744,0.08128628161956665
RB1,ESM-2 650M + CaLM,1,0.47,3.9825271140019387,1.0980631314522327,0.19646869419016907
RB1,ESM-2 650M + CaLM,2,0.52,3.541482384357403,1.0212807893280686,0.23804184370844853
RB1,ESM-2 650M + CaLM,3,0.4,3.893580480874873,1.052958915595837,0.15275040815661892
RB1,ESM-2 650M + CaLM,4,0.32,3.6999069326870115,1.103364404533467,0.12306551752017993
RB1,ESM-2 650M + CaLM,5,0.01,3.8033621783437686,1.1012025622032968,0.0029160573265002146
RB1,ESM-1b 650M + CaLM,1,0.1,5.027902485485038,1.0921011752914267,0.023565498723649804
RB1,ESM-1b 650M + CaLM,2,0.61,4.795875043011505,1.0543566448352206,0.2558762925948513
RB1,ESM-1b 650M + CaLM,3,0.15,4.770041117716069,1.0221380860344236,0.03643678043775185
RB1,ESM-1b 650M + CaLM,4,0.43,4.517091569463154,1.0360720653649724,0.147507828369716
RB1,ESM-1b 650M + CaLM,5,0.61,4.558088163277476,1.1735896026127985,0.28709725825761345
RHO,ESM-2 650M + CaLM,1,0.0,2.4347640826541523,3.167716728270781,0.0
RHO,ESM-2 650M + CaLM,2,0.0,2.6824740130341813,3.3344820575986116,0.0
RHO,ESM-2 650M + CaLM,3,0.0,2.7098057303457006,3.0409412934346647,0.0
RHO,ESM-2 650M + CaLM,4,0.0,2.7165927430588437,3.402892989230312,0.0
RHO,ESM-2 650M + CaLM,5,0.0,2.4863338346397628,2.956889180264979,0.0
RHO,ESM-1b 650M + CaLM,1,0.37,3.1784864869946565,3.3102149316360334,0.37951464209087704
RHO,ESM-1b 650M + CaLM,2,0.36,2.9673148383818533,2.990950771929079,0.36182998708996844
RHO,ESM-1b 650M + CaLM,3,0.0,3.0818814247157116,3.189757399947437,0.0
RHO,ESM-1b 650M + CaLM,4,0.37,3.071808981882771,3.240522005369392,0.382547570099944
RHO,ESM-1b 650M + CaLM,5,0.37,3.1464664073130044,3.176850768507613,0.3722429538138706
RHOBTB2,ESM-2 650M + CaLM,1,0.4,3.086268727735387,1.9973885381350867,0.30141109751688483
RHOBTB2,ESM-2 650M + CaLM,2,0.1,2.9461752901070546,1.8903831347913362,0.06654881880993402
RHOBTB2,ESM-2 650M + CaLM,3,0.44,3.105482148881847,1.829128390775877,0.3163727994246295
RHOBTB2,ESM-2 650M + CaLM,4,0.09,3.0969318542181195,1.8310707438859593,0.05524509768577203
RHOBTB2,ESM-2 650M + CaLM,5,0.11,2.714761385005504,2.013989873972629,0.08399016504057848
RHOBTB2,ESM-1b 650M + CaLM,1,0.05,3.264000122546074,1.7418614373995214,0.027319946662556605
RHOBTB2,ESM-1b 650M + CaLM,2,0.61,3.452079372335482,1.9391152251291621,0.46768691159916825
RHOBTB2,ESM-1b 650M + CaLM,3,0.56,3.556421101197503,1.9990707399479324,0.4170463701163509
RHOBTB2,ESM-1b 650M + CaLM,4,0.11,3.3754927611546304,1.9178798905512038,0.06561635917942144
RHOBTB2,ESM-1b 650M + CaLM,5,0.56,3.2450697293081485,1.9767899399739488,0.4367160857291346
RLIM,ESM-2 650M + CaLM,1,0.8,2.154015777020595,2.2671477980775454,0.8080645804573656
RLIM,ESM-2 650M + CaLM,2,0.8,2.02254470334212,2.258721329704851,0.8170872707954293
RLIM,ESM-2 650M + CaLM,3,0.65,2.151674302563354,2.0195046755379673,0.6354443249600071
RLIM,ESM-2 650M + CaLM,4,0.67,2.200820247204718,2.0871232523142793,0.6581681757892645
RLIM,ESM-2 650M + CaLM,5,0.8,2.011705144593345,2.1558555958393018,0.8108433453847815
RLIM,ESM-1b 650M + CaLM,1,0.0,4.207836112893123,2.199437452760591,0.0
RLIM,ESM-1b 650M + CaLM,2,0.0,3.8339710574617394,2.313264081776511,0.0
RLIM,ESM-1b 650M + CaLM,3,0.0,4.228786069882956,1.9999912413140257,0.0
RLIM,ESM-1b 650M + CaLM,4,0.0,4.242577451308693,2.3405852730419032,0.0
RLIM,ESM-1b 650M + CaLM,5,0.0,4.223515162436138,1.971262927824734,0.0
ROBO4,ESM-2 650M + CaLM,1,1.0,1.9071978684113844,1.4860434931392945,1.0
ROBO4,ESM-2 650M + CaLM,2,0.68,1.381842294275788,1.3658318315565299,0.6774587960719043
ROBO4,ESM-2 650M + CaLM,3,1.0,2.132048335044733,1.5426084247954188,1.0
ROBO4,ESM-2 650M + CaLM,4,0.89,2.10538485847345,1.6655255257635464,0.8648748607822428
ROBO4,ESM-2 650M + CaLM,5,0.32,2.0251041370943548,1.5535160070770746,0.2652471456432886
ROBO4,ESM-1b 650M + CaLM,1,1.0,3.2584006582419915,1.6202119639352695,1.0
ROBO4,ESM-1b 650M + CaLM,2,1.0,3.1727218451709027,1.4718610508601873,1.0
ROBO4,ESM-1b 650M + CaLM,3,0.96,3.2469758469460808,1.553409020238012,0.9198847125693985
ROBO4,ESM-1b 650M + CaLM,4,1.0,1.9609178617850542,1.3516007630042226,1.0
ROBO4,ESM-1b 650M + CaLM,5,0.14,3.116613633838644,1.5713739446530526,0.07585210613598174
ROR2,ESM-2 650M + CaLM,1,0.54,3.1129271575521895,2.37302234303313,0.472264388467225
ROR2,ESM-2 650M + CaLM,2,0.0,3.0897785628883963,2.1738250071926912,0.0
ROR2,ESM-2 650M + CaLM,3,0.48,3.0794286351203124,1.7589115714390187,0.34522583633307724
ROR2,ESM-2 650M + CaLM,4,0.0,3.136413602329248,2.0276701478562775,0.0
ROR2,ESM-2 650M + CaLM,5,0.54,3.1703328064767407,2.246795749724952,0.4541321127910921
ROR2,ESM-1b 650M + CaLM,1,0.33,4.190660284638705,2.3132099207516963,0.21376016298403847
ROR2,ESM-1b 650M + CaLM,2,0.18,4.223847200941716,1.9712809805024676,0.09292686577010635
ROR2,ESM-1b 650M + CaLM,3,0.63,3.94140372923227,2.29883079246299,0.4982701369049805
ROR2,ESM-1b 650M + CaLM,4,0.0,4.458462172831887,1.8402841271148058,0.0
ROR2,ESM-1b 650M + CaLM,5,0.33,4.463928868451435,2.195040597718138,0.19497314491984735
RP2,ESM-2 650M + CaLM,1,0.0,4.642500726886239,2.7800990784071233,0.0
RP2,ESM-2 650M + CaLM,2,0.0,4.510615178231689,2.7158453609296536,0.0
RP2,ESM-2 650M + CaLM,3,0.0,4.87282009696023,2.8480567807890815,0.0
RP2,ESM-2 650M + CaLM,4,0.0,4.3528918777681405,2.1291042091435144,0.0
RP2,ESM-2 650M + CaLM,5,0.0,4.789354079985549,2.4551819337263674,0.0
RP2,ESM-1b 650M + CaLM,1,0.0,4.391452674516313,2.664452813242409,0.0
RP2,ESM-1b 650M + CaLM,2,0.0,4.235415702384023,2.9019913255106524,0.0
RP2,ESM-1b 650M + CaLM,3,0.0,4.182693322257999,2.2447652296220215,0.0
RP2,ESM-1b 650M + CaLM,4,0.0,4.134357588488904,2.4070373108125196,0.0
RP2,ESM-1b 650M + CaLM,5,0.0,3.989679472370879,2.747216605942738,0.0
RPE65,ESM-2 650M + CaLM,1,0.31,2.2881430673820673,2.628098899435498,0.34038047212875705
RPE65,ESM-2 650M + CaLM,2,0.56,2.2877285448142266,2.8367447182052294,0.6121265230648628
RPE65,ESM-2 650M + CaLM,3,0.47,2.3846176431619335,2.6437013811261814,0.4957493192897832
RPE65,ESM-2 650M + CaLM,4,0.41,2.4911345616486824,2.70682605891618,0.4302265540824391
RPE65,ESM-2 650M + CaLM,5,0.47,2.2481813265093207,2.550502072671195,0.5015060777336151
RPE65,ESM-1b 650M + CaLM,1,0.7000000000000001,3.538983400138881,2.6794065329142223,0.6385447873119233
RPE65,ESM-1b 650M + CaLM,2,0.47,3.440619216419704,2.5110801895648778,0.39291327156646205
RPE65,ESM-1b 650M + CaLM,3,0.99,3.514906060314289,2.771254590621432,0.9873504973129729
RPE65,ESM-1b 650M + CaLM,4,0.59,3.2455358948589104,2.719985404296136,0.5466914160667621
RPE65,ESM-1b 650M + CaLM,5,0.59,3.2618214081618557,2.667214219661531,0.5405890338659105
RPS6KA3,ESM-2 650M + CaLM,1,0.0,3.46083874270587,2.922192075268756,0.0
RPS6KA3,ESM-2 650M + CaLM,2,0.89,3.27263995103178,2.656596293831689,0.8678624521816507
RPS6KA3,ESM-2 650M + CaLM,3,0.0,3.3818531074247504,2.803504534185901,0.0
RPS6KA3,ESM-2 650M + CaLM,4,0.0,3.5703038253417825,2.8450117965539885,0.0
RPS6KA3,ESM-2 650M + CaLM,5,0.0,3.428311808933446,2.6578100905266586,0.0
RPS6KA3,ESM-1b 650M + CaLM,1,0.0,4.352862056681095,2.694092985136524,0.0
RPS6KA3,ESM-1b 650M + CaLM,2,0.0,4.684120525543295,2.720244767803578,0.0
RPS6KA3,ESM-1b 650M + CaLM,3,0.0,4.596195761541319,2.9455600425756203,0.0
RPS6KA3,ESM-1b 650M + CaLM,4,0.0,4.530155970732582,2.7971374133010314,0.0
RPS6KA3,ESM-1b 650M + CaLM,5,0.0,4.356917574789735,2.7195794527605,0.0
RS1,ESM-2 650M + CaLM,1,0.44,2.672429420656839,1.3251363191500278,0.2803684579777661
RS1,ESM-2 650M + CaLM,2,0.0,2.740488705268554,1.3397138237787836,0.0
RS1,ESM-2 650M + CaLM,3,0.72,2.538838958787603,1.3227476780826088,0.5725997143528818
RS1,ESM-2 650M + CaLM,4,0.44,2.539375465106114,1.2378935999454412,0.2769444710272176
RS1,ESM-2 650M + CaLM,5,0.02,2.6868594605898597,1.029714364041589,0.0077605451922263665
RS1,ESM-1b 650M + CaLM,1,0.55,2.838301465345504,1.3095796512771682,0.36058432903781656
RS1,ESM-1b 650M + CaLM,2,0.55,2.9604723813564306,1.3730359193744532,0.36177836028962046
RS1,ESM-1b 650M + CaLM,3,0.33,2.7212241075967114,1.1432873492107065,0.17145374771995728
RS1,ESM-1b 650M + CaLM,4,0.55,2.972099160980261,1.1615343236267188,0.3232543618271406
RS1,ESM-1b 650M + CaLM,5,0.67,2.8490706870837763,1.2775314517005534,0.47654768496045014
RUNX1,ESM-2 650M + CaLM,1,0.0,1.2483640600588377,1.1704574513362,0.0
RUNX1,ESM-2 650M + CaLM,2,0.27,1.2543869190064285,1.1922714661473404,0.26010762767779094
RUNX1,ESM-2 650M + CaLM,3,0.0,1.2163844431744824,1.1121310523701529,0.0
RUNX1,ESM-2 650M + CaLM,4,0.0,1.2121190419946244,1.163242922071135,0.0
RUNX1,ESM-2 650M + CaLM,5,0.0,0.8916030877623019,1.1114565310627837,0.0
RUNX1,ESM-1b 650M + CaLM,1,0.0,5.233036514232364,1.0906064039678562,0.0
RUNX1,ESM-1b 650M + CaLM,2,0.0,4.722136150201497,1.1910948212275339,0.0
RUNX1,ESM-1b 650M + CaLM,3,0.0,5.121458235637566,1.1798860496645485,0.0
RUNX1,ESM-1b 650M + CaLM,4,0.0,4.891915262454311,1.1941972879272043,0.0
RUNX1,ESM-1b 650M + CaLM,5,0.0,5.163711070464235,1.0767460122963968,0.0
SATB2,ESM-2 650M + CaLM,1,0.1,3.9126173101325548,1.8131535395707894,0.048968800423869266
SATB2,ESM-2 650M + CaLM,2,0.5,3.8935183010287884,1.7234596075479802,0.3068304051750616
SATB2,ESM-2 650M + CaLM,3,0.49,3.6831837537849905,1.7858740192707327,0.3178055707124629
SATB2,ESM-2 650M + CaLM,4,0.28,3.790715826078467,1.908727078886143,0.16375093439085447
SATB2,ESM-2 650M + CaLM,5,0.51,3.7098571375490934,1.895597517489293,0.3471809361899892
SATB2,ESM-1b 650M + CaLM,1,0.61,5.164350720254667,1.8872182833047058,0.3636948083667619
SATB2,ESM-1b 650M + CaLM,2,0.02,5.266456365970849,1.7719763100492671,0.006819796185567113
SATB2,ESM-1b 650M + CaLM,3,0.24,5.305857939276286,1.9311994621777904,0.10309031720612101
SATB2,ESM-1b 650M + CaLM,4,0.2,5.028898140118646,1.82806541329741,0.08330723234395983
SATB2,ESM-1b 650M + CaLM,5,0.4,5.144789955093776,1.7036951451014035,0.18084246174904434
SCNN1B,ESM-2 650M + CaLM,1,0.01,3.2214198300635073,1.71912685436225,0.005361553506360742
SCNN1B,ESM-2 650M + CaLM,2,0.01,3.1404199476867456,1.8690448671638153,0.005975768660839529
SCNN1B,ESM-2 650M + CaLM,3,0.0,3.242671212033066,1.8472315554094467,0.0
SCNN1B,ESM-2 650M + CaLM,4,0.0,3.1140520347845113,1.5729117937315829,0.0
SCNN1B,ESM-2 650M + CaLM,5,0.01,2.9938739046547367,1.7581989921934749,0.005896994383991264
SCNN1B,ESM-1b 650M + CaLM,1,0.02,3.1437821878486143,1.8791943574251775,0.012051948844222485
SCNN1B,ESM-1b 650M + CaLM,2,0.34,2.7754294422519425,1.8539809166417118,0.2560188673952199
SCNN1B,ESM-1b 650M + CaLM,3,0.1,2.854680730049054,1.5318753992104945,0.05626929504773605
SCNN1B,ESM-1b 650M + CaLM,4,0.84,3.37466105252309,1.7814088433137634,0.7348435757560348
SCNN1B,ESM-1b 650M + CaLM,5,0.02,2.867138234323801,1.7396948146786106,0.012231605978104276
SEC23B,ESM-2 650M + CaLM,1,0.5700000000000001,3.3287672318441546,0.6344805275827168,0.20170055669166806
SEC23B,ESM-2 650M + CaLM,2,0.15,3.0484886571436047,1.2346076469389589,0.0667017407812772
SEC23B,ESM-2 650M + CaLM,3,0.15,1.862489754543177,1.2822010600550138,0.1083277724136236
SEC23B,ESM-2 650M + CaLM,4,0.15,3.0889060924223477,1.2885960878041296,0.06857007484080455
SEC23B,ESM-2 650M + CaLM,5,0.0,2.9803065496313277,1.1844366183231247,0.0
SEC23B,ESM-1b 650M + CaLM,1,0.0,2.7900766118359352,0.7911977839400814,0.0
SEC23B,ESM-1b 650M + CaLM,2,0.14,1.6076048346065483,1.2722718894976148,0.11413009074348134
SEC23B,ESM-1b 650M + CaLM,3,0.14,2.3547212453840487,1.283489573588473,0.08150068587349543
SEC23B,ESM-1b 650M + CaLM,4,0.08,2.6176870622282777,0.9854093394319419,0.031696591855349954
SEC23B,ESM-1b 650M + CaLM,5,0.14,2.474813063715547,1.287372811682264,0.07807087596073167
SELENON,ESM-2 650M + CaLM,1,0.0,3.3855182592562176,2.035536169262343,0.0
SELENON,ESM-2 650M + CaLM,2,0.0,3.4247179400303063,1.9636051720497547,0.0
SELENON,ESM-2 650M + CaLM,3,0.0,2.6046163450736954,1.8018437089894717,0.0
SELENON,ESM-2 650M + CaLM,4,0.0,3.4198456417902814,1.551329550171591,0.0
SELENON,ESM-2 650M + CaLM,5,0.0,3.376505806569745,1.5117930283995338,0.0
SELENON,ESM-1b 650M + CaLM,1,0.92,2.6703470705661747,1.7820561840925284,0.8847199164264925
SELENON,ESM-1b 650M + CaLM,2,0.0,2.1505341910870044,1.5681994236551038,0.0
SELENON,ESM-1b 650M + CaLM,3,0.15,2.1879773217050587,2.044359687248972,0.14154774958531213
SELENON,ESM-1b 650M + CaLM,4,0.0,2.4980589545141765,1.7425413591287173,0.0
SELENON,ESM-1b 650M + CaLM,5,0.0,2.3891959615618252,1.7139663186049197,0.0
SERAC1,ESM-2 650M + CaLM,1,0.0,4.577022238338854,2.5115391647292418,0.0
SERAC1,ESM-2 650M + CaLM,2,0.0,4.995864242095388,1.8851627752686715,0.0
SERAC1,ESM-2 650M + CaLM,3,0.0,4.259207301976351,2.445491728324396,0.0
SERAC1,ESM-2 650M + CaLM,4,0.0,4.535512246491411,2.4201266105477854,0.0
SERAC1,ESM-2 650M + CaLM,5,0.0,4.5607198420899255,2.1895649558447534,0.0
SERAC1,ESM-1b 650M + CaLM,1,0.0,6.120243444935057,2.1371984260101207,0.0
SERAC1,ESM-1b 650M + CaLM,2,0.0,5.388803035823101,2.6353630830811245,0.0
SERAC1,ESM-1b 650M + CaLM,3,0.0,6.237018040345615,2.3336910764263634,0.0
SERAC1,ESM-1b 650M + CaLM,4,0.0,5.685211153903831,1.9432050397728673,0.0
SERAC1,ESM-1b 650M + CaLM,5,0.0,6.139979855933574,2.4591878197419996,0.0
SERPINA1,ESM-2 650M + CaLM,1,0.25,3.1058873385576113,2.6581476720203394,0.22195974563222723
SERPINA1,ESM-2 650M + CaLM,2,0.25,3.0717032872237624,2.5451567499302117,0.21641998723221254
SERPINA1,ESM-2 650M + CaLM,3,0.11,3.197165866643921,2.9013276785317874,0.10084802438666306
SERPINA1,ESM-2 650M + CaLM,4,0.24,3.1341069708256915,2.676564042919642,0.21240487980905823
SERPINA1,ESM-2 650M + CaLM,5,0.17,3.1549621160484933,2.992557681936586,0.16267263305458152
SERPINA1,ESM-1b 650M + CaLM,1,0.65,3.0293198178477487,2.9321827102096822,0.642549782282842
SERPINA1,ESM-1b 650M + CaLM,2,0.27,3.0186549375949334,2.795801219766938,0.2551530509059478
SERPINA1,ESM-1b 650M + CaLM,3,0.48,2.580080110473532,2.65112359180252,0.48678317724179254
SERPINA1,ESM-1b 650M + CaLM,4,0.65,2.7181244246209757,2.625191002432708,0.6420449212697605
SERPINA1,ESM-1b 650M + CaLM,5,0.65,2.9471211206511034,2.7606688714922223,0.6349897452051837
SERPINC1,ESM-2 650M + CaLM,1,0.44,2.8465227169143,3.052784923736086,0.4573027565792889
SERPINC1,ESM-2 650M + CaLM,2,0.62,2.88975914068487,3.094648052297899,0.6360010552015851
SERPINC1,ESM-2 650M + CaLM,3,0.44,2.649484033667764,2.981656021172984,0.4692767259965916
SERPINC1,ESM-2 650M + CaLM,4,0.46,2.7936639723234604,3.0784487782067935,0.484187572317475
SERPINC1,ESM-2 650M + CaLM,5,0.46,2.6197256963616216,2.8355252916882234,0.4797148758457136
SERPINC1,ESM-1b 650M + CaLM,1,0.0,2.6519113587298597,2.75842740820412,0.0
SERPINC1,ESM-1b 650M + CaLM,2,0.31,2.8261565045282526,3.101608581051747,0.33023639195469473
SERPINC1,ESM-1b 650M + CaLM,3,0.14,2.7353344805098163,3.1418004013940046,0.1575266101649931
SERPINC1,ESM-1b 650M + CaLM,4,0.28,2.766818695403407,3.0125719549956567,0.29747190711807464
SERPINC1,ESM-1b 650M + CaLM,5,0.28,2.8611565207233305,3.0548866412993596,0.2933964394324732
SERPING1,ESM-2 650M + CaLM,1,0.0,3.291648078909454,2.5321725206487398,0.0
SERPING1,ESM-2 650M + CaLM,2,0.01,3.379964771792612,2.601544457084603,0.007714724654052372
SERPING1,ESM-2 650M + CaLM,3,0.01,3.2896840595918704,2.526650796962904,0.007698383412202445
SERPING1,ESM-2 650M + CaLM,4,0.05,3.3321788757085016,2.4794137757624295,0.03768632252406083
SERPING1,ESM-2 650M + CaLM,5,0.22,3.3136380676747983,2.5646195725230245,0.17918147560369005
SERPING1,ESM-1b 650M + CaLM,1,0.07,3.9194780001167238,2.6202453372472685,0.0479079676812418
SERPING1,ESM-1b 650M + CaLM,2,0.1,3.9842472778013813,2.419871030190333,0.06321816520495804
SERPING1,ESM-1b 650M + CaLM,3,0.1,3.9010096334047626,2.543031931233177,0.06754020819110727
SERPING1,ESM-1b 650M + CaLM,4,0.14,4.021315708955923,2.51400279891627,0.09237097863947602
SERPING1,ESM-1b 650M + CaLM,5,0.0,3.7967266729161127,2.5991902847798936,0.0
SGSH,ESM-2 650M + CaLM,1,0.8200000000000001,2.917860614596569,2.291130021537462,0.781519265569908
SGSH,ESM-2 650M + CaLM,2,0.8200000000000001,2.979409415460728,2.3895218571568053,0.7851130555873139
SGSH,ESM-2 650M + CaLM,3,0.71,2.557662205981958,2.213275587188029,0.6793451461806028
SGSH,ESM-2 650M + CaLM,4,0.21,2.9348801097615955,2.4293440446725376,0.18035107530951422
SGSH,ESM-2 650M + CaLM,5,0.41,2.4832810258448554,2.2625967721713387,0.3876899405659589
SGSH,ESM-1b 650M + CaLM,1,0.08,3.2973897741437774,2.3567024572920405,0.05851282113925278
SGSH,ESM-1b 650M + CaLM,2,0.08,4.181013046441515,2.2148115205633925,0.044035135914228814
SGSH,ESM-1b 650M + CaLM,3,0.08,4.218765546353044,2.3528000911427673,0.04625249981228507
SGSH,ESM-1b 650M + CaLM,4,0.07,4.37520120432701,2.3533619225608344,0.038910741524214414
SGSH,ESM-1b 650M + CaLM,5,0.01,3.9375490718528408,2.3113176490483136,0.005894283667354965
SH3BP2,ESM-2 650M + CaLM,1,0.98,2.372870960481847,1.3890402821835688,0.9663115993335294
SH3BP2,ESM-2 650M + CaLM,2,0.93,2.467581830285901,1.4190870279628953,0.8842660970168624
SH3BP2,ESM-2 650M + CaLM,3,0.98,2.174133718038813,1.0393586538327797,0.9590579499630222
SH3BP2,ESM-2 650M + CaLM,4,0.97,2.278962547786018,1.4536149404780272,0.953754047935859
SH3BP2,ESM-2 650M + CaLM,5,0.98,2.4064749403274486,1.3834899555276952,0.9657185009252482
SH3BP2,ESM-1b 650M + CaLM,1,0.98,2.663973120397356,1.5010807742808043,0.9650474890114019
SH3BP2,ESM-1b 650M + CaLM,2,0.94,2.5203291469510676,1.3263603553061574,0.8918312496922981
SH3BP2,ESM-1b 650M + CaLM,3,0.98,1.9193819891552397,1.3470356126137972,0.971742264881065
SH3BP2,ESM-1b 650M + CaLM,4,0.97,2.364359896034489,1.2080324287482949,0.9429230491985562
SH3BP2,ESM-1b 650M + CaLM,5,0.98,2.604150099644296,1.3564000533397043,0.9622957169251691
SKI,ESM-2 650M + CaLM,1,0.0,4.1084786624812475,1.130122834135243,0.0
SKI,ESM-2 650M + CaLM,2,0.0,4.203330800474618,1.1176977384182907,0.0
SKI,ESM-2 650M + CaLM,3,0.0,3.7377845897113287,1.1707081732326734,0.0
SKI,ESM-2 650M + CaLM,4,0.0,4.081843207415196,1.1249174340979042,0.0
SKI,ESM-2 650M + CaLM,5,0.0,4.050526972924812,1.053835072862264,0.0
SKI,ESM-1b 650M + CaLM,1,0.0,2.928008048021273,1.088226813565734,0.0
SKI,ESM-1b 650M + CaLM,2,0.0,3.0059720975024753,1.0369179144833247,0.0
SKI,ESM-1b 650M + CaLM,3,0.0,3.2354980724956235,1.16879736311282,0.0
SKI,ESM-1b 650M + CaLM,4,0.14,2.8706202304334183,1.2027445636476266,0.06385162214337048
SKI,ESM-1b 650M + CaLM,5,0.14,2.561095583040163,1.0946275483122017,0.06505157632009706
SLC12A3,ESM-2 650M + CaLM,1,0.18,3.392752235171623,3.0064681239170516,0.16284329173750828
SLC12A3,ESM-2 650M + CaLM,2,0.0,3.253023413977951,2.928328363227512,0.0
SLC12A3,ESM-2 650M + CaLM,3,0.0,3.0926549760927595,2.885809065655706,0.0
SLC12A3,ESM-2 650M + CaLM,4,0.0,3.3760758701822797,2.9512823976233626,0.0
SLC12A3,ESM-2 650M + CaLM,5,0.0,3.1932759233220294,2.6948475293185523,0.0
SLC12A3,ESM-1b 650M + CaLM,1,0.0,4.159111712527059,2.8365632049288507,0.0
SLC12A3,ESM-1b 650M + CaLM,2,0.13,3.633390081169679,2.927741828366725,0.10746567658978609
SLC12A3,ESM-1b 650M + CaLM,3,0.49,3.932265574885811,2.8810890279697725,0.4131271627259248
SLC12A3,ESM-1b 650M + CaLM,4,0.5,3.9760811113290364,2.9020127861880516,0.42192107718035726
SLC12A3,ESM-1b 650M + CaLM,5,0.1,3.912629608329796,2.9309975219988313,0.07683899174552658
SLC16A2,ESM-2 650M + CaLM,1,0.03,3.893334049646978,2.6819740150823868,0.0208606070237398
SLC16A2,ESM-2 650M + CaLM,2,0.0,3.954430568957785,2.9907125676311734,0.0
SLC16A2,ESM-2 650M + CaLM,3,0.03,3.8980546977482193,2.908936255043426,0.022559330219081918
SLC16A2,ESM-2 650M + CaLM,4,0.34,3.9386319921613007,2.7541923811981786,0.2648319931040679
SLC16A2,ESM-2 650M + CaLM,5,0.0,3.886796557194283,2.6961435072723114,0.0
SLC16A2,ESM-1b 650M + CaLM,1,0.0,5.244580253898243,2.7901125892697696,0.0
SLC16A2,ESM-1b 650M + CaLM,2,0.0,4.751809695303112,2.814482137941199,0.0
SLC16A2,ESM-1b 650M + CaLM,3,0.0,5.086154189146462,2.8380365860030548,0.0
SLC16A2,ESM-1b 650M + CaLM,4,0.0,5.0631068103676276,2.9790077506476327,0.0
SLC16A2,ESM-1b 650M + CaLM,5,0.0,4.763111989910725,2.5116536095855375,0.0
SLC19A3,ESM-2 650M + CaLM,1,0.0,4.206365048636656,1.9026799453161982,0.0
SLC19A3,ESM-2 650M + CaLM,2,0.0,3.3816607623252875,1.8469377663117466,0.0
SLC19A3,ESM-2 650M + CaLM,3,0.0,4.023476268761606,2.1242780406745307,0.0
SLC19A3,ESM-2 650M + CaLM,4,0.0,4.1261370347847155,1.985904926629747,0.0
SLC19A3,ESM-2 650M + CaLM,5,0.0,3.933216367861599,1.9774951917852437,0.0
SLC19A3,ESM-1b 650M + CaLM,1,0.2,5.5049265556256035,1.9038352653943411,0.07957999305234627
SLC19A3,ESM-1b 650M + CaLM,2,0.2,4.863216779865684,2.0950701285178517,0.09722833811919497
SLC19A3,ESM-1b 650M + CaLM,3,0.0,5.863549751452667,1.994282787204408,0.0
SLC19A3,ESM-1b 650M + CaLM,4,0.2,4.881256462428871,1.7993590224833362,0.08438034828517887
SLC19A3,ESM-1b 650M + CaLM,5,0.2,5.193415859184562,2.054715320837967,0.09000706281676069
SLC1A2,ESM-2 650M + CaLM,1,0.1,3.3687284488665945,2.7411095640309107,0.08291401361643926
SLC1A2,ESM-2 650M + CaLM,2,0.0,3.550113030036094,2.7344673984694725,0.0
SLC1A2,ESM-2 650M + CaLM,3,0.43,3.6144113629158565,2.86799226308489,0.3744511811358713
SLC1A2,ESM-2 650M + CaLM,4,0.1,3.2346174029307666,2.649007611707739,0.08340555891419801
SLC1A2,ESM-2 650M + CaLM,5,0.0,3.283919951939563,2.6271713193054906,0.0
SLC1A2,ESM-1b 650M + CaLM,1,0.88,4.180812068622487,2.807952766581662,0.8312314922178774
SLC1A2,ESM-1b 650M + CaLM,2,0.93,3.963564060819019,2.5888643675454763,0.8966704510802433
SLC1A2,ESM-1b 650M + CaLM,3,0.0,4.0812002649150605,2.7908965893497766,0.0
SLC1A2,ESM-1b 650M + CaLM,4,0.88,3.8852841913863845,2.6759754938742253,0.8347327864094009
SLC1A2,ESM-1b 650M + CaLM,5,0.35,4.272637159242059,2.7329848069343488,0.25618812688732473
SLC20A2,ESM-2 650M + CaLM,1,0.0,5.720201652509586,3.4816616391608255,0.0
SLC20A2,ESM-2 650M + CaLM,2,0.0,6.1223919147963946,3.8357930571227556,0.0
SLC20A2,ESM-2 650M + CaLM,3,0.0,4.809276554653044,3.2889688399125996,0.0
SLC20A2,ESM-2 650M + CaLM,4,0.0,5.599033836464728,3.3401831505303297,0.0
SLC20A2,ESM-2 650M + CaLM,5,0.0,6.024350308064741,3.964746812325582,0.0
SLC20A2,ESM-1b 650M + CaLM,1,0.0,6.504616594288631,3.6221814940450496,0.0
SLC20A2,ESM-1b 650M + CaLM,2,0.0,5.756769181811556,3.4853075945157452,0.0
SLC20A2,ESM-1b 650M + CaLM,3,0.0,5.785285437556378,3.6377717203389803,0.0
SLC20A2,ESM-1b 650M + CaLM,4,0.0,6.087339547214888,3.6365034078279845,0.0
SLC20A2,ESM-1b 650M + CaLM,5,0.0,5.744016353764969,3.5315210450489123,0.0
SLC22A5,ESM-2 650M + CaLM,1,0.0,3.84492692306756,2.8757765401245057,0.0
SLC22A5,ESM-2 650M + CaLM,2,0.0,3.7624779232022725,2.558597860398896,0.0
SLC22A5,ESM-2 650M + CaLM,3,0.0,3.79385912180227,2.8198373942464587,0.0
SLC22A5,ESM-2 650M + CaLM,4,0.0,3.4716542149115854,2.627030731847308,0.0
SLC22A5,ESM-2 650M + CaLM,5,0.1,3.9080309693487227,2.755958355851857,0.07266244276103742
SLC22A5,ESM-1b 650M + CaLM,1,0.18,3.9982846204154145,2.7756490344836524,0.13223637589841564
SLC22A5,ESM-1b 650M + CaLM,2,0.18,4.033074820395739,2.672321100220627,0.12697997061239746
SLC22A5,ESM-1b 650M + CaLM,3,0.27,3.4598670047888214,2.6192433558433317,0.21874973183383886
SLC22A5,ESM-1b 650M + CaLM,4,0.18,3.6686574474962264,2.755009005677538,0.1415163284066195
SLC22A5,ESM-1b 650M + CaLM,5,0.18,3.945261064158192,2.8322111584463134,0.13613083497717288
SLC26A4,ESM-2 650M + CaLM,1,0.54,3.3298905817457234,2.774017263508373,0.4944251685682485
SLC26A4,ESM-2 650M + CaLM,2,0.03,3.284909343977742,2.7869653135963035,0.025568715691397098
SLC26A4,ESM-2 650M + CaLM,3,0.54,3.5303107876656803,2.699688060771449,0.4730493894518539
SLC26A4,ESM-2 650M + CaLM,4,0.44,3.4098156680862246,2.7876493288845934,0.39111647583114834
SLC26A4,ESM-2 650M + CaLM,5,0.43,3.356041185357728,2.8232276819055673,0.3882361830584271
SLC26A4,ESM-1b 650M + CaLM,1,0.0,4.052218659273502,2.8756066715487427,0.0
SLC26A4,ESM-1b 650M + CaLM,2,0.55,3.7811171717832472,2.6344274967532533,0.45991547586841874
SLC26A4,ESM-1b 650M + CaLM,3,0.65,3.9457184817421873,2.6844541489181117,0.5582062952070875
SLC26A4,ESM-1b 650M + CaLM,4,0.13,3.7805152625513094,2.795219117172425,0.09948960204997344
SLC26A4,ESM-1b 650M + CaLM,5,0.13,3.919588503783115,2.869182562646864,0.09859640765342886
SLC27A4,ESM-2 650M + CaLM,1,0.0,5.146419095426583,3.3024963580938604,0.0
SLC27A4,ESM-2 650M + CaLM,2,0.0,4.888573728849378,3.445705010074335,0.0
SLC27A4,ESM-2 650M + CaLM,3,0.0,5.203790962394184,3.4370924736317345,0.0
SLC27A4,ESM-2 650M + CaLM,4,0.0,4.428740665836072,3.101185183415959,0.0
SLC27A4,ESM-2 650M + CaLM,5,0.0,4.8203463387770595,3.3552870483381456,0.0
SLC27A4,ESM-1b 650M + CaLM,1,0.16,5.365417347493948,3.341483651096412,0.10604543426276912
SLC27A4,ESM-1b 650M + CaLM,2,0.0,5.77928327647507,3.1841458014525124,0.0
SLC27A4,ESM-1b 650M + CaLM,3,0.0,6.145394787787732,3.2012805959300117,0.0
SLC27A4,ESM-1b 650M + CaLM,4,0.16,5.568112594830671,3.3090801633882108,0.1016874681782706
SLC27A4,ESM-1b 650M + CaLM,5,0.16,6.3227730157447,3.611777693717656,0.09812923761629705
SLC29A3,ESM-2 650M + CaLM,1,0.0,3.399435452364202,2.0239557072990992,0.0
SLC29A3,ESM-2 650M + CaLM,2,0.0,3.7135123349189683,2.4668667048472916,0.0
SLC29A3,ESM-2 650M + CaLM,3,0.0,3.7318844811283203,2.337238203490897,0.0
SLC29A3,ESM-2 650M + CaLM,4,0.0,3.8246365322993556,2.4103275985052064,0.0
SLC29A3,ESM-2 650M + CaLM,5,0.0,3.4360442221309997,2.4247944380746844,0.0
SLC29A3,ESM-1b 650M + CaLM,1,0.0,4.716593164786885,2.3532583411256165,0.0
SLC29A3,ESM-1b 650M + CaLM,2,0.0,4.3942998274519915,2.320949776852188,0.0
SLC29A3,ESM-1b 650M + CaLM,3,0.0,4.22993634611554,2.525707917735127,0.0
SLC29A3,ESM-1b 650M + CaLM,4,0.0,4.350369010655809,2.2735490569912216,0.0
SLC29A3,ESM-1b 650M + CaLM,5,0.0,3.402880706694941,2.226278887336528,0.0
SLC2A1,ESM-2 650M + CaLM,1,0.43,3.1791628495957345,2.7798206847245606,0.3974545199598159
SLC2A1,ESM-2 650M + CaLM,2,0.17,3.180685590970433,2.492652095720987,0.13831253200340118
SLC2A1,ESM-2 650M + CaLM,3,0.17,3.2059014162099486,2.6524855524190443,0.14490633766433092
SLC2A1,ESM-2 650M + CaLM,4,0.12,3.08583968966061,2.661555153812294,0.10523705233754423
SLC2A1,ESM-2 650M + CaLM,5,0.22,3.1118136931258644,2.6657855968556996,0.19460306650355827
SLC2A1,ESM-1b 650M + CaLM,1,0.4,3.4228533261559826,2.6494870998637867,0.34038622553014963
SLC2A1,ESM-1b 650M + CaLM,2,0.34,3.4880843251611764,2.7532715098345,0.28907987362571036
SLC2A1,ESM-1b 650M + CaLM,3,0.4,3.5105553671351393,2.580596128297714,0.32888796539503884
SLC2A1,ESM-1b 650M + CaLM,4,0.55,3.654448322147759,2.7034971253663147,0.47483919976266337
SLC2A1,ESM-1b 650M + CaLM,5,0.19,3.2157698109624726,2.5251904217346652,0.1555444609901558
SLC2A10,ESM-2 650M + CaLM,1,0.0,4.87216823342692,2.7081315855804413,0.0
SLC2A10,ESM-2 650M + CaLM,2,0.0,4.951829980115301,2.6214942206116074,0.0
SLC2A10,ESM-2 650M + CaLM,3,0.0,4.755912672430211,2.225929192373098,0.0
SLC2A10,ESM-2 650M + CaLM,4,0.0,4.739490595392715,2.3779672892322528,0.0
SLC2A10,ESM-2 650M + CaLM,5,0.0,5.188073709768303,2.669808075577787,0.0
SLC2A10,ESM-1b 650M + CaLM,1,0.0,5.176966767008364,2.3495720747165305,0.0
SLC2A10,ESM-1b 650M + CaLM,2,0.0,4.998996864889482,2.6718850518123665,0.0
SLC2A10,ESM-1b 650M + CaLM,3,0.0,4.7645087574547365,2.2467523965410314,0.0
SLC2A10,ESM-1b 650M + CaLM,4,0.0,4.683315996893758,2.590173772156697,0.0
SLC2A10,ESM-1b 650M + CaLM,5,0.0,5.1020538259867125,2.6845875711110327,0.0
SLC34A3,ESM-2 650M + CaLM,1,0.0,4.175199913142483,3.193855970246324,0.0
SLC34A3,ESM-2 650M + CaLM,2,0.0,5.377354022038502,3.1616071704017026,0.0
SLC34A3,ESM-2 650M + CaLM,3,0.0,5.1745708843467755,2.65296978831565,0.0
SLC34A3,ESM-2 650M + CaLM,4,0.0,5.4805688630230005,3.2516597603126662,0.0
SLC34A3,ESM-2 650M + CaLM,5,0.0,4.939638441682851,2.919071361537426,0.0
SLC34A3,ESM-1b 650M + CaLM,1,0.0,4.6293949073264615,3.1073853881076845,0.0
SLC34A3,ESM-1b 650M + CaLM,2,0.56,4.317542264964073,2.7255477001734154,0.4455036301773837
SLC34A3,ESM-1b 650M + CaLM,3,0.56,5.361317331546201,2.9505765862237734,0.41191679820962085
SLC34A3,ESM-1b 650M + CaLM,4,0.56,5.323150896561655,3.248751109742172,0.4371756092199345
SLC34A3,ESM-1b 650M + CaLM,5,0.47,5.35765990151375,3.124178390588926,0.340851877344169
SLC35A2,ESM-2 650M + CaLM,1,0.0,3.8161546662306787,2.708881217447818,0.0
SLC35A2,ESM-2 650M + CaLM,2,0.0,3.5965005689907352,2.8795917849712906,0.0
SLC35A2,ESM-2 650M + CaLM,3,0.0,3.7054704069702673,3.164686887336613,0.0
SLC35A2,ESM-2 650M + CaLM,4,0.63,4.063947954933573,3.2643184977465554,0.5776449074667113
SLC35A2,ESM-2 650M + CaLM,5,0.0,4.040516333180435,3.1476292859756567,0.0
SLC35A2,ESM-1b 650M + CaLM,1,0.09,4.529079418851263,2.9752507787559446,0.061006662840629174
SLC35A2,ESM-1b 650M + CaLM,2,0.46,4.478024732201691,2.984168976396818,0.36211333511461447
SLC35A2,ESM-1b 650M + CaLM,3,0.46,4.782919674972964,3.223395874410956,0.36471478982253647
SLC35A2,ESM-1b 650M + CaLM,4,0.46,3.7360980394413836,2.927560476223301,0.4003000783819261
SLC35A2,ESM-1b 650M + CaLM,5,0.46,4.47644269984501,3.1052955998146436,0.37143573128759627
SLC40A1,ESM-2 650M + CaLM,1,0.66,4.0020653276913905,2.9994818317220426,0.5926480613902655
SLC40A1,ESM-2 650M + CaLM,2,0.66,4.127333514552581,3.266549980772028,0.6057296763570622
SLC40A1,ESM-2 650M + CaLM,3,0.73,3.810566517462029,3.317049535070983,0.7018076045475297
SLC40A1,ESM-2 650M + CaLM,4,0.66,3.964819517482122,2.878960070030309,0.584982932190034
SLC40A1,ESM-2 650M + CaLM,5,0.41,3.6003978670118624,2.720193381374912,0.3442736400454618
SLC40A1,ESM-1b 650M + CaLM,1,0.0,5.044556275897044,3.249706121407837,0.0
SLC40A1,ESM-1b 650M + CaLM,2,0.0,4.865734718190171,2.9059729636560365,0.0
SLC40A1,ESM-1b 650M + CaLM,3,0.0,5.136147371937723,3.250680009885472,0.0
SLC40A1,ESM-1b 650M + CaLM,4,0.0,5.065809703977902,3.206283569432085,0.0
SLC40A1,ESM-1b 650M + CaLM,5,0.0,5.007105497311324,2.482741054744504,0.0
SLC4A1,ESM-2 650M + CaLM,1,0.35,3.6352391030355884,2.769264888705826,0.29087623773284177
SLC4A1,ESM-2 650M + CaLM,2,0.0,3.362248217965387,2.8384146253275078,0.0
SLC4A1,ESM-2 650M + CaLM,3,0.95,3.3320073526384233,2.5168697859352407,0.9348613423689628
SLC4A1,ESM-2 650M + CaLM,4,0.96,3.323761620889032,2.441414245228891,0.9463196883497719
SLC4A1,ESM-2 650M + CaLM,5,0.96,3.6213952350740732,2.8081186739114465,0.949006099714115
SLC4A1,ESM-1b 650M + CaLM,1,0.0,3.088474293176439,2.656532037378759,0.0
SLC4A1,ESM-1b 650M + CaLM,2,0.0,3.7237179458714684,2.660647321296073,0.0
SLC4A1,ESM-1b 650M + CaLM,3,0.0,3.5187146280904784,2.787293407944223,0.0
SLC4A1,ESM-1b 650M + CaLM,4,0.0,3.4226774191273788,2.5773976436080814,0.0
SLC4A1,ESM-1b 650M + CaLM,5,0.0,3.3948518470454374,2.6703684172889073,0.0
SLC4A11,ESM-2 650M + CaLM,1,0.0,4.175068760422131,2.6615167890600224,0.0
SLC4A11,ESM-2 650M + CaLM,2,0.0,3.8167426798525455,2.4825334721338934,0.0
SLC4A11,ESM-2 650M + CaLM,3,0.0,4.267340456858371,2.8885516391921637,0.0
SLC4A11,ESM-2 650M + CaLM,4,0.0,4.036434867500286,2.6159450136535325,0.0
SLC4A11,ESM-2 650M + CaLM,5,0.0,3.90680758207528,2.8710603971110356,0.0
SLC4A11,ESM-1b 650M + CaLM,1,0.0,4.685612020937024,2.658040721732401,0.0
SLC4A11,ESM-1b 650M + CaLM,2,0.33,5.460873239866845,2.9148369677235655,0.20817194329795818
SLC4A11,ESM-1b 650M + CaLM,3,0.32,5.286921533155813,2.935250942351998,0.20714604049729204
SLC4A11,ESM-1b 650M + CaLM,4,0.33,4.687919462524963,2.4168673093383037,0.20250649517259417
SLC4A11,ESM-1b 650M + CaLM,5,0.33,4.946301993191291,2.6641702137057015,0.20966719540537987
SLC52A3,ESM-2 650M + CaLM,1,0.0,3.2817686358856974,1.9638438572464219,0.0
SLC52A3,ESM-2 650M + CaLM,2,0.0,4.0272232596129784,2.930561129942839,0.0
SLC52A3,ESM-2 650M + CaLM,3,0.0,4.112112437968825,2.7917262734677895,0.0
SLC52A3,ESM-2 650M + CaLM,4,0.0,4.080062187288674,3.0753633267573304,0.0
SLC52A3,ESM-2 650M + CaLM,5,0.0,4.312544790635503,2.9508055578892454,0.0
SLC52A3,ESM-1b 650M + CaLM,1,0.0,4.169003016494836,2.7455726627669677,0.0
SLC52A3,ESM-1b 650M + CaLM,2,0.0,4.542448639996195,3.0753633267573304,0.0
SLC52A3,ESM-1b 650M + CaLM,3,0.0,4.390133664084137,2.6200426604021434,0.0
SLC52A3,ESM-1b 650M + CaLM,4,0.0,4.472917591641956,2.41119537195294,0.0
SLC52A3,ESM-1b 650M + CaLM,5,0.0,4.433740443829108,2.9577906580710094,0.0
SLC6A1,ESM-2 650M + CaLM,1,0.75,3.4661596133609667,2.9730324720648125,0.720138257519441
SLC6A1,ESM-2 650M + CaLM,2,0.79,3.4245821367338243,2.7037884564012264,0.748117977429231
SLC6A1,ESM-2 650M + CaLM,3,0.81,3.3797594453492876,2.99395416265051,0.7906421731902772
SLC6A1,ESM-2 650M + CaLM,4,0.79,3.491740669305701,3.003979464882254,0.7639507658086517
SLC6A1,ESM-2 650M + CaLM,5,0.61,3.4707872001894113,3.083510045126608,0.5815158868172728
SLC6A1,ESM-1b 650M + CaLM,1,0.28,4.2348579892989955,2.9863356057192267,0.21521634249899807
SLC6A1,ESM-1b 650M + CaLM,2,0.28,4.206982005772027,3.0315844031836905,0.2188942601710906
SLC6A1,ESM-1b 650M + CaLM,3,0.29,4.509636449091222,2.9730531210011644,0.2121504962568513
SLC6A1,ESM-1b 650M + CaLM,4,0.28,4.453539117984309,3.0113015966403514,0.20820352648214852
SLC6A1,ESM-1b 650M + CaLM,5,0.25,4.28955454802071,2.7695485713743366,0.17710135488764617
SLC6A19,ESM-2 650M + CaLM,1,0.43,4.290509743310965,3.674792819522442,0.3925132799945437
SLC6A19,ESM-2 650M + CaLM,2,0.0,4.077676633061961,3.2122159668949255,0.0
SLC6A19,ESM-2 650M + CaLM,3,0.43,4.278286368180905,3.271790826853655,0.3658490474771444
SLC6A19,ESM-2 650M + CaLM,4,0.43,4.194462539894619,3.353599068620077,0.3762297196776863
SLC6A19,ESM-2 650M + CaLM,5,0.0,4.731476855288696,3.2474248671713855,0.0
SLC6A19,ESM-1b 650M + CaLM,1,0.41,6.277636995422784,3.441696180601719,0.2758793106546362
SLC6A19,ESM-1b 650M + CaLM,2,0.0,6.397978025440357,3.2034556599982116,0.0
SLC6A19,ESM-1b 650M + CaLM,3,0.41,5.881583608382146,3.263949685466519,0.27831134199735835
SLC6A19,ESM-1b 650M + CaLM,4,0.0,6.101900407504526,3.6354628253645256,0.0
SLC6A19,ESM-1b 650M + CaLM,5,0.41,6.432871721562477,3.221099482771062,0.25813900408967533
SLC6A5,ESM-2 650M + CaLM,1,0.17,3.746872271917967,3.3219915266387168,0.15368530478239895
SLC6A5,ESM-2 650M + CaLM,2,0.17,3.71307115046528,3.33710195133194,0.1554625978233402
SLC6A5,ESM-2 650M + CaLM,3,0.0,3.538784516959767,3.4560749417732364,0.0
SLC6A5,ESM-2 650M + CaLM,4,0.17,3.8623514574770024,3.616578475251036,0.16092319540442448
SLC6A5,ESM-2 650M + CaLM,5,0.08,3.8054800301962737,3.3071635728927644,0.07026026451273384
SLC6A5,ESM-1b 650M + CaLM,1,0.23,5.013633986841082,3.4287957299706457,0.16962840632533965
SLC6A5,ESM-1b 650M + CaLM,2,0.23,5.361925603218287,3.425385628494043,0.16024311276390668
SLC6A5,ESM-1b 650M + CaLM,3,0.23,5.3152209344959385,3.57375550342369,0.1672465177745661
SLC6A5,ESM-1b 650M + CaLM,4,0.0,5.184675147268669,3.449998620421666,0.0
SLC6A5,ESM-1b 650M + CaLM,5,0.23,4.657912980070731,3.1740637294822442,0.16912152646963682
SLC6A8,ESM-2 650M + CaLM,1,0.5700000000000001,3.2767126401722892,3.3302954110757224,0.573971008544806
SLC6A8,ESM-2 650M + CaLM,2,0.76,3.3933693975009667,3.330677786757576,0.7565822194017551
SLC6A8,ESM-2 650M + CaLM,3,0.45,3.1995292368169626,3.036291518088893,0.43707600721251605
SLC6A8,ESM-2 650M + CaLM,4,0.45,3.3277580473231776,3.3463424715885886,0.4513787404452544
SLC6A8,ESM-2 650M + CaLM,5,0.73,3.2279942959012438,3.0581330996917018,0.7192140177233496
SLC6A8,ESM-1b 650M + CaLM,1,0.23,4.207582958218842,3.283443945420229,0.1890328536199421
SLC6A8,ESM-1b 650M + CaLM,2,0.49,4.597214822634595,3.1885019734633566,0.39989448442103165
SLC6A8,ESM-1b 650M + CaLM,3,0.31,4.216262445701951,3.036378425620325,0.2444559675885692
SLC6A8,ESM-1b 650M + CaLM,4,0.49,4.626940905650606,3.263816642356866,0.4039570872602904
SLC6A8,ESM-1b 650M + CaLM,5,0.49,4.4604978955705,3.3401499607057263,0.4184231146158332
SLC9A6,ESM-2 650M + CaLM,1,0.0,3.8143679764337346,3.070987086874039,0.0
SLC9A6,ESM-2 650M + CaLM,2,0.0,3.6411687640558994,2.8064992364047847,0.0
SLC9A6,ESM-2 650M + CaLM,3,0.0,3.685548321182635,2.4577142305597275,0.0
SLC9A6,ESM-2 650M + CaLM,4,0.0,3.9087875198911197,3.0130732212242934,0.0
SLC9A6,ESM-2 650M + CaLM,5,0.0,3.620269896221516,2.838213055645684,0.0
SLC9A6,ESM-1b 650M + CaLM,1,0.48,4.0440070983134895,2.8878527367087536,0.3972909874787699
SLC9A6,ESM-1b 650M + CaLM,2,0.48,4.265921275884064,3.059425816273431,0.39831914275541935
SLC9A6,ESM-1b 650M + CaLM,3,0.0,4.037292190640878,3.0387216695370283,0.0
SLC9A6,ESM-1b 650M + CaLM,4,0.18,4.3471950239030335,2.4004776493483235,0.10810836208737007
SLC9A6,ESM-1b 650M + CaLM,5,0.48,4.0934406952896465,2.8104897729857807,0.3879185883957631
SLCO2A1,ESM-2 650M + CaLM,1,0.0,4.166212075179972,2.6322204189384344,0.0
SLCO2A1,ESM-2 650M + CaLM,2,0.0,4.307456947462282,3.319708889900193,0.0
SLCO2A1,ESM-2 650M + CaLM,3,0.0,4.169514905361008,3.201128370492312,0.0
SLCO2A1,ESM-2 650M + CaLM,4,0.0,4.188129874640943,3.2953433513754593,0.0
SLCO2A1,ESM-2 650M + CaLM,5,0.0,3.898068029917493,3.150179488055496,0.0
SLCO2A1,ESM-1b 650M + CaLM,1,0.0,4.6626511371720385,2.688558253707954,0.0
SLCO2A1,ESM-1b 650M + CaLM,2,0.0,5.156655049715076,3.2984237201162316,0.0
SLCO2A1,ESM-1b 650M + CaLM,3,0.0,5.147143265362023,3.467088149443057,0.0
SLCO2A1,ESM-1b 650M + CaLM,4,0.0,5.2147635515823065,3.200478775408363,0.0
SLCO2A1,ESM-1b 650M + CaLM,5,0.0,5.168879004848762,2.910099411388973,0.0
SMARCAL1,ESM-2 650M + CaLM,1,0.0,3.4805471245975768,2.7446325782544383,0.0
SMARCAL1,ESM-2 650M + CaLM,2,0.0,2.803368752719529,2.5439966150097133,0.0
SMARCAL1,ESM-2 650M + CaLM,3,0.0,3.5531128504499465,2.679595503540732,0.0
SMARCAL1,ESM-2 650M + CaLM,4,0.0,3.2822037060018188,2.252413807910964,0.0
SMARCAL1,ESM-2 650M + CaLM,5,0.0,3.3489379108323516,2.361560241940328,0.0
SMARCAL1,ESM-1b 650M + CaLM,1,0.0,4.6853152736195725,2.520123384595003,0.0
SMARCAL1,ESM-1b 650M + CaLM,2,0.0,5.113901039732758,2.6650544136040764,0.0
SMARCAL1,ESM-1b 650M + CaLM,3,0.0,5.14382318988646,2.72724445684712,0.0
SMARCAL1,ESM-1b 650M + CaLM,4,0.0,4.924282995404713,2.1146585843972527,0.0
SMARCAL1,ESM-1b 650M + CaLM,5,0.0,4.311198630332593,2.4986105672278907,0.0
SMPD1,ESM-2 650M + CaLM,1,0.0,2.881324434978147,2.4082484840234275,0.0
SMPD1,ESM-2 650M + CaLM,2,0.5,2.828700124072059,2.561708408952793,0.47523455657548813
SMPD1,ESM-2 650M + CaLM,3,0.26,2.980655758040522,2.513103953891556,0.228536529070586
SMPD1,ESM-2 650M + CaLM,4,0.26,2.6974371769545007,2.3275812700870695,0.23264407404159543
SMPD1,ESM-2 650M + CaLM,5,0.26,2.9011481898086124,2.485639230272609,0.23137822854032866
SMPD1,ESM-1b 650M + CaLM,1,0.18,3.0200252486646195,2.5250358366957295,0.1550725851053036
SMPD1,ESM-1b 650M + CaLM,2,0.19,2.753751099142465,2.395339371412558,0.16946139447288788
SMPD1,ESM-1b 650M + CaLM,3,0.19,3.0705710306658762,2.4074519344587366,0.1553417179099167
SMPD1,ESM-1b 650M + CaLM,4,0.0,2.8818571613380333,2.3987164337305735,0.0
SMPD1,ESM-1b 650M + CaLM,5,0.19,3.0485819893133157,2.5573622327987042,0.16441884290625028
SNAP25,ESM-2 650M + CaLM,1,0.14,3.295054071116895,3.276913388298761,0.13933663517840927
SNAP25,ESM-2 650M + CaLM,2,0.08,3.3006089395358567,3.5604817722270634,0.08575861010156176
SNAP25,ESM-2 650M + CaLM,3,0.14,2.480842109666562,3.5724393911418812,0.18990318674036263
SNAP25,ESM-2 650M + CaLM,4,0.11,3.371180728944586,3.349327821596228,0.10936493282662856
SNAP25,ESM-2 650M + CaLM,5,0.14,2.8599230526122636,3.036560604132261,0.1473725215099831
SNAP25,ESM-1b 650M + CaLM,1,0.49,5.5775277491200566,3.377245207593669,0.3677943916374453
SNAP25,ESM-1b 650M + CaLM,2,0.13,6.4365021862131755,3.58046470558057,0.07674257782515503
SNAP25,ESM-1b 650M + CaLM,3,0.49,5.521810683677512,3.4221849565445788,0.3732189715424221
SNAP25,ESM-1b 650M + CaLM,4,0.49,5.689972653793042,2.8405748756707614,0.3241632460222477
SNAP25,ESM-1b 650M + CaLM,5,0.49,6.309627834294374,3.4597348375881705,0.34504536342404835
SOX10,ESM-2 650M + CaLM,1,0.66,4.247099321362849,3.521141217143939,0.6167658103767163
SOX10,ESM-2 650M + CaLM,2,0.08,3.8188709835847,3.223247715931757,0.0683756822845744
SOX10,ESM-2 650M + CaLM,3,0.15,4.363807971909769,3.536669130148073,0.1251257687206079
SOX10,ESM-2 650M + CaLM,4,0.63,4.075480651888876,3.6374427457637672,0.6031264152598854
SOX10,ESM-2 650M + CaLM,5,0.66,4.201563566471022,3.5202170832571027,0.6192486009220176
SOX10,ESM-1b 650M + CaLM,1,0.15,4.670840290579604,3.4909981567416506,0.11652549497454617
SOX10,ESM-1b 650M + CaLM,2,0.15,5.2289197305597,3.5538252998135884,0.1070933470404831
SOX10,ESM-1b 650M + CaLM,3,0.06,4.888796052300411,3.555548577180071,0.0443630138967955
SOX10,ESM-1b 650M + CaLM,4,0.15,5.258825788177331,3.4579026168882394,0.10397231977944354
SOX10,ESM-1b 650M + CaLM,5,0.0,4.917682844053978,3.4037529135982303,0.0
SOX11,ESM-2 650M + CaLM,1,0.0,4.12339563245151,3.7137837964033173,0.0
SOX11,ESM-2 650M + CaLM,2,0.09,3.8344092115657262,3.6817884798115514,0.08672842015015257
SOX11,ESM-2 650M + CaLM,3,0.07,3.8510855128542247,3.5215693771467236,0.06439618813639361
SOX11,ESM-2 650M + CaLM,4,0.88,4.089323673387799,3.611314970950787,0.8662408894196121
SOX11,ESM-2 650M + CaLM,5,0.09,4.12448802695364,3.694629263658743,0.08138346802275291
SOX11,ESM-1b 650M + CaLM,1,0.11,5.857011715345749,3.6753114236456206,0.07197480506111492
SOX11,ESM-1b 650M + CaLM,2,0.35,5.827720207499487,3.6633768356515137,0.252885859642799
SOX11,ESM-1b 650M + CaLM,3,0.11,5.943828170401988,3.619698370369304,0.06999905914844284
SOX11,ESM-1b 650M + CaLM,4,0.11,5.98006077191212,3.824456060171225,0.07325339547804453
SOX11,ESM-1b 650M + CaLM,5,0.0,5.3925874715936155,3.4141114321296335,0.0
SOX2,ESM-2 650M + CaLM,1,0.0,4.287091825044888,3.607234046194964,0.0
SOX2,ESM-2 650M + CaLM,2,0.0,4.217869774040451,3.8342626150816055,0.0
SOX2,ESM-2 650M + CaLM,3,0.0,4.743250700793634,3.802345855653964,0.0
SOX2,ESM-2 650M + CaLM,4,0.0,4.597278779853457,3.8522161250699956,0.0
SOX2,ESM-2 650M + CaLM,5,0.0,4.319194066238604,3.7823726273329656,0.0
SOX2,ESM-1b 650M + CaLM,1,0.0,6.4281638358342805,3.8946362009109565,0.0
SOX2,ESM-1b 650M + CaLM,2,0.0,6.2876210482330395,3.7316934104664887,0.0
SOX2,ESM-1b 650M + CaLM,3,0.0,5.675745403663243,3.6835928518170356,0.0
SOX2,ESM-1b 650M + CaLM,4,0.0,5.8700409563334945,3.5415145211817145,0.0
SOX2,ESM-1b 650M + CaLM,5,0.0,5.892106261635908,3.9874744236476496,0.0
SOX5,ESM-2 650M + CaLM,1,0.9,3.2730658025562427,2.8019601327616117,0.8851181263120743
SOX5,ESM-2 650M + CaLM,2,0.9,2.912900484646299,2.908147704875721,0.8998529372208521
SOX5,ESM-2 650M + CaLM,3,0.9,2.9173345838249816,2.6587892274972944,0.8913325252351687
SOX5,ESM-2 650M + CaLM,4,0.67,3.0311114053278803,3.0321055444767544,0.670072500098497
SOX5,ESM-2 650M + CaLM,5,0.74,2.631340240241397,2.5789876368466604,0.736114848584659
SOX5,ESM-1b 650M + CaLM,1,1.0,4.052342628785909,2.8037759793548744,1.0
SOX5,ESM-1b 650M + CaLM,2,1.0,4.792338333003738,2.8967029790703824,1.0
SOX5,ESM-1b 650M + CaLM,3,0.89,4.909575402785902,2.5072113570063617,0.8051384207289601
SOX5,ESM-1b 650M + CaLM,4,0.61,4.798515608134573,2.9543960913240137,0.490576080612834
SOX5,ESM-1b 650M + CaLM,5,1.0,5.186741120594088,2.763265630600957,1.0
SOX6,ESM-2 650M + CaLM,1,0.91,2.3032840605387093,3.034463555377037,0.9301719472951923
SOX6,ESM-2 650M + CaLM,2,0.89,2.180081316432384,2.591325388007628,0.9058128022543521
SOX6,ESM-2 650M + CaLM,3,0.0,2.1183850112849583,2.8630527607902367,0.0
SOX6,ESM-2 650M + CaLM,4,0.0,2.2116488260600065,2.4626489823421145,0.0
SOX6,ESM-2 650M + CaLM,5,0.0,1.4000789523536776,2.6405180206238645,0.0
SOX6,ESM-1b 650M + CaLM,1,0.0,4.10721317839931,1.9611441975237633,0.0
SOX6,ESM-1b 650M + CaLM,2,0.2,4.726671650159715,2.9550125275004473,0.13516847479146304
SOX6,ESM-1b 650M + CaLM,3,0.5,4.330232650748828,2.672171110137809,0.38160768807188317
SOX6,ESM-1b 650M + CaLM,4,0.17,4.573102288762956,2.8631248892792462,0.11365835380979614
SOX6,ESM-1b 650M + CaLM,5,0.2,4.565661748061895,2.8451152774552435,0.1347900000531558
SOX9,ESM-2 650M + CaLM,1,0.8,3.670170569045739,3.1190071682284257,0.7726913613509738
SOX9,ESM-2 650M + CaLM,2,0.74,3.5960391150309627,3.3530487027745037,0.7263149122906958
SOX9,ESM-2 650M + CaLM,3,0.8,3.5890209577706362,3.278162063943512,0.7851100442786869
SOX9,ESM-2 650M + CaLM,4,0.8,3.512299835366481,3.355317230039979,0.7925836020702832
SOX9,ESM-2 650M + CaLM,5,0.8,3.639602574502729,3.1656190617878717,0.7767399719802479
SOX9,ESM-1b 650M + CaLM,1,0.72,4.403750309681173,3.3028390581274887,0.6585383777064147
SOX9,ESM-1b 650M + CaLM,2,0.66,4.0684350517674375,3.1472728772742955,0.6002656545402086
SOX9,ESM-1b 650M + CaLM,3,0.67,4.13268011135518,3.386169893095997,0.6245622630884188
SOX9,ESM-1b 650M + CaLM,4,0.72,4.100213164936728,3.0908035775312825,0.6596766868055853
SOX9,ESM-1b 650M + CaLM,5,0.72,4.467492290389663,3.3258432233547572,0.6568656868374947
SPAST,ESM-2 650M + CaLM,1,0.86,3.494926731001452,2.579503177062457,0.8192944109808329
SPAST,ESM-2 650M + CaLM,2,0.86,3.4884616428067403,2.477137436214028,0.8135027406089104
SPAST,ESM-2 650M + CaLM,3,0.8300000000000001,3.6225813422144784,2.5875345411148665,0.7771519811333849
SPAST,ESM-2 650M + CaLM,4,0.86,3.6324883831029027,2.5959189451543123,0.8144687341131649
SPAST,ESM-2 650M + CaLM,5,0.86,3.7701467612289634,2.649825819778796,0.8119406965442673
SPAST,ESM-1b 650M + CaLM,1,0.11,4.11956684055939,2.6562565362864663,0.07381094810758308
SPAST,ESM-1b 650M + CaLM,2,0.11,4.136530692108202,2.6003196265577744,0.07209369534481337
SPAST,ESM-1b 650M + CaLM,3,0.0,3.8560585011170443,2.5790909577737935,0.0
SPAST,ESM-1b 650M + CaLM,4,0.11,4.182380824722447,2.4141855681681177,0.06659188742293987
SPAST,ESM-1b 650M + CaLM,5,0.0,4.251080742662862,2.6169376932044046,0.0
SPG7,ESM-2 650M + CaLM,1,0.9,4.282448857424274,3.455720055077124,0.8789719249468584
SPG7,ESM-2 650M + CaLM,2,0.68,3.90417886317421,3.3046638054875324,0.6426900744190505
SPG7,ESM-2 650M + CaLM,3,0.37,4.337306380424849,3.7527087918141984,0.33693289891913153
SPG7,ESM-2 650M + CaLM,4,0.9,4.506009764796969,3.703285207304394,0.880905481927815
SPG7,ESM-2 650M + CaLM,5,0.9,4.106128317534178,3.775373840964082,0.8921837208177488
SPG7,ESM-1b 650M + CaLM,1,0.08,5.7759681242644065,3.817008100854233,0.054341874130373474
SPG7,ESM-1b 650M + CaLM,2,0.0,5.706962497952043,3.5862941774054216,0.0
SPG7,ESM-1b 650M + CaLM,3,0.48,5.641838215034737,3.468585511385664,0.3620434910762822
SPG7,ESM-1b 650M + CaLM,4,0.48,5.95457587601893,3.7172640569194044,0.36558262195414637
SPG7,ESM-1b 650M + CaLM,5,0.48,4.713611064635843,3.4234859560128066,0.4013513384344785
SRD5A2,ESM-2 650M + CaLM,1,0.6,2.8795717906013967,2.519779909150063,0.5675826257588134
SRD5A2,ESM-2 650M + CaLM,2,0.86,2.7293685227496938,2.4436402897802596,0.8461486978026543
SRD5A2,ESM-2 650M + CaLM,3,0.61,2.9200331312609475,2.4216943674196325,0.5646816952285734
SRD5A2,ESM-2 650M + CaLM,4,0.76,2.775536053158368,2.2370609654409654,0.7184929788719142
SRD5A2,ESM-2 650M + CaLM,5,0.76,2.8121734538879624,2.1429533709383137,0.7070100995512639
SRD5A2,ESM-1b 650M + CaLM,1,0.47,2.9915701140728124,2.263859553978293,0.40158349007701966
SRD5A2,ESM-1b 650M + CaLM,2,0.47,2.900486984476825,2.356815865963834,0.4187975637406722
SRD5A2,ESM-1b 650M + CaLM,3,0.0,2.5586404092635573,2.3079737384034362,0.0
SRD5A2,ESM-1b 650M + CaLM,4,0.1,2.8984875603203686,2.4906034108248276,0.08715415038911128
SRD5A2,ESM-1b 650M + CaLM,5,0.47,2.8418050905708374,2.3853307580309524,0.42672005701807364
STAT3,ESM-2 650M + CaLM,1,0.09,3.1354503881366154,1.052219765386268,0.032123838418253614
STAT3,ESM-2 650M + CaLM,2,0.45,3.2039087664668853,1.0559079490940784,0.21237956169977912
STAT3,ESM-2 650M + CaLM,3,0.35,3.2137984155651815,1.119825290253547,0.15798202906192893
STAT3,ESM-2 650M + CaLM,4,0.09,3.34133123790651,1.0842726860140435,0.031095745048742435
STAT3,ESM-2 650M + CaLM,5,0.35,3.2543321616146814,1.0900169199665095,0.15279661442277967
STAT3,ESM-1b 650M + CaLM,1,0.58,3.2520208168682907,1.0637951914856276,0.311168885861207
STAT3,ESM-1b 650M + CaLM,2,0.53,3.234842401182815,1.047101183381749,0.26740859135807227
STAT3,ESM-1b 650M + CaLM,3,0.23,3.039447193173771,1.083404234427748,0.09622608957135237
STAT3,ESM-1b 650M + CaLM,4,0.58,3.2110505531055544,1.0682925985967953,0.3148021904902741
STAT3,ESM-1b 650M + CaLM,5,0.47,3.2739185966414786,1.132051578273487,0.23467475173058935
STIM1,ESM-2 650M + CaLM,1,0.25,3.4544554108501306,1.1696189153974812,0.10141510635740288
STIM1,ESM-2 650M + CaLM,2,0.0,3.6699844376700725,1.213591079015136,0.0
STIM1,ESM-2 650M + CaLM,3,0.25,3.710095657382533,1.0531837653221936,0.08644365698545715
STIM1,ESM-2 650M + CaLM,4,0.25,3.1985712718759536,0.9830362086074269,0.09292555418696438
STIM1,ESM-2 650M + CaLM,5,0.0,3.6127648407485635,1.0607785132186203,0.0
STIM1,ESM-1b 650M + CaLM,1,0.49,4.56626437789036,1.1503859171012898,0.1948806329131995
STIM1,ESM-1b 650M + CaLM,2,0.49,4.593443196866631,1.014756906746346,0.17508826908936595
STIM1,ESM-1b 650M + CaLM,3,0.49,4.578220501396497,1.1432262908898756,0.19349453954592827
STIM1,ESM-1b 650M + CaLM,4,0.49,4.317381591109719,1.0945916247082055,0.1958757776732458
STIM1,ESM-1b 650M + CaLM,5,0.0,4.512710464867995,1.1081873159354716,0.0
STING1,ESM-2 650M + CaLM,1,0.75,1.0715715837483717,0.9136970442127893,0.718944038993331
STING1,ESM-2 650M + CaLM,2,0.65,1.0315577510439164,1.0978861890035638,0.6640412426929271
STING1,ESM-2 650M + CaLM,3,0.94,1.0476440333965964,1.0745097146579907,0.9414122728746104
STING1,ESM-2 650M + CaLM,4,0.67,1.0113756842229429,0.9169126702407054,0.6479705805376202
STING1,ESM-2 650M + CaLM,5,0.37,0.8671941327731391,1.0152075887577605,0.40742241511594945
STING1,ESM-1b 650M + CaLM,1,0.94,0.9205163237512631,1.1491176213819028,0.9513555536892704
STING1,ESM-1b 650M + CaLM,2,0.3,1.1670760419074466,0.9350600156495499,0.2556039702879146
STING1,ESM-1b 650M + CaLM,3,0.47,0.9179445293770246,1.0134931517539436,0.49471942977101796
STING1,ESM-1b 650M + CaLM,4,0.47,1.058543462124341,0.8880460007786198,0.42659188623956246
STING1,ESM-1b 650M + CaLM,5,0.94,1.1321547175967905,1.040874572486345,0.9350798553174751
STK11,ESM-2 650M + CaLM,1,0.27,2.564037080959245,2.1659252868167993,0.23805766878052625
STK11,ESM-2 650M + CaLM,2,0.27,2.9273113759240603,2.595723747712036,0.24696937078901995
STK11,ESM-2 650M + CaLM,3,0.0,2.8294262899848936,2.5788949062417075,0.0
STK11,ESM-2 650M + CaLM,4,0.0,3.031307795940535,2.5067062708923484,0.0
STK11,ESM-2 650M + CaLM,5,0.27,2.793321347972141,2.644763584485694,0.2593648769300687
STK11,ESM-1b 650M + CaLM,1,0.4,3.6458617815774232,2.28799788653968,0.29496708324975435
STK11,ESM-1b 650M + CaLM,2,0.0,4.105397966524259,2.555665955570685,0.0
STK11,ESM-1b 650M + CaLM,3,0.52,3.6261848362204443,2.562882181002088,0.4336422890019095
STK11,ESM-1b 650M + CaLM,4,0.52,3.8615224347410715,2.5119702139458195,0.4133942016173419
STK11,ESM-1b 650M + CaLM,5,0.52,3.681816605698764,2.590491691848695,0.4325349901916933
STRA6,ESM-2 650M + CaLM,1,0.0,3.4765978088617926,1.3558114716850005,0.0
STRA6,ESM-2 650M + CaLM,2,0.0,3.4796627383754912,1.4439908754841657,0.0
STRA6,ESM-2 650M + CaLM,3,0.0,3.0996857879827497,1.2288315781734012,0.0
STRA6,ESM-2 650M + CaLM,4,0.0,2.8684634952078993,1.4728109686584063,0.0
STRA6,ESM-2 650M + CaLM,5,0.0,3.4574260683523566,1.4494597076616995,0.0
STRA6,ESM-1b 650M + CaLM,1,0.0,3.7755355678766187,1.5173228965338328,0.0
STRA6,ESM-1b 650M + CaLM,2,0.0,3.7459061045475113,1.3116802250970545,0.0
STRA6,ESM-1b 650M + CaLM,3,0.0,3.209515194738272,1.3789487232207815,0.0
STRA6,ESM-1b 650M + CaLM,4,0.0,3.7000153268304965,1.2521883693038596,0.0
STRA6,ESM-1b 650M + CaLM,5,0.0,3.5232328269561735,1.5013100068092358,0.0
STS,ESM-2 650M + CaLM,1,0.22,3.8246666591197096,1.8653586160411164,0.12092662991167126
STS,ESM-2 650M + CaLM,2,0.22,3.658195590532566,2.6146349907047766,0.16777041396768694
STS,ESM-2 650M + CaLM,3,0.0,3.7024955909503006,2.5483112248599737,0.0
STS,ESM-2 650M + CaLM,4,0.0,3.7996746918682978,2.665144446085684,0.0
STS,ESM-2 650M + CaLM,5,0.22,3.415074112257538,2.505468831533692,0.17144940527255248
STS,ESM-1b 650M + CaLM,1,0.0,4.6138683255538515,2.6177205122037575,0.0
STS,ESM-1b 650M + CaLM,2,0.0,5.030347221379901,1.8321077722694967,0.0
STS,ESM-1b 650M + CaLM,3,0.0,4.297186998073164,2.6349677235402704,0.0
STS,ESM-1b 650M + CaLM,4,0.0,5.119238723461289,2.59023006543351,0.0
STS,ESM-1b 650M + CaLM,5,0.0,4.30777981809302,2.5459256427814134,0.0
STXBP1,ESM-2 650M + CaLM,1,0.0,3.788132508031974,3.2127784364659795,0.0
STXBP1,ESM-2 650M + CaLM,2,0.07,3.891418944065239,3.285991489581126,0.05976021623603536
STXBP1,ESM-2 650M + CaLM,3,0.0,3.7618314693360095,3.166955785306479,0.0
STXBP1,ESM-2 650M + CaLM,4,0.0,3.6117383636834233,3.2087286123025343,0.0
STXBP1,ESM-2 650M + CaLM,5,0.21,3.807221797162877,3.1676557528770375,0.18111175548374372
STXBP1,ESM-1b 650M + CaLM,1,0.32,3.2640996690994926,3.27800219206694,0.3209255450911969
STXBP1,ESM-1b 650M + CaLM,2,0.46,3.312295245635784,3.1261735704287874,0.44567176338874376
STXBP1,ESM-1b 650M + CaLM,3,0.76,3.3756005260818385,3.187977091925621,0.7494146479129087
STXBP1,ESM-1b 650M + CaLM,4,0.43,3.364951493674528,3.154212367112441,0.41422513856623716
STXBP1,ESM-1b 650M + CaLM,5,0.42,3.4236861937449397,3.2923750677198034,0.41050406620263574
SUCLA2,ESM-2 650M + CaLM,1,0.0,4.737687300812902,4.301321967725011,0.0
SUCLA2,ESM-2 650M + CaLM,2,0.0,4.624073407784944,4.227100540478034,0.0
SUCLA2,ESM-2 650M + CaLM,3,0.0,4.4273863326823335,3.4693838693600587,0.0
SUCLA2,ESM-2 650M + CaLM,4,0.0,4.359332706107471,3.591911522766274,0.0
SUCLA2,ESM-2 650M + CaLM,5,0.0,3.5005757222992564,3.7543769765376815,0.0
SUCLA2,ESM-1b 650M + CaLM,1,0.0,4.782735434311038,3.036858553462578,0.0
SUCLA2,ESM-1b 650M + CaLM,2,0.0,5.560066680025182,4.021405807882202,0.0
SUCLA2,ESM-1b 650M + CaLM,3,0.0,4.981287736371877,4.187167120207155,0.0
SUCLA2,ESM-1b 650M + CaLM,4,0.0,5.5002893239817565,4.0954856646133635,0.0
SUCLA2,ESM-1b 650M + CaLM,5,0.0,4.9441398899595566,3.9013092662817264,0.0
SUMF1,ESM-2 650M + CaLM,1,0.0,2.7767707962821766,1.6562941801985345,0.0
SUMF1,ESM-2 650M + CaLM,2,0.0,3.2450853380833666,1.5736533659881469,0.0
SUMF1,ESM-2 650M + CaLM,3,0.0,2.9709604279331017,1.2239080225991719,0.0
SUMF1,ESM-2 650M + CaLM,4,0.0,3.215812326918204,1.436932578848209,0.0
SUMF1,ESM-2 650M + CaLM,5,0.0,3.0973172661365673,1.638936256755529,0.0
SUMF1,ESM-1b 650M + CaLM,1,0.0,4.0054479906841385,1.2805049694804214,0.0
SUMF1,ESM-1b 650M + CaLM,2,0.0,3.791847524129674,1.6684610090703444,0.0
SUMF1,ESM-1b 650M + CaLM,3,0.0,4.156450599920311,1.5745249812455784,0.0
SUMF1,ESM-1b 650M + CaLM,4,0.0,3.693036861509903,1.637275388569575,0.0
SUMF1,ESM-1b 650M + CaLM,5,0.0,3.9018643224034992,1.3766013936513248,0.0
TAOK1,ESM-2 650M + CaLM,1,0.0,3.8941029603747666,2.907521145758107,0.0
TAOK1,ESM-2 650M + CaLM,2,0.0,4.052190727285207,3.007183553583721,0.0
TAOK1,ESM-2 650M + CaLM,3,0.0,3.9792096980315805,2.6051382786332407,0.0
TAOK1,ESM-2 650M + CaLM,4,0.0,3.9623713220723937,2.9273424357385522,0.0
TAOK1,ESM-2 650M + CaLM,5,0.0,4.064998237844622,2.9669647024116443,0.0
TAOK1,ESM-1b 650M + CaLM,1,0.3,4.183822785199328,2.6450967197291524,0.21318788816341505
TAOK1,ESM-1b 650M + CaLM,2,0.3,5.167942894987756,2.9635809856370976,0.19728121523304593
TAOK1,ESM-1b 650M + CaLM,3,0.3,5.4408334755624965,2.8169374932553373,0.18159478731900175
TAOK1,ESM-1b 650M + CaLM,4,0.0,5.319357206162248,2.9812474316107065,0.0
TAOK1,ESM-1b 650M + CaLM,5,0.25,4.74776634160182,3.10091274539448,0.17878660538049537
TBR1,ESM-2 650M + CaLM,1,0.79,4.355968417798014,3.3495019524954626,0.7431088583083593
TBR1,ESM-2 650M + CaLM,2,0.79,4.311474040919445,3.2767273927058618,0.7408691240640549
TBR1,ESM-2 650M + CaLM,3,0.59,4.386958443792156,3.2530865563131837,0.5162276693288477
TBR1,ESM-2 650M + CaLM,4,0.79,4.689160815051043,3.2891465336797223,0.725179269758218
TBR1,ESM-2 650M + CaLM,5,0.0,4.437765360001465,3.1613719874771937,0.0
TBR1,ESM-1b 650M + CaLM,1,0.0,6.275299343900268,3.4570177777616737,0.0
TBR1,ESM-1b 650M + CaLM,2,0.0,5.581141831907776,3.2120685902160706,0.0
TBR1,ESM-1b 650M + CaLM,3,0.0,6.285599333531362,3.39790542405798,0.0
TBR1,ESM-1b 650M + CaLM,4,0.0,6.192687438136436,3.191553399899015,0.0
TBR1,ESM-1b 650M + CaLM,5,0.0,5.937412031065716,3.035005657348714,0.0
TBX4,ESM-2 650M + CaLM,1,0.16,3.434009226348116,3.485339900497849,0.1620041828611689
TBX4,ESM-2 650M + CaLM,2,0.16,3.4458412226515382,3.331697668369221,0.15552427616268394
TBX4,ESM-2 650M + CaLM,3,0.16,3.0046479357499765,3.2411062599213913,0.17044542134306231
TBX4,ESM-2 650M + CaLM,4,0.0,3.4889781891509646,3.6686156758612642,0.0
TBX4,ESM-2 650M + CaLM,5,0.0,3.1198448016942026,3.122163843590912,0.0
TBX4,ESM-1b 650M + CaLM,1,0.6,5.136948992401493,3.354658416578819,0.4948391178210802
TBX4,ESM-1b 650M + CaLM,2,0.6,4.958505203908465,3.251324340297282,0.49585589130518154
TBX4,ESM-1b 650M + CaLM,3,0.6,5.315696221383078,3.375117507222984,0.4878102293504049
TBX4,ESM-1b 650M + CaLM,4,0.0,5.381534072467343,3.4235003777103765,0.0
TBX4,ESM-1b 650M + CaLM,5,0.41,5.451595559578645,3.410742492188632,0.3030230005099685
TBX5,ESM-2 650M + CaLM,1,0.97,3.4954002633139782,3.0270710851756903,0.9655186330104099
TBX5,ESM-2 650M + CaLM,2,0.97,3.4808248281966105,3.1769586718360556,0.9672246396888479
TBX5,ESM-2 650M + CaLM,3,0.6,3.5707235884572697,3.2079065379240714,0.574030651405049
TBX5,ESM-2 650M + CaLM,4,0.0,3.2410026422235183,3.290722615736467,0.0
TBX5,ESM-2 650M + CaLM,5,0.75,3.1861101861397954,3.2081199770833853,0.7512885821563476
TBX5,ESM-1b 650M + CaLM,1,0.29,5.058048563315246,3.247316367771404,0.2077509366061599
TBX5,ESM-1b 650M + CaLM,2,0.13,5.070432473180792,3.0860081475267322,0.08336303748073555
TBX5,ESM-1b 650M + CaLM,3,0.29,4.987183906722727,3.1062303252342436,0.20280642547261607
TBX5,ESM-1b 650M + CaLM,4,0.56,4.594030491723451,3.2205439800964952,0.47151951187345836
TBX5,ESM-1b 650M + CaLM,5,0.93,5.130060036710971,3.2494027792825255,0.8937891094862698
TCF4,ESM-2 650M + CaLM,1,0.11,4.229229192677035,2.7946782590336925,0.07550534209308042
TCF4,ESM-2 650M + CaLM,2,0.66,4.493859308372073,2.9183688056650494,0.5576443464554711
TCF4,ESM-2 650M + CaLM,3,0.26,4.425949931762464,2.8696580892417236,0.1855391281117625
TCF4,ESM-2 650M + CaLM,4,0.19,4.380720713848293,2.7792841640868486,0.1295402323418097
TCF4,ESM-2 650M + CaLM,5,0.5,4.276763432551251,2.9769035136253676,0.41039980684452054
TCF4,ESM-1b 650M + CaLM,1,0.55,5.1851165901659035,2.7804290817700785,0.39591476190932295
TCF4,ESM-1b 650M + CaLM,2,0.73,5.14739421001796,2.8782580296308304,0.6018830204054889
TCF4,ESM-1b 650M + CaLM,3,0.55,5.202162771781872,2.9212939078674016,0.4070009870086406
TCF4,ESM-1b 650M + CaLM,4,0.74,5.1399203116826815,2.9633335131696645,0.6213414280420511
TCF4,ESM-1b 650M + CaLM,5,0.73,5.072395312664025,2.7921439327654203,0.5981155026595043
TFE3,ESM-2 650M + CaLM,1,0.92,1.4704257543836579,1.6457734629580676,0.9279090704979422
TFE3,ESM-2 650M + CaLM,2,0.95,1.6251254203974748,1.778494547058287,0.954113918105535
TFE3,ESM-2 650M + CaLM,3,0.95,1.7844394848368397,1.6391808410437938,0.9458092795561313
TFE3,ESM-2 650M + CaLM,4,0.92,1.8250327732598157,1.7750030750136685,0.9179301998264767
TFE3,ESM-2 650M + CaLM,5,0.95,1.8182912264386404,1.4459787400590618,0.9379250913883312
TFE3,ESM-1b 650M + CaLM,1,0.0,3.6891152867430543,1.5243054518973715,0.0
TFE3,ESM-1b 650M + CaLM,2,0.0,3.5108737847339246,1.752213019209334,0.0
TFE3,ESM-1b 650M + CaLM,3,0.0,3.750274398052985,1.4449202374932635,0.0
TFE3,ESM-1b 650M + CaLM,4,0.0,3.6632990751377243,1.7276223902751928,0.0
TFE3,ESM-1b 650M + CaLM,5,0.0,3.4401236689015806,1.750947480479042,0.0
TGFBR1,ESM-2 650M + CaLM,1,0.0,3.386720378558042,3.3093587729495892,0.0
TGFBR1,ESM-2 650M + CaLM,2,0.0,3.568090071858464,3.382097753337581,0.0
TGFBR1,ESM-2 650M + CaLM,3,0.0,3.481097231248151,3.2448499100723236,0.0
TGFBR1,ESM-2 650M + CaLM,4,0.0,3.409886414035953,3.326283643796908,0.0
TGFBR1,ESM-2 650M + CaLM,5,0.0,3.163680128097658,2.993417551487322,0.0
TGFBR1,ESM-1b 650M + CaLM,1,0.0,3.866348297210201,3.2700441312875275,0.0
TGFBR1,ESM-1b 650M + CaLM,2,0.0,3.093063189242683,3.051425948663224,0.0
TGFBR1,ESM-1b 650M + CaLM,3,0.0,3.8441201867563373,3.362422934542204,0.0
TGFBR1,ESM-1b 650M + CaLM,4,0.0,4.037068854736686,3.32917231115911,0.0
TGFBR1,ESM-1b 650M + CaLM,5,0.0,3.85856142607966,3.250810221197724,0.0
TGFBR2,ESM-2 650M + CaLM,1,0.52,2.060338919524007,2.3090673426270594,0.5483523983550785
TGFBR2,ESM-2 650M + CaLM,2,0.74,2.433070759628998,2.463010278748928,0.7423461642511978
TGFBR2,ESM-2 650M + CaLM,3,0.52,2.301329638033381,2.3249372021215913,0.5225468680009079
TGFBR2,ESM-2 650M + CaLM,4,0.52,2.2488603779943124,2.4315472961157454,0.5394545330916655
TGFBR2,ESM-2 650M + CaLM,5,0.0,2.328509310950737,2.491531871616056,0.0
TGFBR2,ESM-1b 650M + CaLM,1,0.0,3.094537920410293,2.455742511577215,0.0
TGFBR2,ESM-1b 650M + CaLM,2,0.78,3.108366478992086,2.2967881227590214,0.7237381907451921
TGFBR2,ESM-1b 650M + CaLM,3,0.4,3.05790000206001,2.4335371181017953,0.34663859358352134
TGFBR2,ESM-1b 650M + CaLM,4,0.36,3.1268986593385892,2.5329547792001446,0.31302404210678103
TGFBR2,ESM-1b 650M + CaLM,5,0.4,2.8735614583569653,2.347232395507209,0.35256569284042066
TGM1,ESM-2 650M + CaLM,1,0.0,3.2667240495112106,2.4045156857088767,0.0
TGM1,ESM-2 650M + CaLM,2,0.03,3.262276728481964,2.5704168327454266,0.02378898875228477
TGM1,ESM-2 650M + CaLM,3,0.03,2.8865785720058565,2.4722191681518444,0.0258047186388379
TGM1,ESM-2 650M + CaLM,4,0.0,3.098286708840634,2.3420569076134763,0.0
TGM1,ESM-2 650M + CaLM,5,0.03,2.91045847426952,2.4659724872570647,0.025535385198435148
TGM1,ESM-1b 650M + CaLM,1,0.09,3.265922215094609,2.3759562938490877,0.06712109030032096
TGM1,ESM-1b 650M + CaLM,2,0.0,3.420956807759562,2.5087440923206654,0.0
TGM1,ESM-1b 650M + CaLM,3,0.25,3.462634664074819,2.588315312539328,0.1994660580057486
TGM1,ESM-1b 650M + CaLM,4,0.25,3.4685953659245126,2.5397919040274384,0.19618991934343177
TGM1,ESM-1b 650M + CaLM,5,0.25,3.4646758132883075,2.2820157846286717,0.1800258759152218
TMEM67,ESM-2 650M + CaLM,1,0.42,3.400254517687178,1.1742821698971058,0.20005244092586305
TMEM67,ESM-2 650M + CaLM,2,0.42,3.2373119699374007,1.3517321212359665,0.23216439827454718
TMEM67,ESM-2 650M + CaLM,3,0.39,2.7063854309316446,1.2957080555891776,0.23435727693245906
TMEM67,ESM-2 650M + CaLM,4,0.44,3.3178682635656176,1.2011329535501356,0.2214529447805664
TMEM67,ESM-2 650M + CaLM,5,0.36,3.2528488310361494,1.174197721225442,0.16877834631615213
TMEM67,ESM-1b 650M + CaLM,1,0.72,3.602810118709715,1.1339017886262852,0.44729948655677587
TMEM67,ESM-1b 650M + CaLM,2,0.71,3.7534072959276332,1.2826610539351262,0.4555320198639883
TMEM67,ESM-1b 650M + CaLM,3,0.71,3.4889581373130922,1.2834897871826771,0.4738647532979797
TMEM67,ESM-1b 650M + CaLM,4,0.49,3.8264144546081145,1.2854365148668536,0.24400700716256998
TMEM67,ESM-1b 650M + CaLM,5,0.0,3.8773081659336706,1.257016111195061,0.0
TMPRSS3,ESM-2 650M + CaLM,1,0.0,3.711410061052076,2.8947946441164203,0.0
TMPRSS3,ESM-2 650M + CaLM,2,0.0,3.935554866920982,2.998816279786455,0.0
TMPRSS3,ESM-2 650M + CaLM,3,0.0,4.01980760951622,2.906204276466129,0.0
TMPRSS3,ESM-2 650M + CaLM,4,0.0,3.8506897864197596,2.9398631963275044,0.0
TMPRSS3,ESM-2 650M + CaLM,5,0.0,3.6007811171404764,2.918535883698642,0.0
TMPRSS3,ESM-1b 650M + CaLM,1,0.0,4.06486082056123,2.619583841965666,0.0
TMPRSS3,ESM-1b 650M + CaLM,2,0.0,4.3765407532133604,3.086566798959065,0.0
TMPRSS3,ESM-1b 650M + CaLM,3,0.0,4.688445576934275,3.177840120601466,0.0
TMPRSS3,ESM-1b 650M + CaLM,4,0.0,4.662566858073013,2.754374815438182,0.0
TMPRSS3,ESM-1b 650M + CaLM,5,0.0,4.611852703534925,2.9879135281761258,0.0
TNFRSF1A,ESM-2 650M + CaLM,1,0.0,4.081776252251773,3.0650821605524796,0.0
TNFRSF1A,ESM-2 650M + CaLM,2,0.0,3.593423552707824,2.9817537097602003,0.0
TNFRSF1A,ESM-2 650M + CaLM,3,0.0,3.7707155792011195,3.1108438792358726,0.0
TNFRSF1A,ESM-2 650M + CaLM,4,0.0,3.8709280334018374,2.9321221594683795,0.0
TNFRSF1A,ESM-2 650M + CaLM,5,0.0,3.778169657077822,2.61447108930118,0.0
TNFRSF1A,ESM-1b 650M + CaLM,1,0.0,4.7510385923099285,3.0461319673031877,0.0
TNFRSF1A,ESM-1b 650M + CaLM,2,0.0,4.972178313655436,2.803299883824581,0.0
TNFRSF1A,ESM-1b 650M + CaLM,3,0.0,4.998023251167187,3.0221813663909076,0.0
TNFRSF1A,ESM-1b 650M + CaLM,4,0.0,5.007633357624809,2.824670037786932,0.0
TNFRSF1A,ESM-1b 650M + CaLM,5,0.0,4.748052308626369,3.041412491900032,0.0
TNPO2,ESM-2 650M + CaLM,1,0.0,3.045721233468384,3.4901314248283093,0.0
TNPO2,ESM-2 650M + CaLM,2,0.05,2.420536524667323,2.5935391150544786,0.053382870159123796
TNPO2,ESM-2 650M + CaLM,3,0.7000000000000001,3.1865448765532074,3.2984446642855194,0.7071975059938752
TNPO2,ESM-2 650M + CaLM,4,0.7000000000000001,3.0657803967837745,3.372033285460693,0.7196067134621092
TNPO2,ESM-2 650M + CaLM,5,0.23,2.6463261197567753,2.518269056973835,0.22133358559645575
TNPO2,ESM-1b 650M + CaLM,1,0.12,4.648482056493223,2.991511521548603,0.08067639885905771
TNPO2,ESM-1b 650M + CaLM,2,0.14,4.227310120600269,3.3621204585556788,0.11463122785738311
TNPO2,ESM-1b 650M + CaLM,3,0.14,3.503072230414738,2.9595822905698346,0.12090560222821968
TNPO2,ESM-1b 650M + CaLM,4,0.14,4.333673487318252,3.2724401251416078,0.10946967291711308
TNPO2,ESM-1b 650M + CaLM,5,0.14,3.6021581735987707,2.5935391150544786,0.10491203807416326
TP53,ESM-2 650M + CaLM,1,0.0,3.257355590861818,1.161937242658806,0.0
TP53,ESM-2 650M + CaLM,2,0.03,3.4940144656547623,1.1235853131433233,0.009847656585321215
TP53,ESM-2 650M + CaLM,3,0.0,3.438076764894545,1.0489230255360247,0.0
TP53,ESM-2 650M + CaLM,4,0.02,3.3300862811258205,1.1045462001149842,0.006723608737676546
TP53,ESM-2 650M + CaLM,5,0.18,3.3813625853768117,1.1415991597925974,0.06899721043980997
TP53,ESM-1b 650M + CaLM,1,0.0,3.9047823512793274,1.1267005211737713,0.0
TP53,ESM-1b 650M + CaLM,2,0.0,3.9364335444821763,1.063654899660603,0.0
TP53,ESM-1b 650M + CaLM,3,0.01,3.95216923141735,1.1165382887880009,0.002845544145416181
TP53,ESM-1b 650M + CaLM,4,0.01,3.9980152138442917,1.1563730596159547,0.0029130728824747626
TP53,ESM-1b 650M + CaLM,5,0.08,3.9599049964994264,1.1195747917758019,0.02399509666303705
TP63,ESM-2 650M + CaLM,1,0.42,3.374953636019082,0.983533275742208,0.1742560761254636
TP63,ESM-2 650M + CaLM,2,0.55,3.4632325841806555,1.06256549498148,0.2727240565275022
TP63,ESM-2 650M + CaLM,3,0.55,3.4555137829523415,1.0745391538754825,0.27539732796515604
TP63,ESM-2 650M + CaLM,4,0.46,3.5546704402644576,1.1680641624894048,0.21870018487877801
TP63,ESM-2 650M + CaLM,5,0.55,3.376946215403798,1.1009493297534436,0.2849317561859745
TP63,ESM-1b 650M + CaLM,1,0.48,4.4926574714146215,1.0251714740481257,0.17398739085864526
TP63,ESM-1b 650M + CaLM,2,0.64,4.621449967092385,1.0396783953055642,0.2856852672678035
TP63,ESM-1b 650M + CaLM,3,0.65,4.691170564845017,1.018029082883002,0.2872506893789441
TP63,ESM-1b 650M + CaLM,4,0.65,4.6248682674704495,1.1704620873279903,0.3197306147456485
TP63,ESM-1b 650M + CaLM,5,0.65,4.633941549926198,1.1460129949896267,0.31473391369945214
TPO,ESM-2 650M + CaLM,1,0.56,3.9126650346222847,2.2847324338730552,0.4263380379055841
TPO,ESM-2 650M + CaLM,2,0.0,4.032552654374046,2.315515193295977,0.0
TPO,ESM-2 650M + CaLM,3,0.0,3.4414404868794315,2.0449417384838635,0.0
TPO,ESM-2 650M + CaLM,4,0.0,3.9379428808686137,2.17012166780625,0.0
TPO,ESM-2 650M + CaLM,5,0.0,3.8479620056723856,2.0314439117506584,0.0
TPO,ESM-1b 650M + CaLM,1,0.22,3.9907906888419555,1.7389826180210164,0.10945155107259856
TPO,ESM-1b 650M + CaLM,2,0.31,4.20154094934914,2.3095194322089507,0.19804929350811787
TPO,ESM-1b 650M + CaLM,3,0.31,4.297785476046528,2.336936037943861,0.19633210194326664
TPO,ESM-1b 650M + CaLM,4,0.31,3.712110887105855,2.096852904322106,0.2024127370942677
TPO,ESM-1b 650M + CaLM,5,0.04,4.319407786115153,2.286030872577551,0.02157613641137861
TPP1,ESM-2 650M + CaLM,1,0.63,4.428484440225385,2.590314905240442,0.49898471499432834
TPP1,ESM-2 650M + CaLM,2,0.54,4.161120533363679,2.5475407576199283,0.4181644036756507
TPP1,ESM-2 650M + CaLM,3,0.0,4.645088391881357,2.6413051395550675,0.0
TPP1,ESM-2 650M + CaLM,4,0.8300000000000001,4.470979526782679,2.8181056909136912,0.7547455934045777
TPP1,ESM-2 650M + CaLM,5,0.35,4.357464193326887,2.72281934764589,0.25175734543848693
TPP1,ESM-1b 650M + CaLM,1,0.0,4.382158218017149,2.692225095904276,0.0
TPP1,ESM-1b 650M + CaLM,2,0.19,3.892909995209334,2.594252269176204,0.1351853049595716
TPP1,ESM-1b 650M + CaLM,3,0.0,4.262127871220243,2.7069066393414674,0.0
TPP1,ESM-1b 650M + CaLM,4,0.0,4.386622287231818,2.7354950432724374,0.0
TPP1,ESM-1b 650M + CaLM,5,0.19,4.345243415971436,2.5466339321785574,0.12085912998285796
TRAF7,ESM-2 650M + CaLM,1,0.32,1.6945465584813573,1.7485340040542903,0.32686266705505795
TRAF7,ESM-2 650M + CaLM,2,0.36,1.9950715471299014,2.128532572574627,0.3750502455278741
TRAF7,ESM-2 650M + CaLM,3,0.9,2.091763381703715,1.6608531144546164,0.8772399088003127
TRAF7,ESM-2 650M + CaLM,4,0.32,1.6807163314782352,1.9857974161091676,0.35733007127820254
TRAF7,ESM-2 650M + CaLM,5,0.94,1.9691668812088328,2.1699560955390016,0.9452479103792689
TRAF7,ESM-1b 650M + CaLM,1,0.02,4.09183316213252,2.07824597774265,0.010258987896772046
TRAF7,ESM-1b 650M + CaLM,2,0.0,3.980496503681287,1.6818126699890847,0.0
TRAF7,ESM-1b 650M + CaLM,3,0.87,3.9701834506962137,2.157248728768053,0.7843130403894744
TRAF7,ESM-1b 650M + CaLM,4,0.48,2.8882056301061785,1.8298701416758232,0.3690177178911748
TRAF7,ESM-1b 650M + CaLM,5,0.48,3.636809814433321,2.014008486667378,0.3382679075782717
TRMU,ESM-2 650M + CaLM,1,0.0,3.2641236690606896,3.314810421374136,0.0
TRMU,ESM-2 650M + CaLM,2,0.0,3.597946972844258,3.201628717050064,0.0
TRMU,ESM-2 650M + CaLM,3,0.0,3.57517742552133,3.522101868654567,0.0
TRMU,ESM-2 650M + CaLM,4,0.0,3.459168744657704,3.375916162062586,0.0
TRMU,ESM-2 650M + CaLM,5,0.0,3.6888733279915713,3.8162682140388124,0.0
TRMU,ESM-1b 650M + CaLM,1,0.0,4.510942550571025,3.439851519679262,0.0
TRMU,ESM-1b 650M + CaLM,2,0.0,5.1489174166346725,3.3767921473677114,0.0
TRMU,ESM-1b 650M + CaLM,3,0.0,5.001681609028766,3.703745789174738,0.0
TRMU,ESM-1b 650M + CaLM,4,0.0,4.964537669145255,3.2581454396986342,0.0
TRMU,ESM-1b 650M + CaLM,5,0.0,4.606104097005959,3.4217127716430693,0.0
TRPC6,ESM-2 650M + CaLM,1,0.09,2.8451003281341793,2.2548827818274777,0.07268655073627889
TRPC6,ESM-2 650M + CaLM,2,0.09,2.865818287360329,2.2625245637568567,0.07242597477098442
TRPC6,ESM-2 650M + CaLM,3,0.09,3.066636045121319,2.009003109498818,0.06084919341750883
TRPC6,ESM-2 650M + CaLM,4,0.0,2.8928552185405376,2.0852597674645956,0.0
TRPC6,ESM-2 650M + CaLM,5,0.0,3.1733346201430206,1.7813330290290856,0.0
TRPC6,ESM-1b 650M + CaLM,1,0.0,3.361546021528828,1.9520920717419958,0.0
TRPC6,ESM-1b 650M + CaLM,2,0.0,2.8775536343010737,2.3553562601467894,0.0
TRPC6,ESM-1b 650M + CaLM,3,0.0,3.125160431135666,2.2527709029940257,0.0
TRPC6,ESM-1b 650M + CaLM,4,0.0,3.0436968023684434,1.8079215687633559,0.0
TRPC6,ESM-1b 650M + CaLM,5,0.0,3.2084040349214673,2.01779459727457,0.0
TRPV3,ESM-2 650M + CaLM,1,0.4,3.1848335657262727,3.008322548997568,0.38639706911355914
TRPV3,ESM-2 650M + CaLM,2,0.1,2.9357009857322347,2.7353184445869028,0.09381463826130747
TRPV3,ESM-2 650M + CaLM,3,0.0,3.3545160018564784,2.8176086966256806,0.0
TRPV3,ESM-2 650M + CaLM,4,0.4,3.1153223880739094,2.587924979194936,0.3564188912922385
TRPV3,ESM-2 650M + CaLM,5,0.4,2.9198369996965416,2.6219389908733564,0.37447206450688253
TRPV3,ESM-1b 650M + CaLM,1,0.0,3.4484127257460573,2.730007032926543,0.0
TRPV3,ESM-1b 650M + CaLM,2,0.0,3.512980164787657,2.952762632177272,0.0
TRPV3,ESM-1b 650M + CaLM,3,0.12,3.7038704429662217,2.808513651227672,0.09371011264828774
TRPV3,ESM-1b 650M + CaLM,4,0.12,3.73547020152387,2.604436002442425,0.0868206567397907
TRPV3,ESM-1b 650M + CaLM,5,0.12,3.1737649455771817,2.662835075652907,0.10266505935901331
TRPV4,ESM-2 650M + CaLM,1,0.08,3.080332555305892,2.608535077395925,0.06858725343888486
TRPV4,ESM-2 650M + CaLM,2,1.0,3.2966817943753277,2.7281880811821893,1.0
TRPV4,ESM-2 650M + CaLM,3,0.0,3.186513064625531,2.5395799835273936,0.0
TRPV4,ESM-2 650M + CaLM,4,1.0,3.3777903914149334,2.561437374029074,1.0
TRPV4,ESM-2 650M + CaLM,5,0.01,3.3472198837156166,2.5583337239189037,0.007661216294443689
TRPV4,ESM-1b 650M + CaLM,1,0.0,3.9950700123034184,2.6753575254233617,0.0
TRPV4,ESM-1b 650M + CaLM,2,0.0,4.2144834027408145,2.4077941276111847,0.0
TRPV4,ESM-1b 650M + CaLM,3,0.0,4.007479020596532,2.6639105091307473,0.0
TRPV4,ESM-1b 650M + CaLM,4,0.0,3.4430694115285583,2.5458874022960924,0.0
TRPV4,ESM-1b 650M + CaLM,5,0.06,4.151155657174247,2.6742527622233845,0.039496252871753304
TRPV6,ESM-2 650M + CaLM,1,0.0,3.871782051781506,2.2207230920400494,0.0
TRPV6,ESM-2 650M + CaLM,2,0.0,3.514166009609553,2.102235131857613,0.0
TRPV6,ESM-2 650M + CaLM,3,0.0,3.7944793414015656,2.212137444704377,0.0
TRPV6,ESM-2 650M + CaLM,4,0.0,3.5749956955169044,1.8420224426316074,0.0
TRPV6,ESM-2 650M + CaLM,5,0.0,2.995659744209799,1.6676000099385593,0.0
TRPV6,ESM-1b 650M + CaLM,1,0.0,4.194562378858435,2.055375862416501,0.0
TRPV6,ESM-1b 650M + CaLM,2,0.0,5.437800568551236,2.178692206714362,0.0
TRPV6,ESM-1b 650M + CaLM,3,0.0,5.343605128056705,2.1622547938679886,0.0
TRPV6,ESM-1b 650M + CaLM,4,0.0,4.821381751333283,2.217459446720786,0.0
TRPV6,ESM-1b 650M + CaLM,5,0.0,5.169379887113636,1.4202110865648347,0.0
TSEN54,ESM-2 650M + CaLM,1,0.45,2.1374452480044495,1.9959362678330101,0.43311117594864973
TSEN54,ESM-2 650M + CaLM,2,0.0,2.5932213301281006,1.9075061424260746,0.0
TSEN54,ESM-2 650M + CaLM,3,0.0,2.708646888332546,1.9906185492205237,0.0
TSEN54,ESM-2 650M + CaLM,4,0.11,2.7476163791789237,1.8598594936540547,0.07720278920908355
TSEN54,ESM-2 650M + CaLM,5,0.52,2.5647903639280245,1.7013266863456968,0.4181370503876629
TSEN54,ESM-1b 650M + CaLM,1,0.13,3.132479731135148,1.939184091558948,0.08467053655134028
TSEN54,ESM-1b 650M + CaLM,2,0.13,3.4396603763942792,1.9281776233841754,0.07728958861387744
TSEN54,ESM-1b 650M + CaLM,3,0.0,3.4283493815589727,1.894502831042801,0.0
TSEN54,ESM-1b 650M + CaLM,4,0.0,3.1806147595418905,1.661367455105379,0.0
TSEN54,ESM-1b 650M + CaLM,5,0.0,3.196791618294383,1.9730130046538623,0.0
TSHR,ESM-2 650M + CaLM,1,0.18,3.5877959147029608,3.2401599620010604,0.16544458342679846
TSHR,ESM-2 650M + CaLM,2,0.81,3.3856494171320635,3.2093468669899905,0.8016329741653582
TSHR,ESM-2 650M + CaLM,3,0.0,3.4319295416804585,3.2564984913262087,0.0
TSHR,ESM-2 650M + CaLM,4,0.73,2.9282306001911236,2.6359570258667087,0.7087808983139093
TSHR,ESM-2 650M + CaLM,5,0.18,3.5915820114222394,3.133107481582217,0.16071537498695757
TSHR,ESM-1b 650M + CaLM,1,0.0,3.081411913742502,3.27602451293669,0.0
TSHR,ESM-1b 650M + CaLM,2,0.0,2.960418189137683,2.7199002617956918,0.0
TSHR,ESM-1b 650M + CaLM,3,0.0,3.384295088271118,3.2405315005278905,0.0
TSHR,ESM-1b 650M + CaLM,4,0.0,3.4769949019712088,3.1492985617579508,0.0
TSHR,ESM-1b 650M + CaLM,5,0.0,3.393369418960675,3.0959360778004044,0.0
TUBB2A,ESM-2 650M + CaLM,1,0.9,2.3305168333504915,2.6218204039353394,0.9101120152731784
TUBB2A,ESM-2 650M + CaLM,2,0.87,2.3247790181446986,2.6304786574878607,0.8833454765225165
TUBB2A,ESM-2 650M + CaLM,3,0.58,2.0872885785373505,2.807036896032703,0.6499994841601462
TUBB2A,ESM-2 650M + CaLM,4,0.58,2.4760864834972005,3.103851352865032,0.6338427064307317
TUBB2A,ESM-2 650M + CaLM,5,0.87,2.4425535075059384,2.9217223228234106,0.8889527233995624
TUBB2A,ESM-1b 650M + CaLM,1,0.78,2.980521548535901,2.6545188913458397,0.7594801386790208
TUBB2A,ESM-1b 650M + CaLM,2,0.5,2.926388767684994,2.9943326930603598,0.5057378079534595
TUBB2A,ESM-1b 650M + CaLM,3,0.4,2.637013503083832,2.8812430038388386,0.4214337830510038
TUBB2A,ESM-1b 650M + CaLM,4,0.11,3.2739953253311316,2.8034096281079197,0.09570234684992744
TUBB2A,ESM-1b 650M + CaLM,5,0.5,2.9722523477297877,2.893059161440067,0.4932490212867714
TULP1,ESM-2 650M + CaLM,1,0.0,3.298717202749126,1.8740248167357327,0.0
TULP1,ESM-2 650M + CaLM,2,0.0,3.766839045966902,1.9464098844839621,0.0
TULP1,ESM-2 650M + CaLM,3,0.0,3.3219478024438374,1.9396731444292141,0.0
TULP1,ESM-2 650M + CaLM,4,0.0,3.5521305773914764,2.187944679896157,0.0
TULP1,ESM-2 650M + CaLM,5,0.0,3.1591284671629083,1.987332621992888,0.0
TULP1,ESM-1b 650M + CaLM,1,0.02,3.844143322638632,2.0434791195491586,0.010732191909669337
TULP1,ESM-1b 650M + CaLM,2,0.0,4.011156627151068,2.1062697933574164,0.0
TULP1,ESM-1b 650M + CaLM,3,0.02,3.8803045823229065,2.0406266971988334,0.010618555191475535
TULP1,ESM-1b 650M + CaLM,4,0.02,3.7911621225815626,1.9711594914614385,0.010499517438040375
TULP1,ESM-1b 650M + CaLM,5,0.02,3.9036868187447724,1.7718964108680948,0.009178311325125962
TYMP,ESM-2 650M + CaLM,1,0.0,2.82146160815898,2.1655416171453434,0.0
TYMP,ESM-2 650M + CaLM,2,0.0,2.87065343799325,2.1425572766712646,0.0
TYMP,ESM-2 650M + CaLM,3,0.0,3.019307287336304,2.2375953634457364,0.0
TYMP,ESM-2 650M + CaLM,4,0.0,2.8949338302649945,2.2614017725911544,0.0
TYMP,ESM-2 650M + CaLM,5,0.0,3.1362854028975033,2.3398860320917376,0.0
TYMP,ESM-1b 650M + CaLM,1,0.0,2.5429514009610372,2.282569680688828,0.0
TYMP,ESM-1b 650M + CaLM,2,0.7000000000000001,3.014627283418947,2.0161879720628155,0.609456982441801
TYMP,ESM-1b 650M + CaLM,3,0.56,2.856829117743623,2.40870738296222,0.5176276899340494
TYMP,ESM-1b 650M + CaLM,4,0.56,3.0103286183963602,2.1816522446670734,0.4798098117689965
TYMP,ESM-1b 650M + CaLM,5,0.56,2.63533856306783,2.310453953128097,0.5273712137928527
TYRP1,ESM-2 650M + CaLM,1,0.0,3.336746814811463,2.87768223660823,0.0
TYRP1,ESM-2 650M + CaLM,2,0.0,3.298292212023533,2.614591661197509,0.0
TYRP1,ESM-2 650M + CaLM,3,0.0,3.078084832056146,2.3257227366859485,0.0
TYRP1,ESM-2 650M + CaLM,4,0.0,3.157176531926026,2.9716612692486546,0.0
TYRP1,ESM-2 650M + CaLM,5,0.0,2.8950374771177247,3.0040111650076775,0.0
TYRP1,ESM-1b 650M + CaLM,1,0.0,5.383224573549378,1.8469209959863588,0.0
TYRP1,ESM-1b 650M + CaLM,2,0.0,5.401961800307068,3.00557833429307,0.0
TYRP1,ESM-1b 650M + CaLM,3,0.0,5.263785285055837,2.753498511611035,0.0
TYRP1,ESM-1b 650M + CaLM,4,0.0,4.970186524189089,2.968442115576018,0.0
TYRP1,ESM-1b 650M + CaLM,5,0.0,5.0943225586559455,2.9550423339764316,0.0
UBE3A,ESM-2 650M + CaLM,1,0.54,3.8315680585643856,2.8499196761269876,0.46614172706398377
UBE3A,ESM-2 650M + CaLM,2,0.59,3.536493061289762,3.0447030493154075,0.5533543881691725
UBE3A,ESM-2 650M + CaLM,3,0.54,3.8965597219208283,2.7944343265785565,0.45707549754363624
UBE3A,ESM-2 650M + CaLM,4,0.1,4.0087465853178,2.9060073165379587,0.07454220078334356
UBE3A,ESM-2 650M + CaLM,5,0.49,3.7639478743305506,2.91230115009245,0.4264059312923876
UBE3A,ESM-1b 650M + CaLM,1,0.48,5.004366794709873,3.0460893813643413,0.3597394922565803
UBE3A,ESM-1b 650M + CaLM,2,0.38,4.644163194250131,2.953903814710212,0.2804901098273479
UBE3A,ESM-1b 650M + CaLM,3,0.61,4.637652021763761,2.743228147994219,0.48056963802913416
UBE3A,ESM-1b 650M + CaLM,4,0.48,5.0529320258307955,2.9101617657146046,0.3471018906843825
UBE3A,ESM-1b 650M + CaLM,5,0.16,4.545156141763423,2.8502412817853817,0.10670141115856728
UBQLN2,ESM-2 650M + CaLM,1,0.0,2.360484144980455,1.5871929622436123,0.0
UBQLN2,ESM-2 650M + CaLM,2,0.8200000000000001,2.8818752999996287,2.060207161588363,0.7650759434192903
UBQLN2,ESM-2 650M + CaLM,3,0.0,2.2313614824571317,1.9190984769000528,0.0
UBQLN2,ESM-2 650M + CaLM,4,0.31,2.7860858901976333,2.107856084520357,0.2536790884811962
UBQLN2,ESM-2 650M + CaLM,5,0.31,2.778517936813367,1.9602371953029643,0.24067699556927621
UBQLN2,ESM-1b 650M + CaLM,1,0.88,3.7112419834813934,2.0961058513335487,0.805517829160819
UBQLN2,ESM-1b 650M + CaLM,2,0.8200000000000001,3.452493356223035,2.1475867028389386,0.7391577522119926
UBQLN2,ESM-1b 650M + CaLM,3,0.91,3.3937344958548725,1.9602371953029643,0.8538059977481428
UBQLN2,ESM-1b 650M + CaLM,4,0.91,2.8190891803471225,1.5755275343798048,0.8496439512065963
UBQLN2,ESM-1b 650M + CaLM,5,0.91,3.07093940187631,1.7900254680341485,0.854939680889368
UMOD,ESM-2 650M + CaLM,1,0.0,2.82361381032872,3.4223722758562127,0.0
UMOD,ESM-2 650M + CaLM,2,0.02,2.6236030340434464,3.365941219859645,0.02551453677623555
UMOD,ESM-2 650M + CaLM,3,0.11,2.716321791891994,3.5457185276395875,0.13892122430794152
UMOD,ESM-2 650M + CaLM,4,0.0,2.658929109112206,3.467989078910061,0.0
UMOD,ESM-2 650M + CaLM,5,0.02,2.4625008735922567,3.3227090346587835,0.0267992280156712
UMOD,ESM-1b 650M + CaLM,1,0.36,3.0235236634156823,3.545126830795671,0.3974232677383922
UMOD,ESM-1b 650M + CaLM,2,0.4,2.739884371477317,3.3936485755388652,0.45227691376287865
UMOD,ESM-1b 650M + CaLM,3,0.19,3.082759568726535,3.2982051268919936,0.20061469817969166
UMOD,ESM-1b 650M + CaLM,4,0.36,2.959934171645554,3.469546051404368,0.39735279775585813
UMOD,ESM-1b 650M + CaLM,5,0.0,3.0670049591066033,3.414183029304434,0.0
UROS,ESM-2 650M + CaLM,1,0.62,2.5744956465142623,1.2701335847196935,0.44596599909842227
UROS,ESM-2 650M + CaLM,2,0.65,2.351365103917052,0.8518398063231245,0.4021983495468156
UROS,ESM-2 650M + CaLM,3,0.81,2.4369357973257073,1.1920576017910252,0.6758904952426874
UROS,ESM-2 650M + CaLM,4,0.81,2.738721981894982,1.0983734138456143,0.6309627324342403
UROS,ESM-2 650M + CaLM,5,0.65,2.5022428233049285,1.198437782764533,0.4707510844824338
UROS,ESM-1b 650M + CaLM,1,0.91,2.5731201440051277,1.1611844925004733,0.8202373383884228
UROS,ESM-1b 650M + CaLM,2,0.84,2.412791193389004,1.2272506562486252,0.7275485415356702
UROS,ESM-1b 650M + CaLM,3,0.31,2.6258878955507403,1.0211908228458781,0.1487335204417648
UROS,ESM-1b 650M + CaLM,4,0.86,2.4976060778377844,1.1735349159710855,0.7426862936505267
UROS,ESM-1b 650M + CaLM,5,0.86,2.5029131227815196,1.046869028866906,0.7198340304612179
VHL,ESM-2 650M + CaLM,1,0.0,2.502946064539423,0.9784163372660194,0.0
VHL,ESM-2 650M + CaLM,2,0.0,2.616256638673783,0.9569893848058134,0.0
VHL,ESM-2 650M + CaLM,3,0.0,2.4558691799081056,1.0397206371575813,0.0
VHL,ESM-2 650M + CaLM,4,0.0,2.5936366035158644,0.979238955017911,0.0
VHL,ESM-2 650M + CaLM,5,0.0,2.406741219533267,1.002498634446546,0.0
VHL,ESM-1b 650M + CaLM,1,0.0,2.9567856864678332,1.0266573263289898,0.0
VHL,ESM-1b 650M + CaLM,2,0.0,2.8314095346888455,0.900849524526391,0.0
VHL,ESM-1b 650M + CaLM,3,0.0,2.6938924559939714,0.9573568220075511,0.0
VHL,ESM-1b 650M + CaLM,4,0.0,2.9081360106360705,1.0599683421731803,0.0
VHL,ESM-1b 650M + CaLM,5,0.0,2.7687411403693494,1.0076107463880994,0.0
VPS4A,ESM-2 650M + CaLM,1,0.0,4.578547370957531,5.338489304736562,0.0
VPS4A,ESM-2 650M + CaLM,2,0.0,4.133690604960811,5.362162660814906,0.0
VPS4A,ESM-2 650M + CaLM,3,0.0,4.038276244076021,5.226777384586069,0.0
VPS4A,ESM-2 650M + CaLM,4,0.0,3.9401216942518036,3.9981461406544,0.0
VPS4A,ESM-2 650M + CaLM,5,0.0,4.248876963589212,5.402634245640293,0.0
VPS4A,ESM-1b 650M + CaLM,1,0.0,6.176327374087509,5.222497443657819,0.0
VPS4A,ESM-1b 650M + CaLM,2,0.0,6.0478451363151,5.151252605128477,0.0
VPS4A,ESM-1b 650M + CaLM,3,0.0,5.659590052525224,4.462659263548825,0.0
VPS4A,ESM-1b 650M + CaLM,4,0.0,6.24127806190947,5.315732066021006,0.0
VPS4A,ESM-1b 650M + CaLM,5,0.0,6.411425431647362,5.1990824201820445,0.0
WARS2,ESM-2 650M + CaLM,1,0.0,3.7598974210403338,2.541887937258912,0.0
WARS2,ESM-2 650M + CaLM,2,0.0,3.1808785817949343,2.5829432209918464,0.0
WARS2,ESM-2 650M + CaLM,3,0.0,3.588370459717965,2.271252199567126,0.0
WARS2,ESM-2 650M + CaLM,4,0.95,3.545789270530305,2.5983857651404563,0.9329909985956433
WARS2,ESM-2 650M + CaLM,5,0.0,3.102727530789396,2.390920124383716,0.0
WARS2,ESM-1b 650M + CaLM,1,0.0,3.0697417792099744,2.4485036193447365,0.0
WARS2,ESM-1b 650M + CaLM,2,0.0,2.662942466361253,2.389949071105701,0.0
WARS2,ESM-1b 650M + CaLM,3,0.0,2.7544656108701586,2.2836611485003746,0.0
WARS2,ESM-1b 650M + CaLM,4,0.0,2.6000694952231096,2.605443263237311,0.0
WARS2,ESM-1b 650M + CaLM,5,0.94,2.969745172448873,2.615096097731,0.932412988480846
WAS,ESM-2 650M + CaLM,1,0.0,3.76701258954112,2.0431774079814558,0.0
WAS,ESM-2 650M + CaLM,2,0.0,3.7876779207958053,2.233822768093124,0.0
WAS,ESM-2 650M + CaLM,3,0.0,3.557886183818646,2.0810137305457337,0.0
WAS,ESM-2 650M + CaLM,4,0.0,3.269204320760478,2.372977021190789,0.0
WAS,ESM-2 650M + CaLM,5,0.0,3.7440905240654327,2.1193332435698284,0.0
WAS,ESM-1b 650M + CaLM,1,0.0,4.5897902656646,2.253749088195079,0.0
WAS,ESM-1b 650M + CaLM,2,0.0,4.666997871619451,2.0407451711254323,0.0
WAS,ESM-1b 650M + CaLM,3,0.0,4.421284099675463,2.2075662428249396,0.0
WAS,ESM-1b 650M + CaLM,4,0.0,4.270774744869091,2.02655479932543,0.0
WAS,ESM-1b 650M + CaLM,5,0.0,4.635036605547006,2.3193277385153666,0.0
WDR26,ESM-2 650M + CaLM,1,0.0,4.009126740300168,3.8071148045287355,0.0
WDR26,ESM-2 650M + CaLM,2,0.64,3.2562530877829885,2.7850614941750242,0.6032575579920582
WDR26,ESM-2 650M + CaLM,3,0.64,3.70123796020806,3.4292600924153525,0.62223401112226
WDR26,ESM-2 650M + CaLM,4,0.64,4.111909924450413,3.625903708021763,0.6105393892186893
WDR26,ESM-2 650M + CaLM,5,0.0,3.7888764162670268,3.644224294243713,0.0
WDR26,ESM-1b 650M + CaLM,1,0.53,5.899267287057989,3.658635724454117,0.41154223201973467
WDR26,ESM-1b 650M + CaLM,2,0.64,5.490887797538063,3.2596564907903636,0.5134707417639162
WDR26,ESM-1b 650M + CaLM,3,0.0,6.124172683184053,3.7994533029568323,0.0
WDR26,ESM-1b 650M + CaLM,4,0.85,6.041360482404804,3.5862148464365173,0.7708415420305897
WDR26,ESM-1b 650M + CaLM,5,0.64,5.829682474822523,3.019787851420174,0.4794087006222583
WDR37,ESM-2 650M + CaLM,1,0.35,3.4727718449922405,3.1831673242175453,0.33045772441142574
WDR37,ESM-2 650M + CaLM,2,0.35,3.36581820720041,2.650724312378282,0.29778301540225666
WDR37,ESM-2 650M + CaLM,3,0.0,3.248107427762742,2.818441308907241,0.0
WDR37,ESM-2 650M + CaLM,4,0.2,3.808269222298835,3.403019535130012,0.1826036664356444
WDR37,ESM-2 650M + CaLM,5,0.35,3.7406537382317717,3.3642244238010064,0.3262704462586062
WDR37,ESM-1b 650M + CaLM,1,0.68,4.123276905909643,2.5486528902592682,0.5677528159464416
WDR37,ESM-1b 650M + CaLM,2,0.51,5.20476087812011,3.301335275712298,0.3976559977923059
WDR37,ESM-1b 650M + CaLM,3,0.68,4.596011484805859,3.059751452033088,0.5858696709007061
WDR37,ESM-1b 650M + CaLM,4,0.19,4.367804386306845,3.1083041737174257,0.14304902181725832
WDR37,ESM-1b 650M + CaLM,5,0.55,4.792461915117761,3.3871963759440815,0.46347244147313194
WDR45,ESM-2 650M + CaLM,1,0.78,3.2017064319928643,2.86511021367564,0.7603481661732637
WDR45,ESM-2 650M + CaLM,2,0.6900000000000001,3.2586482378778694,2.9057414361540874,0.6649641140443938
WDR45,ESM-2 650M + CaLM,3,0.87,3.030244637904249,2.6511241121716362,0.8541214723151569
WDR45,ESM-2 650M + CaLM,4,0.96,3.104881147879446,3.032748859391602,0.9590875448949988
WDR45,ESM-2 650M + CaLM,5,0.0,3.2057936798351236,3.0258070619228827,0.0
WDR45,ESM-1b 650M + CaLM,1,0.46,3.2786156124341495,2.9863142743194913,0.4369071161334384
WDR45,ESM-1b 650M + CaLM,2,0.46,3.38615170664942,2.7653336726800095,0.4102636836086187
WDR45,ESM-1b 650M + CaLM,3,0.73,3.8090577899751823,3.0306813717726735,0.6826610848455724
WDR45,ESM-1b 650M + CaLM,4,0.41,3.6561625836179545,2.9186470060775065,0.3568048129150893
WDR45,ESM-1b 650M + CaLM,5,0.46,3.610009495604072,2.8001393770599545,0.39786142123171625
WFS1,ESM-2 650M + CaLM,1,0.09,3.085408427341881,1.3299224082016783,0.04088693594595098
WFS1,ESM-2 650M + CaLM,2,0.18,3.1478386098752376,1.3557921700906088,0.08637849443062481
WFS1,ESM-2 650M + CaLM,3,0.02,3.315540063749127,1.1776396617521747,0.007196566356735226
WFS1,ESM-2 650M + CaLM,4,0.16,3.2930930043350406,1.2441627568962474,0.06713264992379847
WFS1,ESM-2 650M + CaLM,5,0.46,3.309741154769901,1.3005815705381376,0.2507904271685224
WFS1,ESM-1b 650M + CaLM,1,0.3,3.6456159931198866,1.2722740471344274,0.13010651401005421
WFS1,ESM-1b 650M + CaLM,2,0.0,3.9987559567375315,1.2779437232605153,0.0
WFS1,ESM-1b 650M + CaLM,3,0.3,3.7790405924322914,1.313060191513153,0.12961043504129974
WFS1,ESM-1b 650M + CaLM,4,0.27,3.67045878903131,1.203284729134147,0.10813983962651341
WFS1,ESM-1b 650M + CaLM,5,0.3,3.8458736115359957,1.3614345653960638,0.13172870520555888
WNT10A,ESM-2 650M + CaLM,1,0.33,3.4321042203009675,2.782859631855002,0.2853901449420655
WNT10A,ESM-2 650M + CaLM,2,0.33,3.682006509737596,2.825190804728434,0.2742696053434697
WNT10A,ESM-2 650M + CaLM,3,0.33,3.802769980330206,2.521524165168119,0.24618730838009623
WNT10A,ESM-2 650M + CaLM,4,0.0,3.8048010581399883,2.737388303519401,0.0
WNT10A,ESM-2 650M + CaLM,5,0.33,3.715303973880863,2.699273245892974,0.26353743356846693
WNT10A,ESM-1b 650M + CaLM,1,0.25,5.163537190636278,2.7800271434654014,0.15215818049787638
WNT10A,ESM-1b 650M + CaLM,2,0.25,5.3570536941938744,2.6190486408297793,0.140129441006173
WNT10A,ESM-1b 650M + CaLM,3,0.25,5.294583007776246,2.6864314326593495,0.14466372252150572
WNT10A,ESM-1b 650M + CaLM,4,0.25,4.586600455002817,2.6313530809560826,0.16053494521271597
WNT10A,ESM-1b 650M + CaLM,5,0.25,4.8756769326631995,2.8766617323800943,0.164345993131961
WWOX,ESM-2 650M + CaLM,1,0.61,2.393811235356686,1.8029518768221817,0.5408712805024158
WWOX,ESM-2 650M + CaLM,2,0.27,3.3621352903557264,2.4782823603667565,0.21422676759778056
WWOX,ESM-2 650M + CaLM,3,0.66,3.1278822841249783,2.5751908975632585,0.615114299438326
WWOX,ESM-2 650M + CaLM,4,0.25,3.264800480181735,2.623579170170417,0.2112726096468938
WWOX,ESM-2 650M + CaLM,5,0.88,3.116883982503404,2.554577928782309,0.8573538209226362
WWOX,ESM-1b 650M + CaLM,1,0.54,3.0212751486523968,1.841159298670373,0.41703891396937515
WWOX,ESM-1b 650M + CaLM,2,0.54,3.8754999736121616,2.553248671552711,0.4361098030768895
WWOX,ESM-1b 650M + CaLM,3,0.27,3.5104627535958617,2.634218008959499,0.21724668750774281
WWOX,ESM-1b 650M + CaLM,4,0.41,3.630065943197655,2.612952897926725,0.3334248839290426
WWOX,ESM-1b 650M + CaLM,5,0.13,3.3925383729512624,2.457923059624031,0.09768457609304759
XPC,ESM-2 650M + CaLM,1,0.0,3.4939098744250017,2.883906244030496,0.0
XPC,ESM-2 650M + CaLM,2,0.0,3.6193227060651836,2.5352225312523333,0.0
XPC,ESM-2 650M + CaLM,3,0.0,3.397922129392647,2.5629173214322742,0.0
XPC,ESM-2 650M + CaLM,4,0.0,3.552400885668936,2.4525880687134833,0.0
XPC,ESM-2 650M + CaLM,5,0.0,3.330379015157737,2.4425461445782437,0.0
XPC,ESM-1b 650M + CaLM,1,0.88,3.4171207466481825,2.5389816970135524,0.8449323313214163
XPC,ESM-1b 650M + CaLM,2,0.46,2.444806200999047,2.7195032011718547,0.4865384316114902
XPC,ESM-1b 650M + CaLM,3,0.88,3.3143863628510477,2.5629173214322742,0.8500895850103742
XPC,ESM-1b 650M + CaLM,4,0.87,3.2339507424834295,2.5352225312523333,0.8399069156875237
XPC,ESM-1b 650M + CaLM,5,0.88,3.345618514522977,2.5523722456321343,0.8483607740293934
YARS1,ESM-2 650M + CaLM,1,0.26,3.0104115469240726,3.4065548243711365,0.28448055218570056
YARS1,ESM-2 650M + CaLM,2,0.0,3.591087863472838,3.437687426808327,0.0
YARS1,ESM-2 650M + CaLM,3,0.23,3.9151360342044312,3.345867037299593,0.2033583245094081
YARS1,ESM-2 650M + CaLM,4,0.26,3.4980869273045894,3.463391680149706,0.2580867758762204
YARS1,ESM-2 650M + CaLM,5,0.26,3.8303200220795715,3.558805965368967,0.24610555678599783
YARS1,ESM-1b 650M + CaLM,1,0.0,4.664580227391409,3.0123940371952043,0.0
YARS1,ESM-1b 650M + CaLM,2,0.0,3.2011948820436875,3.580558723518872,0.0
YARS1,ESM-1b 650M + CaLM,3,0.0,4.249946243749274,3.620504535343847,0.0
YARS1,ESM-1b 650M + CaLM,4,0.0,4.416277168913725,3.60235812164974,0.0
YARS1,ESM-1b 650M + CaLM,5,0.0,3.871761318926778,3.35198712037235,0.0
ZBTB18,ESM-2 650M + CaLM,1,0.0,3.0563297839976102,2.435574948196238,0.0
ZBTB18,ESM-2 650M + CaLM,2,0.0,2.8866827293963753,2.446212182436308,0.0
ZBTB18,ESM-2 650M + CaLM,3,0.0,2.759474021162313,2.3703402208834072,0.0
ZBTB18,ESM-2 650M + CaLM,4,0.0,2.8627458602656364,2.234155629726778,0.0
ZBTB18,ESM-2 650M + CaLM,5,0.0,2.636616146673731,2.245050017812192,0.0
ZBTB18,ESM-1b 650M + CaLM,1,0.0,5.1169303523050935,2.318491307252114,0.0
ZBTB18,ESM-1b 650M + CaLM,2,0.0,4.941158430233069,2.264280930843139,0.0
ZBTB18,ESM-1b 650M + CaLM,3,0.51,5.314382534837849,2.269421435645952,0.3077016048648542
ZBTB18,ESM-1b 650M + CaLM,4,0.0,5.420793276932852,2.475179730115775,0.0
ZBTB18,ESM-1b 650M + CaLM,5,0.0,5.394478227303583,2.403546282077704,0.0
ZBTB20,ESM-2 650M + CaLM,1,0.18,3.662091354742193,3.0638837264381578,0.1551589301658242
ZBTB20,ESM-2 650M + CaLM,2,0.04,3.645008805445833,3.0568355172761437,0.033763366750949826
ZBTB20,ESM-2 650M + CaLM,3,0.04,3.4847719719742467,3.1819500761518573,0.036651453402811514
ZBTB20,ESM-2 650M + CaLM,4,0.0,3.7200837522240002,3.233967272362684,0.0
ZBTB20,ESM-2 650M + CaLM,5,0.04,3.7118281339501826,3.2553404309908553,0.03525414861090052
ZBTB20,ESM-1b 650M + CaLM,1,0.0,5.594220738760298,3.0207305671434765,0.0
ZBTB20,ESM-1b 650M + CaLM,2,0.0,5.740844306074843,3.299645666455114,0.0
ZBTB20,ESM-1b 650M + CaLM,3,0.0,5.8555825155554535,3.056500789984345,0.0
ZBTB20,ESM-1b 650M + CaLM,4,0.0,5.69711876536083,3.2259685041267145,0.0
ZBTB20,ESM-1b 650M + CaLM,5,0.0,5.649237733068065,3.187270303845378,0.0
ZMYND11,ESM-2 650M + CaLM,1,0.42,3.680758172267808,2.233598223281421,0.30528025201294745
ZMYND11,ESM-2 650M + CaLM,2,0.42,3.295102591955482,2.2286948191660394,0.32876092302913207
ZMYND11,ESM-2 650M + CaLM,3,0.42,3.3817801952047097,1.1773749669504585,0.2013483634519308
ZMYND11,ESM-2 650M + CaLM,4,0.42,3.694316051974085,2.320477492233083,0.31264213932370477
ZMYND11,ESM-2 650M + CaLM,5,0.11,3.85786320042623,2.1862661840627546,0.06545729357356449
ZMYND11,ESM-1b 650M + CaLM,1,0.75,4.674858346156322,2.2981834648218666,0.5959293641565108
ZMYND11,ESM-1b 650M + CaLM,2,0.8,4.612114169010616,2.1371313739978817,0.6495524316135233
ZMYND11,ESM-1b 650M + CaLM,3,0.8,3.708612064086518,1.1428867452644116,0.5521085955152751
ZMYND11,ESM-1b 650M + CaLM,4,0.79,4.471018104005893,2.3198488549214686,0.6612369390052589
ZMYND11,ESM-1b 650M + CaLM,5,0.8,4.591726638703608,2.216292122082918,0.6587826095576312
ZNRF3,ESM-2 650M + CaLM,1,0.4,2.817422010503778,2.6452831962238474,0.3849691409482814
ZNRF3,ESM-2 650M + CaLM,2,0.4,2.6569721912843143,2.8716727998904195,0.41878633549988936
ZNRF3,ESM-2 650M + CaLM,3,0.0,2.792039203012788,3.1807467080772427,0.0
ZNRF3,ESM-2 650M + CaLM,4,0.0,2.93242462154634,2.806174390480551,0.0
ZNRF3,ESM-2 650M + CaLM,5,0.4,3.017332123369815,3.126372839803293,0.40854956322002184
ZNRF3,ESM-1b 650M + CaLM,1,0.0,4.662375834157806,3.215020167589558,0.0
ZNRF3,ESM-1b 650M + CaLM,2,0.0,4.235534005112514,2.8558543181845266,0.0
ZNRF3,ESM-1b 650M + CaLM,3,0.0,4.4317532915681275,3.0010484515703597,0.0
ZNRF3,ESM-1b 650M + CaLM,4,0.0,4.782010584276587,3.076333186114383,0.0
ZNRF3,ESM-1b 650M + CaLM,5,0.0,4.339142041377007,2.573048314280411,0.0
