gene,model,fold,weight_second,train_auc_at_selected_weight,test_auc_at_selected_weight,n_train,n_test,n_test_pathogenic,n_test_benign
AARS1,ESM-2 150M + 650M,1,0.77,0.9807692307692308,1.0,21,6,2,4
AARS1,ESM-2 150M + 650M,2,0.58,0.971153846153846,1.0,21,6,2,4
AARS1,ESM-2 150M + 650M,3,0.77,0.9732142857142856,1.0,22,5,2,3
AARS1,ESM-2 150M + 650M,4,0.56,1.0,0.8333333333333334,22,5,2,3
AARS1,ESM-2 150M + 650M,5,0.77,0.9821428571428572,1.0,22,5,2,3
AARS1,ESM-2 650M + ESM-1b 650M,1,0.17,1.0,1.0,21,6,2,4
AARS1,ESM-2 650M + ESM-1b 650M,2,0.17,1.0,1.0,21,6,2,4
AARS1,ESM-2 650M + ESM-1b 650M,3,0.17,1.0,1.0,22,5,2,3
AARS1,ESM-2 650M + ESM-1b 650M,4,0.0,1.0,0.8333333333333334,22,5,2,3
AARS1,ESM-2 650M + ESM-1b 650M,5,0.17,1.0,1.0,22,5,2,3
AARS1,ESM-2 650M + CaLM,1,0.0,0.9807692307692308,1.0,21,6,2,4
AARS1,ESM-2 650M + CaLM,2,0.02,0.9807692307692308,1.0,21,6,2,4
AARS1,ESM-2 650M + CaLM,3,0.0,1.0,1.0,22,5,2,3
AARS1,ESM-2 650M + CaLM,4,0.02,0.9910714285714286,1.0,22,5,2,3
AARS1,ESM-2 650M + CaLM,5,0.02,0.9910714285714286,1.0,22,5,2,3
AARS1,ESM-2 150M + CaLM,1,0.37,0.903846153846154,1.0,21,6,2,4
AARS1,ESM-2 150M + CaLM,2,0.36,0.9519230769230768,0.875,21,6,2,4
AARS1,ESM-2 150M + CaLM,3,0.37,0.9107142857142856,1.0,22,5,2,3
AARS1,ESM-2 150M + CaLM,4,0.11,0.9642857142857144,0.3333333333333333,22,5,2,3
AARS1,ESM-2 150M + CaLM,5,0.37,0.9107142857142856,1.0,22,5,2,3
AARS1,ESM-1b 650M + CaLM,1,0.28,1.0,0.875,21,6,2,4
AARS1,ESM-1b 650M + CaLM,2,0.0,0.9615384615384616,1.0,21,6,2,4
AARS1,ESM-1b 650M + CaLM,3,0.0,0.9642857142857144,1.0,22,5,2,3
AARS1,ESM-1b 650M + CaLM,4,0.28,0.9375,1.0,22,5,2,3
AARS1,ESM-1b 650M + CaLM,5,0.18,0.9464285714285714,1.0,22,5,2,3
AARS2,ESM-2 150M + 650M,1,0.48,1.0,0.6666666666666666,20,6,3,3
AARS2,ESM-2 150M + 650M,2,0.48,0.9090909090909092,1.0,21,5,2,3
AARS2,ESM-2 150M + 650M,3,0.48,0.9090909090909092,1.0,21,5,2,3
AARS2,ESM-2 150M + 650M,4,0.0,0.9090909090909092,1.0,21,5,3,2
AARS2,ESM-2 150M + 650M,5,0.0,0.9272727272727272,1.0,21,5,3,2
AARS2,ESM-2 650M + ESM-1b 650M,1,0.0,0.99,0.6666666666666666,20,6,3,3
AARS2,ESM-2 650M + ESM-1b 650M,2,0.64,0.9454545454545454,1.0,21,5,2,3
AARS2,ESM-2 650M + ESM-1b 650M,3,0.64,0.9363636363636364,1.0,21,5,2,3
AARS2,ESM-2 650M + ESM-1b 650M,4,0.64,0.9636363636363636,1.0,21,5,3,2
AARS2,ESM-2 650M + ESM-1b 650M,5,0.64,0.9545454545454546,1.0,21,5,3,2
AARS2,ESM-2 650M + CaLM,1,0.0,0.91,1.0,20,6,3,3
AARS2,ESM-2 650M + CaLM,2,0.1,1.0,0.8333333333333334,21,5,2,3
AARS2,ESM-2 650M + CaLM,3,0.1,0.9181818181818182,1.0,21,5,2,3
AARS2,ESM-2 650M + CaLM,4,0.0,0.9272727272727272,1.0,21,5,3,2
AARS2,ESM-2 650M + CaLM,5,0.1,0.9272727272727272,1.0,21,5,3,2
AARS2,ESM-2 150M + CaLM,1,0.0,0.92,0.8888888888888888,20,6,3,3
AARS2,ESM-2 150M + CaLM,2,0.21,1.0,0.6666666666666666,21,5,2,3
AARS2,ESM-2 150M + CaLM,3,0.21,0.9181818181818182,1.0,21,5,2,3
AARS2,ESM-2 150M + CaLM,4,0.21,0.9181818181818182,1.0,21,5,3,2
AARS2,ESM-2 150M + CaLM,5,0.02,0.9272727272727272,1.0,21,5,3,2
AARS2,ESM-1b 650M + CaLM,1,0.15,0.94,1.0,20,6,3,3
AARS2,ESM-1b 650M + CaLM,2,0.15,0.9272727272727272,1.0,21,5,2,3
AARS2,ESM-1b 650M + CaLM,3,0.0,1.0,1.0,21,5,2,3
AARS2,ESM-1b 650M + CaLM,4,0.15,0.9636363636363636,1.0,21,5,3,2
AARS2,ESM-1b 650M + CaLM,5,0.05,0.9545454545454546,1.0,21,5,3,2
ABCB7,ESM-2 150M + 650M,1,0.86,0.8,1.0,15,4,1,3
ABCB7,ESM-2 150M + 650M,2,0.5,0.86,0.6666666666666666,15,4,1,3
ABCB7,ESM-2 150M + 650M,3,0.8200000000000001,0.76,1.0,15,4,1,3
ABCB7,ESM-2 150M + 650M,4,0.94,0.9090909090909092,0.75,15,4,2,2
ABCB7,ESM-2 150M + 650M,5,0.94,0.8727272727272727,0.5,16,3,1,2
ABCB7,ESM-2 650M + ESM-1b 650M,1,0.26,0.94,0.6666666666666666,15,4,1,3
ABCB7,ESM-2 650M + ESM-1b 650M,2,0.06,0.92,1.0,15,4,1,3
ABCB7,ESM-2 650M + ESM-1b 650M,3,0.06,0.88,1.0,15,4,1,3
ABCB7,ESM-2 650M + ESM-1b 650M,4,0.65,0.8181818181818182,1.0,15,4,2,2
ABCB7,ESM-2 650M + ESM-1b 650M,5,0.26,0.9090909090909092,1.0,16,3,1,2
ABCB7,ESM-2 650M + CaLM,1,0.4,0.94,1.0,15,4,1,3
ABCB7,ESM-2 650M + CaLM,2,0.2,0.92,0.6666666666666666,15,4,1,3
ABCB7,ESM-2 650M + CaLM,3,0.4,0.88,1.0,15,4,1,3
ABCB7,ESM-2 650M + CaLM,4,0.25,0.7954545454545454,1.0,15,4,2,2
ABCB7,ESM-2 650M + CaLM,5,0.4,0.8909090909090909,1.0,16,3,1,2
ABCB7,ESM-2 150M + CaLM,1,0.47,0.82,1.0,15,4,1,3
ABCB7,ESM-2 150M + CaLM,2,0.89,0.84,1.0,15,4,1,3
ABCB7,ESM-2 150M + CaLM,3,0.61,0.84,1.0,15,4,1,3
ABCB7,ESM-2 150M + CaLM,4,0.89,0.9318181818181818,0.5,15,4,2,2
ABCB7,ESM-2 150M + CaLM,5,0.5700000000000001,0.8727272727272727,0.5,16,3,1,2
ABCB7,ESM-1b 650M + CaLM,1,0.56,0.92,1.0,15,4,1,3
ABCB7,ESM-1b 650M + CaLM,2,0.0,0.94,0.0,15,4,1,3
ABCB7,ESM-1b 650M + CaLM,3,0.56,0.86,1.0,15,4,1,3
ABCB7,ESM-1b 650M + CaLM,4,0.56,0.8181818181818182,1.0,15,4,2,2
ABCB7,ESM-1b 650M + CaLM,5,0.56,0.9090909090909092,1.0,16,3,1,2
ABCD1,ESM-2 150M + 650M,1,0.91,0.9519356955380578,0.9609375,175,44,32,12
ABCD1,ESM-2 150M + 650M,2,0.97,0.9493110236220472,0.9765625,175,44,32,12
ABCD1,ESM-2 150M + 650M,3,0.96,0.9517716535433072,0.9609375,175,44,32,12
ABCD1,ESM-2 150M + 650M,4,1.0,0.9563648293963256,0.9427083333333334,175,44,32,12
ABCD1,ESM-2 150M + 650M,5,1.0,0.96044921875,0.9247311827956988,176,43,31,12
ABCD1,ESM-2 650M + ESM-1b 650M,1,0.96,0.9855643044619422,0.9427083333333334,175,44,32,12
ABCD1,ESM-2 650M + ESM-1b 650M,2,0.78,0.9771981627296588,0.9791666666666666,175,44,32,12
ABCD1,ESM-2 650M + ESM-1b 650M,3,0.95,0.9726049868766404,1.0,175,44,32,12
ABCD1,ESM-2 650M + ESM-1b 650M,4,0.93,0.979494750656168,0.9739583333333334,175,44,32,12
ABCD1,ESM-2 650M + ESM-1b 650M,5,0.94,0.9749348958333334,0.9865591397849462,176,43,31,12
ABCD1,ESM-2 650M + CaLM,1,0.5,0.9630905511811024,0.9869791666666666,175,44,32,12
ABCD1,ESM-2 650M + CaLM,2,0.5,0.9686679790026248,0.9661458333333334,175,44,32,12
ABCD1,ESM-2 650M + CaLM,3,0.5,0.9673556430446194,0.9713541666666666,175,44,32,12
ABCD1,ESM-2 650M + CaLM,4,0.41,0.9652230971128608,0.9765625,175,44,32,12
ABCD1,ESM-2 650M + CaLM,5,0.38,0.9775390625,0.913978494623656,176,43,31,12
ABCD1,ESM-2 150M + CaLM,1,0.9,0.964730971128609,0.9010416666666666,175,44,32,12
ABCD1,ESM-2 150M + CaLM,2,0.64,0.9543963254593176,0.9609375,175,44,32,12
ABCD1,ESM-2 150M + CaLM,3,0.81,0.9562007874015748,0.9505208333333334,175,44,32,12
ABCD1,ESM-2 150M + CaLM,4,0.64,0.958497375328084,0.953125,175,44,32,12
ABCD1,ESM-2 150M + CaLM,5,0.66,0.9479166666666666,0.9731182795698924,176,43,31,12
ABCD1,ESM-1b 650M + CaLM,1,0.18,0.9824475065616798,0.96875,175,44,32,12
ABCD1,ESM-1b 650M + CaLM,2,0.18,0.9812992125984252,0.96875,175,44,32,12
ABCD1,ESM-1b 650M + CaLM,3,0.21,0.9786745406824148,0.9765625,175,44,32,12
ABCD1,ESM-1b 650M + CaLM,4,0.13,0.9762139107611548,0.9947916666666666,175,44,32,12
ABCD1,ESM-1b 650M + CaLM,5,0.13,0.9757486979166666,0.989247311827957,176,43,31,12
ACAD9,ESM-2 150M + 650M,1,0.28,1.0,1.0,19,5,2,3
ACAD9,ESM-2 150M + 650M,2,0.0,0.9888888888888888,1.0,19,5,3,2
ACAD9,ESM-2 150M + 650M,3,0.0,1.0,1.0,19,5,3,2
ACAD9,ESM-2 150M + 650M,4,0.0,1.0,1.0,19,5,3,2
ACAD9,ESM-2 150M + 650M,5,0.0,0.98989898989899,1.0,20,4,2,2
ACAD9,ESM-2 650M + ESM-1b 650M,1,0.0,0.9318181818181818,1.0,19,5,2,3
ACAD9,ESM-2 650M + ESM-1b 650M,2,0.36,0.9777777777777776,0.6666666666666666,19,5,3,2
ACAD9,ESM-2 650M + ESM-1b 650M,3,0.12,0.9444444444444444,1.0,19,5,3,2
ACAD9,ESM-2 650M + ESM-1b 650M,4,0.12,0.9777777777777776,0.8333333333333334,19,5,3,2
ACAD9,ESM-2 650M + ESM-1b 650M,5,0.12,0.9292929292929292,1.0,20,4,2,2
ACAD9,ESM-2 650M + CaLM,1,0.0,0.9318181818181818,1.0,19,5,2,3
ACAD9,ESM-2 650M + CaLM,2,0.39,0.9666666666666668,0.8333333333333334,19,5,3,2
ACAD9,ESM-2 650M + CaLM,3,0.0,0.9555555555555556,1.0,19,5,3,2
ACAD9,ESM-2 650M + CaLM,4,0.39,0.9777777777777776,0.8333333333333334,19,5,3,2
ACAD9,ESM-2 650M + CaLM,5,0.45,0.9494949494949496,1.0,20,4,2,2
ACAD9,ESM-2 150M + CaLM,1,0.0,0.9886363636363636,1.0,19,5,2,3
ACAD9,ESM-2 150M + CaLM,2,0.0,1.0,1.0,19,5,3,2
ACAD9,ESM-2 150M + CaLM,3,0.0,0.9888888888888888,1.0,19,5,3,2
ACAD9,ESM-2 150M + CaLM,4,0.0,1.0,1.0,19,5,3,2
ACAD9,ESM-2 150M + CaLM,5,0.0,0.98989898989899,1.0,20,4,2,2
ACAD9,ESM-1b 650M + CaLM,1,0.67,0.9431818181818182,0.6666666666666666,19,5,2,3
ACAD9,ESM-1b 650M + CaLM,2,0.36,0.9888888888888888,0.5,19,5,3,2
ACAD9,ESM-1b 650M + CaLM,3,0.67,0.8888888888888888,1.0,19,5,3,2
ACAD9,ESM-1b 650M + CaLM,4,0.2,0.9,1.0,19,5,3,2
ACAD9,ESM-1b 650M + CaLM,5,0.36,0.8888888888888888,1.0,20,4,2,2
ACADS,ESM-2 150M + 650M,1,0.03,0.95,1.0,14,4,3,1
ACADS,ESM-2 150M + 650M,2,0.35,0.975,1.0,14,4,3,1
ACADS,ESM-2 150M + 650M,3,0.46,1.0,1.0,14,4,3,1
ACADS,ESM-2 150M + 650M,4,0.46,0.9545454545454546,1.0,15,3,2,1
ACADS,ESM-2 150M + 650M,5,0.46,0.9772727272727272,1.0,15,3,2,1
ACADS,ESM-2 650M + ESM-1b 650M,1,0.32,1.0,0.6666666666666666,14,4,3,1
ACADS,ESM-2 650M + ESM-1b 650M,2,0.0,0.975,1.0,14,4,3,1
ACADS,ESM-2 650M + ESM-1b 650M,3,0.67,0.975,1.0,14,4,3,1
ACADS,ESM-2 650M + ESM-1b 650M,4,0.67,0.9772727272727272,1.0,15,3,2,1
ACADS,ESM-2 650M + ESM-1b 650M,5,0.67,0.9772727272727272,1.0,15,3,2,1
ACADS,ESM-2 650M + CaLM,1,0.0,0.925,1.0,14,4,3,1
ACADS,ESM-2 650M + CaLM,2,0.0,0.975,0.6666666666666666,14,4,3,1
ACADS,ESM-2 650M + CaLM,3,0.47,1.0,0.6666666666666666,14,4,3,1
ACADS,ESM-2 650M + CaLM,4,0.0,0.9318181818181818,1.0,15,3,2,1
ACADS,ESM-2 650M + CaLM,5,0.0,0.9318181818181818,1.0,15,3,2,1
ACADS,ESM-2 150M + CaLM,1,0.02,0.9,1.0,14,4,3,1
ACADS,ESM-2 150M + CaLM,2,0.74,0.975,0.0,14,4,3,1
ACADS,ESM-2 150M + CaLM,3,0.02,0.95,1.0,14,4,3,1
ACADS,ESM-2 150M + CaLM,4,0.0,1.0,0.5,15,3,2,1
ACADS,ESM-2 150M + CaLM,5,0.0,0.9090909090909092,1.0,15,3,2,1
ACADS,ESM-1b 650M + CaLM,1,0.19,0.875,1.0,14,4,3,1
ACADS,ESM-1b 650M + CaLM,2,0.19,0.925,1.0,14,4,3,1
ACADS,ESM-1b 650M + CaLM,3,0.0,0.95,0.6666666666666666,14,4,3,1
ACADS,ESM-1b 650M + CaLM,4,0.0,0.9090909090909092,1.0,15,3,2,1
ACADS,ESM-1b 650M + CaLM,5,0.19,1.0,1.0,15,3,2,1
ACADVL,ESM-2 150M + 650M,1,0.86,0.9759615384615384,0.98,108,27,25,2
ACADVL,ESM-2 150M + 650M,2,0.77,0.9533980582524272,1.0,108,27,26,1
ACADVL,ESM-2 150M + 650M,3,0.45,0.974757281553398,0.8076923076923077,108,27,26,1
ACADVL,ESM-2 150M + 650M,4,0.86,0.970873786407767,1.0,108,27,26,1
ACADVL,ESM-2 150M + 650M,5,0.77,0.9631067961165048,1.0,108,27,26,1
ACADVL,ESM-2 650M + ESM-1b 650M,1,0.76,0.9855769230769232,1.0,108,27,25,2
ACADVL,ESM-2 650M + ESM-1b 650M,2,0.64,0.9883495145631068,0.9615384615384616,108,27,26,1
ACADVL,ESM-2 650M + ESM-1b 650M,3,0.76,0.9864077669902912,1.0,108,27,26,1
ACADVL,ESM-2 650M + ESM-1b 650M,4,0.76,0.996116504854369,0.9615384615384616,108,27,26,1
ACADVL,ESM-2 650M + ESM-1b 650M,5,0.76,0.9825242718446602,1.0,108,27,26,1
ACADVL,ESM-2 650M + CaLM,1,0.4,0.9591346153846154,1.0,108,27,25,2
ACADVL,ESM-2 650M + CaLM,2,0.26,0.970873786407767,1.0,108,27,26,1
ACADVL,ESM-2 650M + CaLM,3,0.42,0.9902912621359224,0.8846153846153846,108,27,26,1
ACADVL,ESM-2 650M + CaLM,4,0.0,0.974757281553398,0.8846153846153846,108,27,26,1
ACADVL,ESM-2 650M + CaLM,5,0.29,0.9728155339805824,1.0,108,27,26,1
ACADVL,ESM-2 150M + CaLM,1,0.5,0.908653846153846,1.0,108,27,25,2
ACADVL,ESM-2 150M + CaLM,2,0.5700000000000001,0.9320388349514565,0.9230769230769232,108,27,26,1
ACADVL,ESM-2 150M + CaLM,3,0.56,0.920388349514563,1.0,108,27,26,1
ACADVL,ESM-2 150M + CaLM,4,0.59,0.9106796116504854,1.0,108,27,26,1
ACADVL,ESM-2 150M + CaLM,5,0.47,0.966990291262136,0.7307692307692307,108,27,26,1
ACADVL,ESM-1b 650M + CaLM,1,0.0,0.9855769230769232,0.96,108,27,25,2
ACADVL,ESM-1b 650M + CaLM,2,0.33,0.9980582524271844,0.9230769230769232,108,27,26,1
ACADVL,ESM-1b 650M + CaLM,3,0.23,0.9844660194174756,1.0,108,27,26,1
ACADVL,ESM-1b 650M + CaLM,4,0.18,0.9825242718446602,1.0,108,27,26,1
ACADVL,ESM-1b 650M + CaLM,5,0.08,0.9883495145631068,1.0,108,27,26,1
ACTN4,ESM-2 150M + 650M,1,0.38,0.9464285714285714,1.0,15,4,2,2
ACTN4,ESM-2 150M + 650M,2,0.38,0.9642857142857144,1.0,15,4,2,2
ACTN4,ESM-2 150M + 650M,3,0.15,0.9821428571428572,1.0,15,4,2,2
ACTN4,ESM-2 150M + 650M,4,0.31,0.9642857142857144,1.0,15,4,2,2
ACTN4,ESM-2 150M + 650M,5,0.38,0.984375,1.0,16,3,1,2
ACTN4,ESM-2 650M + ESM-1b 650M,1,0.28,0.9642857142857144,1.0,15,4,2,2
ACTN4,ESM-2 650M + ESM-1b 650M,2,0.28,1.0,1.0,15,4,2,2
ACTN4,ESM-2 650M + ESM-1b 650M,3,0.28,0.9642857142857144,1.0,15,4,2,2
ACTN4,ESM-2 650M + ESM-1b 650M,4,0.0,0.9642857142857144,1.0,15,4,2,2
ACTN4,ESM-2 650M + ESM-1b 650M,5,0.0,1.0,1.0,16,3,1,2
ACTN4,ESM-2 650M + CaLM,1,0.11,1.0,1.0,15,4,2,2
ACTN4,ESM-2 650M + CaLM,2,0.8200000000000001,1.0,1.0,15,4,2,2
ACTN4,ESM-2 650M + CaLM,3,0.8200000000000001,1.0,1.0,15,4,2,2
ACTN4,ESM-2 650M + CaLM,4,0.8200000000000001,1.0,1.0,15,4,2,2
ACTN4,ESM-2 650M + CaLM,5,0.25,1.0,1.0,16,3,1,2
ACTN4,ESM-2 150M + CaLM,1,0.9,1.0,1.0,15,4,2,2
ACTN4,ESM-2 150M + CaLM,2,0.37,1.0,1.0,15,4,2,2
ACTN4,ESM-2 150M + CaLM,3,0.9,1.0,1.0,15,4,2,2
ACTN4,ESM-2 150M + CaLM,4,0.55,1.0,1.0,15,4,2,2
ACTN4,ESM-2 150M + CaLM,5,0.9,1.0,1.0,16,3,1,2
ACTN4,ESM-1b 650M + CaLM,1,0.71,1.0,1.0,15,4,2,2
ACTN4,ESM-1b 650M + CaLM,2,0.71,1.0,1.0,15,4,2,2
ACTN4,ESM-1b 650M + CaLM,3,0.0,1.0,0.5,15,4,2,2
ACTN4,ESM-1b 650M + CaLM,4,0.14,1.0,1.0,15,4,2,2
ACTN4,ESM-1b 650M + CaLM,5,0.71,1.0,1.0,16,3,1,2
ACVRL1,ESM-2 150M + 650M,1,0.35,0.8644957983193278,0.9666666666666668,127,32,30,2
ACVRL1,ESM-2 150M + 650M,2,0.48,0.8739495798319328,0.9333333333333332,127,32,30,2
ACVRL1,ESM-2 150M + 650M,3,0.48,0.884453781512605,0.8333333333333334,127,32,30,2
ACVRL1,ESM-2 150M + 650M,4,0.27,0.9485294117647058,0.65,127,32,30,2
ACVRL1,ESM-2 150M + 650M,5,0.32,0.8541666666666666,1.0,128,31,29,2
ACVRL1,ESM-2 650M + ESM-1b 650M,1,0.76,0.940126050420168,0.9666666666666668,127,32,30,2
ACVRL1,ESM-2 650M + ESM-1b 650M,2,0.91,0.9390756302521008,1.0,127,32,30,2
ACVRL1,ESM-2 650M + ESM-1b 650M,3,0.99,0.9737394957983192,0.8666666666666667,127,32,30,2
ACVRL1,ESM-2 650M + ESM-1b 650M,4,0.71,0.967436974789916,0.85,127,32,30,2
ACVRL1,ESM-2 650M + ESM-1b 650M,5,0.76,0.9427083333333334,0.9827586206896552,128,31,29,2
ACVRL1,ESM-2 650M + CaLM,1,0.17,0.8623949579831933,0.9333333333333332,127,32,30,2
ACVRL1,ESM-2 650M + CaLM,2,0.17,0.8802521008403361,0.9,127,32,30,2
ACVRL1,ESM-2 650M + CaLM,3,0.43,0.953781512605042,0.5666666666666667,127,32,30,2
ACVRL1,ESM-2 650M + CaLM,4,0.3,0.8592436974789915,0.9666666666666668,127,32,30,2
ACVRL1,ESM-2 650M + CaLM,5,0.3,0.8510416666666667,1.0,128,31,29,2
ACVRL1,ESM-2 150M + CaLM,1,0.14,0.8592436974789915,0.9333333333333332,127,32,30,2
ACVRL1,ESM-2 150M + CaLM,2,0.14,0.8771008403361344,0.9,127,32,30,2
ACVRL1,ESM-2 150M + CaLM,3,0.14,0.9390756302521008,0.65,127,32,30,2
ACVRL1,ESM-2 150M + CaLM,4,0.22,0.8560924369747899,0.9666666666666668,127,32,30,2
ACVRL1,ESM-2 150M + CaLM,5,0.07,0.85625,0.9310344827586208,128,31,29,2
ACVRL1,ESM-1b 650M + CaLM,1,0.0,0.967436974789916,0.8833333333333333,127,32,30,2
ACVRL1,ESM-1b 650M + CaLM,2,0.27,0.96218487394958,0.8333333333333334,127,32,30,2
ACVRL1,ESM-1b 650M + CaLM,3,0.0,0.9285714285714286,1.0,127,32,30,2
ACVRL1,ESM-1b 650M + CaLM,4,0.02,0.944327731092437,0.95,127,32,30,2
ACVRL1,ESM-1b 650M + CaLM,5,0.02,0.9458333333333332,0.9655172413793104,128,31,29,2
ADA,ESM-2 150M + 650M,1,0.84,0.9935064935064936,1.0,29,8,6,2
ADA,ESM-2 150M + 650M,2,0.85,0.9805194805194806,1.0,29,8,6,2
ADA,ESM-2 150M + 650M,3,0.85,0.9813664596273292,1.0,30,7,5,2
ADA,ESM-2 150M + 650M,4,0.67,0.9937888198757764,1.0,30,7,5,2
ADA,ESM-2 150M + 650M,5,0.85,0.9943181818181818,1.0,30,7,6,1
ADA,ESM-2 650M + ESM-1b 650M,1,0.02,0.9935064935064936,1.0,29,8,6,2
ADA,ESM-2 650M + ESM-1b 650M,2,0.3,0.987012987012987,1.0,29,8,6,2
ADA,ESM-2 650M + ESM-1b 650M,3,0.3,0.9875776397515528,1.0,30,7,5,2
ADA,ESM-2 650M + ESM-1b 650M,4,0.3,0.9875776397515528,1.0,30,7,5,2
ADA,ESM-2 650M + ESM-1b 650M,5,0.0,1.0,0.8333333333333334,30,7,6,1
ADA,ESM-2 650M + CaLM,1,0.0,0.987012987012987,1.0,29,8,6,2
ADA,ESM-2 650M + CaLM,2,0.0,0.974025974025974,1.0,29,8,6,2
ADA,ESM-2 650M + CaLM,3,0.0,0.9937888198757764,0.9,30,7,5,2
ADA,ESM-2 650M + CaLM,4,0.0,0.9875776397515528,1.0,30,7,5,2
ADA,ESM-2 650M + CaLM,5,0.0,0.9772727272727272,1.0,30,7,6,1
ADA,ESM-2 150M + CaLM,1,0.08,0.9545454545454546,0.8333333333333334,29,8,6,2
ADA,ESM-2 150M + CaLM,2,0.14,0.948051948051948,0.9166666666666666,29,8,6,2
ADA,ESM-2 150M + CaLM,3,0.05,0.9316770186335404,1.0,30,7,5,2
ADA,ESM-2 150M + CaLM,4,0.42,0.937888198757764,0.9,30,7,5,2
ADA,ESM-2 150M + CaLM,5,0.11,0.9261363636363636,1.0,30,7,6,1
ADA,ESM-1b 650M + CaLM,1,0.0,0.961038961038961,1.0,29,8,6,2
ADA,ESM-1b 650M + CaLM,2,0.0,1.0,0.9166666666666666,29,8,6,2
ADA,ESM-1b 650M + CaLM,3,0.0,0.9627329192546584,1.0,30,7,5,2
ADA,ESM-1b 650M + CaLM,4,0.0,0.968944099378882,1.0,30,7,5,2
ADA,ESM-1b 650M + CaLM,5,0.0,0.9715909090909092,1.0,30,7,6,1
ADAMTSL2,ESM-2 150M + 650M,1,0.0,1.0,1.0,8,3,2,1
ADAMTSL2,ESM-2 150M + 650M,2,0.0,1.0,1.0,9,2,1,1
ADAMTSL2,ESM-2 150M + 650M,3,0.0,1.0,1.0,9,2,1,1
ADAMTSL2,ESM-2 150M + 650M,4,0.0,1.0,1.0,9,2,1,1
ADAMTSL2,ESM-2 150M + 650M,5,0.0,1.0,1.0,9,2,1,1
ADAMTSL2,ESM-2 650M + ESM-1b 650M,1,0.0,1.0,1.0,8,3,2,1
ADAMTSL2,ESM-2 650M + ESM-1b 650M,2,0.0,1.0,1.0,9,2,1,1
ADAMTSL2,ESM-2 650M + ESM-1b 650M,3,0.0,1.0,1.0,9,2,1,1
ADAMTSL2,ESM-2 650M + ESM-1b 650M,4,0.0,1.0,1.0,9,2,1,1
ADAMTSL2,ESM-2 650M + ESM-1b 650M,5,0.0,1.0,1.0,9,2,1,1
ADAMTSL2,ESM-2 650M + CaLM,1,0.0,1.0,1.0,8,3,2,1
ADAMTSL2,ESM-2 650M + CaLM,2,0.0,1.0,1.0,9,2,1,1
ADAMTSL2,ESM-2 650M + CaLM,3,0.0,1.0,1.0,9,2,1,1
ADAMTSL2,ESM-2 650M + CaLM,4,0.0,1.0,1.0,9,2,1,1
ADAMTSL2,ESM-2 650M + CaLM,5,0.0,1.0,1.0,9,2,1,1
ADAMTSL2,ESM-2 150M + CaLM,1,0.0,1.0,1.0,8,3,2,1
ADAMTSL2,ESM-2 150M + CaLM,2,0.0,1.0,1.0,9,2,1,1
ADAMTSL2,ESM-2 150M + CaLM,3,0.0,1.0,1.0,9,2,1,1
ADAMTSL2,ESM-2 150M + CaLM,4,0.0,1.0,1.0,9,2,1,1
ADAMTSL2,ESM-2 150M + CaLM,5,0.0,1.0,1.0,9,2,1,1
ADAMTSL2,ESM-1b 650M + CaLM,1,0.0,1.0,1.0,8,3,2,1
ADAMTSL2,ESM-1b 650M + CaLM,2,0.0,1.0,1.0,9,2,1,1
ADAMTSL2,ESM-1b 650M + CaLM,3,0.0,1.0,1.0,9,2,1,1
ADAMTSL2,ESM-1b 650M + CaLM,4,0.0,1.0,1.0,9,2,1,1
ADAMTSL2,ESM-1b 650M + CaLM,5,0.0,1.0,1.0,9,2,1,1
ADGRG1,ESM-2 150M + 650M,1,0.0,0.9047619047619048,0.5,16,5,2,3
ADGRG1,ESM-2 150M + 650M,2,0.0,0.8333333333333334,0.6666666666666666,17,4,1,3
ADGRG1,ESM-2 150M + 650M,3,0.0,0.7714285714285715,1.0,17,4,2,2
ADGRG1,ESM-2 150M + 650M,4,0.0,0.7857142857142857,1.0,17,4,2,2
ADGRG1,ESM-2 150M + 650M,5,0.0,0.8571428571428571,0.75,17,4,2,2
ADGRG1,ESM-2 650M + ESM-1b 650M,1,0.6900000000000001,0.7936507936507936,0.5,16,5,2,3
ADGRG1,ESM-2 650M + ESM-1b 650M,2,0.98,0.8194444444444444,0.3333333333333333,17,4,1,3
ADGRG1,ESM-2 650M + ESM-1b 650M,3,0.6900000000000001,0.6571428571428571,1.0,17,4,2,2
ADGRG1,ESM-2 650M + ESM-1b 650M,4,0.0,0.8142857142857143,0.25,17,4,2,2
ADGRG1,ESM-2 650M + ESM-1b 650M,5,0.6900000000000001,0.7428571428571429,0.75,17,4,2,2
ADGRG1,ESM-2 650M + CaLM,1,0.79,0.873015873015873,0.5,16,5,2,3
ADGRG1,ESM-2 650M + CaLM,2,0.79,0.7638888888888888,1.0,17,4,1,3
ADGRG1,ESM-2 650M + CaLM,3,0.6,0.7571428571428571,1.0,17,4,2,2
ADGRG1,ESM-2 650M + CaLM,4,0.96,0.8571428571428571,1.0,17,4,2,2
ADGRG1,ESM-2 650M + CaLM,5,0.79,0.8571428571428571,0.25,17,4,2,2
ADGRG1,ESM-2 150M + CaLM,1,0.12,0.7936507936507936,1.0,16,5,2,3
ADGRG1,ESM-2 150M + CaLM,2,0.45,0.9583333333333334,0.0,17,4,1,3
ADGRG1,ESM-2 150M + CaLM,3,0.3,0.8571428571428571,0.75,17,4,2,2
ADGRG1,ESM-2 150M + CaLM,4,0.12,0.8857142857142857,0.75,17,4,2,2
ADGRG1,ESM-2 150M + CaLM,5,0.0,0.8714285714285714,0.75,17,4,2,2
ADGRG1,ESM-1b 650M + CaLM,1,0.93,0.9206349206349206,0.5,16,5,2,3
ADGRG1,ESM-1b 650M + CaLM,2,0.93,0.8472222222222222,1.0,17,4,1,3
ADGRG1,ESM-1b 650M + CaLM,3,0.22,0.8428571428571429,0.5,17,4,2,2
ADGRG1,ESM-1b 650M + CaLM,4,0.0,0.7428571428571429,0.75,17,4,2,2
ADGRG1,ESM-1b 650M + CaLM,5,0.87,0.8,0.75,17,4,2,2
AFG3L2,ESM-2 150M + 650M,1,0.84,0.8,0.875,21,6,4,2
AFG3L2,ESM-2 150M + 650M,2,0.84,0.75,1.0,21,6,4,2
AFG3L2,ESM-2 150M + 650M,3,0.91,0.84375,0.75,22,5,4,1
AFG3L2,ESM-2 150M + 650M,4,0.91,0.84375,0.5,22,5,4,1
AFG3L2,ESM-2 150M + 650M,5,0.91,0.8229166666666666,0.75,22,5,4,1
AFG3L2,ESM-2 650M + ESM-1b 650M,1,0.42,0.8875,1.0,21,6,4,2
AFG3L2,ESM-2 650M + ESM-1b 650M,2,0.59,0.9125,1.0,21,6,4,2
AFG3L2,ESM-2 650M + ESM-1b 650M,3,0.72,0.9166666666666666,1.0,22,5,4,1
AFG3L2,ESM-2 650M + ESM-1b 650M,4,0.59,0.8854166666666666,1.0,22,5,4,1
AFG3L2,ESM-2 650M + ESM-1b 650M,5,0.59,0.9791666666666666,0.5,22,5,4,1
AFG3L2,ESM-2 650M + CaLM,1,0.97,0.975,0.75,21,6,4,2
AFG3L2,ESM-2 650M + CaLM,2,0.6,0.8625,0.875,21,6,4,2
AFG3L2,ESM-2 650M + CaLM,3,0.84,0.8854166666666666,1.0,22,5,4,1
AFG3L2,ESM-2 650M + CaLM,4,0.7000000000000001,0.9270833333333334,0.75,22,5,4,1
AFG3L2,ESM-2 650M + CaLM,5,0.84,0.875,1.0,22,5,4,1
AFG3L2,ESM-2 150M + CaLM,1,0.99,0.8875,0.875,21,6,4,2
AFG3L2,ESM-2 150M + CaLM,2,0.99,0.8375,1.0,21,6,4,2
AFG3L2,ESM-2 150M + CaLM,3,0.99,0.8958333333333334,1.0,22,5,4,1
AFG3L2,ESM-2 150M + CaLM,4,0.84,0.8645833333333334,1.0,22,5,4,1
AFG3L2,ESM-2 150M + CaLM,5,0.81,0.9270833333333334,0.75,22,5,4,1
AFG3L2,ESM-1b 650M + CaLM,1,0.25,0.925,1.0,21,6,4,2
AFG3L2,ESM-1b 650M + CaLM,2,0.5,0.925,1.0,21,6,4,2
AFG3L2,ESM-1b 650M + CaLM,3,0.5,0.9375,1.0,22,5,4,1
AFG3L2,ESM-1b 650M + CaLM,4,0.5,0.9895833333333334,0.75,22,5,4,1
AFG3L2,ESM-1b 650M + CaLM,5,0.56,0.96875,0.75,22,5,4,1
AIFM1,ESM-2 150M + 650M,1,0.87,0.9513888888888888,1.0,24,7,4,3
AIFM1,ESM-2 150M + 650M,2,0.6900000000000001,0.9102564102564102,1.0,25,6,3,3
AIFM1,ESM-2 150M + 650M,3,0.87,0.8910256410256411,1.0,25,6,3,3
AIFM1,ESM-2 150M + 650M,4,0.87,0.903846153846154,1.0,25,6,3,3
AIFM1,ESM-2 150M + 650M,5,0.9,0.9102564102564102,0.6666666666666666,25,6,3,3
AIFM1,ESM-2 650M + ESM-1b 650M,1,0.0,0.9097222222222222,0.9166666666666666,24,7,4,3
AIFM1,ESM-2 650M + ESM-1b 650M,2,0.07,0.9423076923076924,0.7777777777777778,25,6,3,3
AIFM1,ESM-2 650M + ESM-1b 650M,3,0.0,0.8974358974358975,1.0,25,6,3,3
AIFM1,ESM-2 650M + ESM-1b 650M,4,0.0,0.9166666666666666,0.8888888888888888,25,6,3,3
AIFM1,ESM-2 650M + ESM-1b 650M,5,0.0,0.8910256410256411,1.0,25,6,3,3
AIFM1,ESM-2 650M + CaLM,1,0.02,0.8958333333333334,1.0,24,7,4,3
AIFM1,ESM-2 650M + CaLM,2,0.0,0.8846153846153846,1.0,25,6,3,3
AIFM1,ESM-2 650M + CaLM,3,0.27,0.8782051282051282,1.0,25,6,3,3
AIFM1,ESM-2 650M + CaLM,4,0.0,0.9807692307692308,0.5555555555555556,25,6,3,3
AIFM1,ESM-2 650M + CaLM,5,0.2,0.9166666666666666,0.8888888888888888,25,6,3,3
AIFM1,ESM-2 150M + CaLM,1,0.71,0.8055555555555556,1.0,24,7,4,3
AIFM1,ESM-2 150M + CaLM,2,0.77,0.8910256410256411,0.6666666666666666,25,6,3,3
AIFM1,ESM-2 150M + CaLM,3,0.32,0.8525641025641025,0.6666666666666666,25,6,3,3
AIFM1,ESM-2 150M + CaLM,4,0.77,0.8333333333333334,1.0,25,6,3,3
AIFM1,ESM-2 150M + CaLM,5,0.71,0.8846153846153846,0.6666666666666666,25,6,3,3
AIFM1,ESM-1b 650M + CaLM,1,0.64,0.8888888888888888,0.75,24,7,4,3
AIFM1,ESM-1b 650M + CaLM,2,0.51,0.8589743589743589,0.8888888888888888,25,6,3,3
AIFM1,ESM-1b 650M + CaLM,3,0.56,0.8589743589743589,0.8888888888888888,25,6,3,3
AIFM1,ESM-1b 650M + CaLM,4,0.9,0.8846153846153846,0.7777777777777778,25,6,3,3
AIFM1,ESM-1b 650M + CaLM,5,0.56,0.8653846153846154,0.7777777777777778,25,6,3,3
AIRE,ESM-2 150M + 650M,1,0.66,0.98125,1.0,28,8,5,3
AIRE,ESM-2 150M + 650M,2,1.0,0.9833333333333332,1.0,29,7,5,2
AIRE,ESM-2 150M + 650M,3,1.0,0.9722222222222222,1.0,29,7,5,2
AIRE,ESM-2 150M + 650M,4,1.0,0.9722222222222222,1.0,29,7,5,2
AIRE,ESM-2 150M + 650M,5,0.63,0.9944444444444444,1.0,29,7,5,2
AIRE,ESM-2 650M + ESM-1b 650M,1,0.45,1.0,0.9333333333333332,28,8,5,3
AIRE,ESM-2 650M + ESM-1b 650M,2,0.05,0.9888888888888888,1.0,29,7,5,2
AIRE,ESM-2 650M + ESM-1b 650M,3,0.04,0.9944444444444444,1.0,29,7,5,2
AIRE,ESM-2 650M + ESM-1b 650M,4,0.09,1.0,1.0,29,7,5,2
AIRE,ESM-2 650M + ESM-1b 650M,5,0.09,0.9888888888888888,1.0,29,7,5,2
AIRE,ESM-2 650M + CaLM,1,0.0,0.975,1.0,28,8,5,3
AIRE,ESM-2 650M + CaLM,2,0.0,0.9666666666666668,1.0,29,7,5,2
AIRE,ESM-2 650M + CaLM,3,0.0,0.9888888888888888,0.9,29,7,5,2
AIRE,ESM-2 650M + CaLM,4,0.0,0.9722222222222222,1.0,29,7,5,2
AIRE,ESM-2 650M + CaLM,5,0.0,0.9888888888888888,1.0,29,7,5,2
AIRE,ESM-2 150M + CaLM,1,0.68,0.85,0.4666666666666667,28,8,5,3
AIRE,ESM-2 150M + CaLM,2,0.68,0.7722222222222223,0.8,29,7,5,2
AIRE,ESM-2 150M + CaLM,3,0.68,0.7166666666666667,1.0,29,7,5,2
AIRE,ESM-2 150M + CaLM,4,0.67,0.7611111111111111,0.9,29,7,5,2
AIRE,ESM-2 150M + CaLM,5,0.68,0.7944444444444444,0.8,29,7,5,2
AIRE,ESM-1b 650M + CaLM,1,0.36,0.9875,1.0,28,8,5,3
AIRE,ESM-1b 650M + CaLM,2,0.56,0.9888888888888888,0.9,29,7,5,2
AIRE,ESM-1b 650M + CaLM,3,0.41,0.9777777777777776,1.0,29,7,5,2
AIRE,ESM-1b 650M + CaLM,4,0.5,0.9666666666666668,1.0,29,7,5,2
AIRE,ESM-1b 650M + CaLM,5,0.0,0.9888888888888888,1.0,29,7,5,2
AK2,ESM-2 150M + 650M,1,0.0,1.0,1.0,8,2,1,1
AK2,ESM-2 150M + 650M,2,0.0,1.0,1.0,8,2,1,1
AK2,ESM-2 150M + 650M,3,0.0,1.0,1.0,8,2,1,1
AK2,ESM-2 150M + 650M,4,0.0,1.0,1.0,8,2,1,1
AK2,ESM-2 150M + 650M,5,0.0,1.0,1.0,8,2,1,1
AK2,ESM-2 650M + ESM-1b 650M,1,0.0,1.0,1.0,8,2,1,1
AK2,ESM-2 650M + ESM-1b 650M,2,0.0,1.0,1.0,8,2,1,1
AK2,ESM-2 650M + ESM-1b 650M,3,0.0,1.0,1.0,8,2,1,1
AK2,ESM-2 650M + ESM-1b 650M,4,0.0,1.0,1.0,8,2,1,1
AK2,ESM-2 650M + ESM-1b 650M,5,0.0,1.0,1.0,8,2,1,1
AK2,ESM-2 650M + CaLM,1,0.0,1.0,1.0,8,2,1,1
AK2,ESM-2 650M + CaLM,2,0.0,1.0,1.0,8,2,1,1
AK2,ESM-2 650M + CaLM,3,0.0,1.0,1.0,8,2,1,1
AK2,ESM-2 650M + CaLM,4,0.0,1.0,1.0,8,2,1,1
AK2,ESM-2 650M + CaLM,5,0.0,1.0,1.0,8,2,1,1
AK2,ESM-2 150M + CaLM,1,0.0,1.0,1.0,8,2,1,1
AK2,ESM-2 150M + CaLM,2,0.0,1.0,1.0,8,2,1,1
AK2,ESM-2 150M + CaLM,3,0.0,1.0,1.0,8,2,1,1
AK2,ESM-2 150M + CaLM,4,0.0,1.0,1.0,8,2,1,1
AK2,ESM-2 150M + CaLM,5,0.0,1.0,1.0,8,2,1,1
AK2,ESM-1b 650M + CaLM,1,0.46,1.0,1.0,8,2,1,1
AK2,ESM-1b 650M + CaLM,2,0.46,1.0,1.0,8,2,1,1
AK2,ESM-1b 650M + CaLM,3,0.46,1.0,1.0,8,2,1,1
AK2,ESM-1b 650M + CaLM,4,0.46,1.0,1.0,8,2,1,1
AK2,ESM-1b 650M + CaLM,5,0.0,1.0,0.0,8,2,1,1
ALAS2,ESM-2 150M + 650M,1,0.98,0.7083333333333334,0.8333333333333334,16,5,3,2
ALAS2,ESM-2 150M + 650M,2,0.97,0.8166666666666667,0.3333333333333333,17,4,3,1
ALAS2,ESM-2 150M + 650M,3,0.86,0.75,0.6666666666666666,17,4,3,1
ALAS2,ESM-2 150M + 650M,4,0.98,0.6666666666666666,1.0,17,4,3,1
ALAS2,ESM-2 150M + 650M,5,0.98,0.7,1.0,17,4,3,1
ALAS2,ESM-2 650M + ESM-1b 650M,1,0.5700000000000001,0.9375,1.0,16,5,3,2
ALAS2,ESM-2 650M + ESM-1b 650M,2,0.89,0.9333333333333332,1.0,17,4,3,1
ALAS2,ESM-2 650M + ESM-1b 650M,3,0.8200000000000001,0.9333333333333332,1.0,17,4,3,1
ALAS2,ESM-2 650M + ESM-1b 650M,4,0.89,1.0,0.6666666666666666,17,4,3,1
ALAS2,ESM-2 650M + ESM-1b 650M,5,0.89,0.9166666666666666,1.0,17,4,3,1
ALAS2,ESM-2 650M + CaLM,1,0.72,0.8541666666666666,0.6666666666666666,16,5,3,2
ALAS2,ESM-2 650M + CaLM,2,0.72,0.8166666666666667,1.0,17,4,3,1
ALAS2,ESM-2 650M + CaLM,3,0.34,0.8833333333333333,0.3333333333333333,17,4,3,1
ALAS2,ESM-2 650M + CaLM,4,0.45,0.8,1.0,17,4,3,1
ALAS2,ESM-2 650M + CaLM,5,0.71,0.7833333333333333,1.0,17,4,3,1
ALAS2,ESM-2 150M + CaLM,1,0.56,0.8958333333333334,0.6666666666666666,16,5,3,2
ALAS2,ESM-2 150M + CaLM,2,0.59,0.8,1.0,17,4,3,1
ALAS2,ESM-2 150M + CaLM,3,0.59,0.85,1.0,17,4,3,1
ALAS2,ESM-2 150M + CaLM,4,0.59,0.8166666666666667,1.0,17,4,3,1
ALAS2,ESM-2 150M + CaLM,5,0.38,0.8666666666666667,0.3333333333333333,17,4,3,1
ALAS2,ESM-1b 650M + CaLM,1,0.0,1.0,0.6666666666666666,16,5,3,2
ALAS2,ESM-1b 650M + CaLM,2,0.61,0.9666666666666668,0.6666666666666666,17,4,3,1
ALAS2,ESM-1b 650M + CaLM,3,0.0,0.9166666666666666,1.0,17,4,3,1
ALAS2,ESM-1b 650M + CaLM,4,0.19,0.95,1.0,17,4,3,1
ALAS2,ESM-1b 650M + CaLM,5,0.0,0.9333333333333332,1.0,17,4,3,1
ALDH18A1,ESM-2 150M + 650M,1,0.6,0.7946428571428571,0.75,22,6,4,2
ALDH18A1,ESM-2 150M + 650M,2,0.7000000000000001,0.8035714285714286,0.875,22,6,4,2
ALDH18A1,ESM-2 150M + 650M,3,0.08,0.7678571428571429,0.75,22,6,4,2
ALDH18A1,ESM-2 150M + 650M,4,0.6,0.7916666666666666,0.6666666666666666,23,5,3,2
ALDH18A1,ESM-2 150M + 650M,5,0.6,0.8333333333333334,0.5,23,5,3,2
ALDH18A1,ESM-2 650M + ESM-1b 650M,1,0.94,0.9642857142857144,0.875,22,6,4,2
ALDH18A1,ESM-2 650M + ESM-1b 650M,2,0.94,0.9553571428571428,0.875,22,6,4,2
ALDH18A1,ESM-2 650M + ESM-1b 650M,3,0.73,0.9375,1.0,22,6,4,2
ALDH18A1,ESM-2 650M + ESM-1b 650M,4,0.94,0.9166666666666666,1.0,23,5,3,2
ALDH18A1,ESM-2 650M + ESM-1b 650M,5,0.72,0.95,1.0,23,5,3,2
ALDH18A1,ESM-2 650M + CaLM,1,0.37,0.8303571428571429,1.0,22,6,4,2
ALDH18A1,ESM-2 650M + CaLM,2,0.44,0.8303571428571429,0.625,22,6,4,2
ALDH18A1,ESM-2 650M + CaLM,3,0.15,0.8392857142857143,0.5,22,6,4,2
ALDH18A1,ESM-2 650M + CaLM,4,0.37,0.7833333333333333,1.0,23,5,3,2
ALDH18A1,ESM-2 650M + CaLM,5,0.15,0.75,1.0,23,5,3,2
ALDH18A1,ESM-2 150M + CaLM,1,0.85,0.75,0.75,22,6,4,2
ALDH18A1,ESM-2 150M + CaLM,2,0.64,0.8303571428571429,0.5,22,6,4,2
ALDH18A1,ESM-2 150M + CaLM,3,0.08,0.7589285714285714,0.875,22,6,4,2
ALDH18A1,ESM-2 150M + CaLM,4,0.14,0.8166666666666667,0.5,23,5,3,2
ALDH18A1,ESM-2 150M + CaLM,5,0.22,0.7833333333333333,1.0,23,5,3,2
ALDH18A1,ESM-1b 650M + CaLM,1,0.0,0.9553571428571428,1.0,22,6,4,2
ALDH18A1,ESM-1b 650M + CaLM,2,0.0,0.9464285714285714,0.875,22,6,4,2
ALDH18A1,ESM-1b 650M + CaLM,3,0.0,0.9107142857142856,1.0,22,6,4,2
ALDH18A1,ESM-1b 650M + CaLM,4,0.0,0.9083333333333332,1.0,23,5,3,2
ALDH18A1,ESM-1b 650M + CaLM,5,0.0,0.9666666666666668,0.6666666666666666,23,5,3,2
ALDH3A2,ESM-2 150M + 650M,1,0.0,1.0,1.0,20,6,4,2
ALDH3A2,ESM-2 150M + 650M,2,0.0,1.0,1.0,21,5,3,2
ALDH3A2,ESM-2 150M + 650M,3,0.0,1.0,1.0,21,5,4,1
ALDH3A2,ESM-2 150M + 650M,4,0.0,1.0,1.0,21,5,4,1
ALDH3A2,ESM-2 150M + 650M,5,0.0,1.0,1.0,21,5,4,1
ALDH3A2,ESM-2 650M + ESM-1b 650M,1,0.1,1.0,1.0,20,6,4,2
ALDH3A2,ESM-2 650M + ESM-1b 650M,2,0.0,1.0,1.0,21,5,3,2
ALDH3A2,ESM-2 650M + ESM-1b 650M,3,0.1,1.0,1.0,21,5,4,1
ALDH3A2,ESM-2 650M + ESM-1b 650M,4,0.1,1.0,1.0,21,5,4,1
ALDH3A2,ESM-2 650M + ESM-1b 650M,5,0.09,1.0,1.0,21,5,4,1
ALDH3A2,ESM-2 650M + CaLM,1,0.19,0.9866666666666668,1.0,20,6,4,2
ALDH3A2,ESM-2 650M + CaLM,2,0.19,1.0,1.0,21,5,3,2
ALDH3A2,ESM-2 650M + CaLM,3,0.19,0.9888888888888888,1.0,21,5,4,1
ALDH3A2,ESM-2 650M + CaLM,4,0.19,0.9888888888888888,1.0,21,5,4,1
ALDH3A2,ESM-2 650M + CaLM,5,0.02,1.0,0.75,21,5,4,1
ALDH3A2,ESM-2 150M + CaLM,1,0.0,1.0,1.0,20,6,4,2
ALDH3A2,ESM-2 150M + CaLM,2,0.0,1.0,1.0,21,5,3,2
ALDH3A2,ESM-2 150M + CaLM,3,0.0,1.0,1.0,21,5,4,1
ALDH3A2,ESM-2 150M + CaLM,4,0.0,1.0,1.0,21,5,4,1
ALDH3A2,ESM-2 150M + CaLM,5,0.0,1.0,1.0,21,5,4,1
ALDH3A2,ESM-1b 650M + CaLM,1,0.0,1.0,1.0,20,6,4,2
ALDH3A2,ESM-1b 650M + CaLM,2,0.0,1.0,1.0,21,5,3,2
ALDH3A2,ESM-1b 650M + CaLM,3,0.04,1.0,1.0,21,5,4,1
ALDH3A2,ESM-1b 650M + CaLM,4,0.04,1.0,1.0,21,5,4,1
ALDH3A2,ESM-1b 650M + CaLM,5,0.04,1.0,1.0,21,5,4,1
ALDH5A1,ESM-2 150M + 650M,1,0.91,0.9605263157894736,1.0,42,11,9,2
ALDH5A1,ESM-2 150M + 650M,2,0.45,0.9675675675675676,1.0,42,11,10,1
ALDH5A1,ESM-2 150M + 650M,3,0.91,0.9783783783783784,1.0,42,11,10,1
ALDH5A1,ESM-2 150M + 650M,4,0.65,0.9894736842105264,0.7777777777777778,43,10,9,1
ALDH5A1,ESM-2 150M + 650M,5,0.16,0.9842105263157894,1.0,43,10,9,1
ALDH5A1,ESM-2 650M + ESM-1b 650M,1,0.41,1.0,1.0,42,11,9,2
ALDH5A1,ESM-2 650M + ESM-1b 650M,2,0.07,1.0,0.9,42,11,10,1
ALDH5A1,ESM-2 650M + ESM-1b 650M,3,0.41,1.0,1.0,42,11,10,1
ALDH5A1,ESM-2 650M + ESM-1b 650M,4,0.41,1.0,1.0,43,10,9,1
ALDH5A1,ESM-2 650M + ESM-1b 650M,5,0.41,1.0,1.0,43,10,9,1
ALDH5A1,ESM-2 650M + CaLM,1,0.59,0.986842105263158,1.0,42,11,9,2
ALDH5A1,ESM-2 650M + CaLM,2,0.32,0.9891891891891892,1.0,42,11,10,1
ALDH5A1,ESM-2 650M + CaLM,3,0.32,0.9837837837837838,1.0,42,11,10,1
ALDH5A1,ESM-2 650M + CaLM,4,0.32,0.9947368421052633,1.0,43,10,9,1
ALDH5A1,ESM-2 650M + CaLM,5,0.28,1.0,0.8888888888888888,43,10,9,1
ALDH5A1,ESM-2 150M + CaLM,1,0.79,0.9605263157894736,1.0,42,11,9,2
ALDH5A1,ESM-2 150M + CaLM,2,0.79,0.945945945945946,1.0,42,11,10,1
ALDH5A1,ESM-2 150M + CaLM,3,0.79,0.972972972972973,0.9,42,11,10,1
ALDH5A1,ESM-2 150M + CaLM,4,0.27,0.9842105263157894,0.4444444444444444,43,10,9,1
ALDH5A1,ESM-2 150M + CaLM,5,0.4,0.9473684210526316,1.0,43,10,9,1
ALDH5A1,ESM-1b 650M + CaLM,1,0.0,1.0,1.0,42,11,9,2
ALDH5A1,ESM-1b 650M + CaLM,2,0.01,1.0,1.0,42,11,10,1
ALDH5A1,ESM-1b 650M + CaLM,3,0.01,1.0,1.0,42,11,10,1
ALDH5A1,ESM-1b 650M + CaLM,4,0.01,1.0,1.0,43,10,9,1
ALDH5A1,ESM-1b 650M + CaLM,5,0.0,1.0,1.0,43,10,9,1
ALG1,ESM-2 150M + 650M,1,0.0,1.0,0.6666666666666666,20,5,3,2
ALG1,ESM-2 150M + 650M,2,0.05,0.9479166666666666,1.0,20,5,3,2
ALG1,ESM-2 150M + 650M,3,0.05,0.9375,1.0,20,5,3,2
ALG1,ESM-2 150M + 650M,4,0.03,0.9479166666666666,1.0,20,5,3,2
ALG1,ESM-2 150M + 650M,5,0.05,0.9583333333333334,1.0,20,5,3,2
ALG1,ESM-2 650M + ESM-1b 650M,1,0.43,0.9791666666666666,0.6666666666666666,20,5,3,2
ALG1,ESM-2 650M + ESM-1b 650M,2,0.01,0.96875,1.0,20,5,3,2
ALG1,ESM-2 650M + ESM-1b 650M,3,0.76,0.9479166666666666,0.8333333333333334,20,5,3,2
ALG1,ESM-2 650M + ESM-1b 650M,4,0.0,0.9479166666666666,0.8333333333333334,20,5,3,2
ALG1,ESM-2 650M + ESM-1b 650M,5,0.5700000000000001,0.9375,1.0,20,5,3,2
ALG1,ESM-2 650M + CaLM,1,0.26,1.0,0.8333333333333334,20,5,3,2
ALG1,ESM-2 650M + CaLM,2,0.47,0.9895833333333334,1.0,20,5,3,2
ALG1,ESM-2 650M + CaLM,3,0.32,0.9895833333333334,1.0,20,5,3,2
ALG1,ESM-2 650M + CaLM,4,0.47,0.9791666666666666,1.0,20,5,3,2
ALG1,ESM-2 650M + CaLM,5,0.47,0.9791666666666666,1.0,20,5,3,2
ALG1,ESM-2 150M + CaLM,1,0.07,0.9375,1.0,20,5,3,2
ALG1,ESM-2 150M + CaLM,2,0.07,0.96875,1.0,20,5,3,2
ALG1,ESM-2 150M + CaLM,3,0.0,1.0,0.6666666666666666,20,5,3,2
ALG1,ESM-2 150M + CaLM,4,0.05,0.9375,1.0,20,5,3,2
ALG1,ESM-2 150M + CaLM,5,0.74,0.9791666666666666,0.8333333333333334,20,5,3,2
ALG1,ESM-1b 650M + CaLM,1,0.46,0.9895833333333334,0.8333333333333334,20,5,3,2
ALG1,ESM-1b 650M + CaLM,2,0.35,0.96875,0.6666666666666666,20,5,3,2
ALG1,ESM-1b 650M + CaLM,3,0.56,0.9375,1.0,20,5,3,2
ALG1,ESM-1b 650M + CaLM,4,0.56,0.9375,1.0,20,5,3,2
ALG1,ESM-1b 650M + CaLM,5,0.56,0.9270833333333334,1.0,20,5,3,2
ALOXE3,ESM-2 150M + 650M,1,1.0,0.875,1.0,8,3,1,2
ALOXE3,ESM-2 150M + 650M,2,0.25,0.85,1.0,9,2,1,1
ALOXE3,ESM-2 150M + 650M,3,1.0,0.9,1.0,9,2,1,1
ALOXE3,ESM-2 150M + 650M,4,0.74,0.95,1.0,9,2,1,1
ALOXE3,ESM-2 150M + 650M,5,1.0,0.95,1.0,9,2,1,1
ALOXE3,ESM-2 650M + ESM-1b 650M,1,0.47,0.875,1.0,8,3,1,2
ALOXE3,ESM-2 650M + ESM-1b 650M,2,0.47,0.9,1.0,9,2,1,1
ALOXE3,ESM-2 650M + ESM-1b 650M,3,0.47,0.9,1.0,9,2,1,1
ALOXE3,ESM-2 650M + ESM-1b 650M,4,0.0,0.95,1.0,9,2,1,1
ALOXE3,ESM-2 650M + ESM-1b 650M,5,0.0,1.0,0.0,9,2,1,1
ALOXE3,ESM-2 650M + CaLM,1,0.49,1.0,1.0,8,3,1,2
ALOXE3,ESM-2 650M + CaLM,2,0.4,1.0,1.0,9,2,1,1
ALOXE3,ESM-2 650M + CaLM,3,0.49,1.0,1.0,9,2,1,1
ALOXE3,ESM-2 650M + CaLM,4,0.49,1.0,1.0,9,2,1,1
ALOXE3,ESM-2 650M + CaLM,5,0.38,1.0,1.0,9,2,1,1
ALOXE3,ESM-2 150M + CaLM,1,0.64,0.75,1.0,8,3,1,2
ALOXE3,ESM-2 150M + CaLM,2,0.58,0.95,0.0,9,2,1,1
ALOXE3,ESM-2 150M + CaLM,3,0.64,0.75,1.0,9,2,1,1
ALOXE3,ESM-2 150M + CaLM,4,0.46,0.75,1.0,9,2,1,1
ALOXE3,ESM-2 150M + CaLM,5,0.64,0.9,0.0,9,2,1,1
ALOXE3,ESM-1b 650M + CaLM,1,0.0,1.0,0.5,8,3,1,2
ALOXE3,ESM-1b 650M + CaLM,2,0.38,1.0,1.0,9,2,1,1
ALOXE3,ESM-1b 650M + CaLM,3,0.38,1.0,1.0,9,2,1,1
ALOXE3,ESM-1b 650M + CaLM,4,0.38,1.0,1.0,9,2,1,1
ALOXE3,ESM-1b 650M + CaLM,5,0.38,1.0,1.0,9,2,1,1
AMHR2,ESM-2 150M + 650M,1,0.09,0.75,1.0,10,3,1,2
AMHR2,ESM-2 150M + 650M,2,0.67,0.8,1.0,10,3,2,1
AMHR2,ESM-2 150M + 650M,3,0.0,1.0,0.0,10,3,2,1
AMHR2,ESM-2 150M + 650M,4,0.67,0.8,1.0,11,2,1,1
AMHR2,ESM-2 150M + 650M,5,0.67,0.8,1.0,11,2,1,1
AMHR2,ESM-2 650M + ESM-1b 650M,1,0.7000000000000001,1.0,1.0,10,3,1,2
AMHR2,ESM-2 650M + ESM-1b 650M,2,0.7000000000000001,0.84,1.0,10,3,2,1
AMHR2,ESM-2 650M + ESM-1b 650M,3,0.0,0.96,0.5,10,3,2,1
AMHR2,ESM-2 650M + ESM-1b 650M,4,0.7000000000000001,0.8666666666666667,1.0,11,2,1,1
AMHR2,ESM-2 650M + ESM-1b 650M,5,0.7000000000000001,0.9,1.0,11,2,1,1
AMHR2,ESM-2 650M + CaLM,1,0.0,0.75,1.0,10,3,1,2
AMHR2,ESM-2 650M + CaLM,2,0.0,1.0,0.0,10,3,2,1
AMHR2,ESM-2 650M + CaLM,3,0.0,0.8,1.0,10,3,2,1
AMHR2,ESM-2 650M + CaLM,4,0.0,0.8,1.0,11,2,1,1
AMHR2,ESM-2 650M + CaLM,5,0.34,0.8333333333333334,1.0,11,2,1,1
AMHR2,ESM-2 150M + CaLM,1,0.54,0.875,0.0,10,3,1,2
AMHR2,ESM-2 150M + CaLM,2,0.0,0.72,1.0,10,3,2,1
AMHR2,ESM-2 150M + CaLM,3,0.17,0.76,1.0,10,3,2,1
AMHR2,ESM-2 150M + CaLM,4,0.17,0.7666666666666667,1.0,11,2,1,1
AMHR2,ESM-2 150M + CaLM,5,0.17,0.9333333333333332,0.0,11,2,1,1
AMHR2,ESM-1b 650M + CaLM,1,0.0,1.0,0.5,10,3,1,2
AMHR2,ESM-1b 650M + CaLM,2,0.0,0.88,1.0,10,3,2,1
AMHR2,ESM-1b 650M + CaLM,3,0.0,0.92,1.0,10,3,2,1
AMHR2,ESM-1b 650M + CaLM,4,0.0,0.8666666666666667,1.0,11,2,1,1
AMHR2,ESM-1b 650M + CaLM,5,0.08,0.9,1.0,11,2,1,1
ANO3,ESM-2 150M + 650M,1,0.0,1.0,1.0,11,3,1,2
ANO3,ESM-2 150M + 650M,2,0.0,1.0,1.0,11,3,1,2
ANO3,ESM-2 150M + 650M,3,0.0,1.0,1.0,11,3,1,2
ANO3,ESM-2 150M + 650M,4,0.0,1.0,1.0,11,3,1,2
ANO3,ESM-2 150M + 650M,5,0.0,1.0,1.0,12,2,1,1
ANO3,ESM-2 650M + ESM-1b 650M,1,0.0,1.0,1.0,11,3,1,2
ANO3,ESM-2 650M + ESM-1b 650M,2,0.0,1.0,1.0,11,3,1,2
ANO3,ESM-2 650M + ESM-1b 650M,3,0.0,1.0,1.0,11,3,1,2
ANO3,ESM-2 650M + ESM-1b 650M,4,0.0,1.0,1.0,11,3,1,2
ANO3,ESM-2 650M + ESM-1b 650M,5,0.0,1.0,1.0,12,2,1,1
ANO3,ESM-2 650M + CaLM,1,0.0,1.0,1.0,11,3,1,2
ANO3,ESM-2 650M + CaLM,2,0.0,1.0,1.0,11,3,1,2
ANO3,ESM-2 650M + CaLM,3,0.0,1.0,1.0,11,3,1,2
ANO3,ESM-2 650M + CaLM,4,0.0,1.0,1.0,11,3,1,2
ANO3,ESM-2 650M + CaLM,5,0.0,1.0,1.0,12,2,1,1
ANO3,ESM-2 150M + CaLM,1,0.0,1.0,1.0,11,3,1,2
ANO3,ESM-2 150M + CaLM,2,0.0,1.0,1.0,11,3,1,2
ANO3,ESM-2 150M + CaLM,3,0.0,1.0,1.0,11,3,1,2
ANO3,ESM-2 150M + CaLM,4,0.0,1.0,1.0,11,3,1,2
ANO3,ESM-2 150M + CaLM,5,0.0,1.0,1.0,12,2,1,1
ANO3,ESM-1b 650M + CaLM,1,0.0,1.0,1.0,11,3,1,2
ANO3,ESM-1b 650M + CaLM,2,0.0,1.0,1.0,11,3,1,2
ANO3,ESM-1b 650M + CaLM,3,0.0,1.0,1.0,11,3,1,2
ANO3,ESM-1b 650M + CaLM,4,0.0,1.0,1.0,11,3,1,2
ANO3,ESM-1b 650M + CaLM,5,0.0,1.0,1.0,12,2,1,1
ANOS1,ESM-2 150M + 650M,1,0.0,1.0,1.0,13,4,2,2
ANOS1,ESM-2 150M + 650M,2,0.26,1.0,1.0,13,4,2,2
ANOS1,ESM-2 150M + 650M,3,0.15,1.0,1.0,14,3,1,2
ANOS1,ESM-2 150M + 650M,4,0.26,1.0,1.0,14,3,1,2
ANOS1,ESM-2 150M + 650M,5,0.26,1.0,1.0,14,3,1,2
ANOS1,ESM-2 650M + ESM-1b 650M,1,0.0,0.925,1.0,13,4,2,2
ANOS1,ESM-2 650M + ESM-1b 650M,2,0.0,0.95,1.0,13,4,2,2
ANOS1,ESM-2 650M + ESM-1b 650M,3,0.0,0.9791666666666666,0.5,14,3,1,2
ANOS1,ESM-2 650M + ESM-1b 650M,4,0.0,0.9375,1.0,14,3,1,2
ANOS1,ESM-2 650M + ESM-1b 650M,5,0.0,0.9791666666666666,1.0,14,3,1,2
ANOS1,ESM-2 650M + CaLM,1,0.03,1.0,1.0,13,4,2,2
ANOS1,ESM-2 650M + CaLM,2,0.06,1.0,1.0,13,4,2,2
ANOS1,ESM-2 650M + CaLM,3,0.08,1.0,1.0,14,3,1,2
ANOS1,ESM-2 650M + CaLM,4,0.08,1.0,1.0,14,3,1,2
ANOS1,ESM-2 650M + CaLM,5,0.08,1.0,1.0,14,3,1,2
ANOS1,ESM-2 150M + CaLM,1,0.11,0.95,1.0,13,4,2,2
ANOS1,ESM-2 150M + CaLM,2,0.0,1.0,1.0,13,4,2,2
ANOS1,ESM-2 150M + CaLM,3,0.13,0.9791666666666666,1.0,14,3,1,2
ANOS1,ESM-2 150M + CaLM,4,0.29,1.0,1.0,14,3,1,2
ANOS1,ESM-2 150M + CaLM,5,0.13,0.9583333333333334,1.0,14,3,1,2
ANOS1,ESM-1b 650M + CaLM,1,0.28,1.0,1.0,13,4,2,2
ANOS1,ESM-1b 650M + CaLM,2,0.38,1.0,1.0,13,4,2,2
ANOS1,ESM-1b 650M + CaLM,3,0.38,1.0,1.0,14,3,1,2
ANOS1,ESM-1b 650M + CaLM,4,0.38,1.0,1.0,14,3,1,2
ANOS1,ESM-1b 650M + CaLM,5,0.38,1.0,1.0,14,3,1,2
APP,ESM-2 150M + 650M,1,0.97,0.4871794871794871,0.5833333333333334,25,7,3,4
APP,ESM-2 150M + 650M,2,0.01,0.4935897435897436,0.5,25,7,4,3
APP,ESM-2 150M + 650M,3,0.6900000000000001,0.591715976331361,0.2222222222222222,26,6,3,3
APP,ESM-2 150M + 650M,4,0.6900000000000001,0.5029585798816568,0.5555555555555556,26,6,3,3
APP,ESM-2 150M + 650M,5,0.01,0.5798816568047337,0.1111111111111111,26,6,3,3
APP,ESM-2 650M + ESM-1b 650M,1,0.93,0.9294871794871796,0.75,25,7,3,4
APP,ESM-2 650M + ESM-1b 650M,2,0.99,0.8717948717948718,1.0,25,7,4,3
APP,ESM-2 650M + ESM-1b 650M,3,0.93,0.8757396449704142,0.8888888888888888,26,6,3,3
APP,ESM-2 650M + ESM-1b 650M,4,0.99,0.8875739644970414,0.8888888888888888,26,6,3,3
APP,ESM-2 650M + ESM-1b 650M,5,0.99,0.8402366863905325,1.0,26,6,3,3
APP,ESM-2 650M + CaLM,1,0.07,0.6025641025641025,0.3333333333333333,25,7,3,4
APP,ESM-2 650M + CaLM,2,0.09,0.532051282051282,0.5,25,7,4,3
APP,ESM-2 650M + CaLM,3,1.0,0.5029585798816568,0.4444444444444444,26,6,3,3
APP,ESM-2 650M + CaLM,4,0.84,0.5798816568047337,0.2222222222222222,26,6,3,3
APP,ESM-2 650M + CaLM,5,0.97,0.514792899408284,0.3333333333333333,26,6,3,3
APP,ESM-2 150M + CaLM,1,0.89,0.6089743589743589,0.25,25,7,3,4
APP,ESM-2 150M + CaLM,2,0.01,0.5897435897435898,0.0833333333333333,25,7,4,3
APP,ESM-2 150M + CaLM,3,0.78,0.4615384615384615,0.5555555555555556,26,6,3,3
APP,ESM-2 150M + CaLM,4,0.01,0.4437869822485207,0.7777777777777778,26,6,3,3
APP,ESM-2 150M + CaLM,5,0.97,0.5621301775147929,0.2222222222222222,26,6,3,3
APP,ESM-1b 650M + CaLM,1,0.25,0.8461538461538461,1.0,25,7,3,4
APP,ESM-1b 650M + CaLM,2,0.0,0.8910256410256411,0.8333333333333334,25,7,4,3
APP,ESM-1b 650M + CaLM,3,0.25,0.8757396449704142,0.8888888888888888,26,6,3,3
APP,ESM-1b 650M + CaLM,4,0.15,0.9112426035502958,0.7777777777777778,26,6,3,3
APP,ESM-1b 650M + CaLM,5,0.15,0.893491124260355,0.7777777777777778,26,6,3,3
AR,ESM-2 150M + 650M,1,1.0,0.6455696202531646,0.6666666666666666,102,26,20,6
AR,ESM-2 150M + 650M,2,1.0,0.6675839295542102,0.5666666666666667,102,26,20,6
AR,ESM-2 150M + 650M,3,1.0,0.6274078150798019,0.7083333333333334,102,26,20,6
AR,ESM-2 150M + 650M,4,1.0,0.6342391304347826,0.7192982456140351,103,25,19,6
AR,ESM-2 150M + 650M,5,1.0,0.6582278481012658,0.58,103,25,20,5
AR,ESM-2 650M + ESM-1b 650M,1,0.5700000000000001,0.9113924050632912,0.9583333333333334,102,26,20,6
AR,ESM-2 650M + ESM-1b 650M,2,0.96,0.922399559713814,0.9333333333333332,102,26,20,6
AR,ESM-2 650M + ESM-1b 650M,3,0.98,0.9350577875619152,0.8583333333333333,102,26,20,6
AR,ESM-2 650M + ESM-1b 650M,4,0.62,0.9510869565217392,0.8333333333333334,103,25,19,6
AR,ESM-2 650M + ESM-1b 650M,5,0.96,0.9066455696202532,1.0,103,25,20,5
AR,ESM-2 650M + CaLM,1,0.85,0.6208035222894882,0.8,102,26,20,6
AR,ESM-2 650M + CaLM,2,0.85,0.6752889378095762,0.6,102,26,20,6
AR,ESM-2 650M + CaLM,3,0.85,0.7011557512383049,0.4916666666666666,102,26,20,6
AR,ESM-2 650M + CaLM,4,0.9,0.6489130434782608,0.7456140350877193,103,25,19,6
AR,ESM-2 650M + CaLM,5,0.0,0.6666666666666666,0.62,103,25,20,5
AR,ESM-2 150M + CaLM,1,0.9,0.6725371491469455,0.5916666666666667,102,26,20,6
AR,ESM-2 150M + CaLM,2,0.9,0.6516235553109522,0.675,102,26,20,6
AR,ESM-2 150M + CaLM,3,0.8300000000000001,0.6686846450192625,0.6333333333333333,102,26,20,6
AR,ESM-2 150M + CaLM,4,0.9,0.6641304347826087,0.6140350877192983,103,25,19,6
AR,ESM-2 150M + CaLM,5,0.96,0.630801687763713,0.73,103,25,20,5
AR,ESM-1b 650M + CaLM,1,0.0,0.9356081452944414,0.8833333333333333,102,26,20,6
AR,ESM-1b 650M + CaLM,2,0.0,0.9014859658778206,1.0,102,26,20,6
AR,ESM-1b 650M + CaLM,3,0.0,0.9124931205283434,0.9833333333333332,102,26,20,6
AR,ESM-1b 650M + CaLM,4,0.0,0.9402173913043478,0.8596491228070176,103,25,19,6
AR,ESM-1b 650M + CaLM,5,0.01,0.9319620253164556,0.88,103,25,20,5
ARSA,ESM-2 150M + 650M,1,0.99,0.8882978723404256,0.6041666666666666,102,26,24,2
ARSA,ESM-2 150M + 650M,2,1.0,0.8537234042553191,0.875,102,26,24,2
ARSA,ESM-2 150M + 650M,3,1.0,0.8377659574468085,0.9375,102,26,24,2
ARSA,ESM-2 150M + 650M,4,1.0,0.8710526315789474,0.8043478260869565,103,25,23,2
ARSA,ESM-2 150M + 650M,5,0.99,0.7973684210526316,1.0,103,25,23,2
ARSA,ESM-2 650M + ESM-1b 650M,1,0.6,0.8776595744680851,0.8125,102,26,24,2
ARSA,ESM-2 650M + ESM-1b 650M,2,0.6900000000000001,0.8909574468085106,0.7708333333333334,102,26,24,2
ARSA,ESM-2 650M + ESM-1b 650M,3,0.6900000000000001,0.8430851063829787,0.9166666666666666,102,26,24,2
ARSA,ESM-2 650M + ESM-1b 650M,4,0.0,0.8776315789473684,0.782608695652174,103,25,23,2
ARSA,ESM-2 650M + ESM-1b 650M,5,0.6900000000000001,0.8342105263157895,0.9565217391304348,103,25,23,2
ARSA,ESM-2 650M + CaLM,1,0.0,0.8191489361702128,0.9583333333333334,102,26,24,2
ARSA,ESM-2 650M + CaLM,2,0.02,0.8311170212765957,0.9166666666666666,102,26,24,2
ARSA,ESM-2 650M + CaLM,3,0.0,0.913563829787234,0.5625,102,26,24,2
ARSA,ESM-2 650M + CaLM,4,0.0,0.8342105263157895,0.9347826086956522,103,25,23,2
ARSA,ESM-2 650M + CaLM,5,0.02,0.8539473684210527,0.8478260869565217,103,25,23,2
ARSA,ESM-2 150M + CaLM,1,0.03,0.7845744680851063,0.7291666666666666,102,26,24,2
ARSA,ESM-2 150M + CaLM,2,0.11,0.776595744680851,0.75,102,26,24,2
ARSA,ESM-2 150M + CaLM,3,0.03,0.7433510638297872,0.8541666666666666,102,26,24,2
ARSA,ESM-2 150M + CaLM,4,0.03,0.775,0.7391304347826086,103,25,23,2
ARSA,ESM-2 150M + CaLM,5,0.11,0.7710526315789473,0.6956521739130435,103,25,23,2
ARSA,ESM-1b 650M + CaLM,1,0.03,0.8590425531914894,0.8125,102,26,24,2
ARSA,ESM-1b 650M + CaLM,2,0.01,0.8151595744680851,0.9583333333333334,102,26,24,2
ARSA,ESM-1b 650M + CaLM,3,0.0,0.8696808510638298,0.7083333333333334,102,26,24,2
ARSA,ESM-1b 650M + CaLM,4,0.21,0.8144736842105263,0.9565217391304348,103,25,23,2
ARSA,ESM-1b 650M + CaLM,5,0.02,0.881578947368421,0.7391304347826086,103,25,23,2
ARSB,ESM-2 150M + 650M,1,0.8200000000000001,0.9148936170212766,0.7083333333333334,52,14,12,2
ARSB,ESM-2 150M + 650M,2,0.19,0.825,1.0,53,13,11,2
ARSB,ESM-2 150M + 650M,3,0.23,0.851063829787234,0.9166666666666666,53,13,12,1
ARSB,ESM-2 150M + 650M,4,0.19,0.8297872340425532,1.0,53,13,12,1
ARSB,ESM-2 150M + 650M,5,0.23,0.875886524822695,0.75,53,13,12,1
ARSB,ESM-2 650M + ESM-1b 650M,1,0.0,0.8042553191489362,0.9166666666666666,52,14,12,2
ARSB,ESM-2 650M + ESM-1b 650M,2,0.73,0.9375,0.5,53,13,11,2
ARSB,ESM-2 650M + ESM-1b 650M,3,0.0,0.7872340425531915,1.0,53,13,12,1
ARSB,ESM-2 650M + ESM-1b 650M,4,0.0,0.8617021276595744,0.6666666666666666,53,13,12,1
ARSB,ESM-2 650M + ESM-1b 650M,5,0.0,0.8191489361702128,1.0,53,13,12,1
ARSB,ESM-2 650M + CaLM,1,0.31,0.9234042553191488,0.7083333333333334,52,14,12,2
ARSB,ESM-2 650M + CaLM,2,0.18,0.8166666666666667,0.8636363636363636,53,13,11,2
ARSB,ESM-2 650M + CaLM,3,0.06,0.8297872340425532,0.9166666666666666,53,13,12,1
ARSB,ESM-2 650M + CaLM,4,0.06,0.8368794326241135,1.0,53,13,12,1
ARSB,ESM-2 650M + CaLM,5,0.06,0.8226950354609929,1.0,53,13,12,1
ARSB,ESM-2 150M + CaLM,1,0.03,0.8468085106382979,0.7916666666666666,52,14,12,2
ARSB,ESM-2 150M + CaLM,2,0.0,0.8958333333333334,0.6363636363636364,53,13,11,2
ARSB,ESM-2 150M + CaLM,3,0.03,0.8333333333333334,0.9166666666666666,53,13,12,1
ARSB,ESM-2 150M + CaLM,4,0.06,0.8475177304964538,0.8333333333333334,53,13,12,1
ARSB,ESM-2 150M + CaLM,5,0.03,0.8156028368794326,1.0,53,13,12,1
ARSB,ESM-1b 650M + CaLM,1,0.05,0.7574468085106383,0.9583333333333334,52,14,12,2
ARSB,ESM-1b 650M + CaLM,2,0.43,0.7458333333333333,0.9545454545454546,53,13,11,2
ARSB,ESM-1b 650M + CaLM,3,0.43,0.8014184397163121,0.8333333333333334,53,13,12,1
ARSB,ESM-1b 650M + CaLM,4,0.05,0.9184397163120568,0.0,53,13,12,1
ARSB,ESM-1b 650M + CaLM,5,0.43,0.7836879432624113,0.9166666666666666,53,13,12,1
ARSL,ESM-2 150M + 650M,1,0.91,0.7946428571428571,1.0,22,6,2,4
ARSL,ESM-2 150M + 650M,2,0.91,0.7321428571428571,1.0,22,6,2,4
ARSL,ESM-2 150M + 650M,3,0.89,0.8035714285714286,0.75,22,6,2,4
ARSL,ESM-2 150M + 650M,4,0.88,0.8666666666666667,0.3333333333333333,23,5,2,3
ARSL,ESM-2 150M + 650M,5,0.91,0.8666666666666667,0.6666666666666666,23,5,2,3
ARSL,ESM-2 650M + ESM-1b 650M,1,0.62,0.8392857142857143,0.875,22,6,2,4
ARSL,ESM-2 650M + ESM-1b 650M,2,0.79,0.8660714285714286,0.75,22,6,2,4
ARSL,ESM-2 650M + ESM-1b 650M,3,0.84,0.8482142857142857,1.0,22,6,2,4
ARSL,ESM-2 650M + ESM-1b 650M,4,0.5700000000000001,0.8166666666666667,1.0,23,5,2,3
ARSL,ESM-2 650M + ESM-1b 650M,5,0.62,0.9166666666666666,0.6666666666666666,23,5,2,3
ARSL,ESM-2 650M + CaLM,1,0.06,0.7767857142857143,1.0,22,6,2,4
ARSL,ESM-2 650M + CaLM,2,0.01,0.8660714285714286,0.625,22,6,2,4
ARSL,ESM-2 650M + CaLM,3,0.0,0.8214285714285714,0.75,22,6,2,4
ARSL,ESM-2 650M + CaLM,4,0.06,0.825,1.0,23,5,2,3
ARSL,ESM-2 650M + CaLM,5,0.06,0.8083333333333333,1.0,23,5,2,3
ARSL,ESM-2 150M + CaLM,1,0.0,0.6339285714285714,0.625,22,6,2,4
ARSL,ESM-2 150M + CaLM,2,0.0,0.6428571428571429,0.375,22,6,2,4
ARSL,ESM-2 150M + CaLM,3,0.0,0.5982142857142857,0.75,22,6,2,4
ARSL,ESM-2 150M + CaLM,4,0.0,0.575,1.0,23,5,2,3
ARSL,ESM-2 150M + CaLM,5,0.0,0.6166666666666667,0.5,23,5,2,3
ARSL,ESM-1b 650M + CaLM,1,0.0,0.8392857142857143,0.875,22,6,2,4
ARSL,ESM-1b 650M + CaLM,2,0.0,0.875,0.625,22,6,2,4
ARSL,ESM-1b 650M + CaLM,3,0.0,0.875,0.75,22,6,2,4
ARSL,ESM-1b 650M + CaLM,4,0.0,0.8,1.0,23,5,2,3
ARSL,ESM-1b 650M + CaLM,5,0.0,0.8083333333333333,1.0,23,5,2,3
ARX,ESM-2 150M + 650M,1,0.8300000000000001,0.909375,1.0,36,9,4,5
ARX,ESM-2 150M + 650M,2,0.8300000000000001,0.9,1.0,36,9,4,5
ARX,ESM-2 150M + 650M,3,0.6900000000000001,0.90625,1.0,36,9,4,5
ARX,ESM-2 150M + 650M,4,0.64,0.978125,0.65,36,9,4,5
ARX,ESM-2 150M + 650M,5,0.8,0.915625,1.0,36,9,4,5
ARX,ESM-2 650M + ESM-1b 650M,1,0.5700000000000001,0.96875,1.0,36,9,4,5
ARX,ESM-2 650M + ESM-1b 650M,2,0.53,0.978125,1.0,36,9,4,5
ARX,ESM-2 650M + ESM-1b 650M,3,0.53,0.9625,1.0,36,9,4,5
ARX,ESM-2 650M + ESM-1b 650M,4,0.52,0.965625,1.0,36,9,4,5
ARX,ESM-2 650M + ESM-1b 650M,5,0.52,0.990625,0.9,36,9,4,5
ARX,ESM-2 650M + CaLM,1,0.63,0.9125,1.0,36,9,4,5
ARX,ESM-2 650M + CaLM,2,0.53,0.93125,0.95,36,9,4,5
ARX,ESM-2 650M + CaLM,3,0.07,0.915625,0.95,36,9,4,5
ARX,ESM-2 650M + CaLM,4,0.07,0.95625,0.75,36,9,4,5
ARX,ESM-2 650M + CaLM,5,0.63,0.928125,0.95,36,9,4,5
ARX,ESM-2 150M + CaLM,1,0.97,0.896875,0.95,36,9,4,5
ARX,ESM-2 150M + CaLM,2,0.97,0.915625,0.95,36,9,4,5
ARX,ESM-2 150M + CaLM,3,0.97,0.9125,0.85,36,9,4,5
ARX,ESM-2 150M + CaLM,4,0.95,0.9125,0.75,36,9,4,5
ARX,ESM-2 150M + CaLM,5,0.97,0.878125,1.0,36,9,4,5
ARX,ESM-1b 650M + CaLM,1,0.38,0.95625,1.0,36,9,4,5
ARX,ESM-1b 650M + CaLM,2,0.13,0.959375,0.9,36,9,4,5
ARX,ESM-1b 650M + CaLM,3,0.49,0.984375,0.9,36,9,4,5
ARX,ESM-1b 650M + CaLM,4,0.38,0.975,0.95,36,9,4,5
ARX,ESM-1b 650M + CaLM,5,0.38,0.95625,1.0,36,9,4,5
ASAH1,ESM-2 150M + 650M,1,0.6900000000000001,0.8231292517006803,0.9166666666666666,28,8,6,2
ASAH1,ESM-2 150M + 650M,2,0.89,0.7727272727272727,1.0,29,7,5,2
ASAH1,ESM-2 150M + 650M,3,0.38,0.7727272727272727,0.7,29,7,5,2
ASAH1,ESM-2 150M + 650M,4,0.95,0.7857142857142857,0.9,29,7,5,2
ASAH1,ESM-2 150M + 650M,5,0.95,0.9345238095238096,0.0,29,7,6,1
ASAH1,ESM-2 650M + ESM-1b 650M,1,0.33,0.8027210884353742,0.9166666666666666,28,8,6,2
ASAH1,ESM-2 650M + ESM-1b 650M,2,0.38,0.948051948051948,0.4,29,7,5,2
ASAH1,ESM-2 650M + ESM-1b 650M,3,0.33,0.7922077922077922,1.0,29,7,5,2
ASAH1,ESM-2 650M + ESM-1b 650M,4,0.0,0.7987012987012987,0.9,29,7,5,2
ASAH1,ESM-2 650M + ESM-1b 650M,5,0.38,0.8035714285714286,1.0,29,7,6,1
ASAH1,ESM-2 650M + CaLM,1,0.25,0.7755102040816326,1.0,28,8,6,2
ASAH1,ESM-2 650M + CaLM,2,0.45,0.922077922077922,0.5,29,7,5,2
ASAH1,ESM-2 650M + CaLM,3,0.18,0.8441558441558441,0.5,29,7,5,2
ASAH1,ESM-2 650M + CaLM,4,0.45,0.8051948051948052,0.9,29,7,5,2
ASAH1,ESM-2 650M + CaLM,5,0.48,0.8214285714285714,1.0,29,7,6,1
ASAH1,ESM-2 150M + CaLM,1,0.01,0.6802721088435374,0.5833333333333334,28,8,6,2
ASAH1,ESM-2 150M + CaLM,2,0.53,0.7077922077922078,0.8,29,7,5,2
ASAH1,ESM-2 150M + CaLM,3,0.23,0.6493506493506493,0.8,29,7,5,2
ASAH1,ESM-2 150M + CaLM,4,0.16,0.7142857142857143,0.5,29,7,5,2
ASAH1,ESM-2 150M + CaLM,5,0.42,0.75,0.1666666666666666,29,7,6,1
ASAH1,ESM-1b 650M + CaLM,1,0.67,0.7959183673469388,0.6666666666666666,28,8,6,2
ASAH1,ESM-1b 650M + CaLM,2,0.0,0.7792207792207793,1.0,29,7,5,2
ASAH1,ESM-1b 650M + CaLM,3,0.67,0.8051948051948052,0.8,29,7,5,2
ASAH1,ESM-1b 650M + CaLM,4,0.0,0.9155844155844156,0.4,29,7,5,2
ASAH1,ESM-1b 650M + CaLM,5,0.0,0.7857142857142857,1.0,29,7,6,1
ASL,ESM-2 150M + 650M,1,0.29,0.8802083333333334,1.0,52,14,13,1
ASL,ESM-2 150M + 650M,2,0.48,0.8724489795918368,1.0,53,13,12,1
ASL,ESM-2 150M + 650M,3,0.17,0.9081632653061223,0.8333333333333334,53,13,12,1
ASL,ESM-2 150M + 650M,4,0.53,0.8673469387755102,1.0,53,13,12,1
ASL,ESM-2 150M + 650M,5,0.37,0.9693877551020408,0.75,53,13,12,1
ASL,ESM-2 650M + ESM-1b 650M,1,0.95,0.9479166666666666,1.0,52,14,13,1
ASL,ESM-2 650M + ESM-1b 650M,2,0.95,0.9387755102040816,1.0,53,13,12,1
ASL,ESM-2 650M + ESM-1b 650M,3,0.95,0.923469387755102,1.0,53,13,12,1
ASL,ESM-2 650M + ESM-1b 650M,4,0.95,0.9387755102040816,0.9166666666666666,53,13,12,1
ASL,ESM-2 650M + ESM-1b 650M,5,0.49,0.9744897959183674,0.5833333333333334,53,13,12,1
ASL,ESM-2 650M + CaLM,1,0.78,0.9427083333333334,1.0,52,14,13,1
ASL,ESM-2 650M + CaLM,2,0.6,0.9744897959183674,0.75,53,13,12,1
ASL,ESM-2 650M + CaLM,3,0.86,0.9540816326530612,0.9166666666666666,53,13,12,1
ASL,ESM-2 650M + CaLM,4,0.9,0.9540816326530612,0.9166666666666666,53,13,12,1
ASL,ESM-2 650M + CaLM,5,0.78,0.9387755102040816,1.0,53,13,12,1
ASL,ESM-2 150M + CaLM,1,0.6900000000000001,0.9739583333333334,1.0,52,14,13,1
ASL,ESM-2 150M + CaLM,2,0.81,0.9846938775510204,0.8333333333333334,53,13,12,1
ASL,ESM-2 150M + CaLM,3,0.67,0.9438775510204082,1.0,53,13,12,1
ASL,ESM-2 150M + CaLM,4,0.56,0.9744897959183674,0.9166666666666666,53,13,12,1
ASL,ESM-2 150M + CaLM,5,0.6900000000000001,0.9642857142857144,1.0,53,13,12,1
ASL,ESM-1b 650M + CaLM,1,0.56,0.96875,1.0,52,14,13,1
ASL,ESM-1b 650M + CaLM,2,0.56,0.979591836734694,0.9166666666666666,53,13,12,1
ASL,ESM-1b 650M + CaLM,3,0.38,0.9693877551020408,1.0,53,13,12,1
ASL,ESM-1b 650M + CaLM,4,0.75,0.9642857142857144,1.0,53,13,12,1
ASL,ESM-1b 650M + CaLM,5,0.04,0.979591836734694,0.5833333333333334,53,13,12,1
ASPA,ESM-2 150M + 650M,1,0.67,0.9134615384615384,1.0,30,8,7,1
ASPA,ESM-2 150M + 650M,2,0.49,0.971153846153846,0.4285714285714285,30,8,7,1
ASPA,ESM-2 150M + 650M,3,0.67,0.8846153846153846,1.0,30,8,7,1
ASPA,ESM-2 150M + 650M,4,0.67,0.9537037037037036,0.8333333333333334,31,7,6,1
ASPA,ESM-2 150M + 650M,5,0.67,0.8981481481481481,1.0,31,7,6,1
ASPA,ESM-2 650M + ESM-1b 650M,1,0.0,0.9326923076923076,0.8571428571428571,30,8,7,1
ASPA,ESM-2 650M + ESM-1b 650M,2,0.0,0.8942307692307693,1.0,30,8,7,1
ASPA,ESM-2 650M + ESM-1b 650M,3,0.0,0.9519230769230768,0.7142857142857143,30,8,7,1
ASPA,ESM-2 650M + ESM-1b 650M,4,0.46,0.8981481481481481,0.8333333333333334,31,7,6,1
ASPA,ESM-2 650M + ESM-1b 650M,5,0.0,0.8888888888888888,1.0,31,7,6,1
ASPA,ESM-2 650M + CaLM,1,0.0,0.9423076923076924,0.7142857142857143,30,8,7,1
ASPA,ESM-2 650M + CaLM,2,0.45,0.9423076923076924,1.0,30,8,7,1
ASPA,ESM-2 650M + CaLM,3,0.3,0.9615384615384616,0.7142857142857143,30,8,7,1
ASPA,ESM-2 650M + CaLM,4,0.49,0.925925925925926,1.0,31,7,6,1
ASPA,ESM-2 650M + CaLM,5,0.6,0.9074074074074074,1.0,31,7,6,1
ASPA,ESM-2 150M + CaLM,1,0.47,0.8942307692307693,0.7142857142857143,30,8,7,1
ASPA,ESM-2 150M + CaLM,2,0.5,0.875,1.0,30,8,7,1
ASPA,ESM-2 150M + CaLM,3,0.75,0.875,1.0,30,8,7,1
ASPA,ESM-2 150M + CaLM,4,0.75,0.9166666666666666,0.8333333333333334,31,7,6,1
ASPA,ESM-2 150M + CaLM,5,0.59,0.9351851851851852,0.6666666666666666,31,7,6,1
ASPA,ESM-1b 650M + CaLM,1,0.26,0.9615384615384616,0.7142857142857143,30,8,7,1
ASPA,ESM-1b 650M + CaLM,2,0.07,0.9134615384615384,0.8571428571428571,30,8,7,1
ASPA,ESM-1b 650M + CaLM,3,0.58,0.903846153846154,0.8571428571428571,30,8,7,1
ASPA,ESM-1b 650M + CaLM,4,0.58,0.8981481481481481,1.0,31,7,6,1
ASPA,ESM-1b 650M + CaLM,5,0.4,0.9074074074074074,1.0,31,7,6,1
ATP1A2,ESM-2 150M + 650M,1,0.71,0.9888888888888888,1.0,41,11,9,2
ATP1A2,ESM-2 150M + 650M,2,0.64,0.9888888888888888,1.0,41,11,9,2
ATP1A2,ESM-2 150M + 650M,3,0.71,0.9907407407407408,1.0,42,10,9,1
ATP1A2,ESM-2 150M + 650M,4,0.71,1.0,1.0,42,10,9,1
ATP1A2,ESM-2 150M + 650M,5,0.24,0.9861111111111112,0.8888888888888888,42,10,9,1
ATP1A2,ESM-2 650M + ESM-1b 650M,1,0.32,1.0,1.0,41,11,9,2
ATP1A2,ESM-2 650M + ESM-1b 650M,2,0.01,1.0,1.0,41,11,9,2
ATP1A2,ESM-2 650M + ESM-1b 650M,3,0.32,1.0,1.0,42,10,9,1
ATP1A2,ESM-2 650M + ESM-1b 650M,4,0.32,1.0,1.0,42,10,9,1
ATP1A2,ESM-2 650M + ESM-1b 650M,5,0.0,1.0,0.8888888888888888,42,10,9,1
ATP1A2,ESM-2 650M + CaLM,1,0.0,1.0,1.0,41,11,9,2
ATP1A2,ESM-2 650M + CaLM,2,0.0,0.9888888888888888,1.0,41,11,9,2
ATP1A2,ESM-2 650M + CaLM,3,0.59,1.0,0.8888888888888888,42,10,9,1
ATP1A2,ESM-2 650M + CaLM,4,0.02,0.9953703703703703,1.0,42,10,9,1
ATP1A2,ESM-2 650M + CaLM,5,0.02,0.9907407407407408,1.0,42,10,9,1
ATP1A2,ESM-2 150M + CaLM,1,0.42,0.9666666666666668,1.0,41,11,9,2
ATP1A2,ESM-2 150M + CaLM,2,0.63,0.9944444444444444,1.0,41,11,9,2
ATP1A2,ESM-2 150M + CaLM,3,0.22,0.9953703703703703,0.8888888888888888,42,10,9,1
ATP1A2,ESM-2 150M + CaLM,4,0.59,0.9722222222222222,1.0,42,10,9,1
ATP1A2,ESM-2 150M + CaLM,5,0.62,0.9907407407407408,1.0,42,10,9,1
ATP1A2,ESM-1b 650M + CaLM,1,0.11,1.0,1.0,41,11,9,2
ATP1A2,ESM-1b 650M + CaLM,2,0.0,1.0,1.0,41,11,9,2
ATP1A2,ESM-1b 650M + CaLM,3,0.11,1.0,1.0,42,10,9,1
ATP1A2,ESM-1b 650M + CaLM,4,0.11,1.0,1.0,42,10,9,1
ATP1A2,ESM-1b 650M + CaLM,5,0.0,1.0,1.0,42,10,9,1
ATP1A3,ESM-2 150M + 650M,1,0.93,0.9458955223880596,1.0,75,19,17,2
ATP1A3,ESM-2 150M + 650M,2,0.93,0.9720149253731344,0.8529411764705882,75,19,17,2
ATP1A3,ESM-2 150M + 650M,3,0.93,0.9664179104477612,0.9117647058823528,75,19,17,2
ATP1A3,ESM-2 150M + 650M,4,0.71,0.9514925373134328,0.9705882352941176,75,19,17,2
ATP1A3,ESM-2 150M + 650M,5,1.0,0.9503676470588236,1.0,76,18,16,2
ATP1A3,ESM-2 650M + ESM-1b 650M,1,0.31,0.9682835820895522,0.9411764705882352,75,19,17,2
ATP1A3,ESM-2 650M + ESM-1b 650M,2,0.28,0.9720149253731344,0.8823529411764706,75,19,17,2
ATP1A3,ESM-2 650M + ESM-1b 650M,3,0.28,0.9477611940298508,1.0,75,19,17,2
ATP1A3,ESM-2 650M + ESM-1b 650M,4,0.31,0.9626865671641792,0.9411764705882352,75,19,17,2
ATP1A3,ESM-2 650M + ESM-1b 650M,5,0.22,0.9522058823529412,1.0,76,18,16,2
ATP1A3,ESM-2 650M + CaLM,1,0.23,0.9701492537313432,0.9117647058823528,75,19,17,2
ATP1A3,ESM-2 650M + CaLM,2,0.06,0.9458955223880596,1.0,75,19,17,2
ATP1A3,ESM-2 650M + CaLM,3,0.23,0.957089552238806,0.9411764705882352,75,19,17,2
ATP1A3,ESM-2 650M + CaLM,4,0.06,0.957089552238806,0.9411764705882352,75,19,17,2
ATP1A3,ESM-2 650M + CaLM,5,0.0,0.9705882352941176,0.875,76,18,16,2
ATP1A3,ESM-2 150M + CaLM,1,0.33,0.8917910447761194,0.8235294117647058,75,19,17,2
ATP1A3,ESM-2 150M + CaLM,2,0.3,0.917910447761194,0.7352941176470589,75,19,17,2
ATP1A3,ESM-2 150M + CaLM,3,0.33,0.8544776119402985,0.9411764705882352,75,19,17,2
ATP1A3,ESM-2 150M + CaLM,4,0.33,0.8656716417910447,0.8823529411764706,75,19,17,2
ATP1A3,ESM-2 150M + CaLM,5,0.27,0.8584558823529411,0.9375,76,18,16,2
ATP1A3,ESM-1b 650M + CaLM,1,0.47,0.9347014925373134,0.8235294117647058,75,19,17,2
ATP1A3,ESM-1b 650M + CaLM,2,0.5700000000000001,0.8861940298507462,0.9705882352941176,75,19,17,2
ATP1A3,ESM-1b 650M + CaLM,3,0.35,0.9626865671641792,0.7352941176470589,75,19,17,2
ATP1A3,ESM-1b 650M + CaLM,4,0.31,0.8936567164179104,1.0,75,19,17,2
ATP1A3,ESM-1b 650M + CaLM,5,0.31,0.8878676470588235,1.0,76,18,16,2
ATP6V1B2,ESM-2 150M + 650M,1,0.21,1.0,1.0,9,3,1,2
ATP6V1B2,ESM-2 150M + 650M,2,0.05,1.0,0.5,9,3,2,1
ATP6V1B2,ESM-2 150M + 650M,3,0.13,1.0,1.0,10,2,1,1
ATP6V1B2,ESM-2 150M + 650M,4,0.21,1.0,1.0,10,2,1,1
ATP6V1B2,ESM-2 150M + 650M,5,0.21,1.0,1.0,10,2,1,1
ATP6V1B2,ESM-2 650M + ESM-1b 650M,1,0.0,1.0,1.0,9,3,1,2
ATP6V1B2,ESM-2 650M + ESM-1b 650M,2,0.0,1.0,1.0,9,3,2,1
ATP6V1B2,ESM-2 650M + ESM-1b 650M,3,0.0,1.0,1.0,10,2,1,1
ATP6V1B2,ESM-2 650M + ESM-1b 650M,4,0.0,1.0,1.0,10,2,1,1
ATP6V1B2,ESM-2 650M + ESM-1b 650M,5,0.0,1.0,1.0,10,2,1,1
ATP6V1B2,ESM-2 650M + CaLM,1,0.0,1.0,1.0,9,3,1,2
ATP6V1B2,ESM-2 650M + CaLM,2,0.0,1.0,1.0,9,3,2,1
ATP6V1B2,ESM-2 650M + CaLM,3,0.0,1.0,1.0,10,2,1,1
ATP6V1B2,ESM-2 650M + CaLM,4,0.0,1.0,1.0,10,2,1,1
ATP6V1B2,ESM-2 650M + CaLM,5,0.0,1.0,1.0,10,2,1,1
ATP6V1B2,ESM-2 150M + CaLM,1,0.15,1.0,1.0,9,3,1,2
ATP6V1B2,ESM-2 150M + CaLM,2,0.03,1.0,1.0,9,3,2,1
ATP6V1B2,ESM-2 150M + CaLM,3,0.15,1.0,1.0,10,2,1,1
ATP6V1B2,ESM-2 150M + CaLM,4,0.15,1.0,1.0,10,2,1,1
ATP6V1B2,ESM-2 150M + CaLM,5,0.11,1.0,1.0,10,2,1,1
ATP6V1B2,ESM-1b 650M + CaLM,1,0.0,1.0,1.0,9,3,1,2
ATP6V1B2,ESM-1b 650M + CaLM,2,0.12,1.0,1.0,9,3,2,1
ATP6V1B2,ESM-1b 650M + CaLM,3,0.12,1.0,1.0,10,2,1,1
ATP6V1B2,ESM-1b 650M + CaLM,4,0.01,1.0,1.0,10,2,1,1
ATP6V1B2,ESM-1b 650M + CaLM,5,0.12,1.0,1.0,10,2,1,1
AVPR2,ESM-2 150M + 650M,1,0.96,0.9940476190476192,0.96,37,10,5,5
AVPR2,ESM-2 150M + 650M,2,0.56,0.9882352941176472,1.0,37,10,6,4
AVPR2,ESM-2 150M + 650M,3,0.56,0.988795518207283,1.0,38,9,5,4
AVPR2,ESM-2 150M + 650M,4,0.41,0.988795518207283,1.0,38,9,5,4
AVPR2,ESM-2 150M + 650M,5,0.3,1.0,0.95,38,9,5,4
AVPR2,ESM-2 650M + ESM-1b 650M,1,0.54,1.0,1.0,37,10,5,5
AVPR2,ESM-2 650M + ESM-1b 650M,2,0.28,1.0,1.0,37,10,6,4
AVPR2,ESM-2 650M + ESM-1b 650M,3,0.54,1.0,1.0,38,9,5,4
AVPR2,ESM-2 650M + ESM-1b 650M,4,0.54,1.0,1.0,38,9,5,4
AVPR2,ESM-2 650M + ESM-1b 650M,5,0.16,1.0,1.0,38,9,5,4
AVPR2,ESM-2 650M + CaLM,1,0.21,1.0,1.0,37,10,5,5
AVPR2,ESM-2 650M + CaLM,2,0.31,1.0,1.0,37,10,6,4
AVPR2,ESM-2 650M + CaLM,3,0.39,1.0,1.0,38,9,5,4
AVPR2,ESM-2 650M + CaLM,4,0.39,1.0,1.0,38,9,5,4
AVPR2,ESM-2 650M + CaLM,5,0.39,1.0,1.0,38,9,5,4
AVPR2,ESM-2 150M + CaLM,1,0.77,0.9970238095238096,1.0,37,10,5,5
AVPR2,ESM-2 150M + CaLM,2,0.77,0.9941176470588236,1.0,37,10,6,4
AVPR2,ESM-2 150M + CaLM,3,0.77,1.0,1.0,38,9,5,4
AVPR2,ESM-2 150M + CaLM,4,0.28,0.9971988795518208,0.9,38,9,5,4
AVPR2,ESM-2 150M + CaLM,5,0.77,0.9943977591036416,1.0,38,9,5,4
AVPR2,ESM-1b 650M + CaLM,1,0.2,1.0,1.0,37,10,5,5
AVPR2,ESM-1b 650M + CaLM,2,0.2,1.0,1.0,37,10,6,4
AVPR2,ESM-1b 650M + CaLM,3,0.2,1.0,1.0,38,9,5,4
AVPR2,ESM-1b 650M + CaLM,4,0.0,1.0,1.0,38,9,5,4
AVPR2,ESM-1b 650M + CaLM,5,0.0,1.0,1.0,38,9,5,4
BAG3,ESM-2 150M + 650M,1,0.92,0.78125,1.0,12,3,1,2
BAG3,ESM-2 150M + 650M,2,0.24,1.0,0.0,12,3,1,2
BAG3,ESM-2 150M + 650M,3,0.99,0.8125,1.0,12,3,1,2
BAG3,ESM-2 150M + 650M,4,0.99,0.78125,1.0,12,3,1,2
BAG3,ESM-2 150M + 650M,5,0.99,0.8125,1.0,12,3,1,2
BAG3,ESM-2 650M + ESM-1b 650M,1,0.41,1.0,1.0,12,3,1,2
BAG3,ESM-2 650M + ESM-1b 650M,2,0.41,1.0,1.0,12,3,1,2
BAG3,ESM-2 650M + ESM-1b 650M,3,0.41,1.0,1.0,12,3,1,2
BAG3,ESM-2 650M + ESM-1b 650M,4,0.0,1.0,0.0,12,3,1,2
BAG3,ESM-2 650M + ESM-1b 650M,5,0.39,1.0,1.0,12,3,1,2
BAG3,ESM-2 650M + CaLM,1,0.76,0.9375,0.0,12,3,1,2
BAG3,ESM-2 650M + CaLM,2,0.0,1.0,0.5,12,3,1,2
BAG3,ESM-2 650M + CaLM,3,0.51,0.84375,1.0,12,3,1,2
BAG3,ESM-2 650M + CaLM,4,0.51,0.875,1.0,12,3,1,2
BAG3,ESM-2 650M + CaLM,5,0.48,0.875,1.0,12,3,1,2
BAG3,ESM-2 150M + CaLM,1,0.94,0.90625,0.0,12,3,1,2
BAG3,ESM-2 150M + CaLM,2,0.35,0.96875,0.0,12,3,1,2
BAG3,ESM-2 150M + CaLM,3,0.16,0.71875,1.0,12,3,1,2
BAG3,ESM-2 150M + CaLM,4,0.0,0.75,1.0,12,3,1,2
BAG3,ESM-2 150M + CaLM,5,0.35,0.71875,1.0,12,3,1,2
BAG3,ESM-1b 650M + CaLM,1,0.02,1.0,1.0,12,3,1,2
BAG3,ESM-1b 650M + CaLM,2,0.02,1.0,1.0,12,3,1,2
BAG3,ESM-1b 650M + CaLM,3,0.0,1.0,1.0,12,3,1,2
BAG3,ESM-1b 650M + CaLM,4,0.02,1.0,1.0,12,3,1,2
BAG3,ESM-1b 650M + CaLM,5,0.0,1.0,1.0,12,3,1,2
BAP1,ESM-2 150M + 650M,1,0.0,0.96875,1.0,12,3,2,1
BAP1,ESM-2 150M + 650M,2,0.0,0.96875,1.0,12,3,2,1
BAP1,ESM-2 150M + 650M,3,0.0,0.96875,1.0,12,3,2,1
BAP1,ESM-2 150M + 650M,4,0.0,1.0,0.5,12,3,2,1
BAP1,ESM-2 150M + 650M,5,0.0,0.96875,1.0,12,3,2,1
BAP1,ESM-2 650M + ESM-1b 650M,1,0.0,0.9375,1.0,12,3,2,1
BAP1,ESM-2 650M + ESM-1b 650M,2,0.0,0.9375,1.0,12,3,2,1
BAP1,ESM-2 650M + ESM-1b 650M,3,0.75,1.0,1.0,12,3,2,1
BAP1,ESM-2 650M + ESM-1b 650M,4,0.0,0.96875,1.0,12,3,2,1
BAP1,ESM-2 650M + ESM-1b 650M,5,0.0,1.0,1.0,12,3,2,1
BAP1,ESM-2 650M + CaLM,1,0.0,0.9375,1.0,12,3,2,1
BAP1,ESM-2 650M + CaLM,2,0.0,1.0,1.0,12,3,2,1
BAP1,ESM-2 650M + CaLM,3,0.0,0.96875,1.0,12,3,2,1
BAP1,ESM-2 650M + CaLM,4,0.0,0.9375,1.0,12,3,2,1
BAP1,ESM-2 650M + CaLM,5,0.0,0.96875,1.0,12,3,2,1
BAP1,ESM-2 150M + CaLM,1,0.0,0.96875,1.0,12,3,2,1
BAP1,ESM-2 150M + CaLM,2,0.0,0.96875,1.0,12,3,2,1
BAP1,ESM-2 150M + CaLM,3,0.0,1.0,1.0,12,3,2,1
BAP1,ESM-2 150M + CaLM,4,0.0,1.0,1.0,12,3,2,1
BAP1,ESM-2 150M + CaLM,5,0.0,0.96875,1.0,12,3,2,1
BAP1,ESM-1b 650M + CaLM,1,0.0,0.96875,1.0,12,3,2,1
BAP1,ESM-1b 650M + CaLM,2,0.22,1.0,1.0,12,3,2,1
BAP1,ESM-1b 650M + CaLM,3,0.0,0.9375,1.0,12,3,2,1
BAP1,ESM-1b 650M + CaLM,4,0.37,0.9375,1.0,12,3,2,1
BAP1,ESM-1b 650M + CaLM,5,0.37,0.96875,1.0,12,3,2,1
BBS12,ESM-2 150M + 650M,1,0.0,1.0,1.0,10,3,1,2
BBS12,ESM-2 150M + 650M,2,0.0,1.0,1.0,10,3,1,2
BBS12,ESM-2 150M + 650M,3,0.0,1.0,1.0,10,3,2,1
BBS12,ESM-2 150M + 650M,4,0.0,1.0,1.0,11,2,1,1
BBS12,ESM-2 150M + 650M,5,0.0,1.0,1.0,11,2,1,1
BBS12,ESM-2 650M + ESM-1b 650M,1,0.0,1.0,1.0,10,3,1,2
BBS12,ESM-2 650M + ESM-1b 650M,2,0.0,1.0,1.0,10,3,1,2
BBS12,ESM-2 650M + ESM-1b 650M,3,0.0,1.0,1.0,10,3,2,1
BBS12,ESM-2 650M + ESM-1b 650M,4,0.0,1.0,1.0,11,2,1,1
BBS12,ESM-2 650M + ESM-1b 650M,5,0.0,1.0,1.0,11,2,1,1
BBS12,ESM-2 650M + CaLM,1,0.0,1.0,1.0,10,3,1,2
BBS12,ESM-2 650M + CaLM,2,0.0,1.0,1.0,10,3,1,2
BBS12,ESM-2 650M + CaLM,3,0.0,1.0,1.0,10,3,2,1
BBS12,ESM-2 650M + CaLM,4,0.0,1.0,1.0,11,2,1,1
BBS12,ESM-2 650M + CaLM,5,0.0,1.0,1.0,11,2,1,1
BBS12,ESM-2 150M + CaLM,1,0.0,1.0,1.0,10,3,1,2
BBS12,ESM-2 150M + CaLM,2,0.0,1.0,1.0,10,3,1,2
BBS12,ESM-2 150M + CaLM,3,0.0,1.0,1.0,10,3,2,1
BBS12,ESM-2 150M + CaLM,4,0.0,1.0,1.0,11,2,1,1
BBS12,ESM-2 150M + CaLM,5,0.0,1.0,1.0,11,2,1,1
BBS12,ESM-1b 650M + CaLM,1,0.0,1.0,1.0,10,3,1,2
BBS12,ESM-1b 650M + CaLM,2,0.0,1.0,1.0,10,3,1,2
BBS12,ESM-1b 650M + CaLM,3,0.0,1.0,1.0,10,3,2,1
BBS12,ESM-1b 650M + CaLM,4,0.0,1.0,1.0,11,2,1,1
BBS12,ESM-1b 650M + CaLM,5,0.0,1.0,1.0,11,2,1,1
BCKDHA,ESM-2 150M + 650M,1,0.08,1.0,0.9,26,7,5,2
BCKDHA,ESM-2 150M + 650M,2,0.19,1.0,1.0,26,7,6,1
BCKDHA,ESM-2 150M + 650M,3,0.33,1.0,1.0,26,7,6,1
BCKDHA,ESM-2 150M + 650M,4,0.33,1.0,1.0,27,6,5,1
BCKDHA,ESM-2 150M + 650M,5,0.33,1.0,1.0,27,6,5,1
BCKDHA,ESM-2 650M + ESM-1b 650M,1,0.0,0.9886363636363636,1.0,26,7,5,2
BCKDHA,ESM-2 650M + ESM-1b 650M,2,0.0,0.9904761904761904,1.0,26,7,6,1
BCKDHA,ESM-2 650M + ESM-1b 650M,3,0.0,0.9809523809523808,1.0,26,7,6,1
BCKDHA,ESM-2 650M + ESM-1b 650M,4,0.0,0.9818181818181818,1.0,27,6,5,1
BCKDHA,ESM-2 650M + ESM-1b 650M,5,0.0,1.0,1.0,27,6,5,1
BCKDHA,ESM-2 650M + CaLM,1,0.0,1.0,1.0,26,7,5,2
BCKDHA,ESM-2 650M + CaLM,2,0.0,0.9904761904761904,1.0,26,7,6,1
BCKDHA,ESM-2 650M + CaLM,3,0.0,0.9809523809523808,1.0,26,7,6,1
BCKDHA,ESM-2 650M + CaLM,4,0.0,0.9818181818181818,1.0,27,6,5,1
BCKDHA,ESM-2 650M + CaLM,5,0.16,1.0,0.8,27,6,5,1
BCKDHA,ESM-2 150M + CaLM,1,0.0,0.9886363636363636,1.0,26,7,5,2
BCKDHA,ESM-2 150M + CaLM,2,0.19,1.0,1.0,26,7,6,1
BCKDHA,ESM-2 150M + CaLM,3,0.0,1.0,0.8333333333333334,26,7,6,1
BCKDHA,ESM-2 150M + CaLM,4,0.19,0.990909090909091,1.0,27,6,5,1
BCKDHA,ESM-2 150M + CaLM,5,0.19,0.990909090909091,1.0,27,6,5,1
BCKDHA,ESM-1b 650M + CaLM,1,0.19,0.9204545454545454,1.0,26,7,5,2
BCKDHA,ESM-1b 650M + CaLM,2,0.3,0.9904761904761904,0.8333333333333334,26,7,6,1
BCKDHA,ESM-1b 650M + CaLM,3,0.3,0.9428571428571428,1.0,26,7,6,1
BCKDHA,ESM-1b 650M + CaLM,4,0.3,0.9545454545454546,1.0,27,6,5,1
BCKDHA,ESM-1b 650M + CaLM,5,0.21,0.9454545454545454,1.0,27,6,5,1
BCL11A,ESM-2 150M + 650M,1,0.42,0.7962962962962963,1.0,15,4,2,2
BCL11A,ESM-2 150M + 650M,2,0.64,0.8333333333333334,0.5,15,4,2,2
BCL11A,ESM-2 150M + 650M,3,0.34,0.7222222222222222,1.0,15,4,2,2
BCL11A,ESM-2 150M + 650M,4,0.64,0.9107142857142856,0.3333333333333333,15,4,3,1
BCL11A,ESM-2 150M + 650M,5,0.64,0.7619047619047619,1.0,16,3,2,1
BCL11A,ESM-2 650M + ESM-1b 650M,1,0.89,0.8518518518518519,0.75,15,4,2,2
BCL11A,ESM-2 650M + ESM-1b 650M,2,0.97,0.8703703703703703,1.0,15,4,2,2
BCL11A,ESM-2 650M + ESM-1b 650M,3,0.97,0.925925925925926,0.5,15,4,2,2
BCL11A,ESM-2 650M + ESM-1b 650M,4,0.97,0.75,1.0,15,4,3,1
BCL11A,ESM-2 650M + ESM-1b 650M,5,0.97,0.8253968253968254,1.0,16,3,2,1
BCL11A,ESM-2 650M + CaLM,1,0.6,0.8888888888888888,0.5,15,4,2,2
BCL11A,ESM-2 650M + CaLM,2,0.45,0.8703703703703703,0.5,15,4,2,2
BCL11A,ESM-2 650M + CaLM,3,0.0,0.7222222222222222,1.0,15,4,2,2
BCL11A,ESM-2 650M + CaLM,4,0.0,0.8571428571428571,0.6666666666666666,15,4,3,1
BCL11A,ESM-2 650M + CaLM,5,0.0,0.746031746031746,1.0,16,3,2,1
BCL11A,ESM-2 150M + CaLM,1,0.81,0.8333333333333334,0.5,15,4,2,2
BCL11A,ESM-2 150M + CaLM,2,0.0,0.8148148148148148,0.5,15,4,2,2
BCL11A,ESM-2 150M + CaLM,3,0.89,0.7592592592592593,1.0,15,4,2,2
BCL11A,ESM-2 150M + CaLM,4,0.02,0.8392857142857143,0.6666666666666666,15,4,3,1
BCL11A,ESM-2 150M + CaLM,5,0.02,0.7142857142857143,1.0,16,3,2,1
BCL11A,ESM-1b 650M + CaLM,1,0.0,0.8888888888888888,0.5,15,4,2,2
BCL11A,ESM-1b 650M + CaLM,2,0.85,0.8518518518518519,1.0,15,4,2,2
BCL11A,ESM-1b 650M + CaLM,3,0.44,0.7962962962962963,1.0,15,4,2,2
BCL11A,ESM-1b 650M + CaLM,4,0.0,0.8035714285714286,1.0,15,4,3,1
BCL11A,ESM-1b 650M + CaLM,5,0.15,0.8888888888888888,0.5,16,3,2,1
BICD2,ESM-2 150M + 650M,1,1.0,0.9614035087719298,0.921875,79,20,4,16
BICD2,ESM-2 150M + 650M,2,1.0,0.9571948998178508,0.9733333333333334,79,20,5,15
BICD2,ESM-2 150M + 650M,3,1.0,0.9517304189435336,0.9866666666666668,79,20,5,15
BICD2,ESM-2 150M + 650M,4,1.0,0.9544626593806922,0.9733333333333334,79,20,5,15
BICD2,ESM-2 150M + 650M,5,1.0,0.9689387402933564,0.9333333333333332,80,19,4,15
BICD2,ESM-2 650M + ESM-1b 650M,1,0.68,0.9771929824561404,1.0,79,20,4,16
BICD2,ESM-2 650M + ESM-1b 650M,2,0.38,0.9717668488160291,1.0,79,20,5,15
BICD2,ESM-2 650M + ESM-1b 650M,3,0.22,0.9908925318761383,0.8666666666666667,79,20,5,15
BICD2,ESM-2 650M + ESM-1b 650M,4,0.68,0.9790528233151184,0.9866666666666668,79,20,5,15
BICD2,ESM-2 650M + ESM-1b 650M,5,0.68,0.9810181190681622,0.9833333333333332,80,19,4,15
BICD2,ESM-2 650M + CaLM,1,0.0,0.956140350877193,1.0,79,20,4,16
BICD2,ESM-2 650M + CaLM,2,0.0,0.9744990892531876,0.92,79,20,5,15
BICD2,ESM-2 650M + CaLM,3,0.0,0.9508196721311476,0.9733333333333334,79,20,5,15
BICD2,ESM-2 650M + CaLM,4,0.05,0.9562841530054644,0.9733333333333334,79,20,5,15
BICD2,ESM-2 650M + CaLM,5,0.0,0.9594477998274374,0.9666666666666668,80,19,4,15
BICD2,ESM-2 150M + CaLM,1,0.94,0.6035087719298246,0.484375,79,20,4,16
BICD2,ESM-2 150M + CaLM,2,0.46,0.599271402550091,0.5466666666666666,79,20,5,15
BICD2,ESM-2 150M + CaLM,3,1.0,0.6183970856102003,0.4533333333333333,79,20,5,15
BICD2,ESM-2 150M + CaLM,4,0.01,0.6265938069216758,0.32,79,20,5,15
BICD2,ESM-2 150M + CaLM,5,0.23,0.5504745470232959,0.7166666666666667,80,19,4,15
BICD2,ESM-1b 650M + CaLM,1,0.0,0.9859649122807016,0.921875,79,20,4,16
BICD2,ESM-1b 650M + CaLM,2,0.0,0.9699453551912568,1.0,79,20,5,15
BICD2,ESM-1b 650M + CaLM,3,0.0,0.9754098360655736,0.9733333333333334,79,20,5,15
BICD2,ESM-1b 650M + CaLM,4,0.0,0.9781420765027322,0.9733333333333334,79,20,5,15
BICD2,ESM-1b 650M + CaLM,5,0.0,0.9698015530629852,1.0,80,19,4,15
BMPR1B,ESM-2 150M + 650M,1,0.89,1.0,1.0,20,5,1,4
BMPR1B,ESM-2 150M + 650M,2,0.6,1.0,1.0,20,5,1,4
BMPR1B,ESM-2 150M + 650M,3,0.89,1.0,1.0,20,5,1,4
BMPR1B,ESM-2 150M + 650M,4,0.88,1.0,1.0,20,5,1,4
BMPR1B,ESM-2 150M + 650M,5,0.89,1.0,1.0,20,5,1,4
BMPR1B,ESM-2 650M + ESM-1b 650M,1,0.0,1.0,1.0,20,5,1,4
BMPR1B,ESM-2 650M + ESM-1b 650M,2,0.0,0.984375,1.0,20,5,1,4
BMPR1B,ESM-2 650M + ESM-1b 650M,3,0.0,0.984375,1.0,20,5,1,4
BMPR1B,ESM-2 650M + ESM-1b 650M,4,0.0,1.0,1.0,20,5,1,4
BMPR1B,ESM-2 650M + ESM-1b 650M,5,0.0,0.984375,1.0,20,5,1,4
BMPR1B,ESM-2 650M + CaLM,1,0.01,1.0,1.0,20,5,1,4
BMPR1B,ESM-2 650M + CaLM,2,0.0,1.0,1.0,20,5,1,4
BMPR1B,ESM-2 650M + CaLM,3,0.01,1.0,1.0,20,5,1,4
BMPR1B,ESM-2 650M + CaLM,4,0.0,1.0,1.0,20,5,1,4
BMPR1B,ESM-2 650M + CaLM,5,0.01,1.0,1.0,20,5,1,4
BMPR1B,ESM-2 150M + CaLM,1,0.81,0.78125,1.0,20,5,1,4
BMPR1B,ESM-2 150M + CaLM,2,0.81,0.796875,1.0,20,5,1,4
BMPR1B,ESM-2 150M + CaLM,3,0.75,0.953125,0.5,20,5,1,4
BMPR1B,ESM-2 150M + CaLM,4,0.81,0.828125,1.0,20,5,1,4
BMPR1B,ESM-2 150M + CaLM,5,0.8,0.78125,1.0,20,5,1,4
BMPR1B,ESM-1b 650M + CaLM,1,0.0,0.953125,0.75,20,5,1,4
BMPR1B,ESM-1b 650M + CaLM,2,0.22,0.953125,1.0,20,5,1,4
BMPR1B,ESM-1b 650M + CaLM,3,0.22,0.953125,1.0,20,5,1,4
BMPR1B,ESM-1b 650M + CaLM,4,0.22,0.9375,1.0,20,5,1,4
BMPR1B,ESM-1b 650M + CaLM,5,0.22,1.0,0.75,20,5,1,4
BRAF,ESM-2 150M + 650M,1,0.84,0.9846938775510204,0.9285714285714286,63,16,14,2
BRAF,ESM-2 150M + 650M,2,0.81,0.9693877551020408,0.9642857142857144,63,16,14,2
BRAF,ESM-2 150M + 650M,3,0.77,0.9770408163265306,0.9285714285714286,63,16,14,2
BRAF,ESM-2 150M + 650M,4,0.81,0.9642857142857144,1.0,63,16,14,2
BRAF,ESM-2 150M + 650M,5,0.81,0.9642857142857144,1.0,64,15,14,1
BRAF,ESM-2 650M + ESM-1b 650M,1,0.29,0.9872448979591836,1.0,63,16,14,2
BRAF,ESM-2 650M + ESM-1b 650M,2,0.36,0.9897959183673468,0.9642857142857144,63,16,14,2
BRAF,ESM-2 650M + ESM-1b 650M,3,0.3,0.979591836734694,1.0,63,16,14,2
BRAF,ESM-2 650M + ESM-1b 650M,4,0.36,0.9846938775510204,1.0,63,16,14,2
BRAF,ESM-2 650M + ESM-1b 650M,5,0.36,0.9888392857142856,1.0,64,15,14,1
BRAF,ESM-2 650M + CaLM,1,0.0,0.9668367346938777,1.0,63,16,14,2
BRAF,ESM-2 650M + CaLM,2,0.0,0.9974489795918368,0.8571428571428571,63,16,14,2
BRAF,ESM-2 650M + CaLM,3,0.0,0.9642857142857144,1.0,63,16,14,2
BRAF,ESM-2 650M + CaLM,4,0.0,0.9642857142857144,1.0,63,16,14,2
BRAF,ESM-2 650M + CaLM,5,0.0,0.9642857142857144,1.0,64,15,14,1
BRAF,ESM-2 150M + CaLM,1,0.43,0.9132653061224488,0.8571428571428571,63,16,14,2
BRAF,ESM-2 150M + CaLM,2,0.36,0.903061224489796,1.0,63,16,14,2
BRAF,ESM-2 150M + CaLM,3,0.41,0.9183673469387756,0.8571428571428571,63,16,14,2
BRAF,ESM-2 150M + CaLM,4,0.15,0.8673469387755102,1.0,63,16,14,2
BRAF,ESM-2 150M + CaLM,5,0.43,0.8861607142857143,0.9285714285714286,64,15,14,1
BRAF,ESM-1b 650M + CaLM,1,0.29,0.951530612244898,1.0,63,16,14,2
BRAF,ESM-1b 650M + CaLM,2,0.22,0.9948979591836736,0.7857142857142857,63,16,14,2
BRAF,ESM-1b 650M + CaLM,3,0.29,0.9489795918367347,1.0,63,16,14,2
BRAF,ESM-1b 650M + CaLM,4,0.28,0.9540816326530612,1.0,63,16,14,2
BRAF,ESM-1b 650M + CaLM,5,0.29,0.9575892857142856,1.0,64,15,14,1
BRAT1,ESM-2 150M + 650M,1,0.1,0.9791666666666666,0.75,16,5,1,4
BRAT1,ESM-2 150M + 650M,2,0.38,1.0,1.0,17,4,1,3
BRAT1,ESM-2 150M + 650M,3,0.38,0.9807692307692308,1.0,17,4,1,3
BRAT1,ESM-2 150M + 650M,4,0.38,0.9615384615384616,1.0,17,4,1,3
BRAT1,ESM-2 150M + 650M,5,0.38,0.9615384615384616,1.0,17,4,1,3
BRAT1,ESM-2 650M + ESM-1b 650M,1,0.12,1.0,1.0,16,5,1,4
BRAT1,ESM-2 650M + ESM-1b 650M,2,0.0,1.0,1.0,17,4,1,3
BRAT1,ESM-2 650M + ESM-1b 650M,3,0.35,1.0,1.0,17,4,1,3
BRAT1,ESM-2 650M + ESM-1b 650M,4,0.35,1.0,1.0,17,4,1,3
BRAT1,ESM-2 650M + ESM-1b 650M,5,0.35,1.0,1.0,17,4,1,3
BRAT1,ESM-2 650M + CaLM,1,0.0,1.0,1.0,16,5,1,4
BRAT1,ESM-2 650M + CaLM,2,0.0,1.0,1.0,17,4,1,3
BRAT1,ESM-2 650M + CaLM,3,0.35,0.9807692307692308,1.0,17,4,1,3
BRAT1,ESM-2 650M + CaLM,4,0.35,0.9807692307692308,1.0,17,4,1,3
BRAT1,ESM-2 650M + CaLM,5,0.35,0.9807692307692308,1.0,17,4,1,3
BRAT1,ESM-2 150M + CaLM,1,0.47,1.0,0.75,16,5,1,4
BRAT1,ESM-2 150M + CaLM,2,0.36,0.9423076923076924,1.0,17,4,1,3
BRAT1,ESM-2 150M + CaLM,3,0.36,0.9423076923076924,1.0,17,4,1,3
BRAT1,ESM-2 150M + CaLM,4,0.27,0.9615384615384616,1.0,17,4,1,3
BRAT1,ESM-2 150M + CaLM,5,0.15,0.9807692307692308,0.6666666666666666,17,4,1,3
BRAT1,ESM-1b 650M + CaLM,1,0.0,1.0,0.75,16,5,1,4
BRAT1,ESM-1b 650M + CaLM,2,0.0,0.9423076923076924,1.0,17,4,1,3
BRAT1,ESM-1b 650M + CaLM,3,0.03,0.9230769230769232,1.0,17,4,1,3
BRAT1,ESM-1b 650M + CaLM,4,0.03,0.9423076923076924,1.0,17,4,1,3
BRAT1,ESM-1b 650M + CaLM,5,0.03,0.9423076923076924,1.0,17,4,1,3
BTK,ESM-2 150M + 650M,1,0.3,1.0,0.9375,68,18,16,2
BTK,ESM-2 150M + 650M,2,0.61,0.9836065573770492,1.0,69,17,15,2
BTK,ESM-2 150M + 650M,3,0.61,0.9897540983606558,1.0,69,17,15,2
BTK,ESM-2 150M + 650M,4,0.61,0.985655737704918,1.0,69,17,15,2
BTK,ESM-2 150M + 650M,5,0.85,0.985655737704918,1.0,69,17,15,2
BTK,ESM-2 650M + ESM-1b 650M,1,0.16,1.0,0.96875,68,18,16,2
BTK,ESM-2 650M + ESM-1b 650M,2,0.08,0.9959016393442623,1.0,69,17,15,2
BTK,ESM-2 650M + ESM-1b 650M,3,0.08,0.9938524590163934,1.0,69,17,15,2
BTK,ESM-2 650M + ESM-1b 650M,4,0.0,0.9979508196721312,0.8666666666666667,69,17,15,2
BTK,ESM-2 650M + ESM-1b 650M,5,0.08,0.9938524590163934,1.0,69,17,15,2
BTK,ESM-2 650M + CaLM,1,0.0,0.9979166666666668,0.96875,68,18,16,2
BTK,ESM-2 650M + CaLM,2,0.07,0.9959016393442623,1.0,69,17,15,2
BTK,ESM-2 650M + CaLM,3,0.58,0.9979508196721312,0.9333333333333332,69,17,15,2
BTK,ESM-2 650M + CaLM,4,0.08,0.9918032786885246,1.0,69,17,15,2
BTK,ESM-2 650M + CaLM,5,0.08,0.9959016393442623,1.0,69,17,15,2
BTK,ESM-2 150M + CaLM,1,0.39,0.9354166666666668,1.0,68,18,16,2
BTK,ESM-2 150M + CaLM,2,0.21,0.9692622950819672,0.8,69,17,15,2
BTK,ESM-2 150M + CaLM,3,0.48,0.956967213114754,0.9333333333333332,69,17,15,2
BTK,ESM-2 150M + CaLM,4,0.16,0.9487704918032788,0.9333333333333332,69,17,15,2
BTK,ESM-2 150M + CaLM,5,0.39,0.9631147540983608,0.9333333333333332,69,17,15,2
BTK,ESM-1b 650M + CaLM,1,0.0,1.0,0.78125,68,18,16,2
BTK,ESM-1b 650M + CaLM,2,0.55,0.971311475409836,1.0,69,17,15,2
BTK,ESM-1b 650M + CaLM,3,0.32,0.9733606557377048,1.0,69,17,15,2
BTK,ESM-1b 650M + CaLM,4,0.8,0.971311475409836,1.0,69,17,15,2
BTK,ESM-1b 650M + CaLM,5,0.8300000000000001,0.9836065573770492,0.9333333333333332,69,17,15,2
C1R,ESM-2 150M + 650M,1,0.0,1.0,1.0,18,5,2,3
C1R,ESM-2 150M + 650M,2,0.13,0.9876543209876544,1.0,18,5,3,2
C1R,ESM-2 150M + 650M,3,0.13,1.0,1.0,18,5,3,2
C1R,ESM-2 150M + 650M,4,0.0,0.9888888888888888,1.0,19,4,2,2
C1R,ESM-2 150M + 650M,5,0.13,0.9888888888888888,1.0,19,4,2,2
C1R,ESM-2 650M + ESM-1b 650M,1,0.0,1.0,0.6666666666666666,18,5,2,3
C1R,ESM-2 650M + ESM-1b 650M,2,0.67,1.0,1.0,18,5,3,2
C1R,ESM-2 650M + ESM-1b 650M,3,0.67,0.9876543209876544,1.0,18,5,3,2
C1R,ESM-2 650M + ESM-1b 650M,4,0.67,0.9888888888888888,1.0,19,4,2,2
C1R,ESM-2 650M + ESM-1b 650M,5,0.67,0.9888888888888888,1.0,19,4,2,2
C1R,ESM-2 650M + CaLM,1,0.23,1.0,1.0,18,5,2,3
C1R,ESM-2 650M + CaLM,2,0.0,1.0,1.0,18,5,3,2
C1R,ESM-2 650M + CaLM,3,0.29,1.0,1.0,18,5,3,2
C1R,ESM-2 650M + CaLM,4,0.29,1.0,1.0,19,4,2,2
C1R,ESM-2 650M + CaLM,5,0.29,1.0,1.0,19,4,2,2
C1R,ESM-2 150M + CaLM,1,0.0,1.0,1.0,18,5,2,3
C1R,ESM-2 150M + CaLM,2,0.29,1.0,1.0,18,5,3,2
C1R,ESM-2 150M + CaLM,3,0.12,1.0,1.0,18,5,3,2
C1R,ESM-2 150M + CaLM,4,0.29,1.0,1.0,19,4,2,2
C1R,ESM-2 150M + CaLM,5,0.29,1.0,1.0,19,4,2,2
C1R,ESM-1b 650M + CaLM,1,0.75,0.9875,1.0,18,5,2,3
C1R,ESM-1b 650M + CaLM,2,0.75,1.0,1.0,18,5,3,2
C1R,ESM-1b 650M + CaLM,3,0.75,0.9876543209876544,1.0,18,5,3,2
C1R,ESM-1b 650M + CaLM,4,0.0,1.0,0.75,19,4,2,2
C1R,ESM-1b 650M + CaLM,5,0.75,0.9888888888888888,1.0,19,4,2,2
CAMK2B,ESM-2 150M + 650M,1,0.98,0.85,1.0,49,13,1,12
CAMK2B,ESM-2 150M + 650M,2,0.98,0.9277777777777778,0.75,49,13,1,12
CAMK2B,ESM-2 150M + 650M,3,0.98,0.8641304347826086,1.0,50,12,1,11
CAMK2B,ESM-2 150M + 650M,4,0.46,0.842391304347826,1.0,50,12,1,11
CAMK2B,ESM-2 150M + 650M,5,0.38,0.9565217391304348,0.3636363636363636,50,12,1,11
CAMK2B,ESM-2 650M + ESM-1b 650M,1,0.5700000000000001,0.9777777777777776,1.0,49,13,1,12
CAMK2B,ESM-2 650M + ESM-1b 650M,2,0.5700000000000001,0.9944444444444444,1.0,49,13,1,12
CAMK2B,ESM-2 650M + ESM-1b 650M,3,0.38,0.9891304347826086,1.0,50,12,1,11
CAMK2B,ESM-2 650M + ESM-1b 650M,4,0.31,0.9836956521739132,0.9090909090909092,50,12,1,11
CAMK2B,ESM-2 650M + ESM-1b 650M,5,0.38,0.9836956521739132,1.0,50,12,1,11
CAMK2B,ESM-2 650M + CaLM,1,0.87,0.9888888888888888,0.5833333333333334,49,13,1,12
CAMK2B,ESM-2 650M + CaLM,2,0.0,0.9111111111111112,0.9166666666666666,49,13,1,12
CAMK2B,ESM-2 650M + CaLM,3,0.46,0.9021739130434784,1.0,50,12,1,11
CAMK2B,ESM-2 650M + CaLM,4,0.59,0.8913043478260869,1.0,50,12,1,11
CAMK2B,ESM-2 650M + CaLM,5,0.59,0.8804347826086957,1.0,50,12,1,11
CAMK2B,ESM-2 150M + CaLM,1,0.87,0.8666666666666667,1.0,49,13,1,12
CAMK2B,ESM-2 150M + CaLM,2,0.59,0.8888888888888888,1.0,49,13,1,12
CAMK2B,ESM-2 150M + CaLM,3,0.54,0.8804347826086957,0.8181818181818182,50,12,1,11
CAMK2B,ESM-2 150M + CaLM,4,0.59,0.8804347826086957,1.0,50,12,1,11
CAMK2B,ESM-2 150M + CaLM,5,0.87,0.9782608695652174,0.5454545454545454,50,12,1,11
CAMK2B,ESM-1b 650M + CaLM,1,0.37,1.0,1.0,49,13,1,12
CAMK2B,ESM-1b 650M + CaLM,2,0.31,1.0,0.9166666666666666,49,13,1,12
CAMK2B,ESM-1b 650M + CaLM,3,0.37,1.0,1.0,50,12,1,11
CAMK2B,ESM-1b 650M + CaLM,4,0.37,1.0,1.0,50,12,1,11
CAMK2B,ESM-1b 650M + CaLM,5,0.35,1.0,1.0,50,12,1,11
CASK,ESM-2 150M + 650M,1,0.61,0.7824675324675324,0.55,36,9,5,4
CASK,ESM-2 150M + 650M,2,0.63,0.7175324675324676,1.0,36,9,5,4
CASK,ESM-2 150M + 650M,3,0.68,0.7922077922077922,0.65,36,9,5,4
CASK,ESM-2 150M + 650M,4,0.63,0.7492063492063492,0.7222222222222222,36,9,6,3
CASK,ESM-2 150M + 650M,5,0.61,0.746031746031746,0.7777777777777778,36,9,6,3
CASK,ESM-2 650M + ESM-1b 650M,1,0.07,0.737012987012987,0.85,36,9,5,4
CASK,ESM-2 650M + ESM-1b 650M,2,0.05,0.7597402597402597,0.8,36,9,5,4
CASK,ESM-2 650M + ESM-1b 650M,3,0.49,0.827922077922078,0.4,36,9,5,4
CASK,ESM-2 650M + ESM-1b 650M,4,0.07,0.746031746031746,0.7777777777777778,36,9,6,3
CASK,ESM-2 650M + ESM-1b 650M,5,0.22,0.7587301587301587,0.7222222222222222,36,9,6,3
CASK,ESM-2 650M + CaLM,1,0.03,0.7305194805194806,0.8,36,9,5,4
CASK,ESM-2 650M + CaLM,2,0.01,0.7175324675324676,0.85,36,9,5,4
CASK,ESM-2 650M + CaLM,3,0.03,0.724025974025974,0.85,36,9,5,4
CASK,ESM-2 650M + CaLM,4,0.03,0.8158730158730159,0.5,36,9,6,3
CASK,ESM-2 650M + CaLM,5,0.03,0.7238095238095238,0.7777777777777778,36,9,6,3
CASK,ESM-2 150M + CaLM,1,0.0,0.7012987012987013,0.7,36,9,5,4
CASK,ESM-2 150M + CaLM,2,0.0,0.7142857142857143,0.7,36,9,5,4
CASK,ESM-2 150M + CaLM,3,0.0,0.6655844155844156,0.85,36,9,5,4
CASK,ESM-2 150M + CaLM,4,0.0,0.6952380952380952,0.8333333333333334,36,9,6,3
CASK,ESM-2 150M + CaLM,5,0.0,0.7746031746031746,0.3333333333333333,36,9,6,3
CASK,ESM-1b 650M + CaLM,1,0.27,0.6948051948051948,0.65,36,9,5,4
CASK,ESM-1b 650M + CaLM,2,0.01,0.7207792207792207,0.65,36,9,5,4
CASK,ESM-1b 650M + CaLM,3,0.86,0.7142857142857143,0.45,36,9,5,4
CASK,ESM-1b 650M + CaLM,4,0.01,0.7238095238095238,0.6666666666666666,36,9,6,3
CASK,ESM-1b 650M + CaLM,5,0.27,0.7142857142857143,0.6666666666666666,36,9,6,3
CBL,ESM-2 150M + 650M,1,0.0,0.9583333333333334,1.0,14,4,2,2
CBL,ESM-2 150M + 650M,2,0.0,1.0,0.75,14,4,2,2
CBL,ESM-2 150M + 650M,3,0.0,0.9583333333333334,1.0,14,4,2,2
CBL,ESM-2 150M + 650M,4,0.0,0.9642857142857144,1.0,15,3,1,2
CBL,ESM-2 150M + 650M,5,0.0,0.9821428571428572,1.0,15,3,1,2
CBL,ESM-2 650M + ESM-1b 650M,1,0.0,1.0,1.0,14,4,2,2
CBL,ESM-2 650M + ESM-1b 650M,2,0.6900000000000001,1.0,1.0,14,4,2,2
CBL,ESM-2 650M + ESM-1b 650M,3,0.6900000000000001,0.9791666666666666,1.0,14,4,2,2
CBL,ESM-2 650M + ESM-1b 650M,4,0.44,0.9821428571428572,1.0,15,3,1,2
CBL,ESM-2 650M + ESM-1b 650M,5,0.6900000000000001,0.9821428571428572,1.0,15,3,1,2
CBL,ESM-2 650M + CaLM,1,0.13,0.9375,1.0,14,4,2,2
CBL,ESM-2 650M + CaLM,2,0.0,1.0,0.5,14,4,2,2
CBL,ESM-2 650M + CaLM,3,0.19,0.9583333333333334,1.0,14,4,2,2
CBL,ESM-2 650M + CaLM,4,0.19,0.9464285714285714,1.0,15,3,1,2
CBL,ESM-2 650M + CaLM,5,0.19,0.9642857142857144,1.0,15,3,1,2
CBL,ESM-2 150M + CaLM,1,0.0,1.0,0.75,14,4,2,2
CBL,ESM-2 150M + CaLM,2,0.0,0.9583333333333334,1.0,14,4,2,2
CBL,ESM-2 150M + CaLM,3,0.0,0.9583333333333334,1.0,14,4,2,2
CBL,ESM-2 150M + CaLM,4,0.0,0.9642857142857144,1.0,15,3,1,2
CBL,ESM-2 150M + CaLM,5,0.0,0.9821428571428572,1.0,15,3,1,2
CBL,ESM-1b 650M + CaLM,1,0.0,1.0,1.0,14,4,2,2
CBL,ESM-1b 650M + CaLM,2,0.0,1.0,1.0,14,4,2,2
CBL,ESM-1b 650M + CaLM,3,0.0,0.9791666666666666,1.0,14,4,2,2
CBL,ESM-1b 650M + CaLM,4,0.0,0.9821428571428572,1.0,15,3,1,2
CBL,ESM-1b 650M + CaLM,5,0.0,0.9821428571428572,1.0,15,3,1,2
CCN6,ESM-2 150M + 650M,1,0.0,0.9375,0.0,12,3,2,1
CCN6,ESM-2 150M + 650M,2,0.0,0.6875,1.0,12,3,2,1
CCN6,ESM-2 150M + 650M,3,0.0,0.8125,0.5,12,3,2,1
CCN6,ESM-2 150M + 650M,4,0.6900000000000001,0.9375,0.0,12,3,2,1
CCN6,ESM-2 150M + 650M,5,0.0,0.75,1.0,12,3,2,1
CCN6,ESM-2 650M + ESM-1b 650M,1,0.76,1.0,1.0,12,3,2,1
CCN6,ESM-2 650M + ESM-1b 650M,2,0.06,1.0,0.0,12,3,2,1
CCN6,ESM-2 650M + ESM-1b 650M,3,0.76,1.0,1.0,12,3,2,1
CCN6,ESM-2 650M + ESM-1b 650M,4,0.76,1.0,1.0,12,3,2,1
CCN6,ESM-2 650M + ESM-1b 650M,5,0.6900000000000001,1.0,1.0,12,3,2,1
CCN6,ESM-2 650M + CaLM,1,0.41,1.0,1.0,12,3,2,1
CCN6,ESM-2 650M + CaLM,2,0.41,1.0,1.0,12,3,2,1
CCN6,ESM-2 650M + CaLM,3,0.41,1.0,1.0,12,3,2,1
CCN6,ESM-2 650M + CaLM,4,0.41,1.0,1.0,12,3,2,1
CCN6,ESM-2 650M + CaLM,5,0.03,1.0,0.0,12,3,2,1
CCN6,ESM-2 150M + CaLM,1,0.66,1.0,1.0,12,3,2,1
CCN6,ESM-2 150M + CaLM,2,0.85,1.0,1.0,12,3,2,1
CCN6,ESM-2 150M + CaLM,3,0.01,1.0,0.5,12,3,2,1
CCN6,ESM-2 150M + CaLM,4,0.85,1.0,1.0,12,3,2,1
CCN6,ESM-2 150M + CaLM,5,0.85,1.0,1.0,12,3,2,1
CCN6,ESM-1b 650M + CaLM,1,0.0,1.0,1.0,12,3,2,1
CCN6,ESM-1b 650M + CaLM,2,0.0,1.0,1.0,12,3,2,1
CCN6,ESM-1b 650M + CaLM,3,0.0,1.0,1.0,12,3,2,1
CCN6,ESM-1b 650M + CaLM,4,0.0,1.0,1.0,12,3,2,1
CCN6,ESM-1b 650M + CaLM,5,0.0,1.0,1.0,12,3,2,1
CD40LG,ESM-2 150M + 650M,1,0.24,0.9940476190476192,0.9333333333333332,29,8,5,3
CD40LG,ESM-2 150M + 650M,2,0.74,0.9777777777777776,1.0,29,8,6,2
CD40LG,ESM-2 150M + 650M,3,0.32,0.9735449735449736,1.0,30,7,5,2
CD40LG,ESM-2 150M + 650M,4,0.32,0.9894179894179894,1.0,30,7,5,2
CD40LG,ESM-2 150M + 650M,5,0.74,0.9735449735449736,1.0,30,7,5,2
CD40LG,ESM-2 650M + ESM-1b 650M,1,0.0,1.0,1.0,29,8,5,3
CD40LG,ESM-2 650M + ESM-1b 650M,2,0.36,0.9944444444444444,1.0,29,8,6,2
CD40LG,ESM-2 650M + ESM-1b 650M,3,0.93,0.9894179894179894,1.0,30,7,5,2
CD40LG,ESM-2 650M + ESM-1b 650M,4,0.6,0.9894179894179894,1.0,30,7,5,2
CD40LG,ESM-2 650M + ESM-1b 650M,5,0.6,0.984126984126984,1.0,30,7,5,2
CD40LG,ESM-2 650M + CaLM,1,0.0,0.9642857142857144,1.0,29,8,5,3
CD40LG,ESM-2 650M + CaLM,2,0.0,0.9555555555555556,1.0,29,8,6,2
CD40LG,ESM-2 650M + CaLM,3,0.43,0.9894179894179894,0.8,30,7,5,2
CD40LG,ESM-2 650M + CaLM,4,0.0,0.9735449735449736,1.0,30,7,5,2
CD40LG,ESM-2 650M + CaLM,5,0.0,0.9788359788359788,0.9,30,7,5,2
CD40LG,ESM-2 150M + CaLM,1,0.0,0.9345238095238096,1.0,29,8,5,3
CD40LG,ESM-2 150M + CaLM,2,0.0,0.9444444444444444,1.0,29,8,6,2
CD40LG,ESM-2 150M + CaLM,3,0.0,0.9682539682539684,0.8,30,7,5,2
CD40LG,ESM-2 150M + CaLM,4,0.17,0.984126984126984,0.8,30,7,5,2
CD40LG,ESM-2 150M + CaLM,5,0.0,0.9629629629629628,1.0,30,7,5,2
CD40LG,ESM-1b 650M + CaLM,1,0.0,1.0,1.0,29,8,5,3
CD40LG,ESM-1b 650M + CaLM,2,0.0,0.9888888888888888,1.0,29,8,6,2
CD40LG,ESM-1b 650M + CaLM,3,0.0,0.9894179894179894,1.0,30,7,5,2
CD40LG,ESM-1b 650M + CaLM,4,0.0,0.984126984126984,1.0,30,7,5,2
CD40LG,ESM-1b 650M + CaLM,5,0.0,0.9894179894179894,1.0,30,7,5,2
CDH1,ESM-2 150M + 650M,1,0.86,0.8764897074756229,1.0,84,22,4,18
CDH1,ESM-2 150M + 650M,2,0.86,0.9305835010060364,0.8333333333333334,85,21,3,18
CDH1,ESM-2 150M + 650M,3,0.87,0.9074446680080482,0.925925925925926,85,21,3,18
CDH1,ESM-2 150M + 650M,4,0.85,0.886317907444668,1.0,85,21,3,18
CDH1,ESM-2 150M + 650M,5,0.8,0.9401709401709402,0.8088235294117647,85,21,4,17
CDH1,ESM-2 650M + ESM-1b 650M,1,0.04,0.9360780065005416,0.7777777777777778,84,22,4,18
CDH1,ESM-2 650M + ESM-1b 650M,2,0.0,0.892354124748491,0.925925925925926,85,21,3,18
CDH1,ESM-2 650M + ESM-1b 650M,3,0.0,0.9154929577464788,0.7962962962962963,85,21,3,18
CDH1,ESM-2 650M + ESM-1b 650M,4,0.0,0.8752515090543259,1.0,85,21,3,18
CDH1,ESM-2 650M + ESM-1b 650M,5,0.04,0.8867521367521367,0.9411764705882352,85,21,4,17
CDH1,ESM-2 650M + CaLM,1,0.07,0.960996749729144,0.7916666666666666,84,22,4,18
CDH1,ESM-2 650M + CaLM,2,0.8200000000000001,0.9255533199195172,0.8148148148148148,85,21,3,18
CDH1,ESM-2 650M + CaLM,3,0.14,0.921529175050302,1.0,85,21,3,18
CDH1,ESM-2 650M + CaLM,4,0.5,0.921529175050302,0.9444444444444444,85,21,3,18
CDH1,ESM-2 650M + CaLM,5,0.5,0.8910256410256411,1.0,85,21,4,17
CDH1,ESM-2 150M + CaLM,1,0.71,0.8927410617551462,0.9444444444444444,84,22,4,18
CDH1,ESM-2 150M + CaLM,2,0.44,0.9255533199195172,0.7592592592592593,85,21,3,18
CDH1,ESM-2 150M + CaLM,3,0.68,0.9225352112676056,0.8148148148148148,85,21,3,18
CDH1,ESM-2 150M + CaLM,4,0.79,0.9154929577464788,0.8888888888888888,85,21,3,18
CDH1,ESM-2 150M + CaLM,5,0.72,0.8814102564102564,1.0,85,21,4,17
CDH1,ESM-1b 650M + CaLM,1,0.99,0.8905742145178764,0.8472222222222222,84,22,4,18
CDH1,ESM-1b 650M + CaLM,2,0.9,0.8822937625754527,0.9074074074074074,85,21,3,18
CDH1,ESM-1b 650M + CaLM,3,0.8,0.8893360160965795,0.8703703703703703,85,21,3,18
CDH1,ESM-1b 650M + CaLM,4,0.9,0.8993963782696177,0.8518518518518519,85,21,3,18
CDH1,ESM-1b 650M + CaLM,5,0.9,0.8910256410256411,0.9117647058823528,85,21,4,17
CDKL5,ESM-2 150M + 650M,1,0.96,0.9899188591099092,1.0,132,34,21,13
CDKL5,ESM-2 150M + 650M,2,0.93,0.9961127308066084,0.9769230769230768,133,33,20,13
CDKL5,ESM-2 150M + 650M,3,0.96,0.9906024096385542,1.0,133,33,21,12
CDKL5,ESM-2 150M + 650M,4,0.93,0.9918072289156626,0.996031746031746,133,33,21,12
CDKL5,ESM-2 150M + 650M,5,0.84,0.992289156626506,0.996031746031746,133,33,21,12
CDKL5,ESM-2 650M + ESM-1b 650M,1,0.38,0.9997541185148758,0.9963369963369964,132,34,21,13
CDKL5,ESM-2 650M + ESM-1b 650M,2,0.38,0.9980563654033042,1.0,133,33,20,13
CDKL5,ESM-2 650M + ESM-1b 650M,3,0.88,0.9983132530120482,0.9642857142857144,133,33,21,12
CDKL5,ESM-2 650M + ESM-1b 650M,4,0.38,0.9973493975903616,1.0,133,33,21,12
CDKL5,ESM-2 650M + ESM-1b 650M,5,0.24,0.9978313253012048,1.0,133,33,21,12
CDKL5,ESM-2 650M + CaLM,1,0.08,0.9921317924760266,1.0,132,34,21,13
CDKL5,ESM-2 650M + CaLM,2,0.0,0.9939261418853256,0.9923076923076924,133,33,20,13
CDKL5,ESM-2 650M + CaLM,3,0.08,0.9906024096385542,1.0,133,33,21,12
CDKL5,ESM-2 650M + CaLM,4,0.03,0.9942168674698796,0.988095238095238,133,33,21,12
CDKL5,ESM-2 650M + CaLM,5,0.24,0.993975903614458,0.988095238095238,133,33,21,12
CDKL5,ESM-2 150M + CaLM,1,0.35,0.9909023850504056,0.967032967032967,132,34,21,13
CDKL5,ESM-2 150M + CaLM,2,0.24,0.9866375121477162,0.9884615384615384,133,33,20,13
CDKL5,ESM-2 150M + CaLM,3,0.23,0.9812048192771085,1.0,133,33,21,12
CDKL5,ESM-2 150M + CaLM,4,0.02,0.9913253012048192,0.9523809523809524,133,33,21,12
CDKL5,ESM-2 150M + CaLM,5,0.24,0.9857831325301204,0.988095238095238,133,33,21,12
CDKL5,ESM-1b 650M + CaLM,1,0.24,0.99409884435702,1.0,132,34,21,13
CDKL5,ESM-1b 650M + CaLM,2,0.01,0.9956268221574344,0.9923076923076924,133,33,20,13
CDKL5,ESM-1b 650M + CaLM,3,0.24,0.9971084337349396,0.984126984126984,133,33,21,12
CDKL5,ESM-1b 650M + CaLM,4,0.35,0.9951807228915662,1.0,133,33,21,12
CDKL5,ESM-1b 650M + CaLM,5,0.34,0.9980722891566264,1.0,133,33,21,12
CDKN2A,ESM-2 150M + 650M,1,0.33,0.90625,0.8,20,6,5,1
CDKN2A,ESM-2 150M + 650M,2,0.0,0.8676470588235294,1.0,21,5,4,1
CDKN2A,ESM-2 150M + 650M,3,0.0,0.8676470588235294,0.75,21,5,4,1
CDKN2A,ESM-2 150M + 650M,4,0.74,0.8823529411764706,1.0,21,5,4,1
CDKN2A,ESM-2 150M + 650M,5,0.0,0.8970588235294118,0.75,21,5,4,1
CDKN2A,ESM-2 650M + ESM-1b 650M,1,0.65,1.0,1.0,20,6,5,1
CDKN2A,ESM-2 650M + ESM-1b 650M,2,0.65,1.0,1.0,21,5,4,1
CDKN2A,ESM-2 650M + ESM-1b 650M,3,0.61,1.0,1.0,21,5,4,1
CDKN2A,ESM-2 650M + ESM-1b 650M,4,0.65,1.0,1.0,21,5,4,1
CDKN2A,ESM-2 650M + ESM-1b 650M,5,0.45,1.0,0.75,21,5,4,1
CDKN2A,ESM-2 650M + CaLM,1,0.42,0.828125,1.0,20,6,5,1
CDKN2A,ESM-2 650M + CaLM,2,0.0,0.8970588235294118,0.75,21,5,4,1
CDKN2A,ESM-2 650M + CaLM,3,0.0,0.8823529411764706,0.75,21,5,4,1
CDKN2A,ESM-2 650M + CaLM,4,0.0,0.8970588235294118,0.75,21,5,4,1
CDKN2A,ESM-2 650M + CaLM,5,0.0,0.8382352941176471,1.0,21,5,4,1
CDKN2A,ESM-2 150M + CaLM,1,0.22,0.8125,1.0,20,6,5,1
CDKN2A,ESM-2 150M + CaLM,2,0.22,0.8676470588235294,1.0,21,5,4,1
CDKN2A,ESM-2 150M + CaLM,3,0.55,0.8970588235294118,0.75,21,5,4,1
CDKN2A,ESM-2 150M + CaLM,4,0.0,0.8970588235294118,0.75,21,5,4,1
CDKN2A,ESM-2 150M + CaLM,5,0.55,0.9558823529411764,0.5,21,5,4,1
CDKN2A,ESM-1b 650M + CaLM,1,0.0,1.0,1.0,20,6,5,1
CDKN2A,ESM-1b 650M + CaLM,2,0.0,1.0,1.0,21,5,4,1
CDKN2A,ESM-1b 650M + CaLM,3,0.0,1.0,1.0,21,5,4,1
CDKN2A,ESM-1b 650M + CaLM,4,0.0,1.0,1.0,21,5,4,1
CDKN2A,ESM-1b 650M + CaLM,5,0.0,1.0,1.0,21,5,4,1
CERT1,ESM-2 150M + 650M,1,0.21,0.96,1.0,10,3,1,2
CERT1,ESM-2 150M + 650M,2,0.42,0.96,1.0,10,3,1,2
CERT1,ESM-2 150M + 650M,3,0.06,1.0,0.5,10,3,2,1
CERT1,ESM-2 150M + 650M,4,0.42,0.9666666666666668,1.0,11,2,1,1
CERT1,ESM-2 150M + 650M,5,0.42,0.9666666666666668,1.0,11,2,1,1
CERT1,ESM-2 650M + ESM-1b 650M,1,0.0,1.0,1.0,10,3,1,2
CERT1,ESM-2 650M + ESM-1b 650M,2,0.0,1.0,1.0,10,3,1,2
CERT1,ESM-2 650M + ESM-1b 650M,3,0.9,1.0,1.0,10,3,2,1
CERT1,ESM-2 650M + ESM-1b 650M,4,0.9,1.0,1.0,11,2,1,1
CERT1,ESM-2 650M + ESM-1b 650M,5,0.9,1.0,1.0,11,2,1,1
CERT1,ESM-2 650M + CaLM,1,0.25,1.0,1.0,10,3,1,2
CERT1,ESM-2 650M + CaLM,2,0.0,1.0,1.0,10,3,1,2
CERT1,ESM-2 650M + CaLM,3,0.0,1.0,1.0,10,3,2,1
CERT1,ESM-2 650M + CaLM,4,0.25,1.0,1.0,11,2,1,1
CERT1,ESM-2 650M + CaLM,5,0.25,1.0,1.0,11,2,1,1
CERT1,ESM-2 150M + CaLM,1,0.94,1.0,1.0,10,3,1,2
CERT1,ESM-2 150M + CaLM,2,0.17,0.92,1.0,10,3,1,2
CERT1,ESM-2 150M + CaLM,3,0.94,0.9166666666666666,1.0,10,3,2,1
CERT1,ESM-2 150M + CaLM,4,0.0,0.9333333333333332,0.0,11,2,1,1
CERT1,ESM-2 150M + CaLM,5,0.4,1.0,0.0,11,2,1,1
CERT1,ESM-1b 650M + CaLM,1,0.0,1.0,1.0,10,3,1,2
CERT1,ESM-1b 650M + CaLM,2,0.0,1.0,1.0,10,3,1,2
CERT1,ESM-1b 650M + CaLM,3,0.0,1.0,1.0,10,3,2,1
CERT1,ESM-1b 650M + CaLM,4,0.0,1.0,1.0,11,2,1,1
CERT1,ESM-1b 650M + CaLM,5,0.0,1.0,1.0,11,2,1,1
CFI,ESM-2 150M + 650M,1,0.0,0.9545454545454546,1.0,15,4,1,3
CFI,ESM-2 150M + 650M,2,0.0,0.9772727272727272,1.0,15,4,1,3
CFI,ESM-2 150M + 650M,3,0.0,0.9772727272727272,1.0,15,4,1,3
CFI,ESM-2 150M + 650M,4,0.0,0.9545454545454546,1.0,15,4,1,3
CFI,ESM-2 150M + 650M,5,0.0,1.0,1.0,16,3,1,2
CFI,ESM-2 650M + ESM-1b 650M,1,0.55,1.0,1.0,15,4,1,3
CFI,ESM-2 650M + ESM-1b 650M,2,0.55,1.0,1.0,15,4,1,3
CFI,ESM-2 650M + ESM-1b 650M,3,0.52,1.0,1.0,15,4,1,3
CFI,ESM-2 650M + ESM-1b 650M,4,0.55,1.0,1.0,15,4,1,3
CFI,ESM-2 650M + ESM-1b 650M,5,0.0,1.0,1.0,16,3,1,2
CFI,ESM-2 650M + CaLM,1,0.0,0.9772727272727272,1.0,15,4,1,3
CFI,ESM-2 650M + CaLM,2,0.0,0.9545454545454546,1.0,15,4,1,3
CFI,ESM-2 650M + CaLM,3,0.0,0.9545454545454546,1.0,15,4,1,3
CFI,ESM-2 650M + CaLM,4,0.0,1.0,1.0,15,4,1,3
CFI,ESM-2 650M + CaLM,5,0.0,0.9791666666666666,1.0,16,3,1,2
CFI,ESM-2 150M + CaLM,1,0.0,0.9772727272727272,1.0,15,4,1,3
CFI,ESM-2 150M + CaLM,2,0.0,0.9772727272727272,1.0,15,4,1,3
CFI,ESM-2 150M + CaLM,3,0.0,0.9545454545454546,1.0,15,4,1,3
CFI,ESM-2 150M + CaLM,4,0.0,0.9545454545454546,1.0,15,4,1,3
CFI,ESM-2 150M + CaLM,5,0.0,1.0,1.0,16,3,1,2
CFI,ESM-1b 650M + CaLM,1,0.0,1.0,1.0,15,4,1,3
CFI,ESM-1b 650M + CaLM,2,0.0,1.0,1.0,15,4,1,3
CFI,ESM-1b 650M + CaLM,3,0.0,1.0,1.0,15,4,1,3
CFI,ESM-1b 650M + CaLM,4,0.0,1.0,1.0,15,4,1,3
CFI,ESM-1b 650M + CaLM,5,0.0,1.0,1.0,16,3,1,2
CHAT,ESM-2 150M + 650M,1,0.12,1.0,0.9166666666666666,26,7,3,4
CHAT,ESM-2 150M + 650M,2,0.48,0.9881656804733728,1.0,26,7,4,3
CHAT,ESM-2 150M + 650M,3,0.48,0.9940828402366864,1.0,26,7,4,3
CHAT,ESM-2 150M + 650M,4,0.12,0.989010989010989,1.0,27,6,3,3
CHAT,ESM-2 150M + 650M,5,0.48,0.989010989010989,1.0,27,6,3,3
CHAT,ESM-2 650M + ESM-1b 650M,1,0.02,1.0,1.0,26,7,3,4
CHAT,ESM-2 650M + ESM-1b 650M,2,0.04,1.0,1.0,26,7,4,3
CHAT,ESM-2 650M + ESM-1b 650M,3,0.0,1.0,1.0,26,7,4,3
CHAT,ESM-2 650M + ESM-1b 650M,4,0.04,1.0,1.0,27,6,3,3
CHAT,ESM-2 650M + ESM-1b 650M,5,0.04,1.0,1.0,27,6,3,3
CHAT,ESM-2 650M + CaLM,1,0.05,1.0,1.0,26,7,3,4
CHAT,ESM-2 650M + CaLM,2,0.05,1.0,1.0,26,7,4,3
CHAT,ESM-2 650M + CaLM,3,0.05,1.0,1.0,26,7,4,3
CHAT,ESM-2 650M + CaLM,4,0.05,1.0,1.0,27,6,3,3
CHAT,ESM-2 650M + CaLM,5,0.0,1.0,0.8888888888888888,27,6,3,3
CHAT,ESM-2 150M + CaLM,1,0.07,0.988095238095238,1.0,26,7,3,4
CHAT,ESM-2 150M + CaLM,2,0.11,0.9940828402366864,1.0,26,7,4,3
CHAT,ESM-2 150M + CaLM,3,0.11,0.9881656804733728,1.0,26,7,4,3
CHAT,ESM-2 150M + CaLM,4,0.0,0.9945054945054944,0.8888888888888888,27,6,3,3
CHAT,ESM-2 150M + CaLM,5,0.11,1.0,1.0,27,6,3,3
CHAT,ESM-1b 650M + CaLM,1,0.27,1.0,1.0,26,7,3,4
CHAT,ESM-1b 650M + CaLM,2,0.27,1.0,1.0,26,7,4,3
CHAT,ESM-1b 650M + CaLM,3,0.27,1.0,1.0,26,7,4,3
CHAT,ESM-1b 650M + CaLM,4,0.0,1.0,1.0,27,6,3,3
CHAT,ESM-1b 650M + CaLM,5,0.0,1.0,1.0,27,6,3,3
CHEK2,ESM-2 150M + 650M,1,0.0,1.0,1.0,8,2,1,1
CHEK2,ESM-2 150M + 650M,2,0.0,1.0,1.0,8,2,1,1
CHEK2,ESM-2 150M + 650M,3,0.0,1.0,1.0,8,2,1,1
CHEK2,ESM-2 150M + 650M,4,0.0,1.0,1.0,8,2,1,1
CHEK2,ESM-2 150M + 650M,5,0.0,1.0,1.0,8,2,1,1
CHEK2,ESM-2 650M + ESM-1b 650M,1,0.0,1.0,1.0,8,2,1,1
CHEK2,ESM-2 650M + ESM-1b 650M,2,0.0,1.0,1.0,8,2,1,1
CHEK2,ESM-2 650M + ESM-1b 650M,3,0.0,1.0,1.0,8,2,1,1
CHEK2,ESM-2 650M + ESM-1b 650M,4,0.0,1.0,1.0,8,2,1,1
CHEK2,ESM-2 650M + ESM-1b 650M,5,0.0,1.0,1.0,8,2,1,1
CHEK2,ESM-2 650M + CaLM,1,0.0,1.0,1.0,8,2,1,1
CHEK2,ESM-2 650M + CaLM,2,0.0,1.0,1.0,8,2,1,1
CHEK2,ESM-2 650M + CaLM,3,0.0,1.0,1.0,8,2,1,1
CHEK2,ESM-2 650M + CaLM,4,0.0,1.0,1.0,8,2,1,1
CHEK2,ESM-2 650M + CaLM,5,0.0,1.0,1.0,8,2,1,1
CHEK2,ESM-2 150M + CaLM,1,0.0,1.0,1.0,8,2,1,1
CHEK2,ESM-2 150M + CaLM,2,0.0,1.0,1.0,8,2,1,1
CHEK2,ESM-2 150M + CaLM,3,0.0,1.0,1.0,8,2,1,1
CHEK2,ESM-2 150M + CaLM,4,0.0,1.0,1.0,8,2,1,1
CHEK2,ESM-2 150M + CaLM,5,0.0,1.0,1.0,8,2,1,1
CHEK2,ESM-1b 650M + CaLM,1,0.0,1.0,1.0,8,2,1,1
CHEK2,ESM-1b 650M + CaLM,2,0.0,1.0,1.0,8,2,1,1
CHEK2,ESM-1b 650M + CaLM,3,0.0,1.0,1.0,8,2,1,1
CHEK2,ESM-1b 650M + CaLM,4,0.0,1.0,1.0,8,2,1,1
CHEK2,ESM-1b 650M + CaLM,5,0.0,1.0,1.0,8,2,1,1
CHM,ESM-2 150M + 650M,1,0.96,0.95,1.0,25,7,1,6
CHM,ESM-2 150M + 650M,2,0.96,0.9642857142857144,1.0,25,7,2,5
CHM,ESM-2 150M + 650M,3,0.96,0.923809523809524,1.0,26,6,1,5
CHM,ESM-2 150M + 650M,4,0.96,0.9142857142857144,1.0,26,6,1,5
CHM,ESM-2 150M + 650M,5,0.0,0.9809523809523808,0.2,26,6,1,5
CHM,ESM-2 650M + ESM-1b 650M,1,0.0,0.98,0.6666666666666666,25,7,1,6
CHM,ESM-2 650M + ESM-1b 650M,2,0.0,0.9404761904761904,1.0,25,7,2,5
CHM,ESM-2 650M + ESM-1b 650M,3,0.0,0.9142857142857144,1.0,26,6,1,5
CHM,ESM-2 650M + ESM-1b 650M,4,0.0,0.9333333333333332,1.0,26,6,1,5
CHM,ESM-2 650M + ESM-1b 650M,5,0.0,0.9428571428571428,1.0,26,6,1,5
CHM,ESM-2 650M + CaLM,1,0.0,0.96,1.0,25,7,1,6
CHM,ESM-2 650M + CaLM,2,0.0,0.8928571428571429,1.0,25,7,2,5
CHM,ESM-2 650M + CaLM,3,0.0,0.961904761904762,0.8,26,6,1,5
CHM,ESM-2 650M + CaLM,4,0.37,0.9333333333333332,1.0,26,6,1,5
CHM,ESM-2 650M + CaLM,5,0.0,0.9714285714285714,1.0,26,6,1,5
CHM,ESM-2 150M + CaLM,1,0.59,0.9,1.0,25,7,1,6
CHM,ESM-2 150M + CaLM,2,0.55,0.8690476190476191,1.0,25,7,2,5
CHM,ESM-2 150M + CaLM,3,0.0,0.9523809523809524,0.2,26,6,1,5
CHM,ESM-2 150M + CaLM,4,0.59,0.8380952380952381,1.0,26,6,1,5
CHM,ESM-2 150M + CaLM,5,0.55,0.8666666666666667,1.0,26,6,1,5
CHM,ESM-1b 650M + CaLM,1,0.51,0.9,1.0,25,7,1,6
CHM,ESM-1b 650M + CaLM,2,0.79,0.9523809523809524,0.9,25,7,2,5
CHM,ESM-1b 650M + CaLM,3,0.32,0.9523809523809524,0.8,26,6,1,5
CHM,ESM-1b 650M + CaLM,4,0.0,0.923809523809524,0.8,26,6,1,5
CHM,ESM-1b 650M + CaLM,5,0.32,0.8952380952380953,1.0,26,6,1,5
CHRNE,ESM-2 150M + 650M,1,0.41,0.99,1.0,25,7,5,2
CHRNE,ESM-2 150M + 650M,2,0.54,1.0,1.0,25,7,5,2
CHRNE,ESM-2 150M + 650M,3,0.41,0.9916666666666668,1.0,26,6,5,1
CHRNE,ESM-2 150M + 650M,4,0.11,0.9916666666666668,1.0,26,6,5,1
CHRNE,ESM-2 150M + 650M,5,0.09,1.0,0.8,26,6,5,1
CHRNE,ESM-2 650M + ESM-1b 650M,1,0.09,1.0,1.0,25,7,5,2
CHRNE,ESM-2 650M + ESM-1b 650M,2,0.93,0.95,1.0,25,7,5,2
CHRNE,ESM-2 650M + ESM-1b 650M,3,0.93,0.975,0.8,26,6,5,1
CHRNE,ESM-2 650M + ESM-1b 650M,4,0.39,0.9666666666666668,1.0,26,6,5,1
CHRNE,ESM-2 650M + ESM-1b 650M,5,0.39,0.9583333333333334,1.0,26,6,5,1
CHRNE,ESM-2 650M + CaLM,1,0.71,0.96,1.0,25,7,5,2
CHRNE,ESM-2 650M + CaLM,2,0.0,1.0,0.7,25,7,5,2
CHRNE,ESM-2 650M + CaLM,3,0.55,0.9666666666666668,1.0,26,6,5,1
CHRNE,ESM-2 650M + CaLM,4,0.71,0.9833333333333332,1.0,26,6,5,1
CHRNE,ESM-2 650M + CaLM,5,0.71,0.9666666666666668,1.0,26,6,5,1
CHRNE,ESM-2 150M + CaLM,1,0.15,0.97,0.9,25,7,5,2
CHRNE,ESM-2 150M + CaLM,2,0.42,0.98,1.0,25,7,5,2
CHRNE,ESM-2 150M + CaLM,3,0.0,0.975,0.8,26,6,5,1
CHRNE,ESM-2 150M + CaLM,4,0.41,1.0,1.0,26,6,5,1
CHRNE,ESM-2 150M + CaLM,5,0.42,0.9666666666666668,1.0,26,6,5,1
CHRNE,ESM-1b 650M + CaLM,1,0.29,0.98,1.0,25,7,5,2
CHRNE,ESM-1b 650M + CaLM,2,0.66,0.98,1.0,25,7,5,2
CHRNE,ESM-1b 650M + CaLM,3,0.5,1.0,0.8,26,6,5,1
CHRNE,ESM-1b 650M + CaLM,4,0.66,0.975,1.0,26,6,5,1
CHRNE,ESM-1b 650M + CaLM,5,0.5,0.9666666666666668,1.0,26,6,5,1
CHST3,ESM-2 150M + 650M,1,0.0,1.0,1.0,16,4,2,2
CHST3,ESM-2 150M + 650M,2,0.0,1.0,1.0,16,4,2,2
CHST3,ESM-2 150M + 650M,3,0.0,1.0,1.0,16,4,3,1
CHST3,ESM-2 150M + 650M,4,0.0,1.0,1.0,16,4,3,1
CHST3,ESM-2 150M + 650M,5,0.0,1.0,1.0,16,4,3,1
CHST3,ESM-2 650M + ESM-1b 650M,1,0.0,1.0,1.0,16,4,2,2
CHST3,ESM-2 650M + ESM-1b 650M,2,0.0,1.0,1.0,16,4,2,2
CHST3,ESM-2 650M + ESM-1b 650M,3,0.0,1.0,1.0,16,4,3,1
CHST3,ESM-2 650M + ESM-1b 650M,4,0.0,1.0,1.0,16,4,3,1
CHST3,ESM-2 650M + ESM-1b 650M,5,0.0,1.0,1.0,16,4,3,1
CHST3,ESM-2 650M + CaLM,1,0.0,1.0,1.0,16,4,2,2
CHST3,ESM-2 650M + CaLM,2,0.0,1.0,1.0,16,4,2,2
CHST3,ESM-2 650M + CaLM,3,0.0,1.0,1.0,16,4,3,1
CHST3,ESM-2 650M + CaLM,4,0.0,1.0,1.0,16,4,3,1
CHST3,ESM-2 650M + CaLM,5,0.0,1.0,1.0,16,4,3,1
CHST3,ESM-2 150M + CaLM,1,0.0,1.0,1.0,16,4,2,2
CHST3,ESM-2 150M + CaLM,2,0.0,1.0,1.0,16,4,2,2
CHST3,ESM-2 150M + CaLM,3,0.0,1.0,1.0,16,4,3,1
CHST3,ESM-2 150M + CaLM,4,0.0,1.0,1.0,16,4,3,1
CHST3,ESM-2 150M + CaLM,5,0.0,1.0,1.0,16,4,3,1
CHST3,ESM-1b 650M + CaLM,1,0.08,1.0,1.0,16,4,2,2
CHST3,ESM-1b 650M + CaLM,2,0.0,1.0,1.0,16,4,2,2
CHST3,ESM-1b 650M + CaLM,3,0.0,1.0,1.0,16,4,3,1
CHST3,ESM-1b 650M + CaLM,4,0.08,1.0,1.0,16,4,3,1
CHST3,ESM-1b 650M + CaLM,5,0.08,1.0,1.0,16,4,3,1
CLCN1,ESM-2 150M + 650M,1,0.67,0.911904761904762,1.0,67,17,15,2
CLCN1,ESM-2 150M + 650M,2,0.59,0.9285714285714286,0.9,67,17,15,2
CLCN1,ESM-2 150M + 650M,3,0.96,0.938095238095238,0.9333333333333332,67,17,15,2
CLCN1,ESM-2 150M + 650M,4,0.6,0.9095238095238096,0.9666666666666668,67,17,15,2
CLCN1,ESM-2 150M + 650M,5,0.6,0.9458333333333332,0.8,68,16,15,1
CLCN1,ESM-2 650M + ESM-1b 650M,1,0.67,0.9666666666666668,0.8666666666666667,67,17,15,2
CLCN1,ESM-2 650M + ESM-1b 650M,2,0.93,0.9476190476190476,0.9666666666666668,67,17,15,2
CLCN1,ESM-2 650M + ESM-1b 650M,3,0.67,0.9404761904761904,1.0,67,17,15,2
CLCN1,ESM-2 650M + ESM-1b 650M,4,0.62,0.9642857142857144,0.9666666666666668,67,17,15,2
CLCN1,ESM-2 650M + ESM-1b 650M,5,0.9,0.9458333333333332,1.0,68,16,15,1
CLCN1,ESM-2 650M + CaLM,1,0.26,0.9261904761904762,1.0,67,17,15,2
CLCN1,ESM-2 650M + CaLM,2,0.19,0.95,0.9333333333333332,67,17,15,2
CLCN1,ESM-2 650M + CaLM,3,0.26,0.9404761904761904,0.8666666666666667,67,17,15,2
CLCN1,ESM-2 650M + CaLM,4,0.26,0.9333333333333332,0.9333333333333332,67,17,15,2
CLCN1,ESM-2 650M + CaLM,5,0.25,0.9458333333333332,1.0,68,16,15,1
CLCN1,ESM-2 150M + CaLM,1,0.72,0.8785714285714286,1.0,67,17,15,2
CLCN1,ESM-2 150M + CaLM,2,0.65,0.923809523809524,0.8333333333333334,67,17,15,2
CLCN1,ESM-2 150M + CaLM,3,0.93,0.8976190476190476,0.9333333333333332,67,17,15,2
CLCN1,ESM-2 150M + CaLM,4,0.72,0.9547619047619048,0.6666666666666666,67,17,15,2
CLCN1,ESM-2 150M + CaLM,5,0.29,0.8916666666666667,0.8666666666666667,68,16,15,1
CLCN1,ESM-1b 650M + CaLM,1,0.2,0.9666666666666668,0.9,67,17,15,2
CLCN1,ESM-1b 650M + CaLM,2,0.28,0.9523809523809524,0.9666666666666668,67,17,15,2
CLCN1,ESM-1b 650M + CaLM,3,0.06,0.9738095238095238,0.9,67,17,15,2
CLCN1,ESM-1b 650M + CaLM,4,0.36,0.9476190476190476,1.0,67,17,15,2
CLCN1,ESM-1b 650M + CaLM,5,0.28,0.95,1.0,68,16,15,1
CLCN4,ESM-2 150M + 650M,1,0.95,0.9078947368421052,0.875,31,8,4,4
CLCN4,ESM-2 150M + 650M,2,1.0,0.8760683760683761,0.8666666666666667,31,8,5,3
CLCN4,ESM-2 150M + 650M,3,1.0,0.8846153846153846,0.9333333333333332,31,8,5,3
CLCN4,ESM-2 150M + 650M,4,1.0,0.9188034188034188,0.7333333333333333,31,8,5,3
CLCN4,ESM-2 150M + 650M,5,0.92,0.8421052631578947,1.0,32,7,4,3
CLCN4,ESM-2 650M + ESM-1b 650M,1,0.09,0.9649122807017544,0.8125,31,8,4,4
CLCN4,ESM-2 650M + ESM-1b 650M,2,0.0,0.8717948717948718,1.0,31,8,5,3
CLCN4,ESM-2 650M + ESM-1b 650M,3,0.12,0.8675213675213675,0.9333333333333332,31,8,5,3
CLCN4,ESM-2 650M + ESM-1b 650M,4,0.12,0.905982905982906,0.9333333333333332,31,8,5,3
CLCN4,ESM-2 650M + ESM-1b 650M,5,0.12,0.8785425101214575,1.0,32,7,4,3
CLCN4,ESM-2 650M + CaLM,1,0.39,0.9429824561403508,0.5,31,8,4,4
CLCN4,ESM-2 650M + CaLM,2,0.0,0.8547008547008547,1.0,31,8,5,3
CLCN4,ESM-2 650M + CaLM,3,0.0,0.8547008547008547,1.0,31,8,5,3
CLCN4,ESM-2 650M + CaLM,4,0.0,0.9145299145299144,0.8666666666666667,31,8,5,3
CLCN4,ESM-2 650M + CaLM,5,0.0,0.8704453441295547,1.0,32,7,4,3
CLCN4,ESM-2 150M + CaLM,1,0.0,0.868421052631579,0.4375,31,8,4,4
CLCN4,ESM-2 150M + CaLM,2,0.03,0.7692307692307693,0.9333333333333332,31,8,5,3
CLCN4,ESM-2 150M + CaLM,3,0.47,0.8589743589743589,0.5333333333333333,31,8,5,3
CLCN4,ESM-2 150M + CaLM,4,0.77,0.8076923076923077,0.9333333333333332,31,8,5,3
CLCN4,ESM-2 150M + CaLM,5,0.39,0.7611336032388664,1.0,32,7,4,3
CLCN4,ESM-1b 650M + CaLM,1,0.37,0.8464912280701754,0.75,31,8,4,4
CLCN4,ESM-1b 650M + CaLM,2,0.0,0.8589743589743589,0.6666666666666666,31,8,5,3
CLCN4,ESM-1b 650M + CaLM,3,0.0,0.8589743589743589,0.7333333333333333,31,8,5,3
CLCN4,ESM-1b 650M + CaLM,4,0.31,0.8418803418803419,0.8,31,8,5,3
CLCN4,ESM-1b 650M + CaLM,5,0.75,0.8218623481781376,0.75,32,7,4,3
CLCN5,ESM-2 150M + 650M,1,0.0,1.0,0.75,13,4,2,2
CLCN5,ESM-2 150M + 650M,2,0.0,0.95,1.0,13,4,3,1
CLCN5,ESM-2 150M + 650M,3,0.0,0.9555555555555556,1.0,14,3,2,1
CLCN5,ESM-2 150M + 650M,4,0.0,0.9777777777777776,1.0,14,3,2,1
CLCN5,ESM-2 150M + 650M,5,0.0,0.9555555555555556,1.0,14,3,2,1
CLCN5,ESM-2 650M + ESM-1b 650M,1,0.37,1.0,1.0,13,4,2,2
CLCN5,ESM-2 650M + ESM-1b 650M,2,0.37,1.0,1.0,13,4,3,1
CLCN5,ESM-2 650M + ESM-1b 650M,3,0.0,1.0,0.5,14,3,2,1
CLCN5,ESM-2 650M + ESM-1b 650M,4,0.28,1.0,1.0,14,3,2,1
CLCN5,ESM-2 650M + ESM-1b 650M,5,0.37,1.0,1.0,14,3,2,1
CLCN5,ESM-2 650M + CaLM,1,0.5,1.0,1.0,13,4,2,2
CLCN5,ESM-2 650M + CaLM,2,0.5,1.0,1.0,13,4,3,1
CLCN5,ESM-2 650M + CaLM,3,0.5,1.0,1.0,14,3,2,1
CLCN5,ESM-2 650M + CaLM,4,0.0,1.0,1.0,14,3,2,1
CLCN5,ESM-2 650M + CaLM,5,0.0,1.0,1.0,14,3,2,1
CLCN5,ESM-2 150M + CaLM,1,0.1,0.9722222222222222,1.0,13,4,2,2
CLCN5,ESM-2 150M + CaLM,2,0.1,1.0,1.0,13,4,3,1
CLCN5,ESM-2 150M + CaLM,3,0.1,0.9777777777777776,1.0,14,3,2,1
CLCN5,ESM-2 150M + CaLM,4,0.0,0.9777777777777776,1.0,14,3,2,1
CLCN5,ESM-2 150M + CaLM,5,0.0,1.0,1.0,14,3,2,1
CLCN5,ESM-1b 650M + CaLM,1,0.0,1.0,1.0,13,4,2,2
CLCN5,ESM-1b 650M + CaLM,2,0.0,1.0,1.0,13,4,3,1
CLCN5,ESM-1b 650M + CaLM,3,0.0,1.0,1.0,14,3,2,1
CLCN5,ESM-1b 650M + CaLM,4,0.0,1.0,1.0,14,3,2,1
CLCN5,ESM-1b 650M + CaLM,5,0.0,1.0,1.0,14,3,2,1
CLCN7,ESM-2 150M + 650M,1,0.74,0.952,0.875,40,10,6,4
CLCN7,ESM-2 150M + 650M,2,0.54,0.9253333333333332,0.9583333333333334,40,10,6,4
CLCN7,ESM-2 150M + 650M,3,0.56,0.92,1.0,40,10,6,4
CLCN7,ESM-2 150M + 650M,4,0.56,0.9386666666666666,0.875,40,10,6,4
CLCN7,ESM-2 150M + 650M,5,0.54,0.9296875,0.9523809523809524,40,10,7,3
CLCN7,ESM-2 650M + ESM-1b 650M,1,0.33,0.9653333333333334,0.75,40,10,6,4
CLCN7,ESM-2 650M + ESM-1b 650M,2,0.73,0.92,1.0,40,10,6,4
CLCN7,ESM-2 650M + ESM-1b 650M,3,0.66,0.936,0.9166666666666666,40,10,6,4
CLCN7,ESM-2 650M + ESM-1b 650M,4,0.01,0.9226666666666666,1.0,40,10,6,4
CLCN7,ESM-2 650M + ESM-1b 650M,5,0.31,0.921875,1.0,40,10,7,3
CLCN7,ESM-2 650M + CaLM,1,0.45,0.9333333333333332,1.0,40,10,6,4
CLCN7,ESM-2 650M + CaLM,2,0.46,0.952,0.875,40,10,6,4
CLCN7,ESM-2 650M + CaLM,3,0.73,0.9546666666666668,0.875,40,10,6,4
CLCN7,ESM-2 650M + CaLM,4,0.18,0.9573333333333334,0.875,40,10,6,4
CLCN7,ESM-2 650M + CaLM,5,0.45,0.9296875,1.0,40,10,7,3
CLCN7,ESM-2 150M + CaLM,1,0.5700000000000001,0.92,0.8333333333333334,40,10,6,4
CLCN7,ESM-2 150M + CaLM,2,0.5700000000000001,0.8773333333333333,1.0,40,10,6,4
CLCN7,ESM-2 150M + CaLM,3,0.52,0.9013333333333332,1.0,40,10,6,4
CLCN7,ESM-2 150M + CaLM,4,0.37,0.9413333333333334,0.875,40,10,6,4
CLCN7,ESM-2 150M + CaLM,5,0.59,0.9244791666666666,0.8571428571428571,40,10,7,3
CLCN7,ESM-1b 650M + CaLM,1,0.55,0.976,0.7916666666666666,40,10,6,4
CLCN7,ESM-1b 650M + CaLM,2,0.55,0.9573333333333334,0.8333333333333334,40,10,6,4
CLCN7,ESM-1b 650M + CaLM,3,0.55,0.9146666666666666,1.0,40,10,6,4
CLCN7,ESM-1b 650M + CaLM,4,0.55,0.9146666666666666,1.0,40,10,6,4
CLCN7,ESM-1b 650M + CaLM,5,0.62,0.9427083333333334,0.9523809523809524,40,10,7,3
CLCNKB,ESM-2 150M + 650M,1,0.58,0.9947916666666666,1.0,28,8,3,5
CLCNKB,ESM-2 150M + 650M,2,0.42,1.0,1.0,29,7,3,4
CLCNKB,ESM-2 150M + 650M,3,0.58,0.9950980392156864,1.0,29,7,3,4
CLCNKB,ESM-2 150M + 650M,4,0.58,0.9950980392156864,1.0,29,7,3,4
CLCNKB,ESM-2 150M + 650M,5,0.5,1.0,1.0,29,7,3,4
CLCNKB,ESM-2 650M + ESM-1b 650M,1,0.29,0.9895833333333334,1.0,28,8,3,5
CLCNKB,ESM-2 650M + ESM-1b 650M,2,0.0,0.9901960784313726,1.0,29,7,3,4
CLCNKB,ESM-2 650M + ESM-1b 650M,3,0.29,0.9950980392156864,1.0,29,7,3,4
CLCNKB,ESM-2 650M + ESM-1b 650M,4,0.11,0.9950980392156864,1.0,29,7,3,4
CLCNKB,ESM-2 650M + ESM-1b 650M,5,0.29,1.0,1.0,29,7,3,4
CLCNKB,ESM-2 650M + CaLM,1,0.12,0.9947916666666666,1.0,28,8,3,5
CLCNKB,ESM-2 650M + CaLM,2,0.0,0.9901960784313726,1.0,29,7,3,4
CLCNKB,ESM-2 650M + CaLM,3,0.08,0.9950980392156864,1.0,29,7,3,4
CLCNKB,ESM-2 650M + CaLM,4,0.12,1.0,1.0,29,7,3,4
CLCNKB,ESM-2 650M + CaLM,5,0.12,0.9901960784313726,1.0,29,7,3,4
CLCNKB,ESM-2 150M + CaLM,1,0.13,0.9947916666666666,0.8,28,8,3,5
CLCNKB,ESM-2 150M + CaLM,2,0.0,0.9607843137254902,1.0,29,7,3,4
CLCNKB,ESM-2 150M + CaLM,3,0.13,0.9754901960784312,1.0,29,7,3,4
CLCNKB,ESM-2 150M + CaLM,4,0.0,0.9705882352941176,1.0,29,7,3,4
CLCNKB,ESM-2 150M + CaLM,5,0.13,0.965686274509804,1.0,29,7,3,4
CLCNKB,ESM-1b 650M + CaLM,1,0.19,0.984375,1.0,28,8,3,5
CLCNKB,ESM-1b 650M + CaLM,2,0.19,0.9803921568627452,1.0,29,7,3,4
CLCNKB,ESM-1b 650M + CaLM,3,0.19,0.9803921568627452,1.0,29,7,3,4
CLCNKB,ESM-1b 650M + CaLM,4,0.08,0.9950980392156864,0.8333333333333334,29,7,3,4
CLCNKB,ESM-1b 650M + CaLM,5,0.19,0.9950980392156864,1.0,29,7,3,4
CNGA1,ESM-2 150M + 650M,1,0.64,1.0,1.0,9,3,1,2
CNGA1,ESM-2 150M + 650M,2,0.0,1.0,0.0,9,3,1,2
CNGA1,ESM-2 150M + 650M,3,0.64,1.0,1.0,10,2,1,1
CNGA1,ESM-2 150M + 650M,4,0.64,1.0,1.0,10,2,1,1
CNGA1,ESM-2 150M + 650M,5,0.64,1.0,1.0,10,2,1,1
CNGA1,ESM-2 650M + ESM-1b 650M,1,0.0,1.0,1.0,9,3,1,2
CNGA1,ESM-2 650M + ESM-1b 650M,2,0.0,1.0,1.0,9,3,1,2
CNGA1,ESM-2 650M + ESM-1b 650M,3,0.0,1.0,1.0,10,2,1,1
CNGA1,ESM-2 650M + ESM-1b 650M,4,0.0,1.0,1.0,10,2,1,1
CNGA1,ESM-2 650M + ESM-1b 650M,5,0.0,1.0,1.0,10,2,1,1
CNGA1,ESM-2 650M + CaLM,1,0.0,1.0,1.0,9,3,1,2
CNGA1,ESM-2 650M + CaLM,2,0.0,1.0,1.0,9,3,1,2
CNGA1,ESM-2 650M + CaLM,3,0.0,1.0,1.0,10,2,1,1
CNGA1,ESM-2 650M + CaLM,4,0.0,1.0,1.0,10,2,1,1
CNGA1,ESM-2 650M + CaLM,5,0.0,1.0,1.0,10,2,1,1
CNGA1,ESM-2 150M + CaLM,1,0.31,0.8,1.0,9,3,1,2
CNGA1,ESM-2 150M + CaLM,2,0.31,0.85,1.0,9,3,1,2
CNGA1,ESM-2 150M + CaLM,3,0.31,0.8333333333333334,1.0,10,2,1,1
CNGA1,ESM-2 150M + CaLM,4,0.3,0.7916666666666666,1.0,10,2,1,1
CNGA1,ESM-2 150M + CaLM,5,0.0,1.0,0.0,10,2,1,1
CNGA1,ESM-1b 650M + CaLM,1,0.0,1.0,1.0,9,3,1,2
CNGA1,ESM-1b 650M + CaLM,2,0.0,1.0,1.0,9,3,1,2
CNGA1,ESM-1b 650M + CaLM,3,0.0,1.0,1.0,10,2,1,1
CNGA1,ESM-1b 650M + CaLM,4,0.0,1.0,1.0,10,2,1,1
CNGA1,ESM-1b 650M + CaLM,5,0.0,1.0,1.0,10,2,1,1
CNGA3,ESM-2 150M + 650M,1,0.62,0.9526515151515152,1.0,74,19,17,2
CNGA3,ESM-2 150M + 650M,2,0.62,0.9450757575757576,1.0,74,19,17,2
CNGA3,ESM-2 150M + 650M,3,0.56,0.9678030303030304,1.0,74,19,17,2
CNGA3,ESM-2 150M + 650M,4,0.62,0.9664179104477612,0.96875,75,18,16,2
CNGA3,ESM-2 150M + 650M,5,0.39,0.960820895522388,0.875,75,18,16,2
CNGA3,ESM-2 650M + ESM-1b 650M,1,0.45,0.981060606060606,0.9705882352941176,74,19,17,2
CNGA3,ESM-2 650M + ESM-1b 650M,2,0.28,0.981060606060606,0.9705882352941176,74,19,17,2
CNGA3,ESM-2 650M + ESM-1b 650M,3,0.28,0.9659090909090908,1.0,74,19,17,2
CNGA3,ESM-2 650M + ESM-1b 650M,4,0.64,0.9888059701492538,0.9375,75,18,16,2
CNGA3,ESM-2 650M + ESM-1b 650M,5,0.28,0.9738805970149254,1.0,75,18,16,2
CNGA3,ESM-2 650M + CaLM,1,0.58,0.9772727272727272,0.9705882352941176,74,19,17,2
CNGA3,ESM-2 650M + CaLM,2,0.44,0.956439393939394,1.0,74,19,17,2
CNGA3,ESM-2 650M + CaLM,3,0.38,0.9829545454545454,0.8823529411764706,74,19,17,2
CNGA3,ESM-2 650M + CaLM,4,0.44,0.9813432835820896,0.96875,75,18,16,2
CNGA3,ESM-2 650M + CaLM,5,0.44,0.9664179104477612,1.0,75,18,16,2
CNGA3,ESM-2 150M + CaLM,1,0.84,0.9621212121212122,0.8529411764705882,74,19,17,2
CNGA3,ESM-2 150M + CaLM,2,0.75,0.946969696969697,0.9117647058823528,74,19,17,2
CNGA3,ESM-2 150M + CaLM,3,0.76,0.9375,0.9705882352941176,74,19,17,2
CNGA3,ESM-2 150M + CaLM,4,0.72,0.9253731343283582,0.96875,75,18,16,2
CNGA3,ESM-2 150M + CaLM,5,0.78,0.9421641791044776,0.96875,75,18,16,2
CNGA3,ESM-1b 650M + CaLM,1,0.33,0.9696969696969696,0.9705882352941176,74,19,17,2
CNGA3,ESM-1b 650M + CaLM,2,0.5700000000000001,0.9715909090909092,0.9705882352941176,74,19,17,2
CNGA3,ESM-1b 650M + CaLM,3,0.5700000000000001,0.9696969696969696,1.0,74,19,17,2
CNGA3,ESM-1b 650M + CaLM,4,0.33,0.9589552238805972,1.0,75,18,16,2
CNGA3,ESM-1b 650M + CaLM,5,0.06,0.996268656716418,0.8125,75,18,16,2
CNGB3,ESM-2 150M + 650M,1,0.0,0.8625,0.875,21,6,2,4
CNGB3,ESM-2 150M + 650M,2,0.0,0.85,1.0,21,6,2,4
CNGB3,ESM-2 150M + 650M,3,0.6,0.8854166666666666,0.75,22,5,1,4
CNGB3,ESM-2 150M + 650M,4,0.0,0.8541666666666666,1.0,22,5,1,4
CNGB3,ESM-2 150M + 650M,5,0.14,0.9583333333333334,0.5,22,5,1,4
CNGB3,ESM-2 650M + ESM-1b 650M,1,0.0,0.8125,1.0,21,6,2,4
CNGB3,ESM-2 650M + ESM-1b 650M,2,0.0,1.0,0.625,21,6,2,4
CNGB3,ESM-2 650M + ESM-1b 650M,3,0.0,0.8333333333333334,1.0,22,5,1,4
CNGB3,ESM-2 650M + ESM-1b 650M,4,0.0,0.8645833333333334,1.0,22,5,1,4
CNGB3,ESM-2 650M + ESM-1b 650M,5,0.0,0.8645833333333334,1.0,22,5,1,4
CNGB3,ESM-2 650M + CaLM,1,0.92,0.8875,0.875,21,6,2,4
CNGB3,ESM-2 650M + CaLM,2,0.45,0.9875,0.625,21,6,2,4
CNGB3,ESM-2 650M + CaLM,3,0.36,0.8854166666666666,1.0,22,5,1,4
CNGB3,ESM-2 650M + CaLM,4,0.71,0.8854166666666666,1.0,22,5,1,4
CNGB3,ESM-2 650M + CaLM,5,0.36,0.8958333333333334,1.0,22,5,1,4
CNGB3,ESM-2 150M + CaLM,1,0.8,0.875,1.0,21,6,2,4
CNGB3,ESM-2 150M + CaLM,2,0.8,0.8875,1.0,21,6,2,4
CNGB3,ESM-2 150M + CaLM,3,0.74,0.875,1.0,22,5,1,4
CNGB3,ESM-2 150M + CaLM,4,0.74,0.9375,0.75,22,5,1,4
CNGB3,ESM-2 150M + CaLM,5,0.38,0.9583333333333334,0.25,22,5,1,4
CNGB3,ESM-1b 650M + CaLM,1,0.91,0.8875,1.0,21,6,2,4
CNGB3,ESM-1b 650M + CaLM,2,0.78,0.8625,1.0,21,6,2,4
CNGB3,ESM-1b 650M + CaLM,3,0.92,0.9166666666666666,0.75,22,5,1,4
CNGB3,ESM-1b 650M + CaLM,4,0.01,0.9375,0.0,22,5,1,4
CNGB3,ESM-1b 650M + CaLM,5,0.79,0.8541666666666666,1.0,22,5,1,4
CNNM2,ESM-2 150M + 650M,1,0.88,0.9722222222222222,1.0,12,4,2,2
CNNM2,ESM-2 150M + 650M,2,0.88,1.0,1.0,13,3,1,2
CNNM2,ESM-2 150M + 650M,3,0.81,0.9761904761904762,1.0,13,3,1,2
CNNM2,ESM-2 150M + 650M,4,0.59,0.9523809523809524,1.0,13,3,2,1
CNNM2,ESM-2 150M + 650M,5,0.88,0.9523809523809524,1.0,13,3,2,1
CNNM2,ESM-2 650M + ESM-1b 650M,1,0.0,0.9444444444444444,1.0,12,4,2,2
CNNM2,ESM-2 650M + ESM-1b 650M,2,0.0,0.9761904761904762,1.0,13,3,1,2
CNNM2,ESM-2 650M + ESM-1b 650M,3,0.0,0.9761904761904762,1.0,13,3,1,2
CNNM2,ESM-2 650M + ESM-1b 650M,4,0.0,1.0,1.0,13,3,2,1
CNNM2,ESM-2 650M + ESM-1b 650M,5,0.0,0.9523809523809524,1.0,13,3,2,1
CNNM2,ESM-2 650M + CaLM,1,0.0,1.0,0.75,12,4,2,2
CNNM2,ESM-2 650M + CaLM,2,0.0,0.9523809523809524,1.0,13,3,1,2
CNNM2,ESM-2 650M + CaLM,3,0.0,0.9761904761904762,1.0,13,3,1,2
CNNM2,ESM-2 650M + CaLM,4,0.0,0.9523809523809524,1.0,13,3,2,1
CNNM2,ESM-2 650M + CaLM,5,0.0,0.9523809523809524,1.0,13,3,2,1
CNNM2,ESM-2 150M + CaLM,1,0.5700000000000001,0.8055555555555556,1.0,12,4,2,2
CNNM2,ESM-2 150M + CaLM,2,0.5700000000000001,0.8809523809523809,1.0,13,3,1,2
CNNM2,ESM-2 150M + CaLM,3,0.0,0.7857142857142857,1.0,13,3,1,2
CNNM2,ESM-2 150M + CaLM,4,0.0,0.9523809523809524,0.5,13,3,2,1
CNNM2,ESM-2 150M + CaLM,5,0.5700000000000001,0.9047619047619048,1.0,13,3,2,1
CNNM2,ESM-1b 650M + CaLM,1,0.0,0.9166666666666666,1.0,12,4,2,2
CNNM2,ESM-1b 650M + CaLM,2,0.0,0.8809523809523809,1.0,13,3,1,2
CNNM2,ESM-1b 650M + CaLM,3,0.0,0.9047619047619048,1.0,13,3,1,2
CNNM2,ESM-1b 650M + CaLM,4,0.0,0.9761904761904762,0.5,13,3,2,1
CNNM2,ESM-1b 650M + CaLM,5,0.0,0.8571428571428571,1.0,13,3,2,1
CNOT3,ESM-2 150M + 650M,1,0.78,0.7222222222222222,1.0,12,4,2,2
CNOT3,ESM-2 150M + 650M,2,0.34,0.7619047619047619,1.0,13,3,1,2
CNOT3,ESM-2 150M + 650M,3,0.78,0.7380952380952381,1.0,13,3,1,2
CNOT3,ESM-2 150M + 650M,4,0.54,0.6904761904761905,1.0,13,3,2,1
CNOT3,ESM-2 150M + 650M,5,0.78,1.0,0.0,13,3,2,1
CNOT3,ESM-2 650M + ESM-1b 650M,1,0.86,0.9722222222222222,1.0,12,4,2,2
CNOT3,ESM-2 650M + ESM-1b 650M,2,0.86,0.9761904761904762,1.0,13,3,1,2
CNOT3,ESM-2 650M + ESM-1b 650M,3,0.86,1.0,1.0,13,3,1,2
CNOT3,ESM-2 650M + ESM-1b 650M,4,0.22,1.0,0.5,13,3,2,1
CNOT3,ESM-2 650M + ESM-1b 650M,5,0.86,0.9761904761904762,1.0,13,3,2,1
CNOT3,ESM-2 650M + CaLM,1,0.93,0.8888888888888888,1.0,12,4,2,2
CNOT3,ESM-2 650M + CaLM,2,0.6900000000000001,0.8809523809523809,1.0,13,3,1,2
CNOT3,ESM-2 650M + CaLM,3,0.93,0.9047619047619048,1.0,13,3,1,2
CNOT3,ESM-2 650M + CaLM,4,0.35,1.0,0.5,13,3,2,1
CNOT3,ESM-2 650M + CaLM,5,0.93,0.8809523809523809,1.0,13,3,2,1
CNOT3,ESM-2 150M + CaLM,1,0.63,1.0,0.5,12,4,2,2
CNOT3,ESM-2 150M + CaLM,2,0.63,0.8809523809523809,1.0,13,3,1,2
CNOT3,ESM-2 150M + CaLM,3,0.8200000000000001,0.9047619047619048,1.0,13,3,1,2
CNOT3,ESM-2 150M + CaLM,4,0.8200000000000001,0.8809523809523809,1.0,13,3,2,1
CNOT3,ESM-2 150M + CaLM,5,0.8200000000000001,0.8571428571428571,1.0,13,3,2,1
CNOT3,ESM-1b 650M + CaLM,1,0.0,1.0,1.0,12,4,2,2
CNOT3,ESM-1b 650M + CaLM,2,0.24,1.0,1.0,13,3,1,2
CNOT3,ESM-1b 650M + CaLM,3,0.0,1.0,1.0,13,3,1,2
CNOT3,ESM-1b 650M + CaLM,4,0.24,1.0,1.0,13,3,2,1
CNOT3,ESM-1b 650M + CaLM,5,0.24,1.0,1.0,13,3,2,1
COL10A1,ESM-2 150M + 650M,1,0.1,0.7433333333333333,0.6666666666666666,35,9,3,6
COL10A1,ESM-2 150M + 650M,2,0.26,0.7210884353741497,0.85,35,9,4,5
COL10A1,ESM-2 150M + 650M,3,0.17,0.7517006802721088,0.7,35,9,4,5
COL10A1,ESM-2 150M + 650M,4,0.0,0.7380952380952381,0.6,35,9,4,5
COL10A1,ESM-2 150M + 650M,5,0.1,0.7206349206349206,0.8666666666666667,36,8,3,5
COL10A1,ESM-2 650M + ESM-1b 650M,1,0.96,0.7133333333333334,1.0,35,9,3,6
COL10A1,ESM-2 650M + ESM-1b 650M,2,0.9,0.7585034013605442,0.9,35,9,4,5
COL10A1,ESM-2 650M + ESM-1b 650M,3,0.89,0.8809523809523809,0.25,35,9,4,5
COL10A1,ESM-2 650M + ESM-1b 650M,4,1.0,0.7755102040816326,0.8,35,9,4,5
COL10A1,ESM-2 650M + ESM-1b 650M,5,1.0,0.7746031746031746,0.8,36,8,3,5
COL10A1,ESM-2 650M + CaLM,1,0.56,0.7833333333333333,0.6666666666666666,35,9,3,6
COL10A1,ESM-2 650M + CaLM,2,0.91,0.7857142857142857,0.7,35,9,4,5
COL10A1,ESM-2 650M + CaLM,3,0.99,0.7755102040816326,0.75,35,9,4,5
COL10A1,ESM-2 650M + CaLM,4,0.91,0.7653061224489796,0.85,35,9,4,5
COL10A1,ESM-2 650M + CaLM,5,0.91,0.7333333333333333,0.8666666666666667,36,8,3,5
COL10A1,ESM-2 150M + CaLM,1,0.37,0.7766666666666666,0.7222222222222222,35,9,3,6
COL10A1,ESM-2 150M + CaLM,2,0.72,0.782312925170068,0.6,35,9,4,5
COL10A1,ESM-2 150M + CaLM,3,0.42,0.7380952380952381,0.8,35,9,4,5
COL10A1,ESM-2 150M + CaLM,4,0.78,0.8163265306122449,0.65,35,9,4,5
COL10A1,ESM-2 150M + CaLM,5,0.86,0.7238095238095238,1.0,36,8,3,5
COL10A1,ESM-1b 650M + CaLM,1,0.5700000000000001,0.8366666666666667,0.7777777777777778,35,9,3,6
COL10A1,ESM-1b 650M + CaLM,2,0.28,0.8163265306122449,0.75,35,9,4,5
COL10A1,ESM-1b 650M + CaLM,3,0.15,0.7585034013605442,0.9,35,9,4,5
COL10A1,ESM-1b 650M + CaLM,4,0.27,0.7380952380952381,1.0,35,9,4,5
COL10A1,ESM-1b 650M + CaLM,5,0.0,0.8253968253968254,0.4666666666666667,36,8,3,5
COL6A2,ESM-2 150M + 650M,1,0.0,0.9797909407665504,0.9444444444444444,76,19,10,9
COL6A2,ESM-2 150M + 650M,2,0.0,0.9665505226480836,0.9777777777777776,76,19,10,9
COL6A2,ESM-2 150M + 650M,3,0.0,0.9630662020905923,1.0,76,19,10,9
COL6A2,ESM-2 150M + 650M,4,0.0,0.9818815331010452,0.9,76,19,10,9
COL6A2,ESM-2 150M + 650M,5,0.0,0.9659722222222222,1.0,76,19,11,8
COL6A2,ESM-2 650M + ESM-1b 650M,1,0.38,0.9588850174216028,1.0,76,19,10,9
COL6A2,ESM-2 650M + ESM-1b 650M,2,0.89,0.9790940766550522,0.8777777777777778,76,19,10,9
COL6A2,ESM-2 650M + ESM-1b 650M,3,0.42,0.9679442508710802,0.9555555555555556,76,19,10,9
COL6A2,ESM-2 650M + ESM-1b 650M,4,0.06,0.972822299651568,0.9444444444444444,76,19,10,9
COL6A2,ESM-2 650M + ESM-1b 650M,5,0.11,0.9673611111111112,0.9545454545454546,76,19,11,8
COL6A2,ESM-2 650M + CaLM,1,0.79,0.98397212543554,1.0,76,19,10,9
COL6A2,ESM-2 650M + CaLM,2,0.8200000000000001,0.9909407665505228,1.0,76,19,10,9
COL6A2,ESM-2 650M + CaLM,3,0.65,0.994425087108014,0.9222222222222224,76,19,10,9
COL6A2,ESM-2 650M + CaLM,4,0.95,0.9958188153310104,0.9444444444444444,76,19,10,9
COL6A2,ESM-2 650M + CaLM,5,0.8200000000000001,0.9826388888888888,1.0,76,19,11,8
COL6A2,ESM-2 150M + CaLM,1,0.96,0.9965156794425089,0.9222222222222224,76,19,10,9
COL6A2,ESM-2 150M + CaLM,2,0.51,0.9825783972125436,0.9888888888888888,76,19,10,9
COL6A2,ESM-2 150M + CaLM,3,0.58,0.9790940766550522,1.0,76,19,10,9
COL6A2,ESM-2 150M + CaLM,4,0.46,0.9916376306620208,0.9666666666666668,76,19,10,9
COL6A2,ESM-2 150M + CaLM,5,0.46,0.9826388888888888,0.9886363636363636,76,19,11,8
COL6A2,ESM-1b 650M + CaLM,1,0.85,0.98397212543554,0.9888888888888888,76,19,10,9
COL6A2,ESM-1b 650M + CaLM,2,0.94,0.9853658536585366,1.0,76,19,10,9
COL6A2,ESM-1b 650M + CaLM,3,0.74,0.9979094076655052,0.9222222222222224,76,19,10,9
COL6A2,ESM-1b 650M + CaLM,4,0.94,0.978397212543554,1.0,76,19,10,9
COL6A2,ESM-1b 650M + CaLM,5,0.94,0.9791666666666666,1.0,76,19,11,8
COMP,ESM-2 150M + 650M,1,0.8200000000000001,0.8959435626102292,1.0,88,23,21,2
COMP,ESM-2 150M + 650M,2,0.03,0.9390243902439024,0.7,89,22,20,2
COMP,ESM-2 150M + 650M,3,0.94,0.8954703832752613,0.975,89,22,20,2
COMP,ESM-2 150M + 650M,4,0.94,0.9303135888501742,0.85,89,22,20,2
COMP,ESM-2 150M + 650M,5,0.8200000000000001,0.9290123456790124,0.9047619047619048,89,22,21,1
COMP,ESM-2 650M + ESM-1b 650M,1,0.3,0.9400352733686068,0.9285714285714286,88,23,21,2
COMP,ESM-2 650M + ESM-1b 650M,2,0.76,0.9564459930313588,0.875,89,22,20,2
COMP,ESM-2 650M + ESM-1b 650M,3,0.3,0.9564459930313588,0.875,89,22,20,2
COMP,ESM-2 650M + ESM-1b 650M,4,0.35,0.945993031358885,0.95,89,22,20,2
COMP,ESM-2 650M + ESM-1b 650M,5,0.3,0.933641975308642,1.0,89,22,21,1
COMP,ESM-2 650M + CaLM,1,0.02,0.908289241622575,1.0,88,23,21,2
COMP,ESM-2 650M + CaLM,2,0.02,0.911149825783972,0.9,89,22,20,2
COMP,ESM-2 650M + CaLM,3,0.07,0.8885017421602788,1.0,89,22,20,2
COMP,ESM-2 650M + CaLM,4,0.11,0.9355400696864112,0.875,89,22,20,2
COMP,ESM-2 650M + CaLM,5,0.11,0.9398148148148148,0.7619047619047619,89,22,21,1
COMP,ESM-2 150M + CaLM,1,0.0,0.8589065255731922,0.9761904761904762,88,23,21,2
COMP,ESM-2 150M + CaLM,2,0.41,0.940766550522648,0.825,89,22,20,2
COMP,ESM-2 150M + CaLM,3,0.45,0.8937282229965157,0.95,89,22,20,2
COMP,ESM-2 150M + CaLM,4,0.0,0.8867595818815331,0.9,89,22,20,2
COMP,ESM-2 150M + CaLM,5,0.02,0.8919753086419753,0.9047619047619048,89,22,21,1
COMP,ESM-1b 650M + CaLM,1,0.21,0.8977072310405644,1.0,88,23,21,2
COMP,ESM-1b 650M + CaLM,2,0.33,0.902439024390244,0.975,89,22,20,2
COMP,ESM-1b 650M + CaLM,3,0.18,0.9529616724738676,0.875,89,22,20,2
COMP,ESM-1b 650M + CaLM,4,0.4,0.8885017421602788,0.975,89,22,20,2
COMP,ESM-1b 650M + CaLM,5,0.78,0.9552469135802468,0.4761904761904761,89,22,21,1
COQ4,ESM-2 150M + 650M,1,0.26,1.0,1.0,9,3,1,2
COQ4,ESM-2 150M + 650M,2,0.24,1.0,1.0,9,3,2,1
COQ4,ESM-2 150M + 650M,3,0.36,1.0,1.0,10,2,1,1
COQ4,ESM-2 150M + 650M,4,0.36,1.0,1.0,10,2,1,1
COQ4,ESM-2 150M + 650M,5,0.36,1.0,1.0,10,2,1,1
COQ4,ESM-2 650M + ESM-1b 650M,1,0.0,1.0,1.0,9,3,1,2
COQ4,ESM-2 650M + ESM-1b 650M,2,0.0,1.0,1.0,9,3,2,1
COQ4,ESM-2 650M + ESM-1b 650M,3,0.0,1.0,1.0,10,2,1,1
COQ4,ESM-2 650M + ESM-1b 650M,4,0.0,1.0,1.0,10,2,1,1
COQ4,ESM-2 650M + ESM-1b 650M,5,0.0,1.0,1.0,10,2,1,1
COQ4,ESM-2 650M + CaLM,1,0.0,1.0,1.0,9,3,1,2
COQ4,ESM-2 650M + CaLM,2,0.0,1.0,1.0,9,3,2,1
COQ4,ESM-2 650M + CaLM,3,0.0,1.0,1.0,10,2,1,1
COQ4,ESM-2 650M + CaLM,4,0.0,1.0,1.0,10,2,1,1
COQ4,ESM-2 650M + CaLM,5,0.0,1.0,1.0,10,2,1,1
COQ4,ESM-2 150M + CaLM,1,0.19,0.95,0.5,9,3,1,2
COQ4,ESM-2 150M + CaLM,2,0.37,1.0,1.0,9,3,2,1
COQ4,ESM-2 150M + CaLM,3,0.59,1.0,1.0,10,2,1,1
COQ4,ESM-2 150M + CaLM,4,0.59,0.96,1.0,10,2,1,1
COQ4,ESM-2 150M + CaLM,5,0.59,0.96,1.0,10,2,1,1
COQ4,ESM-1b 650M + CaLM,1,0.36,1.0,1.0,9,3,1,2
COQ4,ESM-1b 650M + CaLM,2,0.31,1.0,1.0,9,3,2,1
COQ4,ESM-1b 650M + CaLM,3,0.36,1.0,1.0,10,2,1,1
COQ4,ESM-1b 650M + CaLM,4,0.24,1.0,1.0,10,2,1,1
COQ4,ESM-1b 650M + CaLM,5,0.36,1.0,1.0,10,2,1,1
COQ8A,ESM-2 150M + 650M,1,0.78,1.0,1.0,21,6,4,2
COQ8A,ESM-2 150M + 650M,2,0.78,0.979591836734694,1.0,21,6,4,2
COQ8A,ESM-2 150M + 650M,3,0.39,1.0,1.0,22,5,3,2
COQ8A,ESM-2 150M + 650M,4,0.78,0.9809523809523808,1.0,22,5,3,2
COQ8A,ESM-2 150M + 650M,5,0.78,0.9821428571428572,1.0,22,5,4,1
COQ8A,ESM-2 650M + ESM-1b 650M,1,0.0,1.0,0.875,21,6,4,2
COQ8A,ESM-2 650M + ESM-1b 650M,2,0.13,1.0,1.0,21,6,4,2
COQ8A,ESM-2 650M + ESM-1b 650M,3,0.22,1.0,1.0,22,5,3,2
COQ8A,ESM-2 650M + ESM-1b 650M,4,0.22,1.0,1.0,22,5,3,2
COQ8A,ESM-2 650M + ESM-1b 650M,5,0.22,1.0,1.0,22,5,4,1
COQ8A,ESM-2 650M + CaLM,1,0.17,1.0,1.0,21,6,4,2
COQ8A,ESM-2 650M + CaLM,2,0.0,1.0,1.0,21,6,4,2
COQ8A,ESM-2 650M + CaLM,3,0.13,1.0,1.0,22,5,3,2
COQ8A,ESM-2 650M + CaLM,4,0.17,1.0,1.0,22,5,3,2
COQ8A,ESM-2 650M + CaLM,5,0.17,1.0,1.0,22,5,4,1
COQ8A,ESM-2 150M + CaLM,1,0.2,0.9897959183673468,0.75,21,6,4,2
COQ8A,ESM-2 150M + CaLM,2,0.75,0.9693877551020408,1.0,21,6,4,2
COQ8A,ESM-2 150M + CaLM,3,0.92,0.9714285714285714,1.0,22,5,3,2
COQ8A,ESM-2 150M + CaLM,4,0.75,0.9523809523809524,1.0,22,5,3,2
COQ8A,ESM-2 150M + CaLM,5,0.92,0.9732142857142856,1.0,22,5,4,1
COQ8A,ESM-1b 650M + CaLM,1,0.0,1.0,1.0,21,6,4,2
COQ8A,ESM-1b 650M + CaLM,2,0.0,1.0,1.0,21,6,4,2
COQ8A,ESM-1b 650M + CaLM,3,0.0,1.0,1.0,22,5,3,2
COQ8A,ESM-1b 650M + CaLM,4,0.0,1.0,1.0,22,5,3,2
COQ8A,ESM-1b 650M + CaLM,5,0.0,1.0,1.0,22,5,4,1
COQ8B,ESM-2 150M + 650M,1,0.0,0.9583333333333334,1.0,10,3,1,2
COQ8B,ESM-2 150M + 650M,2,0.0,1.0,1.0,10,3,1,2
COQ8B,ESM-2 150M + 650M,3,0.0,1.0,1.0,10,3,1,2
COQ8B,ESM-2 150M + 650M,4,0.0,0.9642857142857144,1.0,11,2,1,1
COQ8B,ESM-2 150M + 650M,5,0.0,0.9642857142857144,1.0,11,2,1,1
COQ8B,ESM-2 650M + ESM-1b 650M,1,0.0,1.0,1.0,10,3,1,2
COQ8B,ESM-2 650M + ESM-1b 650M,2,0.24,1.0,1.0,10,3,1,2
COQ8B,ESM-2 650M + ESM-1b 650M,3,0.0,1.0,1.0,10,3,1,2
COQ8B,ESM-2 650M + ESM-1b 650M,4,0.24,1.0,1.0,11,2,1,1
COQ8B,ESM-2 650M + ESM-1b 650M,5,0.24,1.0,1.0,11,2,1,1
COQ8B,ESM-2 650M + CaLM,1,0.41,1.0,1.0,10,3,1,2
COQ8B,ESM-2 650M + CaLM,2,0.41,1.0,1.0,10,3,1,2
COQ8B,ESM-2 650M + CaLM,3,0.41,1.0,1.0,10,3,1,2
COQ8B,ESM-2 650M + CaLM,4,0.0,1.0,1.0,11,2,1,1
COQ8B,ESM-2 650M + CaLM,5,0.0,1.0,1.0,11,2,1,1
COQ8B,ESM-2 150M + CaLM,1,0.49,1.0,1.0,10,3,1,2
COQ8B,ESM-2 150M + CaLM,2,0.0,1.0,1.0,10,3,1,2
COQ8B,ESM-2 150M + CaLM,3,0.49,1.0,1.0,10,3,1,2
COQ8B,ESM-2 150M + CaLM,4,0.0,1.0,1.0,11,2,1,1
COQ8B,ESM-2 150M + CaLM,5,0.49,1.0,1.0,11,2,1,1
COQ8B,ESM-1b 650M + CaLM,1,0.0,1.0,1.0,10,3,1,2
COQ8B,ESM-1b 650M + CaLM,2,0.0,1.0,1.0,10,3,1,2
COQ8B,ESM-1b 650M + CaLM,3,0.0,1.0,1.0,10,3,1,2
COQ8B,ESM-1b 650M + CaLM,4,0.0,1.0,1.0,11,2,1,1
COQ8B,ESM-1b 650M + CaLM,5,0.0,1.0,1.0,11,2,1,1
CPT1A,ESM-2 150M + 650M,1,0.49,0.9363636363636364,0.8888888888888888,21,6,3,3
CPT1A,ESM-2 150M + 650M,2,0.43,0.9363636363636364,0.8888888888888888,21,6,3,3
CPT1A,ESM-2 150M + 650M,3,0.34,0.9256198347107438,0.8333333333333334,22,5,2,3
CPT1A,ESM-2 150M + 650M,4,0.34,0.9090909090909092,1.0,22,5,2,3
CPT1A,ESM-2 150M + 650M,5,0.43,0.8916666666666667,1.0,22,5,3,2
CPT1A,ESM-2 650M + ESM-1b 650M,1,0.96,0.9636363636363636,1.0,21,6,3,3
CPT1A,ESM-2 650M + ESM-1b 650M,2,0.64,0.9454545454545454,1.0,21,6,3,3
CPT1A,ESM-2 650M + ESM-1b 650M,3,0.55,0.975206611570248,1.0,22,5,2,3
CPT1A,ESM-2 650M + ESM-1b 650M,4,0.63,0.9586776859504132,1.0,22,5,2,3
CPT1A,ESM-2 650M + ESM-1b 650M,5,0.64,0.975,0.8333333333333334,22,5,3,2
CPT1A,ESM-2 650M + CaLM,1,0.0,0.9272727272727272,0.7777777777777778,21,6,3,3
CPT1A,ESM-2 650M + CaLM,2,0.58,0.9454545454545454,0.7777777777777778,21,6,3,3
CPT1A,ESM-2 650M + CaLM,3,0.33,0.8925619834710744,1.0,22,5,2,3
CPT1A,ESM-2 650M + CaLM,4,0.03,0.9173553719008264,0.6666666666666666,22,5,2,3
CPT1A,ESM-2 650M + CaLM,5,0.33,0.875,1.0,22,5,3,2
CPT1A,ESM-2 150M + CaLM,1,0.46,0.7909090909090909,1.0,21,6,3,3
CPT1A,ESM-2 150M + CaLM,2,0.62,0.8636363636363636,0.8888888888888888,21,6,3,3
CPT1A,ESM-2 150M + CaLM,3,0.46,0.8760330578512396,0.8333333333333334,22,5,2,3
CPT1A,ESM-2 150M + CaLM,4,0.46,0.9256198347107438,0.5,22,5,2,3
CPT1A,ESM-2 150M + CaLM,5,0.42,0.8583333333333333,0.8333333333333334,22,5,3,2
CPT1A,ESM-1b 650M + CaLM,1,0.0,0.9363636363636364,1.0,21,6,3,3
CPT1A,ESM-1b 650M + CaLM,2,0.0,0.990909090909091,0.7777777777777778,21,6,3,3
CPT1A,ESM-1b 650M + CaLM,3,0.33,0.9421487603305784,1.0,22,5,2,3
CPT1A,ESM-1b 650M + CaLM,4,0.0,0.9173553719008264,1.0,22,5,2,3
CPT1A,ESM-1b 650M + CaLM,5,0.0,0.95,1.0,22,5,3,2
CPT2,ESM-2 150M + 650M,1,0.81,0.90625,1.0,20,5,3,2
CPT2,ESM-2 150M + 650M,2,0.24,0.90625,1.0,20,5,3,2
CPT2,ESM-2 150M + 650M,3,0.15,0.9375,0.8333333333333334,20,5,3,2
CPT2,ESM-2 150M + 650M,4,0.62,0.9166666666666666,1.0,20,5,3,2
CPT2,ESM-2 150M + 650M,5,0.45,0.9583333333333334,0.6666666666666666,20,5,3,2
CPT2,ESM-2 650M + ESM-1b 650M,1,0.66,0.9895833333333334,0.5,20,5,3,2
CPT2,ESM-2 650M + ESM-1b 650M,2,0.1,0.9583333333333334,1.0,20,5,3,2
CPT2,ESM-2 650M + ESM-1b 650M,3,0.51,0.9166666666666666,1.0,20,5,3,2
CPT2,ESM-2 650M + ESM-1b 650M,4,0.66,0.9166666666666666,1.0,20,5,3,2
CPT2,ESM-2 650M + ESM-1b 650M,5,0.66,0.9375,1.0,20,5,3,2
CPT2,ESM-2 650M + CaLM,1,0.36,0.8854166666666666,1.0,20,5,3,2
CPT2,ESM-2 650M + CaLM,2,0.49,0.9791666666666666,0.1666666666666666,20,5,3,2
CPT2,ESM-2 650M + CaLM,3,0.0,0.9270833333333334,0.8333333333333334,20,5,3,2
CPT2,ESM-2 650M + CaLM,4,0.0,0.8958333333333334,1.0,20,5,3,2
CPT2,ESM-2 650M + CaLM,5,0.0,0.875,1.0,20,5,3,2
CPT2,ESM-2 150M + CaLM,1,0.0,0.9166666666666666,0.8333333333333334,20,5,3,2
CPT2,ESM-2 150M + CaLM,2,0.24,0.90625,0.8333333333333334,20,5,3,2
CPT2,ESM-2 150M + CaLM,3,0.0,0.875,1.0,20,5,3,2
CPT2,ESM-2 150M + CaLM,4,0.0,0.8958333333333334,0.8333333333333334,20,5,3,2
CPT2,ESM-2 150M + CaLM,5,0.0,0.875,1.0,20,5,3,2
CPT2,ESM-1b 650M + CaLM,1,0.0,0.9375,1.0,20,5,3,2
CPT2,ESM-1b 650M + CaLM,2,0.0,0.9375,1.0,20,5,3,2
CPT2,ESM-1b 650M + CaLM,3,0.0,0.9375,1.0,20,5,3,2
CPT2,ESM-1b 650M + CaLM,4,0.0,0.96875,0.8333333333333334,20,5,3,2
CPT2,ESM-1b 650M + CaLM,5,0.0,0.9583333333333334,1.0,20,5,3,2
CSF1R,ESM-2 150M + 650M,1,0.0,0.9868686868686868,0.8666666666666667,67,17,5,12
CSF1R,ESM-2 150M + 650M,2,0.36,0.9727272727272728,1.0,67,17,5,12
CSF1R,ESM-2 150M + 650M,3,0.59,0.9813664596273292,0.8787878787878788,67,17,6,11
CSF1R,ESM-2 150M + 650M,4,0.35,0.9730848861283644,1.0,67,17,6,11
CSF1R,ESM-2 150M + 650M,5,0.36,0.9772727272727272,0.9818181818181818,68,16,5,11
CSF1R,ESM-2 650M + ESM-1b 650M,1,0.8,0.987878787878788,1.0,67,17,5,12
CSF1R,ESM-2 650M + ESM-1b 650M,2,0.75,0.9838383838383838,1.0,67,17,5,12
CSF1R,ESM-2 650M + ESM-1b 650M,3,0.8,0.9834368530020704,1.0,67,17,6,11
CSF1R,ESM-2 650M + ESM-1b 650M,4,0.58,1.0,0.8636363636363636,67,17,6,11
CSF1R,ESM-2 650M + ESM-1b 650M,5,0.8,0.983201581027668,1.0,68,16,5,11
CSF1R,ESM-2 650M + CaLM,1,0.07,0.98989898989899,0.8,67,17,5,12
CSF1R,ESM-2 650M + CaLM,2,0.98,0.9808080808080808,0.85,67,17,5,12
CSF1R,ESM-2 650M + CaLM,3,0.52,0.958592132505176,1.0,67,17,6,11
CSF1R,ESM-2 650M + CaLM,4,0.5,0.9565217391304348,1.0,67,17,6,11
CSF1R,ESM-2 650M + CaLM,5,0.98,0.9624505928853756,1.0,68,16,5,11
CSF1R,ESM-2 150M + CaLM,1,0.19,0.9676767676767676,1.0,67,17,5,12
CSF1R,ESM-2 150M + CaLM,2,0.44,0.9757575757575756,1.0,67,17,5,12
CSF1R,ESM-2 150M + CaLM,3,0.17,0.9668737060041408,1.0,67,17,6,11
CSF1R,ESM-2 150M + CaLM,4,0.42,1.0,0.8636363636363636,67,17,6,11
CSF1R,ESM-2 150M + CaLM,5,0.19,0.9723320158102768,1.0,68,16,5,11
CSF1R,ESM-1b 650M + CaLM,1,0.0,0.9848484848484848,1.0,67,17,5,12
CSF1R,ESM-1b 650M + CaLM,2,0.08,0.9838383838383838,1.0,67,17,5,12
CSF1R,ESM-1b 650M + CaLM,3,0.08,0.984472049689441,1.0,67,17,6,11
CSF1R,ESM-1b 650M + CaLM,4,0.46,0.9979296066252588,0.9545454545454546,67,17,6,11
CSF1R,ESM-1b 650M + CaLM,5,0.08,0.9871541501976284,0.9818181818181818,68,16,5,11
CSNK2A1,ESM-2 150M + 650M,1,0.29,1.0,1.0,18,5,3,2
CSNK2A1,ESM-2 150M + 650M,2,0.31,1.0,1.0,18,5,4,1
CSNK2A1,ESM-2 150M + 650M,3,0.0,1.0,0.5,18,5,4,1
CSNK2A1,ESM-2 150M + 650M,4,0.31,1.0,1.0,19,4,3,1
CSNK2A1,ESM-2 150M + 650M,5,0.31,1.0,1.0,19,4,3,1
CSNK2A1,ESM-2 650M + ESM-1b 650M,1,0.0,1.0,1.0,18,5,3,2
CSNK2A1,ESM-2 650M + ESM-1b 650M,2,0.0,1.0,1.0,18,5,4,1
CSNK2A1,ESM-2 650M + ESM-1b 650M,3,0.0,1.0,1.0,18,5,4,1
CSNK2A1,ESM-2 650M + ESM-1b 650M,4,0.0,1.0,1.0,19,4,3,1
CSNK2A1,ESM-2 650M + ESM-1b 650M,5,0.0,1.0,1.0,19,4,3,1
CSNK2A1,ESM-2 650M + CaLM,1,0.0,1.0,1.0,18,5,3,2
CSNK2A1,ESM-2 650M + CaLM,2,0.0,1.0,1.0,18,5,4,1
CSNK2A1,ESM-2 650M + CaLM,3,0.0,1.0,1.0,18,5,4,1
CSNK2A1,ESM-2 650M + CaLM,4,0.0,1.0,1.0,19,4,3,1
CSNK2A1,ESM-2 650M + CaLM,5,0.0,1.0,1.0,19,4,3,1
CSNK2A1,ESM-2 150M + CaLM,1,0.37,1.0,1.0,18,5,3,2
CSNK2A1,ESM-2 150M + CaLM,2,0.1,1.0,1.0,18,5,4,1
CSNK2A1,ESM-2 150M + CaLM,3,0.37,1.0,1.0,18,5,4,1
CSNK2A1,ESM-2 150M + CaLM,4,0.37,1.0,1.0,19,4,3,1
CSNK2A1,ESM-2 150M + CaLM,5,0.33,1.0,1.0,19,4,3,1
CSNK2A1,ESM-1b 650M + CaLM,1,0.0,1.0,1.0,18,5,3,2
CSNK2A1,ESM-1b 650M + CaLM,2,0.0,1.0,1.0,18,5,4,1
CSNK2A1,ESM-1b 650M + CaLM,3,0.0,1.0,1.0,18,5,4,1
CSNK2A1,ESM-1b 650M + CaLM,4,0.0,1.0,1.0,19,4,3,1
CSNK2A1,ESM-1b 650M + CaLM,5,0.0,1.0,1.0,19,4,3,1
CTCF,ESM-2 150M + 650M,1,0.41,0.967391304347826,0.6666666666666666,27,7,6,1
CTCF,ESM-2 150M + 650M,2,0.91,0.9347826086956522,1.0,27,7,6,1
CTCF,ESM-2 150M + 650M,3,0.91,0.9130434782608696,1.0,27,7,6,1
CTCF,ESM-2 150M + 650M,4,0.9,0.9347826086956522,1.0,27,7,6,1
CTCF,ESM-2 150M + 650M,5,0.91,0.96875,0.8,28,6,5,1
CTCF,ESM-2 650M + ESM-1b 650M,1,0.0,0.9347826086956522,1.0,27,7,6,1
CTCF,ESM-2 650M + ESM-1b 650M,2,0.0,0.967391304347826,0.8333333333333334,27,7,6,1
CTCF,ESM-2 650M + ESM-1b 650M,3,0.0,0.967391304347826,0.8333333333333334,27,7,6,1
CTCF,ESM-2 650M + ESM-1b 650M,4,0.0,0.9130434782608696,1.0,27,7,6,1
CTCF,ESM-2 650M + ESM-1b 650M,5,0.0,0.9375,1.0,28,6,5,1
CTCF,ESM-2 650M + CaLM,1,0.0,0.967391304347826,0.8333333333333334,27,7,6,1
CTCF,ESM-2 650M + CaLM,2,0.01,0.9456521739130436,1.0,27,7,6,1
CTCF,ESM-2 650M + CaLM,3,0.01,0.9456521739130436,1.0,27,7,6,1
CTCF,ESM-2 650M + CaLM,4,0.01,0.9456521739130436,1.0,27,7,6,1
CTCF,ESM-2 650M + CaLM,5,0.0,0.9583333333333334,1.0,28,6,5,1
CTCF,ESM-2 150M + CaLM,1,0.46,0.8260869565217391,1.0,27,7,6,1
CTCF,ESM-2 150M + CaLM,2,0.46,0.8260869565217391,1.0,27,7,6,1
CTCF,ESM-2 150M + CaLM,3,0.8,0.8478260869565217,1.0,27,7,6,1
CTCF,ESM-2 150M + CaLM,4,0.0,0.8586956521739131,0.6666666666666666,27,7,6,1
CTCF,ESM-2 150M + CaLM,5,0.8300000000000001,0.9270833333333334,0.4,28,6,5,1
CTCF,ESM-1b 650M + CaLM,1,0.49,0.9347826086956522,1.0,27,7,6,1
CTCF,ESM-1b 650M + CaLM,2,0.49,0.9565217391304348,1.0,27,7,6,1
CTCF,ESM-1b 650M + CaLM,3,0.41,0.9782608695652174,0.8333333333333334,27,7,6,1
CTCF,ESM-1b 650M + CaLM,4,0.41,0.967391304347826,1.0,27,7,6,1
CTCF,ESM-1b 650M + CaLM,5,0.49,0.9583333333333334,1.0,28,6,5,1
CTNNB1,ESM-2 150M + 650M,1,0.0,0.9375,1.0,12,4,3,1
CTNNB1,ESM-2 150M + 650M,2,0.8300000000000001,0.9444444444444444,1.0,13,3,2,1
CTNNB1,ESM-2 150M + 650M,3,0.02,0.9444444444444444,1.0,13,3,2,1
CTNNB1,ESM-2 150M + 650M,4,0.02,0.9444444444444444,1.0,13,3,2,1
CTNNB1,ESM-2 150M + 650M,5,0.0,1.0,1.0,13,3,2,1
CTNNB1,ESM-2 650M + ESM-1b 650M,1,0.0,0.875,1.0,12,4,3,1
CTNNB1,ESM-2 650M + ESM-1b 650M,2,0.0,0.9722222222222222,0.5,13,3,2,1
CTNNB1,ESM-2 650M + ESM-1b 650M,3,0.0,0.9166666666666666,1.0,13,3,2,1
CTNNB1,ESM-2 650M + ESM-1b 650M,4,0.0,0.9166666666666666,1.0,13,3,2,1
CTNNB1,ESM-2 650M + ESM-1b 650M,5,0.0,0.8611111111111112,1.0,13,3,2,1
CTNNB1,ESM-2 650M + CaLM,1,0.0,0.84375,1.0,12,4,3,1
CTNNB1,ESM-2 650M + CaLM,2,0.0,0.9166666666666666,1.0,13,3,2,1
CTNNB1,ESM-2 650M + CaLM,3,0.0,0.9722222222222222,0.5,13,3,2,1
CTNNB1,ESM-2 650M + CaLM,4,0.0,0.8611111111111112,1.0,13,3,2,1
CTNNB1,ESM-2 650M + CaLM,5,0.0,0.9444444444444444,1.0,13,3,2,1
CTNNB1,ESM-2 150M + CaLM,1,0.0,0.90625,1.0,12,4,3,1
CTNNB1,ESM-2 150M + CaLM,2,0.0,0.9166666666666666,1.0,13,3,2,1
CTNNB1,ESM-2 150M + CaLM,3,0.0,1.0,1.0,13,3,2,1
CTNNB1,ESM-2 150M + CaLM,4,0.0,0.9166666666666666,1.0,13,3,2,1
CTNNB1,ESM-2 150M + CaLM,5,0.0,0.9166666666666666,1.0,13,3,2,1
CTNNB1,ESM-1b 650M + CaLM,1,0.0,0.8125,1.0,12,4,3,1
CTNNB1,ESM-1b 650M + CaLM,2,0.0,0.8888888888888888,1.0,13,3,2,1
CTNNB1,ESM-1b 650M + CaLM,3,0.0,0.8333333333333334,1.0,13,3,2,1
CTNNB1,ESM-1b 650M + CaLM,4,0.0,0.8888888888888888,1.0,13,3,2,1
CTNNB1,ESM-1b 650M + CaLM,5,0.0,0.8888888888888888,1.0,13,3,2,1
CTNS,ESM-2 150M + 650M,1,0.46,0.8928571428571429,1.0,22,6,4,2
CTNS,ESM-2 150M + 650M,2,1.0,0.9375,1.0,22,6,4,2
CTNS,ESM-2 150M + 650M,3,0.46,0.9107142857142856,1.0,22,6,4,2
CTNS,ESM-2 150M + 650M,4,1.0,0.925,1.0,23,5,3,2
CTNS,ESM-2 150M + 650M,5,0.46,0.9666666666666668,0.6666666666666666,23,5,3,2
CTNS,ESM-2 650M + ESM-1b 650M,1,0.0,0.9910714285714286,0.625,22,6,4,2
CTNS,ESM-2 650M + ESM-1b 650M,2,0.91,0.9642857142857144,1.0,22,6,4,2
CTNS,ESM-2 650M + ESM-1b 650M,3,0.91,0.9821428571428572,0.875,22,6,4,2
CTNS,ESM-2 650M + ESM-1b 650M,4,0.91,0.9666666666666668,1.0,23,5,3,2
CTNS,ESM-2 650M + ESM-1b 650M,5,0.91,0.975,1.0,23,5,3,2
CTNS,ESM-2 650M + CaLM,1,0.61,0.9821428571428572,1.0,22,6,4,2
CTNS,ESM-2 650M + CaLM,2,0.61,0.9910714285714286,0.875,22,6,4,2
CTNS,ESM-2 650M + CaLM,3,0.92,0.9732142857142856,1.0,22,6,4,2
CTNS,ESM-2 650M + CaLM,4,0.27,0.9666666666666668,1.0,23,5,3,2
CTNS,ESM-2 650M + CaLM,5,0.61,0.9583333333333334,1.0,23,5,3,2
CTNS,ESM-2 150M + CaLM,1,0.93,0.9732142857142856,1.0,22,6,4,2
CTNS,ESM-2 150M + CaLM,2,0.71,0.9553571428571428,1.0,22,6,4,2
CTNS,ESM-2 150M + CaLM,3,0.93,0.9821428571428572,1.0,22,6,4,2
CTNS,ESM-2 150M + CaLM,4,0.67,0.9916666666666668,0.6666666666666666,23,5,3,2
CTNS,ESM-2 150M + CaLM,5,0.93,0.9583333333333334,1.0,23,5,3,2
CTNS,ESM-1b 650M + CaLM,1,0.48,1.0,1.0,22,6,4,2
CTNS,ESM-1b 650M + CaLM,2,0.48,1.0,1.0,22,6,4,2
CTNS,ESM-1b 650M + CaLM,3,0.48,1.0,1.0,22,6,4,2
CTNS,ESM-1b 650M + CaLM,4,0.48,1.0,1.0,23,5,3,2
CTNS,ESM-1b 650M + CaLM,5,0.37,1.0,0.8333333333333334,23,5,3,2
CUL3,ESM-2 150M + 650M,1,0.19,0.9714285714285714,1.0,12,3,1,2
CUL3,ESM-2 150M + 650M,2,0.13,0.9428571428571428,1.0,12,3,1,2
CUL3,ESM-2 150M + 650M,3,0.0,1.0,0.5,12,3,2,1
CUL3,ESM-2 150M + 650M,4,0.19,0.9444444444444444,1.0,12,3,2,1
CUL3,ESM-2 150M + 650M,5,0.43,1.0,1.0,12,3,2,1
CUL3,ESM-2 650M + ESM-1b 650M,1,0.0,1.0,0.5,12,3,1,2
CUL3,ESM-2 650M + ESM-1b 650M,2,0.01,0.9428571428571428,1.0,12,3,1,2
CUL3,ESM-2 650M + ESM-1b 650M,3,0.01,0.9166666666666666,1.0,12,3,2,1
CUL3,ESM-2 650M + ESM-1b 650M,4,0.01,0.8888888888888888,1.0,12,3,2,1
CUL3,ESM-2 650M + ESM-1b 650M,5,0.0,0.8888888888888888,1.0,12,3,2,1
CUL3,ESM-2 650M + CaLM,1,0.3,0.9714285714285714,1.0,12,3,1,2
CUL3,ESM-2 650M + CaLM,2,0.7000000000000001,0.9714285714285714,1.0,12,3,1,2
CUL3,ESM-2 650M + CaLM,3,0.0,1.0,0.5,12,3,2,1
CUL3,ESM-2 650M + CaLM,4,0.1,0.9444444444444444,1.0,12,3,2,1
CUL3,ESM-2 650M + CaLM,5,0.3,0.9444444444444444,1.0,12,3,2,1
CUL3,ESM-2 150M + CaLM,1,0.29,0.9714285714285714,1.0,12,3,1,2
CUL3,ESM-2 150M + CaLM,2,0.29,0.9428571428571428,1.0,12,3,1,2
CUL3,ESM-2 150M + CaLM,3,0.0,1.0,0.5,12,3,2,1
CUL3,ESM-2 150M + CaLM,4,0.29,0.9722222222222222,1.0,12,3,2,1
CUL3,ESM-2 150M + CaLM,5,0.62,1.0,1.0,12,3,2,1
CUL3,ESM-1b 650M + CaLM,1,0.6900000000000001,0.9428571428571428,1.0,12,3,1,2
CUL3,ESM-1b 650M + CaLM,2,0.6900000000000001,0.9714285714285714,1.0,12,3,1,2
CUL3,ESM-1b 650M + CaLM,3,0.6900000000000001,0.9722222222222222,1.0,12,3,2,1
CUL3,ESM-1b 650M + CaLM,4,0.6900000000000001,0.9444444444444444,1.0,12,3,2,1
CUL3,ESM-1b 650M + CaLM,5,0.0,1.0,0.5,12,3,2,1
CYBB,ESM-2 150M + 650M,1,0.46,0.963963963963964,0.984126984126984,61,16,9,7
CYBB,ESM-2 150M + 650M,2,0.35,0.97,0.95,61,16,10,6
CYBB,ESM-2 150M + 650M,3,0.21,0.9783783783783784,0.8703703703703703,62,15,9,6
CYBB,ESM-2 150M + 650M,4,0.46,0.9697297297297296,0.9444444444444444,62,15,9,6
CYBB,ESM-2 150M + 650M,5,0.45,0.9621621621621622,1.0,62,15,9,6
CYBB,ESM-2 650M + ESM-1b 650M,1,0.65,0.96509009009009,0.9682539682539684,61,16,9,7
CYBB,ESM-2 650M + ESM-1b 650M,2,0.92,0.96,0.9833333333333332,61,16,10,6
CYBB,ESM-2 650M + ESM-1b 650M,3,0.92,0.961081081081081,1.0,62,15,9,6
CYBB,ESM-2 650M + ESM-1b 650M,4,0.91,0.9837837837837838,0.8888888888888888,62,15,9,6
CYBB,ESM-2 650M + ESM-1b 650M,5,0.65,0.9589189189189188,0.9814814814814816,62,15,9,6
CYBB,ESM-2 650M + CaLM,1,0.45,0.9493243243243245,0.9365079365079364,61,16,9,7
CYBB,ESM-2 650M + CaLM,2,0.31,0.9333333333333332,1.0,61,16,10,6
CYBB,ESM-2 650M + CaLM,3,0.23,0.9535135135135137,0.9814814814814816,62,15,9,6
CYBB,ESM-2 650M + CaLM,4,0.12,0.9632432432432432,0.8518518518518519,62,15,9,6
CYBB,ESM-2 650M + CaLM,5,0.23,0.9524324324324324,0.9444444444444444,62,15,9,6
CYBB,ESM-2 150M + CaLM,1,0.07,0.9617117117117115,0.8888888888888888,61,16,9,7
CYBB,ESM-2 150M + CaLM,2,0.08,0.9333333333333332,1.0,61,16,10,6
CYBB,ESM-2 150M + CaLM,3,0.08,0.9567567567567568,0.9444444444444444,62,15,9,6
CYBB,ESM-2 150M + CaLM,4,0.0,0.9513513513513514,0.9074074074074074,62,15,9,6
CYBB,ESM-2 150M + CaLM,5,0.03,0.9437837837837838,0.9814814814814816,62,15,9,6
CYBB,ESM-1b 650M + CaLM,1,0.03,0.9515765765765766,1.0,61,16,9,7
CYBB,ESM-1b 650M + CaLM,2,0.0,0.9611111111111112,0.95,61,16,10,6
CYBB,ESM-1b 650M + CaLM,3,0.05,0.9816216216216216,0.8888888888888888,62,15,9,6
CYBB,ESM-1b 650M + CaLM,4,0.05,0.961081081081081,0.9629629629629628,62,15,9,6
CYBB,ESM-1b 650M + CaLM,5,0.01,0.9643243243243244,0.9629629629629628,62,15,9,6
CYP11B1,ESM-2 150M + 650M,1,0.95,1.0,1.0,31,8,7,1
CYP11B1,ESM-2 150M + 650M,2,0.26,1.0,1.0,31,8,7,1
CYP11B1,ESM-2 150M + 650M,3,0.95,1.0,1.0,31,8,7,1
CYP11B1,ESM-2 150M + 650M,4,0.95,1.0,1.0,31,8,7,1
CYP11B1,ESM-2 150M + 650M,5,0.62,1.0,1.0,32,7,6,1
CYP11B1,ESM-2 650M + ESM-1b 650M,1,0.0,1.0,1.0,31,8,7,1
CYP11B1,ESM-2 650M + ESM-1b 650M,2,0.0,1.0,1.0,31,8,7,1
CYP11B1,ESM-2 650M + ESM-1b 650M,3,0.0,1.0,1.0,31,8,7,1
CYP11B1,ESM-2 650M + ESM-1b 650M,4,0.0,1.0,1.0,31,8,7,1
CYP11B1,ESM-2 650M + ESM-1b 650M,5,0.0,1.0,1.0,32,7,6,1
CYP11B1,ESM-2 650M + CaLM,1,0.0,1.0,1.0,31,8,7,1
CYP11B1,ESM-2 650M + CaLM,2,0.0,1.0,1.0,31,8,7,1
CYP11B1,ESM-2 650M + CaLM,3,0.0,1.0,1.0,31,8,7,1
CYP11B1,ESM-2 650M + CaLM,4,0.0,1.0,1.0,31,8,7,1
CYP11B1,ESM-2 650M + CaLM,5,0.0,1.0,1.0,32,7,6,1
CYP11B1,ESM-2 150M + CaLM,1,0.0,1.0,0.7142857142857143,31,8,7,1
CYP11B1,ESM-2 150M + CaLM,2,0.36,0.9722222222222222,1.0,31,8,7,1
CYP11B1,ESM-2 150M + CaLM,3,0.39,0.9722222222222222,1.0,31,8,7,1
CYP11B1,ESM-2 150M + CaLM,4,0.39,0.9722222222222222,1.0,31,8,7,1
CYP11B1,ESM-2 150M + CaLM,5,0.39,0.9821428571428572,1.0,32,7,6,1
CYP11B1,ESM-1b 650M + CaLM,1,0.3,0.9814814814814816,1.0,31,8,7,1
CYP11B1,ESM-1b 650M + CaLM,2,0.55,0.9907407407407408,1.0,31,8,7,1
CYP11B1,ESM-1b 650M + CaLM,3,0.0,1.0,0.8571428571428571,31,8,7,1
CYP11B1,ESM-1b 650M + CaLM,4,0.55,1.0,1.0,31,8,7,1
CYP11B1,ESM-1b 650M + CaLM,5,0.3,0.9821428571428572,1.0,32,7,6,1
CYP11B2,ESM-2 150M + 650M,1,0.0,0.937799043062201,0.7333333333333333,30,8,3,5
CYP11B2,ESM-2 150M + 650M,2,0.0,0.9043062200956936,1.0,30,8,3,5
CYP11B2,ESM-2 150M + 650M,3,0.22,0.8899521531100478,1.0,30,8,3,5
CYP11B2,ESM-2 150M + 650M,4,0.22,0.925438596491228,0.9,31,7,2,5
CYP11B2,ESM-2 150M + 650M,5,0.22,0.9454545454545454,0.8333333333333334,31,7,3,4
CYP11B2,ESM-2 650M + ESM-1b 650M,1,0.92,0.9665071770334928,0.9333333333333332,30,8,3,5
CYP11B2,ESM-2 650M + ESM-1b 650M,2,1.0,0.9473684210526316,1.0,30,8,3,5
CYP11B2,ESM-2 650M + ESM-1b 650M,3,0.98,0.9425837320574164,1.0,30,8,3,5
CYP11B2,ESM-2 650M + ESM-1b 650M,4,1.0,0.9649122807017544,0.8,31,7,2,5
CYP11B2,ESM-2 650M + ESM-1b 650M,5,1.0,0.9409090909090908,1.0,31,7,3,4
CYP11B2,ESM-2 650M + CaLM,1,0.6,0.8803827751196173,0.9333333333333332,30,8,3,5
CYP11B2,ESM-2 650M + CaLM,2,0.72,0.9234449760765552,0.8,30,8,3,5
CYP11B2,ESM-2 650M + CaLM,3,0.72,0.9282296650717704,0.7333333333333333,30,8,3,5
CYP11B2,ESM-2 650M + CaLM,4,0.72,0.8464912280701754,1.0,31,7,2,5
CYP11B2,ESM-2 650M + CaLM,5,0.6,0.9,0.8333333333333334,31,7,3,4
CYP11B2,ESM-2 150M + CaLM,1,0.27,0.9234449760765552,0.9333333333333332,30,8,3,5
CYP11B2,ESM-2 150M + CaLM,2,0.46,0.9234449760765552,1.0,30,8,3,5
CYP11B2,ESM-2 150M + CaLM,3,0.0,0.9043062200956936,1.0,30,8,3,5
CYP11B2,ESM-2 150M + CaLM,4,0.27,0.9517543859649122,0.8,31,7,2,5
CYP11B2,ESM-2 150M + CaLM,5,0.0,0.9181818181818182,0.9166666666666666,31,7,3,4
CYP11B2,ESM-1b 650M + CaLM,1,0.0,0.9521531100478468,1.0,30,8,3,5
CYP11B2,ESM-1b 650M + CaLM,2,0.04,0.9617224880382776,0.9333333333333332,30,8,3,5
CYP11B2,ESM-1b 650M + CaLM,3,0.04,0.971291866028708,0.8666666666666667,30,8,3,5
CYP11B2,ESM-1b 650M + CaLM,4,0.04,0.9517543859649122,1.0,31,7,2,5
CYP11B2,ESM-1b 650M + CaLM,5,0.01,0.9545454545454546,1.0,31,7,3,4
CYP19A1,ESM-2 150M + 650M,1,0.67,0.625,0.5,8,3,1,2
CYP19A1,ESM-2 150M + 650M,2,0.26,0.7,0.0,9,2,1,1
CYP19A1,ESM-2 150M + 650M,3,0.74,0.7,0.0,9,2,1,1
CYP19A1,ESM-2 150M + 650M,4,0.74,0.5,1.0,9,2,1,1
CYP19A1,ESM-2 150M + 650M,5,0.74,0.6,1.0,9,2,1,1
CYP19A1,ESM-2 650M + ESM-1b 650M,1,0.78,0.875,0.5,8,3,1,2
CYP19A1,ESM-2 650M + ESM-1b 650M,2,0.78,0.75,1.0,9,2,1,1
CYP19A1,ESM-2 650M + ESM-1b 650M,3,0.78,0.85,1.0,9,2,1,1
CYP19A1,ESM-2 650M + ESM-1b 650M,4,0.78,0.65,1.0,9,2,1,1
CYP19A1,ESM-2 650M + ESM-1b 650M,5,0.09,0.75,0.0,9,2,1,1
CYP19A1,ESM-2 650M + CaLM,1,0.5,0.8125,0.0,8,3,1,2
CYP19A1,ESM-2 650M + CaLM,2,0.06,0.75,0.0,9,2,1,1
CYP19A1,ESM-2 650M + CaLM,3,0.62,0.55,1.0,9,2,1,1
CYP19A1,ESM-2 650M + CaLM,4,0.62,0.9,0.0,9,2,1,1
CYP19A1,ESM-2 650M + CaLM,5,0.62,0.6,1.0,9,2,1,1
CYP19A1,ESM-2 150M + CaLM,1,0.66,0.75,0.0,8,3,1,2
CYP19A1,ESM-2 150M + CaLM,2,0.6,0.75,0.0,9,2,1,1
CYP19A1,ESM-2 150M + CaLM,3,0.66,0.55,1.0,9,2,1,1
CYP19A1,ESM-2 150M + CaLM,4,0.66,0.7,1.0,9,2,1,1
CYP19A1,ESM-2 150M + CaLM,5,0.58,0.75,0.0,9,2,1,1
CYP19A1,ESM-1b 650M + CaLM,1,0.0,0.6875,1.0,8,3,1,2
CYP19A1,ESM-1b 650M + CaLM,2,0.4,0.7,1.0,9,2,1,1
CYP19A1,ESM-1b 650M + CaLM,3,0.4,0.8,1.0,9,2,1,1
CYP19A1,ESM-1b 650M + CaLM,4,0.4,0.95,0.0,9,2,1,1
CYP19A1,ESM-1b 650M + CaLM,5,0.0,0.85,0.0,9,2,1,1
CYP27A1,ESM-2 150M + 650M,1,0.0,1.0,0.3333333333333333,13,4,3,1
CYP27A1,ESM-2 150M + 650M,2,0.63,0.8888888888888888,1.0,13,4,3,1
CYP27A1,ESM-2 150M + 650M,3,0.63,0.9,1.0,14,3,2,1
CYP27A1,ESM-2 150M + 650M,4,0.63,0.925,1.0,14,3,2,1
CYP27A1,ESM-2 150M + 650M,5,0.92,0.9,1.0,14,3,2,1
CYP27A1,ESM-2 650M + ESM-1b 650M,1,0.0,1.0,0.3333333333333333,13,4,3,1
CYP27A1,ESM-2 650M + ESM-1b 650M,2,0.36,0.9722222222222222,1.0,13,4,3,1
CYP27A1,ESM-2 650M + ESM-1b 650M,3,0.36,0.95,1.0,14,3,2,1
CYP27A1,ESM-2 650M + ESM-1b 650M,4,0.36,0.95,1.0,14,3,2,1
CYP27A1,ESM-2 650M + ESM-1b 650M,5,0.36,0.975,1.0,14,3,2,1
CYP27A1,ESM-2 650M + CaLM,1,0.78,0.9444444444444444,1.0,13,4,3,1
CYP27A1,ESM-2 650M + CaLM,2,0.0,1.0,0.6666666666666666,13,4,3,1
CYP27A1,ESM-2 650M + CaLM,3,0.14,0.9,1.0,14,3,2,1
CYP27A1,ESM-2 650M + CaLM,4,0.14,0.95,1.0,14,3,2,1
CYP27A1,ESM-2 650M + CaLM,5,0.14,0.925,1.0,14,3,2,1
CYP27A1,ESM-2 150M + CaLM,1,0.19,0.8333333333333334,1.0,13,4,3,1
CYP27A1,ESM-2 150M + CaLM,2,0.72,0.8611111111111112,0.6666666666666666,13,4,3,1
CYP27A1,ESM-2 150M + CaLM,3,0.19,0.85,1.0,14,3,2,1
CYP27A1,ESM-2 150M + CaLM,4,0.19,0.875,1.0,14,3,2,1
CYP27A1,ESM-2 150M + CaLM,5,0.0,1.0,0.0,14,3,2,1
CYP27A1,ESM-1b 650M + CaLM,1,0.0,1.0,0.6666666666666666,13,4,3,1
CYP27A1,ESM-1b 650M + CaLM,2,0.76,0.9444444444444444,1.0,13,4,3,1
CYP27A1,ESM-1b 650M + CaLM,3,0.76,0.95,1.0,14,3,2,1
CYP27A1,ESM-1b 650M + CaLM,4,0.76,0.975,1.0,14,3,2,1
CYP27A1,ESM-1b 650M + CaLM,5,0.0,0.95,1.0,14,3,2,1
CYP27B1,ESM-2 150M + 650M,1,0.0,0.875,1.0,20,5,4,1
CYP27B1,ESM-2 150M + 650M,2,0.12,0.890625,1.0,20,5,4,1
CYP27B1,ESM-2 150M + 650M,3,0.0,0.875,1.0,20,5,4,1
CYP27B1,ESM-2 150M + 650M,4,0.0,1.0,0.5,20,5,4,1
CYP27B1,ESM-2 150M + 650M,5,0.64,0.921875,0.75,20,5,4,1
CYP27B1,ESM-2 650M + ESM-1b 650M,1,0.86,0.984375,1.0,20,5,4,1
CYP27B1,ESM-2 650M + ESM-1b 650M,2,0.86,0.96875,1.0,20,5,4,1
CYP27B1,ESM-2 650M + ESM-1b 650M,3,0.55,0.984375,1.0,20,5,4,1
CYP27B1,ESM-2 650M + ESM-1b 650M,4,0.55,0.96875,1.0,20,5,4,1
CYP27B1,ESM-2 650M + ESM-1b 650M,5,0.86,1.0,1.0,20,5,4,1
CYP27B1,ESM-2 650M + CaLM,1,0.39,0.859375,1.0,20,5,4,1
CYP27B1,ESM-2 650M + CaLM,2,0.05,0.859375,1.0,20,5,4,1
CYP27B1,ESM-2 650M + CaLM,3,0.39,0.875,1.0,20,5,4,1
CYP27B1,ESM-2 650M + CaLM,4,0.05,0.90625,0.75,20,5,4,1
CYP27B1,ESM-2 650M + CaLM,5,0.0,0.9375,0.75,20,5,4,1
CYP27B1,ESM-2 150M + CaLM,1,0.0,0.875,1.0,20,5,4,1
CYP27B1,ESM-2 150M + CaLM,2,0.0,0.875,1.0,20,5,4,1
CYP27B1,ESM-2 150M + CaLM,3,0.0,1.0,0.5,20,5,4,1
CYP27B1,ESM-2 150M + CaLM,4,0.59,0.921875,0.75,20,5,4,1
CYP27B1,ESM-2 150M + CaLM,5,0.59,0.9375,0.75,20,5,4,1
CYP27B1,ESM-1b 650M + CaLM,1,0.0,0.96875,1.0,20,5,4,1
CYP27B1,ESM-1b 650M + CaLM,2,0.0,1.0,1.0,20,5,4,1
CYP27B1,ESM-1b 650M + CaLM,3,0.0,0.984375,1.0,20,5,4,1
CYP27B1,ESM-1b 650M + CaLM,4,0.0,0.984375,1.0,20,5,4,1
CYP27B1,ESM-1b 650M + CaLM,5,0.0,0.96875,1.0,20,5,4,1
CYP4F22,ESM-2 150M + 650M,1,0.0,0.953125,0.6666666666666666,16,5,3,2
CYP4F22,ESM-2 150M + 650M,2,0.93,0.9166666666666666,1.0,17,4,2,2
CYP4F22,ESM-2 150M + 650M,3,0.93,0.9861111111111112,0.75,17,4,2,2
CYP4F22,ESM-2 150M + 650M,4,0.0,0.9027777777777778,1.0,17,4,2,2
CYP4F22,ESM-2 150M + 650M,5,0.04,0.9166666666666666,1.0,17,4,2,2
CYP4F22,ESM-2 650M + ESM-1b 650M,1,0.74,1.0,1.0,16,5,3,2
CYP4F22,ESM-2 650M + ESM-1b 650M,2,0.13,1.0,0.75,17,4,2,2
CYP4F22,ESM-2 650M + ESM-1b 650M,3,0.58,1.0,1.0,17,4,2,2
CYP4F22,ESM-2 650M + ESM-1b 650M,4,0.74,1.0,1.0,17,4,2,2
CYP4F22,ESM-2 650M + ESM-1b 650M,5,0.74,1.0,1.0,17,4,2,2
CYP4F22,ESM-2 650M + CaLM,1,0.72,1.0,1.0,16,5,3,2
CYP4F22,ESM-2 650M + CaLM,2,0.72,0.9444444444444444,1.0,17,4,2,2
CYP4F22,ESM-2 650M + CaLM,3,0.0,0.9861111111111112,0.5,17,4,2,2
CYP4F22,ESM-2 650M + CaLM,4,0.72,0.9305555555555556,1.0,17,4,2,2
CYP4F22,ESM-2 650M + CaLM,5,0.42,0.9444444444444444,1.0,17,4,2,2
CYP4F22,ESM-2 150M + CaLM,1,1.0,1.0,0.6666666666666666,16,5,3,2
CYP4F22,ESM-2 150M + CaLM,2,0.18,0.9305555555555556,1.0,17,4,2,2
CYP4F22,ESM-2 150M + CaLM,3,0.11,0.9305555555555556,1.0,17,4,2,2
CYP4F22,ESM-2 150M + CaLM,4,0.0,0.9583333333333334,0.75,17,4,2,2
CYP4F22,ESM-2 150M + CaLM,5,0.18,0.9305555555555556,1.0,17,4,2,2
CYP4F22,ESM-1b 650M + CaLM,1,0.0,1.0,1.0,16,5,3,2
CYP4F22,ESM-1b 650M + CaLM,2,0.0,1.0,1.0,17,4,2,2
CYP4F22,ESM-1b 650M + CaLM,3,0.0,1.0,1.0,17,4,2,2
CYP4F22,ESM-1b 650M + CaLM,4,0.0,1.0,1.0,17,4,2,2
CYP4F22,ESM-1b 650M + CaLM,5,0.0,1.0,1.0,17,4,2,2
DARS2,ESM-2 150M + 650M,1,0.0,1.0,0.6666666666666666,16,5,3,2
DARS2,ESM-2 150M + 650M,2,0.9,0.9166666666666666,1.0,17,4,3,1
DARS2,ESM-2 150M + 650M,3,0.9,0.9,1.0,17,4,3,1
DARS2,ESM-2 150M + 650M,4,0.0,0.9,1.0,17,4,3,1
DARS2,ESM-2 150M + 650M,5,0.9,0.9166666666666666,1.0,17,4,3,1
DARS2,ESM-2 650M + ESM-1b 650M,1,0.0,0.9375,1.0,16,5,3,2
DARS2,ESM-2 650M + ESM-1b 650M,2,0.08,1.0,0.6666666666666666,17,4,3,1
DARS2,ESM-2 650M + ESM-1b 650M,3,0.08,0.9166666666666666,1.0,17,4,3,1
DARS2,ESM-2 650M + ESM-1b 650M,4,0.0,0.9166666666666666,1.0,17,4,3,1
DARS2,ESM-2 650M + ESM-1b 650M,5,0.0,0.9166666666666666,1.0,17,4,3,1
DARS2,ESM-2 650M + CaLM,1,0.0,0.9375,1.0,16,5,3,2
DARS2,ESM-2 650M + CaLM,2,0.35,0.9166666666666666,1.0,17,4,3,1
DARS2,ESM-2 650M + CaLM,3,0.35,0.9333333333333332,1.0,17,4,3,1
DARS2,ESM-2 650M + CaLM,4,0.35,0.9166666666666666,1.0,17,4,3,1
DARS2,ESM-2 650M + CaLM,5,0.11,0.9833333333333332,0.6666666666666666,17,4,3,1
DARS2,ESM-2 150M + CaLM,1,0.0,0.9166666666666666,1.0,16,5,3,2
DARS2,ESM-2 150M + CaLM,2,0.29,0.9333333333333332,1.0,17,4,3,1
DARS2,ESM-2 150M + CaLM,3,0.29,0.9333333333333332,1.0,17,4,3,1
DARS2,ESM-2 150M + CaLM,4,0.16,1.0,0.6666666666666666,17,4,3,1
DARS2,ESM-2 150M + CaLM,5,0.29,0.9333333333333332,1.0,17,4,3,1
DARS2,ESM-1b 650M + CaLM,1,0.45,0.9375,1.0,16,5,3,2
DARS2,ESM-1b 650M + CaLM,2,0.45,0.9333333333333332,1.0,17,4,3,1
DARS2,ESM-1b 650M + CaLM,3,0.0,0.9166666666666666,1.0,17,4,3,1
DARS2,ESM-1b 650M + CaLM,4,0.45,0.9333333333333332,1.0,17,4,3,1
DARS2,ESM-1b 650M + CaLM,5,0.0,1.0,0.6666666666666666,17,4,3,1
DBT,ESM-2 150M + 650M,1,0.39,1.0,1.0,19,5,3,2
DBT,ESM-2 150M + 650M,2,0.59,0.9871794871794872,1.0,19,5,3,2
DBT,ESM-2 150M + 650M,3,0.59,0.9871794871794872,1.0,19,5,3,2
DBT,ESM-2 150M + 650M,4,0.22,1.0,1.0,19,5,4,1
DBT,ESM-2 150M + 650M,5,0.87,1.0,1.0,20,4,3,1
DBT,ESM-2 650M + ESM-1b 650M,1,0.08,1.0,1.0,19,5,3,2
DBT,ESM-2 650M + ESM-1b 650M,2,0.0,1.0,1.0,19,5,3,2
DBT,ESM-2 650M + ESM-1b 650M,3,0.08,1.0,1.0,19,5,3,2
DBT,ESM-2 650M + ESM-1b 650M,4,0.0,1.0,1.0,19,5,4,1
DBT,ESM-2 650M + ESM-1b 650M,5,0.08,1.0,1.0,20,4,3,1
DBT,ESM-2 650M + CaLM,1,0.0,1.0,0.8333333333333334,19,5,3,2
DBT,ESM-2 650M + CaLM,2,0.14,1.0,1.0,19,5,3,2
DBT,ESM-2 650M + CaLM,3,0.14,1.0,1.0,19,5,3,2
DBT,ESM-2 650M + CaLM,4,0.14,1.0,1.0,19,5,4,1
DBT,ESM-2 650M + CaLM,5,0.14,1.0,1.0,20,4,3,1
DBT,ESM-2 150M + CaLM,1,0.46,0.9871794871794872,0.8333333333333334,19,5,3,2
DBT,ESM-2 150M + CaLM,2,0.89,1.0,1.0,19,5,3,2
DBT,ESM-2 150M + CaLM,3,0.68,1.0,1.0,19,5,3,2
DBT,ESM-2 150M + CaLM,4,0.89,0.988095238095238,1.0,19,5,4,1
DBT,ESM-2 150M + CaLM,5,0.89,0.989010989010989,1.0,20,4,3,1
DBT,ESM-1b 650M + CaLM,1,0.86,0.9871794871794872,1.0,19,5,3,2
DBT,ESM-1b 650M + CaLM,2,0.85,1.0,0.8333333333333334,19,5,3,2
DBT,ESM-1b 650M + CaLM,3,0.86,0.9871794871794872,1.0,19,5,3,2
DBT,ESM-1b 650M + CaLM,4,0.86,1.0,1.0,19,5,4,1
DBT,ESM-1b 650M + CaLM,5,0.0,0.989010989010989,0.6666666666666666,20,4,3,1
DCLRE1C,ESM-2 150M + 650M,1,0.0,1.0,1.0,20,5,2,3
DCLRE1C,ESM-2 150M + 650M,2,0.0,1.0,1.0,20,5,2,3
DCLRE1C,ESM-2 150M + 650M,3,0.0,1.0,1.0,20,5,3,2
DCLRE1C,ESM-2 150M + 650M,4,0.0,1.0,1.0,20,5,3,2
DCLRE1C,ESM-2 150M + 650M,5,0.0,1.0,1.0,20,5,3,2
DCLRE1C,ESM-2 650M + ESM-1b 650M,1,0.94,0.98989898989899,0.6666666666666666,20,5,2,3
DCLRE1C,ESM-2 650M + ESM-1b 650M,2,0.96,0.8888888888888888,1.0,20,5,2,3
DCLRE1C,ESM-2 650M + ESM-1b 650M,3,0.04,0.92,0.6666666666666666,20,5,3,2
DCLRE1C,ESM-2 650M + ESM-1b 650M,4,0.49,0.91,1.0,20,5,3,2
DCLRE1C,ESM-2 650M + ESM-1b 650M,5,0.96,0.92,1.0,20,5,3,2
DCLRE1C,ESM-2 650M + CaLM,1,0.63,0.9595959595959596,0.8333333333333334,20,5,2,3
DCLRE1C,ESM-2 650M + CaLM,2,0.4,0.9393939393939394,1.0,20,5,2,3
DCLRE1C,ESM-2 650M + CaLM,3,0.47,0.91,1.0,20,5,3,2
DCLRE1C,ESM-2 650M + CaLM,4,0.6900000000000001,0.95,0.8333333333333334,20,5,3,2
DCLRE1C,ESM-2 650M + CaLM,5,0.47,0.92,1.0,20,5,3,2
DCLRE1C,ESM-2 150M + CaLM,1,0.0,1.0,1.0,20,5,2,3
DCLRE1C,ESM-2 150M + CaLM,2,0.0,1.0,1.0,20,5,2,3
DCLRE1C,ESM-2 150M + CaLM,3,0.0,1.0,1.0,20,5,3,2
DCLRE1C,ESM-2 150M + CaLM,4,0.0,1.0,1.0,20,5,3,2
DCLRE1C,ESM-2 150M + CaLM,5,0.0,1.0,1.0,20,5,3,2
DCLRE1C,ESM-1b 650M + CaLM,1,0.34,0.9393939393939394,1.0,20,5,2,3
DCLRE1C,ESM-1b 650M + CaLM,2,0.66,0.9797979797979798,0.6666666666666666,20,5,2,3
DCLRE1C,ESM-1b 650M + CaLM,3,0.66,0.97,1.0,20,5,3,2
DCLRE1C,ESM-1b 650M + CaLM,4,0.34,0.94,1.0,20,5,3,2
DCLRE1C,ESM-1b 650M + CaLM,5,0.01,0.99,0.5,20,5,3,2
DEAF1,ESM-2 150M + 650M,1,0.42,0.9659090909090908,1.0,34,9,6,3
DEAF1,ESM-2 150M + 650M,2,0.42,0.9507575757575758,1.0,34,9,6,3
DEAF1,ESM-2 150M + 650M,3,0.42,0.9507575757575758,1.0,34,9,6,3
DEAF1,ESM-2 150M + 650M,4,0.62,0.9963768115942028,0.8666666666666667,35,8,5,3
DEAF1,ESM-2 150M + 650M,5,0.27,0.960144927536232,1.0,35,8,5,3
DEAF1,ESM-2 650M + ESM-1b 650M,1,0.62,0.9696969696969696,1.0,34,9,6,3
DEAF1,ESM-2 650M + ESM-1b 650M,2,0.62,0.9621212121212122,1.0,34,9,6,3
DEAF1,ESM-2 650M + ESM-1b 650M,3,0.73,0.9848484848484848,0.8333333333333334,34,9,6,3
DEAF1,ESM-2 650M + ESM-1b 650M,4,0.22,0.9891304347826086,0.8,35,8,5,3
DEAF1,ESM-2 650M + ESM-1b 650M,5,0.62,0.967391304347826,1.0,35,8,5,3
DEAF1,ESM-2 650M + CaLM,1,0.0,0.9962121212121212,0.7222222222222222,34,9,6,3
DEAF1,ESM-2 650M + CaLM,2,0.0,0.946969696969697,1.0,34,9,6,3
DEAF1,ESM-2 650M + CaLM,3,0.08,0.9204545454545454,1.0,34,9,6,3
DEAF1,ESM-2 650M + CaLM,4,0.08,0.9347826086956522,1.0,35,8,5,3
DEAF1,ESM-2 650M + CaLM,5,0.08,0.9384057971014492,1.0,35,8,5,3
DEAF1,ESM-2 150M + CaLM,1,0.0,0.9090909090909092,0.8888888888888888,34,9,6,3
DEAF1,ESM-2 150M + CaLM,2,0.46,0.9090909090909092,0.8888888888888888,34,9,6,3
DEAF1,ESM-2 150M + CaLM,3,0.42,0.9128787878787878,0.8888888888888888,34,9,6,3
DEAF1,ESM-2 150M + CaLM,4,0.46,0.894927536231884,0.9333333333333332,35,8,5,3
DEAF1,ESM-2 150M + CaLM,5,0.0,0.8985507246376812,0.8666666666666667,35,8,5,3
DEAF1,ESM-1b 650M + CaLM,1,0.0,0.9696969696969696,1.0,34,9,6,3
DEAF1,ESM-1b 650M + CaLM,2,0.0,0.9621212121212122,1.0,34,9,6,3
DEAF1,ESM-1b 650M + CaLM,3,0.0,0.9886363636363636,0.8888888888888888,34,9,6,3
DEAF1,ESM-1b 650M + CaLM,4,0.0,0.967391304347826,1.0,35,8,5,3
DEAF1,ESM-1b 650M + CaLM,5,0.0,0.960144927536232,1.0,35,8,5,3
DEGS1,ESM-2 150M + 650M,1,0.0,0.85,1.0,9,3,1,2
DEGS1,ESM-2 150M + 650M,2,0.0,0.85,1.0,9,3,2,1
DEGS1,ESM-2 150M + 650M,3,0.0,0.84,1.0,10,2,1,1
DEGS1,ESM-2 150M + 650M,4,0.0,1.0,0.0,10,2,1,1
DEGS1,ESM-2 150M + 650M,5,0.0,0.88,1.0,10,2,1,1
DEGS1,ESM-2 650M + ESM-1b 650M,1,0.93,1.0,1.0,9,3,1,2
DEGS1,ESM-2 650M + ESM-1b 650M,2,0.43,0.95,1.0,9,3,2,1
DEGS1,ESM-2 650M + ESM-1b 650M,3,0.07,1.0,1.0,10,2,1,1
DEGS1,ESM-2 650M + ESM-1b 650M,4,0.93,0.96,1.0,10,2,1,1
DEGS1,ESM-2 650M + ESM-1b 650M,5,0.61,1.0,1.0,10,2,1,1
DEGS1,ESM-2 650M + CaLM,1,0.1,0.8,1.0,9,3,1,2
DEGS1,ESM-2 650M + CaLM,2,0.1,1.0,0.0,9,3,2,1
DEGS1,ESM-2 650M + CaLM,3,0.86,0.92,0.0,10,2,1,1
DEGS1,ESM-2 650M + CaLM,4,0.46,0.88,1.0,10,2,1,1
DEGS1,ESM-2 650M + CaLM,5,0.0,0.84,1.0,10,2,1,1
DEGS1,ESM-2 150M + CaLM,1,0.53,0.95,1.0,9,3,1,2
DEGS1,ESM-2 150M + CaLM,2,0.0,1.0,0.0,9,3,2,1
DEGS1,ESM-2 150M + CaLM,3,0.53,0.96,1.0,10,2,1,1
DEGS1,ESM-2 150M + CaLM,4,0.53,0.88,1.0,10,2,1,1
DEGS1,ESM-2 150M + CaLM,5,0.53,0.88,1.0,10,2,1,1
DEGS1,ESM-1b 650M + CaLM,1,0.0,0.95,1.0,9,3,1,2
DEGS1,ESM-1b 650M + CaLM,2,0.0,0.95,1.0,9,3,2,1
DEGS1,ESM-1b 650M + CaLM,3,0.0,1.0,0.0,10,2,1,1
DEGS1,ESM-1b 650M + CaLM,4,0.0,0.96,1.0,10,2,1,1
DEGS1,ESM-1b 650M + CaLM,5,0.0,0.96,1.0,10,2,1,1
DKC1,ESM-2 150M + 650M,1,0.85,0.9583333333333334,1.0,16,4,2,2
DKC1,ESM-2 150M + 650M,2,0.6,0.9636363636363636,1.0,16,4,3,1
DKC1,ESM-2 150M + 650M,3,0.73,0.9818181818181818,1.0,16,4,3,1
DKC1,ESM-2 150M + 650M,4,0.8300000000000001,1.0,1.0,16,4,3,1
DKC1,ESM-2 150M + 650M,5,0.6,0.9454545454545454,1.0,16,4,3,1
DKC1,ESM-2 650M + ESM-1b 650M,1,0.0,0.9583333333333334,1.0,16,4,2,2
DKC1,ESM-2 650M + ESM-1b 650M,2,0.0,0.9636363636363636,1.0,16,4,3,1
DKC1,ESM-2 650M + ESM-1b 650M,3,0.22,0.9818181818181818,1.0,16,4,3,1
DKC1,ESM-2 650M + ESM-1b 650M,4,0.0,1.0,1.0,16,4,3,1
DKC1,ESM-2 650M + ESM-1b 650M,5,0.0,0.9454545454545454,1.0,16,4,3,1
DKC1,ESM-2 650M + CaLM,1,0.0,1.0,1.0,16,4,2,2
DKC1,ESM-2 650M + CaLM,2,0.29,0.9636363636363636,1.0,16,4,3,1
DKC1,ESM-2 650M + CaLM,3,0.29,0.9636363636363636,1.0,16,4,3,1
DKC1,ESM-2 650M + CaLM,4,0.0,0.9636363636363636,1.0,16,4,3,1
DKC1,ESM-2 650M + CaLM,5,0.29,1.0,1.0,16,4,3,1
DKC1,ESM-2 150M + CaLM,1,0.53,1.0,0.75,16,4,2,2
DKC1,ESM-2 150M + CaLM,2,0.67,0.8909090909090909,1.0,16,4,3,1
DKC1,ESM-2 150M + CaLM,3,0.54,0.8727272727272727,1.0,16,4,3,1
DKC1,ESM-2 150M + CaLM,4,0.4,0.8909090909090909,1.0,16,4,3,1
DKC1,ESM-2 150M + CaLM,5,0.47,0.8727272727272727,1.0,16,4,3,1
DKC1,ESM-1b 650M + CaLM,1,0.18,0.9375,0.0,16,4,2,2
DKC1,ESM-1b 650M + CaLM,2,0.66,0.8909090909090909,1.0,16,4,3,1
DKC1,ESM-1b 650M + CaLM,3,0.66,0.9090909090909092,1.0,16,4,3,1
DKC1,ESM-1b 650M + CaLM,4,0.41,0.9636363636363636,1.0,16,4,3,1
DKC1,ESM-1b 650M + CaLM,5,0.66,0.9636363636363636,1.0,16,4,3,1
DLL4,ESM-2 150M + 650M,1,0.04,0.9537037037037036,1.0,21,6,3,3
DLL4,ESM-2 150M + 650M,2,0.72,0.9722222222222222,1.0,21,6,3,3
DLL4,ESM-2 150M + 650M,3,0.04,1.0,0.8333333333333334,22,5,3,2
DLL4,ESM-2 150M + 650M,4,0.04,0.9666666666666668,1.0,22,5,3,2
DLL4,ESM-2 150M + 650M,5,0.03,0.975,1.0,22,5,3,2
DLL4,ESM-2 650M + ESM-1b 650M,1,0.0,0.9814814814814816,1.0,21,6,3,3
DLL4,ESM-2 650M + ESM-1b 650M,2,0.14,0.9629629629629628,1.0,21,6,3,3
DLL4,ESM-2 650M + ESM-1b 650M,3,0.5700000000000001,0.975,1.0,22,5,3,2
DLL4,ESM-2 650M + ESM-1b 650M,4,0.14,0.9833333333333332,1.0,22,5,3,2
DLL4,ESM-2 650M + ESM-1b 650M,5,0.0,1.0,1.0,22,5,3,2
DLL4,ESM-2 650M + CaLM,1,0.3,1.0,0.8888888888888888,21,6,3,3
DLL4,ESM-2 650M + CaLM,2,0.3,0.9722222222222222,1.0,21,6,3,3
DLL4,ESM-2 650M + CaLM,3,0.3,0.975,1.0,22,5,3,2
DLL4,ESM-2 650M + CaLM,4,0.3,0.9666666666666668,1.0,22,5,3,2
DLL4,ESM-2 650M + CaLM,5,0.0,0.975,0.8333333333333334,22,5,3,2
DLL4,ESM-2 150M + CaLM,1,0.07,1.0,1.0,21,6,3,3
DLL4,ESM-2 150M + CaLM,2,0.17,0.9722222222222222,1.0,21,6,3,3
DLL4,ESM-2 150M + CaLM,3,0.17,0.975,1.0,22,5,3,2
DLL4,ESM-2 150M + CaLM,4,0.17,0.9583333333333334,1.0,22,5,3,2
DLL4,ESM-2 150M + CaLM,5,0.07,0.9666666666666668,1.0,22,5,3,2
DLL4,ESM-1b 650M + CaLM,1,0.09,0.9629629629629628,1.0,21,6,3,3
DLL4,ESM-1b 650M + CaLM,2,0.03,1.0,0.7777777777777778,21,6,3,3
DLL4,ESM-1b 650M + CaLM,3,0.09,0.9666666666666668,1.0,22,5,3,2
DLL4,ESM-1b 650M + CaLM,4,0.06,0.9833333333333332,1.0,22,5,3,2
DLL4,ESM-1b 650M + CaLM,5,0.09,0.9666666666666668,1.0,22,5,3,2
DNAI1,ESM-2 150M + 650M,1,0.0,0.9523809523809524,1.0,13,4,2,2
DNAI1,ESM-2 150M + 650M,2,0.0,0.9285714285714286,1.0,13,4,2,2
DNAI1,ESM-2 150M + 650M,3,0.0,1.0,0.5,14,3,1,2
DNAI1,ESM-2 150M + 650M,4,0.0,0.9591836734693876,1.0,14,3,2,1
DNAI1,ESM-2 150M + 650M,5,0.0,0.9387755102040816,1.0,14,3,2,1
DNAI1,ESM-2 650M + ESM-1b 650M,1,0.56,0.9523809523809524,1.0,13,4,2,2
DNAI1,ESM-2 650M + ESM-1b 650M,2,0.56,0.9523809523809524,1.0,13,4,2,2
DNAI1,ESM-2 650M + ESM-1b 650M,3,0.01,1.0,0.5,14,3,1,2
DNAI1,ESM-2 650M + ESM-1b 650M,4,0.49,0.979591836734694,1.0,14,3,2,1
DNAI1,ESM-2 650M + ESM-1b 650M,5,0.56,0.9591836734693876,1.0,14,3,2,1
DNAI1,ESM-2 650M + CaLM,1,0.72,0.9523809523809524,0.75,13,4,2,2
DNAI1,ESM-2 650M + CaLM,2,0.0,0.9047619047619048,1.0,13,4,2,2
DNAI1,ESM-2 650M + CaLM,3,0.01,1.0,0.5,14,3,1,2
DNAI1,ESM-2 650M + CaLM,4,0.72,0.9183673469387756,1.0,14,3,2,1
DNAI1,ESM-2 650M + CaLM,5,0.72,0.8979591836734694,1.0,14,3,2,1
DNAI1,ESM-2 150M + CaLM,1,0.0,0.9523809523809524,1.0,13,4,2,2
DNAI1,ESM-2 150M + CaLM,2,0.0,1.0,1.0,13,4,2,2
DNAI1,ESM-2 150M + CaLM,3,0.0,0.9375,1.0,14,3,1,2
DNAI1,ESM-2 150M + CaLM,4,0.44,0.979591836734694,1.0,14,3,2,1
DNAI1,ESM-2 150M + CaLM,5,0.0,0.9591836734693876,1.0,14,3,2,1
DNAI1,ESM-1b 650M + CaLM,1,0.25,0.9523809523809524,1.0,13,4,2,2
DNAI1,ESM-1b 650M + CaLM,2,0.25,1.0,0.75,13,4,2,2
DNAI1,ESM-1b 650M + CaLM,3,0.25,0.9583333333333334,1.0,14,3,1,2
DNAI1,ESM-1b 650M + CaLM,4,0.0,0.979591836734694,0.5,14,3,2,1
DNAI1,ESM-1b 650M + CaLM,5,0.25,0.9591836734693876,1.0,14,3,2,1
DNM1,ESM-2 150M + 650M,1,0.99,0.8022959183673469,0.6964285714285714,56,15,7,8
DNM1,ESM-2 150M + 650M,2,0.99,0.8435960591133005,0.5102040816326531,57,14,7,7
DNM1,ESM-2 150M + 650M,3,0.99,0.7401477832512315,1.0,57,14,7,7
DNM1,ESM-2 150M + 650M,4,0.99,0.7820197044334976,0.7959183673469388,57,14,7,7
DNM1,ESM-2 150M + 650M,5,0.99,0.7647783251231527,0.8775510204081632,57,14,7,7
DNM1,ESM-2 650M + ESM-1b 650M,1,0.78,0.8469387755102041,0.8928571428571429,56,15,7,8
DNM1,ESM-2 650M + ESM-1b 650M,2,0.61,0.8620689655172413,0.7755102040816326,57,14,7,7
DNM1,ESM-2 650M + ESM-1b 650M,3,0.78,0.8571428571428571,0.7959183673469388,57,14,7,7
DNM1,ESM-2 650M + ESM-1b 650M,4,0.61,0.8694581280788177,0.8163265306122449,57,14,7,7
DNM1,ESM-2 650M + ESM-1b 650M,5,0.59,0.8559113300492611,0.8163265306122449,57,14,7,7
DNM1,ESM-2 650M + CaLM,1,0.65,0.7729591836734694,0.9821428571428572,56,15,7,8
DNM1,ESM-2 650M + CaLM,2,0.68,0.8004926108374384,0.8979591836734694,57,14,7,7
DNM1,ESM-2 650M + CaLM,3,0.34,0.8238916256157636,0.7346938775510204,57,14,7,7
DNM1,ESM-2 650M + CaLM,4,0.68,0.8288177339901478,0.7755102040816326,57,14,7,7
DNM1,ESM-2 650M + CaLM,5,0.64,0.8694581280788177,0.6122448979591837,57,14,7,7
DNM1,ESM-2 150M + CaLM,1,0.71,0.8443877551020408,0.5,56,15,7,8
DNM1,ESM-2 150M + CaLM,2,1.0,0.7869458128078818,0.7551020408163265,57,14,7,7
DNM1,ESM-2 150M + CaLM,3,0.98,0.7635467980295566,0.8571428571428571,57,14,7,7
DNM1,ESM-2 150M + CaLM,4,0.96,0.7610837438423645,0.8163265306122449,57,14,7,7
DNM1,ESM-2 150M + CaLM,5,1.0,0.7487684729064039,0.9387755102040816,57,14,7,7
DNM1,ESM-1b 650M + CaLM,1,0.43,0.8724489795918368,0.8035714285714286,56,15,7,8
DNM1,ESM-1b 650M + CaLM,2,0.15,0.896551724137931,0.7551020408163265,57,14,7,7
DNM1,ESM-1b 650M + CaLM,3,0.43,0.854679802955665,0.8775510204081632,57,14,7,7
DNM1,ESM-1b 650M + CaLM,4,0.15,0.8559113300492611,0.8979591836734694,57,14,7,7
DNM1,ESM-1b 650M + CaLM,5,0.13,0.8349753694581281,0.9591836734693876,57,14,7,7
DNM2,ESM-2 150M + 650M,1,0.58,0.5126050420168067,0.4,24,7,5,2
DNM2,ESM-2 150M + 650M,2,0.95,0.6111111111111112,0.25,25,6,4,2
DNM2,ESM-2 150M + 650M,3,0.25,0.5873015873015873,0.0,25,6,4,2
DNM2,ESM-2 150M + 650M,4,0.98,0.3809523809523809,1.0,25,6,4,2
DNM2,ESM-2 150M + 650M,5,0.98,0.4926470588235294,0.8,25,6,5,1
DNM2,ESM-2 650M + ESM-1b 650M,1,0.99,0.9159663865546218,0.7,24,7,5,2
DNM2,ESM-2 650M + ESM-1b 650M,2,0.99,0.8253968253968254,1.0,25,6,4,2
DNM2,ESM-2 650M + ESM-1b 650M,3,0.95,0.7936507936507936,1.0,25,6,4,2
DNM2,ESM-2 650M + ESM-1b 650M,4,0.99,0.8253968253968254,0.875,25,6,4,2
DNM2,ESM-2 650M + ESM-1b 650M,5,0.95,0.8823529411764706,0.6,25,6,5,1
DNM2,ESM-2 650M + CaLM,1,0.46,0.5630252100840336,0.4,24,7,5,2
DNM2,ESM-2 650M + CaLM,2,0.65,0.4603174603174603,0.75,25,6,4,2
DNM2,ESM-2 650M + CaLM,3,0.71,0.4682539682539682,0.75,25,6,4,2
DNM2,ESM-2 650M + CaLM,4,0.0,0.6428571428571429,0.0,25,6,4,2
DNM2,ESM-2 650M + CaLM,5,0.41,0.5735294117647058,0.0,25,6,5,1
DNM2,ESM-2 150M + CaLM,1,0.03,0.4285714285714285,0.4,24,7,5,2
DNM2,ESM-2 150M + CaLM,2,0.96,0.5396825396825397,0.25,25,6,4,2
DNM2,ESM-2 150M + CaLM,3,0.96,0.5317460317460317,0.25,25,6,4,2
DNM2,ESM-2 150M + CaLM,4,0.96,0.4603174603174603,0.5,25,6,4,2
DNM2,ESM-2 150M + CaLM,5,0.96,0.4191176470588235,0.8,25,6,5,1
DNM2,ESM-1b 650M + CaLM,1,0.0,0.8151260504201681,1.0,24,7,5,2
DNM2,ESM-1b 650M + CaLM,2,0.0,0.7936507936507936,1.0,25,6,4,2
DNM2,ESM-1b 650M + CaLM,3,0.0,0.8650793650793651,0.75,25,6,4,2
DNM2,ESM-1b 650M + CaLM,4,0.0,0.9285714285714286,0.625,25,6,4,2
DNM2,ESM-1b 650M + CaLM,5,0.0,0.8455882352941176,1.0,25,6,5,1
DOK7,ESM-2 150M + 650M,1,0.93,0.7916666666666666,1.0,18,5,1,4
DOK7,ESM-2 150M + 650M,2,0.93,0.8923076923076924,0.5,18,5,2,3
DOK7,ESM-2 150M + 650M,3,0.93,0.8,1.0,18,5,2,3
DOK7,ESM-2 150M + 650M,4,0.65,0.8974358974358975,0.3333333333333333,19,4,1,3
DOK7,ESM-2 150M + 650M,5,0.93,0.8076923076923077,1.0,19,4,1,3
DOK7,ESM-2 650M + ESM-1b 650M,1,0.43,1.0,0.75,18,5,1,4
DOK7,ESM-2 650M + ESM-1b 650M,2,0.54,0.9846153846153848,1.0,18,5,2,3
DOK7,ESM-2 650M + ESM-1b 650M,3,0.54,0.953846153846154,1.0,18,5,2,3
DOK7,ESM-2 650M + ESM-1b 650M,4,0.54,0.9615384615384616,1.0,19,4,1,3
DOK7,ESM-2 650M + ESM-1b 650M,5,0.54,0.9743589743589745,1.0,19,4,1,3
DOK7,ESM-2 650M + CaLM,1,0.0,0.7916666666666666,1.0,18,5,1,4
DOK7,ESM-2 650M + CaLM,2,0.0,0.8461538461538461,0.8333333333333334,18,5,2,3
DOK7,ESM-2 650M + CaLM,3,0.0,0.9230769230769232,0.5,18,5,2,3
DOK7,ESM-2 650M + CaLM,4,0.0,0.8205128205128205,1.0,19,4,1,3
DOK7,ESM-2 650M + CaLM,5,0.0,0.8205128205128205,1.0,19,4,1,3
DOK7,ESM-2 150M + CaLM,1,0.0,0.5694444444444444,0.5,18,5,1,4
DOK7,ESM-2 150M + CaLM,2,0.0,0.5384615384615384,0.5,18,5,2,3
DOK7,ESM-2 150M + CaLM,3,0.0,0.4307692307692308,0.8333333333333334,18,5,2,3
DOK7,ESM-2 150M + CaLM,4,0.0,0.4615384615384615,1.0,19,4,1,3
DOK7,ESM-2 150M + CaLM,5,0.0,0.6410256410256411,0.0,19,4,1,3
DOK7,ESM-1b 650M + CaLM,1,0.0,0.875,1.0,18,5,1,4
DOK7,ESM-1b 650M + CaLM,2,0.0,0.9076923076923076,1.0,18,5,2,3
DOK7,ESM-1b 650M + CaLM,3,0.09,0.9692307692307692,0.6666666666666666,18,5,2,3
DOK7,ESM-1b 650M + CaLM,4,0.0,0.8974358974358975,1.0,19,4,1,3
DOK7,ESM-1b 650M + CaLM,5,0.0,0.9743589743589745,0.6666666666666666,19,4,1,3
DPF2,ESM-2 150M + 650M,1,0.11,1.0,1.0,16,4,2,2
DPF2,ESM-2 150M + 650M,2,0.0,1.0,0.75,16,4,2,2
DPF2,ESM-2 150M + 650M,3,0.11,1.0,1.0,16,4,2,2
DPF2,ESM-2 150M + 650M,4,0.11,1.0,1.0,16,4,2,2
DPF2,ESM-2 150M + 650M,5,0.11,1.0,1.0,16,4,3,1
DPF2,ESM-2 650M + ESM-1b 650M,1,0.0,1.0,1.0,16,4,2,2
DPF2,ESM-2 650M + ESM-1b 650M,2,0.0,1.0,1.0,16,4,2,2
DPF2,ESM-2 650M + ESM-1b 650M,3,0.0,1.0,1.0,16,4,2,2
DPF2,ESM-2 650M + ESM-1b 650M,4,0.0,1.0,1.0,16,4,2,2
DPF2,ESM-2 650M + ESM-1b 650M,5,0.0,1.0,1.0,16,4,3,1
DPF2,ESM-2 650M + CaLM,1,0.0,1.0,1.0,16,4,2,2
DPF2,ESM-2 650M + CaLM,2,0.0,1.0,1.0,16,4,2,2
DPF2,ESM-2 650M + CaLM,3,0.0,1.0,1.0,16,4,2,2
DPF2,ESM-2 650M + CaLM,4,0.0,1.0,1.0,16,4,2,2
DPF2,ESM-2 650M + CaLM,5,0.0,1.0,1.0,16,4,3,1
DPF2,ESM-2 150M + CaLM,1,0.13,1.0,1.0,16,4,2,2
DPF2,ESM-2 150M + CaLM,2,0.13,1.0,1.0,16,4,2,2
DPF2,ESM-2 150M + CaLM,3,0.13,1.0,1.0,16,4,2,2
DPF2,ESM-2 150M + CaLM,4,0.0,1.0,0.75,16,4,2,2
DPF2,ESM-2 150M + CaLM,5,0.13,1.0,1.0,16,4,3,1
DPF2,ESM-1b 650M + CaLM,1,0.2,1.0,1.0,16,4,2,2
DPF2,ESM-1b 650M + CaLM,2,0.2,1.0,1.0,16,4,2,2
DPF2,ESM-1b 650M + CaLM,3,0.0,1.0,1.0,16,4,2,2
DPF2,ESM-1b 650M + CaLM,4,0.0,1.0,1.0,16,4,2,2
DPF2,ESM-1b 650M + CaLM,5,0.2,1.0,1.0,16,4,3,1
DYRK1A,ESM-2 150M + 650M,1,0.96,0.9154135338345863,0.8714285714285714,75,19,5,14
DYRK1A,ESM-2 150M + 650M,2,0.96,0.9417293233082706,0.8571428571428571,75,19,5,14
DYRK1A,ESM-2 150M + 650M,3,0.97,0.8890977443609023,1.0,75,19,5,14
DYRK1A,ESM-2 150M + 650M,4,0.97,0.9238721804511278,0.9,75,19,5,14
DYRK1A,ESM-2 150M + 650M,5,0.97,0.9107142857142856,0.9642857142857144,76,18,4,14
DYRK1A,ESM-2 650M + ESM-1b 650M,1,0.5700000000000001,0.9699248120300752,0.9428571428571428,75,19,5,14
DYRK1A,ESM-2 650M + ESM-1b 650M,2,0.5700000000000001,0.9614661654135338,1.0,75,19,5,14
DYRK1A,ESM-2 650M + ESM-1b 650M,3,0.39,0.975563909774436,0.9,75,19,5,14
DYRK1A,ESM-2 650M + ESM-1b 650M,4,0.56,0.9511278195488722,1.0,75,19,5,14
DYRK1A,ESM-2 650M + ESM-1b 650M,5,0.51,0.9696428571428573,0.9464285714285714,76,18,4,14
DYRK1A,ESM-2 650M + CaLM,1,0.08,0.912593984962406,0.9,75,19,5,14
DYRK1A,ESM-2 650M + CaLM,2,0.14,0.9116541353383458,0.9285714285714286,75,19,5,14
DYRK1A,ESM-2 650M + CaLM,3,0.0,0.912593984962406,0.9142857142857144,75,19,5,14
DYRK1A,ESM-2 650M + CaLM,4,0.0,0.93703007518797,0.8142857142857143,75,19,5,14
DYRK1A,ESM-2 650M + CaLM,5,0.0,0.9071428571428573,0.9642857142857144,76,18,4,14
DYRK1A,ESM-2 150M + CaLM,1,0.6,0.893796992481203,0.8428571428571429,75,19,5,14
DYRK1A,ESM-2 150M + CaLM,2,0.0,0.8984962406015038,0.8,75,19,5,14
DYRK1A,ESM-2 150M + CaLM,3,0.01,0.8674812030075187,0.9571428571428572,75,19,5,14
DYRK1A,ESM-2 150M + CaLM,4,0.15,0.8787593984962406,0.9,75,19,5,14
DYRK1A,ESM-2 150M + CaLM,5,0.66,0.9008928571428572,0.7857142857142857,76,18,4,14
DYRK1A,ESM-1b 650M + CaLM,1,0.35,0.9389097744360902,0.9857142857142858,75,19,5,14
DYRK1A,ESM-1b 650M + CaLM,2,0.42,0.9407894736842104,0.9714285714285714,75,19,5,14
DYRK1A,ESM-1b 650M + CaLM,3,0.51,0.962406015037594,0.8285714285714286,75,19,5,14
DYRK1A,ESM-1b 650M + CaLM,4,0.42,0.9454887218045112,0.9285714285714286,75,19,5,14
DYRK1A,ESM-1b 650M + CaLM,5,0.47,0.9464285714285714,0.9464285714285714,76,18,4,14
EBF3,ESM-2 150M + 650M,1,0.26,0.59375,0.5,28,7,6,1
EBF3,ESM-2 150M + 650M,2,0.0,0.5208333333333334,1.0,28,7,6,1
EBF3,ESM-2 150M + 650M,3,0.11,0.5208333333333334,0.8333333333333334,28,7,6,1
EBF3,ESM-2 150M + 650M,4,0.11,0.6770833333333334,0.1666666666666666,28,7,6,1
EBF3,ESM-2 150M + 650M,5,0.11,0.6041666666666666,0.3333333333333333,28,7,6,1
EBF3,ESM-2 650M + ESM-1b 650M,1,0.14,0.9270833333333334,0.0,28,7,6,1
EBF3,ESM-2 650M + ESM-1b 650M,2,0.99,0.90625,0.1666666666666666,28,7,6,1
EBF3,ESM-2 650M + ESM-1b 650M,3,0.99,0.7916666666666666,1.0,28,7,6,1
EBF3,ESM-2 650M + ESM-1b 650M,4,0.99,0.75,1.0,28,7,6,1
EBF3,ESM-2 650M + ESM-1b 650M,5,0.99,0.78125,1.0,28,7,6,1
EBF3,ESM-2 650M + CaLM,1,0.0,0.5520833333333334,0.6666666666666666,28,7,6,1
EBF3,ESM-2 650M + CaLM,2,0.87,0.71875,0.3333333333333333,28,7,6,1
EBF3,ESM-2 650M + CaLM,3,0.99,0.6875,0.1666666666666666,28,7,6,1
EBF3,ESM-2 650M + CaLM,4,0.92,0.6041666666666666,0.3333333333333333,28,7,6,1
EBF3,ESM-2 650M + CaLM,5,0.0,0.6979166666666666,0.0,28,7,6,1
EBF3,ESM-2 150M + CaLM,1,0.0,0.6875,0.0,28,7,6,1
EBF3,ESM-2 150M + CaLM,2,0.91,0.625,0.3333333333333333,28,7,6,1
EBF3,ESM-2 150M + CaLM,3,0.0,0.59375,0.1666666666666666,28,7,6,1
EBF3,ESM-2 150M + CaLM,4,0.77,0.6770833333333334,0.6666666666666666,28,7,6,1
EBF3,ESM-2 150M + CaLM,5,0.76,0.7291666666666666,0.1666666666666666,28,7,6,1
EBF3,ESM-1b 650M + CaLM,1,0.44,0.9375,0.3333333333333333,28,7,6,1
EBF3,ESM-1b 650M + CaLM,2,0.0,0.8958333333333334,0.5,28,7,6,1
EBF3,ESM-1b 650M + CaLM,3,0.5700000000000001,0.8020833333333334,1.0,28,7,6,1
EBF3,ESM-1b 650M + CaLM,4,0.21,0.7916666666666666,1.0,28,7,6,1
EBF3,ESM-1b 650M + CaLM,5,0.78,0.8541666666666666,0.8333333333333334,28,7,6,1
ECEL1,ESM-2 150M + 650M,1,0.0,1.0,1.0,15,4,2,2
ECEL1,ESM-2 150M + 650M,2,0.0,1.0,1.0,15,4,2,2
ECEL1,ESM-2 150M + 650M,3,0.0,1.0,1.0,15,4,2,2
ECEL1,ESM-2 150M + 650M,4,0.0,1.0,1.0,15,4,2,2
ECEL1,ESM-2 150M + 650M,5,0.0,1.0,1.0,16,3,2,1
ECEL1,ESM-2 650M + ESM-1b 650M,1,0.27,0.9821428571428572,1.0,15,4,2,2
ECEL1,ESM-2 650M + ESM-1b 650M,2,0.27,0.9821428571428572,1.0,15,4,2,2
ECEL1,ESM-2 650M + ESM-1b 650M,3,0.27,0.9821428571428572,1.0,15,4,2,2
ECEL1,ESM-2 650M + ESM-1b 650M,4,0.08,0.9821428571428572,1.0,15,4,2,2
ECEL1,ESM-2 650M + ESM-1b 650M,5,0.0,1.0,0.5,16,3,2,1
ECEL1,ESM-2 650M + CaLM,1,0.0,0.9464285714285714,1.0,15,4,2,2
ECEL1,ESM-2 650M + CaLM,2,0.0,0.9464285714285714,1.0,15,4,2,2
ECEL1,ESM-2 650M + CaLM,3,0.0,1.0,0.75,15,4,2,2
ECEL1,ESM-2 650M + CaLM,4,0.0,0.9285714285714286,1.0,15,4,2,2
ECEL1,ESM-2 650M + CaLM,5,0.0,0.953125,1.0,16,3,2,1
ECEL1,ESM-2 150M + CaLM,1,0.0,1.0,1.0,15,4,2,2
ECEL1,ESM-2 150M + CaLM,2,0.0,1.0,1.0,15,4,2,2
ECEL1,ESM-2 150M + CaLM,3,0.0,1.0,1.0,15,4,2,2
ECEL1,ESM-2 150M + CaLM,4,0.0,1.0,1.0,15,4,2,2
ECEL1,ESM-2 150M + CaLM,5,0.0,1.0,1.0,16,3,2,1
ECEL1,ESM-1b 650M + CaLM,1,0.67,1.0,0.5,15,4,2,2
ECEL1,ESM-1b 650M + CaLM,2,0.19,0.8928571428571429,1.0,15,4,2,2
ECEL1,ESM-1b 650M + CaLM,3,0.32,0.9285714285714286,1.0,15,4,2,2
ECEL1,ESM-1b 650M + CaLM,4,0.0,0.9107142857142856,1.0,15,4,2,2
ECEL1,ESM-1b 650M + CaLM,5,0.52,0.90625,1.0,16,3,2,1
EDA,ESM-2 150M + 650M,1,0.3,0.8415686274509804,0.7894736842105263,92,24,19,5
EDA,ESM-2 150M + 650M,2,0.28,0.7794117647058824,0.9666666666666668,93,23,18,5
EDA,ESM-2 150M + 650M,3,0.41,0.8422222222222222,0.7763157894736842,93,23,19,4
EDA,ESM-2 150M + 650M,4,0.38,0.86,0.6447368421052632,93,23,19,4
EDA,ESM-2 150M + 650M,5,0.3,0.8274074074074074,0.881578947368421,93,23,19,4
EDA,ESM-2 650M + ESM-1b 650M,1,0.61,0.84,0.8,92,24,19,5
EDA,ESM-2 650M + ESM-1b 650M,2,0.8300000000000001,0.8544891640866873,0.7,93,23,18,5
EDA,ESM-2 650M + ESM-1b 650M,3,0.7000000000000001,0.8444444444444444,0.7763157894736842,93,23,19,4
EDA,ESM-2 650M + ESM-1b 650M,4,0.63,0.8051851851851852,0.9210526315789472,93,23,19,4
EDA,ESM-2 650M + ESM-1b 650M,5,0.71,0.8355555555555556,0.868421052631579,93,23,19,4
EDA,ESM-2 650M + CaLM,1,0.34,0.8423529411764706,0.6526315789473685,92,24,19,5
EDA,ESM-2 650M + CaLM,2,0.62,0.7794117647058824,0.9,93,23,18,5
EDA,ESM-2 650M + CaLM,3,0.45,0.7925925925925926,0.8552631578947368,93,23,19,4
EDA,ESM-2 650M + CaLM,4,0.45,0.7785185185185185,0.881578947368421,93,23,19,4
EDA,ESM-2 650M + CaLM,5,0.66,0.8496296296296296,0.5526315789473685,93,23,19,4
EDA,ESM-2 150M + CaLM,1,0.23,0.8384313725490196,0.7157894736842105,92,24,19,5
EDA,ESM-2 150M + CaLM,2,0.16,0.8034055727554179,0.7777777777777778,93,23,18,5
EDA,ESM-2 150M + CaLM,3,0.23,0.7992592592592592,0.8421052631578947,93,23,19,4
EDA,ESM-2 150M + CaLM,4,0.21,0.7918518518518518,0.8947368421052632,93,23,19,4
EDA,ESM-2 150M + CaLM,5,0.35,0.8207407407407408,0.75,93,23,19,4
EDA,ESM-1b 650M + CaLM,1,0.49,0.8611764705882353,0.7684210526315789,92,24,19,5
EDA,ESM-1b 650M + CaLM,2,0.6,0.8320433436532507,0.8555555555555555,93,23,18,5
EDA,ESM-1b 650M + CaLM,3,0.23,0.8140740740740741,0.9078947368421052,93,23,19,4
EDA,ESM-1b 650M + CaLM,4,0.47,0.8118518518518518,0.9078947368421052,93,23,19,4
EDA,ESM-1b 650M + CaLM,5,0.3,0.8777777777777778,0.618421052631579,93,23,19,4
EDAR,ESM-2 150M + 650M,1,0.24,0.7894736842105263,1.0,23,6,5,1
EDAR,ESM-2 150M + 650M,2,0.23,0.9210526315789472,0.4,23,6,5,1
EDAR,ESM-2 150M + 650M,3,0.24,0.8421052631578947,1.0,23,6,5,1
EDAR,ESM-2 150M + 650M,4,0.63,0.8421052631578947,0.6,23,6,5,1
EDAR,ESM-2 150M + 650M,5,0.37,0.8875,0.75,24,5,4,1
EDAR,ESM-2 650M + ESM-1b 650M,1,0.16,0.8552631578947368,0.4,23,6,5,1
EDAR,ESM-2 650M + ESM-1b 650M,2,0.16,0.7236842105263158,1.0,23,6,5,1
EDAR,ESM-2 650M + ESM-1b 650M,3,0.16,0.75,1.0,23,6,5,1
EDAR,ESM-2 650M + ESM-1b 650M,4,0.05,0.8026315789473685,0.6,23,6,5,1
EDAR,ESM-2 650M + ESM-1b 650M,5,0.34,0.9125,0.0,24,5,4,1
EDAR,ESM-2 650M + CaLM,1,0.0,0.8157894736842105,0.6,23,6,5,1
EDAR,ESM-2 650M + CaLM,2,0.0,0.7894736842105263,0.6,23,6,5,1
EDAR,ESM-2 650M + CaLM,3,0.7000000000000001,0.7894736842105263,0.4,23,6,5,1
EDAR,ESM-2 650M + CaLM,4,0.56,0.7894736842105263,0.8,23,6,5,1
EDAR,ESM-2 650M + CaLM,5,0.75,0.75,0.75,24,5,4,1
EDAR,ESM-2 150M + CaLM,1,0.12,0.8552631578947368,0.4,23,6,5,1
EDAR,ESM-2 150M + CaLM,2,0.12,0.8157894736842105,0.8,23,6,5,1
EDAR,ESM-2 150M + CaLM,3,0.0,0.7105263157894737,1.0,23,6,5,1
EDAR,ESM-2 150M + CaLM,4,0.39,0.8289473684210527,0.4,23,6,5,1
EDAR,ESM-2 150M + CaLM,5,0.12,0.75,1.0,24,5,4,1
EDAR,ESM-1b 650M + CaLM,1,0.75,0.6973684210526315,0.8,23,6,5,1
EDAR,ESM-1b 650M + CaLM,2,0.0,0.6578947368421053,1.0,23,6,5,1
EDAR,ESM-1b 650M + CaLM,3,0.66,0.7894736842105263,0.8,23,6,5,1
EDAR,ESM-1b 650M + CaLM,4,0.0,0.8947368421052632,0.0,23,6,5,1
EDAR,ESM-1b 650M + CaLM,5,0.95,0.675,0.5,24,5,4,1
EEF1A2,ESM-2 150M + 650M,1,0.98,0.75,0.6,27,7,5,2
EEF1A2,ESM-2 150M + 650M,2,0.98,0.6857142857142857,0.8,27,7,5,2
EEF1A2,ESM-2 150M + 650M,3,0.96,0.7,0.8,27,7,5,2
EEF1A2,ESM-2 150M + 650M,4,0.94,0.7357142857142858,0.6,27,7,5,2
EEF1A2,ESM-2 150M + 650M,5,0.98,0.69375,0.8,28,6,5,1
EEF1A2,ESM-2 650M + ESM-1b 650M,1,0.55,0.7785714285714286,0.9,27,7,5,2
EEF1A2,ESM-2 650M + ESM-1b 650M,2,0.32,0.7928571428571428,0.6,27,7,5,2
EEF1A2,ESM-2 650M + ESM-1b 650M,3,0.55,0.7214285714285714,1.0,27,7,5,2
EEF1A2,ESM-2 650M + ESM-1b 650M,4,0.37,0.8642857142857143,0.4,27,7,5,2
EEF1A2,ESM-2 650M + ESM-1b 650M,5,0.63,0.7875,0.8,28,6,5,1
EEF1A2,ESM-2 650M + CaLM,1,0.0,0.7214285714285714,0.7,27,7,5,2
EEF1A2,ESM-2 650M + CaLM,2,0.0,0.7214285714285714,0.7,27,7,5,2
EEF1A2,ESM-2 650M + CaLM,3,0.93,0.7928571428571428,0.3,27,7,5,2
EEF1A2,ESM-2 650M + CaLM,4,0.64,0.75,0.4,27,7,5,2
EEF1A2,ESM-2 650M + CaLM,5,0.0,0.7125,0.8,28,6,5,1
EEF1A2,ESM-2 150M + CaLM,1,0.91,0.8,0.3,27,7,5,2
EEF1A2,ESM-2 150M + CaLM,2,0.48,0.6,0.8,27,7,5,2
EEF1A2,ESM-2 150M + CaLM,3,0.73,0.6571428571428571,0.7,27,7,5,2
EEF1A2,ESM-2 150M + CaLM,4,0.95,0.5714285714285714,1.0,27,7,5,2
EEF1A2,ESM-2 150M + CaLM,5,0.95,0.7125,0.4,28,6,5,1
EEF1A2,ESM-1b 650M + CaLM,1,0.24,0.7071428571428572,0.7,27,7,5,2
EEF1A2,ESM-1b 650M + CaLM,2,0.38,0.8071428571428572,0.6,27,7,5,2
EEF1A2,ESM-1b 650M + CaLM,3,0.38,0.65,0.9,27,7,5,2
EEF1A2,ESM-1b 650M + CaLM,4,0.64,0.7571428571428571,0.5,27,7,5,2
EEF1A2,ESM-1b 650M + CaLM,5,0.38,0.7125,0.8,28,6,5,1
EFNB1,ESM-2 150M + 650M,1,0.0,1.0,1.0,14,4,2,2
EFNB1,ESM-2 150M + 650M,2,0.0,1.0,1.0,14,4,3,1
EFNB1,ESM-2 150M + 650M,3,0.0,1.0,1.0,14,4,3,1
EFNB1,ESM-2 150M + 650M,4,0.0,1.0,1.0,15,3,2,1
EFNB1,ESM-2 150M + 650M,5,0.0,1.0,1.0,15,3,2,1
EFNB1,ESM-2 650M + ESM-1b 650M,1,0.0,1.0,1.0,14,4,2,2
EFNB1,ESM-2 650M + ESM-1b 650M,2,0.0,1.0,1.0,14,4,3,1
EFNB1,ESM-2 650M + ESM-1b 650M,3,0.0,1.0,1.0,14,4,3,1
EFNB1,ESM-2 650M + ESM-1b 650M,4,0.0,1.0,1.0,15,3,2,1
EFNB1,ESM-2 650M + ESM-1b 650M,5,0.0,1.0,1.0,15,3,2,1
EFNB1,ESM-2 650M + CaLM,1,0.0,1.0,1.0,14,4,2,2
EFNB1,ESM-2 650M + CaLM,2,0.0,1.0,1.0,14,4,3,1
EFNB1,ESM-2 650M + CaLM,3,0.0,1.0,1.0,14,4,3,1
EFNB1,ESM-2 650M + CaLM,4,0.0,1.0,1.0,15,3,2,1
EFNB1,ESM-2 650M + CaLM,5,0.0,1.0,1.0,15,3,2,1
EFNB1,ESM-2 150M + CaLM,1,0.0,1.0,1.0,14,4,2,2
EFNB1,ESM-2 150M + CaLM,2,0.0,1.0,1.0,14,4,3,1
EFNB1,ESM-2 150M + CaLM,3,0.0,1.0,1.0,14,4,3,1
EFNB1,ESM-2 150M + CaLM,4,0.0,1.0,1.0,15,3,2,1
EFNB1,ESM-2 150M + CaLM,5,0.0,1.0,1.0,15,3,2,1
EFNB1,ESM-1b 650M + CaLM,1,0.0,1.0,1.0,14,4,2,2
EFNB1,ESM-1b 650M + CaLM,2,0.0,1.0,1.0,14,4,3,1
EFNB1,ESM-1b 650M + CaLM,3,0.0,1.0,1.0,14,4,3,1
EFNB1,ESM-1b 650M + CaLM,4,0.0,1.0,1.0,15,3,2,1
EFNB1,ESM-1b 650M + CaLM,5,0.0,1.0,1.0,15,3,2,1
EFTUD2,ESM-2 150M + 650M,1,0.0,0.9703703703703704,1.0,24,7,4,3
EFTUD2,ESM-2 150M + 650M,2,0.03,0.9722222222222222,1.0,25,6,3,3
EFTUD2,ESM-2 150M + 650M,3,0.03,0.9866666666666668,1.0,25,6,4,2
EFTUD2,ESM-2 150M + 650M,4,0.0,0.9933333333333332,0.875,25,6,4,2
EFTUD2,ESM-2 150M + 650M,5,0.31,1.0,1.0,25,6,4,2
EFTUD2,ESM-2 650M + ESM-1b 650M,1,0.61,1.0,1.0,24,7,4,3
EFTUD2,ESM-2 650M + ESM-1b 650M,2,0.0,1.0,0.6666666666666666,25,6,3,3
EFTUD2,ESM-2 650M + ESM-1b 650M,3,0.74,1.0,1.0,25,6,4,2
EFTUD2,ESM-2 650M + ESM-1b 650M,4,0.61,0.9933333333333332,1.0,25,6,4,2
EFTUD2,ESM-2 650M + ESM-1b 650M,5,0.61,0.9933333333333332,1.0,25,6,4,2
EFTUD2,ESM-2 650M + CaLM,1,0.0,0.9407407407407408,1.0,24,7,4,3
EFTUD2,ESM-2 650M + CaLM,2,0.0,0.9444444444444444,1.0,25,6,3,3
EFTUD2,ESM-2 650M + CaLM,3,0.0,0.9333333333333332,1.0,25,6,4,2
EFTUD2,ESM-2 650M + CaLM,4,0.0,1.0,0.75,25,6,4,2
EFTUD2,ESM-2 650M + CaLM,5,0.0,0.94,1.0,25,6,4,2
EFTUD2,ESM-2 150M + CaLM,1,0.0,0.9629629629629628,1.0,24,7,4,3
EFTUD2,ESM-2 150M + CaLM,2,0.0,0.9930555555555556,1.0,25,6,3,3
EFTUD2,ESM-2 150M + CaLM,3,0.0,0.9666666666666668,1.0,25,6,4,2
EFTUD2,ESM-2 150M + CaLM,4,0.0,0.9866666666666668,0.875,25,6,4,2
EFTUD2,ESM-2 150M + CaLM,5,0.44,0.9933333333333332,0.75,25,6,4,2
EFTUD2,ESM-1b 650M + CaLM,1,0.15,1.0,1.0,24,7,4,3
EFTUD2,ESM-1b 650M + CaLM,2,0.15,1.0,1.0,25,6,3,3
EFTUD2,ESM-1b 650M + CaLM,3,0.15,1.0,1.0,25,6,4,2
EFTUD2,ESM-1b 650M + CaLM,4,0.0,1.0,1.0,25,6,4,2
EFTUD2,ESM-1b 650M + CaLM,5,0.0,1.0,1.0,25,6,4,2
EIF2B5,ESM-2 150M + 650M,1,0.6900000000000001,1.0,1.0,28,8,6,2
EIF2B5,ESM-2 150M + 650M,2,0.6900000000000001,1.0,1.0,29,7,6,1
EIF2B5,ESM-2 150M + 650M,3,0.5,1.0,1.0,29,7,6,1
EIF2B5,ESM-2 150M + 650M,4,0.31,1.0,1.0,29,7,6,1
EIF2B5,ESM-2 150M + 650M,5,0.6900000000000001,1.0,1.0,29,7,6,1
EIF2B5,ESM-2 650M + ESM-1b 650M,1,0.0,1.0,1.0,28,8,6,2
EIF2B5,ESM-2 650M + ESM-1b 650M,2,0.0,1.0,1.0,29,7,6,1
EIF2B5,ESM-2 650M + ESM-1b 650M,3,0.0,1.0,1.0,29,7,6,1
EIF2B5,ESM-2 650M + ESM-1b 650M,4,0.0,1.0,1.0,29,7,6,1
EIF2B5,ESM-2 650M + ESM-1b 650M,5,0.0,1.0,1.0,29,7,6,1
EIF2B5,ESM-2 650M + CaLM,1,0.0,1.0,1.0,28,8,6,2
EIF2B5,ESM-2 650M + CaLM,2,0.0,1.0,1.0,29,7,6,1
EIF2B5,ESM-2 650M + CaLM,3,0.0,1.0,1.0,29,7,6,1
EIF2B5,ESM-2 650M + CaLM,4,0.0,1.0,1.0,29,7,6,1
EIF2B5,ESM-2 650M + CaLM,5,0.0,1.0,1.0,29,7,6,1
EIF2B5,ESM-2 150M + CaLM,1,0.23,0.9791666666666666,0.6666666666666666,28,8,6,2
EIF2B5,ESM-2 150M + CaLM,2,0.31,0.925,1.0,29,7,6,1
EIF2B5,ESM-2 150M + CaLM,3,0.1,0.9083333333333332,0.8333333333333334,29,7,6,1
EIF2B5,ESM-2 150M + CaLM,4,0.31,0.9,1.0,29,7,6,1
EIF2B5,ESM-2 150M + CaLM,5,0.23,0.9166666666666666,1.0,29,7,6,1
EIF2B5,ESM-1b 650M + CaLM,1,0.0,0.96875,0.75,28,8,6,2
EIF2B5,ESM-1b 650M + CaLM,2,0.29,0.9666666666666668,1.0,29,7,6,1
EIF2B5,ESM-1b 650M + CaLM,3,0.33,0.9833333333333332,0.8333333333333334,29,7,6,1
EIF2B5,ESM-1b 650M + CaLM,4,0.33,0.95,1.0,29,7,6,1
EIF2B5,ESM-1b 650M + CaLM,5,0.33,0.9666666666666668,1.0,29,7,6,1
ELAC2,ESM-2 150M + 650M,1,0.46,1.0,1.0,10,3,1,2
ELAC2,ESM-2 150M + 650M,2,0.24,1.0,1.0,10,3,1,2
ELAC2,ESM-2 150M + 650M,3,0.46,1.0,1.0,10,3,2,1
ELAC2,ESM-2 150M + 650M,4,0.46,1.0,1.0,11,2,1,1
ELAC2,ESM-2 150M + 650M,5,0.0,1.0,0.0,11,2,1,1
ELAC2,ESM-2 650M + ESM-1b 650M,1,0.0,1.0,1.0,10,3,1,2
ELAC2,ESM-2 650M + ESM-1b 650M,2,0.0,0.96,1.0,10,3,1,2
ELAC2,ESM-2 650M + ESM-1b 650M,3,0.0,1.0,1.0,10,3,2,1
ELAC2,ESM-2 650M + ESM-1b 650M,4,0.0,0.9666666666666668,1.0,11,2,1,1
ELAC2,ESM-2 650M + ESM-1b 650M,5,0.0,0.9666666666666668,1.0,11,2,1,1
ELAC2,ESM-2 650M + CaLM,1,0.0,0.96,1.0,10,3,1,2
ELAC2,ESM-2 650M + CaLM,2,0.0,1.0,1.0,10,3,1,2
ELAC2,ESM-2 650M + CaLM,3,0.0,0.9583333333333334,1.0,10,3,2,1
ELAC2,ESM-2 650M + CaLM,4,0.0,1.0,1.0,11,2,1,1
ELAC2,ESM-2 650M + CaLM,5,0.0,0.9666666666666668,1.0,11,2,1,1
ELAC2,ESM-2 150M + CaLM,1,0.31,1.0,1.0,10,3,1,2
ELAC2,ESM-2 150M + CaLM,2,0.11,0.92,1.0,10,3,1,2
ELAC2,ESM-2 150M + CaLM,3,0.31,0.9166666666666666,1.0,10,3,2,1
ELAC2,ESM-2 150M + CaLM,4,0.0,1.0,0.0,11,2,1,1
ELAC2,ESM-2 150M + CaLM,5,0.09,0.9,1.0,11,2,1,1
ELAC2,ESM-1b 650M + CaLM,1,0.0,1.0,1.0,10,3,1,2
ELAC2,ESM-1b 650M + CaLM,2,0.0,0.88,1.0,10,3,1,2
ELAC2,ESM-1b 650M + CaLM,3,0.0,0.9166666666666666,1.0,10,3,2,1
ELAC2,ESM-1b 650M + CaLM,4,0.75,0.9333333333333332,1.0,11,2,1,1
ELAC2,ESM-1b 650M + CaLM,5,0.0,0.8666666666666667,1.0,11,2,1,1
ELANE,ESM-2 150M + 650M,1,0.85,0.972972972972973,0.9444444444444444,42,11,9,2
ELANE,ESM-2 150M + 650M,2,0.98,0.9837837837837838,1.0,42,11,9,2
ELANE,ESM-2 150M + 650M,3,0.85,0.9675925925925926,1.0,42,11,10,1
ELANE,ESM-2 150M + 650M,4,0.85,0.9684684684684683,1.0,43,10,9,1
ELANE,ESM-2 150M + 650M,5,0.85,0.990990990990991,1.0,43,10,9,1
ELANE,ESM-2 650M + ESM-1b 650M,1,0.76,0.9837837837837838,1.0,42,11,9,2
ELANE,ESM-2 650M + ESM-1b 650M,2,0.65,0.9891891891891892,0.9444444444444444,42,11,9,2
ELANE,ESM-2 650M + ESM-1b 650M,3,0.27,0.9722222222222222,1.0,42,11,10,1
ELANE,ESM-2 650M + ESM-1b 650M,4,0.27,0.972972972972973,1.0,43,10,9,1
ELANE,ESM-2 650M + ESM-1b 650M,5,0.21,0.9954954954954957,0.8888888888888888,43,10,9,1
ELANE,ESM-2 650M + CaLM,1,0.03,0.9783783783783784,1.0,42,11,9,2
ELANE,ESM-2 650M + CaLM,2,0.0,0.972972972972973,1.0,42,11,9,2
ELANE,ESM-2 650M + CaLM,3,0.03,0.9722222222222222,1.0,42,11,10,1
ELANE,ESM-2 650M + CaLM,4,0.03,0.9684684684684683,1.0,43,10,9,1
ELANE,ESM-2 650M + CaLM,5,0.0,1.0,0.8888888888888888,43,10,9,1
ELANE,ESM-2 150M + CaLM,1,0.0,0.9783783783783784,0.6111111111111112,42,11,9,2
ELANE,ESM-2 150M + CaLM,2,0.19,0.8918918918918919,1.0,42,11,9,2
ELANE,ESM-2 150M + CaLM,3,0.16,0.9166666666666666,1.0,42,11,10,1
ELANE,ESM-2 150M + CaLM,4,0.0,0.90990990990991,1.0,43,10,9,1
ELANE,ESM-2 150M + CaLM,5,0.06,0.90990990990991,1.0,43,10,9,1
ELANE,ESM-1b 650M + CaLM,1,0.0,0.9783783783783784,0.9444444444444444,42,11,9,2
ELANE,ESM-1b 650M + CaLM,2,0.17,0.9567567567567568,0.8888888888888888,42,11,9,2
ELANE,ESM-1b 650M + CaLM,3,0.0,0.9583333333333334,1.0,42,11,10,1
ELANE,ESM-1b 650M + CaLM,4,0.0,0.954954954954955,1.0,43,10,9,1
ELANE,ESM-1b 650M + CaLM,5,0.1,0.9504504504504504,1.0,43,10,9,1
ELN,ESM-2 150M + 650M,1,0.3,0.4375,0.5,8,3,1,2
ELN,ESM-2 150M + 650M,2,0.0,0.75,0.0,9,2,1,1
ELN,ESM-2 150M + 650M,3,0.0,0.6,0.0,9,2,1,1
ELN,ESM-2 150M + 650M,4,0.0,0.5,1.0,9,2,1,1
ELN,ESM-2 150M + 650M,5,0.0,0.45,1.0,9,2,1,1
ELN,ESM-2 650M + ESM-1b 650M,1,0.16,0.6875,0.5,8,3,1,2
ELN,ESM-2 650M + ESM-1b 650M,2,0.91,0.75,1.0,9,2,1,1
ELN,ESM-2 650M + ESM-1b 650M,3,0.89,0.85,0.0,9,2,1,1
ELN,ESM-2 650M + ESM-1b 650M,4,0.91,0.7,1.0,9,2,1,1
ELN,ESM-2 650M + ESM-1b 650M,5,0.91,0.6,1.0,9,2,1,1
ELN,ESM-2 650M + CaLM,1,0.0,0.3125,0.5,8,3,1,2
ELN,ESM-2 650M + CaLM,2,0.97,0.75,0.0,9,2,1,1
ELN,ESM-2 650M + CaLM,3,0.97,0.55,0.0,9,2,1,1
ELN,ESM-2 650M + CaLM,4,0.12,0.5,0.0,9,2,1,1
ELN,ESM-2 650M + CaLM,5,0.12,0.55,0.0,9,2,1,1
ELN,ESM-2 150M + CaLM,1,0.26,0.625,0.5,8,3,1,2
ELN,ESM-2 150M + CaLM,2,0.26,0.5,1.0,9,2,1,1
ELN,ESM-2 150M + CaLM,3,0.0,0.5,1.0,9,2,1,1
ELN,ESM-2 150M + CaLM,4,0.26,0.6,1.0,9,2,1,1
ELN,ESM-2 150M + CaLM,5,0.0,0.65,0.0,9,2,1,1
ELN,ESM-1b 650M + CaLM,1,0.22,0.75,0.5,8,3,1,2
ELN,ESM-1b 650M + CaLM,2,0.46,0.8,0.0,9,2,1,1
ELN,ESM-1b 650M + CaLM,3,0.08,0.7,1.0,9,2,1,1
ELN,ESM-1b 650M + CaLM,4,0.08,0.7,1.0,9,2,1,1
ELN,ESM-1b 650M + CaLM,5,0.0,0.65,1.0,9,2,1,1
EMD,ESM-2 150M + 650M,1,0.71,0.90625,1.0,12,3,1,2
EMD,ESM-2 150M + 650M,2,0.0,0.96875,0.5,12,3,1,2
EMD,ESM-2 150M + 650M,3,0.71,0.90625,1.0,12,3,1,2
EMD,ESM-2 150M + 650M,4,0.71,0.90625,1.0,12,3,1,2
EMD,ESM-2 150M + 650M,5,0.71,1.0,0.5,12,3,1,2
EMD,ESM-2 650M + ESM-1b 650M,1,0.0,0.90625,1.0,12,3,1,2
EMD,ESM-2 650M + ESM-1b 650M,2,0.0,0.96875,0.5,12,3,1,2
EMD,ESM-2 650M + ESM-1b 650M,3,0.0,0.90625,1.0,12,3,1,2
EMD,ESM-2 650M + ESM-1b 650M,4,0.0,0.96875,0.5,12,3,1,2
EMD,ESM-2 650M + ESM-1b 650M,5,0.0,0.90625,1.0,12,3,1,2
EMD,ESM-2 650M + CaLM,1,0.47,1.0,1.0,12,3,1,2
EMD,ESM-2 650M + CaLM,2,0.8,1.0,1.0,12,3,1,2
EMD,ESM-2 650M + CaLM,3,0.47,0.96875,1.0,12,3,1,2
EMD,ESM-2 650M + CaLM,4,0.8,0.96875,1.0,12,3,1,2
EMD,ESM-2 650M + CaLM,5,0.8,0.96875,1.0,12,3,1,2
EMD,ESM-2 150M + CaLM,1,0.88,1.0,1.0,12,3,1,2
EMD,ESM-2 150M + CaLM,2,0.88,0.96875,1.0,12,3,1,2
EMD,ESM-2 150M + CaLM,3,0.88,0.96875,1.0,12,3,1,2
EMD,ESM-2 150M + CaLM,4,0.45,1.0,0.5,12,3,1,2
EMD,ESM-2 150M + CaLM,5,0.88,0.96875,1.0,12,3,1,2
EMD,ESM-1b 650M + CaLM,1,0.74,0.96875,1.0,12,3,1,2
EMD,ESM-1b 650M + CaLM,2,0.74,1.0,1.0,12,3,1,2
EMD,ESM-1b 650M + CaLM,3,0.47,0.96875,1.0,12,3,1,2
EMD,ESM-1b 650M + CaLM,4,0.47,1.0,1.0,12,3,1,2
EMD,ESM-1b 650M + CaLM,5,0.74,0.96875,1.0,12,3,1,2
ENG,ESM-2 150M + 650M,1,0.9,0.8354640151515151,0.7552447552447552,136,35,13,22
ENG,ESM-2 150M + 650M,2,0.99,0.8304730983302412,0.7613636363636364,137,34,12,22
ENG,ESM-2 150M + 650M,3,0.9,0.7996289424860853,0.8977272727272727,137,34,12,22
ENG,ESM-2 150M + 650M,4,0.98,0.8147031539888683,0.8636363636363636,137,34,12,22
ENG,ESM-2 150M + 650M,5,0.9,0.8167903525046383,0.8522727272727273,137,34,12,22
ENG,ESM-2 650M + ESM-1b 650M,1,0.01,0.7973484848484849,0.9090909090909092,136,35,13,22
ENG,ESM-2 650M + ESM-1b 650M,2,0.01,0.8047309833024119,0.9053030303030304,137,34,12,22
ENG,ESM-2 650M + ESM-1b 650M,3,0.01,0.8455473098330241,0.7575757575757576,137,34,12,22
ENG,ESM-2 650M + ESM-1b 650M,4,0.1,0.8323283858998145,0.7803030303030303,137,34,12,22
ENG,ESM-2 650M + ESM-1b 650M,5,0.27,0.8202690166975881,0.8068181818181818,137,34,12,22
ENG,ESM-2 650M + CaLM,1,0.5700000000000001,0.8598484848484849,0.8426573426573427,136,35,13,22
ENG,ESM-2 650M + CaLM,2,0.53,0.8801020408163265,0.7537878787878788,137,34,12,22
ENG,ESM-2 650M + CaLM,3,0.61,0.8687384044526901,0.8068181818181818,137,34,12,22
ENG,ESM-2 650M + CaLM,4,0.6,0.8455473098330241,0.8863636363636364,137,34,12,22
ENG,ESM-2 650M + CaLM,5,0.59,0.836038961038961,0.9583333333333334,137,34,12,22
ENG,ESM-2 150M + CaLM,1,0.63,0.7677556818181818,0.8356643356643356,136,35,13,22
ENG,ESM-2 150M + CaLM,2,0.74,0.7787569573283859,0.7537878787878788,137,34,12,22
ENG,ESM-2 150M + CaLM,3,0.68,0.7757421150278293,0.7954545454545454,137,34,12,22
ENG,ESM-2 150M + CaLM,4,0.74,0.775974025974026,0.7727272727272727,137,34,12,22
ENG,ESM-2 150M + CaLM,5,0.6900000000000001,0.8038033395176253,0.6666666666666666,137,34,12,22
ENG,ESM-1b 650M + CaLM,1,0.53,0.8184185606060606,0.8006993006993007,136,35,13,22
ENG,ESM-1b 650M + CaLM,2,0.72,0.8334879406307978,0.7424242424242424,137,34,12,22
ENG,ESM-1b 650M + CaLM,3,0.65,0.8293135435992579,0.7424242424242424,137,34,12,22
ENG,ESM-1b 650M + CaLM,4,0.5700000000000001,0.7942949907235621,0.9015151515151516,137,34,12,22
ENG,ESM-1b 650M + CaLM,5,0.51,0.812152133580705,0.8181818181818182,137,34,12,22
ENPP1,ESM-2 150M + 650M,1,0.0,1.0,1.0,14,4,2,2
ENPP1,ESM-2 150M + 650M,2,0.0,1.0,1.0,14,4,2,2
ENPP1,ESM-2 150M + 650M,3,0.0,1.0,1.0,14,4,2,2
ENPP1,ESM-2 150M + 650M,4,0.0,1.0,1.0,15,3,2,1
ENPP1,ESM-2 150M + 650M,5,0.0,1.0,1.0,15,3,2,1
ENPP1,ESM-2 650M + ESM-1b 650M,1,0.78,0.9791666666666666,1.0,14,4,2,2
ENPP1,ESM-2 650M + ESM-1b 650M,2,0.78,0.9791666666666666,1.0,14,4,2,2
ENPP1,ESM-2 650M + ESM-1b 650M,3,0.78,0.9791666666666666,1.0,14,4,2,2
ENPP1,ESM-2 650M + ESM-1b 650M,4,0.55,1.0,1.0,15,3,2,1
ENPP1,ESM-2 650M + ESM-1b 650M,5,0.06,1.0,0.5,15,3,2,1
ENPP1,ESM-2 650M + CaLM,1,0.63,0.9791666666666666,1.0,14,4,2,2
ENPP1,ESM-2 650M + CaLM,2,0.0,1.0,0.5,14,4,2,2
ENPP1,ESM-2 650M + CaLM,3,0.63,0.9791666666666666,1.0,14,4,2,2
ENPP1,ESM-2 650M + CaLM,4,0.33,0.9464285714285714,1.0,15,3,2,1
ENPP1,ESM-2 650M + CaLM,5,0.19,0.9464285714285714,1.0,15,3,2,1
ENPP1,ESM-2 150M + CaLM,1,0.0,1.0,1.0,14,4,2,2
ENPP1,ESM-2 150M + CaLM,2,0.0,1.0,1.0,14,4,2,2
ENPP1,ESM-2 150M + CaLM,3,0.0,1.0,1.0,14,4,2,2
ENPP1,ESM-2 150M + CaLM,4,0.0,1.0,1.0,15,3,2,1
ENPP1,ESM-2 150M + CaLM,5,0.0,1.0,1.0,15,3,2,1
ENPP1,ESM-1b 650M + CaLM,1,0.29,1.0,1.0,14,4,2,2
ENPP1,ESM-1b 650M + CaLM,2,0.0,1.0,1.0,14,4,2,2
ENPP1,ESM-1b 650M + CaLM,3,0.0,0.9791666666666666,1.0,14,4,2,2
ENPP1,ESM-1b 650M + CaLM,4,0.0,0.9821428571428572,1.0,15,3,2,1
ENPP1,ESM-1b 650M + CaLM,5,0.0,1.0,1.0,15,3,2,1
EPHB4,ESM-2 150M + 650M,1,0.85,0.9737609329446064,0.9487179487179488,63,16,3,13
EPHB4,ESM-2 150M + 650M,2,0.35,0.9927113702623906,0.717948717948718,63,16,3,13
EPHB4,ESM-2 150M + 650M,3,1.0,0.966153846153846,1.0,63,16,4,12
EPHB4,ESM-2 150M + 650M,4,0.67,0.9492307692307692,1.0,63,16,4,12
EPHB4,ESM-2 150M + 650M,5,0.67,0.9642857142857144,0.9722222222222222,64,15,3,12
EPHB4,ESM-2 650M + ESM-1b 650M,1,0.5,0.9825072886297376,0.9743589743589745,63,16,3,13
EPHB4,ESM-2 650M + ESM-1b 650M,2,0.5,0.9752186588921284,1.0,63,16,3,13
EPHB4,ESM-2 650M + ESM-1b 650M,3,0.16,0.9923076923076924,0.8541666666666666,63,16,4,12
EPHB4,ESM-2 650M + ESM-1b 650M,4,0.5,0.9861538461538462,0.9583333333333334,63,16,4,12
EPHB4,ESM-2 650M + ESM-1b 650M,5,0.5,0.9742857142857144,1.0,64,15,3,12
EPHB4,ESM-2 650M + CaLM,1,0.48,0.9927113702623906,0.9743589743589745,63,16,3,13
EPHB4,ESM-2 650M + CaLM,2,0.55,0.9839650145772596,1.0,63,16,3,13
EPHB4,ESM-2 650M + CaLM,3,0.5,0.9769230769230768,1.0,63,16,4,12
EPHB4,ESM-2 650M + CaLM,4,0.48,0.9846153846153848,1.0,63,16,4,12
EPHB4,ESM-2 650M + CaLM,5,0.42,0.9857142857142858,1.0,64,15,3,12
EPHB4,ESM-2 150M + CaLM,1,0.56,0.9518950437317784,1.0,63,16,3,13
EPHB4,ESM-2 150M + CaLM,2,0.59,0.9533527696793004,1.0,63,16,3,13
EPHB4,ESM-2 150M + CaLM,3,0.56,0.953846153846154,1.0,63,16,4,12
EPHB4,ESM-2 150M + CaLM,4,0.59,0.9876923076923076,0.8541666666666666,63,16,4,12
EPHB4,ESM-2 150M + CaLM,5,0.25,0.9671428571428572,0.8333333333333334,64,15,3,12
EPHB4,ESM-1b 650M + CaLM,1,0.34,0.9912536443148688,1.0,63,16,3,13
EPHB4,ESM-1b 650M + CaLM,2,0.41,1.0,0.9230769230769232,63,16,3,13
EPHB4,ESM-1b 650M + CaLM,3,0.31,0.9907692307692308,1.0,63,16,4,12
EPHB4,ESM-1b 650M + CaLM,4,0.41,0.9923076923076924,1.0,63,16,4,12
EPHB4,ESM-1b 650M + CaLM,5,0.34,0.9914285714285714,1.0,64,15,3,12
ERF,ESM-2 150M + 650M,1,0.9,0.8285714285714286,1.0,12,3,1,2
ERF,ESM-2 150M + 650M,2,0.0,0.8857142857142857,0.5,12,3,1,2
ERF,ESM-2 150M + 650M,3,0.9,0.8285714285714286,1.0,12,3,1,2
ERF,ESM-2 150M + 650M,4,0.9,0.9428571428571428,0.0,12,3,1,2
ERF,ESM-2 150M + 650M,5,0.9,0.75,1.0,12,3,2,1
ERF,ESM-2 650M + ESM-1b 650M,1,0.11,1.0,1.0,12,3,1,2
ERF,ESM-2 650M + ESM-1b 650M,2,0.11,1.0,1.0,12,3,1,2
ERF,ESM-2 650M + ESM-1b 650M,3,0.1,1.0,1.0,12,3,1,2
ERF,ESM-2 650M + ESM-1b 650M,4,0.11,1.0,1.0,12,3,1,2
ERF,ESM-2 650M + ESM-1b 650M,5,0.1,1.0,1.0,12,3,2,1
ERF,ESM-2 650M + CaLM,1,0.02,0.9714285714285714,0.0,12,3,1,2
ERF,ESM-2 650M + CaLM,2,0.64,0.8857142857142857,1.0,12,3,1,2
ERF,ESM-2 650M + CaLM,3,0.49,0.9428571428571428,1.0,12,3,1,2
ERF,ESM-2 650M + CaLM,4,0.64,0.9428571428571428,1.0,12,3,1,2
ERF,ESM-2 650M + CaLM,5,0.64,0.875,1.0,12,3,2,1
ERF,ESM-2 150M + CaLM,1,0.79,0.9142857142857144,1.0,12,3,1,2
ERF,ESM-2 150M + CaLM,2,0.79,0.9142857142857144,1.0,12,3,1,2
ERF,ESM-2 150M + CaLM,3,0.35,0.9714285714285714,0.0,12,3,1,2
ERF,ESM-2 150M + CaLM,4,0.59,0.8571428571428571,1.0,12,3,1,2
ERF,ESM-2 150M + CaLM,5,0.87,0.875,1.0,12,3,2,1
ERF,ESM-1b 650M + CaLM,1,0.0,1.0,1.0,12,3,1,2
ERF,ESM-1b 650M + CaLM,2,0.0,1.0,1.0,12,3,1,2
ERF,ESM-1b 650M + CaLM,3,0.0,1.0,1.0,12,3,1,2
ERF,ESM-1b 650M + CaLM,4,0.0,1.0,1.0,12,3,1,2
ERF,ESM-1b 650M + CaLM,5,0.0,1.0,1.0,12,3,2,1
ETFDH,ESM-2 150M + 650M,1,0.34,1.0,0.3571428571428571,59,15,14,1
ETFDH,ESM-2 150M + 650M,2,0.92,0.9136363636363636,1.0,59,15,14,1
ETFDH,ESM-2 150M + 650M,3,0.92,0.9409090909090908,1.0,59,15,14,1
ETFDH,ESM-2 150M + 650M,4,0.92,0.9272727272727272,1.0,59,15,14,1
ETFDH,ESM-2 150M + 650M,5,0.92,0.9285714285714286,1.0,60,14,13,1
ETFDH,ESM-2 650M + ESM-1b 650M,1,0.99,0.9272727272727272,1.0,59,15,14,1
ETFDH,ESM-2 650M + ESM-1b 650M,2,0.0,1.0,0.5714285714285714,59,15,14,1
ETFDH,ESM-2 650M + ESM-1b 650M,3,0.99,0.9545454545454546,1.0,59,15,14,1
ETFDH,ESM-2 650M + ESM-1b 650M,4,0.99,0.9409090909090908,1.0,59,15,14,1
ETFDH,ESM-2 650M + ESM-1b 650M,5,0.97,0.9464285714285714,1.0,60,14,13,1
ETFDH,ESM-2 650M + CaLM,1,0.53,0.9545454545454546,1.0,59,15,14,1
ETFDH,ESM-2 650M + CaLM,2,0.71,0.9454545454545454,1.0,59,15,14,1
ETFDH,ESM-2 650M + CaLM,3,0.65,0.9409090909090908,1.0,59,15,14,1
ETFDH,ESM-2 650M + CaLM,4,0.0,1.0,0.8571428571428571,59,15,14,1
ETFDH,ESM-2 650M + CaLM,5,0.71,0.9464285714285714,1.0,60,14,13,1
ETFDH,ESM-2 150M + CaLM,1,0.6900000000000001,0.9181818181818182,0.8571428571428571,59,15,14,1
ETFDH,ESM-2 150M + CaLM,2,0.6900000000000001,0.9045454545454544,0.9285714285714286,59,15,14,1
ETFDH,ESM-2 150M + CaLM,3,0.31,0.95,0.5714285714285714,59,15,14,1
ETFDH,ESM-2 150M + CaLM,4,0.84,0.9,1.0,59,15,14,1
ETFDH,ESM-2 150M + CaLM,5,0.6900000000000001,0.8794642857142857,1.0,60,14,13,1
ETFDH,ESM-1b 650M + CaLM,1,0.0,1.0,0.9285714285714286,59,15,14,1
ETFDH,ESM-1b 650M + CaLM,2,0.18,0.9454545454545454,1.0,59,15,14,1
ETFDH,ESM-1b 650M + CaLM,3,0.22,0.9636363636363636,1.0,59,15,14,1
ETFDH,ESM-1b 650M + CaLM,4,0.22,0.9454545454545454,1.0,59,15,14,1
ETFDH,ESM-1b 650M + CaLM,5,0.68,0.9598214285714286,0.9230769230769232,60,14,13,1
EXT1,ESM-2 150M + 650M,1,0.0,1.0,1.0,32,8,5,3
EXT1,ESM-2 150M + 650M,2,0.04,1.0,1.0,32,8,6,2
EXT1,ESM-2 150M + 650M,3,0.0,1.0,1.0,32,8,6,2
EXT1,ESM-2 150M + 650M,4,0.04,1.0,1.0,32,8,6,2
EXT1,ESM-2 150M + 650M,5,0.04,1.0,1.0,32,8,6,2
EXT1,ESM-2 650M + ESM-1b 650M,1,0.0,1.0,1.0,32,8,5,3
EXT1,ESM-2 650M + ESM-1b 650M,2,0.0,0.9951690821256038,1.0,32,8,6,2
EXT1,ESM-2 650M + ESM-1b 650M,3,0.11,1.0,1.0,32,8,6,2
EXT1,ESM-2 650M + ESM-1b 650M,4,0.11,0.9951690821256038,1.0,32,8,6,2
EXT1,ESM-2 650M + ESM-1b 650M,5,0.11,0.9951690821256038,1.0,32,8,6,2
EXT1,ESM-2 650M + CaLM,1,0.07,1.0,1.0,32,8,5,3
EXT1,ESM-2 650M + CaLM,2,0.0,1.0,1.0,32,8,6,2
EXT1,ESM-2 650M + CaLM,3,0.07,1.0,1.0,32,8,6,2
EXT1,ESM-2 650M + CaLM,4,0.07,1.0,1.0,32,8,6,2
EXT1,ESM-2 650M + CaLM,5,0.07,1.0,1.0,32,8,6,2
EXT1,ESM-2 150M + CaLM,1,0.06,1.0,1.0,32,8,5,3
EXT1,ESM-2 150M + CaLM,2,0.06,1.0,1.0,32,8,6,2
EXT1,ESM-2 150M + CaLM,3,0.06,1.0,1.0,32,8,6,2
EXT1,ESM-2 150M + CaLM,4,0.0,1.0,1.0,32,8,6,2
EXT1,ESM-2 150M + CaLM,5,0.0,1.0,1.0,32,8,6,2
EXT1,ESM-1b 650M + CaLM,1,0.28,1.0,1.0,32,8,5,3
EXT1,ESM-1b 650M + CaLM,2,0.49,0.9806763285024156,1.0,32,8,6,2
EXT1,ESM-1b 650M + CaLM,3,0.44,0.9855072463768116,1.0,32,8,6,2
EXT1,ESM-1b 650M + CaLM,4,0.49,0.9806763285024156,1.0,32,8,6,2
EXT1,ESM-1b 650M + CaLM,5,0.49,0.9806763285024156,1.0,32,8,6,2
EXT2,ESM-2 150M + 650M,1,0.2,0.9,1.0,21,6,3,3
EXT2,ESM-2 150M + 650M,2,0.2,0.9181818181818182,1.0,21,6,3,3
EXT2,ESM-2 150M + 650M,3,0.19,0.950413223140496,0.8333333333333334,22,5,2,3
EXT2,ESM-2 150M + 650M,4,0.3,0.950413223140496,0.8333333333333334,22,5,2,3
EXT2,ESM-2 150M + 650M,5,0.3,0.9333333333333332,1.0,22,5,3,2
EXT2,ESM-2 650M + ESM-1b 650M,1,0.8,0.9636363636363636,0.8888888888888888,21,6,3,3
EXT2,ESM-2 650M + ESM-1b 650M,2,0.95,0.9454545454545454,0.8888888888888888,21,6,3,3
EXT2,ESM-2 650M + ESM-1b 650M,3,0.95,0.9256198347107438,1.0,22,5,2,3
EXT2,ESM-2 650M + ESM-1b 650M,4,0.95,0.9338842975206612,1.0,22,5,2,3
EXT2,ESM-2 650M + ESM-1b 650M,5,0.6,0.9083333333333332,1.0,22,5,3,2
EXT2,ESM-2 650M + CaLM,1,0.45,0.8636363636363636,1.0,21,6,3,3
EXT2,ESM-2 650M + CaLM,2,0.34,0.8272727272727273,0.8888888888888888,21,6,3,3
EXT2,ESM-2 650M + CaLM,3,0.13,0.950413223140496,0.3333333333333333,22,5,2,3
EXT2,ESM-2 650M + CaLM,4,0.48,0.8429752066115702,1.0,22,5,2,3
EXT2,ESM-2 650M + CaLM,5,0.59,0.8416666666666667,1.0,22,5,3,2
EXT2,ESM-2 150M + CaLM,1,0.25,0.9272727272727272,0.8888888888888888,21,6,3,3
EXT2,ESM-2 150M + CaLM,2,0.25,0.8636363636363636,1.0,21,6,3,3
EXT2,ESM-2 150M + CaLM,3,0.25,0.8925619834710744,1.0,22,5,2,3
EXT2,ESM-2 150M + CaLM,4,0.25,0.9173553719008264,0.8333333333333334,22,5,2,3
EXT2,ESM-2 150M + CaLM,5,0.25,0.9583333333333334,0.8333333333333334,22,5,3,2
EXT2,ESM-1b 650M + CaLM,1,0.31,0.9272727272727272,1.0,21,6,3,3
EXT2,ESM-1b 650M + CaLM,2,0.31,0.9545454545454546,1.0,21,6,3,3
EXT2,ESM-1b 650M + CaLM,3,0.09,0.9669421487603306,1.0,22,5,2,3
EXT2,ESM-1b 650M + CaLM,4,0.0,0.950413223140496,0.8333333333333334,22,5,2,3
EXT2,ESM-1b 650M + CaLM,5,0.31,0.9416666666666668,1.0,22,5,3,2
EYA1,ESM-2 150M + 650M,1,0.81,0.9714285714285714,1.0,17,5,2,3
EYA1,ESM-2 150M + 650M,2,0.62,1.0,0.6666666666666666,17,5,2,3
EYA1,ESM-2 150M + 650M,3,0.81,0.975,1.0,18,4,1,3
EYA1,ESM-2 150M + 650M,4,0.81,1.0,1.0,18,4,2,2
EYA1,ESM-2 150M + 650M,5,0.81,0.974025974025974,1.0,18,4,2,2
EYA1,ESM-2 650M + ESM-1b 650M,1,0.14,1.0,1.0,17,5,2,3
EYA1,ESM-2 650M + ESM-1b 650M,2,0.14,1.0,1.0,17,5,2,3
EYA1,ESM-2 650M + ESM-1b 650M,3,0.0,1.0,0.6666666666666666,18,4,1,3
EYA1,ESM-2 650M + ESM-1b 650M,4,0.14,1.0,1.0,18,4,2,2
EYA1,ESM-2 650M + ESM-1b 650M,5,0.14,1.0,1.0,18,4,2,2
EYA1,ESM-2 650M + CaLM,1,0.18,1.0,1.0,17,5,2,3
EYA1,ESM-2 650M + CaLM,2,0.18,1.0,1.0,17,5,2,3
EYA1,ESM-2 650M + CaLM,3,0.18,1.0,1.0,18,4,1,3
EYA1,ESM-2 650M + CaLM,4,0.06,1.0,1.0,18,4,2,2
EYA1,ESM-2 650M + CaLM,5,0.0,1.0,1.0,18,4,2,2
EYA1,ESM-2 150M + CaLM,1,0.52,1.0,1.0,17,5,2,3
EYA1,ESM-2 150M + CaLM,2,0.53,1.0,1.0,17,5,2,3
EYA1,ESM-2 150M + CaLM,3,0.53,1.0,1.0,18,4,1,3
EYA1,ESM-2 150M + CaLM,4,0.53,1.0,1.0,18,4,2,2
EYA1,ESM-2 150M + CaLM,5,0.35,1.0,0.5,18,4,2,2
EYA1,ESM-1b 650M + CaLM,1,0.37,1.0,1.0,17,5,2,3
EYA1,ESM-1b 650M + CaLM,2,0.2,1.0,0.8333333333333334,17,5,2,3
EYA1,ESM-1b 650M + CaLM,3,0.37,0.9875,1.0,18,4,1,3
EYA1,ESM-1b 650M + CaLM,4,0.37,0.987012987012987,1.0,18,4,2,2
EYA1,ESM-1b 650M + CaLM,5,0.37,0.987012987012987,1.0,18,4,2,2
EZH2,ESM-2 150M + 650M,1,0.8300000000000001,0.6844919786096256,0.92,39,10,5,5
EZH2,ESM-2 150M + 650M,2,0.8200000000000001,0.7379679144385026,0.64,39,10,5,5
EZH2,ESM-2 150M + 650M,3,0.92,0.7037037037037037,0.7916666666666666,39,10,6,4
EZH2,ESM-2 150M + 650M,4,0.89,0.7222222222222222,0.625,39,10,6,4
EZH2,ESM-2 150M + 650M,5,0.92,0.7474747474747475,0.6,40,9,5,4
EZH2,ESM-2 650M + ESM-1b 650M,1,0.65,0.9919786096256684,1.0,39,10,5,5
EZH2,ESM-2 650M + ESM-1b 650M,2,0.75,1.0,1.0,39,10,5,5
EZH2,ESM-2 650M + ESM-1b 650M,3,0.75,0.9973544973544972,1.0,39,10,6,4
EZH2,ESM-2 650M + ESM-1b 650M,4,0.75,0.992063492063492,1.0,39,10,6,4
EZH2,ESM-2 650M + ESM-1b 650M,5,0.71,0.9949494949494948,1.0,40,9,5,4
EZH2,ESM-2 650M + CaLM,1,0.99,0.8983957219251337,0.92,39,10,5,5
EZH2,ESM-2 650M + CaLM,2,0.99,0.8770053475935828,0.96,39,10,5,5
EZH2,ESM-2 650M + CaLM,3,0.8,0.8756613756613757,0.9583333333333334,39,10,6,4
EZH2,ESM-2 650M + CaLM,4,0.99,0.8809523809523809,0.9166666666666666,39,10,6,4
EZH2,ESM-2 650M + CaLM,5,0.8200000000000001,0.9267676767676768,0.65,40,9,5,4
EZH2,ESM-2 150M + CaLM,1,0.94,0.8796791443850267,0.88,39,10,5,5
EZH2,ESM-2 150M + CaLM,2,0.95,0.9197860962566844,0.8,39,10,5,5
EZH2,ESM-2 150M + CaLM,3,0.95,0.8835978835978836,0.8333333333333334,39,10,6,4
EZH2,ESM-2 150M + CaLM,4,0.85,0.91005291005291,0.7916666666666666,39,10,6,4
EZH2,ESM-2 150M + CaLM,5,0.98,0.8484848484848485,1.0,40,9,5,4
EZH2,ESM-1b 650M + CaLM,1,0.34,0.9946524064171124,1.0,39,10,5,5
EZH2,ESM-1b 650M + CaLM,2,0.34,0.997326203208556,1.0,39,10,5,5
EZH2,ESM-1b 650M + CaLM,3,0.34,0.9947089947089948,1.0,39,10,6,4
EZH2,ESM-1b 650M + CaLM,4,0.0,1.0,0.9583333333333334,39,10,6,4
EZH2,ESM-1b 650M + CaLM,5,0.34,0.9974747474747476,1.0,40,9,5,4
F11,ESM-2 150M + 650M,1,0.19,0.903846153846154,0.8333333333333334,30,8,6,2
F11,ESM-2 150M + 650M,2,0.87,0.912,0.8571428571428571,30,8,7,1
F11,ESM-2 150M + 650M,3,0.87,0.928,1.0,30,8,7,1
F11,ESM-2 150M + 650M,4,0.87,0.8615384615384616,1.0,31,7,6,1
F11,ESM-2 150M + 650M,5,0.87,0.9153846153846154,0.6666666666666666,31,7,6,1
F11,ESM-2 650M + ESM-1b 650M,1,0.3,0.9615384615384616,0.75,30,8,6,2
F11,ESM-2 650M + ESM-1b 650M,2,0.89,0.928,1.0,30,8,7,1
F11,ESM-2 650M + ESM-1b 650M,3,0.89,0.928,1.0,30,8,7,1
F11,ESM-2 650M + ESM-1b 650M,4,0.92,0.9153846153846154,1.0,31,7,6,1
F11,ESM-2 650M + ESM-1b 650M,5,0.44,0.9230769230769232,1.0,31,7,6,1
F11,ESM-2 650M + CaLM,1,0.0,0.9230769230769232,0.8333333333333334,30,8,6,2
F11,ESM-2 650M + CaLM,2,0.0,0.912,0.8571428571428571,30,8,7,1
F11,ESM-2 650M + CaLM,3,0.16,0.896,0.8571428571428571,30,8,7,1
F11,ESM-2 650M + CaLM,4,0.13,0.8923076923076924,0.8333333333333334,31,7,6,1
F11,ESM-2 650M + CaLM,5,0.16,0.8461538461538461,1.0,31,7,6,1
F11,ESM-2 150M + CaLM,1,0.48,0.8846153846153846,0.8333333333333334,30,8,6,2
F11,ESM-2 150M + CaLM,2,0.48,0.92,0.8571428571428571,30,8,7,1
F11,ESM-2 150M + CaLM,3,0.0,0.872,0.7142857142857143,30,8,7,1
F11,ESM-2 150M + CaLM,4,0.48,0.8846153846153846,0.8333333333333334,31,7,6,1
F11,ESM-2 150M + CaLM,5,0.48,0.8615384615384616,1.0,31,7,6,1
F11,ESM-1b 650M + CaLM,1,0.09,0.9423076923076924,0.9166666666666666,30,8,6,2
F11,ESM-1b 650M + CaLM,2,0.0,0.896,1.0,30,8,7,1
F11,ESM-1b 650M + CaLM,3,0.0,0.96,0.7142857142857143,30,8,7,1
F11,ESM-1b 650M + CaLM,4,0.09,0.9,1.0,31,7,6,1
F11,ESM-1b 650M + CaLM,5,0.09,0.9307692307692308,0.8333333333333334,31,7,6,1
F2,ESM-2 150M + 650M,1,0.04,0.8888888888888888,1.0,13,4,2,2
F2,ESM-2 150M + 650M,2,0.09,0.975,0.3333333333333333,13,4,3,1
F2,ESM-2 150M + 650M,3,0.09,0.8666666666666667,1.0,14,3,2,1
F2,ESM-2 150M + 650M,4,0.0,0.8888888888888888,0.5,14,3,2,1
F2,ESM-2 150M + 650M,5,0.09,0.9111111111111112,1.0,14,3,2,1
F2,ESM-2 650M + ESM-1b 650M,1,0.23,0.8055555555555556,1.0,13,4,2,2
F2,ESM-2 650M + ESM-1b 650M,2,0.23,0.775,1.0,13,4,3,1
F2,ESM-2 650M + ESM-1b 650M,3,0.22,0.9111111111111112,0.5,14,3,2,1
F2,ESM-2 650M + ESM-1b 650M,4,0.0,0.8888888888888888,1.0,14,3,2,1
F2,ESM-2 650M + ESM-1b 650M,5,0.22,0.9111111111111112,0.5,14,3,2,1
F2,ESM-2 650M + CaLM,1,0.39,0.9166666666666666,0.75,13,4,2,2
F2,ESM-2 650M + CaLM,2,0.39,0.825,1.0,13,4,3,1
F2,ESM-2 650M + CaLM,3,0.58,0.8444444444444444,1.0,14,3,2,1
F2,ESM-2 650M + CaLM,4,0.0,0.9555555555555556,0.5,14,3,2,1
F2,ESM-2 650M + CaLM,5,0.19,0.8666666666666667,1.0,14,3,2,1
F2,ESM-2 150M + CaLM,1,0.18,0.9722222222222222,0.75,13,4,2,2
F2,ESM-2 150M + CaLM,2,0.26,0.925,1.0,13,4,3,1
F2,ESM-2 150M + CaLM,3,0.16,0.9111111111111112,1.0,14,3,2,1
F2,ESM-2 150M + CaLM,4,0.3,0.9777777777777776,0.5,14,3,2,1
F2,ESM-2 150M + CaLM,5,0.26,0.9111111111111112,1.0,14,3,2,1
F2,ESM-1b 650M + CaLM,1,0.44,0.9444444444444444,0.5,13,4,2,2
F2,ESM-1b 650M + CaLM,2,0.59,0.85,1.0,13,4,3,1
F2,ESM-1b 650M + CaLM,3,0.0,0.8444444444444444,1.0,14,3,2,1
F2,ESM-1b 650M + CaLM,4,0.39,0.9111111111111112,1.0,14,3,2,1
F2,ESM-1b 650M + CaLM,5,0.03,0.8666666666666667,1.0,14,3,2,1
F7,ESM-2 150M + 650M,1,0.13,0.9473684210526316,0.75,23,6,4,2
F7,ESM-2 150M + 650M,2,0.72,0.9555555555555556,1.0,23,6,5,1
F7,ESM-2 150M + 650M,3,0.72,0.9222222222222224,1.0,23,6,5,1
F7,ESM-2 150M + 650M,4,0.64,0.9111111111111112,1.0,23,6,5,1
F7,ESM-2 150M + 650M,5,0.72,0.8947368421052632,1.0,24,5,4,1
F7,ESM-2 650M + ESM-1b 650M,1,0.64,0.986842105263158,1.0,23,6,4,2
F7,ESM-2 650M + ESM-1b 650M,2,0.64,0.9888888888888888,1.0,23,6,5,1
F7,ESM-2 650M + ESM-1b 650M,3,0.64,0.9888888888888888,1.0,23,6,5,1
F7,ESM-2 650M + ESM-1b 650M,4,0.13,1.0,0.6,23,6,5,1
F7,ESM-2 650M + ESM-1b 650M,5,0.46,0.9894736842105264,1.0,24,5,4,1
F7,ESM-2 650M + CaLM,1,0.06,0.9210526315789472,1.0,23,6,4,2
F7,ESM-2 650M + CaLM,2,0.06,0.8777777777777778,1.0,23,6,5,1
F7,ESM-2 650M + CaLM,3,0.1,0.9111111111111112,1.0,23,6,5,1
F7,ESM-2 650M + CaLM,4,0.32,0.9777777777777776,0.6,23,6,5,1
F7,ESM-2 650M + CaLM,5,0.05,0.9263157894736842,1.0,24,5,4,1
F7,ESM-2 150M + CaLM,1,0.67,0.9342105263157896,0.75,23,6,4,2
F7,ESM-2 150M + CaLM,2,0.46,0.8222222222222222,1.0,23,6,5,1
F7,ESM-2 150M + CaLM,3,0.37,0.9,1.0,23,6,5,1
F7,ESM-2 150M + CaLM,4,0.53,0.9333333333333332,0.8,23,6,5,1
F7,ESM-2 150M + CaLM,5,0.46,0.8526315789473684,1.0,24,5,4,1
F7,ESM-1b 650M + CaLM,1,0.0,1.0,0.875,23,6,4,2
F7,ESM-1b 650M + CaLM,2,0.41,0.9777777777777776,1.0,23,6,5,1
F7,ESM-1b 650M + CaLM,3,0.0,0.9666666666666668,1.0,23,6,5,1
F7,ESM-1b 650M + CaLM,4,0.41,0.9666666666666668,1.0,23,6,5,1
F7,ESM-1b 650M + CaLM,5,0.41,0.9789473684210528,1.0,24,5,4,1
F9,ESM-2 150M + 650M,1,0.35,0.8722222222222222,0.8181818181818182,104,26,22,4
F9,ESM-2 150M + 650M,2,0.64,0.8285714285714286,0.9545454545454546,104,26,22,4
F9,ESM-2 150M + 650M,3,0.8,0.8666666666666667,0.8295454545454546,104,26,22,4
F9,ESM-2 150M + 650M,4,0.8,0.8711610486891386,0.8260869565217391,104,26,23,3
F9,ESM-2 150M + 650M,5,0.64,0.8674157303370786,0.8405797101449275,104,26,23,3
F9,ESM-2 650M + ESM-1b 650M,1,0.85,0.9015873015873016,0.9318181818181818,104,26,22,4
F9,ESM-2 650M + ESM-1b 650M,2,0.94,0.9563492063492064,0.7613636363636364,104,26,22,4
F9,ESM-2 650M + ESM-1b 650M,3,0.93,0.8928571428571429,0.9772727272727272,104,26,22,4
F9,ESM-2 650M + ESM-1b 650M,4,0.94,0.9168539325842696,0.8840579710144928,104,26,23,3
F9,ESM-2 650M + ESM-1b 650M,5,0.94,0.901123595505618,0.9710144927536232,104,26,23,3
F9,ESM-2 650M + CaLM,1,0.43,0.8944444444444445,0.8181818181818182,104,26,22,4
F9,ESM-2 650M + CaLM,2,0.43,0.8666666666666667,0.9204545454545454,104,26,22,4
F9,ESM-2 650M + CaLM,3,0.66,0.8753968253968254,0.8522727272727273,104,26,22,4
F9,ESM-2 650M + CaLM,4,0.5,0.8816479400749063,0.8260869565217391,104,26,23,3
F9,ESM-2 650M + CaLM,5,0.43,0.849438202247191,0.9565217391304348,104,26,23,3
F9,ESM-2 150M + CaLM,1,0.76,0.8976190476190476,0.6818181818181818,104,26,22,4
F9,ESM-2 150M + CaLM,2,0.16,0.8396825396825397,0.8636363636363636,104,26,22,4
F9,ESM-2 150M + CaLM,3,0.54,0.8246031746031746,0.9659090909090908,104,26,22,4
F9,ESM-2 150M + CaLM,4,0.32,0.8764044943820225,0.7391304347826086,104,26,23,3
F9,ESM-2 150M + CaLM,5,0.76,0.8486891385767791,0.8695652173913043,104,26,23,3
F9,ESM-1b 650M + CaLM,1,0.58,0.9047619047619048,0.9545454545454546,104,26,22,4
F9,ESM-1b 650M + CaLM,2,0.56,0.9523809523809524,0.7272727272727273,104,26,22,4
F9,ESM-1b 650M + CaLM,3,0.33,0.9301587301587302,0.8409090909090909,104,26,22,4
F9,ESM-1b 650M + CaLM,4,0.3,0.8936329588014982,1.0,104,26,23,3
F9,ESM-1b 650M + CaLM,5,0.02,0.90936329588015,0.8695652173913043,104,26,23,3
FA2H,ESM-2 150M + 650M,1,0.0,1.0,1.0,14,4,2,2
FA2H,ESM-2 150M + 650M,2,0.0,1.0,1.0,14,4,3,1
FA2H,ESM-2 150M + 650M,3,0.0,1.0,1.0,14,4,3,1
FA2H,ESM-2 150M + 650M,4,0.0,1.0,1.0,15,3,2,1
FA2H,ESM-2 150M + 650M,5,0.0,1.0,1.0,15,3,2,1
FA2H,ESM-2 650M + ESM-1b 650M,1,0.0,1.0,1.0,14,4,2,2
FA2H,ESM-2 650M + ESM-1b 650M,2,0.0,1.0,1.0,14,4,3,1
FA2H,ESM-2 650M + ESM-1b 650M,3,0.0,1.0,1.0,14,4,3,1
FA2H,ESM-2 650M + ESM-1b 650M,4,0.0,1.0,1.0,15,3,2,1
FA2H,ESM-2 650M + ESM-1b 650M,5,0.0,1.0,1.0,15,3,2,1
FA2H,ESM-2 650M + CaLM,1,0.0,1.0,1.0,14,4,2,2
FA2H,ESM-2 650M + CaLM,2,0.0,1.0,1.0,14,4,3,1
FA2H,ESM-2 650M + CaLM,3,0.0,1.0,1.0,14,4,3,1
FA2H,ESM-2 650M + CaLM,4,0.0,1.0,1.0,15,3,2,1
FA2H,ESM-2 650M + CaLM,5,0.0,1.0,1.0,15,3,2,1
FA2H,ESM-2 150M + CaLM,1,0.0,1.0,1.0,14,4,2,2
FA2H,ESM-2 150M + CaLM,2,0.0,1.0,1.0,14,4,3,1
FA2H,ESM-2 150M + CaLM,3,0.0,1.0,1.0,14,4,3,1
FA2H,ESM-2 150M + CaLM,4,0.0,1.0,1.0,15,3,2,1
FA2H,ESM-2 150M + CaLM,5,0.0,1.0,1.0,15,3,2,1
FA2H,ESM-1b 650M + CaLM,1,0.34,1.0,1.0,14,4,2,2
FA2H,ESM-1b 650M + CaLM,2,0.34,1.0,1.0,14,4,3,1
FA2H,ESM-1b 650M + CaLM,3,0.34,1.0,1.0,14,4,3,1
FA2H,ESM-1b 650M + CaLM,4,0.0,1.0,0.5,15,3,2,1
FA2H,ESM-1b 650M + CaLM,5,0.34,1.0,1.0,15,3,2,1
FARS2,ESM-2 150M + 650M,1,0.23,0.9846153846153848,1.0,18,5,3,2
FARS2,ESM-2 150M + 650M,2,0.59,0.9846153846153848,1.0,18,5,3,2
FARS2,ESM-2 150M + 650M,3,0.59,0.9861111111111112,1.0,18,5,4,1
FARS2,ESM-2 150M + 650M,4,0.2,1.0,1.0,19,4,3,1
FARS2,ESM-2 150M + 650M,5,0.59,1.0,1.0,19,4,3,1
FARS2,ESM-2 650M + ESM-1b 650M,1,0.0,1.0,1.0,18,5,3,2
FARS2,ESM-2 650M + ESM-1b 650M,2,0.08,1.0,1.0,18,5,3,2
FARS2,ESM-2 650M + ESM-1b 650M,3,0.08,1.0,1.0,18,5,4,1
FARS2,ESM-2 650M + ESM-1b 650M,4,0.0,1.0,1.0,19,4,3,1
FARS2,ESM-2 650M + ESM-1b 650M,5,0.08,1.0,1.0,19,4,3,1
FARS2,ESM-2 650M + CaLM,1,0.0,1.0,1.0,18,5,3,2
FARS2,ESM-2 650M + CaLM,2,0.0,1.0,1.0,18,5,3,2
FARS2,ESM-2 650M + CaLM,3,0.09,1.0,1.0,18,5,4,1
FARS2,ESM-2 650M + CaLM,4,0.09,1.0,1.0,19,4,3,1
FARS2,ESM-2 650M + CaLM,5,0.09,1.0,1.0,19,4,3,1
FARS2,ESM-2 150M + CaLM,1,0.13,0.9230769230769232,1.0,18,5,3,2
FARS2,ESM-2 150M + CaLM,2,0.38,0.9846153846153848,0.6666666666666666,18,5,3,2
FARS2,ESM-2 150M + CaLM,3,0.73,0.9861111111111112,0.75,18,5,4,1
FARS2,ESM-2 150M + CaLM,4,0.0,0.9487179487179488,1.0,19,4,3,1
FARS2,ESM-2 150M + CaLM,5,0.13,0.935897435897436,1.0,19,4,3,1
FARS2,ESM-1b 650M + CaLM,1,0.14,0.9846153846153848,1.0,18,5,3,2
FARS2,ESM-1b 650M + CaLM,2,0.0,1.0,1.0,18,5,3,2
FARS2,ESM-1b 650M + CaLM,3,0.14,0.9861111111111112,1.0,18,5,4,1
FARS2,ESM-1b 650M + CaLM,4,0.14,1.0,1.0,19,4,3,1
FARS2,ESM-1b 650M + CaLM,5,0.08,0.9871794871794872,1.0,19,4,3,1
FARSB,ESM-2 150M + 650M,1,0.29,0.9375,1.0,8,3,2,1
FARSB,ESM-2 150M + 650M,2,0.29,0.9,1.0,9,2,1,1
FARSB,ESM-2 150M + 650M,3,0.29,0.95,1.0,9,2,1,1
FARSB,ESM-2 150M + 650M,4,0.06,1.0,1.0,9,2,1,1
FARSB,ESM-2 150M + 650M,5,0.13,0.9,1.0,9,2,1,1
FARSB,ESM-2 650M + ESM-1b 650M,1,0.0,0.875,1.0,8,3,2,1
FARSB,ESM-2 650M + ESM-1b 650M,2,0.0,0.9,1.0,9,2,1,1
FARSB,ESM-2 650M + ESM-1b 650M,3,0.0,1.0,1.0,9,2,1,1
FARSB,ESM-2 650M + ESM-1b 650M,4,0.0,0.95,1.0,9,2,1,1
FARSB,ESM-2 650M + ESM-1b 650M,5,0.0,0.95,1.0,9,2,1,1
FARSB,ESM-2 650M + CaLM,1,0.0,0.9375,1.0,8,3,2,1
FARSB,ESM-2 650M + CaLM,2,0.0,0.9,1.0,9,2,1,1
FARSB,ESM-2 650M + CaLM,3,0.0,0.95,1.0,9,2,1,1
FARSB,ESM-2 650M + CaLM,4,0.0,1.0,1.0,9,2,1,1
FARSB,ESM-2 650M + CaLM,5,0.0,0.9,1.0,9,2,1,1
FARSB,ESM-2 150M + CaLM,1,0.0,0.9375,1.0,8,3,2,1
FARSB,ESM-2 150M + CaLM,2,0.55,0.9,1.0,9,2,1,1
FARSB,ESM-2 150M + CaLM,3,0.0,0.8,1.0,9,2,1,1
FARSB,ESM-2 150M + CaLM,4,0.0,0.85,1.0,9,2,1,1
FARSB,ESM-2 150M + CaLM,5,0.55,0.85,1.0,9,2,1,1
FARSB,ESM-1b 650M + CaLM,1,0.65,0.8125,1.0,8,3,2,1
FARSB,ESM-1b 650M + CaLM,2,0.0,0.95,0.0,9,2,1,1
FARSB,ESM-1b 650M + CaLM,3,0.48,0.75,1.0,9,2,1,1
FARSB,ESM-1b 650M + CaLM,4,0.62,0.8,1.0,9,2,1,1
FARSB,ESM-1b 650M + CaLM,5,0.65,0.9,1.0,9,2,1,1
FBXO11,ESM-2 150M + 650M,1,0.86,0.9382716049382716,0.725,72,18,8,10
FBXO11,ESM-2 150M + 650M,2,0.85,0.9011583011583012,0.8888888888888888,72,18,9,9
FBXO11,ESM-2 150M + 650M,3,0.85,0.8772200772200772,0.9753086419753086,72,18,9,9
FBXO11,ESM-2 150M + 650M,4,0.95,0.8795366795366796,1.0,72,18,9,9
FBXO11,ESM-2 150M + 650M,5,0.79,0.8926640926640926,0.9012345679012346,72,18,9,9
FBXO11,ESM-2 650M + ESM-1b 650M,1,0.3,0.8827160493827161,0.975,72,18,8,10
FBXO11,ESM-2 650M + ESM-1b 650M,2,0.33,0.9451737451737452,0.7160493827160493,72,18,9,9
FBXO11,ESM-2 650M + ESM-1b 650M,3,0.18,0.8833976833976834,0.9629629629629628,72,18,9,9
FBXO11,ESM-2 650M + ESM-1b 650M,4,0.3,0.9042471042471042,0.8518518518518519,72,18,9,9
FBXO11,ESM-2 650M + ESM-1b 650M,5,0.25,0.8857142857142857,0.9506172839506172,72,18,9,9
FBXO11,ESM-2 650M + CaLM,1,0.0,0.904320987654321,0.8125,72,18,8,10
FBXO11,ESM-2 650M + CaLM,2,0.02,0.8664092664092664,1.0,72,18,9,9
FBXO11,ESM-2 650M + CaLM,3,0.02,0.9027027027027028,0.8765432098765432,72,18,9,9
FBXO11,ESM-2 650M + CaLM,4,0.51,0.8857142857142857,0.8395061728395061,72,18,9,9
FBXO11,ESM-2 650M + CaLM,5,0.02,0.9166023166023166,0.8024691358024691,72,18,9,9
FBXO11,ESM-2 150M + CaLM,1,0.47,0.7746913580246914,0.8125,72,18,8,10
FBXO11,ESM-2 150M + CaLM,2,0.38,0.7583011583011583,0.8148148148148148,72,18,9,9
FBXO11,ESM-2 150M + CaLM,3,0.5,0.8015444015444015,0.654320987654321,72,18,9,9
FBXO11,ESM-2 150M + CaLM,4,0.5,0.7320463320463321,0.9135802469135802,72,18,9,9
FBXO11,ESM-2 150M + CaLM,5,0.51,0.8084942084942085,0.6419753086419753,72,18,9,9
FBXO11,ESM-1b 650M + CaLM,1,0.24,0.8904320987654321,0.75,72,18,8,10
FBXO11,ESM-1b 650M + CaLM,2,0.01,0.8401544401544402,0.9382716049382716,72,18,9,9
FBXO11,ESM-1b 650M + CaLM,3,0.06,0.8555984555984556,0.9135802469135802,72,18,9,9
FBXO11,ESM-1b 650M + CaLM,4,0.25,0.8841698841698842,0.8271604938271605,72,18,9,9
FBXO11,ESM-1b 650M + CaLM,5,0.02,0.8702702702702703,0.925925925925926,72,18,9,9
FBXO7,ESM-2 150M + 650M,1,0.0,1.0,1.0,15,4,1,3
FBXO7,ESM-2 150M + 650M,2,0.0,1.0,1.0,15,4,1,3
FBXO7,ESM-2 150M + 650M,3,0.0,1.0,1.0,15,4,1,3
FBXO7,ESM-2 150M + 650M,4,0.0,1.0,1.0,15,4,1,3
FBXO7,ESM-2 150M + 650M,5,0.0,1.0,1.0,16,3,1,2
FBXO7,ESM-2 650M + ESM-1b 650M,1,0.0,1.0,1.0,15,4,1,3
FBXO7,ESM-2 650M + ESM-1b 650M,2,0.0,1.0,1.0,15,4,1,3
FBXO7,ESM-2 650M + ESM-1b 650M,3,0.0,1.0,1.0,15,4,1,3
FBXO7,ESM-2 650M + ESM-1b 650M,4,0.0,1.0,1.0,15,4,1,3
FBXO7,ESM-2 650M + ESM-1b 650M,5,0.0,1.0,1.0,16,3,1,2
FBXO7,ESM-2 650M + CaLM,1,0.0,1.0,1.0,15,4,1,3
FBXO7,ESM-2 650M + CaLM,2,0.0,1.0,1.0,15,4,1,3
FBXO7,ESM-2 650M + CaLM,3,0.0,1.0,1.0,15,4,1,3
FBXO7,ESM-2 650M + CaLM,4,0.0,1.0,1.0,15,4,1,3
FBXO7,ESM-2 650M + CaLM,5,0.0,1.0,1.0,16,3,1,2
FBXO7,ESM-2 150M + CaLM,1,0.0,1.0,1.0,15,4,1,3
FBXO7,ESM-2 150M + CaLM,2,0.0,1.0,1.0,15,4,1,3
FBXO7,ESM-2 150M + CaLM,3,0.0,1.0,1.0,15,4,1,3
FBXO7,ESM-2 150M + CaLM,4,0.0,1.0,1.0,15,4,1,3
FBXO7,ESM-2 150M + CaLM,5,0.0,1.0,1.0,16,3,1,2
FBXO7,ESM-1b 650M + CaLM,1,0.0,1.0,1.0,15,4,1,3
FBXO7,ESM-1b 650M + CaLM,2,0.0,1.0,1.0,15,4,1,3
FBXO7,ESM-1b 650M + CaLM,3,0.0,1.0,1.0,15,4,1,3
FBXO7,ESM-1b 650M + CaLM,4,0.0,1.0,1.0,15,4,1,3
FBXO7,ESM-1b 650M + CaLM,5,0.0,1.0,1.0,16,3,1,2
FECH,ESM-2 150M + 650M,1,0.95,1.0,1.0,8,3,1,2
FECH,ESM-2 150M + 650M,2,0.39,1.0,0.0,9,2,1,1
FECH,ESM-2 150M + 650M,3,0.79,1.0,1.0,9,2,1,1
FECH,ESM-2 150M + 650M,4,0.95,1.0,1.0,9,2,1,1
FECH,ESM-2 150M + 650M,5,0.95,1.0,1.0,9,2,1,1
FECH,ESM-2 650M + ESM-1b 650M,1,0.0,1.0,1.0,8,3,1,2
FECH,ESM-2 650M + ESM-1b 650M,2,0.0,1.0,1.0,9,2,1,1
FECH,ESM-2 650M + ESM-1b 650M,3,0.0,1.0,1.0,9,2,1,1
FECH,ESM-2 650M + ESM-1b 650M,4,0.0,1.0,1.0,9,2,1,1
FECH,ESM-2 650M + ESM-1b 650M,5,0.0,1.0,1.0,9,2,1,1
FECH,ESM-2 650M + CaLM,1,0.0,1.0,1.0,8,3,1,2
FECH,ESM-2 650M + CaLM,2,0.0,1.0,1.0,9,2,1,1
FECH,ESM-2 650M + CaLM,3,0.0,1.0,1.0,9,2,1,1
FECH,ESM-2 650M + CaLM,4,0.0,1.0,1.0,9,2,1,1
FECH,ESM-2 650M + CaLM,5,0.0,1.0,1.0,9,2,1,1
FECH,ESM-2 150M + CaLM,1,0.28,0.75,1.0,8,3,1,2
FECH,ESM-2 150M + CaLM,2,0.33,0.85,0.0,9,2,1,1
FECH,ESM-2 150M + CaLM,3,0.58,0.7,1.0,9,2,1,1
FECH,ESM-2 150M + CaLM,4,0.33,0.7,1.0,9,2,1,1
FECH,ESM-2 150M + CaLM,5,0.58,0.9,0.0,9,2,1,1
FECH,ESM-1b 650M + CaLM,1,0.0,0.8125,1.0,8,3,1,2
FECH,ESM-1b 650M + CaLM,2,0.0,0.85,1.0,9,2,1,1
FECH,ESM-1b 650M + CaLM,3,0.0,1.0,0.0,9,2,1,1
FECH,ESM-1b 650M + CaLM,4,0.0,0.85,1.0,9,2,1,1
FECH,ESM-1b 650M + CaLM,5,0.0,0.8,1.0,9,2,1,1
FGD1,ESM-2 150M + 650M,1,0.1,0.9230769230769232,1.0,20,5,1,4
FGD1,ESM-2 150M + 650M,2,0.2,0.934065934065934,1.0,20,5,1,4
FGD1,ESM-2 150M + 650M,3,0.0,0.9047619047619048,1.0,20,5,2,3
FGD1,ESM-2 150M + 650M,4,0.1,0.9166666666666666,1.0,20,5,2,3
FGD1,ESM-2 150M + 650M,5,0.0,1.0,0.6666666666666666,20,5,2,3
FGD1,ESM-2 650M + ESM-1b 650M,1,0.2,0.9230769230769232,1.0,20,5,1,4
FGD1,ESM-2 650M + ESM-1b 650M,2,0.2,0.9230769230769232,1.0,20,5,1,4
FGD1,ESM-2 650M + ESM-1b 650M,3,0.0,1.0,0.6666666666666666,20,5,2,3
FGD1,ESM-2 650M + ESM-1b 650M,4,0.2,0.9166666666666666,1.0,20,5,2,3
FGD1,ESM-2 650M + ESM-1b 650M,5,0.08,0.9404761904761904,1.0,20,5,2,3
FGD1,ESM-2 650M + CaLM,1,0.0,0.912087912087912,1.0,20,5,1,4
FGD1,ESM-2 650M + CaLM,2,0.0,0.912087912087912,1.0,20,5,1,4
FGD1,ESM-2 650M + CaLM,3,0.0,0.8928571428571429,1.0,20,5,2,3
FGD1,ESM-2 650M + CaLM,4,0.0,0.9166666666666666,1.0,20,5,2,3
FGD1,ESM-2 650M + CaLM,5,0.0,0.9761904761904762,0.8333333333333334,20,5,2,3
FGD1,ESM-2 150M + CaLM,1,0.05,0.9230769230769232,1.0,20,5,1,4
FGD1,ESM-2 150M + CaLM,2,0.05,0.9010989010989012,1.0,20,5,1,4
FGD1,ESM-2 150M + CaLM,3,0.16,0.9761904761904762,0.6666666666666666,20,5,2,3
FGD1,ESM-2 150M + CaLM,4,0.05,0.9166666666666666,1.0,20,5,2,3
FGD1,ESM-2 150M + CaLM,5,0.0,0.9523809523809524,0.6666666666666666,20,5,2,3
FGD1,ESM-1b 650M + CaLM,1,0.33,0.9230769230769232,1.0,20,5,1,4
FGD1,ESM-1b 650M + CaLM,2,0.0,0.945054945054945,1.0,20,5,1,4
FGD1,ESM-1b 650M + CaLM,3,0.0,0.9285714285714286,1.0,20,5,2,3
FGD1,ESM-1b 650M + CaLM,4,0.33,0.988095238095238,0.8333333333333334,20,5,2,3
FGD1,ESM-1b 650M + CaLM,5,0.0,0.9047619047619048,1.0,20,5,2,3
FGFR1,ESM-2 150M + 650M,1,0.88,0.9629629629629628,0.9487179487179488,63,16,13,3
FGFR1,ESM-2 150M + 650M,2,0.72,0.9732510288065844,0.8974358974358975,63,16,13,3
FGFR1,ESM-2 150M + 650M,3,0.88,0.9490566037735848,1.0,63,16,14,2
FGFR1,ESM-2 150M + 650M,4,0.85,0.9452830188679244,1.0,63,16,14,2
FGFR1,ESM-2 150M + 650M,5,0.85,0.9703703703703704,0.9230769230769232,64,15,13,2
FGFR1,ESM-2 650M + ESM-1b 650M,1,0.61,0.9979423868312756,1.0,63,16,13,3
FGFR1,ESM-2 650M + ESM-1b 650M,2,0.52,0.9979423868312756,0.9743589743589745,63,16,13,3
FGFR1,ESM-2 650M + ESM-1b 650M,3,0.94,0.9981132075471698,1.0,63,16,14,2
FGFR1,ESM-2 650M + ESM-1b 650M,4,0.55,1.0,1.0,63,16,14,2
FGFR1,ESM-2 650M + ESM-1b 650M,5,0.94,1.0,1.0,64,15,13,2
FGFR1,ESM-2 650M + CaLM,1,0.09,0.9567901234567902,0.9743589743589745,63,16,13,3
FGFR1,ESM-2 650M + CaLM,2,0.05,0.9609053497942388,1.0,63,16,13,3
FGFR1,ESM-2 650M + CaLM,3,0.0,0.9679245283018868,0.9285714285714286,63,16,14,2
FGFR1,ESM-2 650M + CaLM,4,0.05,0.9528301886792452,1.0,63,16,14,2
FGFR1,ESM-2 650M + CaLM,5,0.0,0.9648148148148148,0.9230769230769232,64,15,13,2
FGFR1,ESM-2 150M + CaLM,1,0.0,0.8909465020576132,0.8974358974358975,63,16,13,3
FGFR1,ESM-2 150M + CaLM,2,0.06,0.8847736625514403,0.9743589743589745,63,16,13,3
FGFR1,ESM-2 150M + CaLM,3,0.06,0.9150943396226416,0.75,63,16,14,2
FGFR1,ESM-2 150M + CaLM,4,0.06,0.8811320754716981,0.9642857142857144,63,16,14,2
FGFR1,ESM-2 150M + CaLM,5,0.06,0.8981481481481481,0.9230769230769232,64,15,13,2
FGFR1,ESM-1b 650M + CaLM,1,0.0,0.9979423868312756,1.0,63,16,13,3
FGFR1,ESM-1b 650M + CaLM,2,0.0,1.0,1.0,63,16,13,3
FGFR1,ESM-1b 650M + CaLM,3,0.0,0.9981132075471698,1.0,63,16,14,2
FGFR1,ESM-1b 650M + CaLM,4,0.0,0.9981132075471698,1.0,63,16,14,2
FGFR1,ESM-1b 650M + CaLM,5,0.0,1.0,1.0,64,15,13,2
FGFR2,ESM-2 150M + 650M,1,0.19,0.96,1.0,60,15,13,2
FGFR2,ESM-2 150M + 650M,2,0.19,0.9672727272727272,0.9230769230769232,60,15,13,2
FGFR2,ESM-2 150M + 650M,3,0.19,0.9722222222222222,0.9285714285714286,60,15,14,1
FGFR2,ESM-2 150M + 650M,4,0.05,0.9660493827160492,1.0,60,15,14,1
FGFR2,ESM-2 150M + 650M,5,0.06,0.9629629629629628,1.0,60,15,14,1
FGFR2,ESM-2 650M + ESM-1b 650M,1,0.53,0.9854545454545456,1.0,60,15,13,2
FGFR2,ESM-2 650M + ESM-1b 650M,2,0.53,0.9854545454545456,1.0,60,15,13,2
FGFR2,ESM-2 650M + ESM-1b 650M,3,0.53,0.9969135802469136,0.9285714285714286,60,15,14,1
FGFR2,ESM-2 650M + ESM-1b 650M,4,0.89,0.9938271604938272,1.0,60,15,14,1
FGFR2,ESM-2 650M + ESM-1b 650M,5,0.73,1.0,0.9285714285714286,60,15,14,1
FGFR2,ESM-2 650M + CaLM,1,0.3,0.9745454545454544,0.9230769230769232,60,15,13,2
FGFR2,ESM-2 650M + CaLM,2,0.75,0.9709090909090908,1.0,60,15,13,2
FGFR2,ESM-2 650M + CaLM,3,0.7000000000000001,0.9753086419753086,0.9285714285714286,60,15,14,1
FGFR2,ESM-2 650M + CaLM,4,0.7000000000000001,0.9814814814814816,0.9285714285714286,60,15,14,1
FGFR2,ESM-2 650M + CaLM,5,0.8,0.9691358024691358,1.0,60,15,14,1
FGFR2,ESM-2 150M + CaLM,1,0.33,1.0,0.8846153846153846,60,15,13,2
FGFR2,ESM-2 150M + CaLM,2,0.35,0.9709090909090908,1.0,60,15,13,2
FGFR2,ESM-2 150M + CaLM,3,0.35,0.9722222222222222,1.0,60,15,14,1
FGFR2,ESM-2 150M + CaLM,4,0.53,0.9783950617283952,1.0,60,15,14,1
FGFR2,ESM-2 150M + CaLM,5,0.59,0.9814814814814816,1.0,60,15,14,1
FGFR2,ESM-1b 650M + CaLM,1,0.3,1.0,0.9615384615384616,60,15,13,2
FGFR2,ESM-1b 650M + CaLM,2,0.43,0.9963636363636365,1.0,60,15,13,2
FGFR2,ESM-1b 650M + CaLM,3,0.43,0.9969135802469136,1.0,60,15,14,1
FGFR2,ESM-1b 650M + CaLM,4,0.43,1.0,1.0,60,15,14,1
FGFR2,ESM-1b 650M + CaLM,5,0.43,0.9969135802469136,1.0,60,15,14,1
FGFR3,ESM-2 150M + 650M,1,0.76,0.8520710059171598,1.0,39,10,6,4
FGFR3,ESM-2 150M + 650M,2,0.76,0.8816568047337278,0.9166666666666666,39,10,6,4
FGFR3,ESM-2 150M + 650M,3,0.76,0.8857142857142857,0.9047619047619048,39,10,7,3
FGFR3,ESM-2 150M + 650M,4,0.99,0.9,0.8095238095238095,39,10,7,3
FGFR3,ESM-2 150M + 650M,5,0.65,0.9093406593406592,0.7222222222222222,40,9,6,3
FGFR3,ESM-2 650M + ESM-1b 650M,1,0.37,0.9585798816568049,0.875,39,10,6,4
FGFR3,ESM-2 650M + ESM-1b 650M,2,0.37,0.9319526627218936,1.0,39,10,6,4
FGFR3,ESM-2 650M + ESM-1b 650M,3,0.67,0.9314285714285714,1.0,39,10,7,3
FGFR3,ESM-2 650M + ESM-1b 650M,4,0.37,0.9542857142857144,0.9523809523809524,39,10,7,3
FGFR3,ESM-2 650M + ESM-1b 650M,5,0.36,0.9532967032967034,0.8888888888888888,40,9,6,3
FGFR3,ESM-2 650M + CaLM,1,0.68,0.9289940828402368,0.9583333333333334,39,10,6,4
FGFR3,ESM-2 650M + CaLM,2,0.68,0.9171597633136096,1.0,39,10,6,4
FGFR3,ESM-2 650M + CaLM,3,0.68,0.9371428571428572,1.0,39,10,7,3
FGFR3,ESM-2 650M + CaLM,4,0.67,0.9514285714285714,0.8571428571428571,39,10,7,3
FGFR3,ESM-2 650M + CaLM,5,0.65,0.9505494505494504,0.8333333333333334,40,9,6,3
FGFR3,ESM-2 150M + CaLM,1,0.66,0.9023668639053254,1.0,39,10,6,4
FGFR3,ESM-2 150M + CaLM,2,0.8200000000000001,0.9792899408284024,0.7083333333333334,39,10,6,4
FGFR3,ESM-2 150M + CaLM,3,0.66,0.94,0.9523809523809524,39,10,7,3
FGFR3,ESM-2 150M + CaLM,4,0.63,0.9114285714285716,1.0,39,10,7,3
FGFR3,ESM-2 150M + CaLM,5,0.63,0.9093406593406592,1.0,40,9,6,3
FGFR3,ESM-1b 650M + CaLM,1,0.97,0.9260355029585798,0.9583333333333334,39,10,6,4
FGFR3,ESM-1b 650M + CaLM,2,0.97,0.9467455621301776,0.9166666666666666,39,10,6,4
FGFR3,ESM-1b 650M + CaLM,3,0.34,0.9228571428571428,1.0,39,10,7,3
FGFR3,ESM-1b 650M + CaLM,4,0.52,0.9685714285714284,0.7619047619047619,39,10,7,3
FGFR3,ESM-1b 650M + CaLM,5,0.5700000000000001,0.9230769230769232,1.0,40,9,6,3
FH,ESM-2 150M + 650M,1,0.77,0.80625,0.9047619047619048,84,22,21,1
FH,ESM-2 150M + 650M,2,0.0,0.8240740740740741,0.75,85,21,20,1
FH,ESM-2 150M + 650M,3,0.96,0.9074074074074074,0.4,85,21,20,1
FH,ESM-2 150M + 650M,4,0.77,0.7746913580246914,1.0,85,21,20,1
FH,ESM-2 150M + 650M,5,0.2,0.8055555555555556,0.9,85,21,20,1
FH,ESM-2 650M + ESM-1b 650M,1,0.9,0.9875,1.0,84,22,21,1
FH,ESM-2 650M + ESM-1b 650M,2,0.95,0.9876543209876544,1.0,85,21,20,1
FH,ESM-2 650M + ESM-1b 650M,3,0.86,0.9969135802469136,0.9,85,21,20,1
FH,ESM-2 650M + ESM-1b 650M,4,0.95,0.9938271604938272,1.0,85,21,20,1
FH,ESM-2 650M + ESM-1b 650M,5,0.95,0.9938271604938272,0.95,85,21,20,1
FH,ESM-2 650M + CaLM,1,0.96,0.9875,1.0,84,22,21,1
FH,ESM-2 650M + CaLM,2,0.8300000000000001,0.9907407407407408,1.0,85,21,20,1
FH,ESM-2 650M + CaLM,3,0.91,0.9907407407407408,1.0,85,21,20,1
FH,ESM-2 650M + CaLM,4,0.96,0.9969135802469136,1.0,85,21,20,1
FH,ESM-2 650M + CaLM,5,0.96,0.9969135802469136,1.0,85,21,20,1
FH,ESM-2 150M + CaLM,1,0.92,0.996875,0.9523809523809524,84,22,21,1
FH,ESM-2 150M + CaLM,2,0.92,0.9876543209876544,1.0,85,21,20,1
FH,ESM-2 150M + CaLM,3,0.91,0.9969135802469136,1.0,85,21,20,1
FH,ESM-2 150M + CaLM,4,0.88,0.9907407407407408,1.0,85,21,20,1
FH,ESM-2 150M + CaLM,5,0.92,0.9876543209876544,1.0,85,21,20,1
FH,ESM-1b 650M + CaLM,1,0.31,1.0,1.0,84,22,21,1
FH,ESM-1b 650M + CaLM,2,0.0,0.9969135802469136,1.0,85,21,20,1
FH,ESM-1b 650M + CaLM,3,0.11,0.9969135802469136,1.0,85,21,20,1
FH,ESM-1b 650M + CaLM,4,0.31,0.9938271604938272,1.0,85,21,20,1
FH,ESM-1b 650M + CaLM,5,0.31,0.9938271604938272,1.0,85,21,20,1
FLCN,ESM-2 150M + 650M,1,0.33,0.9583333333333334,1.0,10,3,1,2
FLCN,ESM-2 150M + 650M,2,0.59,1.0,1.0,10,3,2,1
FLCN,ESM-2 150M + 650M,3,0.62,0.96,1.0,10,3,2,1
FLCN,ESM-2 150M + 650M,4,0.62,0.9666666666666668,1.0,11,2,1,1
FLCN,ESM-2 150M + 650M,5,0.62,1.0,1.0,11,2,1,1
FLCN,ESM-2 650M + ESM-1b 650M,1,0.42,0.9583333333333334,1.0,10,3,1,2
FLCN,ESM-2 650M + ESM-1b 650M,2,0.27,1.0,0.0,10,3,2,1
FLCN,ESM-2 650M + ESM-1b 650M,3,0.42,1.0,1.0,10,3,2,1
FLCN,ESM-2 650M + ESM-1b 650M,4,0.42,0.9666666666666668,1.0,11,2,1,1
FLCN,ESM-2 650M + ESM-1b 650M,5,0.42,0.9666666666666668,1.0,11,2,1,1
FLCN,ESM-2 650M + CaLM,1,0.25,0.9583333333333334,1.0,10,3,1,2
FLCN,ESM-2 650M + CaLM,2,0.25,0.96,1.0,10,3,2,1
FLCN,ESM-2 650M + CaLM,3,0.24,0.96,1.0,10,3,2,1
FLCN,ESM-2 650M + CaLM,4,0.19,1.0,0.0,11,2,1,1
FLCN,ESM-2 650M + CaLM,5,0.37,1.0,1.0,11,2,1,1
FLCN,ESM-2 150M + CaLM,1,0.0,0.7916666666666666,1.0,10,3,1,2
FLCN,ESM-2 150M + CaLM,2,0.0,0.96,0.5,10,3,2,1
FLCN,ESM-2 150M + CaLM,3,0.29,0.76,1.0,10,3,2,1
FLCN,ESM-2 150M + CaLM,4,0.29,0.8666666666666667,0.0,11,2,1,1
FLCN,ESM-2 150M + CaLM,5,0.29,0.8,1.0,11,2,1,1
FLCN,ESM-1b 650M + CaLM,1,0.0,0.875,1.0,10,3,1,2
FLCN,ESM-1b 650M + CaLM,2,0.44,0.92,1.0,10,3,2,1
FLCN,ESM-1b 650M + CaLM,3,0.0,1.0,0.5,10,3,2,1
FLCN,ESM-1b 650M + CaLM,4,0.0,0.9333333333333332,1.0,11,2,1,1
FLCN,ESM-1b 650M + CaLM,5,0.0,0.9333333333333332,1.0,11,2,1,1
FMO3,ESM-2 150M + 650M,1,0.33,0.8365384615384616,1.0,21,6,3,3
FMO3,ESM-2 150M + 650M,2,0.07,0.9166666666666666,0.5,21,6,4,2
FMO3,ESM-2 150M + 650M,3,0.8200000000000001,0.9316239316239316,0.5,22,5,3,2
FMO3,ESM-2 150M + 650M,4,0.31,0.8205128205128205,1.0,22,5,3,2
FMO3,ESM-2 150M + 650M,5,0.33,0.8290598290598291,1.0,22,5,3,2
FMO3,ESM-2 650M + ESM-1b 650M,1,0.01,0.8942307692307693,0.8888888888888888,21,6,3,3
FMO3,ESM-2 650M + ESM-1b 650M,2,0.01,0.9074074074074074,0.75,21,6,4,2
FMO3,ESM-2 650M + ESM-1b 650M,3,0.0,0.8547008547008547,1.0,22,5,3,2
FMO3,ESM-2 650M + ESM-1b 650M,4,0.0,0.8376068376068376,1.0,22,5,3,2
FMO3,ESM-2 650M + ESM-1b 650M,5,0.01,0.8717948717948718,1.0,22,5,3,2
FMO3,ESM-2 650M + CaLM,1,0.27,0.9519230769230768,0.7777777777777778,21,6,3,3
FMO3,ESM-2 650M + CaLM,2,0.21,0.9074074074074074,0.875,21,6,4,2
FMO3,ESM-2 650M + CaLM,3,0.27,0.9658119658119658,0.8333333333333334,22,5,3,2
FMO3,ESM-2 650M + CaLM,4,0.27,0.8803418803418803,1.0,22,5,3,2
FMO3,ESM-2 650M + CaLM,5,0.27,0.8717948717948718,1.0,22,5,3,2
FMO3,ESM-2 150M + CaLM,1,0.45,0.8557692307692307,1.0,21,6,3,3
FMO3,ESM-2 150M + CaLM,2,0.45,0.9166666666666666,1.0,21,6,4,2
FMO3,ESM-2 150M + CaLM,3,0.45,0.9401709401709402,1.0,22,5,3,2
FMO3,ESM-2 150M + CaLM,4,0.44,0.8888888888888888,1.0,22,5,3,2
FMO3,ESM-2 150M + CaLM,5,0.44,0.9487179487179488,0.6666666666666666,22,5,3,2
FMO3,ESM-1b 650M + CaLM,1,0.72,0.9134615384615384,0.7777777777777778,21,6,3,3
FMO3,ESM-1b 650M + CaLM,2,0.12,0.9444444444444444,0.5,21,6,4,2
FMO3,ESM-1b 650M + CaLM,3,0.86,0.8974358974358975,0.8333333333333334,22,5,3,2
FMO3,ESM-1b 650M + CaLM,4,0.79,0.8461538461538461,1.0,22,5,3,2
FMO3,ESM-1b 650M + CaLM,5,0.79,0.8632478632478633,1.0,22,5,3,2
FOXF1,ESM-2 150M + 650M,1,1.0,0.975,1.0,14,4,2,2
FOXF1,ESM-2 150M + 650M,2,1.0,1.0,1.0,14,4,3,1
FOXF1,ESM-2 150M + 650M,3,1.0,0.9777777777777776,1.0,14,4,3,1
FOXF1,ESM-2 150M + 650M,4,0.0,1.0,0.5,15,3,2,1
FOXF1,ESM-2 150M + 650M,5,1.0,0.98,1.0,15,3,2,1
FOXF1,ESM-2 650M + ESM-1b 650M,1,0.02,1.0,1.0,14,4,2,2
FOXF1,ESM-2 650M + ESM-1b 650M,2,0.02,1.0,1.0,14,4,3,1
FOXF1,ESM-2 650M + ESM-1b 650M,3,0.02,1.0,1.0,14,4,3,1
FOXF1,ESM-2 650M + ESM-1b 650M,4,0.02,1.0,1.0,15,3,2,1
FOXF1,ESM-2 650M + ESM-1b 650M,5,0.0,1.0,0.5,15,3,2,1
FOXF1,ESM-2 650M + CaLM,1,0.04,1.0,1.0,14,4,2,2
FOXF1,ESM-2 650M + CaLM,2,0.04,1.0,1.0,14,4,3,1
FOXF1,ESM-2 650M + CaLM,3,0.04,1.0,1.0,14,4,3,1
FOXF1,ESM-2 650M + CaLM,4,0.0,1.0,0.5,15,3,2,1
FOXF1,ESM-2 650M + CaLM,5,0.04,1.0,1.0,15,3,2,1
FOXF1,ESM-2 150M + CaLM,1,0.06,1.0,1.0,14,4,2,2
FOXF1,ESM-2 150M + CaLM,2,0.04,1.0,1.0,14,4,3,1
FOXF1,ESM-2 150M + CaLM,3,0.12,1.0,1.0,14,4,3,1
FOXF1,ESM-2 150M + CaLM,4,0.12,1.0,1.0,15,3,2,1
FOXF1,ESM-2 150M + CaLM,5,0.12,1.0,1.0,15,3,2,1
FOXF1,ESM-1b 650M + CaLM,1,0.0,1.0,0.75,14,4,2,2
FOXF1,ESM-1b 650M + CaLM,2,0.72,1.0,1.0,14,4,3,1
FOXF1,ESM-1b 650M + CaLM,3,0.72,1.0,1.0,14,4,3,1
FOXF1,ESM-1b 650M + CaLM,4,0.72,1.0,1.0,15,3,2,1
FOXF1,ESM-1b 650M + CaLM,5,0.72,1.0,1.0,15,3,2,1
FOXG1,ESM-2 150M + 650M,1,0.89,0.7922619047619047,0.7047619047619048,116,29,15,14
FOXG1,ESM-2 150M + 650M,2,0.89,0.7863095238095238,0.7142857142857143,116,29,15,14
FOXG1,ESM-2 150M + 650M,3,0.89,0.7648809523809523,0.819047619047619,116,29,15,14
FOXG1,ESM-2 150M + 650M,4,0.97,0.7544642857142857,0.8666666666666667,116,29,15,14
FOXG1,ESM-2 150M + 650M,5,0.89,0.775,0.7761904761904762,116,29,15,14
FOXG1,ESM-2 650M + ESM-1b 650M,1,0.89,0.9788690476190476,0.9571428571428572,116,29,15,14
FOXG1,ESM-2 650M + ESM-1b 650M,2,0.78,0.9717261904761904,0.9809523809523808,116,29,15,14
FOXG1,ESM-2 650M + ESM-1b 650M,3,0.94,0.9717261904761904,1.0,116,29,15,14
FOXG1,ESM-2 650M + ESM-1b 650M,4,0.89,0.9764880952380952,0.9714285714285714,116,29,15,14
FOXG1,ESM-2 650M + ESM-1b 650M,5,0.88,0.9794642857142856,0.9666666666666668,116,29,15,14
FOXG1,ESM-2 650M + CaLM,1,0.94,0.8973214285714286,0.9,116,29,15,14
FOXG1,ESM-2 650M + CaLM,2,0.98,0.8919642857142858,0.9095238095238096,116,29,15,14
FOXG1,ESM-2 650M + CaLM,3,0.99,0.9083333333333332,0.8333333333333334,116,29,15,14
FOXG1,ESM-2 650M + CaLM,4,0.98,0.8898809523809523,0.9285714285714286,116,29,15,14
FOXG1,ESM-2 650M + CaLM,5,0.99,0.8842261904761904,0.9142857142857144,116,29,15,14
FOXG1,ESM-2 150M + CaLM,1,0.98,0.8970238095238096,0.9142857142857144,116,29,15,14
FOXG1,ESM-2 150M + CaLM,2,0.97,0.8907738095238096,0.8904761904761904,116,29,15,14
FOXG1,ESM-2 150M + CaLM,3,0.98,0.8913690476190477,0.9,116,29,15,14
FOXG1,ESM-2 150M + CaLM,4,0.98,0.8869047619047619,0.923809523809524,116,29,15,14
FOXG1,ESM-2 150M + CaLM,5,0.98,0.9053571428571427,0.8571428571428571,116,29,15,14
FOXG1,ESM-1b 650M + CaLM,1,0.48,0.9827380952380952,0.961904761904762,116,29,15,14
FOXG1,ESM-1b 650M + CaLM,2,0.46,0.9741071428571428,1.0,116,29,15,14
FOXG1,ESM-1b 650M + CaLM,3,0.43,0.9732142857142856,0.9952380952380953,116,29,15,14
FOXG1,ESM-1b 650M + CaLM,4,0.26,0.986904761904762,0.9428571428571428,116,29,15,14
FOXG1,ESM-1b 650M + CaLM,5,0.46,0.9729166666666668,1.0,116,29,15,14
FOXH1,ESM-2 150M + 650M,1,0.0,0.75,0.5,8,3,2,1
FOXH1,ESM-2 150M + 650M,2,0.0,0.75,1.0,9,2,1,1
FOXH1,ESM-2 150M + 650M,3,0.0,0.75,1.0,9,2,1,1
FOXH1,ESM-2 150M + 650M,4,0.0,0.95,0.0,9,2,1,1
FOXH1,ESM-2 150M + 650M,5,0.0,0.75,1.0,9,2,1,1
FOXH1,ESM-2 650M + ESM-1b 650M,1,0.03,1.0,0.5,8,3,2,1
FOXH1,ESM-2 650M + ESM-1b 650M,2,0.0,0.8,1.0,9,2,1,1
FOXH1,ESM-2 650M + ESM-1b 650M,3,0.03,0.8,1.0,9,2,1,1
FOXH1,ESM-2 650M + ESM-1b 650M,4,0.0,0.8,1.0,9,2,1,1
FOXH1,ESM-2 650M + ESM-1b 650M,5,0.03,0.8,1.0,9,2,1,1
FOXH1,ESM-2 650M + CaLM,1,0.01,1.0,0.5,8,3,2,1
FOXH1,ESM-2 650M + CaLM,2,0.72,0.85,1.0,9,2,1,1
FOXH1,ESM-2 650M + CaLM,3,0.73,0.85,1.0,9,2,1,1
FOXH1,ESM-2 650M + CaLM,4,0.73,0.9,1.0,9,2,1,1
FOXH1,ESM-2 650M + CaLM,5,0.73,0.9,1.0,9,2,1,1
FOXH1,ESM-2 150M + CaLM,1,0.73,0.8125,1.0,8,3,2,1
FOXH1,ESM-2 150M + CaLM,2,0.73,0.9,1.0,9,2,1,1
FOXH1,ESM-2 150M + CaLM,3,0.73,0.9,1.0,9,2,1,1
FOXH1,ESM-2 150M + CaLM,4,0.0,1.0,0.0,9,2,1,1
FOXH1,ESM-2 150M + CaLM,5,0.73,0.9,1.0,9,2,1,1
FOXH1,ESM-1b 650M + CaLM,1,0.94,0.875,1.0,8,3,2,1
FOXH1,ESM-1b 650M + CaLM,2,0.89,0.85,1.0,9,2,1,1
FOXH1,ESM-1b 650M + CaLM,3,0.0,1.0,0.0,9,2,1,1
FOXH1,ESM-1b 650M + CaLM,4,0.94,0.85,1.0,9,2,1,1
FOXH1,ESM-1b 650M + CaLM,5,0.94,0.9,1.0,9,2,1,1
FOXP1,ESM-2 150M + 650M,1,0.86,0.8583333333333333,0.875,46,12,4,8
FOXP1,ESM-2 150M + 650M,2,0.12,0.90625,0.6875,46,12,4,8
FOXP1,ESM-2 150M + 650M,3,0.59,0.8979166666666667,0.6875,46,12,4,8
FOXP1,ESM-2 150M + 650M,4,0.0,0.842741935483871,0.8928571428571429,47,11,4,7
FOXP1,ESM-2 150M + 650M,5,0.0,0.8266129032258065,1.0,47,11,4,7
FOXP1,ESM-2 650M + ESM-1b 650M,1,0.52,0.9083333333333332,1.0,46,12,4,8
FOXP1,ESM-2 650M + ESM-1b 650M,2,0.34,0.90625,1.0,46,12,4,8
FOXP1,ESM-2 650M + ESM-1b 650M,3,0.04,0.8958333333333334,0.75,46,12,4,8
FOXP1,ESM-2 650M + ESM-1b 650M,4,0.43,0.941532258064516,0.8571428571428571,47,11,4,7
FOXP1,ESM-2 650M + ESM-1b 650M,5,0.51,0.9536290322580644,0.7857142857142857,47,11,4,7
FOXP1,ESM-2 650M + CaLM,1,0.11,0.8291666666666667,1.0,46,12,4,8
FOXP1,ESM-2 650M + CaLM,2,1.0,0.8979166666666667,0.6875,46,12,4,8
FOXP1,ESM-2 650M + CaLM,3,0.09,0.8770833333333333,0.78125,46,12,4,8
FOXP1,ESM-2 650M + CaLM,4,0.64,0.8568548387096774,0.8928571428571429,47,11,4,7
FOXP1,ESM-2 650M + CaLM,5,0.09,0.9032258064516128,0.7142857142857143,47,11,4,7
FOXP1,ESM-2 150M + CaLM,1,0.6,0.86875,0.8125,46,12,4,8
FOXP1,ESM-2 150M + CaLM,2,0.1,0.9104166666666668,0.75,46,12,4,8
FOXP1,ESM-2 150M + CaLM,3,0.03,0.8791666666666667,0.84375,46,12,4,8
FOXP1,ESM-2 150M + CaLM,4,0.09,0.8548387096774194,0.8928571428571429,47,11,4,7
FOXP1,ESM-2 150M + CaLM,5,0.03,0.8467741935483871,0.9642857142857144,47,11,4,7
FOXP1,ESM-1b 650M + CaLM,1,0.35,0.95,0.8125,46,12,4,8
FOXP1,ESM-1b 650M + CaLM,2,0.49,0.94375,0.875,46,12,4,8
FOXP1,ESM-1b 650M + CaLM,3,0.5,0.9375,0.9375,46,12,4,8
FOXP1,ESM-1b 650M + CaLM,4,0.5,0.9193548387096774,1.0,47,11,4,7
FOXP1,ESM-1b 650M + CaLM,5,0.49,0.9193548387096774,1.0,47,11,4,7
FOXP3,ESM-2 150M + 650M,1,0.11,0.7647058823529411,0.5333333333333333,31,8,3,5
FOXP3,ESM-2 150M + 650M,2,0.11,0.6974789915966386,0.9333333333333332,31,8,3,5
FOXP3,ESM-2 150M + 650M,3,0.11,0.7350427350427351,0.5625,31,8,4,4
FOXP3,ESM-2 150M + 650M,4,0.04,0.6923076923076923,0.8125,31,8,4,4
FOXP3,ESM-2 150M + 650M,5,0.7000000000000001,0.746031746031746,0.4166666666666667,32,7,3,4
FOXP3,ESM-2 650M + ESM-1b 650M,1,0.6900000000000001,0.9033613445378152,0.8,31,8,3,5
FOXP3,ESM-2 650M + ESM-1b 650M,2,0.6900000000000001,0.8445378151260504,1.0,31,8,3,5
FOXP3,ESM-2 650M + ESM-1b 650M,3,0.65,0.9017094017094016,0.6875,31,8,4,4
FOXP3,ESM-2 650M + ESM-1b 650M,4,0.91,0.8589743589743589,1.0,31,8,4,4
FOXP3,ESM-2 650M + ESM-1b 650M,5,0.66,0.8492063492063492,1.0,32,7,3,4
FOXP3,ESM-2 650M + CaLM,1,0.94,0.9369747899159664,0.6666666666666666,31,8,3,5
FOXP3,ESM-2 650M + CaLM,2,0.96,0.8613445378151261,1.0,31,8,3,5
FOXP3,ESM-2 650M + CaLM,3,0.94,0.8675213675213675,0.9375,31,8,4,4
FOXP3,ESM-2 650M + CaLM,4,0.96,0.8418803418803419,1.0,31,8,4,4
FOXP3,ESM-2 650M + CaLM,5,0.96,0.8888888888888888,0.75,32,7,3,4
FOXP3,ESM-2 150M + CaLM,1,0.98,0.8823529411764706,0.8666666666666667,31,8,3,5
FOXP3,ESM-2 150M + CaLM,2,0.98,0.8529411764705882,1.0,31,8,3,5
FOXP3,ESM-2 150M + CaLM,3,0.92,0.8589743589743589,0.9375,31,8,4,4
FOXP3,ESM-2 150M + CaLM,4,0.98,0.9316239316239316,0.6875,31,8,4,4
FOXP3,ESM-2 150M + CaLM,5,0.95,0.873015873015873,0.9166666666666666,32,7,3,4
FOXP3,ESM-1b 650M + CaLM,1,0.56,0.9201680672268908,0.8,31,8,3,5
FOXP3,ESM-1b 650M + CaLM,2,0.5,0.9453781512605042,0.8666666666666667,31,8,3,5
FOXP3,ESM-1b 650M + CaLM,3,0.55,0.9102564102564102,0.875,31,8,4,4
FOXP3,ESM-1b 650M + CaLM,4,0.42,0.8931623931623932,1.0,31,8,4,4
FOXP3,ESM-1b 650M + CaLM,5,0.33,0.9166666666666666,0.8333333333333334,32,7,3,4
FOXRED1,ESM-2 150M + 650M,1,0.0,0.9285714285714286,1.0,11,3,1,2
FOXRED1,ESM-2 150M + 650M,2,0.0,0.9285714285714286,1.0,11,3,1,2
FOXRED1,ESM-2 150M + 650M,3,0.0,0.8571428571428571,1.0,11,3,1,2
FOXRED1,ESM-2 150M + 650M,4,0.0,0.8928571428571429,1.0,11,3,1,2
FOXRED1,ESM-2 150M + 650M,5,0.0,0.96875,1.0,12,2,1,1
FOXRED1,ESM-2 650M + ESM-1b 650M,1,0.45,0.9285714285714286,1.0,11,3,1,2
FOXRED1,ESM-2 650M + ESM-1b 650M,2,0.0,1.0,0.0,11,3,1,2
FOXRED1,ESM-2 650M + ESM-1b 650M,3,0.45,0.8928571428571429,1.0,11,3,1,2
FOXRED1,ESM-2 650M + ESM-1b 650M,4,0.45,0.9285714285714286,1.0,11,3,1,2
FOXRED1,ESM-2 650M + ESM-1b 650M,5,0.45,0.90625,1.0,12,2,1,1
FOXRED1,ESM-2 650M + CaLM,1,0.0,0.8928571428571429,1.0,11,3,1,2
FOXRED1,ESM-2 650M + CaLM,2,0.0,0.8214285714285714,1.0,11,3,1,2
FOXRED1,ESM-2 650M + CaLM,3,0.0,0.8214285714285714,1.0,11,3,1,2
FOXRED1,ESM-2 650M + CaLM,4,0.0,0.8928571428571429,1.0,11,3,1,2
FOXRED1,ESM-2 650M + CaLM,5,0.0,1.0,0.0,12,2,1,1
FOXRED1,ESM-2 150M + CaLM,1,0.0,0.9285714285714286,1.0,11,3,1,2
FOXRED1,ESM-2 150M + CaLM,2,0.0,0.8571428571428571,1.0,11,3,1,2
FOXRED1,ESM-2 150M + CaLM,3,0.0,0.9642857142857144,1.0,11,3,1,2
FOXRED1,ESM-2 150M + CaLM,4,0.0,0.9285714285714286,1.0,11,3,1,2
FOXRED1,ESM-2 150M + CaLM,5,0.0,0.90625,1.0,12,2,1,1
FOXRED1,ESM-1b 650M + CaLM,1,0.32,0.9285714285714286,1.0,11,3,1,2
FOXRED1,ESM-1b 650M + CaLM,2,0.32,0.9642857142857144,1.0,11,3,1,2
FOXRED1,ESM-1b 650M + CaLM,3,0.0,1.0,0.5,11,3,1,2
FOXRED1,ESM-1b 650M + CaLM,4,0.32,0.9285714285714286,1.0,11,3,1,2
FOXRED1,ESM-1b 650M + CaLM,5,0.0,0.9375,1.0,12,2,1,1
FRMD7,ESM-2 150M + 650M,1,0.55,0.79375,1.0,28,7,2,5
FRMD7,ESM-2 150M + 650M,2,0.94,0.925,0.5,28,7,2,5
FRMD7,ESM-2 150M + 650M,3,0.0,0.8375,0.6,28,7,2,5
FRMD7,ESM-2 150M + 650M,4,0.71,0.8375,0.8,28,7,2,5
FRMD7,ESM-2 150M + 650M,5,0.55,0.85625,0.8,28,7,2,5
FRMD7,ESM-2 650M + ESM-1b 650M,1,0.35,0.91875,0.8,28,7,2,5
FRMD7,ESM-2 650M + ESM-1b 650M,2,0.84,1.0,0.5,28,7,2,5
FRMD7,ESM-2 650M + ESM-1b 650M,3,0.39,0.89375,1.0,28,7,2,5
FRMD7,ESM-2 650M + ESM-1b 650M,4,0.85,0.9,1.0,28,7,2,5
FRMD7,ESM-2 650M + ESM-1b 650M,5,0.4,0.89375,1.0,28,7,2,5
FRMD7,ESM-2 650M + CaLM,1,0.52,0.88125,1.0,28,7,2,5
FRMD7,ESM-2 650M + CaLM,2,0.4,0.86875,1.0,28,7,2,5
FRMD7,ESM-2 650M + CaLM,3,0.52,0.8875,0.9,28,7,2,5
FRMD7,ESM-2 650M + CaLM,4,0.55,0.9125,0.8,28,7,2,5
FRMD7,ESM-2 650M + CaLM,5,0.25,0.94375,0.6,28,7,2,5
FRMD7,ESM-2 150M + CaLM,1,0.66,0.90625,0.8,28,7,2,5
FRMD7,ESM-2 150M + CaLM,2,0.52,0.8625,1.0,28,7,2,5
FRMD7,ESM-2 150M + CaLM,3,0.47,0.89375,0.8,28,7,2,5
FRMD7,ESM-2 150M + CaLM,4,0.52,0.89375,0.9,28,7,2,5
FRMD7,ESM-2 150M + CaLM,5,0.44,0.84375,0.9,28,7,2,5
FRMD7,ESM-1b 650M + CaLM,1,0.0,0.8875,1.0,28,7,2,5
FRMD7,ESM-1b 650M + CaLM,2,0.47,0.93125,0.9,28,7,2,5
FRMD7,ESM-1b 650M + CaLM,3,0.0,0.94375,0.8,28,7,2,5
FRMD7,ESM-1b 650M + CaLM,4,0.15,0.94375,0.8,28,7,2,5
FRMD7,ESM-1b 650M + CaLM,5,0.28,0.88125,1.0,28,7,2,5
FUCA1,ESM-2 150M + 650M,1,0.01,1.0,1.0,13,4,1,3
FUCA1,ESM-2 150M + 650M,2,0.28,1.0,1.0,13,4,2,2
FUCA1,ESM-2 150M + 650M,3,0.28,1.0,1.0,14,3,1,2
FUCA1,ESM-2 150M + 650M,4,0.28,1.0,1.0,14,3,1,2
FUCA1,ESM-2 150M + 650M,5,0.0,1.0,0.5,14,3,1,2
FUCA1,ESM-2 650M + ESM-1b 650M,1,0.0,1.0,1.0,13,4,1,3
FUCA1,ESM-2 650M + ESM-1b 650M,2,0.0,1.0,1.0,13,4,2,2
FUCA1,ESM-2 650M + ESM-1b 650M,3,0.0,1.0,1.0,14,3,1,2
FUCA1,ESM-2 650M + ESM-1b 650M,4,0.0,1.0,1.0,14,3,1,2
FUCA1,ESM-2 650M + ESM-1b 650M,5,0.0,1.0,1.0,14,3,1,2
FUCA1,ESM-2 650M + CaLM,1,0.0,1.0,1.0,13,4,1,3
FUCA1,ESM-2 650M + CaLM,2,0.0,1.0,1.0,13,4,2,2
FUCA1,ESM-2 650M + CaLM,3,0.0,1.0,1.0,14,3,1,2
FUCA1,ESM-2 650M + CaLM,4,0.0,1.0,1.0,14,3,1,2
FUCA1,ESM-2 650M + CaLM,5,0.0,1.0,1.0,14,3,1,2
FUCA1,ESM-2 150M + CaLM,1,0.0,1.0,0.6666666666666666,13,4,1,3
FUCA1,ESM-2 150M + CaLM,2,0.01,0.9722222222222222,1.0,13,4,2,2
FUCA1,ESM-2 150M + CaLM,3,0.01,0.9777777777777776,1.0,14,3,1,2
FUCA1,ESM-2 150M + CaLM,4,0.47,1.0,1.0,14,3,1,2
FUCA1,ESM-2 150M + CaLM,5,0.01,1.0,1.0,14,3,1,2
FUCA1,ESM-1b 650M + CaLM,1,0.0,1.0,1.0,13,4,1,3
FUCA1,ESM-1b 650M + CaLM,2,0.0,1.0,1.0,13,4,2,2
FUCA1,ESM-1b 650M + CaLM,3,0.0,1.0,1.0,14,3,1,2
FUCA1,ESM-1b 650M + CaLM,4,0.0,1.0,1.0,14,3,1,2
FUCA1,ESM-1b 650M + CaLM,5,0.0,1.0,1.0,14,3,1,2
FUS,ESM-2 150M + 650M,1,0.98,0.6363636363636364,0.3333333333333333,16,5,3,2
FUS,ESM-2 150M + 650M,2,0.98,0.5,0.5,17,4,2,2
FUS,ESM-2 150M + 650M,3,0.98,0.6060606060606061,0.6666666666666666,17,4,3,1
FUS,ESM-2 150M + 650M,4,0.33,0.4848484848484848,1.0,17,4,3,1
FUS,ESM-2 150M + 650M,5,0.58,0.6060606060606061,0.3333333333333333,17,4,3,1
FUS,ESM-2 650M + ESM-1b 650M,1,0.94,0.8181818181818182,1.0,16,5,3,2
FUS,ESM-2 650M + ESM-1b 650M,2,0.94,0.8,1.0,17,4,2,2
FUS,ESM-2 650M + ESM-1b 650M,3,0.75,0.8636363636363636,0.3333333333333333,17,4,3,1
FUS,ESM-2 650M + ESM-1b 650M,4,0.56,0.8484848484848485,0.6666666666666666,17,4,3,1
FUS,ESM-2 650M + ESM-1b 650M,5,0.75,0.8636363636363636,0.6666666666666666,17,4,3,1
FUS,ESM-2 650M + CaLM,1,0.87,0.7636363636363637,0.1666666666666666,16,5,3,2
FUS,ESM-2 650M + CaLM,2,0.52,0.6833333333333333,0.25,17,4,2,2
FUS,ESM-2 650M + CaLM,3,0.86,0.5454545454545454,1.0,17,4,3,1
FUS,ESM-2 650M + CaLM,4,0.02,0.5757575757575758,0.6666666666666666,17,4,3,1
FUS,ESM-2 650M + CaLM,5,0.87,0.6060606060606061,0.6666666666666666,17,4,3,1
FUS,ESM-2 150M + CaLM,1,0.52,0.6363636363636364,0.6666666666666666,16,5,3,2
FUS,ESM-2 150M + CaLM,2,0.87,0.6666666666666666,0.5,17,4,2,2
FUS,ESM-2 150M + CaLM,3,0.87,0.5606060606060606,1.0,17,4,3,1
FUS,ESM-2 150M + CaLM,4,0.98,0.6363636363636364,0.6666666666666666,17,4,3,1
FUS,ESM-2 150M + CaLM,5,0.52,0.5757575757575758,0.6666666666666666,17,4,3,1
FUS,ESM-1b 650M + CaLM,1,0.0,0.8,1.0,16,5,3,2
FUS,ESM-1b 650M + CaLM,2,0.0,0.8333333333333334,1.0,17,4,2,2
FUS,ESM-1b 650M + CaLM,3,0.0,0.8333333333333334,1.0,17,4,3,1
FUS,ESM-1b 650M + CaLM,4,0.0,0.803030303030303,1.0,17,4,3,1
FUS,ESM-1b 650M + CaLM,5,0.29,0.9393939393939394,0.3333333333333333,17,4,3,1
FZD4,ESM-2 150M + 650M,1,0.0,0.9444444444444444,0.75,15,4,2,2
FZD4,ESM-2 150M + 650M,2,0.3,0.9074074074074074,1.0,15,4,2,2
FZD4,ESM-2 150M + 650M,3,0.3,0.9629629629629628,1.0,15,4,2,2
FZD4,ESM-2 150M + 650M,4,0.3,0.9107142857142856,1.0,15,4,3,1
FZD4,ESM-2 150M + 650M,5,0.15,0.984126984126984,0.5,16,3,2,1
FZD4,ESM-2 650M + ESM-1b 650M,1,0.18,0.9629629629629628,0.75,15,4,2,2
FZD4,ESM-2 650M + ESM-1b 650M,2,0.18,0.9074074074074074,1.0,15,4,2,2
FZD4,ESM-2 650M + ESM-1b 650M,3,0.0,0.9444444444444444,1.0,15,4,2,2
FZD4,ESM-2 650M + ESM-1b 650M,4,0.18,0.9107142857142856,1.0,15,4,3,1
FZD4,ESM-2 650M + ESM-1b 650M,5,0.0,0.8888888888888888,1.0,16,3,2,1
FZD4,ESM-2 650M + CaLM,1,0.86,0.9814814814814816,0.5,15,4,2,2
FZD4,ESM-2 650M + CaLM,2,0.34,0.9814814814814816,1.0,15,4,2,2
FZD4,ESM-2 650M + CaLM,3,0.34,0.9444444444444444,1.0,15,4,2,2
FZD4,ESM-2 650M + CaLM,4,0.32,0.9107142857142856,1.0,15,4,3,1
FZD4,ESM-2 650M + CaLM,5,0.34,0.9206349206349206,1.0,16,3,2,1
FZD4,ESM-2 150M + CaLM,1,0.98,0.9814814814814816,0.5,15,4,2,2
FZD4,ESM-2 150M + CaLM,2,0.0,0.8703703703703703,1.0,15,4,2,2
FZD4,ESM-2 150M + CaLM,3,0.0,0.9814814814814816,0.5,15,4,2,2
FZD4,ESM-2 150M + CaLM,4,0.0,0.875,1.0,15,4,3,1
FZD4,ESM-2 150M + CaLM,5,0.0,0.9206349206349206,1.0,16,3,2,1
FZD4,ESM-1b 650M + CaLM,1,0.38,0.9629629629629628,0.5,15,4,2,2
FZD4,ESM-1b 650M + CaLM,2,0.0,0.925925925925926,1.0,15,4,2,2
FZD4,ESM-1b 650M + CaLM,3,0.23,0.8888888888888888,1.0,15,4,2,2
FZD4,ESM-1b 650M + CaLM,4,0.38,0.9285714285714286,1.0,15,4,3,1
FZD4,ESM-1b 650M + CaLM,5,0.0,0.9047619047619048,1.0,16,3,2,1
GAA,ESM-2 150M + 650M,1,0.98,0.9711598746081505,0.9369369369369368,156,40,37,3
GAA,ESM-2 150M + 650M,2,0.88,0.9738480697384808,0.8981481481481481,157,39,36,3
GAA,ESM-2 150M + 650M,3,0.99,0.9613947696139477,0.9629629629629628,157,39,36,3
GAA,ESM-2 150M + 650M,4,0.91,0.9495641344956414,1.0,157,39,36,3
GAA,ESM-2 150M + 650M,5,0.99,0.9580459770114944,1.0,157,39,37,2
GAA,ESM-2 650M + ESM-1b 650M,1,0.53,0.9717868338557992,0.990990990990991,156,40,37,3
GAA,ESM-2 650M + ESM-1b 650M,2,0.32,0.978829389788294,1.0,157,39,36,3
GAA,ESM-2 650M + ESM-1b 650M,3,0.89,0.9757160647571608,0.9722222222222222,157,39,36,3
GAA,ESM-2 650M + ESM-1b 650M,4,0.98,0.9838107098381071,0.9444444444444444,157,39,36,3
GAA,ESM-2 650M + ESM-1b 650M,5,0.5700000000000001,0.97816091954023,0.972972972972973,157,39,37,2
GAA,ESM-2 650M + CaLM,1,0.0,0.9686520376175548,0.9369369369369368,156,40,37,3
GAA,ESM-2 650M + CaLM,2,0.32,0.9676214196762142,0.9722222222222222,157,39,36,3
GAA,ESM-2 650M + CaLM,3,0.09,0.9545454545454546,1.0,157,39,36,3
GAA,ESM-2 650M + CaLM,4,0.24,0.971357409713574,0.9351851851851852,157,39,36,3
GAA,ESM-2 650M + CaLM,5,0.4,0.9666666666666668,0.945945945945946,157,39,37,2
GAA,ESM-2 150M + CaLM,1,0.38,0.9147335423197492,0.9369369369369368,156,40,37,3
GAA,ESM-2 150M + CaLM,2,0.02,0.9053549190535491,0.8888888888888888,157,39,36,3
GAA,ESM-2 150M + CaLM,3,0.38,0.9283935242839352,0.8703703703703703,157,39,36,3
GAA,ESM-2 150M + CaLM,4,0.38,0.9277708592777086,0.8796296296296297,157,39,36,3
GAA,ESM-2 150M + CaLM,5,0.38,0.9155172413793105,0.918918918918919,157,39,37,2
GAA,ESM-1b 650M + CaLM,1,0.25,0.9818181818181818,0.990990990990991,156,40,37,3
GAA,ESM-1b 650M + CaLM,2,0.25,0.9863013698630136,0.9629629629629628,157,39,36,3
GAA,ESM-1b 650M + CaLM,3,0.25,0.9782067247820672,1.0,157,39,36,3
GAA,ESM-1b 650M + CaLM,4,0.25,0.9800747198007472,0.9907407407407408,157,39,36,3
GAA,ESM-1b 650M + CaLM,5,0.25,0.986206896551724,0.9864864864864864,157,39,37,2
GABBR2,ESM-2 150M + 650M,1,0.48,0.8700564971751412,0.6666666666666666,65,17,2,15
GABBR2,ESM-2 150M + 650M,2,0.87,0.7824858757062146,0.8666666666666667,65,17,2,15
GABBR2,ESM-2 150M + 650M,3,0.64,0.8184019370460048,0.7333333333333333,66,16,1,15
GABBR2,ESM-2 150M + 650M,4,0.48,0.7893462469733656,1.0,66,16,1,15
GABBR2,ESM-2 150M + 650M,5,0.67,0.7833333333333333,0.8928571428571429,66,16,2,14
GABBR2,ESM-2 650M + ESM-1b 650M,1,0.36,0.8248587570621468,0.8333333333333334,65,17,2,15
GABBR2,ESM-2 650M + ESM-1b 650M,2,0.91,0.8870056497175142,0.6,65,17,2,15
GABBR2,ESM-2 650M + ESM-1b 650M,3,0.15,0.8329297820823245,0.8,66,16,1,15
GABBR2,ESM-2 650M + ESM-1b 650M,4,0.19,0.8232445520581114,1.0,66,16,1,15
GABBR2,ESM-2 650M + ESM-1b 650M,5,0.19,0.8305555555555556,0.8214285714285714,66,16,2,14
GABBR2,ESM-2 650M + CaLM,1,0.0,0.8700564971751412,0.5,65,17,2,15
GABBR2,ESM-2 650M + CaLM,2,0.0,0.844632768361582,0.6666666666666666,65,17,2,15
GABBR2,ESM-2 650M + CaLM,3,0.0,0.7530266343825666,1.0,66,16,1,15
GABBR2,ESM-2 650M + CaLM,4,0.0,0.7723970944309927,0.9333333333333332,66,16,1,15
GABBR2,ESM-2 650M + CaLM,5,0.0,0.7305555555555555,0.9285714285714286,66,16,2,14
GABBR2,ESM-2 150M + CaLM,1,0.38,0.7627118644067796,0.7333333333333333,65,17,2,15
GABBR2,ESM-2 150M + CaLM,2,0.07,0.8050847457627118,0.7,65,17,2,15
GABBR2,ESM-2 150M + CaLM,3,0.03,0.7263922518159807,1.0,66,16,1,15
GABBR2,ESM-2 150M + CaLM,4,0.08,0.8038740920096852,0.4666666666666667,66,16,1,15
GABBR2,ESM-2 150M + CaLM,5,0.24,0.7833333333333333,0.75,66,16,2,14
GABBR2,ESM-1b 650M + CaLM,1,0.05,0.8163841807909604,0.8,65,17,2,15
GABBR2,ESM-1b 650M + CaLM,2,0.0,0.8135593220338984,0.9,65,17,2,15
GABBR2,ESM-1b 650M + CaLM,3,0.05,0.8668280871670703,0.6,66,16,1,15
GABBR2,ESM-1b 650M + CaLM,4,0.04,0.784503631961259,1.0,66,16,1,15
GABBR2,ESM-1b 650M + CaLM,5,0.0,0.8138888888888889,0.7857142857142857,66,16,2,14
GABRA1,ESM-2 150M + 650M,1,0.04,0.8504901960784313,0.5925925925925926,46,12,9,3
GABRA1,ESM-2 150M + 650M,2,0.97,0.821078431372549,0.8148148148148148,46,12,9,3
GABRA1,ESM-2 150M + 650M,3,0.66,0.8725490196078431,0.5555555555555556,46,12,9,3
GABRA1,ESM-2 150M + 650M,4,0.56,0.7904761904761904,0.9583333333333334,47,11,8,3
GABRA1,ESM-2 150M + 650M,5,0.56,0.7785714285714286,0.9583333333333334,47,11,8,3
GABRA1,ESM-2 650M + ESM-1b 650M,1,0.91,0.8627450980392157,0.4074074074074074,46,12,9,3
GABRA1,ESM-2 650M + ESM-1b 650M,2,0.62,0.8553921568627451,0.6296296296296297,46,12,9,3
GABRA1,ESM-2 650M + ESM-1b 650M,3,0.02,0.8112745098039216,0.7777777777777778,46,12,9,3
GABRA1,ESM-2 650M + ESM-1b 650M,4,0.27,0.7619047619047619,1.0,47,11,8,3
GABRA1,ESM-2 650M + ESM-1b 650M,5,0.23,0.8452380952380952,0.7083333333333334,47,11,8,3
GABRA1,ESM-2 650M + CaLM,1,0.79,0.8578431372549019,0.8518518518518519,46,12,9,3
GABRA1,ESM-2 650M + CaLM,2,0.63,0.8504901960784313,0.8148148148148148,46,12,9,3
GABRA1,ESM-2 650M + CaLM,3,0.63,0.8161764705882353,1.0,46,12,9,3
GABRA1,ESM-2 650M + CaLM,4,0.6,0.8928571428571429,0.5833333333333334,47,11,8,3
GABRA1,ESM-2 650M + CaLM,5,0.59,0.830952380952381,0.9166666666666666,47,11,8,3
GABRA1,ESM-2 150M + CaLM,1,0.64,0.8235294117647058,0.7037037037037037,46,12,9,3
GABRA1,ESM-2 150M + CaLM,2,0.77,0.7769607843137255,1.0,46,12,9,3
GABRA1,ESM-2 150M + CaLM,3,0.77,0.8259803921568627,0.7777777777777778,46,12,9,3
GABRA1,ESM-2 150M + CaLM,4,0.77,0.8595238095238096,0.625,47,11,8,3
GABRA1,ESM-2 150M + CaLM,5,0.77,0.8238095238095238,0.8333333333333334,47,11,8,3
GABRA1,ESM-1b 650M + CaLM,1,0.6900000000000001,0.8848039215686274,0.7407407407407407,46,12,9,3
GABRA1,ESM-1b 650M + CaLM,2,0.6900000000000001,0.8553921568627451,0.7407407407407407,46,12,9,3
GABRA1,ESM-1b 650M + CaLM,3,0.61,0.8014705882352942,1.0,46,12,9,3
GABRA1,ESM-1b 650M + CaLM,4,0.6900000000000001,0.7976190476190477,1.0,47,11,8,3
GABRA1,ESM-1b 650M + CaLM,5,0.23,0.8952380952380953,0.5,47,11,8,3
GABRA2,ESM-2 150M + 650M,1,0.59,0.9206349206349206,0.6666666666666666,16,5,2,3
GABRA2,ESM-2 150M + 650M,2,0.99,0.8472222222222222,1.0,17,4,1,3
GABRA2,ESM-2 150M + 650M,3,0.75,0.8571428571428571,1.0,17,4,2,2
GABRA2,ESM-2 150M + 650M,4,0.99,0.8142857142857143,1.0,17,4,2,2
GABRA2,ESM-2 150M + 650M,5,0.99,0.9428571428571428,0.5,17,4,2,2
GABRA2,ESM-2 650M + ESM-1b 650M,1,0.0,0.8571428571428571,1.0,16,5,2,3
GABRA2,ESM-2 650M + ESM-1b 650M,2,0.0,0.8472222222222222,1.0,17,4,1,3
GABRA2,ESM-2 650M + ESM-1b 650M,3,0.0,0.9428571428571428,0.5,17,4,2,2
GABRA2,ESM-2 650M + ESM-1b 650M,4,0.0,0.8285714285714286,1.0,17,4,2,2
GABRA2,ESM-2 650M + ESM-1b 650M,5,0.0,0.9142857142857144,0.75,17,4,2,2
GABRA2,ESM-2 650M + CaLM,1,0.0,0.8571428571428571,1.0,16,5,2,3
GABRA2,ESM-2 650M + CaLM,2,0.51,0.875,0.6666666666666666,17,4,1,3
GABRA2,ESM-2 650M + CaLM,3,0.0,0.8285714285714286,1.0,17,4,2,2
GABRA2,ESM-2 650M + CaLM,4,0.0,0.9428571428571428,0.5,17,4,2,2
GABRA2,ESM-2 650M + CaLM,5,0.0,0.9142857142857144,0.75,17,4,2,2
GABRA2,ESM-2 150M + CaLM,1,0.99,0.7619047619047619,0.8333333333333334,16,5,2,3
GABRA2,ESM-2 150M + CaLM,2,0.99,0.6944444444444444,1.0,17,4,1,3
GABRA2,ESM-2 150M + CaLM,3,0.98,0.6857142857142857,1.0,17,4,2,2
GABRA2,ESM-2 150M + CaLM,4,0.98,0.8285714285714286,0.25,17,4,2,2
GABRA2,ESM-2 150M + CaLM,5,0.99,0.7714285714285715,0.5,17,4,2,2
GABRA2,ESM-1b 650M + CaLM,1,0.78,0.8412698412698413,0.5,16,5,2,3
GABRA2,ESM-1b 650M + CaLM,2,0.0,0.75,1.0,17,4,1,3
GABRA2,ESM-1b 650M + CaLM,3,0.0,0.7714285714285715,1.0,17,4,2,2
GABRA2,ESM-1b 650M + CaLM,4,0.0,0.8714285714285714,0.5,17,4,2,2
GABRA2,ESM-1b 650M + CaLM,5,0.0,0.8857142857142857,0.5,17,4,2,2
GABRB2,ESM-2 150M + 650M,1,0.46,0.9297235023041476,1.0,59,15,7,8
GABRB2,ESM-2 150M + 650M,2,0.26,0.9504608294930876,0.9464285714285714,59,15,7,8
GABRB2,ESM-2 150M + 650M,3,0.48,0.9504608294930876,0.9464285714285714,59,15,7,8
GABRB2,ESM-2 150M + 650M,4,0.33,0.9573732718894008,0.9107142857142856,59,15,7,8
GABRB2,ESM-2 150M + 650M,5,0.46,0.9542410714285714,0.9183673469387756,60,14,7,7
GABRB2,ESM-2 650M + ESM-1b 650M,1,0.55,0.9654377880184332,0.9464285714285714,59,15,7,8
GABRB2,ESM-2 650M + ESM-1b 650M,2,0.54,0.9527649769585254,0.9821428571428572,59,15,7,8
GABRB2,ESM-2 650M + ESM-1b 650M,3,0.64,0.966589861751152,0.9464285714285714,59,15,7,8
GABRB2,ESM-2 650M + ESM-1b 650M,4,0.27,0.9493087557603688,0.9821428571428572,59,15,7,8
GABRB2,ESM-2 650M + ESM-1b 650M,5,0.64,0.9631696428571428,0.9183673469387756,60,14,7,7
GABRB2,ESM-2 650M + CaLM,1,0.48,0.9550691244239632,0.875,59,15,7,8
GABRB2,ESM-2 650M + CaLM,2,0.5,0.9389400921658986,0.9464285714285714,59,15,7,8
GABRB2,ESM-2 650M + CaLM,3,0.52,0.9331797235023042,1.0,59,15,7,8
GABRB2,ESM-2 650M + CaLM,4,0.32,0.9550691244239632,0.875,59,15,7,8
GABRB2,ESM-2 650M + CaLM,5,0.33,0.9497767857142856,0.9387755102040816,60,14,7,7
GABRB2,ESM-2 150M + CaLM,1,0.1,0.923963133640553,0.9821428571428572,59,15,7,8
GABRB2,ESM-2 150M + CaLM,2,0.01,0.9308755760368664,0.9464285714285714,59,15,7,8
GABRB2,ESM-2 150M + CaLM,3,0.1,0.9274193548387096,0.9821428571428572,59,15,7,8
GABRB2,ESM-2 150M + CaLM,4,0.1,0.9366359447004609,0.9285714285714286,59,15,7,8
GABRB2,ESM-2 150M + CaLM,5,0.42,0.9765625,0.7346938775510204,60,14,7,7
GABRB2,ESM-1b 650M + CaLM,1,0.08,0.9758064516129032,0.8928571428571429,59,15,7,8
GABRB2,ESM-1b 650M + CaLM,2,0.37,0.9619815668202764,0.9642857142857144,59,15,7,8
GABRB2,ESM-1b 650M + CaLM,3,0.32,0.9516129032258064,0.9821428571428572,59,15,7,8
GABRB2,ESM-1b 650M + CaLM,4,0.32,0.9642857142857144,0.9642857142857144,59,15,7,8
GABRB2,ESM-1b 650M + CaLM,5,0.11,0.9508928571428572,1.0,60,14,7,7
GABRB3,ESM-2 150M + 650M,1,0.42,0.9444444444444444,0.8571428571428571,42,11,7,4
GABRB3,ESM-2 150M + 650M,2,0.26,0.9018567639257294,1.0,42,11,8,3
GABRB3,ESM-2 150M + 650M,3,0.84,0.960212201591512,0.6666666666666666,42,11,8,3
GABRB3,ESM-2 150M + 650M,4,0.26,0.9205128205128204,1.0,43,10,7,3
GABRB3,ESM-2 150M + 650M,5,0.52,0.9230769230769232,0.9523809523809524,43,10,7,3
GABRB3,ESM-2 650M + ESM-1b 650M,1,0.8300000000000001,0.9694444444444444,1.0,42,11,7,4
GABRB3,ESM-2 650M + ESM-1b 650M,2,0.35,1.0,0.6666666666666666,42,11,8,3
GABRB3,ESM-2 650M + ESM-1b 650M,3,0.99,0.973474801061008,1.0,42,11,8,3
GABRB3,ESM-2 650M + ESM-1b 650M,4,0.99,0.9743589743589745,1.0,43,10,7,3
GABRB3,ESM-2 650M + ESM-1b 650M,5,0.99,0.9794871794871794,1.0,43,10,7,3
GABRB3,ESM-2 650M + CaLM,1,0.58,0.9611111111111112,0.8571428571428571,42,11,7,4
GABRB3,ESM-2 650M + CaLM,2,0.73,0.9442970822281168,0.9166666666666666,42,11,8,3
GABRB3,ESM-2 650M + CaLM,3,0.52,0.9310344827586208,1.0,42,11,8,3
GABRB3,ESM-2 650M + CaLM,4,0.58,0.9282051282051282,1.0,43,10,7,3
GABRB3,ESM-2 650M + CaLM,5,0.18,0.9666666666666668,0.7619047619047619,43,10,7,3
GABRB3,ESM-2 150M + CaLM,1,0.71,0.9305555555555556,0.9285714285714286,42,11,7,4
GABRB3,ESM-2 150M + CaLM,2,0.93,0.9098143236074272,1.0,42,11,8,3
GABRB3,ESM-2 150M + CaLM,3,0.75,0.93368700265252,0.875,42,11,8,3
GABRB3,ESM-2 150M + CaLM,4,0.85,0.946153846153846,0.8571428571428571,43,10,7,3
GABRB3,ESM-2 150M + CaLM,5,0.93,0.9282051282051282,0.9047619047619048,43,10,7,3
GABRB3,ESM-1b 650M + CaLM,1,0.0,0.9944444444444444,0.9285714285714286,42,11,7,4
GABRB3,ESM-1b 650M + CaLM,2,0.0,0.973474801061008,1.0,42,11,8,3
GABRB3,ESM-1b 650M + CaLM,3,0.0,0.9814323607427056,0.9583333333333334,42,11,8,3
GABRB3,ESM-1b 650M + CaLM,4,0.0,0.9743589743589745,1.0,43,10,7,3
GABRB3,ESM-1b 650M + CaLM,5,0.0,0.9743589743589745,1.0,43,10,7,3
GABRG2,ESM-2 150M + 650M,1,0.7000000000000001,0.9924812030075189,1.0,26,7,5,2
GABRG2,ESM-2 150M + 650M,2,0.48,0.9849624060150376,1.0,26,7,5,2
GABRG2,ESM-2 150M + 650M,3,0.7000000000000001,0.9924812030075189,1.0,26,7,5,2
GABRG2,ESM-2 150M + 650M,4,0.48,1.0,1.0,27,6,4,2
GABRG2,ESM-2 150M + 650M,5,0.7000000000000001,0.986842105263158,1.0,27,6,5,1
GABRG2,ESM-2 650M + ESM-1b 650M,1,0.0,0.9849624060150376,1.0,26,7,5,2
GABRG2,ESM-2 650M + ESM-1b 650M,2,0.0,0.9924812030075189,1.0,26,7,5,2
GABRG2,ESM-2 650M + ESM-1b 650M,3,0.0,1.0,1.0,26,7,5,2
GABRG2,ESM-2 650M + ESM-1b 650M,4,0.0,0.9857142857142858,1.0,27,6,4,2
GABRG2,ESM-2 650M + ESM-1b 650M,5,0.0,0.993421052631579,1.0,27,6,5,1
GABRG2,ESM-2 650M + CaLM,1,0.0,0.9849624060150376,1.0,26,7,5,2
GABRG2,ESM-2 650M + CaLM,2,0.0,0.9924812030075189,1.0,26,7,5,2
GABRG2,ESM-2 650M + CaLM,3,0.0,0.9924812030075189,1.0,26,7,5,2
GABRG2,ESM-2 650M + CaLM,4,0.0,0.9857142857142858,1.0,27,6,4,2
GABRG2,ESM-2 650M + CaLM,5,0.0,1.0,1.0,27,6,5,1
GABRG2,ESM-2 150M + CaLM,1,0.0,0.9849624060150376,0.8,26,7,5,2
GABRG2,ESM-2 150M + CaLM,2,0.96,0.9699248120300752,0.8,26,7,5,2
GABRG2,ESM-2 150M + CaLM,3,0.0,0.9398496240601504,1.0,26,7,5,2
GABRG2,ESM-2 150M + CaLM,4,0.0,0.9357142857142856,1.0,27,6,4,2
GABRG2,ESM-2 150M + CaLM,5,0.0,0.9407894736842104,1.0,27,6,5,1
GABRG2,ESM-1b 650M + CaLM,1,0.66,0.9548872180451128,1.0,26,7,5,2
GABRG2,ESM-1b 650M + CaLM,2,0.66,0.9548872180451128,1.0,26,7,5,2
GABRG2,ESM-1b 650M + CaLM,3,0.0,0.9699248120300752,1.0,26,7,5,2
GABRG2,ESM-1b 650M + CaLM,4,0.0,1.0,0.75,27,6,4,2
GABRG2,ESM-1b 650M + CaLM,5,0.66,0.9736842105263158,1.0,27,6,5,1
GALC,ESM-2 150M + 650M,1,0.71,0.9678571428571427,0.9642857142857144,61,16,14,2
GALC,ESM-2 150M + 650M,2,0.71,0.9571428571428572,1.0,61,16,14,2
GALC,ESM-2 150M + 650M,3,0.8300000000000001,0.9851190476190476,0.9285714285714286,62,15,14,1
GALC,ESM-2 150M + 650M,4,0.35,0.9613095238095238,0.9285714285714286,62,15,14,1
GALC,ESM-2 150M + 650M,5,0.8300000000000001,0.9583333333333334,1.0,62,15,14,1
GALC,ESM-2 650M + ESM-1b 650M,1,0.0,0.9821428571428572,0.8214285714285714,61,16,14,2
GALC,ESM-2 650M + ESM-1b 650M,2,0.37,0.9535714285714286,1.0,61,16,14,2
GALC,ESM-2 650M + ESM-1b 650M,3,0.31,0.9732142857142856,0.9285714285714286,62,15,14,1
GALC,ESM-2 650M + ESM-1b 650M,4,0.63,0.9642857142857144,1.0,62,15,14,1
GALC,ESM-2 650M + ESM-1b 650M,5,0.37,0.9583333333333334,1.0,62,15,14,1
GALC,ESM-2 650M + CaLM,1,0.05,0.9892857142857144,0.8571428571428571,61,16,14,2
GALC,ESM-2 650M + CaLM,2,0.15,0.9535714285714286,1.0,61,16,14,2
GALC,ESM-2 650M + CaLM,3,0.15,0.9672619047619048,0.9285714285714286,62,15,14,1
GALC,ESM-2 650M + CaLM,4,0.27,0.9642857142857144,1.0,62,15,14,1
GALC,ESM-2 650M + CaLM,5,0.15,0.9523809523809524,1.0,62,15,14,1
GALC,ESM-2 150M + CaLM,1,0.07,0.875,0.9642857142857144,61,16,14,2
GALC,ESM-2 150M + CaLM,2,0.0,0.8892857142857142,0.8571428571428571,61,16,14,2
GALC,ESM-2 150M + CaLM,3,0.07,0.9226190476190476,0.7142857142857143,62,15,14,1
GALC,ESM-2 150M + CaLM,4,0.0,0.8928571428571429,1.0,62,15,14,1
GALC,ESM-2 150M + CaLM,5,0.0,0.8869047619047619,0.9285714285714286,62,15,14,1
GALC,ESM-1b 650M + CaLM,1,0.01,0.9285714285714286,1.0,61,16,14,2
GALC,ESM-1b 650M + CaLM,2,0.08,0.9392857142857144,1.0,61,16,14,2
GALC,ESM-1b 650M + CaLM,3,0.01,0.9434523809523808,0.9285714285714286,62,15,14,1
GALC,ESM-1b 650M + CaLM,4,0.01,0.9672619047619048,0.8571428571428571,62,15,14,1
GALC,ESM-1b 650M + CaLM,5,0.01,0.9523809523809524,1.0,62,15,14,1
GALNS,ESM-2 150M + 650M,1,0.56,0.8461538461538461,0.7692307692307693,60,15,13,2
GALNS,ESM-2 150M + 650M,2,0.6,0.8293269230769231,0.8846153846153846,60,15,13,2
GALNS,ESM-2 150M + 650M,3,0.48,0.8100961538461539,0.7692307692307693,60,15,13,2
GALNS,ESM-2 150M + 650M,4,0.7000000000000001,0.8509615384615384,0.8076923076923077,60,15,13,2
GALNS,ESM-2 150M + 650M,5,0.5700000000000001,0.8245192307692307,0.8846153846153846,60,15,13,2
GALNS,ESM-2 650M + ESM-1b 650M,1,0.89,0.9254807692307692,0.7692307692307693,60,15,13,2
GALNS,ESM-2 650M + ESM-1b 650M,2,0.55,0.9014423076923076,0.8846153846153846,60,15,13,2
GALNS,ESM-2 650M + ESM-1b 650M,3,0.47,0.875,0.9230769230769232,60,15,13,2
GALNS,ESM-2 650M + ESM-1b 650M,4,0.92,0.9014423076923076,0.9230769230769232,60,15,13,2
GALNS,ESM-2 650M + ESM-1b 650M,5,0.5700000000000001,0.9110576923076924,0.8076923076923077,60,15,13,2
GALNS,ESM-2 650M + CaLM,1,0.39,0.875,0.7307692307692307,60,15,13,2
GALNS,ESM-2 650M + CaLM,2,0.39,0.8725961538461539,0.7307692307692307,60,15,13,2
GALNS,ESM-2 650M + CaLM,3,0.39,0.8100961538461539,0.9615384615384616,60,15,13,2
GALNS,ESM-2 650M + CaLM,4,0.33,0.8100961538461539,0.9615384615384616,60,15,13,2
GALNS,ESM-2 650M + CaLM,5,0.39,0.8413461538461539,0.8461538461538461,60,15,13,2
GALNS,ESM-2 150M + CaLM,1,0.31,0.71875,0.8461538461538461,60,15,13,2
GALNS,ESM-2 150M + CaLM,2,0.67,0.8149038461538461,0.4615384615384615,60,15,13,2
GALNS,ESM-2 150M + CaLM,3,0.76,0.7331730769230769,0.8076923076923077,60,15,13,2
GALNS,ESM-2 150M + CaLM,4,0.23,0.7475961538461539,0.7692307692307693,60,15,13,2
GALNS,ESM-2 150M + CaLM,5,0.26,0.7403846153846154,0.8461538461538461,60,15,13,2
GALNS,ESM-1b 650M + CaLM,1,0.0,0.9014423076923076,0.8846153846153846,60,15,13,2
GALNS,ESM-1b 650M + CaLM,2,0.38,0.8629807692307693,0.9615384615384616,60,15,13,2
GALNS,ESM-1b 650M + CaLM,3,0.0,0.8846153846153846,0.9615384615384616,60,15,13,2
GALNS,ESM-1b 650M + CaLM,4,0.22,0.8990384615384616,0.8846153846153846,60,15,13,2
GALNS,ESM-1b 650M + CaLM,5,0.04,0.9326923076923076,0.8076923076923077,60,15,13,2
GAMT,ESM-2 150M + 650M,1,0.5,0.9431818181818182,1.0,26,7,6,1
GAMT,ESM-2 150M + 650M,2,0.53,0.9886363636363636,1.0,26,7,6,1
GAMT,ESM-2 150M + 650M,3,0.81,0.9772727272727272,0.8333333333333334,26,7,6,1
GAMT,ESM-2 150M + 650M,4,0.81,0.967391304347826,1.0,27,6,5,1
GAMT,ESM-2 150M + 650M,5,0.53,0.9347826086956522,1.0,27,6,5,1
GAMT,ESM-2 650M + ESM-1b 650M,1,0.15,0.9772727272727272,1.0,26,7,6,1
GAMT,ESM-2 650M + ESM-1b 650M,2,0.15,0.9772727272727272,1.0,26,7,6,1
GAMT,ESM-2 650M + ESM-1b 650M,3,0.15,0.9772727272727272,1.0,26,7,6,1
GAMT,ESM-2 650M + ESM-1b 650M,4,0.0,0.967391304347826,1.0,27,6,5,1
GAMT,ESM-2 650M + ESM-1b 650M,5,0.15,0.9782608695652174,1.0,27,6,5,1
GAMT,ESM-2 650M + CaLM,1,0.3,0.9772727272727272,1.0,26,7,6,1
GAMT,ESM-2 650M + CaLM,2,0.17,0.9886363636363636,1.0,26,7,6,1
GAMT,ESM-2 650M + CaLM,3,0.3,0.9772727272727272,1.0,26,7,6,1
GAMT,ESM-2 650M + CaLM,4,0.3,0.9891304347826086,1.0,27,6,5,1
GAMT,ESM-2 650M + CaLM,5,0.1,1.0,1.0,27,6,5,1
GAMT,ESM-2 150M + CaLM,1,0.32,0.9431818181818182,0.5,26,7,6,1
GAMT,ESM-2 150M + CaLM,2,0.24,0.8522727272727273,1.0,26,7,6,1
GAMT,ESM-2 150M + CaLM,3,0.24,0.8636363636363636,0.8333333333333334,26,7,6,1
GAMT,ESM-2 150M + CaLM,4,0.24,0.8586956521739131,1.0,27,6,5,1
GAMT,ESM-2 150M + CaLM,5,0.33,0.8369565217391305,1.0,27,6,5,1
GAMT,ESM-1b 650M + CaLM,1,0.02,0.8522727272727273,1.0,26,7,6,1
GAMT,ESM-1b 650M + CaLM,2,0.0,0.8863636363636364,0.8333333333333334,26,7,6,1
GAMT,ESM-1b 650M + CaLM,3,0.02,0.8863636363636364,0.8333333333333334,26,7,6,1
GAMT,ESM-1b 650M + CaLM,4,0.0,0.8586956521739131,1.0,27,6,5,1
GAMT,ESM-1b 650M + CaLM,5,0.02,0.8804347826086957,0.8,27,6,5,1
GARS1,ESM-2 150M + 650M,1,0.38,0.8035714285714286,0.7777777777777778,22,6,3,3
GARS1,ESM-2 150M + 650M,2,0.85,0.8547008547008547,0.625,22,6,4,2
GARS1,ESM-2 150M + 650M,3,0.85,0.7521367521367521,1.0,22,6,4,2
GARS1,ESM-2 150M + 650M,4,0.01,0.8095238095238095,0.6666666666666666,23,5,3,2
GARS1,ESM-2 150M + 650M,5,0.78,0.8095238095238095,0.6666666666666666,23,5,3,2
GARS1,ESM-2 650M + ESM-1b 650M,1,0.96,0.9107142857142856,1.0,22,6,3,3
GARS1,ESM-2 650M + ESM-1b 650M,2,0.96,0.9316239316239316,1.0,22,6,4,2
GARS1,ESM-2 650M + ESM-1b 650M,3,0.86,0.9230769230769232,1.0,22,6,4,2
GARS1,ESM-2 650M + ESM-1b 650M,4,0.96,1.0,0.6666666666666666,23,5,3,2
GARS1,ESM-2 650M + ESM-1b 650M,5,0.86,0.9603174603174603,1.0,23,5,3,2
GARS1,ESM-2 650M + CaLM,1,0.68,0.9107142857142856,1.0,22,6,3,3
GARS1,ESM-2 650M + CaLM,2,0.63,0.9743589743589745,0.75,22,6,4,2
GARS1,ESM-2 650M + CaLM,3,0.8200000000000001,0.9572649572649572,0.875,22,6,4,2
GARS1,ESM-2 650M + CaLM,4,0.6,0.9047619047619048,1.0,23,5,3,2
GARS1,ESM-2 650M + CaLM,5,0.8200000000000001,0.9285714285714286,1.0,23,5,3,2
GARS1,ESM-2 150M + CaLM,1,0.58,0.9642857142857144,0.7777777777777778,22,6,3,3
GARS1,ESM-2 150M + CaLM,2,0.72,0.9316239316239316,1.0,22,6,4,2
GARS1,ESM-2 150M + CaLM,3,0.72,0.9145299145299144,1.0,22,6,4,2
GARS1,ESM-2 150M + CaLM,4,0.62,0.9126984126984128,1.0,23,5,3,2
GARS1,ESM-2 150M + CaLM,5,0.72,0.9523809523809524,0.8333333333333334,23,5,3,2
GARS1,ESM-1b 650M + CaLM,1,0.42,0.9375,1.0,22,6,3,3
GARS1,ESM-1b 650M + CaLM,2,0.33,1.0,0.75,22,6,4,2
GARS1,ESM-1b 650M + CaLM,3,0.62,0.9743589743589745,0.875,22,6,4,2
GARS1,ESM-1b 650M + CaLM,4,0.34,0.9523809523809524,1.0,23,5,3,2
GARS1,ESM-1b 650M + CaLM,5,0.0,0.9523809523809524,1.0,23,5,3,2
GATA1,ESM-2 150M + 650M,1,0.95,0.7291666666666666,1.0,20,6,2,4
GATA1,ESM-2 150M + 650M,2,0.95,0.75,1.0,21,5,2,3
GATA1,ESM-2 150M + 650M,3,0.95,0.7115384615384616,1.0,21,5,2,3
GATA1,ESM-2 150M + 650M,4,0.76,0.8365384615384616,0.5,21,5,2,3
GATA1,ESM-2 150M + 650M,5,0.91,0.8653846153846154,0.6666666666666666,21,5,2,3
GATA1,ESM-2 650M + ESM-1b 650M,1,0.36,0.9895833333333334,0.5,20,6,2,4
GATA1,ESM-2 650M + ESM-1b 650M,2,0.76,0.875,1.0,21,5,2,3
GATA1,ESM-2 650M + ESM-1b 650M,3,0.76,0.875,1.0,21,5,2,3
GATA1,ESM-2 650M + ESM-1b 650M,4,0.76,0.903846153846154,0.8333333333333334,21,5,2,3
GATA1,ESM-2 650M + ESM-1b 650M,5,0.39,0.875,1.0,21,5,2,3
GATA1,ESM-2 650M + CaLM,1,0.73,0.90625,1.0,20,6,2,4
GATA1,ESM-2 650M + CaLM,2,0.79,0.9134615384615384,1.0,21,5,2,3
GATA1,ESM-2 650M + CaLM,3,0.7000000000000001,1.0,0.6666666666666666,21,5,2,3
GATA1,ESM-2 650M + CaLM,4,0.79,0.9230769230769232,1.0,21,5,2,3
GATA1,ESM-2 650M + CaLM,5,0.79,0.9134615384615384,1.0,21,5,2,3
GATA1,ESM-2 150M + CaLM,1,0.77,0.9166666666666666,1.0,20,6,2,4
GATA1,ESM-2 150M + CaLM,2,0.64,0.903846153846154,1.0,21,5,2,3
GATA1,ESM-2 150M + CaLM,3,0.81,0.9230769230769232,1.0,21,5,2,3
GATA1,ESM-2 150M + CaLM,4,0.81,1.0,0.5,21,5,2,3
GATA1,ESM-2 150M + CaLM,5,0.81,0.903846153846154,1.0,21,5,2,3
GATA1,ESM-1b 650M + CaLM,1,0.8200000000000001,0.90625,1.0,20,6,2,4
GATA1,ESM-1b 650M + CaLM,2,0.8200000000000001,0.9230769230769232,1.0,21,5,2,3
GATA1,ESM-1b 650M + CaLM,3,0.8200000000000001,0.9134615384615384,1.0,21,5,2,3
GATA1,ESM-1b 650M + CaLM,4,0.64,0.9134615384615384,0.8333333333333334,21,5,2,3
GATA1,ESM-1b 650M + CaLM,5,0.8200000000000001,1.0,0.6666666666666666,21,5,2,3
GATA2,ESM-2 150M + 650M,1,0.81,0.8735632183908046,1.0,41,11,8,3
GATA2,ESM-2 150M + 650M,2,0.81,0.882183908045977,0.9166666666666666,41,11,8,3
GATA2,ESM-2 150M + 650M,3,0.96,0.9333333333333332,0.7142857142857143,42,10,7,3
GATA2,ESM-2 150M + 650M,4,0.65,0.875,0.9047619047619048,42,10,7,3
GATA2,ESM-2 150M + 650M,5,0.79,0.8805555555555555,1.0,42,10,7,3
GATA2,ESM-2 650M + ESM-1b 650M,1,0.28,1.0,0.9583333333333334,41,11,8,3
GATA2,ESM-2 650M + ESM-1b 650M,2,0.42,1.0,1.0,41,11,8,3
GATA2,ESM-2 650M + ESM-1b 650M,3,0.39,1.0,1.0,42,10,7,3
GATA2,ESM-2 650M + ESM-1b 650M,4,0.42,1.0,1.0,42,10,7,3
GATA2,ESM-2 650M + ESM-1b 650M,5,0.42,1.0,1.0,42,10,7,3
GATA2,ESM-2 650M + CaLM,1,0.26,1.0,0.9166666666666666,41,11,8,3
GATA2,ESM-2 650M + CaLM,2,0.72,0.9798850574712644,1.0,41,11,8,3
GATA2,ESM-2 650M + CaLM,3,0.72,0.9777777777777776,1.0,42,10,7,3
GATA2,ESM-2 650M + CaLM,4,0.31,0.975,1.0,42,10,7,3
GATA2,ESM-2 650M + CaLM,5,0.72,0.9805555555555556,1.0,42,10,7,3
GATA2,ESM-2 150M + CaLM,1,0.36,1.0,0.875,41,11,8,3
GATA2,ESM-2 150M + CaLM,2,0.76,0.9770114942528736,1.0,41,11,8,3
GATA2,ESM-2 150M + CaLM,3,0.48,0.9722222222222222,1.0,42,10,7,3
GATA2,ESM-2 150M + CaLM,4,0.76,0.975,1.0,42,10,7,3
GATA2,ESM-2 150M + CaLM,5,0.76,0.9777777777777776,1.0,42,10,7,3
GATA2,ESM-1b 650M + CaLM,1,0.0,1.0,1.0,41,11,8,3
GATA2,ESM-1b 650M + CaLM,2,0.0,1.0,1.0,41,11,8,3
GATA2,ESM-1b 650M + CaLM,3,0.0,1.0,1.0,42,10,7,3
GATA2,ESM-1b 650M + CaLM,4,0.0,1.0,1.0,42,10,7,3
GATA2,ESM-1b 650M + CaLM,5,0.0,1.0,1.0,42,10,7,3
GATA4,ESM-2 150M + 650M,1,0.0,1.0,1.0,12,3,1,2
GATA4,ESM-2 150M + 650M,2,0.0,1.0,1.0,12,3,1,2
GATA4,ESM-2 150M + 650M,3,0.0,1.0,1.0,12,3,1,2
GATA4,ESM-2 150M + 650M,4,0.0,1.0,1.0,12,3,2,1
GATA4,ESM-2 150M + 650M,5,0.0,1.0,1.0,12,3,2,1
GATA4,ESM-2 650M + ESM-1b 650M,1,0.0,1.0,1.0,12,3,1,2
GATA4,ESM-2 650M + ESM-1b 650M,2,0.0,1.0,1.0,12,3,1,2
GATA4,ESM-2 650M + ESM-1b 650M,3,0.0,1.0,1.0,12,3,1,2
GATA4,ESM-2 650M + ESM-1b 650M,4,0.0,1.0,1.0,12,3,2,1
GATA4,ESM-2 650M + ESM-1b 650M,5,0.0,1.0,1.0,12,3,2,1
GATA4,ESM-2 650M + CaLM,1,0.0,1.0,1.0,12,3,1,2
GATA4,ESM-2 650M + CaLM,2,0.0,1.0,1.0,12,3,1,2
GATA4,ESM-2 650M + CaLM,3,0.0,1.0,1.0,12,3,1,2
GATA4,ESM-2 650M + CaLM,4,0.0,1.0,1.0,12,3,2,1
GATA4,ESM-2 650M + CaLM,5,0.0,1.0,1.0,12,3,2,1
GATA4,ESM-2 150M + CaLM,1,0.0,1.0,1.0,12,3,1,2
GATA4,ESM-2 150M + CaLM,2,0.0,1.0,1.0,12,3,1,2
GATA4,ESM-2 150M + CaLM,3,0.0,1.0,1.0,12,3,1,2
GATA4,ESM-2 150M + CaLM,4,0.0,1.0,1.0,12,3,2,1
GATA4,ESM-2 150M + CaLM,5,0.0,1.0,1.0,12,3,2,1
GATA4,ESM-1b 650M + CaLM,1,0.0,1.0,1.0,12,3,1,2
GATA4,ESM-1b 650M + CaLM,2,0.0,1.0,1.0,12,3,1,2
GATA4,ESM-1b 650M + CaLM,3,0.0,1.0,1.0,12,3,1,2
GATA4,ESM-1b 650M + CaLM,4,0.0,1.0,1.0,12,3,2,1
GATA4,ESM-1b 650M + CaLM,5,0.0,1.0,1.0,12,3,2,1
GBA2,ESM-2 150M + 650M,1,0.0,1.0,1.0,9,3,1,2
GBA2,ESM-2 150M + 650M,2,0.0,1.0,1.0,9,3,1,2
GBA2,ESM-2 150M + 650M,3,0.0,1.0,1.0,10,2,1,1
GBA2,ESM-2 150M + 650M,4,0.0,1.0,1.0,10,2,1,1
GBA2,ESM-2 150M + 650M,5,0.0,1.0,1.0,10,2,1,1
GBA2,ESM-2 650M + ESM-1b 650M,1,0.0,1.0,1.0,9,3,1,2
GBA2,ESM-2 650M + ESM-1b 650M,2,0.0,1.0,1.0,9,3,1,2
GBA2,ESM-2 650M + ESM-1b 650M,3,0.0,1.0,1.0,10,2,1,1
GBA2,ESM-2 650M + ESM-1b 650M,4,0.0,1.0,1.0,10,2,1,1
GBA2,ESM-2 650M + ESM-1b 650M,5,0.0,1.0,1.0,10,2,1,1
GBA2,ESM-2 650M + CaLM,1,0.0,1.0,1.0,9,3,1,2
GBA2,ESM-2 650M + CaLM,2,0.0,1.0,1.0,9,3,1,2
GBA2,ESM-2 650M + CaLM,3,0.0,1.0,1.0,10,2,1,1
GBA2,ESM-2 650M + CaLM,4,0.0,1.0,1.0,10,2,1,1
GBA2,ESM-2 650M + CaLM,5,0.0,1.0,1.0,10,2,1,1
GBA2,ESM-2 150M + CaLM,1,0.0,1.0,1.0,9,3,1,2
GBA2,ESM-2 150M + CaLM,2,0.0,1.0,1.0,9,3,1,2
GBA2,ESM-2 150M + CaLM,3,0.0,1.0,1.0,10,2,1,1
GBA2,ESM-2 150M + CaLM,4,0.0,1.0,1.0,10,2,1,1
GBA2,ESM-2 150M + CaLM,5,0.0,1.0,1.0,10,2,1,1
GBA2,ESM-1b 650M + CaLM,1,0.0,1.0,1.0,9,3,1,2
GBA2,ESM-1b 650M + CaLM,2,0.0,1.0,1.0,9,3,1,2
GBA2,ESM-1b 650M + CaLM,3,0.0,1.0,1.0,10,2,1,1
GBA2,ESM-1b 650M + CaLM,4,0.0,1.0,1.0,10,2,1,1
GBA2,ESM-1b 650M + CaLM,5,0.0,1.0,1.0,10,2,1,1
GBE1,ESM-2 150M + 650M,1,0.58,0.8809523809523809,1.0,20,6,4,2
GBE1,ESM-2 150M + 650M,2,0.58,0.9444444444444444,0.8333333333333334,21,5,3,2
GBE1,ESM-2 150M + 650M,3,0.58,0.9333333333333332,0.8333333333333334,21,5,3,2
GBE1,ESM-2 150M + 650M,4,0.74,0.9591836734693876,0.5,21,5,4,1
GBE1,ESM-2 150M + 650M,5,0.58,0.9285714285714286,1.0,21,5,4,1
GBE1,ESM-2 650M + ESM-1b 650M,1,0.0,0.9166666666666666,1.0,20,6,4,2
GBE1,ESM-2 650M + ESM-1b 650M,2,0.23,0.9333333333333332,1.0,21,5,3,2
GBE1,ESM-2 650M + ESM-1b 650M,3,0.0,0.9111111111111112,1.0,21,5,3,2
GBE1,ESM-2 650M + ESM-1b 650M,4,0.23,0.8979591836734694,1.0,21,5,4,1
GBE1,ESM-2 650M + ESM-1b 650M,5,0.41,0.979591836734694,0.25,21,5,4,1
GBE1,ESM-2 650M + CaLM,1,0.0,0.9404761904761904,0.875,20,6,4,2
GBE1,ESM-2 650M + CaLM,2,0.02,0.9555555555555556,0.8333333333333334,21,5,3,2
GBE1,ESM-2 650M + CaLM,3,0.67,0.9222222222222224,1.0,21,5,3,2
GBE1,ESM-2 650M + CaLM,4,0.45,0.9489795918367347,1.0,21,5,4,1
GBE1,ESM-2 650M + CaLM,5,0.0,0.9183673469387756,1.0,21,5,4,1
GBE1,ESM-2 150M + CaLM,1,0.73,0.8809523809523809,1.0,20,6,4,2
GBE1,ESM-2 150M + CaLM,2,0.73,0.9333333333333332,0.6666666666666666,21,5,3,2
GBE1,ESM-2 150M + CaLM,3,0.3,0.9111111111111112,0.6666666666666666,21,5,3,2
GBE1,ESM-2 150M + CaLM,4,0.35,0.8673469387755102,1.0,21,5,4,1
GBE1,ESM-2 150M + CaLM,5,0.31,0.8775510204081632,0.75,21,5,4,1
GBE1,ESM-1b 650M + CaLM,1,0.48,0.8928571428571429,1.0,20,6,4,2
GBE1,ESM-1b 650M + CaLM,2,0.63,0.9111111111111112,1.0,21,5,3,2
GBE1,ESM-1b 650M + CaLM,3,0.79,0.9444444444444444,1.0,21,5,3,2
GBE1,ESM-1b 650M + CaLM,4,0.63,0.8877551020408163,1.0,21,5,4,1
GBE1,ESM-1b 650M + CaLM,5,0.0,0.9591836734693876,0.25,21,5,4,1
GCK,ESM-2 150M + 650M,1,0.95,0.8307416267942583,0.9528301886792452,217,55,53,2
GCK,ESM-2 150M + 650M,2,1.0,0.90311004784689,0.6886792452830188,217,55,53,2
GCK,ESM-2 150M + 650M,3,0.9,0.8386904761904762,0.903846153846154,218,54,52,2
GCK,ESM-2 150M + 650M,4,0.19,0.8875,0.6442307692307693,218,54,52,2
GCK,ESM-2 150M + 650M,5,1.0,0.830952380952381,0.9230769230769232,218,54,52,2
GCK,ESM-2 650M + ESM-1b 650M,1,0.61,0.9647129186602872,0.660377358490566,217,55,53,2
GCK,ESM-2 650M + ESM-1b 650M,2,0.32,0.9120813397129188,0.9056603773584906,217,55,53,2
GCK,ESM-2 650M + ESM-1b 650M,3,0.5,0.9011904761904762,0.971153846153846,218,54,52,2
GCK,ESM-2 650M + ESM-1b 650M,4,0.5,0.8869047619047619,1.0,218,54,52,2
GCK,ESM-2 650M + ESM-1b 650M,5,0.5,0.9208333333333332,0.8461538461538461,218,54,52,2
GCK,ESM-2 650M + CaLM,1,0.0,0.8905502392344498,0.7358490566037735,217,55,53,2
GCK,ESM-2 650M + CaLM,2,0.02,0.8486842105263158,0.8773584905660378,217,55,53,2
GCK,ESM-2 650M + CaLM,3,0.25,0.8363095238095238,0.9326923076923076,218,54,52,2
GCK,ESM-2 650M + CaLM,4,0.44,0.8839285714285714,0.75,218,54,52,2
GCK,ESM-2 650M + CaLM,5,0.02,0.8375,0.9423076923076924,218,54,52,2
GCK,ESM-2 150M + CaLM,1,0.19,0.7930622009569378,1.0,217,55,53,2
GCK,ESM-2 150M + CaLM,2,0.18,0.8271531100478469,0.8584905660377359,217,55,53,2
GCK,ESM-2 150M + CaLM,3,0.24,0.9035714285714286,0.5480769230769231,218,54,52,2
GCK,ESM-2 150M + CaLM,4,0.18,0.8339285714285715,0.8461538461538461,218,54,52,2
GCK,ESM-2 150M + CaLM,5,0.22,0.8184523809523809,0.8846153846153846,218,54,52,2
GCK,ESM-1b 650M + CaLM,1,0.37,0.8744019138755981,0.9433962264150944,217,55,53,2
GCK,ESM-1b 650M + CaLM,2,0.41,0.8827751196172249,0.8962264150943396,217,55,53,2
GCK,ESM-1b 650M + CaLM,3,0.39,0.9565476190476192,0.6346153846153846,218,54,52,2
GCK,ESM-1b 650M + CaLM,4,0.42,0.861904761904762,0.9807692307692308,218,54,52,2
GCK,ESM-1b 650M + CaLM,5,0.42,0.8613095238095239,1.0,218,54,52,2
GCM2,ESM-2 150M + 650M,1,0.0,0.6666666666666666,0.0,12,3,1,2
GCM2,ESM-2 150M + 650M,2,0.6900000000000001,0.6666666666666666,0.0,12,3,1,2
GCM2,ESM-2 150M + 650M,3,0.68,0.5833333333333334,1.0,12,3,1,2
GCM2,ESM-2 150M + 650M,4,0.68,0.6857142857142857,0.5,12,3,2,1
GCM2,ESM-2 150M + 650M,5,0.6900000000000001,0.4571428571428571,1.0,12,3,2,1
GCM2,ESM-2 650M + ESM-1b 650M,1,0.45,0.6944444444444444,1.0,12,3,1,2
GCM2,ESM-2 650M + ESM-1b 650M,2,0.09,0.8333333333333334,0.0,12,3,1,2
GCM2,ESM-2 650M + ESM-1b 650M,3,0.45,0.6944444444444444,1.0,12,3,1,2
GCM2,ESM-2 650M + ESM-1b 650M,4,0.09,0.6,1.0,12,3,2,1
GCM2,ESM-2 650M + ESM-1b 650M,5,0.45,0.8285714285714286,0.5,12,3,2,1
GCM2,ESM-2 650M + CaLM,1,0.21,0.8055555555555556,0.0,12,3,1,2
GCM2,ESM-2 650M + CaLM,2,0.25,0.6111111111111112,1.0,12,3,1,2
GCM2,ESM-2 650M + CaLM,3,0.0,0.5,1.0,12,3,1,2
GCM2,ESM-2 650M + CaLM,4,0.16,0.6285714285714286,1.0,12,3,2,1
GCM2,ESM-2 650M + CaLM,5,0.29,0.6857142857142857,0.5,12,3,2,1
GCM2,ESM-2 150M + CaLM,1,0.01,0.4444444444444444,1.0,12,3,1,2
GCM2,ESM-2 150M + CaLM,2,0.52,0.5555555555555556,0.5,12,3,1,2
GCM2,ESM-2 150M + CaLM,3,0.01,0.6388888888888888,0.0,12,3,1,2
GCM2,ESM-2 150M + CaLM,4,0.0,0.5428571428571428,0.5,12,3,2,1
GCM2,ESM-2 150M + CaLM,5,0.01,0.6571428571428571,0.5,12,3,2,1
GCM2,ESM-1b 650M + CaLM,1,0.0,0.7777777777777778,0.0,12,3,1,2
GCM2,ESM-1b 650M + CaLM,2,0.0,0.6944444444444444,1.0,12,3,1,2
GCM2,ESM-1b 650M + CaLM,3,0.65,0.75,0.5,12,3,1,2
GCM2,ESM-1b 650M + CaLM,4,0.0,0.7714285714285715,0.5,12,3,2,1
GCM2,ESM-1b 650M + CaLM,5,0.0,0.5428571428571428,1.0,12,3,2,1
GFAP,ESM-2 150M + 650M,1,0.04,0.8728070175438597,0.8888888888888888,44,11,9,2
GFAP,ESM-2 150M + 650M,2,0.07,0.8991228070175439,0.7777777777777778,44,11,9,2
GFAP,ESM-2 150M + 650M,3,0.94,0.9078947368421052,0.6666666666666666,44,11,9,2
GFAP,ESM-2 150M + 650M,4,0.04,0.8764478764478765,0.9,44,11,10,1
GFAP,ESM-2 150M + 650M,5,0.07,0.8455598455598455,1.0,44,11,10,1
GFAP,ESM-2 650M + ESM-1b 650M,1,0.8300000000000001,0.9517543859649122,0.9444444444444444,44,11,9,2
GFAP,ESM-2 650M + ESM-1b 650M,2,0.8300000000000001,0.9473684210526316,0.9444444444444444,44,11,9,2
GFAP,ESM-2 650M + ESM-1b 650M,3,0.68,0.9649122807017544,0.8888888888888888,44,11,9,2
GFAP,ESM-2 650M + ESM-1b 650M,4,0.8,0.942084942084942,1.0,44,11,10,1
GFAP,ESM-2 650M + ESM-1b 650M,5,0.8300000000000001,0.9305019305019304,1.0,44,11,10,1
GFAP,ESM-2 650M + CaLM,1,0.87,0.9210526315789472,0.9444444444444444,44,11,9,2
GFAP,ESM-2 650M + CaLM,2,0.76,0.9035087719298246,1.0,44,11,9,2
GFAP,ESM-2 650M + CaLM,3,0.62,0.9517543859649122,0.7777777777777778,44,11,9,2
GFAP,ESM-2 650M + CaLM,4,0.67,0.9266409266409268,0.9,44,11,10,1
GFAP,ESM-2 650M + CaLM,5,0.56,0.9073359073359072,1.0,44,11,10,1
GFAP,ESM-2 150M + CaLM,1,0.61,0.925438596491228,0.8888888888888888,44,11,9,2
GFAP,ESM-2 150M + CaLM,2,0.61,0.9210526315789472,0.9444444444444444,44,11,9,2
GFAP,ESM-2 150M + CaLM,3,0.61,0.9078947368421052,0.9444444444444444,44,11,9,2
GFAP,ESM-2 150M + CaLM,4,0.55,0.9073359073359072,1.0,44,11,10,1
GFAP,ESM-2 150M + CaLM,5,0.55,0.9498069498069498,0.8,44,11,10,1
GFAP,ESM-1b 650M + CaLM,1,0.68,0.9473684210526316,1.0,44,11,9,2
GFAP,ESM-1b 650M + CaLM,2,0.63,0.9824561403508772,0.8888888888888888,44,11,9,2
GFAP,ESM-1b 650M + CaLM,3,0.13,0.9605263157894736,1.0,44,11,9,2
GFAP,ESM-1b 650M + CaLM,4,0.68,0.9536679536679536,1.0,44,11,10,1
GFAP,ESM-1b 650M + CaLM,5,0.68,0.9691119691119692,0.9,44,11,10,1
GFM1,ESM-2 150M + 650M,1,0.0,0.9625,1.0,18,5,2,3
GFM1,ESM-2 150M + 650M,2,0.0,0.975,1.0,18,5,2,3
GFM1,ESM-2 150M + 650M,3,0.0,0.95,1.0,18,5,2,3
GFM1,ESM-2 150M + 650M,4,0.0,0.9545454545454546,1.0,19,4,2,2
GFM1,ESM-2 150M + 650M,5,0.0,0.9431818181818182,1.0,19,4,2,2
GFM1,ESM-2 650M + ESM-1b 650M,1,0.71,0.9625,0.6666666666666666,18,5,2,3
GFM1,ESM-2 650M + ESM-1b 650M,2,0.71,0.9125,1.0,18,5,2,3
GFM1,ESM-2 650M + ESM-1b 650M,3,0.02,0.9125,0.8333333333333334,18,5,2,3
GFM1,ESM-2 650M + ESM-1b 650M,4,0.1,0.9772727272727272,0.5,19,4,2,2
GFM1,ESM-2 650M + ESM-1b 650M,5,0.1,0.9090909090909092,1.0,19,4,2,2
GFM1,ESM-2 650M + CaLM,1,0.12,0.9625,1.0,18,5,2,3
GFM1,ESM-2 650M + CaLM,2,0.6,0.925,1.0,18,5,2,3
GFM1,ESM-2 650M + CaLM,3,0.59,0.9625,0.8333333333333334,18,5,2,3
GFM1,ESM-2 650M + CaLM,4,0.12,0.9204545454545454,1.0,19,4,2,2
GFM1,ESM-2 650M + CaLM,5,0.6,0.9204545454545454,1.0,19,4,2,2
GFM1,ESM-2 150M + CaLM,1,0.0,0.925,1.0,18,5,2,3
GFM1,ESM-2 150M + CaLM,2,0.0,0.9875,0.8333333333333334,18,5,2,3
GFM1,ESM-2 150M + CaLM,3,0.0,0.9625,0.8333333333333334,18,5,2,3
GFM1,ESM-2 150M + CaLM,4,0.0,0.9318181818181818,1.0,19,4,2,2
GFM1,ESM-2 150M + CaLM,5,0.0,0.9545454545454546,1.0,19,4,2,2
GFM1,ESM-1b 650M + CaLM,1,0.0,0.8625,1.0,18,5,2,3
GFM1,ESM-1b 650M + CaLM,2,0.0,0.9375,0.8333333333333334,18,5,2,3
GFM1,ESM-1b 650M + CaLM,3,0.0,0.9375,0.8333333333333334,18,5,2,3
GFM1,ESM-1b 650M + CaLM,4,0.0,0.9090909090909092,1.0,19,4,2,2
GFM1,ESM-1b 650M + CaLM,5,0.94,0.9659090909090908,0.0,19,4,2,2
GHR,ESM-2 150M + 650M,1,0.0,1.0,1.0,13,4,1,3
GHR,ESM-2 150M + 650M,2,0.0,1.0,1.0,13,4,1,3
GHR,ESM-2 150M + 650M,3,0.0,1.0,1.0,14,3,1,2
GHR,ESM-2 150M + 650M,4,0.0,1.0,1.0,14,3,1,2
GHR,ESM-2 150M + 650M,5,0.0,1.0,1.0,14,3,1,2
GHR,ESM-2 650M + ESM-1b 650M,1,0.0,1.0,1.0,13,4,1,3
GHR,ESM-2 650M + ESM-1b 650M,2,0.0,1.0,1.0,13,4,1,3
GHR,ESM-2 650M + ESM-1b 650M,3,0.0,1.0,1.0,14,3,1,2
GHR,ESM-2 650M + ESM-1b 650M,4,0.0,1.0,1.0,14,3,1,2
GHR,ESM-2 650M + ESM-1b 650M,5,0.0,1.0,1.0,14,3,1,2
GHR,ESM-2 650M + CaLM,1,0.0,1.0,1.0,13,4,1,3
GHR,ESM-2 650M + CaLM,2,0.0,1.0,1.0,13,4,1,3
GHR,ESM-2 650M + CaLM,3,0.0,1.0,1.0,14,3,1,2
GHR,ESM-2 650M + CaLM,4,0.0,1.0,1.0,14,3,1,2
GHR,ESM-2 650M + CaLM,5,0.0,1.0,1.0,14,3,1,2
GHR,ESM-2 150M + CaLM,1,0.0,1.0,1.0,13,4,1,3
GHR,ESM-2 150M + CaLM,2,0.0,1.0,1.0,13,4,1,3
GHR,ESM-2 150M + CaLM,3,0.0,1.0,1.0,14,3,1,2
GHR,ESM-2 150M + CaLM,4,0.0,1.0,1.0,14,3,1,2
GHR,ESM-2 150M + CaLM,5,0.0,1.0,1.0,14,3,1,2
GHR,ESM-1b 650M + CaLM,1,0.0,1.0,1.0,13,4,1,3
GHR,ESM-1b 650M + CaLM,2,0.0,1.0,1.0,13,4,1,3
GHR,ESM-1b 650M + CaLM,3,0.0,1.0,1.0,14,3,1,2
GHR,ESM-1b 650M + CaLM,4,0.0,1.0,1.0,14,3,1,2
GHR,ESM-1b 650M + CaLM,5,0.0,1.0,1.0,14,3,1,2
GHRHR,ESM-2 150M + 650M,1,0.0,1.0,1.0,11,3,1,2
GHRHR,ESM-2 150M + 650M,2,0.0,1.0,1.0,11,3,1,2
GHRHR,ESM-2 150M + 650M,3,0.0,1.0,1.0,11,3,1,2
GHRHR,ESM-2 150M + 650M,4,0.0,1.0,1.0,11,3,2,1
GHRHR,ESM-2 150M + 650M,5,0.0,1.0,1.0,12,2,1,1
GHRHR,ESM-2 650M + ESM-1b 650M,1,0.0,1.0,1.0,11,3,1,2
GHRHR,ESM-2 650M + ESM-1b 650M,2,0.0,1.0,1.0,11,3,1,2
GHRHR,ESM-2 650M + ESM-1b 650M,3,0.0,1.0,1.0,11,3,1,2
GHRHR,ESM-2 650M + ESM-1b 650M,4,0.0,1.0,1.0,11,3,2,1
GHRHR,ESM-2 650M + ESM-1b 650M,5,0.0,1.0,1.0,12,2,1,1
GHRHR,ESM-2 650M + CaLM,1,0.0,1.0,1.0,11,3,1,2
GHRHR,ESM-2 650M + CaLM,2,0.0,1.0,1.0,11,3,1,2
GHRHR,ESM-2 650M + CaLM,3,0.0,1.0,1.0,11,3,1,2
GHRHR,ESM-2 650M + CaLM,4,0.0,1.0,1.0,11,3,2,1
GHRHR,ESM-2 650M + CaLM,5,0.0,1.0,1.0,12,2,1,1
GHRHR,ESM-2 150M + CaLM,1,0.0,1.0,1.0,11,3,1,2
GHRHR,ESM-2 150M + CaLM,2,0.0,1.0,1.0,11,3,1,2
GHRHR,ESM-2 150M + CaLM,3,0.0,1.0,1.0,11,3,1,2
GHRHR,ESM-2 150M + CaLM,4,0.0,1.0,1.0,11,3,2,1
GHRHR,ESM-2 150M + CaLM,5,0.0,1.0,1.0,12,2,1,1
GHRHR,ESM-1b 650M + CaLM,1,0.0,1.0,1.0,11,3,1,2
GHRHR,ESM-1b 650M + CaLM,2,0.0,1.0,1.0,11,3,1,2
GHRHR,ESM-1b 650M + CaLM,3,0.0,1.0,1.0,11,3,1,2
GHRHR,ESM-1b 650M + CaLM,4,0.0,1.0,1.0,11,3,2,1
GHRHR,ESM-1b 650M + CaLM,5,0.0,1.0,1.0,12,2,1,1
GJA3,ESM-2 150M + 650M,1,0.89,0.9625,1.0,24,6,4,2
GJA3,ESM-2 150M + 650M,2,0.75,0.9578947368421052,1.0,24,6,5,1
GJA3,ESM-2 150M + 650M,3,0.89,0.9578947368421052,1.0,24,6,5,1
GJA3,ESM-2 150M + 650M,4,0.89,1.0,1.0,24,6,5,1
GJA3,ESM-2 150M + 650M,5,0.62,0.9578947368421052,1.0,24,6,5,1
GJA3,ESM-2 650M + ESM-1b 650M,1,0.0,1.0,0.75,24,6,4,2
GJA3,ESM-2 650M + ESM-1b 650M,2,0.22,1.0,1.0,24,6,5,1
GJA3,ESM-2 650M + ESM-1b 650M,3,0.22,1.0,1.0,24,6,5,1
GJA3,ESM-2 650M + ESM-1b 650M,4,0.22,1.0,1.0,24,6,5,1
GJA3,ESM-2 650M + ESM-1b 650M,5,0.22,1.0,1.0,24,6,5,1
GJA3,ESM-2 650M + CaLM,1,0.77,1.0,1.0,24,6,4,2
GJA3,ESM-2 650M + CaLM,2,0.77,1.0,1.0,24,6,5,1
GJA3,ESM-2 650M + CaLM,3,0.51,1.0,1.0,24,6,5,1
GJA3,ESM-2 650M + CaLM,4,0.0,1.0,0.8,24,6,5,1
GJA3,ESM-2 650M + CaLM,5,0.77,1.0,1.0,24,6,5,1
GJA3,ESM-2 150M + CaLM,1,0.25,1.0,0.75,24,6,4,2
GJA3,ESM-2 150M + CaLM,2,0.8200000000000001,1.0,1.0,24,6,5,1
GJA3,ESM-2 150M + CaLM,3,0.8200000000000001,1.0,1.0,24,6,5,1
GJA3,ESM-2 150M + CaLM,4,0.8200000000000001,1.0,1.0,24,6,5,1
GJA3,ESM-2 150M + CaLM,5,0.8200000000000001,1.0,1.0,24,6,5,1
GJA3,ESM-1b 650M + CaLM,1,0.0,1.0,1.0,24,6,4,2
GJA3,ESM-1b 650M + CaLM,2,0.0,1.0,1.0,24,6,5,1
GJA3,ESM-1b 650M + CaLM,3,0.0,1.0,1.0,24,6,5,1
GJA3,ESM-1b 650M + CaLM,4,0.0,1.0,1.0,24,6,5,1
GJA3,ESM-1b 650M + CaLM,5,0.0,1.0,1.0,24,6,5,1
GJA8,ESM-2 150M + 650M,1,0.94,0.9666666666666668,1.0,31,8,6,2
GJA8,ESM-2 150M + 650M,2,0.94,0.9733333333333334,1.0,31,8,6,2
GJA8,ESM-2 150M + 650M,3,0.81,0.9666666666666668,1.0,31,8,6,2
GJA8,ESM-2 150M + 650M,4,0.94,0.9702380952380952,1.0,31,8,7,1
GJA8,ESM-2 150M + 650M,5,0.94,1.0,0.8333333333333334,32,7,6,1
GJA8,ESM-2 650M + ESM-1b 650M,1,0.33,1.0,1.0,31,8,6,2
GJA8,ESM-2 650M + ESM-1b 650M,2,0.33,1.0,1.0,31,8,6,2
GJA8,ESM-2 650M + ESM-1b 650M,3,0.22,1.0,1.0,31,8,6,2
GJA8,ESM-2 650M + ESM-1b 650M,4,0.33,1.0,1.0,31,8,7,1
GJA8,ESM-2 650M + ESM-1b 650M,5,0.0,1.0,0.8333333333333334,32,7,6,1
GJA8,ESM-2 650M + CaLM,1,0.5,1.0,1.0,31,8,6,2
GJA8,ESM-2 650M + CaLM,2,0.5,0.9933333333333332,1.0,31,8,6,2
GJA8,ESM-2 650M + CaLM,3,0.5,0.9933333333333332,1.0,31,8,6,2
GJA8,ESM-2 650M + CaLM,4,0.0,1.0,0.8571428571428571,31,8,7,1
GJA8,ESM-2 650M + CaLM,5,0.5,0.9942857142857144,1.0,32,7,6,1
GJA8,ESM-2 150M + CaLM,1,0.45,0.9933333333333332,1.0,31,8,6,2
GJA8,ESM-2 150M + CaLM,2,0.53,0.9933333333333332,1.0,31,8,6,2
GJA8,ESM-2 150M + CaLM,3,0.16,1.0,0.8333333333333334,31,8,6,2
GJA8,ESM-2 150M + CaLM,4,0.53,0.9940476190476192,1.0,31,8,7,1
GJA8,ESM-2 150M + CaLM,5,0.53,0.9942857142857144,1.0,32,7,6,1
GJA8,ESM-1b 650M + CaLM,1,0.0,1.0,1.0,31,8,6,2
GJA8,ESM-1b 650M + CaLM,2,0.0,1.0,1.0,31,8,6,2
GJA8,ESM-1b 650M + CaLM,3,0.0,1.0,1.0,31,8,6,2
GJA8,ESM-1b 650M + CaLM,4,0.0,1.0,1.0,31,8,7,1
GJA8,ESM-1b 650M + CaLM,5,0.0,1.0,1.0,32,7,6,1
GLA,ESM-2 150M + 650M,1,1.0,0.7299270072992701,0.8382352941176471,141,36,34,2
GLA,ESM-2 150M + 650M,2,0.99,0.7470588235294118,0.8857142857142857,141,36,35,1
GLA,ESM-2 150M + 650M,3,0.95,0.7708029197080292,0.7352941176470589,142,35,34,1
GLA,ESM-2 150M + 650M,4,1.0,0.7343065693430657,1.0,142,35,34,1
GLA,ESM-2 150M + 650M,5,0.99,0.9007299270072991,0.2058823529411764,142,35,34,1
GLA,ESM-2 650M + ESM-1b 650M,1,0.42,0.7335766423357665,0.9705882352941176,141,36,34,2
GLA,ESM-2 650M + ESM-1b 650M,2,0.99,0.7676470588235295,0.9428571428571428,141,36,35,1
GLA,ESM-2 650M + ESM-1b 650M,3,0.3,0.9197080291970804,0.1176470588235294,142,35,34,1
GLA,ESM-2 650M + ESM-1b 650M,4,0.99,0.8131386861313868,0.7352941176470589,142,35,34,1
GLA,ESM-2 650M + ESM-1b 650M,5,0.37,0.7489051094890511,0.9705882352941176,142,35,34,1
GLA,ESM-2 650M + CaLM,1,0.0,0.9215328467153284,0.4264705882352941,141,36,34,2
GLA,ESM-2 650M + CaLM,2,0.0,0.7264705882352941,0.9714285714285714,141,36,35,1
GLA,ESM-2 650M + CaLM,3,0.0,0.7708029197080292,0.8235294117647058,142,35,34,1
GLA,ESM-2 650M + CaLM,4,0.01,0.7518248175182481,0.9117647058823528,142,35,34,1
GLA,ESM-2 650M + CaLM,5,0.0,0.7445255474452555,0.9411764705882352,142,35,34,1
GLA,ESM-2 150M + CaLM,1,0.0,0.5857664233576643,0.8382352941176471,141,36,34,2
GLA,ESM-2 150M + CaLM,2,0.94,0.6294117647058823,0.7142857142857143,141,36,35,1
GLA,ESM-2 150M + CaLM,3,0.14,0.7941605839416058,0.1176470588235294,142,35,34,1
GLA,ESM-2 150M + CaLM,4,0.63,0.7547445255474453,0.2352941176470588,142,35,34,1
GLA,ESM-2 150M + CaLM,5,0.26,0.6175182481751825,0.9705882352941176,142,35,34,1
GLA,ESM-1b 650M + CaLM,1,0.0,0.9051094890510948,0.6029411764705882,141,36,34,2
GLA,ESM-1b 650M + CaLM,2,0.0,0.7852941176470588,0.8285714285714286,141,36,35,1
GLA,ESM-1b 650M + CaLM,3,0.0,0.7518248175182481,1.0,142,35,34,1
GLA,ESM-1b 650M + CaLM,4,0.27,0.8,0.6470588235294118,142,35,34,1
GLA,ESM-1b 650M + CaLM,5,0.0,0.7693430656934307,0.9411764705882352,142,35,34,1
GLB1,ESM-2 150M + 650M,1,0.86,0.9671361502347418,1.0,77,20,18,2
GLB1,ESM-2 150M + 650M,2,0.86,0.9812206572769951,0.9722222222222222,77,20,18,2
GLB1,ESM-2 150M + 650M,3,0.49,0.9814814814814816,0.8823529411764706,78,19,17,2
GLB1,ESM-2 150M + 650M,4,0.86,0.9738430583501008,1.0,78,19,18,1
GLB1,ESM-2 150M + 650M,5,0.75,0.977867203219316,0.9444444444444444,78,19,18,1
GLB1,ESM-2 650M + ESM-1b 650M,1,0.47,1.0,0.9444444444444444,77,20,18,2
GLB1,ESM-2 650M + ESM-1b 650M,2,0.25,0.9976525821596244,1.0,77,20,18,2
GLB1,ESM-2 650M + ESM-1b 650M,3,0.3,0.988425925925926,1.0,78,19,17,2
GLB1,ESM-2 650M + ESM-1b 650M,4,0.3,0.9899396378269618,1.0,78,19,18,1
GLB1,ESM-2 650M + ESM-1b 650M,5,0.47,0.9899396378269618,1.0,78,19,18,1
GLB1,ESM-2 650M + CaLM,1,0.16,0.9694835680751174,1.0,77,20,18,2
GLB1,ESM-2 650M + CaLM,2,0.0,0.9671361502347418,1.0,77,20,18,2
GLB1,ESM-2 650M + CaLM,3,0.0,0.976851851851852,0.9705882352941176,78,19,17,2
GLB1,ESM-2 650M + CaLM,4,0.16,0.9879275653923542,0.8888888888888888,78,19,18,1
GLB1,ESM-2 650M + CaLM,5,0.16,0.977867203219316,1.0,78,19,18,1
GLB1,ESM-2 150M + CaLM,1,0.03,0.9389671361502347,0.7222222222222222,77,20,18,2
GLB1,ESM-2 150M + CaLM,2,0.09,0.8896713615023474,0.9444444444444444,77,20,18,2
GLB1,ESM-2 150M + CaLM,3,0.09,0.9189814814814816,0.8235294117647058,78,19,17,2
GLB1,ESM-2 150M + CaLM,4,0.09,0.8913480885311871,1.0,78,19,18,1
GLB1,ESM-2 150M + CaLM,5,0.09,0.8832997987927566,1.0,78,19,18,1
GLB1,ESM-1b 650M + CaLM,1,0.11,0.9812206572769951,1.0,77,20,18,2
GLB1,ESM-1b 650M + CaLM,2,0.0,1.0,0.9444444444444444,77,20,18,2
GLB1,ESM-1b 650M + CaLM,3,0.11,0.9814814814814816,1.0,78,19,17,2
GLB1,ESM-1b 650M + CaLM,4,0.11,0.9899396378269618,1.0,78,19,18,1
GLB1,ESM-1b 650M + CaLM,5,0.0,0.9839034205231388,1.0,78,19,18,1
GLDC,ESM-2 150M + 650M,1,0.37,0.8148148148148148,0.8,72,18,15,3
GLDC,ESM-2 150M + 650M,2,0.44,0.8536155202821869,0.6444444444444445,72,18,15,3
GLDC,ESM-2 150M + 650M,3,0.61,0.785483870967742,0.90625,72,18,16,2
GLDC,ESM-2 150M + 650M,4,0.44,0.7983870967741935,0.875,72,18,16,2
GLDC,ESM-2 150M + 650M,5,0.71,0.8161290322580645,0.78125,72,18,16,2
GLDC,ESM-2 650M + ESM-1b 650M,1,0.61,0.9470899470899472,0.9111111111111112,72,18,15,3
GLDC,ESM-2 650M + ESM-1b 650M,2,0.6,0.9382716049382716,1.0,72,18,15,3
GLDC,ESM-2 650M + ESM-1b 650M,3,0.48,0.9548387096774194,0.9375,72,18,16,2
GLDC,ESM-2 650M + ESM-1b 650M,4,0.46,0.9741935483870968,0.84375,72,18,16,2
GLDC,ESM-2 650M + ESM-1b 650M,5,0.6,0.9306451612903226,1.0,72,18,16,2
GLDC,ESM-2 650M + CaLM,1,0.44,0.8694885361552028,1.0,72,18,15,3
GLDC,ESM-2 650M + CaLM,2,0.46,0.890652557319224,1.0,72,18,15,3
GLDC,ESM-2 650M + CaLM,3,0.8200000000000001,0.896774193548387,0.9375,72,18,16,2
GLDC,ESM-2 650M + CaLM,4,0.45,0.8774193548387097,0.96875,72,18,16,2
GLDC,ESM-2 650M + CaLM,5,0.45,0.9629032258064516,0.59375,72,18,16,2
GLDC,ESM-2 150M + CaLM,1,0.4,0.890652557319224,0.9555555555555556,72,18,15,3
GLDC,ESM-2 150M + CaLM,2,0.33,0.8959435626102292,0.9333333333333332,72,18,15,3
GLDC,ESM-2 150M + CaLM,3,0.47,0.9016129032258065,0.96875,72,18,16,2
GLDC,ESM-2 150M + CaLM,4,0.53,0.9661290322580646,0.71875,72,18,16,2
GLDC,ESM-2 150M + CaLM,5,0.53,0.9064516129032258,0.96875,72,18,16,2
GLDC,ESM-1b 650M + CaLM,1,0.32,0.9347442680776014,1.0,72,18,15,3
GLDC,ESM-1b 650M + CaLM,2,0.0,0.964726631393298,0.7333333333333333,72,18,15,3
GLDC,ESM-1b 650M + CaLM,3,0.32,0.9403225806451612,0.96875,72,18,16,2
GLDC,ESM-1b 650M + CaLM,4,0.32,0.9338709677419356,0.96875,72,18,16,2
GLDC,ESM-1b 650M + CaLM,5,0.76,0.9806451612903224,0.625,72,18,16,2
GLDN,ESM-2 150M + 650M,1,0.31,0.953125,1.0,16,4,1,3
GLDN,ESM-2 150M + 650M,2,0.31,0.9682539682539684,0.75,16,4,2,2
GLDN,ESM-2 150M + 650M,3,0.0,0.9206349206349206,1.0,16,4,2,2
GLDN,ESM-2 150M + 650M,4,0.0,0.9365079365079364,1.0,16,4,2,2
GLDN,ESM-2 150M + 650M,5,0.0,0.9365079365079364,1.0,16,4,2,2
GLDN,ESM-2 650M + ESM-1b 650M,1,0.0,0.9375,1.0,16,4,1,3
GLDN,ESM-2 650M + ESM-1b 650M,2,0.25,0.984126984126984,0.5,16,4,2,2
GLDN,ESM-2 650M + ESM-1b 650M,3,0.96,0.9206349206349206,1.0,16,4,2,2
GLDN,ESM-2 650M + ESM-1b 650M,4,0.96,0.9682539682539684,1.0,16,4,2,2
GLDN,ESM-2 650M + ESM-1b 650M,5,0.01,0.9523809523809524,1.0,16,4,2,2
GLDN,ESM-2 650M + CaLM,1,0.35,0.984375,0.6666666666666666,16,4,1,3
GLDN,ESM-2 650M + CaLM,2,0.35,0.9206349206349206,1.0,16,4,2,2
GLDN,ESM-2 650M + CaLM,3,0.13,0.9365079365079364,1.0,16,4,2,2
GLDN,ESM-2 650M + CaLM,4,0.35,0.9682539682539684,1.0,16,4,2,2
GLDN,ESM-2 650M + CaLM,5,0.0,0.9365079365079364,1.0,16,4,2,2
GLDN,ESM-2 150M + CaLM,1,0.61,1.0,0.6666666666666666,16,4,1,3
GLDN,ESM-2 150M + CaLM,2,0.61,0.9523809523809524,1.0,16,4,2,2
GLDN,ESM-2 150M + CaLM,3,0.42,0.9682539682539684,1.0,16,4,2,2
GLDN,ESM-2 150M + CaLM,4,0.42,0.9206349206349206,1.0,16,4,2,2
GLDN,ESM-2 150M + CaLM,5,0.0,0.9365079365079364,1.0,16,4,2,2
GLDN,ESM-1b 650M + CaLM,1,0.62,0.921875,1.0,16,4,1,3
GLDN,ESM-1b 650M + CaLM,2,0.48,0.9682539682539684,0.75,16,4,2,2
GLDN,ESM-1b 650M + CaLM,3,0.0,0.9206349206349206,1.0,16,4,2,2
GLDN,ESM-1b 650M + CaLM,4,0.62,0.9523809523809524,1.0,16,4,2,2
GLDN,ESM-1b 650M + CaLM,5,0.62,0.984126984126984,0.75,16,4,2,2
GLRA1,ESM-2 150M + 650M,1,0.0,1.0,0.875,22,6,4,2
GLRA1,ESM-2 150M + 650M,2,0.0,0.9647058823529412,1.0,22,6,5,1
GLRA1,ESM-2 150M + 650M,3,0.0,0.9647058823529412,1.0,22,6,5,1
GLRA1,ESM-2 150M + 650M,4,0.0,0.9777777777777776,1.0,23,5,4,1
GLRA1,ESM-2 150M + 650M,5,0.0,0.9777777777777776,1.0,23,5,4,1
GLRA1,ESM-2 650M + ESM-1b 650M,1,0.08,1.0,1.0,22,6,4,2
GLRA1,ESM-2 650M + ESM-1b 650M,2,0.72,1.0,1.0,22,6,5,1
GLRA1,ESM-2 650M + ESM-1b 650M,3,0.72,1.0,1.0,22,6,5,1
GLRA1,ESM-2 650M + ESM-1b 650M,4,0.72,1.0,1.0,23,5,4,1
GLRA1,ESM-2 650M + ESM-1b 650M,5,0.0,1.0,1.0,23,5,4,1
GLRA1,ESM-2 650M + CaLM,1,0.1,1.0,1.0,22,6,4,2
GLRA1,ESM-2 650M + CaLM,2,0.21,1.0,1.0,22,6,5,1
GLRA1,ESM-2 650M + CaLM,3,0.0,1.0,1.0,22,6,5,1
GLRA1,ESM-2 650M + CaLM,4,0.21,1.0,1.0,23,5,4,1
GLRA1,ESM-2 650M + CaLM,5,0.21,1.0,1.0,23,5,4,1
GLRA1,ESM-2 150M + CaLM,1,0.39,1.0,1.0,22,6,4,2
GLRA1,ESM-2 150M + CaLM,2,0.02,1.0,1.0,22,6,5,1
GLRA1,ESM-2 150M + CaLM,3,0.0,1.0,1.0,22,6,5,1
GLRA1,ESM-2 150M + CaLM,4,0.39,1.0,1.0,23,5,4,1
GLRA1,ESM-2 150M + CaLM,5,0.39,1.0,1.0,23,5,4,1
GLRA1,ESM-1b 650M + CaLM,1,0.0,1.0,1.0,22,6,4,2
GLRA1,ESM-1b 650M + CaLM,2,0.17,1.0,1.0,22,6,5,1
GLRA1,ESM-1b 650M + CaLM,3,0.17,1.0,1.0,22,6,5,1
GLRA1,ESM-1b 650M + CaLM,4,0.06,1.0,1.0,23,5,4,1
GLRA1,ESM-1b 650M + CaLM,5,0.17,1.0,1.0,23,5,4,1
GLUD1,ESM-2 150M + 650M,1,0.61,0.8125,0.0,12,3,2,1
GLUD1,ESM-2 150M + 650M,2,0.09,0.78125,0.5,12,3,2,1
GLUD1,ESM-2 150M + 650M,3,0.07,0.78125,0.5,12,3,2,1
GLUD1,ESM-2 150M + 650M,4,0.0,0.6875,0.5,12,3,2,1
GLUD1,ESM-2 150M + 650M,5,0.09,0.75,1.0,12,3,2,1
GLUD1,ESM-2 650M + ESM-1b 650M,1,0.15,0.8125,0.5,12,3,2,1
GLUD1,ESM-2 650M + ESM-1b 650M,2,0.04,0.65625,1.0,12,3,2,1
GLUD1,ESM-2 650M + ESM-1b 650M,3,0.04,0.84375,0.0,12,3,2,1
GLUD1,ESM-2 650M + ESM-1b 650M,4,0.0,0.65625,1.0,12,3,2,1
GLUD1,ESM-2 650M + ESM-1b 650M,5,0.0,0.65625,1.0,12,3,2,1
GLUD1,ESM-2 650M + CaLM,1,0.19,0.8125,0.5,12,3,2,1
GLUD1,ESM-2 650M + CaLM,2,0.19,0.59375,1.0,12,3,2,1
GLUD1,ESM-2 650M + CaLM,3,0.13,0.8125,0.5,12,3,2,1
GLUD1,ESM-2 650M + CaLM,4,0.19,0.6875,1.0,12,3,2,1
GLUD1,ESM-2 650M + CaLM,5,0.0,0.78125,0.5,12,3,2,1
GLUD1,ESM-2 150M + CaLM,1,0.0,0.71875,0.5,12,3,2,1
GLUD1,ESM-2 150M + CaLM,2,0.23,0.71875,0.5,12,3,2,1
GLUD1,ESM-2 150M + CaLM,3,0.23,0.5625,1.0,12,3,2,1
GLUD1,ESM-2 150M + CaLM,4,0.0,0.6875,0.5,12,3,2,1
GLUD1,ESM-2 150M + CaLM,5,0.0,0.78125,0.0,12,3,2,1
GLUD1,ESM-1b 650M + CaLM,1,0.41,0.71875,0.5,12,3,2,1
GLUD1,ESM-1b 650M + CaLM,2,0.32,0.65625,1.0,12,3,2,1
GLUD1,ESM-1b 650M + CaLM,3,0.28,0.8125,0.0,12,3,2,1
GLUD1,ESM-1b 650M + CaLM,4,0.41,0.71875,0.5,12,3,2,1
GLUD1,ESM-1b 650M + CaLM,5,0.06,0.78125,0.5,12,3,2,1
GNAO1,ESM-2 150M + 650M,1,0.5700000000000001,0.9645232815964524,1.0,52,14,11,3
GNAO1,ESM-2 150M + 650M,2,0.6900000000000001,0.9588744588744588,1.0,53,13,10,3
GNAO1,ESM-2 150M + 650M,3,0.52,0.9675324675324676,0.9666666666666668,53,13,10,3
GNAO1,ESM-2 150M + 650M,4,0.6900000000000001,1.0,0.8,53,13,10,3
GNAO1,ESM-2 150M + 650M,5,0.6900000000000001,0.9613821138211384,1.0,53,13,11,2
GNAO1,ESM-2 650M + ESM-1b 650M,1,0.0,1.0,0.8484848484848485,52,14,11,3
GNAO1,ESM-2 650M + ESM-1b 650M,2,0.64,0.971861471861472,1.0,53,13,10,3
GNAO1,ESM-2 650M + ESM-1b 650M,3,0.74,0.9761904761904762,1.0,53,13,10,3
GNAO1,ESM-2 650M + ESM-1b 650M,4,0.64,0.974025974025974,1.0,53,13,10,3
GNAO1,ESM-2 650M + ESM-1b 650M,5,0.55,0.9796747967479674,1.0,53,13,11,2
GNAO1,ESM-2 650M + CaLM,1,0.93,0.9889135254988912,1.0,52,14,11,3
GNAO1,ESM-2 650M + CaLM,2,0.93,0.9783549783549784,1.0,53,13,10,3
GNAO1,ESM-2 650M + CaLM,3,0.93,0.9826839826839828,1.0,53,13,10,3
GNAO1,ESM-2 650M + CaLM,4,0.0,1.0,0.8333333333333334,53,13,10,3
GNAO1,ESM-2 650M + CaLM,5,0.93,0.9796747967479674,1.0,53,13,11,2
GNAO1,ESM-2 150M + CaLM,1,0.94,0.9800443458980044,1.0,52,14,11,3
GNAO1,ESM-2 150M + CaLM,2,0.94,0.9848484848484848,1.0,53,13,10,3
GNAO1,ESM-2 150M + CaLM,3,0.94,0.9826839826839828,1.0,53,13,10,3
GNAO1,ESM-2 150M + CaLM,4,0.93,1.0,0.9333333333333332,53,13,10,3
GNAO1,ESM-2 150M + CaLM,5,0.94,0.9857723577235772,1.0,53,13,11,2
GNAO1,ESM-1b 650M + CaLM,1,0.5700000000000001,0.9889135254988912,1.0,52,14,11,3
GNAO1,ESM-1b 650M + CaLM,2,0.38,0.987012987012987,1.0,53,13,10,3
GNAO1,ESM-1b 650M + CaLM,3,0.0,1.0,0.9333333333333332,53,13,10,3
GNAO1,ESM-1b 650M + CaLM,4,0.38,0.987012987012987,1.0,53,13,10,3
GNAO1,ESM-1b 650M + CaLM,5,0.48,0.9878048780487804,1.0,53,13,11,2
GNB1,ESM-2 150M + 650M,1,0.99,0.8166666666666667,0.8888888888888888,23,6,3,3
GNB1,ESM-2 150M + 650M,2,0.99,0.7698412698412699,1.0,23,6,4,2
GNB1,ESM-2 150M + 650M,3,0.96,0.7936507936507936,0.875,23,6,4,2
GNB1,ESM-2 150M + 650M,4,0.96,0.8492063492063492,0.625,23,6,4,2
GNB1,ESM-2 150M + 650M,5,0.99,0.8148148148148148,0.6666666666666666,24,5,3,2
GNB1,ESM-2 650M + ESM-1b 650M,1,0.28,0.7916666666666666,1.0,23,6,3,3
GNB1,ESM-2 650M + ESM-1b 650M,2,0.22,0.8015873015873016,1.0,23,6,4,2
GNB1,ESM-2 650M + ESM-1b 650M,3,0.28,0.8412698412698413,0.75,23,6,4,2
GNB1,ESM-2 650M + ESM-1b 650M,4,0.0,0.8650793650793651,0.5,23,6,4,2
GNB1,ESM-2 650M + ESM-1b 650M,5,0.28,0.8296296296296296,0.8333333333333334,24,5,3,2
GNB1,ESM-2 650M + CaLM,1,0.6900000000000001,0.875,0.6666666666666666,23,6,3,3
GNB1,ESM-2 650M + CaLM,2,0.38,0.8174603174603174,0.75,23,6,4,2
GNB1,ESM-2 650M + CaLM,3,0.38,0.753968253968254,1.0,23,6,4,2
GNB1,ESM-2 650M + CaLM,4,0.0,0.7857142857142857,1.0,23,6,4,2
GNB1,ESM-2 650M + CaLM,5,0.07,0.8888888888888888,0.3333333333333333,24,5,3,2
GNB1,ESM-2 150M + CaLM,1,0.8300000000000001,0.7083333333333334,1.0,23,6,3,3
GNB1,ESM-2 150M + CaLM,2,0.8300000000000001,0.7380952380952381,0.875,23,6,4,2
GNB1,ESM-2 150M + CaLM,3,0.78,0.8412698412698413,0.375,23,6,4,2
GNB1,ESM-2 150M + CaLM,4,0.8300000000000001,0.6984126984126984,1.0,23,6,4,2
GNB1,ESM-2 150M + CaLM,5,0.8300000000000001,0.8518518518518519,0.1666666666666666,24,5,3,2
GNB1,ESM-1b 650M + CaLM,1,0.8200000000000001,0.8166666666666667,0.5555555555555556,23,6,3,3
GNB1,ESM-1b 650M + CaLM,2,0.08,0.746031746031746,1.0,23,6,4,2
GNB1,ESM-1b 650M + CaLM,3,0.8200000000000001,0.8174603174603174,0.625,23,6,4,2
GNB1,ESM-1b 650M + CaLM,4,0.8200000000000001,0.8174603174603174,0.625,23,6,4,2
GNB1,ESM-1b 650M + CaLM,5,0.02,0.7925925925925926,0.8333333333333334,24,5,3,2
GP1BA,ESM-2 150M + 650M,1,0.97,0.9272727272727272,1.0,16,4,2,2
GP1BA,ESM-2 150M + 650M,2,0.42,0.8909090909090909,0.75,16,4,2,2
GP1BA,ESM-2 150M + 650M,3,0.97,0.8833333333333333,1.0,16,4,3,1
GP1BA,ESM-2 150M + 650M,4,0.0,0.9,1.0,16,4,3,1
GP1BA,ESM-2 150M + 650M,5,0.0,0.9,1.0,16,4,3,1
GP1BA,ESM-2 650M + ESM-1b 650M,1,0.51,0.9636363636363636,1.0,16,4,2,2
GP1BA,ESM-2 650M + ESM-1b 650M,2,0.92,0.9272727272727272,1.0,16,4,2,2
GP1BA,ESM-2 650M + ESM-1b 650M,3,0.51,0.95,1.0,16,4,3,1
GP1BA,ESM-2 650M + ESM-1b 650M,4,0.51,0.9166666666666666,1.0,16,4,3,1
GP1BA,ESM-2 650M + ESM-1b 650M,5,0.92,1.0,0.6666666666666666,16,4,3,1
GP1BA,ESM-2 650M + CaLM,1,0.96,0.9454545454545454,1.0,16,4,2,2
GP1BA,ESM-2 650M + CaLM,2,0.9,1.0,1.0,16,4,2,2
GP1BA,ESM-2 650M + CaLM,3,0.96,0.9833333333333332,1.0,16,4,3,1
GP1BA,ESM-2 650M + CaLM,4,0.9,0.9666666666666668,1.0,16,4,3,1
GP1BA,ESM-2 650M + CaLM,5,0.96,0.95,1.0,16,4,3,1
GP1BA,ESM-2 150M + CaLM,1,0.96,0.9454545454545454,1.0,16,4,2,2
GP1BA,ESM-2 150M + CaLM,2,0.88,1.0,0.5,16,4,2,2
GP1BA,ESM-2 150M + CaLM,3,0.96,0.9833333333333332,1.0,16,4,3,1
GP1BA,ESM-2 150M + CaLM,4,0.96,0.95,1.0,16,4,3,1
GP1BA,ESM-2 150M + CaLM,5,0.96,0.95,1.0,16,4,3,1
GP1BA,ESM-1b 650M + CaLM,1,0.33,0.9454545454545454,1.0,16,4,2,2
GP1BA,ESM-1b 650M + CaLM,2,0.75,1.0,0.75,16,4,2,2
GP1BA,ESM-1b 650M + CaLM,3,0.75,0.95,1.0,16,4,3,1
GP1BA,ESM-1b 650M + CaLM,4,0.75,0.95,1.0,16,4,3,1
GP1BA,ESM-1b 650M + CaLM,5,0.91,1.0,1.0,16,4,3,1
GPAA1,ESM-2 150M + 650M,1,0.24,1.0,1.0,8,3,1,2
GPAA1,ESM-2 150M + 650M,2,0.21,1.0,1.0,9,2,1,1
GPAA1,ESM-2 150M + 650M,3,0.12,1.0,1.0,9,2,1,1
GPAA1,ESM-2 150M + 650M,4,0.24,1.0,1.0,9,2,1,1
GPAA1,ESM-2 150M + 650M,5,0.24,1.0,1.0,9,2,1,1
GPAA1,ESM-2 650M + ESM-1b 650M,1,0.0,1.0,1.0,8,3,1,2
GPAA1,ESM-2 650M + ESM-1b 650M,2,0.0,1.0,1.0,9,2,1,1
GPAA1,ESM-2 650M + ESM-1b 650M,3,0.0,1.0,1.0,9,2,1,1
GPAA1,ESM-2 650M + ESM-1b 650M,4,0.0,1.0,1.0,9,2,1,1
GPAA1,ESM-2 650M + ESM-1b 650M,5,0.0,1.0,1.0,9,2,1,1
GPAA1,ESM-2 650M + CaLM,1,0.0,1.0,1.0,8,3,1,2
GPAA1,ESM-2 650M + CaLM,2,0.0,1.0,1.0,9,2,1,1
GPAA1,ESM-2 650M + CaLM,3,0.0,1.0,1.0,9,2,1,1
GPAA1,ESM-2 650M + CaLM,4,0.0,1.0,1.0,9,2,1,1
GPAA1,ESM-2 650M + CaLM,5,0.0,1.0,1.0,9,2,1,1
GPAA1,ESM-2 150M + CaLM,1,0.0,0.8125,1.0,8,3,1,2
GPAA1,ESM-2 150M + CaLM,2,0.0,0.95,1.0,9,2,1,1
GPAA1,ESM-2 150M + CaLM,3,0.0,0.9,1.0,9,2,1,1
GPAA1,ESM-2 150M + CaLM,4,0.44,1.0,0.0,9,2,1,1
GPAA1,ESM-2 150M + CaLM,5,0.0,0.85,1.0,9,2,1,1
GPAA1,ESM-1b 650M + CaLM,1,0.0,0.9375,1.0,8,3,1,2
GPAA1,ESM-1b 650M + CaLM,2,0.0,0.95,1.0,9,2,1,1
GPAA1,ESM-1b 650M + CaLM,3,0.0,0.85,1.0,9,2,1,1
GPAA1,ESM-1b 650M + CaLM,4,0.0,0.95,1.0,9,2,1,1
GPAA1,ESM-1b 650M + CaLM,5,0.0,0.85,1.0,9,2,1,1
GPI,ESM-2 150M + 650M,1,0.71,0.9285714285714286,1.0,11,3,2,1
GPI,ESM-2 150M + 650M,2,0.71,1.0,0.5,11,3,2,1
GPI,ESM-2 150M + 650M,3,0.66,0.8928571428571429,1.0,11,3,2,1
GPI,ESM-2 150M + 650M,4,0.84,0.9642857142857144,1.0,11,3,2,1
GPI,ESM-2 150M + 650M,5,0.71,0.90625,1.0,12,2,1,1
GPI,ESM-2 650M + ESM-1b 650M,1,0.0,0.8928571428571429,1.0,11,3,2,1
GPI,ESM-2 650M + ESM-1b 650M,2,0.0,0.9285714285714286,1.0,11,3,2,1
GPI,ESM-2 650M + ESM-1b 650M,3,0.0,1.0,0.5,11,3,2,1
GPI,ESM-2 650M + ESM-1b 650M,4,0.0,0.9285714285714286,1.0,11,3,2,1
GPI,ESM-2 650M + ESM-1b 650M,5,0.0,0.90625,1.0,12,2,1,1
GPI,ESM-2 650M + CaLM,1,0.67,1.0,1.0,11,3,2,1
GPI,ESM-2 650M + CaLM,2,0.67,1.0,1.0,11,3,2,1
GPI,ESM-2 650M + CaLM,3,0.0,1.0,1.0,11,3,2,1
GPI,ESM-2 650M + CaLM,4,0.31,1.0,1.0,11,3,2,1
GPI,ESM-2 650M + CaLM,5,0.67,1.0,1.0,12,2,1,1
GPI,ESM-2 150M + CaLM,1,0.36,1.0,0.0,11,3,2,1
GPI,ESM-2 150M + CaLM,2,0.77,1.0,1.0,11,3,2,1
GPI,ESM-2 150M + CaLM,3,0.77,1.0,1.0,11,3,2,1
GPI,ESM-2 150M + CaLM,4,0.77,1.0,1.0,11,3,2,1
GPI,ESM-2 150M + CaLM,5,0.77,1.0,1.0,12,2,1,1
GPI,ESM-1b 650M + CaLM,1,0.73,1.0,1.0,11,3,2,1
GPI,ESM-1b 650M + CaLM,2,0.79,1.0,1.0,11,3,2,1
GPI,ESM-1b 650M + CaLM,3,0.79,1.0,1.0,11,3,2,1
GPI,ESM-1b 650M + CaLM,4,0.79,1.0,1.0,11,3,2,1
GPI,ESM-1b 650M + CaLM,5,0.0,1.0,0.0,12,2,1,1
GPR143,ESM-2 150M + 650M,1,0.35,0.9375,0.8333333333333334,20,5,2,3
GPR143,ESM-2 150M + 650M,2,0.28,0.8484848484848485,1.0,20,5,3,2
GPR143,ESM-2 150M + 650M,3,0.35,0.8484848484848485,1.0,20,5,3,2
GPR143,ESM-2 150M + 650M,4,0.35,0.8282828282828283,1.0,20,5,3,2
GPR143,ESM-2 150M + 650M,5,0.27,0.8888888888888888,0.8333333333333334,20,5,3,2
GPR143,ESM-2 650M + ESM-1b 650M,1,0.9,0.8333333333333334,1.0,20,5,2,3
GPR143,ESM-2 650M + ESM-1b 650M,2,1.0,0.9090909090909092,0.8333333333333334,20,5,3,2
GPR143,ESM-2 650M + ESM-1b 650M,3,0.9,0.8585858585858586,1.0,20,5,3,2
GPR143,ESM-2 650M + ESM-1b 650M,4,1.0,0.8484848484848485,1.0,20,5,3,2
GPR143,ESM-2 650M + ESM-1b 650M,5,1.0,0.9090909090909092,0.6666666666666666,20,5,3,2
GPR143,ESM-2 650M + CaLM,1,0.67,0.9166666666666666,0.8333333333333334,20,5,2,3
GPR143,ESM-2 650M + CaLM,2,0.67,0.8282828282828283,1.0,20,5,3,2
GPR143,ESM-2 650M + CaLM,3,0.64,0.898989898989899,0.5,20,5,3,2
GPR143,ESM-2 650M + CaLM,4,0.84,0.8787878787878788,0.5,20,5,3,2
GPR143,ESM-2 650M + CaLM,5,0.67,0.8282828282828283,1.0,20,5,3,2
GPR143,ESM-2 150M + CaLM,1,0.01,0.8125,0.6666666666666666,20,5,2,3
GPR143,ESM-2 150M + CaLM,2,0.59,0.7878787878787878,1.0,20,5,3,2
GPR143,ESM-2 150M + CaLM,3,0.59,0.898989898989899,0.5,20,5,3,2
GPR143,ESM-2 150M + CaLM,4,0.59,0.8080808080808081,0.8333333333333334,20,5,3,2
GPR143,ESM-2 150M + CaLM,5,0.59,0.8383838383838383,0.6666666666666666,20,5,3,2
GPR143,ESM-1b 650M + CaLM,1,0.94,0.8645833333333334,0.6666666666666666,20,5,2,3
GPR143,ESM-1b 650M + CaLM,2,0.05,0.9090909090909092,0.6666666666666666,20,5,3,2
GPR143,ESM-1b 650M + CaLM,3,0.0,0.8585858585858586,1.0,20,5,3,2
GPR143,ESM-1b 650M + CaLM,4,0.8300000000000001,0.8686868686868687,1.0,20,5,3,2
GPR143,ESM-1b 650M + CaLM,5,0.0,0.9292929292929292,0.8333333333333334,20,5,3,2
GRIA2,ESM-2 150M + 650M,1,0.0,1.0,1.0,22,6,4,2
GRIA2,ESM-2 150M + 650M,2,0.0,1.0,1.0,22,6,5,1
GRIA2,ESM-2 150M + 650M,3,0.0,1.0,1.0,22,6,5,1
GRIA2,ESM-2 150M + 650M,4,0.0,1.0,1.0,23,5,4,1
GRIA2,ESM-2 150M + 650M,5,0.0,1.0,1.0,23,5,4,1
GRIA2,ESM-2 650M + ESM-1b 650M,1,0.62,1.0,1.0,22,6,4,2
GRIA2,ESM-2 650M + ESM-1b 650M,2,0.0,0.976470588235294,1.0,22,6,5,1
GRIA2,ESM-2 650M + ESM-1b 650M,3,0.0,0.976470588235294,1.0,22,6,5,1
GRIA2,ESM-2 650M + ESM-1b 650M,4,0.0,0.9888888888888888,1.0,23,5,4,1
GRIA2,ESM-2 650M + ESM-1b 650M,5,0.0,1.0,1.0,23,5,4,1
GRIA2,ESM-2 650M + CaLM,1,0.64,1.0,1.0,22,6,4,2
GRIA2,ESM-2 650M + CaLM,2,0.35,1.0,1.0,22,6,5,1
GRIA2,ESM-2 650M + CaLM,3,0.64,1.0,1.0,22,6,5,1
GRIA2,ESM-2 650M + CaLM,4,0.64,1.0,1.0,23,5,4,1
GRIA2,ESM-2 650M + CaLM,5,0.0,1.0,1.0,23,5,4,1
GRIA2,ESM-2 150M + CaLM,1,0.0,1.0,1.0,22,6,4,2
GRIA2,ESM-2 150M + CaLM,2,0.0,1.0,1.0,22,6,5,1
GRIA2,ESM-2 150M + CaLM,3,0.0,1.0,1.0,22,6,5,1
GRIA2,ESM-2 150M + CaLM,4,0.0,1.0,1.0,23,5,4,1
GRIA2,ESM-2 150M + CaLM,5,0.0,1.0,1.0,23,5,4,1
GRIA2,ESM-1b 650M + CaLM,1,0.52,1.0,1.0,22,6,4,2
GRIA2,ESM-1b 650M + CaLM,2,0.0,1.0,0.8,22,6,5,1
GRIA2,ESM-1b 650M + CaLM,3,0.52,1.0,1.0,22,6,5,1
GRIA2,ESM-1b 650M + CaLM,4,0.52,1.0,1.0,23,5,4,1
GRIA2,ESM-1b 650M + CaLM,5,0.52,1.0,1.0,23,5,4,1
GRIA3,ESM-2 150M + 650M,1,0.36,0.9818181818181818,1.0,16,5,3,2
GRIA3,ESM-2 150M + 650M,2,0.36,0.9833333333333332,1.0,17,4,2,2
GRIA3,ESM-2 150M + 650M,3,0.36,0.9696969696969696,1.0,17,4,3,1
GRIA3,ESM-2 150M + 650M,4,0.19,0.9696969696969696,1.0,17,4,3,1
GRIA3,ESM-2 150M + 650M,5,0.0,1.0,1.0,17,4,3,1
GRIA3,ESM-2 650M + ESM-1b 650M,1,0.71,0.9818181818181818,1.0,16,5,3,2
GRIA3,ESM-2 650M + ESM-1b 650M,2,0.71,0.9833333333333332,1.0,17,4,2,2
GRIA3,ESM-2 650M + ESM-1b 650M,3,0.0,0.9848484848484848,1.0,17,4,3,1
GRIA3,ESM-2 650M + ESM-1b 650M,4,0.04,1.0,1.0,17,4,3,1
GRIA3,ESM-2 650M + ESM-1b 650M,5,0.71,1.0,1.0,17,4,3,1
GRIA3,ESM-2 650M + CaLM,1,0.1,1.0,1.0,16,5,3,2
GRIA3,ESM-2 650M + CaLM,2,0.45,1.0,1.0,17,4,2,2
GRIA3,ESM-2 650M + CaLM,3,0.45,1.0,1.0,17,4,3,1
GRIA3,ESM-2 650M + CaLM,4,0.45,1.0,1.0,17,4,3,1
GRIA3,ESM-2 650M + CaLM,5,0.03,1.0,1.0,17,4,3,1
GRIA3,ESM-2 150M + CaLM,1,0.36,1.0,1.0,16,5,3,2
GRIA3,ESM-2 150M + CaLM,2,0.36,1.0,1.0,17,4,2,2
GRIA3,ESM-2 150M + CaLM,3,0.0,1.0,0.6666666666666666,17,4,3,1
GRIA3,ESM-2 150M + CaLM,4,0.2,1.0,1.0,17,4,3,1
GRIA3,ESM-2 150M + CaLM,5,0.36,1.0,1.0,17,4,3,1
GRIA3,ESM-1b 650M + CaLM,1,0.11,1.0,1.0,16,5,3,2
GRIA3,ESM-1b 650M + CaLM,2,0.11,1.0,1.0,17,4,2,2
GRIA3,ESM-1b 650M + CaLM,3,0.11,1.0,1.0,17,4,3,1
GRIA3,ESM-1b 650M + CaLM,4,0.0,1.0,1.0,17,4,3,1
GRIA3,ESM-1b 650M + CaLM,5,0.0,1.0,1.0,17,4,3,1
GRIA4,ESM-2 150M + 650M,1,0.52,0.6666666666666666,1.0,10,3,1,2
GRIA4,ESM-2 150M + 650M,2,0.16,0.6666666666666666,1.0,10,3,1,2
GRIA4,ESM-2 150M + 650M,3,0.0,0.8333333333333334,0.0,10,3,1,2
GRIA4,ESM-2 150M + 650M,4,0.0,0.7142857142857143,1.0,11,2,1,1
GRIA4,ESM-2 150M + 650M,5,0.52,0.9642857142857144,0.0,11,2,1,1
GRIA4,ESM-2 650M + ESM-1b 650M,1,0.72,0.9166666666666666,1.0,10,3,1,2
GRIA4,ESM-2 650M + ESM-1b 650M,2,0.1,1.0,0.0,10,3,1,2
GRIA4,ESM-2 650M + ESM-1b 650M,3,0.85,0.9583333333333334,1.0,10,3,1,2
GRIA4,ESM-2 650M + ESM-1b 650M,4,0.85,0.9642857142857144,1.0,11,2,1,1
GRIA4,ESM-2 650M + ESM-1b 650M,5,0.85,0.9285714285714286,1.0,11,2,1,1
GRIA4,ESM-2 650M + CaLM,1,0.15,1.0,0.0,10,3,1,2
GRIA4,ESM-2 650M + CaLM,2,0.15,0.7083333333333334,1.0,10,3,1,2
GRIA4,ESM-2 650M + CaLM,3,0.0,0.7083333333333334,1.0,10,3,1,2
GRIA4,ESM-2 650M + CaLM,4,0.15,0.7142857142857143,1.0,11,2,1,1
GRIA4,ESM-2 650M + CaLM,5,0.86,0.7857142857142857,0.0,11,2,1,1
GRIA4,ESM-2 150M + CaLM,1,0.0,0.875,0.5,10,3,1,2
GRIA4,ESM-2 150M + CaLM,2,0.0,0.625,1.0,10,3,1,2
GRIA4,ESM-2 150M + CaLM,3,0.0,0.75,1.0,10,3,1,2
GRIA4,ESM-2 150M + CaLM,4,0.0,0.8214285714285714,1.0,11,2,1,1
GRIA4,ESM-2 150M + CaLM,5,0.0,0.7142857142857143,1.0,11,2,1,1
GRIA4,ESM-1b 650M + CaLM,1,0.0,0.9166666666666666,1.0,10,3,1,2
GRIA4,ESM-1b 650M + CaLM,2,0.0,0.9583333333333334,1.0,10,3,1,2
GRIA4,ESM-1b 650M + CaLM,3,0.0,0.9166666666666666,1.0,10,3,1,2
GRIA4,ESM-1b 650M + CaLM,4,0.0,0.9642857142857144,1.0,11,2,1,1
GRIA4,ESM-1b 650M + CaLM,5,0.0,1.0,1.0,11,2,1,1
GRIN1,ESM-2 150M + 650M,1,0.8200000000000001,0.8083090379008746,0.8020833333333334,77,20,12,8
GRIN1,ESM-2 150M + 650M,2,0.8,0.7758620689655172,0.967032967032967,77,20,13,7
GRIN1,ESM-2 150M + 650M,3,0.72,0.8092892329345531,0.8095238095238095,78,19,12,7
GRIN1,ESM-2 150M + 650M,4,1.0,0.8360309641097818,0.6785714285714286,78,19,12,7
GRIN1,ESM-2 150M + 650M,5,0.86,0.8332160450387052,0.7619047619047619,78,19,12,7
GRIN1,ESM-2 650M + ESM-1b 650M,1,0.37,0.8498542274052479,0.75,77,20,12,8
GRIN1,ESM-2 650M + ESM-1b 650M,2,0.3,0.7952586206896551,0.956043956043956,77,20,13,7
GRIN1,ESM-2 650M + ESM-1b 650M,3,0.35,0.8522167487684729,0.7261904761904762,78,19,12,7
GRIN1,ESM-2 650M + ESM-1b 650M,4,0.36,0.8219563687543983,0.8571428571428571,78,19,12,7
GRIN1,ESM-2 650M + ESM-1b 650M,5,0.15,0.8353272343420126,0.7857142857142857,78,19,12,7
GRIN1,ESM-2 650M + CaLM,1,0.5700000000000001,0.8680758017492711,0.8333333333333334,77,20,12,8
GRIN1,ESM-2 650M + CaLM,2,0.5700000000000001,0.8972701149425287,0.7142857142857143,77,20,13,7
GRIN1,ESM-2 650M + CaLM,3,0.5700000000000001,0.8311048557353976,0.9761904761904762,78,19,12,7
GRIN1,ESM-2 650M + CaLM,4,0.46,0.8634764250527798,0.8452380952380952,78,19,12,7
GRIN1,ESM-2 650M + CaLM,5,0.4,0.8430682617874736,0.9047619047619048,78,19,12,7
GRIN1,ESM-2 150M + CaLM,1,0.66,0.7769679300291545,0.9583333333333334,77,20,12,8
GRIN1,ESM-2 150M + CaLM,2,0.99,0.7916666666666666,0.8571428571428571,77,20,13,7
GRIN1,ESM-2 150M + CaLM,3,0.93,0.8156228008444757,0.7976190476190477,78,19,12,7
GRIN1,ESM-2 150M + CaLM,4,0.98,0.8099929627023223,0.8452380952380952,78,19,12,7
GRIN1,ESM-2 150M + CaLM,5,0.71,0.8627726952850105,0.5952380952380952,78,19,12,7
GRIN1,ESM-1b 650M + CaLM,1,0.62,0.8381924198250729,0.8958333333333334,77,20,12,8
GRIN1,ESM-1b 650M + CaLM,2,0.68,0.8498563218390804,0.8351648351648352,77,20,13,7
GRIN1,ESM-1b 650M + CaLM,3,0.56,0.8789584799437016,0.6904761904761905,78,19,12,7
GRIN1,ESM-1b 650M + CaLM,4,0.75,0.8296973961998593,0.9047619047619048,78,19,12,7
GRIN1,ESM-1b 650M + CaLM,5,0.59,0.8304011259676284,0.9166666666666666,78,19,12,7
GRM6,ESM-2 150M + 650M,1,0.0,1.0,1.0,22,6,1,5
GRM6,ESM-2 150M + 650M,2,0.0,1.0,1.0,22,6,2,4
GRM6,ESM-2 150M + 650M,3,0.0,1.0,1.0,22,6,2,4
GRM6,ESM-2 150M + 650M,4,0.0,1.0,1.0,23,5,1,4
GRM6,ESM-2 150M + 650M,5,0.0,1.0,1.0,23,5,1,4
GRM6,ESM-2 650M + ESM-1b 650M,1,0.23,0.96875,1.0,22,6,1,5
GRM6,ESM-2 650M + ESM-1b 650M,2,0.0,1.0,0.75,22,6,2,4
GRM6,ESM-2 650M + ESM-1b 650M,3,0.23,0.9647058823529412,1.0,22,6,2,4
GRM6,ESM-2 650M + ESM-1b 650M,4,0.23,0.9607843137254902,1.0,23,5,1,4
GRM6,ESM-2 650M + ESM-1b 650M,5,0.23,0.9705882352941176,1.0,23,5,1,4
GRM6,ESM-2 650M + CaLM,1,0.49,0.9895833333333334,1.0,22,6,1,5
GRM6,ESM-2 650M + CaLM,2,0.49,0.9882352941176472,1.0,22,6,2,4
GRM6,ESM-2 650M + CaLM,3,0.0,1.0,0.875,22,6,2,4
GRM6,ESM-2 650M + CaLM,4,0.49,0.9901960784313726,1.0,23,5,1,4
GRM6,ESM-2 650M + CaLM,5,0.49,0.9901960784313726,1.0,23,5,1,4
GRM6,ESM-2 150M + CaLM,1,0.0,1.0,1.0,22,6,1,5
GRM6,ESM-2 150M + CaLM,2,0.0,1.0,1.0,22,6,2,4
GRM6,ESM-2 150M + CaLM,3,0.0,1.0,1.0,22,6,2,4
GRM6,ESM-2 150M + CaLM,4,0.0,1.0,1.0,23,5,1,4
GRM6,ESM-2 150M + CaLM,5,0.0,1.0,1.0,23,5,1,4
GRM6,ESM-1b 650M + CaLM,1,0.22,0.9895833333333334,0.8,22,6,1,5
GRM6,ESM-1b 650M + CaLM,2,0.31,0.9882352941176472,0.875,22,6,2,4
GRM6,ESM-1b 650M + CaLM,3,0.5,0.976470588235294,1.0,22,6,2,4
GRM6,ESM-1b 650M + CaLM,4,0.5,1.0,1.0,23,5,1,4
GRM6,ESM-1b 650M + CaLM,5,0.5,0.9803921568627452,1.0,23,5,1,4
GTPBP3,ESM-2 150M + 650M,1,0.0,0.8958333333333334,1.0,14,4,2,2
GTPBP3,ESM-2 150M + 650M,2,0.0,0.9166666666666666,1.0,14,4,2,2
GTPBP3,ESM-2 150M + 650M,3,0.0,1.0,0.75,14,4,2,2
GTPBP3,ESM-2 150M + 650M,4,0.0,0.9285714285714286,1.0,15,3,1,2
GTPBP3,ESM-2 150M + 650M,5,0.0,0.9464285714285714,1.0,15,3,1,2
GTPBP3,ESM-2 650M + ESM-1b 650M,1,0.67,0.9166666666666666,1.0,14,4,2,2
GTPBP3,ESM-2 650M + ESM-1b 650M,2,0.77,0.9166666666666666,1.0,14,4,2,2
GTPBP3,ESM-2 650M + ESM-1b 650M,3,0.63,0.9375,1.0,14,4,2,2
GTPBP3,ESM-2 650M + ESM-1b 650M,4,0.77,1.0,1.0,15,3,1,2
GTPBP3,ESM-2 650M + ESM-1b 650M,5,0.0,1.0,0.5,15,3,1,2
GTPBP3,ESM-2 650M + CaLM,1,0.5,1.0,1.0,14,4,2,2
GTPBP3,ESM-2 650M + CaLM,2,0.6,1.0,1.0,14,4,2,2
GTPBP3,ESM-2 650M + CaLM,3,0.0,1.0,1.0,14,4,2,2
GTPBP3,ESM-2 650M + CaLM,4,0.6,1.0,1.0,15,3,1,2
GTPBP3,ESM-2 650M + CaLM,5,0.6,1.0,1.0,15,3,1,2
GTPBP3,ESM-2 150M + CaLM,1,0.47,1.0,1.0,14,4,2,2
GTPBP3,ESM-2 150M + CaLM,2,0.22,1.0,1.0,14,4,2,2
GTPBP3,ESM-2 150M + CaLM,3,0.0,1.0,1.0,14,4,2,2
GTPBP3,ESM-2 150M + CaLM,4,0.47,1.0,1.0,15,3,1,2
GTPBP3,ESM-2 150M + CaLM,5,0.47,1.0,1.0,15,3,1,2
GTPBP3,ESM-1b 650M + CaLM,1,0.63,1.0,1.0,14,4,2,2
GTPBP3,ESM-1b 650M + CaLM,2,0.6,1.0,1.0,14,4,2,2
GTPBP3,ESM-1b 650M + CaLM,3,0.63,1.0,1.0,14,4,2,2
GTPBP3,ESM-1b 650M + CaLM,4,0.63,1.0,1.0,15,3,1,2
GTPBP3,ESM-1b 650M + CaLM,5,0.14,1.0,0.5,15,3,1,2
HADHA,ESM-2 150M + 650M,1,0.0,1.0,1.0,17,5,2,3
HADHA,ESM-2 150M + 650M,2,0.0,1.0,1.0,17,5,3,2
HADHA,ESM-2 150M + 650M,3,0.0,1.0,1.0,18,4,2,2
HADHA,ESM-2 150M + 650M,4,0.0,1.0,1.0,18,4,2,2
HADHA,ESM-2 150M + 650M,5,0.0,1.0,1.0,18,4,2,2
HADHA,ESM-2 650M + ESM-1b 650M,1,0.0,1.0,1.0,17,5,2,3
HADHA,ESM-2 650M + ESM-1b 650M,2,0.0,1.0,1.0,17,5,3,2
HADHA,ESM-2 650M + ESM-1b 650M,3,0.0,1.0,1.0,18,4,2,2
HADHA,ESM-2 650M + ESM-1b 650M,4,0.0,1.0,1.0,18,4,2,2
HADHA,ESM-2 650M + ESM-1b 650M,5,0.0,1.0,1.0,18,4,2,2
HADHA,ESM-2 650M + CaLM,1,0.0,1.0,1.0,17,5,2,3
HADHA,ESM-2 650M + CaLM,2,0.0,1.0,1.0,17,5,3,2
HADHA,ESM-2 650M + CaLM,3,0.0,1.0,1.0,18,4,2,2
HADHA,ESM-2 650M + CaLM,4,0.0,1.0,1.0,18,4,2,2
HADHA,ESM-2 650M + CaLM,5,0.0,1.0,1.0,18,4,2,2
HADHA,ESM-2 150M + CaLM,1,0.0,1.0,1.0,17,5,2,3
HADHA,ESM-2 150M + CaLM,2,0.0,1.0,1.0,17,5,3,2
HADHA,ESM-2 150M + CaLM,3,0.0,1.0,1.0,18,4,2,2
HADHA,ESM-2 150M + CaLM,4,0.0,1.0,1.0,18,4,2,2
HADHA,ESM-2 150M + CaLM,5,0.0,1.0,1.0,18,4,2,2
HADHA,ESM-1b 650M + CaLM,1,0.16,1.0,1.0,17,5,2,3
HADHA,ESM-1b 650M + CaLM,2,0.0,1.0,0.8333333333333334,17,5,3,2
HADHA,ESM-1b 650M + CaLM,3,0.39,1.0,1.0,18,4,2,2
HADHA,ESM-1b 650M + CaLM,4,0.39,1.0,1.0,18,4,2,2
HADHA,ESM-1b 650M + CaLM,5,0.39,1.0,1.0,18,4,2,2
HBA1,ESM-2 150M + 650M,1,0.0,0.7619047619047619,1.0,16,4,2,2
HBA1,ESM-2 150M + 650M,2,0.31,0.873015873015873,0.5,16,4,2,2
HBA1,ESM-2 150M + 650M,3,0.85,0.7619047619047619,0.75,16,4,2,2
HBA1,ESM-2 150M + 650M,4,0.09,0.8571428571428571,0.25,16,4,2,2
HBA1,ESM-2 150M + 650M,5,0.0,0.703125,1.0,16,4,3,1
HBA1,ESM-2 650M + ESM-1b 650M,1,0.0,0.6825396825396826,0.75,16,4,2,2
HBA1,ESM-2 650M + ESM-1b 650M,2,0.05,0.9047619047619048,0.0,16,4,2,2
HBA1,ESM-2 650M + ESM-1b 650M,3,0.56,0.7301587301587301,0.75,16,4,2,2
HBA1,ESM-2 650M + ESM-1b 650M,4,0.07,0.6666666666666666,1.0,16,4,2,2
HBA1,ESM-2 650M + ESM-1b 650M,5,0.32,0.71875,1.0,16,4,3,1
HBA1,ESM-2 650M + CaLM,1,0.0,0.6984126984126984,0.75,16,4,2,2
HBA1,ESM-2 650M + CaLM,2,0.0,0.6031746031746031,1.0,16,4,2,2
HBA1,ESM-2 650M + CaLM,3,0.07,0.6984126984126984,0.75,16,4,2,2
HBA1,ESM-2 650M + CaLM,4,0.07,0.9047619047619048,0.25,16,4,2,2
HBA1,ESM-2 650M + CaLM,5,0.07,0.6875,1.0,16,4,3,1
HBA1,ESM-2 150M + CaLM,1,0.05,0.7142857142857143,1.0,16,4,2,2
HBA1,ESM-2 150M + CaLM,2,0.02,0.8888888888888888,0.5,16,4,2,2
HBA1,ESM-2 150M + CaLM,3,0.02,0.746031746031746,1.0,16,4,2,2
HBA1,ESM-2 150M + CaLM,4,0.0,0.8571428571428571,0.5,16,4,2,2
HBA1,ESM-2 150M + CaLM,5,0.0,0.75,1.0,16,4,3,1
HBA1,ESM-1b 650M + CaLM,1,0.0,0.5873015873015873,1.0,16,4,2,2
HBA1,ESM-1b 650M + CaLM,2,0.0,0.873015873015873,0.0,16,4,2,2
HBA1,ESM-1b 650M + CaLM,3,0.0,0.7301587301587301,0.75,16,4,2,2
HBA1,ESM-1b 650M + CaLM,4,0.0,0.6031746031746031,1.0,16,4,2,2
HBA1,ESM-1b 650M + CaLM,5,0.0,0.65625,1.0,16,4,3,1
HBA2,ESM-2 150M + 650M,1,0.0,0.9,0.6666666666666666,27,7,4,3
HBA2,ESM-2 150M + 650M,2,0.6,0.8388888888888889,0.75,27,7,4,3
HBA2,ESM-2 150M + 650M,3,0.01,0.85,0.9166666666666666,27,7,4,3
HBA2,ESM-2 150M + 650M,4,0.0,0.8444444444444444,0.75,27,7,4,3
HBA2,ESM-2 150M + 650M,5,0.0,0.7760416666666666,1.0,28,6,3,3
HBA2,ESM-2 650M + ESM-1b 650M,1,0.39,0.8611111111111112,0.5,27,7,4,3
HBA2,ESM-2 650M + ESM-1b 650M,2,0.28,0.7555555555555555,1.0,27,7,4,3
HBA2,ESM-2 650M + ESM-1b 650M,3,0.0,0.8444444444444444,0.5833333333333334,27,7,4,3
HBA2,ESM-2 650M + ESM-1b 650M,4,0.8300000000000001,0.8055555555555556,0.8333333333333334,27,7,4,3
HBA2,ESM-2 650M + ESM-1b 650M,5,0.3,0.78125,1.0,28,6,3,3
HBA2,ESM-2 650M + CaLM,1,0.47,0.8277777777777777,0.8333333333333334,27,7,4,3
HBA2,ESM-2 650M + CaLM,2,0.28,0.8333333333333334,0.5,27,7,4,3
HBA2,ESM-2 650M + CaLM,3,0.47,0.8444444444444444,0.6666666666666666,27,7,4,3
HBA2,ESM-2 650M + CaLM,4,0.47,0.8444444444444444,0.75,27,7,4,3
HBA2,ESM-2 650M + CaLM,5,0.0,0.7552083333333334,1.0,28,6,3,3
HBA2,ESM-2 150M + CaLM,1,0.36,0.8555555555555555,0.75,27,7,4,3
HBA2,ESM-2 150M + CaLM,2,0.03,0.8888888888888888,0.6666666666666666,27,7,4,3
HBA2,ESM-2 150M + CaLM,3,0.02,0.85,0.8333333333333334,27,7,4,3
HBA2,ESM-2 150M + CaLM,4,0.36,0.85,0.9166666666666666,27,7,4,3
HBA2,ESM-2 150M + CaLM,5,0.36,0.8125,1.0,28,6,3,3
HBA2,ESM-1b 650M + CaLM,1,0.0,0.8388888888888889,0.5833333333333334,27,7,4,3
HBA2,ESM-1b 650M + CaLM,2,0.04,0.7777777777777778,0.9166666666666666,27,7,4,3
HBA2,ESM-1b 650M + CaLM,3,0.0,0.8222222222222222,0.75,27,7,4,3
HBA2,ESM-1b 650M + CaLM,4,0.04,0.7833333333333333,1.0,27,7,4,3
HBA2,ESM-1b 650M + CaLM,5,0.71,0.7916666666666666,0.6666666666666666,28,6,3,3
HBB,ESM-2 150M + 650M,1,0.01,0.8560606060606061,0.9,28,7,5,2
HBB,ESM-2 150M + 650M,2,0.0,0.8787878787878788,0.7,28,7,5,2
HBB,ESM-2 150M + 650M,3,0.91,0.9015151515151516,0.5,28,7,5,2
HBB,ESM-2 150M + 650M,4,0.0,0.8027210884353742,1.0,28,7,6,1
HBB,ESM-2 150M + 650M,5,0.66,0.8571428571428571,0.8333333333333334,28,7,6,1
HBB,ESM-2 650M + ESM-1b 650M,1,0.26,0.7954545454545454,0.8,28,7,5,2
HBB,ESM-2 650M + ESM-1b 650M,2,0.28,0.7954545454545454,0.9,28,7,5,2
HBB,ESM-2 650M + ESM-1b 650M,3,0.03,0.803030303030303,0.9,28,7,5,2
HBB,ESM-2 650M + ESM-1b 650M,4,0.0,0.8027210884353742,0.6666666666666666,28,7,6,1
HBB,ESM-2 650M + ESM-1b 650M,5,0.03,0.8979591836734694,0.1666666666666666,28,7,6,1
HBB,ESM-2 650M + CaLM,1,0.72,0.8560606060606061,0.8,28,7,5,2
HBB,ESM-2 650M + CaLM,2,0.39,0.7954545454545454,1.0,28,7,5,2
HBB,ESM-2 650M + CaLM,3,0.4,0.8257575757575758,0.8,28,7,5,2
HBB,ESM-2 650M + CaLM,4,0.42,0.8707482993197279,0.8333333333333334,28,7,6,1
HBB,ESM-2 650M + CaLM,5,0.38,0.8979591836734694,0.5,28,7,6,1
HBB,ESM-2 150M + CaLM,1,0.26,0.8560606060606061,0.9,28,7,5,2
HBB,ESM-2 150M + CaLM,2,0.26,0.8181818181818182,1.0,28,7,5,2
HBB,ESM-2 150M + CaLM,3,0.16,0.9166666666666666,0.7,28,7,5,2
HBB,ESM-2 150M + CaLM,4,0.26,0.8775510204081632,0.8333333333333334,28,7,6,1
HBB,ESM-2 150M + CaLM,5,0.87,0.9047619047619048,0.0,28,7,6,1
HBB,ESM-1b 650M + CaLM,1,0.41,0.7727272727272727,0.6,28,7,5,2
HBB,ESM-1b 650M + CaLM,2,0.53,0.8863636363636364,0.3,28,7,5,2
HBB,ESM-1b 650M + CaLM,3,0.5700000000000001,0.7272727272727273,1.0,28,7,5,2
HBB,ESM-1b 650M + CaLM,4,0.5700000000000001,0.8299319727891157,0.5,28,7,6,1
HBB,ESM-1b 650M + CaLM,5,0.5700000000000001,0.7210884353741497,1.0,28,7,6,1
HCN1,ESM-2 150M + 650M,1,0.93,0.914651493598862,0.8,56,15,5,10
HCN1,ESM-2 150M + 650M,2,0.93,0.8540540540540541,1.0,57,14,4,10
HCN1,ESM-2 150M + 650M,3,0.93,0.8559556786703602,1.0,57,14,5,9
HCN1,ESM-2 150M + 650M,4,0.93,0.8573407202216067,1.0,57,14,5,9
HCN1,ESM-2 150M + 650M,5,0.93,0.92797783933518,0.6666666666666666,57,14,5,9
HCN1,ESM-2 650M + ESM-1b 650M,1,0.31,0.9672830725462304,0.82,56,15,5,10
HCN1,ESM-2 650M + ESM-1b 650M,2,0.5700000000000001,0.954054054054054,0.9,57,14,4,10
HCN1,ESM-2 650M + ESM-1b 650M,3,0.98,0.9307479224376732,1.0,57,14,5,9
HCN1,ESM-2 650M + ESM-1b 650M,4,0.68,0.9418282548476454,0.9111111111111112,57,14,5,9
HCN1,ESM-2 650M + ESM-1b 650M,5,0.51,0.9321329639889196,0.9777777777777776,57,14,5,9
HCN1,ESM-2 650M + CaLM,1,0.18,0.887624466571835,0.94,56,15,5,10
HCN1,ESM-2 650M + CaLM,2,0.18,0.9162162162162162,0.75,57,14,4,10
HCN1,ESM-2 650M + CaLM,3,0.23,0.9085872576177284,0.8,57,14,5,9
HCN1,ESM-2 650M + CaLM,4,0.14,0.8698060941828255,0.9555555555555556,57,14,5,9
HCN1,ESM-2 650M + CaLM,5,0.15,0.8573407202216067,1.0,57,14,5,9
HCN1,ESM-2 150M + CaLM,1,0.8200000000000001,0.6998577524893315,0.62,56,15,5,10
HCN1,ESM-2 150M + CaLM,2,0.12,0.7486486486486487,0.375,57,14,4,10
HCN1,ESM-2 150M + CaLM,3,0.19,0.6440443213296398,0.8444444444444444,57,14,5,9
HCN1,ESM-2 150M + CaLM,4,0.93,0.7368421052631579,0.4888888888888889,57,14,5,9
HCN1,ESM-2 150M + CaLM,5,0.22,0.631578947368421,0.9333333333333332,57,14,5,9
HCN1,ESM-1b 650M + CaLM,1,0.28,0.9758179231863442,0.74,56,15,5,10
HCN1,ESM-1b 650M + CaLM,2,0.32,0.945945945945946,0.95,57,14,4,10
HCN1,ESM-1b 650M + CaLM,3,0.43,0.9390581717451524,1.0,57,14,5,9
HCN1,ESM-1b 650M + CaLM,4,0.36,0.9307479224376732,1.0,57,14,5,9
HCN1,ESM-1b 650M + CaLM,5,0.42,0.937673130193906,0.9555555555555556,57,14,5,9
HCN2,ESM-2 150M + 650M,1,0.96,0.9636363636363636,1.0,16,5,2,3
HCN2,ESM-2 150M + 650M,2,0.88,0.9696969696969696,1.0,17,4,1,3
HCN2,ESM-2 150M + 650M,3,0.96,0.9848484848484848,1.0,17,4,1,3
HCN2,ESM-2 150M + 650M,4,0.0,1.0,0.3333333333333333,17,4,1,3
HCN2,ESM-2 150M + 650M,5,0.96,0.9666666666666668,1.0,17,4,2,2
HCN2,ESM-2 650M + ESM-1b 650M,1,0.07,1.0,1.0,16,5,2,3
HCN2,ESM-2 650M + ESM-1b 650M,2,0.07,1.0,1.0,17,4,1,3
HCN2,ESM-2 650M + ESM-1b 650M,3,0.07,1.0,1.0,17,4,1,3
HCN2,ESM-2 650M + ESM-1b 650M,4,0.01,1.0,1.0,17,4,1,3
HCN2,ESM-2 650M + ESM-1b 650M,5,0.0,1.0,1.0,17,4,2,2
HCN2,ESM-2 650M + CaLM,1,0.0,0.9636363636363636,1.0,16,5,2,3
HCN2,ESM-2 650M + CaLM,2,0.0,1.0,1.0,17,4,1,3
HCN2,ESM-2 650M + CaLM,3,0.0,0.9696969696969696,1.0,17,4,1,3
HCN2,ESM-2 650M + CaLM,4,0.0,0.9696969696969696,1.0,17,4,1,3
HCN2,ESM-2 650M + CaLM,5,0.0,1.0,1.0,17,4,2,2
HCN2,ESM-2 150M + CaLM,1,0.0,0.8181818181818182,1.0,16,5,2,3
HCN2,ESM-2 150M + CaLM,2,0.0,1.0,0.3333333333333333,17,4,1,3
HCN2,ESM-2 150M + CaLM,3,0.0,0.8636363636363636,1.0,17,4,1,3
HCN2,ESM-2 150M + CaLM,4,0.0,0.8636363636363636,1.0,17,4,1,3
HCN2,ESM-2 150M + CaLM,5,0.0,0.8333333333333334,1.0,17,4,2,2
HCN2,ESM-1b 650M + CaLM,1,0.0,1.0,1.0,16,5,2,3
HCN2,ESM-1b 650M + CaLM,2,0.0,1.0,1.0,17,4,1,3
HCN2,ESM-1b 650M + CaLM,3,0.0,1.0,1.0,17,4,1,3
HCN2,ESM-1b 650M + CaLM,4,0.0,1.0,1.0,17,4,1,3
HCN2,ESM-1b 650M + CaLM,5,0.0,1.0,1.0,17,4,2,2
HDAC8,ESM-2 150M + 650M,1,0.49,0.961904761904762,1.0,31,8,5,3
HDAC8,ESM-2 150M + 650M,2,0.41,0.9761904761904762,1.0,31,8,5,3
HDAC8,ESM-2 150M + 650M,3,0.71,0.9761904761904762,1.0,31,8,5,3
HDAC8,ESM-2 150M + 650M,4,0.49,0.9863636363636364,0.9166666666666666,31,8,6,2
HDAC8,ESM-2 150M + 650M,5,0.49,0.987012987012987,1.0,32,7,5,2
HDAC8,ESM-2 650M + ESM-1b 650M,1,0.47,1.0,0.9333333333333332,31,8,5,3
HDAC8,ESM-2 650M + ESM-1b 650M,2,0.47,0.9761904761904762,1.0,31,8,5,3
HDAC8,ESM-2 650M + ESM-1b 650M,3,0.37,0.9809523809523808,1.0,31,8,5,3
HDAC8,ESM-2 650M + ESM-1b 650M,4,0.5700000000000001,0.9772727272727272,1.0,31,8,6,2
HDAC8,ESM-2 650M + ESM-1b 650M,5,0.08,0.9826839826839828,0.9,32,7,5,2
HDAC8,ESM-2 650M + CaLM,1,0.23,0.9666666666666668,1.0,31,8,5,3
HDAC8,ESM-2 650M + CaLM,2,0.23,0.9857142857142858,0.9333333333333332,31,8,5,3
HDAC8,ESM-2 650M + CaLM,3,0.2,0.9857142857142858,1.0,31,8,5,3
HDAC8,ESM-2 650M + CaLM,4,0.46,0.9727272727272728,1.0,31,8,6,2
HDAC8,ESM-2 650M + CaLM,5,0.23,0.9913419913419912,1.0,32,7,5,2
HDAC8,ESM-2 150M + CaLM,1,0.79,0.9809523809523808,1.0,31,8,5,3
HDAC8,ESM-2 150M + CaLM,2,0.5,0.9666666666666668,1.0,31,8,5,3
HDAC8,ESM-2 150M + CaLM,3,0.14,0.9809523809523808,0.8,31,8,5,3
HDAC8,ESM-2 150M + CaLM,4,0.79,0.9818181818181818,0.9166666666666666,31,8,6,2
HDAC8,ESM-2 150M + CaLM,5,0.79,0.961038961038961,1.0,32,7,5,2
HDAC8,ESM-1b 650M + CaLM,1,0.58,0.9809523809523808,1.0,31,8,5,3
HDAC8,ESM-1b 650M + CaLM,2,0.78,1.0,0.9333333333333332,31,8,5,3
HDAC8,ESM-1b 650M + CaLM,3,0.25,0.9714285714285714,1.0,31,8,5,3
HDAC8,ESM-1b 650M + CaLM,4,0.0,0.9772727272727272,1.0,31,8,6,2
HDAC8,ESM-1b 650M + CaLM,5,0.58,0.974025974025974,1.0,32,7,5,2
HEXB,ESM-2 150M + 650M,1,0.0,1.0,1.0,21,6,3,3
HEXB,ESM-2 150M + 650M,2,0.0,1.0,1.0,21,6,4,2
HEXB,ESM-2 150M + 650M,3,0.0,1.0,1.0,22,5,3,2
HEXB,ESM-2 150M + 650M,4,0.0,1.0,1.0,22,5,3,2
HEXB,ESM-2 150M + 650M,5,0.0,1.0,1.0,22,5,3,2
HEXB,ESM-2 650M + ESM-1b 650M,1,0.0,1.0,1.0,21,6,3,3
HEXB,ESM-2 650M + ESM-1b 650M,2,0.0,1.0,1.0,21,6,4,2
HEXB,ESM-2 650M + ESM-1b 650M,3,0.0,1.0,1.0,22,5,3,2
HEXB,ESM-2 650M + ESM-1b 650M,4,0.0,1.0,1.0,22,5,3,2
HEXB,ESM-2 650M + ESM-1b 650M,5,0.0,1.0,1.0,22,5,3,2
HEXB,ESM-2 650M + CaLM,1,0.0,1.0,1.0,21,6,3,3
HEXB,ESM-2 650M + CaLM,2,0.0,1.0,1.0,21,6,4,2
HEXB,ESM-2 650M + CaLM,3,0.0,1.0,1.0,22,5,3,2
HEXB,ESM-2 650M + CaLM,4,0.0,1.0,1.0,22,5,3,2
HEXB,ESM-2 650M + CaLM,5,0.0,1.0,1.0,22,5,3,2
HEXB,ESM-2 150M + CaLM,1,0.0,1.0,1.0,21,6,3,3
HEXB,ESM-2 150M + CaLM,2,0.0,1.0,1.0,21,6,4,2
HEXB,ESM-2 150M + CaLM,3,0.0,1.0,1.0,22,5,3,2
HEXB,ESM-2 150M + CaLM,4,0.0,1.0,1.0,22,5,3,2
HEXB,ESM-2 150M + CaLM,5,0.0,1.0,1.0,22,5,3,2
HEXB,ESM-1b 650M + CaLM,1,0.0,1.0,1.0,21,6,3,3
HEXB,ESM-1b 650M + CaLM,2,0.0,1.0,1.0,21,6,4,2
HEXB,ESM-1b 650M + CaLM,3,0.0,1.0,1.0,22,5,3,2
HEXB,ESM-1b 650M + CaLM,4,0.0,1.0,1.0,22,5,3,2
HEXB,ESM-1b 650M + CaLM,5,0.0,1.0,1.0,22,5,3,2
HGD,ESM-2 150M + 650M,1,0.43,1.0,1.0,33,9,7,2
HGD,ESM-2 150M + 650M,2,0.38,0.9928571428571428,1.0,33,9,7,2
HGD,ESM-2 150M + 650M,3,0.56,1.0,1.0,34,8,7,1
HGD,ESM-2 150M + 650M,4,0.43,0.988095238095238,1.0,34,8,7,1
HGD,ESM-2 150M + 650M,5,0.43,0.988095238095238,1.0,34,8,7,1
HGD,ESM-2 650M + ESM-1b 650M,1,0.0,1.0,0.9285714285714286,33,9,7,2
HGD,ESM-2 650M + ESM-1b 650M,2,0.0,0.9785714285714284,1.0,33,9,7,2
HGD,ESM-2 650M + ESM-1b 650M,3,0.0,0.9940476190476192,1.0,34,8,7,1
HGD,ESM-2 650M + ESM-1b 650M,4,0.56,0.988095238095238,1.0,34,8,7,1
HGD,ESM-2 650M + ESM-1b 650M,5,0.0,0.9821428571428572,1.0,34,8,7,1
HGD,ESM-2 650M + CaLM,1,0.0,0.9857142857142858,1.0,33,9,7,2
HGD,ESM-2 650M + CaLM,2,0.0,1.0,1.0,33,9,7,2
HGD,ESM-2 650M + CaLM,3,0.0,0.988095238095238,1.0,34,8,7,1
HGD,ESM-2 650M + CaLM,4,0.0,0.9821428571428572,1.0,34,8,7,1
HGD,ESM-2 650M + CaLM,5,0.0,0.988095238095238,1.0,34,8,7,1
HGD,ESM-2 150M + CaLM,1,0.28,1.0,0.8571428571428571,33,9,7,2
HGD,ESM-2 150M + CaLM,2,0.27,0.9857142857142858,0.9285714285714286,33,9,7,2
HGD,ESM-2 150M + CaLM,3,0.9,0.9821428571428572,1.0,34,8,7,1
HGD,ESM-2 150M + CaLM,4,0.9,0.9821428571428572,1.0,34,8,7,1
HGD,ESM-2 150M + CaLM,5,0.9,0.9761904761904762,1.0,34,8,7,1
HGD,ESM-1b 650M + CaLM,1,0.81,0.9714285714285714,1.0,33,9,7,2
HGD,ESM-1b 650M + CaLM,2,0.0,1.0,0.8571428571428571,33,9,7,2
HGD,ESM-1b 650M + CaLM,3,0.81,0.9821428571428572,1.0,34,8,7,1
HGD,ESM-1b 650M + CaLM,4,0.22,0.988095238095238,1.0,34,8,7,1
HGD,ESM-1b 650M + CaLM,5,0.81,0.988095238095238,1.0,34,8,7,1
HGSNAT,ESM-2 150M + 650M,1,0.0,0.9777777777777776,1.0,14,4,2,2
HGSNAT,ESM-2 150M + 650M,2,0.0,0.9333333333333332,1.0,14,4,2,2
HGSNAT,ESM-2 150M + 650M,3,0.0,1.0,1.0,14,4,3,1
HGSNAT,ESM-2 150M + 650M,4,0.0,0.9444444444444444,1.0,15,3,2,1
HGSNAT,ESM-2 150M + 650M,5,0.0,0.9629629629629628,1.0,15,3,2,1
HGSNAT,ESM-2 650M + ESM-1b 650M,1,0.17,0.9777777777777776,1.0,14,4,2,2
HGSNAT,ESM-2 650M + ESM-1b 650M,2,0.0,1.0,1.0,14,4,2,2
HGSNAT,ESM-2 650M + ESM-1b 650M,3,0.59,1.0,1.0,14,4,3,1
HGSNAT,ESM-2 650M + ESM-1b 650M,4,0.59,0.9814814814814816,1.0,15,3,2,1
HGSNAT,ESM-2 650M + ESM-1b 650M,5,0.59,0.9814814814814816,1.0,15,3,2,1
HGSNAT,ESM-2 650M + CaLM,1,0.0,1.0,0.5,14,4,2,2
HGSNAT,ESM-2 650M + CaLM,2,0.39,1.0,1.0,14,4,2,2
HGSNAT,ESM-2 650M + CaLM,3,0.24,1.0,1.0,14,4,3,1
HGSNAT,ESM-2 650M + CaLM,4,0.39,1.0,1.0,15,3,2,1
HGSNAT,ESM-2 650M + CaLM,5,0.39,1.0,1.0,15,3,2,1
HGSNAT,ESM-2 150M + CaLM,1,0.54,1.0,1.0,14,4,2,2
HGSNAT,ESM-2 150M + CaLM,2,0.0,1.0,1.0,14,4,2,2
HGSNAT,ESM-2 150M + CaLM,3,0.05,1.0,1.0,14,4,3,1
HGSNAT,ESM-2 150M + CaLM,4,0.54,1.0,1.0,15,3,2,1
HGSNAT,ESM-2 150M + CaLM,5,0.54,1.0,1.0,15,3,2,1
HGSNAT,ESM-1b 650M + CaLM,1,0.18,1.0,1.0,14,4,2,2
HGSNAT,ESM-1b 650M + CaLM,2,0.0,1.0,1.0,14,4,2,2
HGSNAT,ESM-1b 650M + CaLM,3,0.0,1.0,1.0,14,4,3,1
HGSNAT,ESM-1b 650M + CaLM,4,0.18,1.0,1.0,15,3,2,1
HGSNAT,ESM-1b 650M + CaLM,5,0.18,1.0,1.0,15,3,2,1
HLCS,ESM-2 150M + 650M,1,0.06,1.0,1.0,16,4,2,2
HLCS,ESM-2 150M + 650M,2,0.06,1.0,1.0,16,4,2,2
HLCS,ESM-2 150M + 650M,3,0.06,1.0,1.0,16,4,2,2
HLCS,ESM-2 150M + 650M,4,0.0,1.0,1.0,16,4,2,2
HLCS,ESM-2 150M + 650M,5,0.0,1.0,1.0,16,4,3,1
HLCS,ESM-2 650M + ESM-1b 650M,1,0.0,1.0,1.0,16,4,2,2
HLCS,ESM-2 650M + ESM-1b 650M,2,0.0,1.0,1.0,16,4,2,2
HLCS,ESM-2 650M + ESM-1b 650M,3,0.0,1.0,1.0,16,4,2,2
HLCS,ESM-2 650M + ESM-1b 650M,4,0.0,1.0,1.0,16,4,2,2
HLCS,ESM-2 650M + ESM-1b 650M,5,0.0,1.0,1.0,16,4,3,1
HLCS,ESM-2 650M + CaLM,1,0.0,1.0,1.0,16,4,2,2
HLCS,ESM-2 650M + CaLM,2,0.0,1.0,1.0,16,4,2,2
HLCS,ESM-2 650M + CaLM,3,0.0,1.0,1.0,16,4,2,2
HLCS,ESM-2 650M + CaLM,4,0.0,1.0,1.0,16,4,2,2
HLCS,ESM-2 650M + CaLM,5,0.0,1.0,1.0,16,4,3,1
HLCS,ESM-2 150M + CaLM,1,0.0,1.0,1.0,16,4,2,2
HLCS,ESM-2 150M + CaLM,2,0.0,0.984126984126984,1.0,16,4,2,2
HLCS,ESM-2 150M + CaLM,3,0.0,1.0,1.0,16,4,2,2
HLCS,ESM-2 150M + CaLM,4,0.0,0.984126984126984,1.0,16,4,2,2
HLCS,ESM-2 150M + CaLM,5,0.0,0.984375,1.0,16,4,3,1
HLCS,ESM-1b 650M + CaLM,1,0.0,1.0,1.0,16,4,2,2
HLCS,ESM-1b 650M + CaLM,2,0.0,1.0,1.0,16,4,2,2
HLCS,ESM-1b 650M + CaLM,3,0.0,1.0,1.0,16,4,2,2
HLCS,ESM-1b 650M + CaLM,4,0.0,1.0,1.0,16,4,2,2
HLCS,ESM-1b 650M + CaLM,5,0.0,1.0,1.0,16,4,3,1
HNF1A,ESM-2 150M + 650M,1,0.95,0.8512110726643599,0.8095238095238095,102,26,21,5
HNF1A,ESM-2 150M + 650M,2,0.97,0.8525951557093425,0.7904761904761904,102,26,21,5
HNF1A,ESM-2 150M + 650M,3,0.98,0.8551587301587301,0.8181818181818182,102,26,22,4
HNF1A,ESM-2 150M + 650M,4,0.97,0.8294117647058824,0.9047619047619048,103,25,21,4
HNF1A,ESM-2 150M + 650M,5,0.99,0.8379084967320262,0.9047619047619048,103,25,21,4
HNF1A,ESM-2 650M + ESM-1b 650M,1,0.44,0.9480968858131488,0.923809523809524,102,26,21,5
HNF1A,ESM-2 650M + ESM-1b 650M,2,0.74,0.9626297577854672,0.8952380952380953,102,26,21,5
HNF1A,ESM-2 650M + ESM-1b 650M,3,0.87,0.9371693121693122,1.0,102,26,22,4
HNF1A,ESM-2 650M + ESM-1b 650M,4,0.5700000000000001,0.949673202614379,0.9404761904761904,103,25,21,4
HNF1A,ESM-2 650M + ESM-1b 650M,5,0.66,0.9555555555555556,0.9523809523809524,103,25,21,4
HNF1A,ESM-2 650M + CaLM,1,0.0,0.8470588235294118,0.8761904761904762,102,26,21,5
HNF1A,ESM-2 650M + CaLM,2,0.27,0.8491349480968858,0.780952380952381,102,26,21,5
HNF1A,ESM-2 650M + CaLM,3,0.0,0.8544973544973545,0.7954545454545454,102,26,22,4
HNF1A,ESM-2 650M + CaLM,4,0.0,0.8333333333333334,0.8928571428571429,103,25,21,4
HNF1A,ESM-2 650M + CaLM,5,0.0,0.8431372549019608,0.8452380952380952,103,25,21,4
HNF1A,ESM-2 150M + CaLM,1,0.59,0.8055363321799308,0.6,102,26,21,5
HNF1A,ESM-2 150M + CaLM,2,0.64,0.7550173010380623,0.8,102,26,21,5
HNF1A,ESM-2 150M + CaLM,3,0.6,0.7374338624338624,0.8409090909090909,102,26,22,4
HNF1A,ESM-2 150M + CaLM,4,0.59,0.7751633986928105,0.7380952380952381,103,25,21,4
HNF1A,ESM-2 150M + CaLM,5,0.64,0.7529411764705882,0.8333333333333334,103,25,21,4
HNF1A,ESM-1b 650M + CaLM,1,0.0,0.946712802768166,0.9333333333333332,102,26,21,5
HNF1A,ESM-1b 650M + CaLM,2,0.0,0.9377162629757786,0.9904761904761904,102,26,21,5
HNF1A,ESM-1b 650M + CaLM,3,0.0,0.9537037037037036,0.8863636363636364,102,26,22,4
HNF1A,ESM-1b 650M + CaLM,4,0.24,0.9594771241830066,0.9047619047619048,103,25,21,4
HNF1A,ESM-1b 650M + CaLM,5,0.47,0.9372549019607844,0.9642857142857144,103,25,21,4
HNF4A,ESM-2 150M + 650M,1,0.74,0.8875,1.0,44,12,11,1
HNF4A,ESM-2 150M + 650M,2,0.36,0.9329268292682928,0.8,45,11,10,1
HNF4A,ESM-2 150M + 650M,3,0.74,0.9085365853658536,0.9,45,11,10,1
HNF4A,ESM-2 150M + 650M,4,0.74,0.9146341463414634,1.0,45,11,10,1
HNF4A,ESM-2 150M + 650M,5,0.65,0.9329268292682928,0.9,45,11,10,1
HNF4A,ESM-2 650M + ESM-1b 650M,1,0.4,0.98125,1.0,44,12,11,1
HNF4A,ESM-2 650M + ESM-1b 650M,2,0.35,0.975609756097561,1.0,45,11,10,1
HNF4A,ESM-2 650M + ESM-1b 650M,3,0.35,0.9817073170731708,0.9,45,11,10,1
HNF4A,ESM-2 650M + ESM-1b 650M,4,0.4,0.9695121951219512,1.0,45,11,10,1
HNF4A,ESM-2 650M + ESM-1b 650M,5,0.4,1.0,0.9,45,11,10,1
HNF4A,ESM-2 650M + CaLM,1,0.64,0.9625,0.9090909090909092,44,12,11,1
HNF4A,ESM-2 650M + CaLM,2,0.29,0.945121951219512,1.0,45,11,10,1
HNF4A,ESM-2 650M + CaLM,3,0.64,0.9817073170731708,1.0,45,11,10,1
HNF4A,ESM-2 650M + CaLM,4,0.5700000000000001,0.9634146341463414,1.0,45,11,10,1
HNF4A,ESM-2 650M + CaLM,5,0.29,0.951219512195122,1.0,45,11,10,1
HNF4A,ESM-2 150M + CaLM,1,0.8,0.93125,1.0,44,12,11,1
HNF4A,ESM-2 150M + CaLM,2,0.81,0.9695121951219512,0.9,45,11,10,1
HNF4A,ESM-2 150M + CaLM,3,0.81,0.945121951219512,1.0,45,11,10,1
HNF4A,ESM-2 150M + CaLM,4,0.38,0.9817073170731708,1.0,45,11,10,1
HNF4A,ESM-2 150M + CaLM,5,0.81,0.9634146341463414,0.9,45,11,10,1
HNF4A,ESM-1b 650M + CaLM,1,0.45,0.9875,1.0,44,12,11,1
HNF4A,ESM-1b 650M + CaLM,2,0.02,1.0,0.8,45,11,10,1
HNF4A,ESM-1b 650M + CaLM,3,0.32,0.975609756097561,1.0,45,11,10,1
HNF4A,ESM-1b 650M + CaLM,4,0.52,0.975609756097561,1.0,45,11,10,1
HNF4A,ESM-1b 650M + CaLM,5,0.52,0.9817073170731708,1.0,45,11,10,1
HNRNPK,ESM-2 150M + 650M,1,0.0,1.0,0.6666666666666666,15,4,3,1
HNRNPK,ESM-2 150M + 650M,2,0.18,0.9772727272727272,1.0,15,4,3,1
HNRNPK,ESM-2 150M + 650M,3,0.18,0.9545454545454546,1.0,15,4,3,1
HNRNPK,ESM-2 150M + 650M,4,0.0,0.9545454545454546,1.0,15,4,3,1
HNRNPK,ESM-2 150M + 650M,5,0.18,0.9583333333333334,1.0,16,3,2,1
HNRNPK,ESM-2 650M + ESM-1b 650M,1,0.0,0.9545454545454546,1.0,15,4,3,1
HNRNPK,ESM-2 650M + ESM-1b 650M,2,0.0,1.0,1.0,15,4,3,1
HNRNPK,ESM-2 650M + ESM-1b 650M,3,0.0,0.9772727272727272,1.0,15,4,3,1
HNRNPK,ESM-2 650M + ESM-1b 650M,4,0.0,0.9772727272727272,1.0,15,4,3,1
HNRNPK,ESM-2 650M + ESM-1b 650M,5,0.0,0.9583333333333334,1.0,16,3,2,1
HNRNPK,ESM-2 650M + CaLM,1,0.0,0.9545454545454546,1.0,15,4,3,1
HNRNPK,ESM-2 650M + CaLM,2,0.0,0.9772727272727272,1.0,15,4,3,1
HNRNPK,ESM-2 650M + CaLM,3,0.0,1.0,1.0,15,4,3,1
HNRNPK,ESM-2 650M + CaLM,4,0.0,0.9772727272727272,1.0,15,4,3,1
HNRNPK,ESM-2 650M + CaLM,5,0.0,0.9583333333333334,1.0,16,3,2,1
HNRNPK,ESM-2 150M + CaLM,1,0.0,0.9545454545454546,1.0,15,4,3,1
HNRNPK,ESM-2 150M + CaLM,2,0.0,0.9318181818181818,1.0,15,4,3,1
HNRNPK,ESM-2 150M + CaLM,3,0.0,0.9545454545454546,1.0,15,4,3,1
HNRNPK,ESM-2 150M + CaLM,4,0.0,0.9545454545454546,1.0,15,4,3,1
HNRNPK,ESM-2 150M + CaLM,5,0.0,1.0,1.0,16,3,2,1
HNRNPK,ESM-1b 650M + CaLM,1,0.0,0.9090909090909092,1.0,15,4,3,1
HNRNPK,ESM-1b 650M + CaLM,2,0.0,0.9090909090909092,1.0,15,4,3,1
HNRNPK,ESM-1b 650M + CaLM,3,0.0,1.0,0.6666666666666666,15,4,3,1
HNRNPK,ESM-1b 650M + CaLM,4,0.0,0.9090909090909092,1.0,15,4,3,1
HNRNPK,ESM-1b 650M + CaLM,5,0.0,0.9166666666666666,1.0,16,3,2,1
HNRNPU,ESM-2 150M + 650M,1,0.79,0.7142857142857143,0.8666666666666667,64,17,2,15
HNRNPU,ESM-2 150M + 650M,2,0.36,0.8486842105263158,0.0,65,16,1,15
HNRNPU,ESM-2 150M + 650M,3,0.46,0.8226600985221675,0.5357142857142857,65,16,2,14
HNRNPU,ESM-2 150M + 650M,4,0.46,0.6970443349753694,0.9642857142857144,65,16,2,14
HNRNPU,ESM-2 150M + 650M,5,0.46,0.7019704433497537,0.9642857142857144,65,16,2,14
HNRNPU,ESM-2 650M + ESM-1b 650M,1,0.94,0.8822055137844611,1.0,64,17,2,15
HNRNPU,ESM-2 650M + ESM-1b 650M,2,1.0,0.8793859649122807,1.0,65,16,1,15
HNRNPU,ESM-2 650M + ESM-1b 650M,3,0.91,0.9088669950738916,0.8571428571428571,65,16,2,14
HNRNPU,ESM-2 650M + ESM-1b 650M,4,0.94,0.9334975369458128,0.7857142857142857,65,16,2,14
HNRNPU,ESM-2 650M + ESM-1b 650M,5,1.0,0.9014778325123152,0.8571428571428571,65,16,2,14
HNRNPU,ESM-2 650M + CaLM,1,0.0,0.8145363408521303,0.5,64,17,2,15
HNRNPU,ESM-2 650M + CaLM,2,0.0,0.743421052631579,0.4666666666666667,65,16,1,15
HNRNPU,ESM-2 650M + CaLM,3,0.07,0.6576354679802956,1.0,65,16,2,14
HNRNPU,ESM-2 650M + CaLM,4,0.22,0.8078817733990148,0.4285714285714285,65,16,2,14
HNRNPU,ESM-2 650M + CaLM,5,0.07,0.6551724137931034,1.0,65,16,2,14
HNRNPU,ESM-2 150M + CaLM,1,0.0,0.8120300751879699,0.5,64,17,2,15
HNRNPU,ESM-2 150M + CaLM,2,0.05,0.7390350877192983,0.8666666666666667,65,16,1,15
HNRNPU,ESM-2 150M + CaLM,3,0.0,0.8201970443349754,0.5,65,16,2,14
HNRNPU,ESM-2 150M + CaLM,4,0.0,0.6995073891625616,1.0,65,16,2,14
HNRNPU,ESM-2 150M + CaLM,5,0.0,0.6798029556650246,1.0,65,16,2,14
HNRNPU,ESM-1b 650M + CaLM,1,0.0,0.8646616541353384,1.0,64,17,2,15
HNRNPU,ESM-1b 650M + CaLM,2,0.0,0.881578947368421,1.0,65,16,1,15
HNRNPU,ESM-1b 650M + CaLM,3,0.0,0.9704433497536946,0.6785714285714286,65,16,2,14
HNRNPU,ESM-1b 650M + CaLM,4,0.0,0.874384236453202,1.0,65,16,2,14
HNRNPU,ESM-1b 650M + CaLM,5,0.0,0.9039408866995072,0.8928571428571429,65,16,2,14
HPS1,ESM-2 150M + 650M,1,0.25,1.0,1.0,10,3,1,2
HPS1,ESM-2 150M + 650M,2,0.32,1.0,1.0,10,3,1,2
HPS1,ESM-2 150M + 650M,3,0.32,1.0,1.0,10,3,1,2
HPS1,ESM-2 150M + 650M,4,0.28,1.0,1.0,11,2,1,1
HPS1,ESM-2 150M + 650M,5,0.32,1.0,1.0,11,2,1,1
HPS1,ESM-2 650M + ESM-1b 650M,1,0.0,1.0,1.0,10,3,1,2
HPS1,ESM-2 650M + ESM-1b 650M,2,0.0,1.0,1.0,10,3,1,2
HPS1,ESM-2 650M + ESM-1b 650M,3,0.0,1.0,1.0,10,3,1,2
HPS1,ESM-2 650M + ESM-1b 650M,4,0.0,1.0,1.0,11,2,1,1
HPS1,ESM-2 650M + ESM-1b 650M,5,0.0,1.0,1.0,11,2,1,1
HPS1,ESM-2 650M + CaLM,1,0.0,1.0,1.0,10,3,1,2
HPS1,ESM-2 650M + CaLM,2,0.0,1.0,1.0,10,3,1,2
HPS1,ESM-2 650M + CaLM,3,0.0,1.0,1.0,10,3,1,2
HPS1,ESM-2 650M + CaLM,4,0.0,1.0,1.0,11,2,1,1
HPS1,ESM-2 650M + CaLM,5,0.0,1.0,1.0,11,2,1,1
HPS1,ESM-2 150M + CaLM,1,0.54,0.75,0.0,10,3,1,2
HPS1,ESM-2 150M + CaLM,2,0.06,0.5,0.5,10,3,1,2
HPS1,ESM-2 150M + CaLM,3,0.54,0.625,0.5,10,3,1,2
HPS1,ESM-2 150M + CaLM,4,0.03,0.6428571428571429,0.0,11,2,1,1
HPS1,ESM-2 150M + CaLM,5,0.54,0.6071428571428571,0.0,11,2,1,1
HPS1,ESM-1b 650M + CaLM,1,0.0,1.0,1.0,10,3,1,2
HPS1,ESM-1b 650M + CaLM,2,0.0,1.0,1.0,10,3,1,2
HPS1,ESM-1b 650M + CaLM,3,0.0,1.0,1.0,10,3,1,2
HPS1,ESM-1b 650M + CaLM,4,0.0,1.0,1.0,11,2,1,1
HPS1,ESM-1b 650M + CaLM,5,0.0,1.0,1.0,11,2,1,1
HRAS,ESM-2 150M + 650M,1,0.18,1.0,0.7,24,7,5,2
HRAS,ESM-2 150M + 650M,2,0.92,1.0,1.0,25,6,4,2
HRAS,ESM-2 150M + 650M,3,0.97,1.0,1.0,25,6,4,2
HRAS,ESM-2 150M + 650M,4,0.97,1.0,1.0,25,6,5,1
HRAS,ESM-2 150M + 650M,5,0.97,1.0,1.0,25,6,5,1
HRAS,ESM-2 650M + ESM-1b 650M,1,0.0,1.0,1.0,24,7,5,2
HRAS,ESM-2 650M + ESM-1b 650M,2,0.0,1.0,1.0,25,6,4,2
HRAS,ESM-2 650M + ESM-1b 650M,3,0.0,1.0,1.0,25,6,4,2
HRAS,ESM-2 650M + ESM-1b 650M,4,0.0,1.0,1.0,25,6,5,1
HRAS,ESM-2 650M + ESM-1b 650M,5,0.0,1.0,1.0,25,6,5,1
HRAS,ESM-2 650M + CaLM,1,0.0,1.0,1.0,24,7,5,2
HRAS,ESM-2 650M + CaLM,2,0.0,1.0,1.0,25,6,4,2
HRAS,ESM-2 650M + CaLM,3,0.0,1.0,1.0,25,6,4,2
HRAS,ESM-2 650M + CaLM,4,0.0,1.0,1.0,25,6,5,1
HRAS,ESM-2 650M + CaLM,5,0.0,1.0,1.0,25,6,5,1
HRAS,ESM-2 150M + CaLM,1,0.85,0.9537037037037036,1.0,24,7,5,2
HRAS,ESM-2 150M + CaLM,2,0.33,1.0,0.625,25,6,4,2
HRAS,ESM-2 150M + CaLM,3,0.85,0.9473684210526316,1.0,25,6,4,2
HRAS,ESM-2 150M + CaLM,4,1.0,0.9682539682539684,1.0,25,6,5,1
HRAS,ESM-2 150M + CaLM,5,0.85,0.9523809523809524,1.0,25,6,5,1
HRAS,ESM-1b 650M + CaLM,1,0.0,1.0,0.8,24,7,5,2
HRAS,ESM-1b 650M + CaLM,2,0.13,0.9824561403508772,1.0,25,6,4,2
HRAS,ESM-1b 650M + CaLM,3,0.64,0.9824561403508772,1.0,25,6,4,2
HRAS,ESM-1b 650M + CaLM,4,0.13,0.9761904761904762,1.0,25,6,5,1
HRAS,ESM-1b 650M + CaLM,5,0.0,0.9761904761904762,1.0,25,6,5,1
HSD17B10,ESM-2 150M + 650M,1,0.23,1.0,1.0,12,3,2,1
HSD17B10,ESM-2 150M + 650M,2,0.23,1.0,1.0,12,3,2,1
HSD17B10,ESM-2 150M + 650M,3,0.0,1.0,1.0,12,3,2,1
HSD17B10,ESM-2 150M + 650M,4,0.0,1.0,1.0,12,3,2,1
HSD17B10,ESM-2 150M + 650M,5,0.23,1.0,1.0,12,3,2,1
HSD17B10,ESM-2 650M + ESM-1b 650M,1,0.0,1.0,1.0,12,3,2,1
HSD17B10,ESM-2 650M + ESM-1b 650M,2,0.0,1.0,1.0,12,3,2,1
HSD17B10,ESM-2 650M + ESM-1b 650M,3,0.0,1.0,1.0,12,3,2,1
HSD17B10,ESM-2 650M + ESM-1b 650M,4,0.0,1.0,1.0,12,3,2,1
HSD17B10,ESM-2 650M + ESM-1b 650M,5,0.0,1.0,1.0,12,3,2,1
HSD17B10,ESM-2 650M + CaLM,1,0.0,1.0,1.0,12,3,2,1
HSD17B10,ESM-2 650M + CaLM,2,0.0,1.0,1.0,12,3,2,1
HSD17B10,ESM-2 650M + CaLM,3,0.0,1.0,1.0,12,3,2,1
HSD17B10,ESM-2 650M + CaLM,4,0.0,1.0,1.0,12,3,2,1
HSD17B10,ESM-2 650M + CaLM,5,0.0,1.0,1.0,12,3,2,1
HSD17B10,ESM-2 150M + CaLM,1,0.0,1.0,1.0,12,3,2,1
HSD17B10,ESM-2 150M + CaLM,2,0.0,1.0,1.0,12,3,2,1
HSD17B10,ESM-2 150M + CaLM,3,0.08,1.0,1.0,12,3,2,1
HSD17B10,ESM-2 150M + CaLM,4,0.08,1.0,1.0,12,3,2,1
HSD17B10,ESM-2 150M + CaLM,5,0.08,1.0,1.0,12,3,2,1
HSD17B10,ESM-1b 650M + CaLM,1,0.16,1.0,1.0,12,3,2,1
HSD17B10,ESM-1b 650M + CaLM,2,0.76,1.0,1.0,12,3,2,1
HSD17B10,ESM-1b 650M + CaLM,3,0.76,1.0,1.0,12,3,2,1
HSD17B10,ESM-1b 650M + CaLM,4,0.0,1.0,1.0,12,3,2,1
HSD17B10,ESM-1b 650M + CaLM,5,0.76,1.0,1.0,12,3,2,1
HSD17B4,ESM-2 150M + 650M,1,0.93,0.96875,1.0,28,7,5,2
HSD17B4,ESM-2 150M + 650M,2,0.88,0.96875,1.0,28,7,5,2
HSD17B4,ESM-2 150M + 650M,3,0.94,0.96875,1.0,28,7,5,2
HSD17B4,ESM-2 150M + 650M,4,0.94,1.0,0.7,28,7,5,2
HSD17B4,ESM-2 150M + 650M,5,0.94,0.9625,1.0,28,7,5,2
HSD17B4,ESM-2 650M + ESM-1b 650M,1,0.05,0.975,1.0,28,7,5,2
HSD17B4,ESM-2 650M + ESM-1b 650M,2,0.46,0.9875,0.8,28,7,5,2
HSD17B4,ESM-2 650M + ESM-1b 650M,3,0.0,1.0,1.0,28,7,5,2
HSD17B4,ESM-2 650M + ESM-1b 650M,4,0.0,0.9875,1.0,28,7,5,2
HSD17B4,ESM-2 650M + ESM-1b 650M,5,0.05,0.96875,1.0,28,7,5,2
HSD17B4,ESM-2 650M + CaLM,1,0.46,1.0,0.9,28,7,5,2
HSD17B4,ESM-2 650M + CaLM,2,0.03,0.975,1.0,28,7,5,2
HSD17B4,ESM-2 650M + CaLM,3,0.03,0.975,1.0,28,7,5,2
HSD17B4,ESM-2 650M + CaLM,4,0.2,0.98125,1.0,28,7,5,2
HSD17B4,ESM-2 650M + CaLM,5,0.0,0.99375,0.9,28,7,5,2
HSD17B4,ESM-2 150M + CaLM,1,0.52,0.94375,0.6,28,7,5,2
HSD17B4,ESM-2 150M + CaLM,2,0.77,0.90625,0.8,28,7,5,2
HSD17B4,ESM-2 150M + CaLM,3,0.52,0.89375,1.0,28,7,5,2
HSD17B4,ESM-2 150M + CaLM,4,0.77,0.90625,0.9,28,7,5,2
HSD17B4,ESM-2 150M + CaLM,5,0.51,0.9,1.0,28,7,5,2
HSD17B4,ESM-1b 650M + CaLM,1,0.0,0.9625,1.0,28,7,5,2
HSD17B4,ESM-1b 650M + CaLM,2,0.77,0.95625,1.0,28,7,5,2
HSD17B4,ESM-1b 650M + CaLM,3,0.0,0.9875,0.8,28,7,5,2
HSD17B4,ESM-1b 650M + CaLM,4,0.55,0.98125,0.8,28,7,5,2
HSD17B4,ESM-1b 650M + CaLM,5,0.0,0.9375,1.0,28,7,5,2
IDS,ESM-2 150M + 650M,1,0.93,0.924937965260546,0.908653846153846,239,60,52,8
IDS,ESM-2 150M + 650M,2,0.93,0.913151364764268,0.9519230769230768,239,60,52,8
IDS,ESM-2 150M + 650M,3,0.95,0.915167493796526,0.9375,239,60,52,8
IDS,ESM-2 150M + 650M,4,0.96,0.924937965260546,0.8846153846153846,239,60,52,8
IDS,ESM-2 150M + 650M,5,0.93,0.921424278846154,0.912087912087912,240,59,52,7
IDS,ESM-2 650M + ESM-1b 650M,1,0.66,0.931839330024814,0.939903846153846,239,60,52,8
IDS,ESM-2 650M + ESM-1b 650M,2,0.65,0.9241625310173698,0.9807692307692308,239,60,52,8
IDS,ESM-2 650M + ESM-1b 650M,3,0.38,0.9355614143920596,0.9302884615384616,239,60,52,8
IDS,ESM-2 650M + ESM-1b 650M,4,0.63,0.9557227047146402,0.8317307692307693,239,60,52,8
IDS,ESM-2 650M + ESM-1b 650M,5,0.38,0.9334435096153846,0.9478021978021978,240,59,52,7
IDS,ESM-2 650M + CaLM,1,0.02,0.9150124069478908,0.939903846153846,239,60,52,8
IDS,ESM-2 650M + CaLM,2,0.09,0.90787841191067,0.9519230769230768,239,60,52,8
IDS,ESM-2 650M + CaLM,3,0.02,0.9188895781637716,0.9158653846153846,239,60,52,8
IDS,ESM-2 650M + CaLM,4,0.0,0.9316842431761788,0.8581730769230769,239,60,52,8
IDS,ESM-2 650M + CaLM,5,0.02,0.9230769230769232,0.8956043956043956,240,59,52,7
IDS,ESM-2 150M + CaLM,1,0.02,0.8508064516129032,0.8389423076923077,239,60,52,8
IDS,ESM-2 150M + CaLM,2,0.0,0.8663151364764268,0.7860576923076923,239,60,52,8
IDS,ESM-2 150M + CaLM,3,0.08,0.8393300248138957,0.8894230769230769,239,60,52,8
IDS,ESM-2 150M + CaLM,4,0.0,0.8207196029776674,0.9423076923076924,239,60,52,8
IDS,ESM-2 150M + CaLM,5,0.1,0.8700420673076923,0.7417582417582418,240,59,52,7
IDS,ESM-1b 650M + CaLM,1,0.02,0.9212158808933002,0.9375,239,60,52,8
IDS,ESM-1b 650M + CaLM,2,0.05,0.918424317617866,0.9567307692307692,239,60,52,8
IDS,ESM-1b 650M + CaLM,3,0.09,0.9260235732009926,0.9375,239,60,52,8
IDS,ESM-1b 650M + CaLM,4,0.12,0.9325372208436724,0.9110576923076924,239,60,52,8
IDS,ESM-1b 650M + CaLM,5,0.04,0.9384014423076924,0.8736263736263736,240,59,52,7
IDUA,ESM-2 150M + 650M,1,0.95,0.8803418803418803,1.0,48,12,9,3
IDUA,ESM-2 150M + 650M,2,0.96,0.8945868945868946,1.0,48,12,9,3
IDUA,ESM-2 150M + 650M,3,0.96,0.9447368421052632,0.8,48,12,10,2
IDUA,ESM-2 150M + 650M,4,0.95,0.913157894736842,0.9,48,12,10,2
IDUA,ESM-2 150M + 650M,5,0.96,0.9184210526315788,0.9,48,12,10,2
IDUA,ESM-2 650M + ESM-1b 650M,1,0.8300000000000001,0.9914529914529916,0.9629629629629628,48,12,9,3
IDUA,ESM-2 650M + ESM-1b 650M,2,0.8300000000000001,0.98005698005698,1.0,48,12,9,3
IDUA,ESM-2 650M + ESM-1b 650M,3,0.77,0.9763157894736842,1.0,48,12,10,2
IDUA,ESM-2 650M + ESM-1b 650M,4,0.8300000000000001,0.9815789473684212,1.0,48,12,10,2
IDUA,ESM-2 650M + ESM-1b 650M,5,0.8300000000000001,0.9842105263157894,0.95,48,12,10,2
IDUA,ESM-2 650M + CaLM,1,0.15,0.8831908831908832,1.0,48,12,9,3
IDUA,ESM-2 650M + CaLM,2,0.01,0.9116809116809116,0.8888888888888888,48,12,9,3
IDUA,ESM-2 650M + CaLM,3,0.01,0.9157894736842104,0.9,48,12,10,2
IDUA,ESM-2 650M + CaLM,4,0.0,0.963157894736842,0.55,48,12,10,2
IDUA,ESM-2 650M + CaLM,5,0.01,0.8763157894736842,1.0,48,12,10,2
IDUA,ESM-2 150M + CaLM,1,0.17,0.7435897435897436,0.7407407407407407,48,12,9,3
IDUA,ESM-2 150M + CaLM,2,0.46,0.7606837606837606,0.8148148148148148,48,12,9,3
IDUA,ESM-2 150M + CaLM,3,0.46,0.7315789473684211,0.95,48,12,10,2
IDUA,ESM-2 150M + CaLM,4,0.58,0.7894736842105263,0.65,48,12,10,2
IDUA,ESM-2 150M + CaLM,5,0.03,0.8,0.45,48,12,10,2
IDUA,ESM-1b 650M + CaLM,1,0.45,0.9914529914529916,0.8888888888888888,48,12,9,3
IDUA,ESM-1b 650M + CaLM,2,0.35,0.9743589743589745,1.0,48,12,9,3
IDUA,ESM-1b 650M + CaLM,3,0.0,0.968421052631579,1.0,48,12,10,2
IDUA,ESM-1b 650M + CaLM,4,0.08,0.986842105263158,1.0,48,12,10,2
IDUA,ESM-1b 650M + CaLM,5,0.35,0.9763157894736842,1.0,48,12,10,2
IGHMBP2,ESM-2 150M + 650M,1,0.0,0.9166666666666666,0.9166666666666666,25,7,3,4
IGHMBP2,ESM-2 150M + 650M,2,0.91,0.9743589743589745,0.75,25,7,3,4
IGHMBP2,ESM-2 150M + 650M,3,0.16,0.9047619047619048,1.0,26,6,3,3
IGHMBP2,ESM-2 150M + 650M,4,0.16,0.9642857142857144,0.6666666666666666,26,6,3,3
IGHMBP2,ESM-2 150M + 650M,5,0.11,0.9166666666666666,1.0,26,6,3,3
IGHMBP2,ESM-2 650M + ESM-1b 650M,1,0.29,0.9294871794871796,1.0,25,7,3,4
IGHMBP2,ESM-2 650M + ESM-1b 650M,2,0.29,0.9166666666666666,1.0,25,7,3,4
IGHMBP2,ESM-2 650M + ESM-1b 650M,3,0.28,1.0,0.6666666666666666,26,6,3,3
IGHMBP2,ESM-2 650M + ESM-1b 650M,4,0.28,0.9345238095238096,1.0,26,6,3,3
IGHMBP2,ESM-2 650M + ESM-1b 650M,5,0.29,0.9226190476190476,1.0,26,6,3,3
IGHMBP2,ESM-2 650M + CaLM,1,0.41,0.9551282051282052,0.9166666666666666,25,7,3,4
IGHMBP2,ESM-2 650M + CaLM,2,0.29,0.967948717948718,0.9166666666666666,25,7,3,4
IGHMBP2,ESM-2 650M + CaLM,3,0.35,0.9166666666666666,1.0,26,6,3,3
IGHMBP2,ESM-2 650M + CaLM,4,0.35,0.9464285714285714,0.8888888888888888,26,6,3,3
IGHMBP2,ESM-2 650M + CaLM,5,0.41,0.9523809523809524,1.0,26,6,3,3
IGHMBP2,ESM-2 150M + CaLM,1,0.77,1.0,0.6666666666666666,25,7,3,4
IGHMBP2,ESM-2 150M + CaLM,2,0.46,0.9551282051282052,1.0,25,7,3,4
IGHMBP2,ESM-2 150M + CaLM,3,0.38,0.9285714285714286,1.0,26,6,3,3
IGHMBP2,ESM-2 150M + CaLM,4,0.38,0.9226190476190476,1.0,26,6,3,3
IGHMBP2,ESM-2 150M + CaLM,5,0.38,0.9702380952380952,1.0,26,6,3,3
IGHMBP2,ESM-1b 650M + CaLM,1,0.31,1.0,0.9166666666666666,25,7,3,4
IGHMBP2,ESM-1b 650M + CaLM,2,0.34,0.9551282051282052,1.0,25,7,3,4
IGHMBP2,ESM-1b 650M + CaLM,3,0.64,0.9642857142857144,1.0,26,6,3,3
IGHMBP2,ESM-1b 650M + CaLM,4,0.31,0.9642857142857144,1.0,26,6,3,3
IGHMBP2,ESM-1b 650M + CaLM,5,0.34,0.9702380952380952,1.0,26,6,3,3
IL11RA,ESM-2 150M + 650M,1,0.0,1.0,1.0,8,2,1,1
IL11RA,ESM-2 150M + 650M,2,0.0,1.0,1.0,8,2,1,1
IL11RA,ESM-2 150M + 650M,3,0.0,1.0,1.0,8,2,1,1
IL11RA,ESM-2 150M + 650M,4,0.0,1.0,1.0,8,2,1,1
IL11RA,ESM-2 150M + 650M,5,0.0,1.0,1.0,8,2,1,1
IL11RA,ESM-2 650M + ESM-1b 650M,1,0.0,1.0,1.0,8,2,1,1
IL11RA,ESM-2 650M + ESM-1b 650M,2,0.0,1.0,1.0,8,2,1,1
IL11RA,ESM-2 650M + ESM-1b 650M,3,0.0,1.0,1.0,8,2,1,1
IL11RA,ESM-2 650M + ESM-1b 650M,4,0.0,1.0,1.0,8,2,1,1
IL11RA,ESM-2 650M + ESM-1b 650M,5,0.0,1.0,1.0,8,2,1,1
IL11RA,ESM-2 650M + CaLM,1,0.0,1.0,1.0,8,2,1,1
IL11RA,ESM-2 650M + CaLM,2,0.0,1.0,1.0,8,2,1,1
IL11RA,ESM-2 650M + CaLM,3,0.0,1.0,1.0,8,2,1,1
IL11RA,ESM-2 650M + CaLM,4,0.0,1.0,1.0,8,2,1,1
IL11RA,ESM-2 650M + CaLM,5,0.0,1.0,1.0,8,2,1,1
IL11RA,ESM-2 150M + CaLM,1,0.0,1.0,1.0,8,2,1,1
IL11RA,ESM-2 150M + CaLM,2,0.0,1.0,1.0,8,2,1,1
IL11RA,ESM-2 150M + CaLM,3,0.0,1.0,1.0,8,2,1,1
IL11RA,ESM-2 150M + CaLM,4,0.0,1.0,1.0,8,2,1,1
IL11RA,ESM-2 150M + CaLM,5,0.0,1.0,1.0,8,2,1,1
IL11RA,ESM-1b 650M + CaLM,1,0.85,1.0,1.0,8,2,1,1
IL11RA,ESM-1b 650M + CaLM,2,0.8200000000000001,1.0,1.0,8,2,1,1
IL11RA,ESM-1b 650M + CaLM,3,0.12,1.0,1.0,8,2,1,1
IL11RA,ESM-1b 650M + CaLM,4,0.85,1.0,1.0,8,2,1,1
IL11RA,ESM-1b 650M + CaLM,5,0.85,1.0,1.0,8,2,1,1
IL12RB1,ESM-2 150M + 650M,1,0.65,0.9166666666666666,0.75,16,5,1,4
IL12RB1,ESM-2 150M + 650M,2,0.65,0.9230769230769232,1.0,17,4,1,3
IL12RB1,ESM-2 150M + 650M,3,0.08,0.9230769230769232,1.0,17,4,1,3
IL12RB1,ESM-2 150M + 650M,4,0.28,0.903846153846154,1.0,17,4,1,3
IL12RB1,ESM-2 150M + 650M,5,0.0,0.903846153846154,0.6666666666666666,17,4,1,3
IL12RB1,ESM-2 650M + ESM-1b 650M,1,0.79,0.9375,1.0,16,5,1,4
IL12RB1,ESM-2 650M + ESM-1b 650M,2,0.42,0.9230769230769232,1.0,17,4,1,3
IL12RB1,ESM-2 650M + ESM-1b 650M,3,0.79,0.903846153846154,1.0,17,4,1,3
IL12RB1,ESM-2 650M + ESM-1b 650M,4,0.0,0.9615384615384616,0.3333333333333333,17,4,1,3
IL12RB1,ESM-2 650M + ESM-1b 650M,5,0.79,0.9615384615384616,1.0,17,4,1,3
IL12RB1,ESM-2 650M + CaLM,1,0.15,0.9583333333333334,0.75,16,5,1,4
IL12RB1,ESM-2 650M + CaLM,2,0.0,0.8846153846153846,1.0,17,4,1,3
IL12RB1,ESM-2 650M + CaLM,3,0.03,0.8461538461538461,1.0,17,4,1,3
IL12RB1,ESM-2 650M + CaLM,4,0.03,0.8076923076923077,1.0,17,4,1,3
IL12RB1,ESM-2 650M + CaLM,5,0.03,0.8653846153846154,1.0,17,4,1,3
IL12RB1,ESM-2 150M + CaLM,1,0.14,0.9375,0.5,16,5,1,4
IL12RB1,ESM-2 150M + CaLM,2,0.0,0.8461538461538461,1.0,17,4,1,3
IL12RB1,ESM-2 150M + CaLM,3,0.0,0.8653846153846154,1.0,17,4,1,3
IL12RB1,ESM-2 150M + CaLM,4,0.0,0.8653846153846154,1.0,17,4,1,3
IL12RB1,ESM-2 150M + CaLM,5,0.0,0.8846153846153846,1.0,17,4,1,3
IL12RB1,ESM-1b 650M + CaLM,1,0.0,0.9583333333333334,1.0,16,5,1,4
IL12RB1,ESM-1b 650M + CaLM,2,0.0,0.903846153846154,1.0,17,4,1,3
IL12RB1,ESM-1b 650M + CaLM,3,0.0,0.9807692307692308,0.6666666666666666,17,4,1,3
IL12RB1,ESM-1b 650M + CaLM,4,0.0,0.9230769230769232,1.0,17,4,1,3
IL12RB1,ESM-1b 650M + CaLM,5,0.0,0.9230769230769232,1.0,17,4,1,3
IL2RG,ESM-2 150M + 650M,1,0.3,0.9787878787878788,1.0,52,13,7,6
IL2RG,ESM-2 150M + 650M,2,0.3,0.9712121212121212,1.0,52,13,7,6
IL2RG,ESM-2 150M + 650M,3,0.0,0.993939393939394,0.8571428571428571,52,13,7,6
IL2RG,ESM-2 150M + 650M,4,0.21,0.9790104947526236,0.975,52,13,8,5
IL2RG,ESM-2 150M + 650M,5,0.2,0.9685157421289357,1.0,52,13,8,5
IL2RG,ESM-2 650M + ESM-1b 650M,1,0.74,0.9742424242424242,1.0,52,13,7,6
IL2RG,ESM-2 650M + ESM-1b 650M,2,0.07,0.9742424242424242,0.9523809523809524,52,13,7,6
IL2RG,ESM-2 650M + ESM-1b 650M,3,0.74,0.9893939393939394,0.9285714285714286,52,13,7,6
IL2RG,ESM-2 650M + ESM-1b 650M,4,0.98,0.9835082458770614,0.95,52,13,8,5
IL2RG,ESM-2 650M + ESM-1b 650M,5,0.74,0.9760119940029984,1.0,52,13,8,5
IL2RG,ESM-2 650M + CaLM,1,0.18,0.9727272727272728,0.9523809523809524,52,13,7,6
IL2RG,ESM-2 650M + CaLM,2,0.05,0.9621212121212122,0.9761904761904762,52,13,7,6
IL2RG,ESM-2 650M + CaLM,3,0.05,0.9575757575757576,1.0,52,13,7,6
IL2RG,ESM-2 650M + CaLM,4,0.0,0.970014992503748,0.9,52,13,8,5
IL2RG,ESM-2 650M + CaLM,5,0.06,0.95952023988006,1.0,52,13,8,5
IL2RG,ESM-2 150M + CaLM,1,0.22,0.968181818181818,0.9761904761904762,52,13,7,6
IL2RG,ESM-2 150M + CaLM,2,0.22,0.9696969696969696,1.0,52,13,7,6
IL2RG,ESM-2 150M + CaLM,3,0.0,0.9696969696969696,1.0,52,13,7,6
IL2RG,ESM-2 150M + CaLM,4,0.08,0.9910044977511244,0.925,52,13,8,5
IL2RG,ESM-2 150M + CaLM,5,0.18,0.967016491754123,1.0,52,13,8,5
IL2RG,ESM-1b 650M + CaLM,1,0.14,0.9833333333333332,0.9047619047619048,52,13,7,6
IL2RG,ESM-1b 650M + CaLM,2,0.0,0.9772727272727272,0.9761904761904762,52,13,7,6
IL2RG,ESM-1b 650M + CaLM,3,0.01,0.9772727272727272,1.0,52,13,7,6
IL2RG,ESM-1b 650M + CaLM,4,0.03,0.9775112443778112,0.95,52,13,8,5
IL2RG,ESM-1b 650M + CaLM,5,0.01,0.967016491754123,1.0,52,13,8,5
IL7R,ESM-2 150M + 650M,1,0.0,0.9230769230769232,0.5,20,6,2,4
IL7R,ESM-2 150M + 650M,2,0.26,0.8173076923076923,1.0,21,5,1,4
IL7R,ESM-2 150M + 650M,3,0.99,0.9387755102040816,0.5,21,5,2,3
IL7R,ESM-2 150M + 650M,4,0.34,0.8469387755102041,1.0,21,5,2,3
IL7R,ESM-2 150M + 650M,5,0.0,0.8571428571428571,0.8333333333333334,21,5,2,3
IL7R,ESM-2 650M + ESM-1b 650M,1,0.34,0.8241758241758241,1.0,20,6,2,4
IL7R,ESM-2 650M + ESM-1b 650M,2,0.33,0.8269230769230769,1.0,21,5,1,4
IL7R,ESM-2 650M + ESM-1b 650M,3,0.95,0.8979591836734694,0.5,21,5,2,3
IL7R,ESM-2 650M + ESM-1b 650M,4,0.34,0.7857142857142857,1.0,21,5,2,3
IL7R,ESM-2 650M + ESM-1b 650M,5,0.34,0.9591836734693876,0.5,21,5,2,3
IL7R,ESM-2 650M + CaLM,1,0.53,0.8681318681318682,1.0,20,6,2,4
IL7R,ESM-2 650M + CaLM,2,0.8300000000000001,0.9326923076923076,0.75,21,5,1,4
IL7R,ESM-2 650M + CaLM,3,0.0,0.9591836734693876,0.5,21,5,2,3
IL7R,ESM-2 650M + CaLM,4,0.53,0.8673469387755102,1.0,21,5,2,3
IL7R,ESM-2 650M + CaLM,5,0.52,0.8673469387755102,1.0,21,5,2,3
IL7R,ESM-2 150M + CaLM,1,0.81,0.8901098901098901,1.0,20,6,2,4
IL7R,ESM-2 150M + CaLM,2,0.23,0.9134615384615384,0.75,21,5,1,4
IL7R,ESM-2 150M + CaLM,3,0.05,0.8673469387755102,0.8333333333333334,21,5,2,3
IL7R,ESM-2 150M + CaLM,4,0.18,0.8877551020408163,0.8333333333333334,21,5,2,3
IL7R,ESM-2 150M + CaLM,5,0.64,0.9285714285714286,0.6666666666666666,21,5,2,3
IL7R,ESM-1b 650M + CaLM,1,0.93,0.9010989010989012,0.75,20,6,2,4
IL7R,ESM-1b 650M + CaLM,2,0.72,0.8557692307692307,1.0,21,5,1,4
IL7R,ESM-1b 650M + CaLM,3,0.74,0.8061224489795918,1.0,21,5,2,3
IL7R,ESM-1b 650M + CaLM,4,0.78,0.9591836734693876,0.5,21,5,2,3
IL7R,ESM-1b 650M + CaLM,5,0.87,0.8571428571428571,1.0,21,5,2,3
IRF2BPL,ESM-2 150M + 650M,1,0.0,0.125,0.0,14,4,1,3
IRF2BPL,ESM-2 150M + 650M,2,0.0,0.2,0.0,14,4,1,3
IRF2BPL,ESM-2 150M + 650M,3,0.0,0.05,0.6666666666666666,14,4,1,3
IRF2BPL,ESM-2 150M + 650M,4,0.71,0.1590909090909091,0.0,15,3,1,2
IRF2BPL,ESM-2 150M + 650M,5,0.0,0.1818181818181818,0.0,15,3,1,2
IRF2BPL,ESM-2 650M + ESM-1b 650M,1,0.68,0.85,1.0,14,4,1,3
IRF2BPL,ESM-2 650M + ESM-1b 650M,2,0.74,0.85,1.0,14,4,1,3
IRF2BPL,ESM-2 650M + ESM-1b 650M,3,0.71,0.825,1.0,14,4,1,3
IRF2BPL,ESM-2 650M + ESM-1b 650M,4,0.74,1.0,0.5,15,3,1,2
IRF2BPL,ESM-2 650M + ESM-1b 650M,5,0.74,0.8636363636363636,1.0,15,3,1,2
IRF2BPL,ESM-2 650M + CaLM,1,0.98,0.5,0.0,14,4,1,3
IRF2BPL,ESM-2 650M + CaLM,2,0.98,0.45,0.0,14,4,1,3
IRF2BPL,ESM-2 650M + CaLM,3,0.97,0.35,0.3333333333333333,14,4,1,3
IRF2BPL,ESM-2 650M + CaLM,4,0.98,0.1818181818181818,1.0,15,3,1,2
IRF2BPL,ESM-2 650M + CaLM,5,0.97,0.2954545454545454,0.5,15,3,1,2
IRF2BPL,ESM-2 150M + CaLM,1,0.98,0.475,0.0,14,4,1,3
IRF2BPL,ESM-2 150M + CaLM,2,0.91,0.2,1.0,14,4,1,3
IRF2BPL,ESM-2 150M + CaLM,3,0.98,0.425,0.0,14,4,1,3
IRF2BPL,ESM-2 150M + CaLM,4,0.95,0.2272727272727272,1.0,15,3,1,2
IRF2BPL,ESM-2 150M + CaLM,5,0.98,0.4545454545454545,0.0,15,3,1,2
IRF2BPL,ESM-1b 650M + CaLM,1,0.0,0.875,1.0,14,4,1,3
IRF2BPL,ESM-1b 650M + CaLM,2,0.0,0.85,1.0,14,4,1,3
IRF2BPL,ESM-1b 650M + CaLM,3,0.0,0.85,1.0,14,4,1,3
IRF2BPL,ESM-1b 650M + CaLM,4,0.0,0.8409090909090909,1.0,15,3,1,2
IRF2BPL,ESM-1b 650M + CaLM,5,0.0,1.0,1.0,15,3,1,2
ITGB2,ESM-2 150M + 650M,1,0.8200000000000001,1.0,1.0,10,3,1,2
ITGB2,ESM-2 150M + 650M,2,0.8200000000000001,1.0,1.0,10,3,2,1
ITGB2,ESM-2 150M + 650M,3,0.19,1.0,0.5,10,3,2,1
ITGB2,ESM-2 150M + 650M,4,0.8200000000000001,1.0,1.0,11,2,1,1
ITGB2,ESM-2 150M + 650M,5,0.8200000000000001,1.0,1.0,11,2,1,1
ITGB2,ESM-2 650M + ESM-1b 650M,1,0.0,1.0,1.0,10,3,1,2
ITGB2,ESM-2 650M + ESM-1b 650M,2,0.0,1.0,1.0,10,3,2,1
ITGB2,ESM-2 650M + ESM-1b 650M,3,0.0,1.0,1.0,10,3,2,1
ITGB2,ESM-2 650M + ESM-1b 650M,4,0.0,1.0,1.0,11,2,1,1
ITGB2,ESM-2 650M + ESM-1b 650M,5,0.0,1.0,1.0,11,2,1,1
ITGB2,ESM-2 650M + CaLM,1,0.0,1.0,1.0,10,3,1,2
ITGB2,ESM-2 650M + CaLM,2,0.0,1.0,1.0,10,3,2,1
ITGB2,ESM-2 650M + CaLM,3,0.0,1.0,1.0,10,3,2,1
ITGB2,ESM-2 650M + CaLM,4,0.0,1.0,1.0,11,2,1,1
ITGB2,ESM-2 650M + CaLM,5,0.0,1.0,1.0,11,2,1,1
ITGB2,ESM-2 150M + CaLM,1,0.3,0.9583333333333334,1.0,10,3,1,2
ITGB2,ESM-2 150M + CaLM,2,0.0,0.92,1.0,10,3,2,1
ITGB2,ESM-2 150M + CaLM,3,0.3,0.92,1.0,10,3,2,1
ITGB2,ESM-2 150M + CaLM,4,0.3,0.9333333333333332,1.0,11,2,1,1
ITGB2,ESM-2 150M + CaLM,5,0.21,1.0,0.0,11,2,1,1
ITGB2,ESM-1b 650M + CaLM,1,0.0,1.0,1.0,10,3,1,2
ITGB2,ESM-1b 650M + CaLM,2,0.0,1.0,1.0,10,3,2,1
ITGB2,ESM-1b 650M + CaLM,3,0.0,1.0,1.0,10,3,2,1
ITGB2,ESM-1b 650M + CaLM,4,0.0,1.0,1.0,11,2,1,1
ITGB2,ESM-1b 650M + CaLM,5,0.0,1.0,1.0,11,2,1,1
ITGB3,ESM-2 150M + 650M,1,0.53,0.935,0.9722222222222222,58,15,12,3
ITGB3,ESM-2 150M + 650M,2,0.53,0.9455782312925172,0.9230769230769232,58,15,13,2
ITGB3,ESM-2 150M + 650M,3,0.68,0.9410430839002268,1.0,58,15,13,2
ITGB3,ESM-2 150M + 650M,4,0.68,0.9444444444444444,1.0,59,14,12,2
ITGB3,ESM-2 150M + 650M,5,0.81,0.9644444444444444,0.8333333333333334,59,14,12,2
ITGB3,ESM-2 650M + ESM-1b 650M,1,0.0,0.9375,0.9444444444444444,58,15,12,3
ITGB3,ESM-2 650M + ESM-1b 650M,2,0.3,0.9614512471655328,0.7692307692307693,58,15,13,2
ITGB3,ESM-2 650M + ESM-1b 650M,3,0.0,0.9387755102040816,0.9615384615384616,58,15,13,2
ITGB3,ESM-2 650M + ESM-1b 650M,4,0.16,0.9333333333333332,0.9583333333333334,59,14,12,2
ITGB3,ESM-2 650M + ESM-1b 650M,5,0.3,0.9377777777777778,0.9166666666666666,59,14,12,2
ITGB3,ESM-2 650M + CaLM,1,0.09,0.9275,1.0,58,15,12,3
ITGB3,ESM-2 650M + CaLM,2,0.09,0.9365079365079364,1.0,58,15,13,2
ITGB3,ESM-2 650M + CaLM,3,0.0,0.9365079365079364,0.9615384615384616,58,15,13,2
ITGB3,ESM-2 650M + CaLM,4,0.0,0.9644444444444444,0.7916666666666666,59,14,12,2
ITGB3,ESM-2 650M + CaLM,5,0.09,0.9377777777777778,1.0,59,14,12,2
ITGB3,ESM-2 150M + CaLM,1,0.34,0.94,0.8888888888888888,58,15,12,3
ITGB3,ESM-2 150M + CaLM,2,0.38,0.9206349206349206,0.9230769230769232,58,15,13,2
ITGB3,ESM-2 150M + CaLM,3,0.36,0.909297052154195,1.0,58,15,13,2
ITGB3,ESM-2 150M + CaLM,4,0.36,0.9644444444444444,0.75,59,14,12,2
ITGB3,ESM-2 150M + CaLM,5,0.36,0.9155555555555556,1.0,59,14,12,2
ITGB3,ESM-1b 650M + CaLM,1,0.24,0.895,1.0,58,15,12,3
ITGB3,ESM-1b 650M + CaLM,2,0.26,0.909297052154195,1.0,58,15,13,2
ITGB3,ESM-1b 650M + CaLM,3,0.26,0.9206349206349206,1.0,58,15,13,2
ITGB3,ESM-1b 650M + CaLM,4,0.53,0.9622222222222222,0.625,59,14,12,2
ITGB3,ESM-1b 650M + CaLM,5,0.24,0.9511111111111112,0.875,59,14,12,2
KARS1,ESM-2 150M + 650M,1,0.0,0.9428571428571428,1.0,12,4,2,2
KARS1,ESM-2 150M + 650M,2,0.0,0.95,1.0,13,3,1,2
KARS1,ESM-2 150M + 650M,3,0.0,1.0,1.0,13,3,2,1
KARS1,ESM-2 150M + 650M,4,0.0,0.9523809523809524,1.0,13,3,2,1
KARS1,ESM-2 150M + 650M,5,0.0,1.0,1.0,13,3,2,1
KARS1,ESM-2 650M + ESM-1b 650M,1,0.06,1.0,0.75,12,4,2,2
KARS1,ESM-2 650M + ESM-1b 650M,2,0.07,0.925,1.0,13,3,1,2
KARS1,ESM-2 650M + ESM-1b 650M,3,0.0,0.9523809523809524,1.0,13,3,2,1
KARS1,ESM-2 650M + ESM-1b 650M,4,0.07,0.9523809523809524,1.0,13,3,2,1
KARS1,ESM-2 650M + ESM-1b 650M,5,0.07,0.9285714285714286,1.0,13,3,2,1
KARS1,ESM-2 650M + CaLM,1,0.11,0.9714285714285714,1.0,12,4,2,2
KARS1,ESM-2 650M + CaLM,2,0.12,1.0,1.0,13,3,1,2
KARS1,ESM-2 650M + CaLM,3,0.12,0.9523809523809524,1.0,13,3,2,1
KARS1,ESM-2 650M + CaLM,4,0.09,0.9761904761904762,1.0,13,3,2,1
KARS1,ESM-2 650M + CaLM,5,0.12,0.9523809523809524,1.0,13,3,2,1
KARS1,ESM-2 150M + CaLM,1,0.0,0.9714285714285714,1.0,12,4,2,2
KARS1,ESM-2 150M + CaLM,2,0.0,0.95,1.0,13,3,1,2
KARS1,ESM-2 150M + CaLM,3,0.0,1.0,1.0,13,3,2,1
KARS1,ESM-2 150M + CaLM,4,0.0,0.9761904761904762,1.0,13,3,2,1
KARS1,ESM-2 150M + CaLM,5,0.0,0.9523809523809524,1.0,13,3,2,1
KARS1,ESM-1b 650M + CaLM,1,0.95,0.9714285714285714,1.0,12,4,2,2
KARS1,ESM-1b 650M + CaLM,2,0.0,1.0,1.0,13,3,1,2
KARS1,ESM-1b 650M + CaLM,3,0.95,0.9285714285714286,1.0,13,3,2,1
KARS1,ESM-1b 650M + CaLM,4,0.95,0.9523809523809524,1.0,13,3,2,1
KARS1,ESM-1b 650M + CaLM,5,0.0,0.9523809523809524,1.0,13,3,2,1
KCNA2,ESM-2 150M + 650M,1,0.0,1.0,0.7777777777777778,35,9,6,3
KCNA2,ESM-2 150M + 650M,2,0.25,0.936,1.0,35,9,6,3
KCNA2,ESM-2 150M + 650M,3,0.62,0.944,1.0,35,9,6,3
KCNA2,ESM-2 150M + 650M,4,0.25,0.9431818181818182,1.0,35,9,7,2
KCNA2,ESM-2 150M + 650M,5,0.25,0.9381818181818182,1.0,36,8,6,2
KCNA2,ESM-2 650M + ESM-1b 650M,1,0.53,0.996,1.0,35,9,6,3
KCNA2,ESM-2 650M + ESM-1b 650M,2,0.54,1.0,1.0,35,9,6,3
KCNA2,ESM-2 650M + ESM-1b 650M,3,0.48,1.0,0.9444444444444444,35,9,6,3
KCNA2,ESM-2 650M + ESM-1b 650M,4,0.54,0.9962121212121212,1.0,35,9,7,2
KCNA2,ESM-2 650M + ESM-1b 650M,5,0.54,0.9963636363636365,1.0,36,8,6,2
KCNA2,ESM-2 650M + CaLM,1,0.27,0.964,1.0,35,9,6,3
KCNA2,ESM-2 650M + CaLM,2,0.27,0.968,1.0,35,9,6,3
KCNA2,ESM-2 650M + CaLM,3,0.5,0.996,0.8888888888888888,35,9,6,3
KCNA2,ESM-2 650M + CaLM,4,0.25,0.9583333333333334,1.0,35,9,7,2
KCNA2,ESM-2 650M + CaLM,5,0.0,0.9709090909090908,0.8333333333333334,36,8,6,2
KCNA2,ESM-2 150M + CaLM,1,0.59,0.964,1.0,35,9,6,3
KCNA2,ESM-2 150M + CaLM,2,0.88,0.968,1.0,35,9,6,3
KCNA2,ESM-2 150M + CaLM,3,0.59,0.964,1.0,35,9,6,3
KCNA2,ESM-2 150M + CaLM,4,0.88,0.9621212121212122,1.0,35,9,7,2
KCNA2,ESM-2 150M + CaLM,5,0.26,1.0,0.8333333333333334,36,8,6,2
KCNA2,ESM-1b 650M + CaLM,1,0.73,0.996,0.8888888888888888,35,9,6,3
KCNA2,ESM-1b 650M + CaLM,2,0.18,1.0,1.0,35,9,6,3
KCNA2,ESM-1b 650M + CaLM,3,0.18,0.992,1.0,35,9,6,3
KCNA2,ESM-1b 650M + CaLM,4,0.02,0.9924242424242424,1.0,35,9,7,2
KCNA2,ESM-1b 650M + CaLM,5,0.0,1.0,0.9166666666666666,36,8,6,2
KCNB1,ESM-2 150M + 650M,1,1.0,0.9697596278108038,0.9230769230769232,126,32,13,19
KCNB1,ESM-2 150M + 650M,2,0.32,0.9552856035151202,0.9676113360323888,126,32,13,19
KCNB1,ESM-2 150M + 650M,3,1.0,0.9488045738045738,1.0,126,32,14,18
KCNB1,ESM-2 150M + 650M,4,1.0,0.9548699643039266,0.9914529914529916,127,31,13,18
KCNB1,ESM-2 150M + 650M,5,0.5700000000000001,0.9722080571137176,0.8717948717948718,127,31,13,18
KCNB1,ESM-2 650M + ESM-1b 650M,1,0.99,0.9852675109847506,1.0,126,32,13,19
KCNB1,ESM-2 650M + ESM-1b 650M,2,0.99,0.984750581545619,1.0,126,32,13,19
KCNB1,ESM-2 650M + ESM-1b 650M,3,0.91,0.9857068607068608,0.996031746031746,126,32,14,18
KCNB1,ESM-2 650M + ESM-1b 650M,4,0.78,0.9926058133605304,0.9658119658119658,127,31,13,18
KCNB1,ESM-2 650M + ESM-1b 650M,5,0.94,0.9915859255481896,0.9658119658119658,127,31,13,18
KCNB1,ESM-2 650M + CaLM,1,0.5700000000000001,0.972085810286896,1.0,126,32,13,19
KCNB1,ESM-2 650M + CaLM,2,0.56,0.9896614112173688,0.9473684210526316,126,32,13,19
KCNB1,ESM-2 650M + CaLM,3,0.72,0.9776507276507276,0.98015873015873,126,32,14,18
KCNB1,ESM-2 650M + CaLM,4,0.56,0.9839367669556348,0.9444444444444444,127,31,13,18
KCNB1,ESM-2 650M + CaLM,5,0.5700000000000001,0.9747577766445692,1.0,127,31,13,18
KCNB1,ESM-2 150M + CaLM,1,0.91,0.9622641509433962,0.9919028340080972,126,32,13,19
KCNB1,ESM-2 150M + CaLM,2,0.9,0.9705350219695013,0.9473684210526316,126,32,13,19
KCNB1,ESM-2 150M + CaLM,3,0.27,0.9745322245322244,0.8968253968253969,126,32,14,18
KCNB1,ESM-2 150M + CaLM,4,0.88,0.9660887302396736,0.9829059829059827,127,31,13,18
KCNB1,ESM-2 150M + CaLM,5,0.6,0.977562468128506,0.9273504273504274,127,31,13,18
KCNB1,ESM-1b 650M + CaLM,1,0.32,0.9891444817782372,1.0,126,32,13,19
KCNB1,ESM-1b 650M + CaLM,2,0.34,0.9904368053760662,1.0,126,32,13,19
KCNB1,ESM-1b 650M + CaLM,3,0.38,0.9893451143451144,0.996031746031746,126,32,14,18
KCNB1,ESM-1b 650M + CaLM,4,0.5700000000000001,0.9938806731259562,0.9743589743589745,127,31,13,18
KCNB1,ESM-1b 650M + CaLM,5,0.32,0.9943906170321264,0.9786324786324786,127,31,13,18
KCNC3,ESM-2 150M + 650M,1,0.0,0.7083333333333334,1.0,10,3,1,2
KCNC3,ESM-2 150M + 650M,2,0.0,0.8333333333333334,0.5,10,3,1,2
KCNC3,ESM-2 150M + 650M,3,0.0,0.6666666666666666,1.0,10,3,1,2
KCNC3,ESM-2 150M + 650M,4,0.0,0.6785714285714286,1.0,11,2,1,1
KCNC3,ESM-2 150M + 650M,5,0.0,0.7857142857142857,1.0,11,2,1,1
KCNC3,ESM-2 650M + ESM-1b 650M,1,0.31,0.8333333333333334,1.0,10,3,1,2
KCNC3,ESM-2 650M + ESM-1b 650M,2,0.3,1.0,0.0,10,3,1,2
KCNC3,ESM-2 650M + ESM-1b 650M,3,0.31,0.7916666666666666,1.0,10,3,1,2
KCNC3,ESM-2 650M + ESM-1b 650M,4,0.0,0.8571428571428571,0.0,11,2,1,1
KCNC3,ESM-2 650M + ESM-1b 650M,5,0.31,0.8571428571428571,1.0,11,2,1,1
KCNC3,ESM-2 650M + CaLM,1,0.0,0.8333333333333334,0.5,10,3,1,2
KCNC3,ESM-2 650M + CaLM,2,0.8200000000000001,1.0,1.0,10,3,1,2
KCNC3,ESM-2 650M + CaLM,3,0.65,0.875,1.0,10,3,1,2
KCNC3,ESM-2 650M + CaLM,4,0.8200000000000001,0.8571428571428571,1.0,11,2,1,1
KCNC3,ESM-2 650M + CaLM,5,0.8200000000000001,0.8571428571428571,1.0,11,2,1,1
KCNC3,ESM-2 150M + CaLM,1,0.0,0.8333333333333334,0.5,10,3,1,2
KCNC3,ESM-2 150M + CaLM,2,0.8200000000000001,1.0,1.0,10,3,1,2
KCNC3,ESM-2 150M + CaLM,3,0.8200000000000001,0.875,1.0,10,3,1,2
KCNC3,ESM-2 150M + CaLM,4,0.8200000000000001,0.8571428571428571,1.0,11,2,1,1
KCNC3,ESM-2 150M + CaLM,5,0.79,0.8571428571428571,1.0,11,2,1,1
KCNC3,ESM-1b 650M + CaLM,1,0.0,1.0,0.0,10,3,1,2
KCNC3,ESM-1b 650M + CaLM,2,0.32,0.8333333333333334,1.0,10,3,1,2
KCNC3,ESM-1b 650M + CaLM,3,0.32,0.875,1.0,10,3,1,2
KCNC3,ESM-1b 650M + CaLM,4,0.32,0.8571428571428571,1.0,11,2,1,1
KCNC3,ESM-1b 650M + CaLM,5,0.32,0.8214285714285714,1.0,11,2,1,1
KCND2,ESM-2 150M + 650M,1,0.0,1.0,1.0,12,4,1,3
KCND2,ESM-2 150M + 650M,2,0.0,1.0,1.0,13,3,1,2
KCND2,ESM-2 150M + 650M,3,0.0,1.0,1.0,13,3,1,2
KCND2,ESM-2 150M + 650M,4,0.0,1.0,1.0,13,3,1,2
KCND2,ESM-2 150M + 650M,5,0.0,1.0,1.0,13,3,1,2
KCND2,ESM-2 650M + ESM-1b 650M,1,0.32,1.0,1.0,12,4,1,3
KCND2,ESM-2 650M + ESM-1b 650M,2,0.32,1.0,1.0,13,3,1,2
KCND2,ESM-2 650M + ESM-1b 650M,3,0.32,1.0,1.0,13,3,1,2
KCND2,ESM-2 650M + ESM-1b 650M,4,0.32,1.0,1.0,13,3,1,2
KCND2,ESM-2 650M + ESM-1b 650M,5,0.07,1.0,0.0,13,3,1,2
KCND2,ESM-2 650M + CaLM,1,0.48,1.0,1.0,12,4,1,3
KCND2,ESM-2 650M + CaLM,2,0.52,1.0,1.0,13,3,1,2
KCND2,ESM-2 650M + CaLM,3,0.12,1.0,0.5,13,3,1,2
KCND2,ESM-2 650M + CaLM,4,0.52,1.0,1.0,13,3,1,2
KCND2,ESM-2 650M + CaLM,5,0.52,1.0,1.0,13,3,1,2
KCND2,ESM-2 150M + CaLM,1,0.0,1.0,1.0,12,4,1,3
KCND2,ESM-2 150M + CaLM,2,0.0,1.0,1.0,13,3,1,2
KCND2,ESM-2 150M + CaLM,3,0.0,1.0,1.0,13,3,1,2
KCND2,ESM-2 150M + CaLM,4,0.0,1.0,1.0,13,3,1,2
KCND2,ESM-2 150M + CaLM,5,0.0,1.0,1.0,13,3,1,2
KCND2,ESM-1b 650M + CaLM,1,0.0,1.0,1.0,12,4,1,3
KCND2,ESM-1b 650M + CaLM,2,0.0,1.0,1.0,13,3,1,2
KCND2,ESM-1b 650M + CaLM,3,0.0,1.0,1.0,13,3,1,2
KCND2,ESM-1b 650M + CaLM,4,0.0,1.0,1.0,13,3,1,2
KCND2,ESM-1b 650M + CaLM,5,0.0,1.0,1.0,13,3,1,2
KCNH1,ESM-2 150M + 650M,1,1.0,0.7965811965811965,0.6388888888888888,58,15,3,12
KCNH1,ESM-2 150M + 650M,2,0.98,0.7367521367521368,0.9166666666666666,58,15,3,12
KCNH1,ESM-2 150M + 650M,3,1.0,0.7717391304347826,0.7272727272727273,58,15,4,11
KCNH1,ESM-2 150M + 650M,4,0.8300000000000001,0.7408026755852842,0.8484848484848485,59,14,3,11
KCNH1,ESM-2 150M + 650M,5,1.0,0.7892976588628763,0.6363636363636364,59,14,3,11
KCNH1,ESM-2 650M + ESM-1b 650M,1,0.46,0.7948717948717948,0.9722222222222222,58,15,3,12
KCNH1,ESM-2 650M + ESM-1b 650M,2,0.75,0.8666666666666667,0.8333333333333334,58,15,3,12
KCNH1,ESM-2 650M + ESM-1b 650M,3,0.75,0.8188405797101449,0.8863636363636364,58,15,4,11
KCNH1,ESM-2 650M + ESM-1b 650M,4,0.67,0.842809364548495,0.8484848484848485,59,14,3,11
KCNH1,ESM-2 650M + ESM-1b 650M,5,0.73,0.8729096989966555,0.7575757575757576,59,14,3,11
KCNH1,ESM-2 650M + CaLM,1,0.84,0.8632478632478633,0.8888888888888888,58,15,3,12
KCNH1,ESM-2 650M + CaLM,2,0.95,0.8854700854700854,0.8055555555555556,58,15,3,12
KCNH1,ESM-2 650M + CaLM,3,0.8300000000000001,0.8804347826086957,0.8409090909090909,58,15,4,11
KCNH1,ESM-2 650M + CaLM,4,0.77,0.8394648829431438,1.0,59,14,3,11
KCNH1,ESM-2 650M + CaLM,5,0.84,0.8979933110367893,0.696969696969697,59,14,3,11
KCNH1,ESM-2 150M + CaLM,1,0.91,0.882051282051282,0.8333333333333334,58,15,3,12
KCNH1,ESM-2 150M + CaLM,2,0.86,0.8461538461538461,0.9722222222222222,58,15,3,12
KCNH1,ESM-2 150M + CaLM,3,0.8300000000000001,0.8931159420289855,0.8409090909090909,58,15,4,11
KCNH1,ESM-2 150M + CaLM,4,0.86,0.8712374581939799,1.0,59,14,3,11
KCNH1,ESM-2 150M + CaLM,5,0.76,0.8645484949832776,0.8181818181818182,59,14,3,11
KCNH1,ESM-1b 650M + CaLM,1,0.85,0.8581196581196581,1.0,58,15,3,12
KCNH1,ESM-1b 650M + CaLM,2,0.85,0.9162393162393162,0.8611111111111112,58,15,3,12
KCNH1,ESM-1b 650M + CaLM,3,0.76,0.8985507246376812,0.8409090909090909,58,15,4,11
KCNH1,ESM-1b 650M + CaLM,4,0.84,0.8913043478260869,0.8787878787878788,59,14,3,11
KCNH1,ESM-1b 650M + CaLM,5,0.78,0.8963210702341137,0.9090909090909092,59,14,3,11
KCNJ11,ESM-2 150M + 650M,1,0.05,0.7414965986394558,0.9166666666666666,28,8,6,2
KCNJ11,ESM-2 150M + 650M,2,0.32,0.7987012987012987,0.8,29,7,5,2
KCNJ11,ESM-2 150M + 650M,3,0.44,0.7792207792207793,0.9,29,7,5,2
KCNJ11,ESM-2 150M + 650M,4,0.44,0.8246753246753247,0.7,29,7,5,2
KCNJ11,ESM-2 150M + 650M,5,0.49,0.7857142857142857,1.0,29,7,6,1
KCNJ11,ESM-2 650M + ESM-1b 650M,1,0.17,0.8163265306122449,0.5833333333333334,28,8,6,2
KCNJ11,ESM-2 650M + ESM-1b 650M,2,0.13,0.8116883116883117,0.6,29,7,5,2
KCNJ11,ESM-2 650M + ESM-1b 650M,3,0.42,0.7987012987012987,0.7,29,7,5,2
KCNJ11,ESM-2 650M + ESM-1b 650M,4,0.39,0.7142857142857143,1.0,29,7,5,2
KCNJ11,ESM-2 650M + ESM-1b 650M,5,0.39,0.7976190476190477,0.5,29,7,6,1
KCNJ11,ESM-2 650M + CaLM,1,0.0,0.8435374149659864,0.5,28,8,6,2
KCNJ11,ESM-2 650M + CaLM,2,0.05,0.6818181818181818,1.0,29,7,5,2
KCNJ11,ESM-2 650M + CaLM,3,0.05,0.7857142857142857,0.6,29,7,5,2
KCNJ11,ESM-2 650M + CaLM,4,0.29,0.7792207792207793,0.7,29,7,5,2
KCNJ11,ESM-2 650M + CaLM,5,0.05,0.7380952380952381,1.0,29,7,6,1
KCNJ11,ESM-2 150M + CaLM,1,0.05,0.6802721088435374,1.0,28,8,6,2
KCNJ11,ESM-2 150M + CaLM,2,0.03,0.8571428571428571,0.5,29,7,5,2
KCNJ11,ESM-2 150M + CaLM,3,0.05,0.7077922077922078,0.9,29,7,5,2
KCNJ11,ESM-2 150M + CaLM,4,0.0,0.8181818181818182,0.2,29,7,5,2
KCNJ11,ESM-2 150M + CaLM,5,0.0,0.7440476190476191,0.8333333333333334,29,7,6,1
KCNJ11,ESM-1b 650M + CaLM,1,0.12,0.8299319727891157,0.5,28,8,6,2
KCNJ11,ESM-1b 650M + CaLM,2,0.0,0.7207792207792207,0.9,29,7,5,2
KCNJ11,ESM-1b 650M + CaLM,3,0.0,0.7597402597402597,0.7,29,7,5,2
KCNJ11,ESM-1b 650M + CaLM,4,0.0,0.7662337662337663,0.7,29,7,5,2
KCNJ11,ESM-1b 650M + CaLM,5,0.0,0.6964285714285714,1.0,29,7,6,1
KCNQ1,ESM-2 150M + 650M,1,0.98,0.946551724137931,0.8793103448275862,121,31,29,2
KCNQ1,ESM-2 150M + 650M,2,0.99,0.9172413793103448,0.913793103448276,121,31,29,2
KCNQ1,ESM-2 150M + 650M,3,0.99,0.9267241379310344,0.9655172413793104,122,30,29,1
KCNQ1,ESM-2 150M + 650M,4,0.99,0.9238505747126436,1.0,122,30,29,1
KCNQ1,ESM-2 150M + 650M,5,0.98,0.9195402298850576,0.9655172413793104,122,30,29,1
KCNQ1,ESM-2 650M + ESM-1b 650M,1,0.38,0.996551724137931,0.9827586206896552,121,31,29,2
KCNQ1,ESM-2 650M + ESM-1b 650M,2,0.98,1.0,1.0,121,31,29,2
KCNQ1,ESM-2 650M + ESM-1b 650M,3,0.5700000000000001,0.9971264367816092,1.0,122,30,29,1
KCNQ1,ESM-2 650M + ESM-1b 650M,4,0.5700000000000001,0.9956896551724138,1.0,122,30,29,1
KCNQ1,ESM-2 650M + ESM-1b 650M,5,0.5700000000000001,0.9942528735632185,1.0,122,30,29,1
KCNQ1,ESM-2 650M + CaLM,1,0.04,0.9517241379310344,0.8448275862068966,121,31,29,2
KCNQ1,ESM-2 650M + CaLM,2,0.09,0.9189655172413792,0.9655172413793104,121,31,29,2
KCNQ1,ESM-2 650M + CaLM,3,0.38,0.9468390804597702,0.896551724137931,122,30,29,1
KCNQ1,ESM-2 650M + CaLM,4,0.15,0.9252873563218392,0.9655172413793104,122,30,29,1
KCNQ1,ESM-2 650M + CaLM,5,0.38,0.9166666666666666,0.9655172413793104,122,30,29,1
KCNQ1,ESM-2 150M + CaLM,1,0.8300000000000001,0.8982758620689655,0.8793103448275862,121,31,29,2
KCNQ1,ESM-2 150M + CaLM,2,0.8200000000000001,0.896551724137931,0.8793103448275862,121,31,29,2
KCNQ1,ESM-2 150M + CaLM,3,0.8300000000000001,0.8922413793103449,0.896551724137931,122,30,29,1
KCNQ1,ESM-2 150M + CaLM,4,0.39,0.889367816091954,0.896551724137931,122,30,29,1
KCNQ1,ESM-2 150M + CaLM,5,0.62,0.889367816091954,0.896551724137931,122,30,29,1
KCNQ1,ESM-1b 650M + CaLM,1,0.0,0.993103448275862,1.0,121,31,29,2
KCNQ1,ESM-1b 650M + CaLM,2,0.0,0.9948275862068966,1.0,121,31,29,2
KCNQ1,ESM-1b 650M + CaLM,3,0.0,1.0,0.9655172413793104,122,30,29,1
KCNQ1,ESM-1b 650M + CaLM,4,0.46,0.9971264367816092,1.0,122,30,29,1
KCNQ1,ESM-1b 650M + CaLM,5,0.26,0.9956896551724138,1.0,122,30,29,1
KCNQ2,ESM-2 150M + 650M,1,0.98,0.8782945736434109,0.9629629629629628,221,56,54,2
KCNQ2,ESM-2 150M + 650M,2,1.0,0.9023255813953488,0.8981481481481481,221,56,54,2
KCNQ2,ESM-2 150M + 650M,3,0.79,0.9097222222222222,0.839622641509434,222,55,53,2
KCNQ2,ESM-2 150M + 650M,4,0.98,0.9142857142857144,0.7962962962962963,222,55,54,1
KCNQ2,ESM-2 150M + 650M,5,0.98,0.8903654485049833,0.9629629629629628,222,55,54,1
KCNQ2,ESM-2 650M + ESM-1b 650M,1,0.63,0.9806201550387597,1.0,221,56,54,2
KCNQ2,ESM-2 650M + ESM-1b 650M,2,0.59,0.9813953488372092,1.0,221,56,54,2
KCNQ2,ESM-2 650M + ESM-1b 650M,3,0.63,0.9837962962962964,1.0,222,55,53,2
KCNQ2,ESM-2 650M + ESM-1b 650M,4,0.46,0.9953488372093025,0.9074074074074074,222,55,54,1
KCNQ2,ESM-2 650M + ESM-1b 650M,5,0.63,0.982059800664452,0.9814814814814816,222,55,54,1
KCNQ2,ESM-2 650M + CaLM,1,0.37,0.9341085271317828,0.8981481481481481,221,56,54,2
KCNQ2,ESM-2 650M + CaLM,2,0.3,0.9124031007751938,0.9814814814814816,221,56,54,2
KCNQ2,ESM-2 650M + CaLM,3,0.33,0.9351851851851852,0.8867924528301887,222,55,53,2
KCNQ2,ESM-2 650M + CaLM,4,0.27,0.9255813953488372,0.8888888888888888,222,55,54,1
KCNQ2,ESM-2 650M + CaLM,5,0.38,0.9176079734219268,0.9444444444444444,222,55,54,1
KCNQ2,ESM-2 150M + CaLM,1,0.87,0.9015503875968992,0.7222222222222222,221,56,54,2
KCNQ2,ESM-2 150M + CaLM,2,0.99,0.8713178294573644,0.8888888888888888,221,56,54,2
KCNQ2,ESM-2 150M + CaLM,3,0.92,0.8850308641975309,0.8490566037735849,222,55,53,2
KCNQ2,ESM-2 150M + CaLM,4,0.92,0.8511627906976744,0.9444444444444444,222,55,54,1
KCNQ2,ESM-2 150M + CaLM,5,0.92,0.8697674418604651,0.9074074074074074,222,55,54,1
KCNQ2,ESM-1b 650M + CaLM,1,0.36,0.9852713178294572,0.9814814814814816,221,56,54,2
KCNQ2,ESM-1b 650M + CaLM,2,0.6,0.9844961240310076,1.0,221,56,54,2
KCNQ2,ESM-1b 650M + CaLM,3,0.5,0.9807098765432098,1.0,222,55,53,2
KCNQ2,ESM-1b 650M + CaLM,4,0.36,0.9827242524916944,1.0,222,55,54,1
KCNQ2,ESM-1b 650M + CaLM,5,0.47,0.9953488372093025,0.8888888888888888,222,55,54,1
KCNQ3,ESM-2 150M + 650M,1,0.68,0.96875,1.0,24,6,3,3
KCNQ3,ESM-2 150M + 650M,2,0.5700000000000001,0.9629629629629628,1.0,24,6,4,2
KCNQ3,ESM-2 150M + 650M,3,0.68,0.9629629629629628,1.0,24,6,4,2
KCNQ3,ESM-2 150M + 650M,4,0.68,0.9629629629629628,1.0,24,6,4,2
KCNQ3,ESM-2 150M + 650M,5,0.5700000000000001,1.0,0.875,24,6,4,2
KCNQ3,ESM-2 650M + ESM-1b 650M,1,0.0,0.953125,1.0,24,6,3,3
KCNQ3,ESM-2 650M + ESM-1b 650M,2,0.0,0.9629629629629628,1.0,24,6,4,2
KCNQ3,ESM-2 650M + ESM-1b 650M,3,0.0,0.9703703703703704,1.0,24,6,4,2
KCNQ3,ESM-2 650M + ESM-1b 650M,4,0.0,0.9703703703703704,1.0,24,6,4,2
KCNQ3,ESM-2 650M + ESM-1b 650M,5,0.0,1.0,0.875,24,6,4,2
KCNQ3,ESM-2 650M + CaLM,1,0.37,0.96875,1.0,24,6,3,3
KCNQ3,ESM-2 650M + CaLM,2,0.37,0.9703703703703704,1.0,24,6,4,2
KCNQ3,ESM-2 650M + CaLM,3,0.0,1.0,0.75,24,6,4,2
KCNQ3,ESM-2 650M + CaLM,4,0.0,0.9629629629629628,1.0,24,6,4,2
KCNQ3,ESM-2 650M + CaLM,5,0.54,0.9851851851851852,1.0,24,6,4,2
KCNQ3,ESM-2 150M + CaLM,1,0.7000000000000001,0.953125,1.0,24,6,3,3
KCNQ3,ESM-2 150M + CaLM,2,0.7000000000000001,0.9703703703703704,1.0,24,6,4,2
KCNQ3,ESM-2 150M + CaLM,3,0.67,0.9851851851851852,0.875,24,6,4,2
KCNQ3,ESM-2 150M + CaLM,4,0.7000000000000001,0.9555555555555556,1.0,24,6,4,2
KCNQ3,ESM-2 150M + CaLM,5,0.6,0.9851851851851852,0.875,24,6,4,2
KCNQ3,ESM-1b 650M + CaLM,1,0.0,0.953125,1.0,24,6,3,3
KCNQ3,ESM-1b 650M + CaLM,2,0.0,0.9555555555555556,1.0,24,6,4,2
KCNQ3,ESM-1b 650M + CaLM,3,0.0,0.9925925925925926,1.0,24,6,4,2
KCNQ3,ESM-1b 650M + CaLM,4,0.0,0.9629629629629628,1.0,24,6,4,2
KCNQ3,ESM-1b 650M + CaLM,5,0.48,0.9851851851851852,0.75,24,6,4,2
KCNQ4,ESM-2 150M + 650M,1,0.3,1.0,1.0,16,5,3,2
KCNQ4,ESM-2 150M + 650M,2,0.26,1.0,1.0,17,4,2,2
KCNQ4,ESM-2 150M + 650M,3,0.3,1.0,1.0,17,4,2,2
KCNQ4,ESM-2 150M + 650M,4,0.3,1.0,1.0,17,4,2,2
KCNQ4,ESM-2 150M + 650M,5,0.0,1.0,1.0,17,4,3,1
KCNQ4,ESM-2 650M + ESM-1b 650M,1,0.0,1.0,1.0,16,5,3,2
KCNQ4,ESM-2 650M + ESM-1b 650M,2,0.0,1.0,1.0,17,4,2,2
KCNQ4,ESM-2 650M + ESM-1b 650M,3,0.0,1.0,1.0,17,4,2,2
KCNQ4,ESM-2 650M + ESM-1b 650M,4,0.0,1.0,1.0,17,4,2,2
KCNQ4,ESM-2 650M + ESM-1b 650M,5,0.0,1.0,1.0,17,4,3,1
KCNQ4,ESM-2 650M + CaLM,1,0.0,1.0,1.0,16,5,3,2
KCNQ4,ESM-2 650M + CaLM,2,0.0,1.0,1.0,17,4,2,2
KCNQ4,ESM-2 650M + CaLM,3,0.0,1.0,1.0,17,4,2,2
KCNQ4,ESM-2 650M + CaLM,4,0.0,1.0,1.0,17,4,2,2
KCNQ4,ESM-2 650M + CaLM,5,0.0,1.0,1.0,17,4,3,1
KCNQ4,ESM-2 150M + CaLM,1,0.27,1.0,1.0,16,5,3,2
KCNQ4,ESM-2 150M + CaLM,2,0.26,1.0,1.0,17,4,2,2
KCNQ4,ESM-2 150M + CaLM,3,0.27,1.0,1.0,17,4,2,2
KCNQ4,ESM-2 150M + CaLM,4,0.27,1.0,1.0,17,4,2,2
KCNQ4,ESM-2 150M + CaLM,5,0.0,1.0,1.0,17,4,3,1
KCNQ4,ESM-1b 650M + CaLM,1,0.34,1.0,1.0,16,5,3,2
KCNQ4,ESM-1b 650M + CaLM,2,0.34,1.0,1.0,17,4,2,2
KCNQ4,ESM-1b 650M + CaLM,3,0.34,1.0,1.0,17,4,2,2
KCNQ4,ESM-1b 650M + CaLM,4,0.0,1.0,0.75,17,4,2,2
KCNQ4,ESM-1b 650M + CaLM,5,0.25,1.0,1.0,17,4,3,1
KCNQ5,ESM-2 150M + 650M,1,0.92,0.8444444444444444,0.8125,69,18,2,16
KCNQ5,ESM-2 150M + 650M,2,1.0,0.956967213114754,0.5333333333333333,69,18,3,15
KCNQ5,ESM-2 150M + 650M,3,0.98,0.8214936247723132,0.9,70,17,2,15
KCNQ5,ESM-2 150M + 650M,4,1.0,0.7978142076502732,1.0,70,17,2,15
KCNQ5,ESM-2 150M + 650M,5,0.92,0.825136612021858,0.9666666666666668,70,17,2,15
KCNQ5,ESM-2 650M + ESM-1b 650M,1,0.71,0.9685185185185186,0.84375,69,18,2,16
KCNQ5,ESM-2 650M + ESM-1b 650M,2,0.3,0.9364754098360656,0.9777777777777776,69,18,3,15
KCNQ5,ESM-2 650M + ESM-1b 650M,3,0.26,0.9435336976320584,0.9666666666666668,70,17,2,15
KCNQ5,ESM-2 650M + ESM-1b 650M,4,0.33,0.9435336976320584,0.9666666666666668,70,17,2,15
KCNQ5,ESM-2 650M + ESM-1b 650M,5,0.72,0.9617486338797814,0.9,70,17,2,15
KCNQ5,ESM-2 650M + CaLM,1,0.0,0.9055555555555556,0.625,69,18,2,16
KCNQ5,ESM-2 650M + CaLM,2,0.0,0.7971311475409836,1.0,69,18,3,15
KCNQ5,ESM-2 650M + CaLM,3,0.0,0.8051001821493625,1.0,70,17,2,15
KCNQ5,ESM-2 650M + CaLM,4,0.0,0.8706739526411658,0.7333333333333333,70,17,2,15
KCNQ5,ESM-2 650M + CaLM,5,0.63,0.8688524590163934,0.5333333333333333,70,17,2,15
KCNQ5,ESM-2 150M + CaLM,1,0.97,0.7333333333333333,0.875,69,18,2,16
KCNQ5,ESM-2 150M + CaLM,2,0.98,0.7704918032786885,0.7333333333333333,69,18,3,15
KCNQ5,ESM-2 150M + CaLM,3,0.98,0.8269581056466302,0.4333333333333333,70,17,2,15
KCNQ5,ESM-2 150M + CaLM,4,1.0,0.7213114754098361,0.9,70,17,2,15
KCNQ5,ESM-2 150M + CaLM,5,0.98,0.73224043715847,0.8666666666666667,70,17,2,15
KCNQ5,ESM-1b 650M + CaLM,1,0.48,0.9277777777777778,1.0,69,18,2,16
KCNQ5,ESM-1b 650M + CaLM,2,0.0,0.9344262295081968,0.9333333333333332,69,18,3,15
KCNQ5,ESM-1b 650M + CaLM,3,0.09,0.9562841530054644,0.8333333333333334,70,17,2,15
KCNQ5,ESM-1b 650M + CaLM,4,0.09,0.9289617486338798,0.9666666666666668,70,17,2,15
KCNQ5,ESM-1b 650M + CaLM,5,0.71,0.9690346083788708,0.7666666666666667,70,17,2,15
KCNV2,ESM-2 150M + 650M,1,0.18,1.0,1.0,20,5,2,3
KCNV2,ESM-2 150M + 650M,2,0.0,1.0,1.0,20,5,2,3
KCNV2,ESM-2 150M + 650M,3,0.0,1.0,1.0,20,5,2,3
KCNV2,ESM-2 150M + 650M,4,0.18,1.0,1.0,20,5,2,3
KCNV2,ESM-2 150M + 650M,5,0.18,1.0,1.0,20,5,3,2
KCNV2,ESM-2 650M + ESM-1b 650M,1,0.0,0.9797979797979798,1.0,20,5,2,3
KCNV2,ESM-2 650M + ESM-1b 650M,2,0.0,0.9797979797979798,1.0,20,5,2,3
KCNV2,ESM-2 650M + ESM-1b 650M,3,0.0,1.0,0.8333333333333334,20,5,2,3
KCNV2,ESM-2 650M + ESM-1b 650M,4,0.0,0.9797979797979798,1.0,20,5,2,3
KCNV2,ESM-2 650M + ESM-1b 650M,5,0.0,0.9895833333333334,1.0,20,5,3,2
KCNV2,ESM-2 650M + CaLM,1,0.25,0.98989898989899,1.0,20,5,2,3
KCNV2,ESM-2 650M + CaLM,2,0.0,1.0,0.8333333333333334,20,5,2,3
KCNV2,ESM-2 650M + CaLM,3,0.25,0.98989898989899,1.0,20,5,2,3
KCNV2,ESM-2 650M + CaLM,4,0.25,1.0,1.0,20,5,2,3
KCNV2,ESM-2 650M + CaLM,5,0.41,1.0,1.0,20,5,3,2
KCNV2,ESM-2 150M + CaLM,1,0.0,1.0,1.0,20,5,2,3
KCNV2,ESM-2 150M + CaLM,2,0.0,1.0,1.0,20,5,2,3
KCNV2,ESM-2 150M + CaLM,3,0.0,0.98989898989899,1.0,20,5,2,3
KCNV2,ESM-2 150M + CaLM,4,0.0,0.98989898989899,1.0,20,5,2,3
KCNV2,ESM-2 150M + CaLM,5,0.0,0.9895833333333334,1.0,20,5,3,2
KCNV2,ESM-1b 650M + CaLM,1,0.9,0.9595959595959596,1.0,20,5,2,3
KCNV2,ESM-1b 650M + CaLM,2,0.75,0.9595959595959596,0.8333333333333334,20,5,2,3
KCNV2,ESM-1b 650M + CaLM,3,0.9,0.9797979797979798,0.8333333333333334,20,5,2,3
KCNV2,ESM-1b 650M + CaLM,4,0.9,0.9696969696969696,1.0,20,5,2,3
KCNV2,ESM-1b 650M + CaLM,5,0.9,0.9375,1.0,20,5,3,2
KIF22,ESM-2 150M + 650M,1,0.1,0.8962962962962963,0.7142857142857143,32,8,1,7
KIF22,ESM-2 150M + 650M,2,0.1,0.8518518518518519,1.0,32,8,1,7
KIF22,ESM-2 150M + 650M,3,0.13,0.8444444444444444,1.0,32,8,1,7
KIF22,ESM-2 150M + 650M,4,0.13,0.9407407407407408,0.5714285714285714,32,8,1,7
KIF22,ESM-2 150M + 650M,5,0.13,0.8482142857142857,1.0,32,8,2,6
KIF22,ESM-2 650M + ESM-1b 650M,1,0.47,0.8666666666666667,0.7142857142857143,32,8,1,7
KIF22,ESM-2 650M + ESM-1b 650M,2,0.19,0.8296296296296296,0.8571428571428571,32,8,1,7
KIF22,ESM-2 650M + ESM-1b 650M,3,0.47,0.8518518518518519,0.7142857142857143,32,8,1,7
KIF22,ESM-2 650M + ESM-1b 650M,4,0.93,0.8740740740740741,0.5714285714285714,32,8,1,7
KIF22,ESM-2 650M + ESM-1b 650M,5,0.39,0.7946428571428571,0.9166666666666666,32,8,2,6
KIF22,ESM-2 650M + CaLM,1,0.6,0.8962962962962963,0.8571428571428571,32,8,1,7
KIF22,ESM-2 650M + CaLM,2,0.5700000000000001,0.8518518518518519,1.0,32,8,1,7
KIF22,ESM-2 650M + CaLM,3,0.45,0.8962962962962963,0.8571428571428571,32,8,1,7
KIF22,ESM-2 650M + CaLM,4,0.5700000000000001,0.8962962962962963,0.8571428571428571,32,8,1,7
KIF22,ESM-2 650M + CaLM,5,0.67,0.9285714285714286,0.75,32,8,2,6
KIF22,ESM-2 150M + CaLM,1,0.52,0.9111111111111112,0.8571428571428571,32,8,1,7
KIF22,ESM-2 150M + CaLM,2,0.11,0.8444444444444444,1.0,32,8,1,7
KIF22,ESM-2 150M + CaLM,3,0.22,0.8592592592592593,1.0,32,8,1,7
KIF22,ESM-2 150M + CaLM,4,0.0,0.9037037037037036,0.5714285714285714,32,8,1,7
KIF22,ESM-2 150M + CaLM,5,0.44,0.8839285714285714,0.8333333333333334,32,8,2,6
KIF22,ESM-1b 650M + CaLM,1,0.68,0.8666666666666667,1.0,32,8,1,7
KIF22,ESM-1b 650M + CaLM,2,0.45,0.8814814814814815,0.8571428571428571,32,8,1,7
KIF22,ESM-1b 650M + CaLM,3,0.45,0.9037037037037036,0.7142857142857143,32,8,1,7
KIF22,ESM-1b 650M + CaLM,4,0.74,0.9481481481481482,0.7142857142857143,32,8,1,7
KIF22,ESM-1b 650M + CaLM,5,0.51,0.8660714285714286,0.9166666666666666,32,8,2,6
KMT5B,ESM-2 150M + 650M,1,0.67,0.8809523809523809,1.0,19,5,1,4
KMT5B,ESM-2 150M + 650M,2,0.67,0.8846153846153846,1.0,19,5,2,3
KMT5B,ESM-2 150M + 650M,3,0.25,0.8717948717948718,1.0,19,5,2,3
KMT5B,ESM-2 150M + 650M,4,0.02,1.0,0.5,19,5,2,3
KMT5B,ESM-2 150M + 650M,5,0.67,0.9010989010989012,1.0,20,4,1,3
KMT5B,ESM-2 650M + ESM-1b 650M,1,0.38,1.0,1.0,19,5,1,4
KMT5B,ESM-2 650M + ESM-1b 650M,2,0.43,1.0,1.0,19,5,2,3
KMT5B,ESM-2 650M + ESM-1b 650M,3,0.43,1.0,1.0,19,5,2,3
KMT5B,ESM-2 650M + ESM-1b 650M,4,0.0,1.0,0.6666666666666666,19,5,2,3
KMT5B,ESM-2 650M + ESM-1b 650M,5,0.43,1.0,1.0,20,4,1,3
KMT5B,ESM-2 650M + CaLM,1,0.51,0.9404761904761904,1.0,19,5,1,4
KMT5B,ESM-2 650M + CaLM,2,0.77,0.935897435897436,1.0,19,5,2,3
KMT5B,ESM-2 650M + CaLM,3,0.77,0.9487179487179488,1.0,19,5,2,3
KMT5B,ESM-2 650M + CaLM,4,0.77,0.935897435897436,1.0,19,5,2,3
KMT5B,ESM-2 650M + CaLM,5,0.0,1.0,0.6666666666666666,20,4,1,3
KMT5B,ESM-2 150M + CaLM,1,0.67,0.9285714285714286,1.0,19,5,1,4
KMT5B,ESM-2 150M + CaLM,2,0.63,0.9102564102564102,1.0,19,5,2,3
KMT5B,ESM-2 150M + CaLM,3,0.6,0.8846153846153846,1.0,19,5,2,3
KMT5B,ESM-2 150M + CaLM,4,0.86,0.9487179487179488,0.6666666666666666,19,5,2,3
KMT5B,ESM-2 150M + CaLM,5,0.0,1.0,0.0,20,4,1,3
KMT5B,ESM-1b 650M + CaLM,1,0.0,1.0,1.0,19,5,1,4
KMT5B,ESM-1b 650M + CaLM,2,0.0,1.0,1.0,19,5,2,3
KMT5B,ESM-1b 650M + CaLM,3,0.0,1.0,1.0,19,5,2,3
KMT5B,ESM-1b 650M + CaLM,4,0.0,1.0,1.0,19,5,2,3
KMT5B,ESM-1b 650M + CaLM,5,0.0,1.0,1.0,20,4,1,3
KRIT1,ESM-2 150M + 650M,1,0.67,0.4166666666666667,1.0,10,3,1,2
KRIT1,ESM-2 150M + 650M,2,0.95,0.6666666666666666,0.5,10,3,1,2
KRIT1,ESM-2 150M + 650M,3,0.67,0.7083333333333334,0.0,10,3,1,2
KRIT1,ESM-2 150M + 650M,4,0.95,0.4642857142857143,1.0,11,2,1,1
KRIT1,ESM-2 150M + 650M,5,0.64,0.6785714285714286,0.0,11,2,1,1
KRIT1,ESM-2 650M + ESM-1b 650M,1,0.0,0.625,0.5,10,3,1,2
KRIT1,ESM-2 650M + ESM-1b 650M,2,0.04,0.5833333333333334,1.0,10,3,1,2
KRIT1,ESM-2 650M + ESM-1b 650M,3,0.04,0.5416666666666666,0.5,10,3,1,2
KRIT1,ESM-2 650M + ESM-1b 650M,4,0.04,0.6428571428571429,1.0,11,2,1,1
KRIT1,ESM-2 650M + ESM-1b 650M,5,0.0,0.6071428571428571,0.0,11,2,1,1
KRIT1,ESM-2 650M + CaLM,1,0.42,0.5,1.0,10,3,1,2
KRIT1,ESM-2 650M + CaLM,2,0.75,0.7083333333333334,0.5,10,3,1,2
KRIT1,ESM-2 650M + CaLM,3,0.52,0.7916666666666666,0.0,10,3,1,2
KRIT1,ESM-2 650M + CaLM,4,0.0,0.5714285714285714,1.0,11,2,1,1
KRIT1,ESM-2 650M + CaLM,5,1.0,0.6071428571428571,0.0,11,2,1,1
KRIT1,ESM-2 150M + CaLM,1,0.98,0.5833333333333334,0.5,10,3,1,2
KRIT1,ESM-2 150M + CaLM,2,0.98,0.4166666666666667,1.0,10,3,1,2
KRIT1,ESM-2 150M + CaLM,3,0.98,0.6666666666666666,0.0,10,3,1,2
KRIT1,ESM-2 150M + CaLM,4,0.52,0.5714285714285714,0.0,11,2,1,1
KRIT1,ESM-2 150M + CaLM,5,0.0,0.4642857142857143,0.0,11,2,1,1
KRIT1,ESM-1b 650M + CaLM,1,0.96,0.5833333333333334,1.0,10,3,1,2
KRIT1,ESM-1b 650M + CaLM,2,0.89,0.7916666666666666,0.0,10,3,1,2
KRIT1,ESM-1b 650M + CaLM,3,0.89,0.5416666666666666,1.0,10,3,1,2
KRIT1,ESM-1b 650M + CaLM,4,0.0,0.4642857142857143,0.0,11,2,1,1
KRIT1,ESM-1b 650M + CaLM,5,0.55,0.75,0.0,11,2,1,1
KRT1,ESM-2 150M + 650M,1,0.98,0.9609375,1.0,24,6,3,3
KRT1,ESM-2 150M + 650M,2,0.3,1.0,0.875,24,6,4,2
KRT1,ESM-2 150M + 650M,3,0.98,0.9703703703703704,1.0,24,6,4,2
KRT1,ESM-2 150M + 650M,4,0.93,0.9703703703703704,1.0,24,6,4,2
KRT1,ESM-2 150M + 650M,5,0.98,0.9629629629629628,1.0,24,6,4,2
KRT1,ESM-2 650M + ESM-1b 650M,1,0.0,0.953125,1.0,24,6,3,3
KRT1,ESM-2 650M + ESM-1b 650M,2,0.64,0.9777777777777776,1.0,24,6,4,2
KRT1,ESM-2 650M + ESM-1b 650M,3,0.0,0.9703703703703704,1.0,24,6,4,2
KRT1,ESM-2 650M + ESM-1b 650M,4,0.0,0.9629629629629628,1.0,24,6,4,2
KRT1,ESM-2 650M + ESM-1b 650M,5,0.0,1.0,0.875,24,6,4,2
KRT1,ESM-2 650M + CaLM,1,0.0,1.0,1.0,24,6,3,3
KRT1,ESM-2 650M + CaLM,2,0.84,0.9777777777777776,0.875,24,6,4,2
KRT1,ESM-2 650M + CaLM,3,0.0,0.9851851851851852,1.0,24,6,4,2
KRT1,ESM-2 650M + CaLM,4,0.0,0.9703703703703704,1.0,24,6,4,2
KRT1,ESM-2 650M + CaLM,5,0.44,0.9703703703703704,1.0,24,6,4,2
KRT1,ESM-2 150M + CaLM,1,0.02,1.0,0.6666666666666666,24,6,3,3
KRT1,ESM-2 150M + CaLM,2,0.45,0.9407407407407408,1.0,24,6,4,2
KRT1,ESM-2 150M + CaLM,3,0.03,0.9185185185185184,1.0,24,6,4,2
KRT1,ESM-2 150M + CaLM,4,0.03,0.925925925925926,1.0,24,6,4,2
KRT1,ESM-2 150M + CaLM,5,0.03,0.9333333333333332,1.0,24,6,4,2
KRT1,ESM-1b 650M + CaLM,1,0.5700000000000001,0.9765625,0.8888888888888888,24,6,3,3
KRT1,ESM-1b 650M + CaLM,2,0.6,0.9481481481481482,1.0,24,6,4,2
KRT1,ESM-1b 650M + CaLM,3,0.16,0.9555555555555556,1.0,24,6,4,2
KRT1,ESM-1b 650M + CaLM,4,0.6,0.9629629629629628,1.0,24,6,4,2
KRT1,ESM-1b 650M + CaLM,5,0.32,0.9925925925925926,0.75,24,6,4,2
KRT10,ESM-2 150M + 650M,1,0.0,1.0,0.875,21,6,2,4
KRT10,ESM-2 150M + 650M,2,0.85,0.9519230769230768,1.0,21,6,2,4
KRT10,ESM-2 150M + 650M,3,0.85,0.9642857142857144,1.0,22,5,2,3
KRT10,ESM-2 150M + 650M,4,0.63,0.9732142857142856,1.0,22,5,2,3
KRT10,ESM-2 150M + 650M,5,0.85,0.9642857142857144,1.0,22,5,2,3
KRT10,ESM-2 650M + ESM-1b 650M,1,1.0,0.9903846153846154,1.0,21,6,2,4
KRT10,ESM-2 650M + ESM-1b 650M,2,1.0,0.9807692307692308,1.0,21,6,2,4
KRT10,ESM-2 650M + ESM-1b 650M,3,1.0,0.9821428571428572,1.0,22,5,2,3
KRT10,ESM-2 650M + ESM-1b 650M,4,0.79,0.9910714285714286,1.0,22,5,2,3
KRT10,ESM-2 650M + ESM-1b 650M,5,0.06,1.0,0.8333333333333334,22,5,2,3
KRT10,ESM-2 650M + CaLM,1,0.48,0.9807692307692308,1.0,21,6,2,4
KRT10,ESM-2 650M + CaLM,2,0.07,1.0,0.875,21,6,2,4
KRT10,ESM-2 650M + CaLM,3,0.51,1.0,1.0,22,5,2,3
KRT10,ESM-2 650M + CaLM,4,0.51,0.9821428571428572,1.0,22,5,2,3
KRT10,ESM-2 650M + CaLM,5,0.51,0.9910714285714286,1.0,22,5,2,3
KRT10,ESM-2 150M + CaLM,1,0.78,0.9903846153846154,1.0,21,6,2,4
KRT10,ESM-2 150M + CaLM,2,0.0,0.9903846153846154,0.75,21,6,2,4
KRT10,ESM-2 150M + CaLM,3,0.78,0.9732142857142856,1.0,22,5,2,3
KRT10,ESM-2 150M + CaLM,4,0.78,0.9732142857142856,1.0,22,5,2,3
KRT10,ESM-2 150M + CaLM,5,0.4,0.9821428571428572,1.0,22,5,2,3
KRT10,ESM-1b 650M + CaLM,1,0.28,1.0,1.0,21,6,2,4
KRT10,ESM-1b 650M + CaLM,2,0.28,1.0,1.0,21,6,2,4
KRT10,ESM-1b 650M + CaLM,3,0.0,1.0,0.8333333333333334,22,5,2,3
KRT10,ESM-1b 650M + CaLM,4,0.06,1.0,1.0,22,5,2,3
KRT10,ESM-1b 650M + CaLM,5,0.28,1.0,1.0,22,5,2,3
KRT14,ESM-2 150M + 650M,1,0.3,0.925925925925926,1.0,32,8,6,2
KRT14,ESM-2 150M + 650M,2,0.28,0.9629629629629628,1.0,32,8,6,2
KRT14,ESM-2 150M + 650M,3,0.0,0.935897435897436,0.8571428571428571,32,8,7,1
KRT14,ESM-2 150M + 650M,4,0.64,0.967948717948718,0.7142857142857143,32,8,7,1
KRT14,ESM-2 150M + 650M,5,0.3,0.9102564102564102,1.0,32,8,7,1
KRT14,ESM-2 650M + ESM-1b 650M,1,0.64,1.0,0.8333333333333334,32,8,6,2
KRT14,ESM-2 650M + ESM-1b 650M,2,0.0,0.925925925925926,0.9166666666666666,32,8,6,2
KRT14,ESM-2 650M + ESM-1b 650M,3,0.64,0.9294871794871796,1.0,32,8,7,1
KRT14,ESM-2 650M + ESM-1b 650M,4,0.64,0.9294871794871796,1.0,32,8,7,1
KRT14,ESM-2 650M + ESM-1b 650M,5,0.44,0.9166666666666666,1.0,32,8,7,1
KRT14,ESM-2 650M + CaLM,1,0.37,0.925925925925926,1.0,32,8,6,2
KRT14,ESM-2 650M + CaLM,2,0.92,0.9481481481481482,0.8333333333333334,32,8,6,2
KRT14,ESM-2 650M + CaLM,3,0.37,0.9423076923076924,1.0,32,8,7,1
KRT14,ESM-2 650M + CaLM,4,0.37,1.0,0.8571428571428571,32,8,7,1
KRT14,ESM-2 650M + CaLM,5,0.13,0.9615384615384616,0.5714285714285714,32,8,7,1
KRT14,ESM-2 150M + CaLM,1,0.25,0.925925925925926,1.0,32,8,6,2
KRT14,ESM-2 150M + CaLM,2,0.38,0.9925925925925926,0.8333333333333334,32,8,6,2
KRT14,ESM-2 150M + CaLM,3,0.23,0.9487179487179488,1.0,32,8,7,1
KRT14,ESM-2 150M + CaLM,4,0.16,0.967948717948718,0.8571428571428571,32,8,7,1
KRT14,ESM-2 150M + CaLM,5,0.25,0.9423076923076924,1.0,32,8,7,1
KRT14,ESM-1b 650M + CaLM,1,0.68,0.9407407407407408,1.0,32,8,6,2
KRT14,ESM-1b 650M + CaLM,2,0.0,1.0,0.8333333333333334,32,8,6,2
KRT14,ESM-1b 650M + CaLM,3,0.68,0.9487179487179488,1.0,32,8,7,1
KRT14,ESM-1b 650M + CaLM,4,0.68,0.9423076923076924,1.0,32,8,7,1
KRT14,ESM-1b 650M + CaLM,5,0.68,0.9423076923076924,1.0,32,8,7,1
KRT16,ESM-2 150M + 650M,1,0.91,0.8833333333333333,1.0,16,4,1,3
KRT16,ESM-2 150M + 650M,2,0.91,0.9166666666666666,1.0,16,4,1,3
KRT16,ESM-2 150M + 650M,3,0.9,0.8833333333333333,1.0,16,4,1,3
KRT16,ESM-2 150M + 650M,4,0.58,0.9818181818181818,0.5,16,4,2,2
KRT16,ESM-2 150M + 650M,5,0.91,0.9454545454545454,1.0,16,4,2,2
KRT16,ESM-2 650M + ESM-1b 650M,1,0.36,0.9666666666666668,1.0,16,4,1,3
KRT16,ESM-2 650M + ESM-1b 650M,2,0.91,0.9666666666666668,1.0,16,4,1,3
KRT16,ESM-2 650M + ESM-1b 650M,3,0.72,0.9833333333333332,1.0,16,4,1,3
KRT16,ESM-2 650M + ESM-1b 650M,4,0.91,1.0,1.0,16,4,2,2
KRT16,ESM-2 650M + ESM-1b 650M,5,0.91,0.9818181818181818,1.0,16,4,2,2
KRT16,ESM-2 650M + CaLM,1,0.4,0.9666666666666668,1.0,16,4,1,3
KRT16,ESM-2 650M + CaLM,2,0.4,0.9833333333333332,0.6666666666666666,16,4,1,3
KRT16,ESM-2 650M + CaLM,3,0.4,0.9333333333333332,1.0,16,4,1,3
KRT16,ESM-2 650M + CaLM,4,0.02,0.9272727272727272,1.0,16,4,2,2
KRT16,ESM-2 650M + CaLM,5,0.21,0.9636363636363636,1.0,16,4,2,2
KRT16,ESM-2 150M + CaLM,1,0.68,0.9666666666666668,0.6666666666666666,16,4,1,3
KRT16,ESM-2 150M + CaLM,2,0.75,0.9333333333333332,1.0,16,4,1,3
KRT16,ESM-2 150M + CaLM,3,0.86,0.9333333333333332,1.0,16,4,1,3
KRT16,ESM-2 150M + CaLM,4,0.86,0.8909090909090909,1.0,16,4,2,2
KRT16,ESM-2 150M + CaLM,5,0.86,0.9454545454545454,1.0,16,4,2,2
KRT16,ESM-1b 650M + CaLM,1,0.03,0.9833333333333332,1.0,16,4,1,3
KRT16,ESM-1b 650M + CaLM,2,0.0,1.0,1.0,16,4,1,3
KRT16,ESM-1b 650M + CaLM,3,0.03,1.0,1.0,16,4,1,3
KRT16,ESM-1b 650M + CaLM,4,0.03,0.9818181818181818,1.0,16,4,2,2
KRT16,ESM-1b 650M + CaLM,5,0.0,0.9818181818181818,1.0,16,4,2,2
KRT17,ESM-2 150M + 650M,1,0.98,0.9733333333333334,0.75,20,5,1,4
KRT17,ESM-2 150M + 650M,2,0.98,0.96,1.0,20,5,1,4
KRT17,ESM-2 150M + 650M,3,0.98,0.9466666666666668,1.0,20,5,1,4
KRT17,ESM-2 150M + 650M,4,0.96,0.9333333333333332,1.0,20,5,1,4
KRT17,ESM-2 150M + 650M,5,0.96,0.96875,1.0,20,5,2,3
KRT17,ESM-2 650M + ESM-1b 650M,1,0.56,0.9733333333333334,1.0,20,5,1,4
KRT17,ESM-2 650M + ESM-1b 650M,2,0.22,0.9866666666666668,0.75,20,5,1,4
KRT17,ESM-2 650M + ESM-1b 650M,3,0.56,1.0,1.0,20,5,1,4
KRT17,ESM-2 650M + ESM-1b 650M,4,0.29,0.9866666666666668,1.0,20,5,1,4
KRT17,ESM-2 650M + ESM-1b 650M,5,0.56,0.96875,1.0,20,5,2,3
KRT17,ESM-2 650M + CaLM,1,0.0,0.96,1.0,20,5,1,4
KRT17,ESM-2 650M + CaLM,2,0.07,0.9866666666666668,0.75,20,5,1,4
KRT17,ESM-2 650M + CaLM,3,0.13,0.9466666666666668,1.0,20,5,1,4
KRT17,ESM-2 650M + CaLM,4,0.13,0.9466666666666668,1.0,20,5,1,4
KRT17,ESM-2 650M + CaLM,5,0.13,0.984375,1.0,20,5,2,3
KRT17,ESM-2 150M + CaLM,1,0.0,0.96,0.5,20,5,1,4
KRT17,ESM-2 150M + CaLM,2,0.52,0.96,1.0,20,5,1,4
KRT17,ESM-2 150M + CaLM,3,0.52,0.9866666666666668,1.0,20,5,1,4
KRT17,ESM-2 150M + CaLM,4,0.5,0.9466666666666668,1.0,20,5,1,4
KRT17,ESM-2 150M + CaLM,5,0.52,0.9375,1.0,20,5,2,3
KRT17,ESM-1b 650M + CaLM,1,0.31,1.0,1.0,20,5,1,4
KRT17,ESM-1b 650M + CaLM,2,0.31,1.0,1.0,20,5,1,4
KRT17,ESM-1b 650M + CaLM,3,0.2,1.0,1.0,20,5,1,4
KRT17,ESM-1b 650M + CaLM,4,0.31,1.0,1.0,20,5,1,4
KRT17,ESM-1b 650M + CaLM,5,0.23,1.0,1.0,20,5,2,3
KRT5,ESM-2 150M + 650M,1,0.97,0.9032967032967032,0.8888888888888888,48,13,9,4
KRT5,ESM-2 150M + 650M,2,0.6,0.9209401709401708,0.78125,49,12,8,4
KRT5,ESM-2 150M + 650M,3,0.97,0.8795918367346939,0.9629629629629628,49,12,9,3
KRT5,ESM-2 150M + 650M,4,0.97,0.889795918367347,0.925925925925926,49,12,9,3
KRT5,ESM-2 150M + 650M,5,0.97,0.8877551020408163,0.925925925925926,49,12,9,3
KRT5,ESM-2 650M + ESM-1b 650M,1,0.37,0.8945054945054945,1.0,48,13,9,4
KRT5,ESM-2 650M + ESM-1b 650M,2,0.95,0.9337606837606838,0.8125,49,12,8,4
KRT5,ESM-2 650M + ESM-1b 650M,3,0.37,0.926530612244898,0.925925925925926,49,12,9,3
KRT5,ESM-2 650M + ESM-1b 650M,4,0.35,0.9122448979591836,0.9629629629629628,49,12,9,3
KRT5,ESM-2 650M + ESM-1b 650M,5,0.35,0.9673469387755104,0.8148148148148148,49,12,9,3
KRT5,ESM-2 650M + CaLM,1,0.22,0.8923076923076924,0.9722222222222222,48,13,9,4
KRT5,ESM-2 650M + CaLM,2,0.03,0.9764957264957264,0.71875,49,12,8,4
KRT5,ESM-2 650M + CaLM,3,0.22,0.8918367346938776,1.0,49,12,9,3
KRT5,ESM-2 650M + CaLM,4,0.24,0.8959183673469387,0.9629629629629628,49,12,9,3
KRT5,ESM-2 650M + CaLM,5,0.54,0.8979591836734694,0.8888888888888888,49,12,9,3
KRT5,ESM-2 150M + CaLM,1,0.32,0.8065934065934066,0.9444444444444444,48,13,9,4
KRT5,ESM-2 150M + CaLM,2,0.44,0.8867521367521367,0.75,49,12,8,4
KRT5,ESM-2 150M + CaLM,3,0.28,0.8489795918367347,0.8518518518518519,49,12,9,3
KRT5,ESM-2 150M + CaLM,4,0.31,0.8938775510204081,0.6666666666666666,49,12,9,3
KRT5,ESM-2 150M + CaLM,5,0.28,0.8326530612244898,1.0,49,12,9,3
KRT5,ESM-1b 650M + CaLM,1,0.21,0.8923076923076924,0.9722222222222222,48,13,9,4
KRT5,ESM-1b 650M + CaLM,2,0.42,0.908119658119658,1.0,49,12,8,4
KRT5,ESM-1b 650M + CaLM,3,0.36,0.9489795918367347,0.7407407407407407,49,12,9,3
KRT5,ESM-1b 650M + CaLM,4,0.3,0.9224489795918368,0.925925925925926,49,12,9,3
KRT5,ESM-1b 650M + CaLM,5,0.5700000000000001,0.9244897959183672,0.8518518518518519,49,12,9,3
KRT6A,ESM-2 150M + 650M,1,0.67,1.0,1.0,24,7,3,4
KRT6A,ESM-2 150M + 650M,2,0.73,1.0,1.0,25,6,2,4
KRT6A,ESM-2 150M + 650M,3,0.73,1.0,1.0,25,6,2,4
KRT6A,ESM-2 150M + 650M,4,0.73,1.0,1.0,25,6,2,4
KRT6A,ESM-2 150M + 650M,5,0.0,1.0,1.0,25,6,2,4
KRT6A,ESM-2 650M + ESM-1b 650M,1,0.12,0.9921875,1.0,24,7,3,4
KRT6A,ESM-2 650M + ESM-1b 650M,2,0.27,0.9930555555555556,1.0,25,6,2,4
KRT6A,ESM-2 650M + ESM-1b 650M,3,0.27,0.9930555555555556,1.0,25,6,2,4
KRT6A,ESM-2 650M + ESM-1b 650M,4,0.27,0.9930555555555556,1.0,25,6,2,4
KRT6A,ESM-2 650M + ESM-1b 650M,5,0.0,1.0,0.875,25,6,2,4
KRT6A,ESM-2 650M + CaLM,1,0.0,1.0,0.9166666666666666,24,7,3,4
KRT6A,ESM-2 650M + CaLM,2,0.23,1.0,1.0,25,6,2,4
KRT6A,ESM-2 650M + CaLM,3,0.23,1.0,1.0,25,6,2,4
KRT6A,ESM-2 650M + CaLM,4,0.23,1.0,1.0,25,6,2,4
KRT6A,ESM-2 650M + CaLM,5,0.18,1.0,1.0,25,6,2,4
KRT6A,ESM-2 150M + CaLM,1,0.47,0.9765625,1.0,24,7,3,4
KRT6A,ESM-2 150M + CaLM,2,0.47,0.9722222222222222,1.0,25,6,2,4
KRT6A,ESM-2 150M + CaLM,3,0.47,0.9861111111111112,1.0,25,6,2,4
KRT6A,ESM-2 150M + CaLM,4,0.0,0.9722222222222222,1.0,25,6,2,4
KRT6A,ESM-2 150M + CaLM,5,0.0,1.0,0.875,25,6,2,4
KRT6A,ESM-1b 650M + CaLM,1,0.23,0.984375,1.0,24,7,3,4
KRT6A,ESM-1b 650M + CaLM,2,0.46,1.0,0.875,25,6,2,4
KRT6A,ESM-1b 650M + CaLM,3,0.12,0.9861111111111112,1.0,25,6,2,4
KRT6A,ESM-1b 650M + CaLM,4,0.37,0.9930555555555556,1.0,25,6,2,4
KRT6A,ESM-1b 650M + CaLM,5,0.37,0.9791666666666666,1.0,25,6,2,4
KRT9,ESM-2 150M + 650M,1,0.5700000000000001,0.9285714285714286,0.5,11,3,1,2
KRT9,ESM-2 150M + 650M,2,0.96,0.8333333333333334,1.0,11,3,2,1
KRT9,ESM-2 150M + 650M,3,0.96,0.9,0.5,11,3,2,1
KRT9,ESM-2 150M + 650M,4,0.91,0.8,1.0,11,3,2,1
KRT9,ESM-2 150M + 650M,5,0.96,0.8,1.0,12,2,1,1
KRT9,ESM-2 650M + ESM-1b 650M,1,0.2,1.0,0.5,11,3,1,2
KRT9,ESM-2 650M + ESM-1b 650M,2,0.0,0.8666666666666667,1.0,11,3,2,1
KRT9,ESM-2 650M + ESM-1b 650M,3,0.2,0.8666666666666667,1.0,11,3,2,1
KRT9,ESM-2 650M + ESM-1b 650M,4,0.2,0.8666666666666667,1.0,11,3,2,1
KRT9,ESM-2 650M + ESM-1b 650M,5,0.18,0.8857142857142857,1.0,12,2,1,1
KRT9,ESM-2 650M + CaLM,1,0.47,1.0,0.5,11,3,1,2
KRT9,ESM-2 650M + CaLM,2,0.0,0.9,1.0,11,3,2,1
KRT9,ESM-2 650M + CaLM,3,0.0,0.7666666666666667,1.0,11,3,2,1
KRT9,ESM-2 650M + CaLM,4,0.0,0.9,1.0,11,3,2,1
KRT9,ESM-2 650M + CaLM,5,0.47,0.8571428571428571,1.0,12,2,1,1
KRT9,ESM-2 150M + CaLM,1,0.77,0.8928571428571429,0.5,11,3,1,2
KRT9,ESM-2 150M + CaLM,2,0.84,0.7,1.0,11,3,2,1
KRT9,ESM-2 150M + CaLM,3,0.0,0.8333333333333334,0.0,11,3,2,1
KRT9,ESM-2 150M + CaLM,4,0.84,0.7666666666666667,1.0,11,3,2,1
KRT9,ESM-2 150M + CaLM,5,0.84,0.7714285714285715,1.0,12,2,1,1
KRT9,ESM-1b 650M + CaLM,1,0.0,1.0,1.0,11,3,1,2
KRT9,ESM-1b 650M + CaLM,2,0.0,0.8666666666666667,1.0,11,3,2,1
KRT9,ESM-1b 650M + CaLM,3,0.6,0.9,1.0,11,3,2,1
KRT9,ESM-1b 650M + CaLM,4,0.0,0.8666666666666667,1.0,11,3,2,1
KRT9,ESM-1b 650M + CaLM,5,0.0,0.8285714285714286,1.0,12,2,1,1
LAMP2,ESM-2 150M + 650M,1,0.71,0.8125,1.0,12,3,1,2
LAMP2,ESM-2 150M + 650M,2,0.71,0.875,1.0,12,3,1,2
LAMP2,ESM-2 150M + 650M,3,0.0,0.90625,0.5,12,3,1,2
LAMP2,ESM-2 150M + 650M,4,0.45,0.90625,0.5,12,3,1,2
LAMP2,ESM-2 150M + 650M,5,0.0,0.84375,1.0,12,3,1,2
LAMP2,ESM-2 650M + ESM-1b 650M,1,0.76,0.875,1.0,12,3,1,2
LAMP2,ESM-2 650M + ESM-1b 650M,2,0.0,0.875,1.0,12,3,1,2
LAMP2,ESM-2 650M + ESM-1b 650M,3,0.76,0.875,1.0,12,3,1,2
LAMP2,ESM-2 650M + ESM-1b 650M,4,0.76,0.9375,1.0,12,3,1,2
LAMP2,ESM-2 650M + ESM-1b 650M,5,0.0,0.875,1.0,12,3,1,2
LAMP2,ESM-2 650M + CaLM,1,0.0,0.9375,0.0,12,3,1,2
LAMP2,ESM-2 650M + CaLM,2,0.25,0.8125,1.0,12,3,1,2
LAMP2,ESM-2 650M + CaLM,3,0.25,0.9375,0.5,12,3,1,2
LAMP2,ESM-2 650M + CaLM,4,0.25,0.8125,1.0,12,3,1,2
LAMP2,ESM-2 650M + CaLM,5,0.25,0.875,1.0,12,3,1,2
LAMP2,ESM-2 150M + CaLM,1,0.0,0.84375,1.0,12,3,1,2
LAMP2,ESM-2 150M + CaLM,2,0.0,0.84375,1.0,12,3,1,2
LAMP2,ESM-2 150M + CaLM,3,0.0,0.84375,1.0,12,3,1,2
LAMP2,ESM-2 150M + CaLM,4,0.0,0.875,0.5,12,3,1,2
LAMP2,ESM-2 150M + CaLM,5,0.0,0.8125,1.0,12,3,1,2
LAMP2,ESM-1b 650M + CaLM,1,0.16,0.875,1.0,12,3,1,2
LAMP2,ESM-1b 650M + CaLM,2,0.0,0.8125,1.0,12,3,1,2
LAMP2,ESM-1b 650M + CaLM,3,0.0,1.0,0.0,12,3,1,2
LAMP2,ESM-1b 650M + CaLM,4,0.0,0.90625,1.0,12,3,1,2
LAMP2,ESM-1b 650M + CaLM,5,0.0,0.8125,1.0,12,3,1,2
LARS2,ESM-2 150M + 650M,1,0.42,0.8333333333333334,0.8333333333333334,16,5,3,2
LARS2,ESM-2 150M + 650M,2,0.32,0.8939393939393939,0.25,17,4,2,2
LARS2,ESM-2 150M + 650M,3,0.32,0.8181818181818182,0.75,17,4,2,2
LARS2,ESM-2 150M + 650M,4,0.42,0.7857142857142857,1.0,17,4,3,1
LARS2,ESM-2 150M + 650M,5,0.42,0.7857142857142857,1.0,17,4,3,1
LARS2,ESM-2 650M + ESM-1b 650M,1,0.64,0.9,1.0,16,5,3,2
LARS2,ESM-2 650M + ESM-1b 650M,2,0.63,0.9090909090909092,1.0,17,4,2,2
LARS2,ESM-2 650M + ESM-1b 650M,3,0.64,1.0,0.5,17,4,2,2
LARS2,ESM-2 650M + ESM-1b 650M,4,0.64,0.9142857142857144,1.0,17,4,3,1
LARS2,ESM-2 650M + ESM-1b 650M,5,0.55,0.9285714285714286,1.0,17,4,3,1
LARS2,ESM-2 650M + CaLM,1,0.11,0.8666666666666667,0.6666666666666666,16,5,3,2
LARS2,ESM-2 650M + CaLM,2,0.11,0.803030303030303,1.0,17,4,2,2
LARS2,ESM-2 650M + CaLM,3,0.11,0.803030303030303,0.75,17,4,2,2
LARS2,ESM-2 650M + CaLM,4,0.54,0.7571428571428571,1.0,17,4,3,1
LARS2,ESM-2 650M + CaLM,5,0.11,0.8714285714285714,0.6666666666666666,17,4,3,1
LARS2,ESM-2 150M + CaLM,1,0.0,0.8,0.8333333333333334,16,5,3,2
LARS2,ESM-2 150M + CaLM,2,0.4,0.8181818181818182,0.5,17,4,2,2
LARS2,ESM-2 150M + CaLM,3,0.0,0.7727272727272727,1.0,17,4,2,2
LARS2,ESM-2 150M + CaLM,4,0.22,0.8142857142857143,0.6666666666666666,17,4,3,1
LARS2,ESM-2 150M + CaLM,5,0.0,0.7571428571428571,1.0,17,4,3,1
LARS2,ESM-1b 650M + CaLM,1,0.0,0.9833333333333332,0.8333333333333334,16,5,3,2
LARS2,ESM-1b 650M + CaLM,2,0.11,0.9090909090909092,1.0,17,4,2,2
LARS2,ESM-1b 650M + CaLM,3,0.0,0.9090909090909092,1.0,17,4,2,2
LARS2,ESM-1b 650M + CaLM,4,0.11,0.9428571428571428,1.0,17,4,3,1
LARS2,ESM-1b 650M + CaLM,5,0.11,0.9285714285714286,1.0,17,4,3,1
LBR,ESM-2 150M + 650M,1,0.0,1.0,1.0,9,3,1,2
LBR,ESM-2 150M + 650M,2,0.0,1.0,1.0,9,3,1,2
LBR,ESM-2 150M + 650M,3,0.0,1.0,1.0,10,2,1,1
LBR,ESM-2 150M + 650M,4,0.0,1.0,1.0,10,2,1,1
LBR,ESM-2 150M + 650M,5,0.0,1.0,1.0,10,2,1,1
LBR,ESM-2 650M + ESM-1b 650M,1,0.0,1.0,1.0,9,3,1,2
LBR,ESM-2 650M + ESM-1b 650M,2,0.0,1.0,1.0,9,3,1,2
LBR,ESM-2 650M + ESM-1b 650M,3,0.0,1.0,1.0,10,2,1,1
LBR,ESM-2 650M + ESM-1b 650M,4,0.0,1.0,1.0,10,2,1,1
LBR,ESM-2 650M + ESM-1b 650M,5,0.0,1.0,1.0,10,2,1,1
LBR,ESM-2 650M + CaLM,1,0.0,1.0,1.0,9,3,1,2
LBR,ESM-2 650M + CaLM,2,0.0,1.0,1.0,9,3,1,2
LBR,ESM-2 650M + CaLM,3,0.0,1.0,1.0,10,2,1,1
LBR,ESM-2 650M + CaLM,4,0.0,1.0,1.0,10,2,1,1
LBR,ESM-2 650M + CaLM,5,0.0,1.0,1.0,10,2,1,1
LBR,ESM-2 150M + CaLM,1,0.0,1.0,1.0,9,3,1,2
LBR,ESM-2 150M + CaLM,2,0.0,1.0,1.0,9,3,1,2
LBR,ESM-2 150M + CaLM,3,0.0,1.0,1.0,10,2,1,1
LBR,ESM-2 150M + CaLM,4,0.0,1.0,1.0,10,2,1,1
LBR,ESM-2 150M + CaLM,5,0.0,1.0,1.0,10,2,1,1
LBR,ESM-1b 650M + CaLM,1,0.0,1.0,1.0,9,3,1,2
LBR,ESM-1b 650M + CaLM,2,0.0,1.0,1.0,9,3,1,2
LBR,ESM-1b 650M + CaLM,3,0.0,1.0,1.0,10,2,1,1
LBR,ESM-1b 650M + CaLM,4,0.0,1.0,1.0,10,2,1,1
LBR,ESM-1b 650M + CaLM,5,0.0,1.0,1.0,10,2,1,1
LCAT,ESM-2 150M + 650M,1,0.14,1.0,1.0,15,4,2,2
LCAT,ESM-2 150M + 650M,2,0.15,1.0,1.0,15,4,2,2
LCAT,ESM-2 150M + 650M,3,0.15,1.0,1.0,15,4,2,2
LCAT,ESM-2 150M + 650M,4,0.0,1.0,0.6666666666666666,15,4,3,1
LCAT,ESM-2 150M + 650M,5,0.15,1.0,1.0,16,3,2,1
LCAT,ESM-2 650M + ESM-1b 650M,1,0.0,1.0,1.0,15,4,2,2
LCAT,ESM-2 650M + ESM-1b 650M,2,0.0,1.0,1.0,15,4,2,2
LCAT,ESM-2 650M + ESM-1b 650M,3,0.0,1.0,1.0,15,4,2,2
LCAT,ESM-2 650M + ESM-1b 650M,4,0.0,1.0,1.0,15,4,3,1
LCAT,ESM-2 650M + ESM-1b 650M,5,0.0,1.0,1.0,16,3,2,1
LCAT,ESM-2 650M + CaLM,1,0.0,1.0,1.0,15,4,2,2
LCAT,ESM-2 650M + CaLM,2,0.0,1.0,1.0,15,4,2,2
LCAT,ESM-2 650M + CaLM,3,0.0,1.0,1.0,15,4,2,2
LCAT,ESM-2 650M + CaLM,4,0.0,1.0,1.0,15,4,3,1
LCAT,ESM-2 650M + CaLM,5,0.0,1.0,1.0,16,3,2,1
LCAT,ESM-2 150M + CaLM,1,0.0,0.9629629629629628,1.0,15,4,2,2
LCAT,ESM-2 150M + CaLM,2,0.0,0.9629629629629628,1.0,15,4,2,2
LCAT,ESM-2 150M + CaLM,3,0.0,0.9444444444444444,1.0,15,4,2,2
LCAT,ESM-2 150M + CaLM,4,0.0,1.0,1.0,15,4,3,1
LCAT,ESM-2 150M + CaLM,5,0.0,0.9682539682539684,1.0,16,3,2,1
LCAT,ESM-1b 650M + CaLM,1,0.0,0.925925925925926,1.0,15,4,2,2
LCAT,ESM-1b 650M + CaLM,2,0.0,0.9444444444444444,1.0,15,4,2,2
LCAT,ESM-1b 650M + CaLM,3,0.0,0.9629629629629628,1.0,15,4,2,2
LCAT,ESM-1b 650M + CaLM,4,0.0,1.0,1.0,15,4,3,1
LCAT,ESM-1b 650M + CaLM,5,0.0,0.9523809523809524,1.0,16,3,2,1
LDLR,ESM-2 150M + 650M,1,0.92,0.9374376869391824,0.9812734082397004,388,98,89,9
LDLR,ESM-2 150M + 650M,2,0.93,0.9380281690140844,0.9835858585858586,389,97,88,9
LDLR,ESM-2 150M + 650M,3,0.92,0.9661143330571664,0.8699494949494949,389,97,88,9
LDLR,ESM-2 150M + 650M,4,0.92,0.9438256658595642,0.9536516853932584,389,97,89,8
LDLR,ESM-2 150M + 650M,5,1.0,0.9447134786117836,0.9606741573033708,389,97,89,8
LDLR,ESM-2 650M + ESM-1b 650M,1,0.31,0.9449152542372882,0.982521847690387,388,98,89,9
LDLR,ESM-2 650M + ESM-1b 650M,2,0.31,0.9693454846727424,0.8901515151515151,389,97,88,9
LDLR,ESM-2 650M + ESM-1b 650M,3,0.31,0.9454018227009112,0.981060606060606,389,97,88,9
LDLR,ESM-2 650M + ESM-1b 650M,4,0.25,0.9506860371267152,0.9620786516853932,389,97,89,8
LDLR,ESM-2 650M + ESM-1b 650M,5,0.58,0.9562550443906376,0.925561797752809,389,97,89,8
LDLR,ESM-2 650M + CaLM,1,0.42,0.9510634762379528,0.9263420724094882,388,98,89,9
LDLR,ESM-2 650M + CaLM,2,0.12,0.967522783761392,0.8636363636363636,389,97,88,9
LDLR,ESM-2 650M + CaLM,3,0.11,0.9403479701739852,0.970959595959596,389,97,88,9
LDLR,ESM-2 650M + CaLM,4,0.22,0.9410815173527038,0.970505617977528,389,97,89,8
LDLR,ESM-2 650M + CaLM,5,0.43,0.9393058918482649,0.976123595505618,389,97,89,8
LDLR,ESM-2 150M + CaLM,1,0.51,0.9277168494516452,0.9288389513108616,388,98,89,9
LDLR,ESM-2 150M + CaLM,2,0.36,0.927754763877382,0.9255050505050504,389,97,88,9
LDLR,ESM-2 150M + CaLM,3,0.14,0.9351284175642088,0.8914141414141414,389,97,88,9
LDLR,ESM-2 150M + CaLM,4,0.4,0.9221146085552864,0.9480337078651684,389,97,89,8
LDLR,ESM-2 150M + CaLM,5,0.25,0.9305084745762712,0.9311797752808988,389,97,89,8
LDLR,ESM-1b 650M + CaLM,1,0.41,0.9641076769690928,0.8813982521847691,388,98,89,9
LDLR,ESM-1b 650M + CaLM,2,0.55,0.9430820215410108,0.9633838383838385,389,97,88,9
LDLR,ESM-1b 650M + CaLM,3,0.56,0.9423363711681856,0.9659090909090908,389,97,88,9
LDLR,ESM-1b 650M + CaLM,4,0.44,0.9578692493946732,0.9101123595505618,389,97,89,8
LDLR,ESM-1b 650M + CaLM,5,0.44,0.9335754640839388,1.0,389,97,89,8
LHCGR,ESM-2 150M + 650M,1,0.0,1.0,1.0,13,4,3,1
LHCGR,ESM-2 150M + 650M,2,0.0,1.0,1.0,13,4,3,1
LHCGR,ESM-2 150M + 650M,3,0.0,1.0,1.0,14,3,2,1
LHCGR,ESM-2 150M + 650M,4,0.0,1.0,1.0,14,3,2,1
LHCGR,ESM-2 150M + 650M,5,0.0,1.0,1.0,14,3,2,1
LHCGR,ESM-2 650M + ESM-1b 650M,1,0.0,1.0,0.0,13,4,3,1
LHCGR,ESM-2 650M + ESM-1b 650M,2,0.61,0.9444444444444444,1.0,13,4,3,1
LHCGR,ESM-2 650M + ESM-1b 650M,3,0.43,0.875,1.0,14,3,2,1
LHCGR,ESM-2 650M + ESM-1b 650M,4,0.45,0.925,1.0,14,3,2,1
LHCGR,ESM-2 650M + ESM-1b 650M,5,0.45,0.875,1.0,14,3,2,1
LHCGR,ESM-2 650M + CaLM,1,0.67,1.0,1.0,13,4,3,1
LHCGR,ESM-2 650M + CaLM,2,0.67,1.0,1.0,13,4,3,1
LHCGR,ESM-2 650M + CaLM,3,0.61,1.0,1.0,14,3,2,1
LHCGR,ESM-2 650M + CaLM,4,0.67,1.0,1.0,14,3,2,1
LHCGR,ESM-2 650M + CaLM,5,0.0,1.0,1.0,14,3,2,1
LHCGR,ESM-2 150M + CaLM,1,0.0,1.0,1.0,13,4,3,1
LHCGR,ESM-2 150M + CaLM,2,0.0,1.0,1.0,13,4,3,1
LHCGR,ESM-2 150M + CaLM,3,0.0,1.0,1.0,14,3,2,1
LHCGR,ESM-2 150M + CaLM,4,0.0,1.0,1.0,14,3,2,1
LHCGR,ESM-2 150M + CaLM,5,0.0,1.0,1.0,14,3,2,1
LHCGR,ESM-1b 650M + CaLM,1,0.89,1.0,1.0,13,4,3,1
LHCGR,ESM-1b 650M + CaLM,2,0.66,1.0,1.0,13,4,3,1
LHCGR,ESM-1b 650M + CaLM,3,0.89,1.0,1.0,14,3,2,1
LHCGR,ESM-1b 650M + CaLM,4,0.59,1.0,1.0,14,3,2,1
LHCGR,ESM-1b 650M + CaLM,5,0.89,1.0,1.0,14,3,2,1
LIG4,ESM-2 150M + 650M,1,0.1,1.0,1.0,22,6,3,3
LIG4,ESM-2 150M + 650M,2,0.0,1.0,1.0,22,6,4,2
LIG4,ESM-2 150M + 650M,3,0.1,1.0,1.0,22,6,4,2
LIG4,ESM-2 150M + 650M,4,0.1,1.0,1.0,23,5,3,2
LIG4,ESM-2 150M + 650M,5,0.0,1.0,1.0,23,5,3,2
LIG4,ESM-2 650M + ESM-1b 650M,1,0.0,1.0,1.0,22,6,3,3
LIG4,ESM-2 650M + ESM-1b 650M,2,0.0,1.0,1.0,22,6,4,2
LIG4,ESM-2 650M + ESM-1b 650M,3,0.0,1.0,1.0,22,6,4,2
LIG4,ESM-2 650M + ESM-1b 650M,4,0.0,1.0,1.0,23,5,3,2
LIG4,ESM-2 650M + ESM-1b 650M,5,0.0,1.0,1.0,23,5,3,2
LIG4,ESM-2 650M + CaLM,1,0.0,1.0,1.0,22,6,3,3
LIG4,ESM-2 650M + CaLM,2,0.0,1.0,1.0,22,6,4,2
LIG4,ESM-2 650M + CaLM,3,0.0,1.0,1.0,22,6,4,2
LIG4,ESM-2 650M + CaLM,4,0.0,1.0,1.0,23,5,3,2
LIG4,ESM-2 650M + CaLM,5,0.0,1.0,1.0,23,5,3,2
LIG4,ESM-2 150M + CaLM,1,0.18,1.0,1.0,22,6,3,3
LIG4,ESM-2 150M + CaLM,2,0.18,1.0,1.0,22,6,4,2
LIG4,ESM-2 150M + CaLM,3,0.0,1.0,1.0,22,6,4,2
LIG4,ESM-2 150M + CaLM,4,0.0,1.0,1.0,23,5,3,2
LIG4,ESM-2 150M + CaLM,5,0.18,1.0,1.0,23,5,3,2
LIG4,ESM-1b 650M + CaLM,1,0.0,1.0,1.0,22,6,3,3
LIG4,ESM-1b 650M + CaLM,2,0.0,1.0,1.0,22,6,4,2
LIG4,ESM-1b 650M + CaLM,3,0.0,1.0,1.0,22,6,4,2
LIG4,ESM-1b 650M + CaLM,4,0.0,1.0,1.0,23,5,3,2
LIG4,ESM-1b 650M + CaLM,5,0.0,1.0,1.0,23,5,3,2
LITAF,ESM-2 150M + 650M,1,0.29,1.0,1.0,9,3,1,2
LITAF,ESM-2 150M + 650M,2,0.29,1.0,1.0,9,3,2,1
LITAF,ESM-2 150M + 650M,3,0.28,1.0,1.0,10,2,1,1
LITAF,ESM-2 150M + 650M,4,0.0,1.0,1.0,10,2,1,1
LITAF,ESM-2 150M + 650M,5,0.29,1.0,1.0,10,2,1,1
LITAF,ESM-2 650M + ESM-1b 650M,1,0.27,1.0,1.0,9,3,1,2
LITAF,ESM-2 650M + ESM-1b 650M,2,0.0,1.0,0.5,9,3,2,1
LITAF,ESM-2 650M + ESM-1b 650M,3,0.27,1.0,1.0,10,2,1,1
LITAF,ESM-2 650M + ESM-1b 650M,4,0.27,1.0,1.0,10,2,1,1
LITAF,ESM-2 650M + ESM-1b 650M,5,0.27,1.0,1.0,10,2,1,1
LITAF,ESM-2 650M + CaLM,1,0.37,1.0,1.0,9,3,1,2
LITAF,ESM-2 650M + CaLM,2,0.37,1.0,1.0,9,3,2,1
LITAF,ESM-2 650M + CaLM,3,0.15,1.0,1.0,10,2,1,1
LITAF,ESM-2 650M + CaLM,4,0.0,1.0,0.0,10,2,1,1
LITAF,ESM-2 650M + CaLM,5,0.37,1.0,1.0,10,2,1,1
LITAF,ESM-2 150M + CaLM,1,0.25,1.0,1.0,9,3,1,2
LITAF,ESM-2 150M + CaLM,2,0.25,0.95,1.0,9,3,2,1
LITAF,ESM-2 150M + CaLM,3,0.25,0.96,1.0,10,2,1,1
LITAF,ESM-2 150M + CaLM,4,0.0,1.0,1.0,10,2,1,1
LITAF,ESM-2 150M + CaLM,5,0.0,0.96,1.0,10,2,1,1
LITAF,ESM-1b 650M + CaLM,1,0.0,1.0,0.5,9,3,1,2
LITAF,ESM-1b 650M + CaLM,2,0.37,1.0,1.0,9,3,2,1
LITAF,ESM-1b 650M + CaLM,3,0.37,1.0,1.0,10,2,1,1
LITAF,ESM-1b 650M + CaLM,4,0.37,1.0,1.0,10,2,1,1
LITAF,ESM-1b 650M + CaLM,5,0.37,1.0,1.0,10,2,1,1
LMX1B,ESM-2 150M + 650M,1,0.28,1.0,1.0,24,6,5,1
LMX1B,ESM-2 150M + 650M,2,0.0,1.0,1.0,24,6,5,1
LMX1B,ESM-2 150M + 650M,3,0.28,1.0,1.0,24,6,5,1
LMX1B,ESM-2 150M + 650M,4,0.28,1.0,1.0,24,6,5,1
LMX1B,ESM-2 150M + 650M,5,0.02,1.0,1.0,24,6,5,1
LMX1B,ESM-2 650M + ESM-1b 650M,1,0.0,1.0,0.8,24,6,5,1
LMX1B,ESM-2 650M + ESM-1b 650M,2,0.19,1.0,1.0,24,6,5,1
LMX1B,ESM-2 650M + ESM-1b 650M,3,0.19,1.0,1.0,24,6,5,1
LMX1B,ESM-2 650M + ESM-1b 650M,4,0.19,1.0,1.0,24,6,5,1
LMX1B,ESM-2 650M + ESM-1b 650M,5,0.19,1.0,1.0,24,6,5,1
LMX1B,ESM-2 650M + CaLM,1,0.33,1.0,1.0,24,6,5,1
LMX1B,ESM-2 650M + CaLM,2,0.0,1.0,0.8,24,6,5,1
LMX1B,ESM-2 650M + CaLM,3,0.33,1.0,1.0,24,6,5,1
LMX1B,ESM-2 650M + CaLM,4,0.33,1.0,1.0,24,6,5,1
LMX1B,ESM-2 650M + CaLM,5,0.33,1.0,1.0,24,6,5,1
LMX1B,ESM-2 150M + CaLM,1,0.41,1.0,1.0,24,6,5,1
LMX1B,ESM-2 150M + CaLM,2,0.41,1.0,1.0,24,6,5,1
LMX1B,ESM-2 150M + CaLM,3,0.06,1.0,1.0,24,6,5,1
LMX1B,ESM-2 150M + CaLM,4,0.41,1.0,1.0,24,6,5,1
LMX1B,ESM-2 150M + CaLM,5,0.0,1.0,1.0,24,6,5,1
LMX1B,ESM-1b 650M + CaLM,1,0.5,1.0,1.0,24,6,5,1
LMX1B,ESM-1b 650M + CaLM,2,0.5,1.0,1.0,24,6,5,1
LMX1B,ESM-1b 650M + CaLM,3,0.07,1.0,0.8,24,6,5,1
LMX1B,ESM-1b 650M + CaLM,4,0.5,1.0,1.0,24,6,5,1
LMX1B,ESM-1b 650M + CaLM,5,0.37,1.0,1.0,24,6,5,1
LPAR6,ESM-2 150M + 650M,1,0.46,0.9,1.0,9,3,2,1
LPAR6,ESM-2 150M + 650M,2,0.08,0.9,1.0,9,3,2,1
LPAR6,ESM-2 150M + 650M,3,0.46,0.8333333333333334,1.0,10,2,1,1
LPAR6,ESM-2 150M + 650M,4,0.0,0.9583333333333334,0.0,10,2,1,1
LPAR6,ESM-2 150M + 650M,5,0.0,0.8333333333333334,1.0,10,2,1,1
LPAR6,ESM-2 650M + ESM-1b 650M,1,0.16,0.95,0.5,9,3,2,1
LPAR6,ESM-2 650M + ESM-1b 650M,2,0.16,0.8,1.0,9,3,2,1
LPAR6,ESM-2 650M + ESM-1b 650M,3,0.0,0.875,1.0,10,2,1,1
LPAR6,ESM-2 650M + ESM-1b 650M,4,0.0,0.8333333333333334,1.0,10,2,1,1
LPAR6,ESM-2 650M + ESM-1b 650M,5,0.16,0.8333333333333334,1.0,10,2,1,1
LPAR6,ESM-2 650M + CaLM,1,0.02,0.75,1.0,9,3,2,1
LPAR6,ESM-2 650M + CaLM,2,0.8,0.95,0.0,9,3,2,1
LPAR6,ESM-2 650M + CaLM,3,0.02,0.9583333333333334,0.0,10,2,1,1
LPAR6,ESM-2 650M + CaLM,4,0.0,0.875,0.0,10,2,1,1
LPAR6,ESM-2 650M + CaLM,5,0.02,0.7916666666666666,1.0,10,2,1,1
LPAR6,ESM-2 150M + CaLM,1,0.0,0.9,1.0,9,3,2,1
LPAR6,ESM-2 150M + CaLM,2,0.0,0.75,1.0,9,3,2,1
LPAR6,ESM-2 150M + CaLM,3,0.0,0.9166666666666666,1.0,10,2,1,1
LPAR6,ESM-2 150M + CaLM,4,0.0,0.9166666666666666,0.0,10,2,1,1
LPAR6,ESM-2 150M + CaLM,5,0.0,0.7916666666666666,1.0,10,2,1,1
LPAR6,ESM-1b 650M + CaLM,1,0.95,0.8,1.0,9,3,2,1
LPAR6,ESM-1b 650M + CaLM,2,0.0,0.85,0.0,9,3,2,1
LPAR6,ESM-1b 650M + CaLM,3,0.77,0.875,0.0,10,2,1,1
LPAR6,ESM-1b 650M + CaLM,4,0.77,0.7916666666666666,1.0,10,2,1,1
LPAR6,ESM-1b 650M + CaLM,5,0.77,0.7083333333333334,1.0,10,2,1,1
LSS,ESM-2 150M + 650M,1,0.0,0.9166666666666666,1.0,19,5,2,3
LSS,ESM-2 150M + 650M,2,0.92,0.9285714285714286,1.0,19,5,2,3
LSS,ESM-2 150M + 650M,3,0.92,0.9285714285714286,1.0,19,5,2,3
LSS,ESM-2 150M + 650M,4,0.0,1.0,0.6666666666666666,19,5,2,3
LSS,ESM-2 150M + 650M,5,0.92,0.9270833333333334,1.0,20,4,1,3
LSS,ESM-2 650M + ESM-1b 650M,1,0.0,0.9404761904761904,0.8333333333333334,19,5,2,3
LSS,ESM-2 650M + ESM-1b 650M,2,0.37,0.9523809523809524,1.0,19,5,2,3
LSS,ESM-2 650M + ESM-1b 650M,3,0.37,0.9404761904761904,1.0,19,5,2,3
LSS,ESM-2 650M + ESM-1b 650M,4,0.37,1.0,0.8333333333333334,19,5,2,3
LSS,ESM-2 650M + ESM-1b 650M,5,0.37,0.9479166666666666,1.0,20,4,1,3
LSS,ESM-2 650M + CaLM,1,0.8,0.9404761904761904,1.0,19,5,2,3
LSS,ESM-2 650M + CaLM,2,0.0,1.0,0.3333333333333333,19,5,2,3
LSS,ESM-2 650M + CaLM,3,0.42,0.9285714285714286,1.0,19,5,2,3
LSS,ESM-2 650M + CaLM,4,0.42,0.9166666666666666,1.0,19,5,2,3
LSS,ESM-2 650M + CaLM,5,0.42,0.9375,1.0,20,4,1,3
LSS,ESM-2 150M + CaLM,1,0.68,0.9285714285714286,1.0,19,5,2,3
LSS,ESM-2 150M + CaLM,2,0.97,0.9642857142857144,0.6666666666666666,19,5,2,3
LSS,ESM-2 150M + CaLM,3,0.0,1.0,0.6666666666666666,19,5,2,3
LSS,ESM-2 150M + CaLM,4,0.68,0.9285714285714286,1.0,19,5,2,3
LSS,ESM-2 150M + CaLM,5,0.0,0.9166666666666666,1.0,20,4,1,3
LSS,ESM-1b 650M + CaLM,1,0.9,0.9642857142857144,0.8333333333333334,19,5,2,3
LSS,ESM-1b 650M + CaLM,2,0.34,0.9285714285714286,1.0,19,5,2,3
LSS,ESM-1b 650M + CaLM,3,0.0,0.9404761904761904,1.0,19,5,2,3
LSS,ESM-1b 650M + CaLM,4,0.34,0.9404761904761904,1.0,19,5,2,3
LSS,ESM-1b 650M + CaLM,5,0.34,1.0,0.6666666666666666,20,4,1,3
LZTR1,ESM-2 150M + 650M,1,0.71,0.9814814814814816,1.0,24,7,5,2
LZTR1,ESM-2 150M + 650M,2,0.41,1.0,0.875,25,6,4,2
LZTR1,ESM-2 150M + 650M,3,0.71,0.9824561403508772,1.0,25,6,4,2
LZTR1,ESM-2 150M + 650M,4,0.71,0.9761904761904762,1.0,25,6,5,1
LZTR1,ESM-2 150M + 650M,5,0.71,0.9761904761904762,1.0,25,6,5,1
LZTR1,ESM-2 650M + ESM-1b 650M,1,0.18,0.9814814814814816,1.0,24,7,5,2
LZTR1,ESM-2 650M + ESM-1b 650M,2,0.18,0.9736842105263158,1.0,25,6,4,2
LZTR1,ESM-2 650M + ESM-1b 650M,3,0.0,1.0,0.875,25,6,4,2
LZTR1,ESM-2 650M + ESM-1b 650M,4,0.89,0.992063492063492,1.0,25,6,5,1
LZTR1,ESM-2 650M + ESM-1b 650M,5,0.18,0.984126984126984,1.0,25,6,5,1
LZTR1,ESM-2 650M + CaLM,1,0.0,0.9629629629629628,1.0,24,7,5,2
LZTR1,ESM-2 650M + CaLM,2,0.0,1.0,0.75,25,6,4,2
LZTR1,ESM-2 650M + CaLM,3,0.0,0.9736842105263158,1.0,25,6,4,2
LZTR1,ESM-2 650M + CaLM,4,0.0,0.9761904761904762,1.0,25,6,5,1
LZTR1,ESM-2 650M + CaLM,5,0.0,0.9682539682539684,1.0,25,6,5,1
LZTR1,ESM-2 150M + CaLM,1,0.41,0.8518518518518519,0.8,24,7,5,2
LZTR1,ESM-2 150M + CaLM,2,0.31,0.8508771929824561,0.75,25,6,4,2
LZTR1,ESM-2 150M + CaLM,3,0.06,0.8947368421052632,0.5,25,6,4,2
LZTR1,ESM-2 150M + CaLM,4,0.31,0.8174603174603174,1.0,25,6,5,1
LZTR1,ESM-2 150M + CaLM,5,0.31,0.8333333333333334,0.8,25,6,5,1
LZTR1,ESM-1b 650M + CaLM,1,0.0,1.0,1.0,24,7,5,2
LZTR1,ESM-1b 650M + CaLM,2,0.0,0.9736842105263158,1.0,25,6,4,2
LZTR1,ESM-1b 650M + CaLM,3,0.0,0.9736842105263158,1.0,25,6,4,2
LZTR1,ESM-1b 650M + CaLM,4,0.0,0.9761904761904762,1.0,25,6,5,1
LZTR1,ESM-1b 650M + CaLM,5,0.0,0.9761904761904762,1.0,25,6,5,1
MAF,ESM-2 150M + 650M,1,0.0,1.0,1.0,16,4,2,2
MAF,ESM-2 150M + 650M,2,0.0,1.0,1.0,16,4,3,1
MAF,ESM-2 150M + 650M,3,0.14,1.0,1.0,16,4,3,1
MAF,ESM-2 150M + 650M,4,0.14,1.0,1.0,16,4,3,1
MAF,ESM-2 150M + 650M,5,0.14,1.0,1.0,16,4,3,1
MAF,ESM-2 650M + ESM-1b 650M,1,0.0,1.0,1.0,16,4,2,2
MAF,ESM-2 650M + ESM-1b 650M,2,0.0,1.0,1.0,16,4,3,1
MAF,ESM-2 650M + ESM-1b 650M,3,0.0,1.0,1.0,16,4,3,1
MAF,ESM-2 650M + ESM-1b 650M,4,0.0,1.0,1.0,16,4,3,1
MAF,ESM-2 650M + ESM-1b 650M,5,0.0,1.0,1.0,16,4,3,1
MAF,ESM-2 650M + CaLM,1,0.0,1.0,1.0,16,4,2,2
MAF,ESM-2 650M + CaLM,2,0.0,1.0,1.0,16,4,3,1
MAF,ESM-2 650M + CaLM,3,0.0,1.0,1.0,16,4,3,1
MAF,ESM-2 650M + CaLM,4,0.0,1.0,1.0,16,4,3,1
MAF,ESM-2 650M + CaLM,5,0.0,1.0,1.0,16,4,3,1
MAF,ESM-2 150M + CaLM,1,0.0,0.9791666666666666,1.0,16,4,2,2
MAF,ESM-2 150M + CaLM,2,0.0,0.9818181818181818,1.0,16,4,3,1
MAF,ESM-2 150M + CaLM,3,0.0,1.0,0.6666666666666666,16,4,3,1
MAF,ESM-2 150M + CaLM,4,0.0,0.9818181818181818,1.0,16,4,3,1
MAF,ESM-2 150M + CaLM,5,0.0,0.9818181818181818,1.0,16,4,3,1
MAF,ESM-1b 650M + CaLM,1,0.23,1.0,1.0,16,4,2,2
MAF,ESM-1b 650M + CaLM,2,0.13,1.0,1.0,16,4,3,1
MAF,ESM-1b 650M + CaLM,3,0.0,1.0,0.6666666666666666,16,4,3,1
MAF,ESM-1b 650M + CaLM,4,0.23,1.0,1.0,16,4,3,1
MAF,ESM-1b 650M + CaLM,5,0.23,1.0,1.0,16,4,3,1
MAK,ESM-2 150M + 650M,1,0.0,1.0,1.0,10,3,1,2
MAK,ESM-2 150M + 650M,2,0.0,0.96,1.0,10,3,1,2
MAK,ESM-2 150M + 650M,3,0.0,1.0,1.0,10,3,2,1
MAK,ESM-2 150M + 650M,4,0.0,0.9666666666666668,1.0,11,2,1,1
MAK,ESM-2 150M + 650M,5,0.0,0.9666666666666668,1.0,11,2,1,1
MAK,ESM-2 650M + ESM-1b 650M,1,0.0,0.96,1.0,10,3,1,2
MAK,ESM-2 650M + ESM-1b 650M,2,0.0,0.96,1.0,10,3,1,2
MAK,ESM-2 650M + ESM-1b 650M,3,0.0,1.0,1.0,10,3,2,1
MAK,ESM-2 650M + ESM-1b 650M,4,0.0,1.0,1.0,11,2,1,1
MAK,ESM-2 650M + ESM-1b 650M,5,0.0,0.9666666666666668,1.0,11,2,1,1
MAK,ESM-2 650M + CaLM,1,0.5,1.0,1.0,10,3,1,2
MAK,ESM-2 650M + CaLM,2,0.5,1.0,1.0,10,3,1,2
MAK,ESM-2 650M + CaLM,3,0.5,1.0,1.0,10,3,2,1
MAK,ESM-2 650M + CaLM,4,0.5,1.0,1.0,11,2,1,1
MAK,ESM-2 650M + CaLM,5,0.0,1.0,0.0,11,2,1,1
MAK,ESM-2 150M + CaLM,1,0.0,1.0,0.5,10,3,1,2
MAK,ESM-2 150M + CaLM,2,0.67,1.0,1.0,10,3,1,2
MAK,ESM-2 150M + CaLM,3,0.67,1.0,1.0,10,3,2,1
MAK,ESM-2 150M + CaLM,4,0.67,1.0,1.0,11,2,1,1
MAK,ESM-2 150M + CaLM,5,0.67,1.0,1.0,11,2,1,1
MAK,ESM-1b 650M + CaLM,1,0.68,1.0,1.0,10,3,1,2
MAK,ESM-1b 650M + CaLM,2,0.0,1.0,0.5,10,3,1,2
MAK,ESM-1b 650M + CaLM,3,0.68,1.0,1.0,10,3,2,1
MAK,ESM-1b 650M + CaLM,4,0.68,1.0,1.0,11,2,1,1
MAK,ESM-1b 650M + CaLM,5,0.68,1.0,1.0,11,2,1,1
MAN1B1,ESM-2 150M + 650M,1,0.0,1.0,1.0,11,3,1,2
MAN1B1,ESM-2 150M + 650M,2,0.0,1.0,1.0,11,3,1,2
MAN1B1,ESM-2 150M + 650M,3,0.0,1.0,1.0,11,3,1,2
MAN1B1,ESM-2 150M + 650M,4,0.0,1.0,1.0,11,3,1,2
MAN1B1,ESM-2 150M + 650M,5,0.0,1.0,1.0,12,2,1,1
MAN1B1,ESM-2 650M + ESM-1b 650M,1,0.0,1.0,1.0,11,3,1,2
MAN1B1,ESM-2 650M + ESM-1b 650M,2,0.0,1.0,1.0,11,3,1,2
MAN1B1,ESM-2 650M + ESM-1b 650M,3,0.0,1.0,1.0,11,3,1,2
MAN1B1,ESM-2 650M + ESM-1b 650M,4,0.0,1.0,1.0,11,3,1,2
MAN1B1,ESM-2 650M + ESM-1b 650M,5,0.0,1.0,1.0,12,2,1,1
MAN1B1,ESM-2 650M + CaLM,1,0.0,1.0,1.0,11,3,1,2
MAN1B1,ESM-2 650M + CaLM,2,0.0,1.0,1.0,11,3,1,2
MAN1B1,ESM-2 650M + CaLM,3,0.0,1.0,1.0,11,3,1,2
MAN1B1,ESM-2 650M + CaLM,4,0.0,1.0,1.0,11,3,1,2
MAN1B1,ESM-2 650M + CaLM,5,0.0,1.0,1.0,12,2,1,1
MAN1B1,ESM-2 150M + CaLM,1,0.0,1.0,1.0,11,3,1,2
MAN1B1,ESM-2 150M + CaLM,2,0.0,1.0,1.0,11,3,1,2
MAN1B1,ESM-2 150M + CaLM,3,0.0,1.0,1.0,11,3,1,2
MAN1B1,ESM-2 150M + CaLM,4,0.0,1.0,1.0,11,3,1,2
MAN1B1,ESM-2 150M + CaLM,5,0.0,1.0,1.0,12,2,1,1
MAN1B1,ESM-1b 650M + CaLM,1,0.0,1.0,1.0,11,3,1,2
MAN1B1,ESM-1b 650M + CaLM,2,0.0,1.0,1.0,11,3,1,2
MAN1B1,ESM-1b 650M + CaLM,3,0.0,1.0,1.0,11,3,1,2
MAN1B1,ESM-1b 650M + CaLM,4,0.0,1.0,1.0,11,3,1,2
MAN1B1,ESM-1b 650M + CaLM,5,0.0,1.0,1.0,12,2,1,1
MAN2B1,ESM-2 150M + 650M,1,0.54,0.9857142857142858,1.0,24,6,2,4
MAN2B1,ESM-2 150M + 650M,2,0.61,0.9714285714285714,1.0,24,6,2,4
MAN2B1,ESM-2 150M + 650M,3,0.61,0.9857142857142858,1.0,24,6,2,4
MAN2B1,ESM-2 150M + 650M,4,0.54,0.9851851851851852,1.0,24,6,3,3
MAN2B1,ESM-2 150M + 650M,5,0.61,0.9851851851851852,1.0,24,6,3,3
MAN2B1,ESM-2 650M + ESM-1b 650M,1,0.0,0.9714285714285714,1.0,24,6,2,4
MAN2B1,ESM-2 650M + ESM-1b 650M,2,0.0,0.9857142857142858,1.0,24,6,2,4
MAN2B1,ESM-2 650M + ESM-1b 650M,3,0.0,0.9928571428571428,0.875,24,6,2,4
MAN2B1,ESM-2 650M + ESM-1b 650M,4,0.0,0.9851851851851852,1.0,24,6,3,3
MAN2B1,ESM-2 650M + ESM-1b 650M,5,0.0,0.9703703703703704,1.0,24,6,3,3
MAN2B1,ESM-2 650M + CaLM,1,0.0,0.9857142857142858,1.0,24,6,2,4
MAN2B1,ESM-2 650M + CaLM,2,0.0,0.9857142857142858,1.0,24,6,2,4
MAN2B1,ESM-2 650M + CaLM,3,0.0,0.9857142857142858,1.0,24,6,2,4
MAN2B1,ESM-2 650M + CaLM,4,0.0,0.9851851851851852,1.0,24,6,3,3
MAN2B1,ESM-2 650M + CaLM,5,0.0,0.9703703703703704,1.0,24,6,3,3
MAN2B1,ESM-2 150M + CaLM,1,0.0,0.9285714285714286,1.0,24,6,2,4
MAN2B1,ESM-2 150M + CaLM,2,0.0,0.9285714285714286,1.0,24,6,2,4
MAN2B1,ESM-2 150M + CaLM,3,0.0,0.95,0.875,24,6,2,4
MAN2B1,ESM-2 150M + CaLM,4,0.0,0.9703703703703704,0.7777777777777778,24,6,3,3
MAN2B1,ESM-2 150M + CaLM,5,0.0,0.8962962962962963,1.0,24,6,3,3
MAN2B1,ESM-1b 650M + CaLM,1,0.0,0.9214285714285714,1.0,24,6,2,4
MAN2B1,ESM-1b 650M + CaLM,2,0.19,0.95,0.875,24,6,2,4
MAN2B1,ESM-1b 650M + CaLM,3,0.08,0.9642857142857144,1.0,24,6,2,4
MAN2B1,ESM-1b 650M + CaLM,4,0.0,0.9555555555555556,0.8888888888888888,24,6,3,3
MAN2B1,ESM-1b 650M + CaLM,5,0.19,0.9333333333333332,1.0,24,6,3,3
MAP2K2,ESM-2 150M + 650M,1,0.95,0.65625,0.8888888888888888,20,6,3,3
MAP2K2,ESM-2 150M + 650M,2,0.95,0.6851851851851852,0.5,21,5,3,2
MAP2K2,ESM-2 150M + 650M,3,0.72,0.6666666666666666,0.6666666666666666,21,5,3,2
MAP2K2,ESM-2 150M + 650M,4,0.72,0.6296296296296297,0.8333333333333334,21,5,3,2
MAP2K2,ESM-2 150M + 650M,5,0.56,0.7037037037037037,0.6666666666666666,21,5,3,2
MAP2K2,ESM-2 650M + ESM-1b 650M,1,0.98,0.8333333333333334,1.0,20,6,3,3
MAP2K2,ESM-2 650M + ESM-1b 650M,2,0.99,0.8703703703703703,1.0,21,5,3,2
MAP2K2,ESM-2 650M + ESM-1b 650M,3,0.99,0.8703703703703703,1.0,21,5,3,2
MAP2K2,ESM-2 650M + ESM-1b 650M,4,0.99,0.9351851851851852,0.5,21,5,3,2
MAP2K2,ESM-2 650M + ESM-1b 650M,5,0.94,0.925925925925926,0.6666666666666666,21,5,3,2
MAP2K2,ESM-2 650M + CaLM,1,0.0,0.8020833333333334,0.4444444444444444,20,6,3,3
MAP2K2,ESM-2 650M + CaLM,2,0.24,0.7222222222222222,0.1666666666666666,21,5,3,2
MAP2K2,ESM-2 650M + CaLM,3,0.0,0.6018518518518519,1.0,21,5,3,2
MAP2K2,ESM-2 650M + CaLM,4,0.0,0.6018518518518519,1.0,21,5,3,2
MAP2K2,ESM-2 650M + CaLM,5,0.0,0.6203703703703703,1.0,21,5,3,2
MAP2K2,ESM-2 150M + CaLM,1,0.02,0.6458333333333334,0.4444444444444444,20,6,3,3
MAP2K2,ESM-2 150M + CaLM,2,0.11,0.6018518518518519,0.8333333333333334,21,5,3,2
MAP2K2,ESM-2 150M + CaLM,3,0.32,0.6203703703703703,0.6666666666666666,21,5,3,2
MAP2K2,ESM-2 150M + CaLM,4,0.11,0.7129629629629629,0.3333333333333333,21,5,3,2
MAP2K2,ESM-2 150M + CaLM,5,0.73,0.6481481481481481,0.5,21,5,3,2
MAP2K2,ESM-1b 650M + CaLM,1,0.0,0.90625,0.8888888888888888,20,6,3,3
MAP2K2,ESM-1b 650M + CaLM,2,0.0,0.8981481481481481,1.0,21,5,3,2
MAP2K2,ESM-1b 650M + CaLM,3,0.0,0.8888888888888888,0.8333333333333334,21,5,3,2
MAP2K2,ESM-1b 650M + CaLM,4,0.0,0.8333333333333334,1.0,21,5,3,2
MAP2K2,ESM-1b 650M + CaLM,5,0.0,0.925925925925926,0.6666666666666666,21,5,3,2
MAP3K7,ESM-2 150M + 650M,1,0.11,0.9333333333333332,0.8333333333333334,16,5,3,2
MAP3K7,ESM-2 150M + 650M,2,0.35,0.9242424242424242,1.0,17,4,2,2
MAP3K7,ESM-2 150M + 650M,3,0.37,0.9393939393939394,1.0,17,4,2,2
MAP3K7,ESM-2 150M + 650M,4,0.37,1.0,1.0,17,4,3,1
MAP3K7,ESM-2 150M + 650M,5,0.37,0.9285714285714286,1.0,17,4,3,1
MAP3K7,ESM-2 650M + ESM-1b 650M,1,0.0,0.9333333333333332,1.0,16,5,3,2
MAP3K7,ESM-2 650M + ESM-1b 650M,2,0.04,0.9545454545454546,1.0,17,4,2,2
MAP3K7,ESM-2 650M + ESM-1b 650M,3,0.0,1.0,0.75,17,4,2,2
MAP3K7,ESM-2 650M + ESM-1b 650M,4,0.04,0.9571428571428572,1.0,17,4,3,1
MAP3K7,ESM-2 650M + ESM-1b 650M,5,0.04,0.9571428571428572,1.0,17,4,3,1
MAP3K7,ESM-2 650M + CaLM,1,0.0,0.9166666666666666,1.0,16,5,3,2
MAP3K7,ESM-2 650M + CaLM,2,0.0,0.9393939393939394,1.0,17,4,2,2
MAP3K7,ESM-2 650M + CaLM,3,0.0,0.9393939393939394,1.0,17,4,2,2
MAP3K7,ESM-2 650M + CaLM,4,0.0,0.9285714285714286,1.0,17,4,3,1
MAP3K7,ESM-2 650M + CaLM,5,0.0,1.0,1.0,17,4,3,1
MAP3K7,ESM-2 150M + CaLM,1,0.93,0.9833333333333332,0.6666666666666666,16,5,3,2
MAP3K7,ESM-2 150M + CaLM,2,0.0,0.9242424242424242,0.75,17,4,2,2
MAP3K7,ESM-2 150M + CaLM,3,0.93,0.9090909090909092,1.0,17,4,2,2
MAP3K7,ESM-2 150M + CaLM,4,0.93,0.8857142857142857,1.0,17,4,3,1
MAP3K7,ESM-2 150M + CaLM,5,0.93,0.8857142857142857,1.0,17,4,3,1
MAP3K7,ESM-1b 650M + CaLM,1,0.68,0.9833333333333332,1.0,16,5,3,2
MAP3K7,ESM-1b 650M + CaLM,2,0.49,0.9242424242424242,1.0,17,4,2,2
MAP3K7,ESM-1b 650M + CaLM,3,0.0,0.9696969696969696,0.75,17,4,2,2
MAP3K7,ESM-1b 650M + CaLM,4,0.49,0.9571428571428572,1.0,17,4,3,1
MAP3K7,ESM-1b 650M + CaLM,5,0.0,0.9428571428571428,1.0,17,4,3,1
MAPT,ESM-2 150M + 650M,1,0.0,0.8277777777777777,1.0,28,8,3,5
MAPT,ESM-2 150M + 650M,2,0.0,0.914141414141414,0.7,29,7,2,5
MAPT,ESM-2 150M + 650M,3,0.0,0.8535353535353535,1.0,29,7,2,5
MAPT,ESM-2 150M + 650M,4,0.0,0.868421052631579,0.8333333333333334,29,7,3,4
MAPT,ESM-2 150M + 650M,5,0.98,0.9052631578947368,0.75,29,7,3,4
MAPT,ESM-2 650M + ESM-1b 650M,1,0.88,1.0,1.0,28,8,3,5
MAPT,ESM-2 650M + ESM-1b 650M,2,0.92,1.0,1.0,29,7,2,5
MAPT,ESM-2 650M + ESM-1b 650M,3,0.92,1.0,1.0,29,7,2,5
MAPT,ESM-2 650M + ESM-1b 650M,4,0.34,1.0,0.9166666666666666,29,7,3,4
MAPT,ESM-2 650M + ESM-1b 650M,5,0.92,1.0,1.0,29,7,3,4
MAPT,ESM-2 650M + CaLM,1,0.32,0.8944444444444445,0.8,28,8,3,5
MAPT,ESM-2 650M + CaLM,2,0.8300000000000001,0.8737373737373737,1.0,29,7,2,5
MAPT,ESM-2 650M + CaLM,3,0.21,0.8838383838383839,0.9,29,7,2,5
MAPT,ESM-2 650M + CaLM,4,0.9,0.9263157894736842,0.8333333333333334,29,7,3,4
MAPT,ESM-2 650M + CaLM,5,0.9,0.9,0.9166666666666666,29,7,3,4
MAPT,ESM-2 150M + CaLM,1,0.86,0.9444444444444444,0.7333333333333333,28,8,3,5
MAPT,ESM-2 150M + CaLM,2,0.44,0.9242424242424242,0.9,29,7,2,5
MAPT,ESM-2 150M + CaLM,3,0.44,0.8939393939393939,1.0,29,7,2,5
MAPT,ESM-2 150M + CaLM,4,0.0,0.9473684210526316,0.5,29,7,3,4
MAPT,ESM-2 150M + CaLM,5,0.44,0.8736842105263158,1.0,29,7,3,4
MAPT,ESM-1b 650M + CaLM,1,0.0,1.0,1.0,28,8,3,5
MAPT,ESM-1b 650M + CaLM,2,0.0,1.0,1.0,29,7,2,5
MAPT,ESM-1b 650M + CaLM,3,0.0,1.0,1.0,29,7,2,5
MAPT,ESM-1b 650M + CaLM,4,0.0,1.0,1.0,29,7,3,4
MAPT,ESM-1b 650M + CaLM,5,0.0,1.0,1.0,29,7,3,4
MBTPS2,ESM-2 150M + 650M,1,0.0,1.0,1.0,8,3,1,2
MBTPS2,ESM-2 150M + 650M,2,0.0,1.0,1.0,9,2,1,1
MBTPS2,ESM-2 150M + 650M,3,0.0,1.0,1.0,9,2,1,1
MBTPS2,ESM-2 150M + 650M,4,0.0,1.0,1.0,9,2,1,1
MBTPS2,ESM-2 150M + 650M,5,0.0,1.0,1.0,9,2,1,1
MBTPS2,ESM-2 650M + ESM-1b 650M,1,0.0,1.0,1.0,8,3,1,2
MBTPS2,ESM-2 650M + ESM-1b 650M,2,0.0,1.0,1.0,9,2,1,1
MBTPS2,ESM-2 650M + ESM-1b 650M,3,0.0,1.0,1.0,9,2,1,1
MBTPS2,ESM-2 650M + ESM-1b 650M,4,0.0,1.0,1.0,9,2,1,1
MBTPS2,ESM-2 650M + ESM-1b 650M,5,0.0,1.0,1.0,9,2,1,1
MBTPS2,ESM-2 650M + CaLM,1,0.0,1.0,1.0,8,3,1,2
MBTPS2,ESM-2 650M + CaLM,2,0.0,1.0,1.0,9,2,1,1
MBTPS2,ESM-2 650M + CaLM,3,0.0,1.0,1.0,9,2,1,1
MBTPS2,ESM-2 650M + CaLM,4,0.0,1.0,1.0,9,2,1,1
MBTPS2,ESM-2 650M + CaLM,5,0.0,1.0,1.0,9,2,1,1
MBTPS2,ESM-2 150M + CaLM,1,0.0,1.0,1.0,8,3,1,2
MBTPS2,ESM-2 150M + CaLM,2,0.0,1.0,1.0,9,2,1,1
MBTPS2,ESM-2 150M + CaLM,3,0.0,1.0,1.0,9,2,1,1
MBTPS2,ESM-2 150M + CaLM,4,0.0,1.0,1.0,9,2,1,1
MBTPS2,ESM-2 150M + CaLM,5,0.0,1.0,1.0,9,2,1,1
MBTPS2,ESM-1b 650M + CaLM,1,0.0,1.0,1.0,8,3,1,2
MBTPS2,ESM-1b 650M + CaLM,2,0.0,1.0,1.0,9,2,1,1
MBTPS2,ESM-1b 650M + CaLM,3,0.0,1.0,1.0,9,2,1,1
MBTPS2,ESM-1b 650M + CaLM,4,0.0,1.0,1.0,9,2,1,1
MBTPS2,ESM-1b 650M + CaLM,5,0.0,1.0,1.0,9,2,1,1
MCCC1,ESM-2 150M + 650M,1,0.0,1.0,1.0,18,5,3,2
MCCC1,ESM-2 150M + 650M,2,0.0,1.0,1.0,18,5,3,2
MCCC1,ESM-2 150M + 650M,3,0.0,1.0,1.0,18,5,3,2
MCCC1,ESM-2 150M + 650M,4,0.0,1.0,1.0,19,4,2,2
MCCC1,ESM-2 150M + 650M,5,0.0,1.0,1.0,19,4,2,2
MCCC1,ESM-2 650M + ESM-1b 650M,1,0.0,1.0,1.0,18,5,3,2
MCCC1,ESM-2 650M + ESM-1b 650M,2,0.0,1.0,1.0,18,5,3,2
MCCC1,ESM-2 650M + ESM-1b 650M,3,0.0,1.0,1.0,18,5,3,2
MCCC1,ESM-2 650M + ESM-1b 650M,4,0.0,1.0,1.0,19,4,2,2
MCCC1,ESM-2 650M + ESM-1b 650M,5,0.0,1.0,1.0,19,4,2,2
MCCC1,ESM-2 650M + CaLM,1,0.0,1.0,1.0,18,5,3,2
MCCC1,ESM-2 650M + CaLM,2,0.0,1.0,1.0,18,5,3,2
MCCC1,ESM-2 650M + CaLM,3,0.0,1.0,1.0,18,5,3,2
MCCC1,ESM-2 650M + CaLM,4,0.0,1.0,1.0,19,4,2,2
MCCC1,ESM-2 650M + CaLM,5,0.0,1.0,1.0,19,4,2,2
MCCC1,ESM-2 150M + CaLM,1,0.0,1.0,1.0,18,5,3,2
MCCC1,ESM-2 150M + CaLM,2,0.0,1.0,1.0,18,5,3,2
MCCC1,ESM-2 150M + CaLM,3,0.0,1.0,1.0,18,5,3,2
MCCC1,ESM-2 150M + CaLM,4,0.0,1.0,1.0,19,4,2,2
MCCC1,ESM-2 150M + CaLM,5,0.0,1.0,1.0,19,4,2,2
MCCC1,ESM-1b 650M + CaLM,1,0.13,0.95,1.0,18,5,3,2
MCCC1,ESM-1b 650M + CaLM,2,0.0,0.9125,1.0,18,5,3,2
MCCC1,ESM-1b 650M + CaLM,3,0.0,0.9375,1.0,18,5,3,2
MCCC1,ESM-1b 650M + CaLM,4,0.0,0.9886363636363636,0.75,19,4,2,2
MCCC1,ESM-1b 650M + CaLM,5,0.0,0.9545454545454546,1.0,19,4,2,2
MECP2,ESM-2 150M + 650M,1,0.7000000000000001,0.9138221153846152,0.9555555555555556,184,47,20,27
MECP2,ESM-2 150M + 650M,2,0.61,0.9289285714285714,0.8903846153846153,185,46,20,26
MECP2,ESM-2 150M + 650M,3,0.6900000000000001,0.9332142857142856,0.8884615384615384,185,46,20,26
MECP2,ESM-2 150M + 650M,4,0.8300000000000001,0.9138095238095238,0.9346153846153846,185,46,20,26
MECP2,ESM-2 150M + 650M,5,0.6900000000000001,0.9197619047619048,0.921153846153846,185,46,20,26
MECP2,ESM-2 650M + ESM-1b 650M,1,0.56,0.9258413461538462,0.9296296296296296,184,47,20,27
MECP2,ESM-2 650M + ESM-1b 650M,2,0.43,0.9371428571428572,0.8980769230769231,185,46,20,26
MECP2,ESM-2 650M + ESM-1b 650M,3,0.58,0.9152380952380952,0.9769230769230768,185,46,20,26
MECP2,ESM-2 650M + ESM-1b 650M,4,0.44,0.9376190476190476,0.8826923076923077,185,46,20,26
MECP2,ESM-2 650M + ESM-1b 650M,5,0.44,0.9286904761904762,0.928846153846154,185,46,20,26
MECP2,ESM-2 650M + CaLM,1,0.0,0.9175480769230768,0.9037037037037036,184,47,20,27
MECP2,ESM-2 650M + CaLM,2,0.13,0.8997619047619048,0.975,185,46,20,26
MECP2,ESM-2 650M + CaLM,3,0.18,0.9176190476190476,0.8884615384615384,185,46,20,26
MECP2,ESM-2 650M + CaLM,4,0.14,0.9285714285714286,0.8576923076923076,185,46,20,26
MECP2,ESM-2 650M + CaLM,5,0.06,0.9088095238095238,0.928846153846154,185,46,20,26
MECP2,ESM-2 150M + CaLM,1,0.02,0.8550480769230769,0.8592592592592593,184,47,20,27
MECP2,ESM-2 150M + CaLM,2,0.03,0.8430952380952381,0.9115384615384616,185,46,20,26
MECP2,ESM-2 150M + CaLM,3,0.02,0.8658333333333333,0.823076923076923,185,46,20,26
MECP2,ESM-2 150M + CaLM,4,0.03,0.8477380952380953,0.875,185,46,20,26
MECP2,ESM-2 150M + CaLM,5,0.02,0.8676190476190476,0.8076923076923077,185,46,20,26
MECP2,ESM-1b 650M + CaLM,1,0.28,0.9104567307692308,0.9851851851851852,184,47,20,27
MECP2,ESM-1b 650M + CaLM,2,0.28,0.939047619047619,0.8673076923076923,185,46,20,26
MECP2,ESM-1b 650M + CaLM,3,0.04,0.9276190476190476,0.9192307692307692,185,46,20,26
MECP2,ESM-1b 650M + CaLM,4,0.07,0.9308333333333332,0.8942307692307693,185,46,20,26
MECP2,ESM-1b 650M + CaLM,5,0.28,0.9179761904761904,0.9442307692307692,185,46,20,26
MEF2C,ESM-2 150M + 650M,1,0.84,0.80859375,0.75,32,9,4,5
MEF2C,ESM-2 150M + 650M,2,0.75,0.75,0.9375,33,8,4,4
MEF2C,ESM-2 150M + 650M,3,0.46,0.7757352941176471,0.6875,33,8,4,4
MEF2C,ESM-2 150M + 650M,4,0.88,0.8198529411764706,0.6875,33,8,4,4
MEF2C,ESM-2 150M + 650M,5,0.75,0.8051470588235294,1.0,33,8,4,4
MEF2C,ESM-2 650M + ESM-1b 650M,1,0.65,0.9609375,0.5,32,9,4,5
MEF2C,ESM-2 650M + ESM-1b 650M,2,0.65,0.8455882352941176,1.0,33,8,4,4
MEF2C,ESM-2 650M + ESM-1b 650M,3,0.25,0.8639705882352942,0.8125,33,8,4,4
MEF2C,ESM-2 650M + ESM-1b 650M,4,0.3,0.8419117647058824,1.0,33,8,4,4
MEF2C,ESM-2 650M + ESM-1b 650M,5,0.56,0.8823529411764706,0.875,33,8,4,4
MEF2C,ESM-2 650M + CaLM,1,0.97,0.90625,0.9,32,9,4,5
MEF2C,ESM-2 650M + CaLM,2,0.97,0.8860294117647058,0.9375,33,8,4,4
MEF2C,ESM-2 650M + CaLM,3,0.96,0.8897058823529411,0.875,33,8,4,4
MEF2C,ESM-2 650M + CaLM,4,0.96,0.9227941176470588,0.8125,33,8,4,4
MEF2C,ESM-2 650M + CaLM,5,0.97,0.8529411764705882,1.0,33,8,4,4
MEF2C,ESM-2 150M + CaLM,1,0.92,0.921875,0.75,32,9,4,5
MEF2C,ESM-2 150M + CaLM,2,0.66,0.8786764705882353,1.0,33,8,4,4
MEF2C,ESM-2 150M + CaLM,3,0.66,0.8529411764705882,1.0,33,8,4,4
MEF2C,ESM-2 150M + CaLM,4,0.94,0.9191176470588236,0.8125,33,8,4,4
MEF2C,ESM-2 150M + CaLM,5,0.66,0.9007352941176472,0.875,33,8,4,4
MEF2C,ESM-1b 650M + CaLM,1,0.99,0.86328125,1.0,32,9,4,5
MEF2C,ESM-1b 650M + CaLM,2,0.99,0.8933823529411765,0.8125,33,8,4,4
MEF2C,ESM-1b 650M + CaLM,3,0.97,0.9080882352941176,0.8125,33,8,4,4
MEF2C,ESM-1b 650M + CaLM,4,0.98,0.8786764705882353,1.0,33,8,4,4
MEF2C,ESM-1b 650M + CaLM,5,0.97,0.9375,0.625,33,8,4,4
MEN1,ESM-2 150M + 650M,1,0.87,0.9802631578947368,0.9736842105263158,80,21,19,2
MEN1,ESM-2 150M + 650M,2,0.87,0.9605263157894736,1.0,81,20,19,1
MEN1,ESM-2 150M + 650M,3,0.5,0.9815789473684212,0.8947368421052632,81,20,19,1
MEN1,ESM-2 150M + 650M,4,0.71,0.968421052631579,1.0,81,20,19,1
MEN1,ESM-2 150M + 650M,5,0.71,0.9789473684210528,0.9473684210526316,81,20,19,1
MEN1,ESM-2 650M + ESM-1b 650M,1,0.74,0.9703947368421052,0.9736842105263158,80,21,19,2
MEN1,ESM-2 650M + ESM-1b 650M,2,0.74,0.968421052631579,1.0,81,20,19,1
MEN1,ESM-2 650M + ESM-1b 650M,3,0.0,0.9842105263157894,0.8947368421052632,81,20,19,1
MEN1,ESM-2 650M + ESM-1b 650M,4,0.0,0.9789473684210528,0.9473684210526316,81,20,19,1
MEN1,ESM-2 650M + ESM-1b 650M,5,0.0,0.968421052631579,1.0,81,20,19,1
MEN1,ESM-2 650M + CaLM,1,0.43,0.9901315789473684,0.8947368421052632,80,21,19,2
MEN1,ESM-2 650M + CaLM,2,0.0,0.986842105263158,0.8947368421052632,81,20,19,1
MEN1,ESM-2 650M + CaLM,3,0.0,0.963157894736842,1.0,81,20,19,1
MEN1,ESM-2 650M + CaLM,4,0.0,0.9578947368421052,1.0,81,20,19,1
MEN1,ESM-2 650M + CaLM,5,0.01,0.968421052631579,1.0,81,20,19,1
MEN1,ESM-2 150M + CaLM,1,0.0,0.680921052631579,0.868421052631579,80,21,19,2
MEN1,ESM-2 150M + CaLM,2,0.0,0.7921052631578948,0.5263157894736842,81,20,19,1
MEN1,ESM-2 150M + CaLM,3,0.0,0.6842105263157895,1.0,81,20,19,1
MEN1,ESM-2 150M + CaLM,4,0.0,0.7552631578947369,0.5263157894736842,81,20,19,1
MEN1,ESM-2 150M + CaLM,5,0.0,0.7342105263157894,0.7368421052631579,81,20,19,1
MEN1,ESM-1b 650M + CaLM,1,0.0,0.9736842105263158,0.9473684210526316,80,21,19,2
MEN1,ESM-1b 650M + CaLM,2,0.04,0.963157894736842,1.0,81,20,19,1
MEN1,ESM-1b 650M + CaLM,3,0.0,0.9789473684210528,1.0,81,20,19,1
MEN1,ESM-1b 650M + CaLM,4,0.0,0.9578947368421052,1.0,81,20,19,1
MEN1,ESM-1b 650M + CaLM,5,0.04,0.963157894736842,1.0,81,20,19,1
MERTK,ESM-2 150M + 650M,1,0.0,0.98,1.0,20,5,2,3
MERTK,ESM-2 150M + 650M,2,0.0,0.98,1.0,20,5,2,3
MERTK,ESM-2 150M + 650M,3,0.0,0.98,1.0,20,5,2,3
MERTK,ESM-2 150M + 650M,4,0.0,1.0,1.0,20,5,3,2
MERTK,ESM-2 150M + 650M,5,0.0,1.0,1.0,20,5,3,2
MERTK,ESM-2 650M + ESM-1b 650M,1,0.35,1.0,1.0,20,5,2,3
MERTK,ESM-2 650M + ESM-1b 650M,2,0.0,1.0,0.6666666666666666,20,5,2,3
MERTK,ESM-2 650M + ESM-1b 650M,3,0.6900000000000001,1.0,1.0,20,5,2,3
MERTK,ESM-2 650M + ESM-1b 650M,4,0.6900000000000001,1.0,1.0,20,5,3,2
MERTK,ESM-2 650M + ESM-1b 650M,5,0.6900000000000001,1.0,1.0,20,5,3,2
MERTK,ESM-2 650M + CaLM,1,0.0,1.0,0.6666666666666666,20,5,2,3
MERTK,ESM-2 650M + CaLM,2,0.75,0.99,1.0,20,5,2,3
MERTK,ESM-2 650M + CaLM,3,0.75,0.99,1.0,20,5,2,3
MERTK,ESM-2 650M + CaLM,4,0.75,1.0,1.0,20,5,3,2
MERTK,ESM-2 650M + CaLM,5,0.75,0.98989898989899,1.0,20,5,3,2
MERTK,ESM-2 150M + CaLM,1,0.68,0.99,1.0,20,5,2,3
MERTK,ESM-2 150M + CaLM,2,0.68,0.99,1.0,20,5,2,3
MERTK,ESM-2 150M + CaLM,3,0.0,1.0,0.8333333333333334,20,5,2,3
MERTK,ESM-2 150M + CaLM,4,0.68,0.98989898989899,1.0,20,5,3,2
MERTK,ESM-2 150M + CaLM,5,0.0,0.98989898989899,1.0,20,5,3,2
MERTK,ESM-1b 650M + CaLM,1,0.0,1.0,1.0,20,5,2,3
MERTK,ESM-1b 650M + CaLM,2,0.0,1.0,1.0,20,5,2,3
MERTK,ESM-1b 650M + CaLM,3,0.0,1.0,1.0,20,5,2,3
MERTK,ESM-1b 650M + CaLM,4,0.0,1.0,1.0,20,5,3,2
MERTK,ESM-1b 650M + CaLM,5,0.0,1.0,1.0,20,5,3,2
MID1,ESM-2 150M + 650M,1,0.0,0.94,1.0,15,4,1,3
MID1,ESM-2 150M + 650M,2,0.0,0.98,1.0,15,4,1,3
MID1,ESM-2 150M + 650M,3,0.0,0.94,1.0,15,4,1,3
MID1,ESM-2 150M + 650M,4,0.0,1.0,0.75,15,4,2,2
MID1,ESM-2 150M + 650M,5,0.0,0.9454545454545454,1.0,16,3,1,2
MID1,ESM-2 650M + ESM-1b 650M,1,0.98,0.96,1.0,15,4,1,3
MID1,ESM-2 650M + ESM-1b 650M,2,0.71,0.98,1.0,15,4,1,3
MID1,ESM-2 650M + ESM-1b 650M,3,0.98,1.0,1.0,15,4,1,3
MID1,ESM-2 650M + ESM-1b 650M,4,0.0,1.0,0.75,15,4,2,2
MID1,ESM-2 650M + ESM-1b 650M,5,0.0,0.9636363636363636,1.0,16,3,1,2
MID1,ESM-2 650M + CaLM,1,0.0,0.94,1.0,15,4,1,3
MID1,ESM-2 650M + CaLM,2,0.0,0.96,1.0,15,4,1,3
MID1,ESM-2 650M + CaLM,3,0.0,0.96,1.0,15,4,1,3
MID1,ESM-2 650M + CaLM,4,0.88,1.0,0.75,15,4,2,2
MID1,ESM-2 650M + CaLM,5,0.0,1.0,1.0,16,3,1,2
MID1,ESM-2 150M + CaLM,1,0.0,0.96,1.0,15,4,1,3
MID1,ESM-2 150M + CaLM,2,0.0,0.96,1.0,15,4,1,3
MID1,ESM-2 150M + CaLM,3,0.0,1.0,1.0,15,4,1,3
MID1,ESM-2 150M + CaLM,4,0.0,0.9318181818181818,1.0,15,4,2,2
MID1,ESM-2 150M + CaLM,5,0.84,1.0,0.5,16,3,1,2
MID1,ESM-1b 650M + CaLM,1,0.0,1.0,1.0,15,4,1,3
MID1,ESM-1b 650M + CaLM,2,0.0,0.96,1.0,15,4,1,3
MID1,ESM-1b 650M + CaLM,3,0.0,0.98,1.0,15,4,1,3
MID1,ESM-1b 650M + CaLM,4,0.41,1.0,0.5,15,4,2,2
MID1,ESM-1b 650M + CaLM,5,0.0,0.9636363636363636,1.0,16,3,1,2
MITF,ESM-2 150M + 650M,1,0.53,1.0,1.0,9,3,2,1
MITF,ESM-2 150M + 650M,2,0.74,1.0,1.0,9,3,2,1
MITF,ESM-2 150M + 650M,3,0.74,1.0,1.0,10,2,1,1
MITF,ESM-2 150M + 650M,4,0.74,1.0,1.0,10,2,1,1
MITF,ESM-2 150M + 650M,5,0.0,1.0,0.0,10,2,1,1
MITF,ESM-2 650M + ESM-1b 650M,1,0.0,1.0,1.0,9,3,2,1
MITF,ESM-2 650M + ESM-1b 650M,2,0.0,1.0,1.0,9,3,2,1
MITF,ESM-2 650M + ESM-1b 650M,3,0.0,1.0,1.0,10,2,1,1
MITF,ESM-2 650M + ESM-1b 650M,4,0.0,1.0,1.0,10,2,1,1
MITF,ESM-2 650M + ESM-1b 650M,5,0.0,1.0,1.0,10,2,1,1
MITF,ESM-2 650M + CaLM,1,0.0,1.0,1.0,9,3,2,1
MITF,ESM-2 650M + CaLM,2,0.0,1.0,1.0,9,3,2,1
MITF,ESM-2 650M + CaLM,3,0.0,1.0,1.0,10,2,1,1
MITF,ESM-2 650M + CaLM,4,0.0,1.0,1.0,10,2,1,1
MITF,ESM-2 650M + CaLM,5,0.0,1.0,1.0,10,2,1,1
MITF,ESM-2 150M + CaLM,1,0.19,1.0,1.0,9,3,2,1
MITF,ESM-2 150M + CaLM,2,0.19,1.0,1.0,9,3,2,1
MITF,ESM-2 150M + CaLM,3,0.19,1.0,1.0,10,2,1,1
MITF,ESM-2 150M + CaLM,4,0.19,1.0,1.0,10,2,1,1
MITF,ESM-2 150M + CaLM,5,0.0,1.0,0.0,10,2,1,1
MITF,ESM-1b 650M + CaLM,1,0.0,1.0,1.0,9,3,2,1
MITF,ESM-1b 650M + CaLM,2,0.0,1.0,1.0,9,3,2,1
MITF,ESM-1b 650M + CaLM,3,0.0,1.0,1.0,10,2,1,1
MITF,ESM-1b 650M + CaLM,4,0.0,1.0,1.0,10,2,1,1
MITF,ESM-1b 650M + CaLM,5,0.0,1.0,1.0,10,2,1,1
MLC1,ESM-2 150M + 650M,1,0.93,0.7678571428571429,0.5,18,5,3,2
MLC1,ESM-2 150M + 650M,2,0.93,0.5846153846153846,1.0,18,5,4,1
MLC1,ESM-2 150M + 650M,3,0.93,0.5538461538461539,1.0,18,5,4,1
MLC1,ESM-2 150M + 650M,4,0.8200000000000001,0.6571428571428571,1.0,19,4,3,1
MLC1,ESM-2 150M + 650M,5,0.8200000000000001,0.8285714285714286,0.0,19,4,3,1
MLC1,ESM-2 650M + ESM-1b 650M,1,0.7000000000000001,0.75,0.5,18,5,3,2
MLC1,ESM-2 650M + ESM-1b 650M,2,0.0,0.6153846153846154,1.0,18,5,4,1
MLC1,ESM-2 650M + ESM-1b 650M,3,0.01,0.7076923076923077,0.75,18,5,4,1
MLC1,ESM-2 650M + ESM-1b 650M,4,0.01,0.7285714285714285,0.6666666666666666,19,4,3,1
MLC1,ESM-2 650M + ESM-1b 650M,5,0.01,0.6714285714285714,0.6666666666666666,19,4,3,1
MLC1,ESM-2 650M + CaLM,1,0.77,0.7678571428571429,0.6666666666666666,18,5,3,2
MLC1,ESM-2 650M + CaLM,2,0.77,0.6307692307692307,1.0,18,5,4,1
MLC1,ESM-2 650M + CaLM,3,0.35,0.8153846153846154,0.25,18,5,4,1
MLC1,ESM-2 650M + CaLM,4,1.0,0.7857142857142857,0.6666666666666666,19,4,3,1
MLC1,ESM-2 650M + CaLM,5,0.85,0.8,0.6666666666666666,19,4,3,1
MLC1,ESM-2 150M + CaLM,1,0.85,0.75,0.8333333333333334,18,5,3,2
MLC1,ESM-2 150M + CaLM,2,1.0,0.8153846153846154,0.75,18,5,4,1
MLC1,ESM-2 150M + CaLM,3,0.76,0.7846153846153846,0.5,18,5,4,1
MLC1,ESM-2 150M + CaLM,4,1.0,0.7857142857142857,0.6666666666666666,19,4,3,1
MLC1,ESM-2 150M + CaLM,5,0.85,0.6714285714285714,1.0,19,4,3,1
MLC1,ESM-1b 650M + CaLM,1,0.55,0.7857142857142857,0.5,18,5,3,2
MLC1,ESM-1b 650M + CaLM,2,0.7000000000000001,0.7230769230769231,0.75,18,5,4,1
MLC1,ESM-1b 650M + CaLM,3,0.84,0.8923076923076924,0.5,18,5,4,1
MLC1,ESM-1b 650M + CaLM,4,0.7000000000000001,0.6714285714285714,1.0,19,4,3,1
MLC1,ESM-1b 650M + CaLM,5,0.66,0.7,1.0,19,4,3,1
MLH1,ESM-2 150M + 650M,1,0.37,0.8838112305854241,1.0,151,38,31,7
MLH1,ESM-2 150M + 650M,2,0.18,0.919653524492234,0.8663594470046083,151,38,31,7
MLH1,ESM-2 150M + 650M,3,0.29,0.9178614097968936,0.9262672811059908,151,38,31,7
MLH1,ESM-2 150M + 650M,4,0.37,0.949820788530466,0.7465437788018433,151,38,31,7
MLH1,ESM-2 150M + 650M,5,0.21,0.9121543778801844,0.956989247311828,152,37,31,6
MLH1,ESM-2 650M + ESM-1b 650M,1,0.68,0.8637992831541219,0.9032258064516128,151,38,31,7
MLH1,ESM-2 650M + ESM-1b 650M,2,0.7000000000000001,0.8772401433691757,0.8433179723502304,151,38,31,7
MLH1,ESM-2 650M + ESM-1b 650M,3,0.98,0.8763440860215054,0.8341013824884793,151,38,31,7
MLH1,ESM-2 650M + ESM-1b 650M,4,0.58,0.9121863799283154,0.7373271889400922,151,38,31,7
MLH1,ESM-2 650M + ESM-1b 650M,5,0.7000000000000001,0.8545506912442397,0.9731182795698924,152,37,31,6
MLH1,ESM-2 650M + CaLM,1,0.8200000000000001,0.9065113500597372,0.9308755760368664,151,38,31,7
MLH1,ESM-2 650M + CaLM,2,0.8200000000000001,0.8939665471923537,0.9861751152073732,151,38,31,7
MLH1,ESM-2 650M + CaLM,3,0.85,0.9121863799283154,0.8894009216589862,151,38,31,7
MLH1,ESM-2 650M + CaLM,4,0.8300000000000001,0.9214456391875748,0.880184331797235,151,38,31,7
MLH1,ESM-2 650M + CaLM,5,0.56,0.9300115207373272,0.7741935483870968,152,37,31,6
MLH1,ESM-2 150M + CaLM,1,0.65,0.9438470728793308,0.8202764976958525,151,38,31,7
MLH1,ESM-2 150M + CaLM,2,0.85,0.9148745519713262,0.912442396313364,151,38,31,7
MLH1,ESM-2 150M + CaLM,3,0.33,0.9050179211469536,0.967741935483871,151,38,31,7
MLH1,ESM-2 150M + CaLM,4,0.25,0.9327956989247312,0.8571428571428571,151,38,31,7
MLH1,ESM-2 150M + CaLM,5,0.28,0.9095622119815668,0.9731182795698924,152,37,31,6
MLH1,ESM-1b 650M + CaLM,1,0.74,0.9280167264038232,0.8709677419354839,151,38,31,7
MLH1,ESM-1b 650M + CaLM,2,0.73,0.9366786140979688,0.847926267281106,151,38,31,7
MLH1,ESM-1b 650M + CaLM,3,0.73,0.9026284348864994,0.967741935483871,151,38,31,7
MLH1,ESM-1b 650M + CaLM,4,0.73,0.9062126642771804,0.9631336405529954,151,38,31,7
MLH1,ESM-1b 650M + CaLM,5,0.74,0.9130184331797236,0.9408602150537636,152,37,31,6
MMAB,ESM-2 150M + 650M,1,0.0,1.0,0.5,14,4,2,2
MMAB,ESM-2 150M + 650M,2,0.0,0.9111111111111112,1.0,14,4,3,1
MMAB,ESM-2 150M + 650M,3,0.0,0.9111111111111112,1.0,14,4,3,1
MMAB,ESM-2 150M + 650M,4,0.0,0.92,1.0,15,3,2,1
MMAB,ESM-2 150M + 650M,5,0.0,0.9,1.0,15,3,2,1
MMAB,ESM-2 650M + ESM-1b 650M,1,0.0,0.9,1.0,14,4,2,2
MMAB,ESM-2 650M + ESM-1b 650M,2,0.06,0.9111111111111112,1.0,14,4,3,1
MMAB,ESM-2 650M + ESM-1b 650M,3,0.06,0.9111111111111112,1.0,14,4,3,1
MMAB,ESM-2 650M + ESM-1b 650M,4,0.06,0.92,1.0,15,3,2,1
MMAB,ESM-2 650M + ESM-1b 650M,5,0.0,1.0,0.5,15,3,2,1
MMAB,ESM-2 650M + CaLM,1,0.0,1.0,0.5,14,4,2,2
MMAB,ESM-2 650M + CaLM,2,0.25,0.9111111111111112,1.0,14,4,3,1
MMAB,ESM-2 650M + CaLM,3,0.25,0.9111111111111112,1.0,14,4,3,1
MMAB,ESM-2 650M + CaLM,4,0.0,0.9,1.0,15,3,2,1
MMAB,ESM-2 650M + CaLM,5,0.25,0.92,1.0,15,3,2,1
MMAB,ESM-2 150M + CaLM,1,0.0,0.925,1.0,14,4,2,2
MMAB,ESM-2 150M + CaLM,2,0.0,0.9111111111111112,1.0,14,4,3,1
MMAB,ESM-2 150M + CaLM,3,0.0,0.8888888888888888,1.0,14,4,3,1
MMAB,ESM-2 150M + CaLM,4,0.0,0.92,1.0,15,3,2,1
MMAB,ESM-2 150M + CaLM,5,0.0,1.0,0.5,15,3,2,1
MMAB,ESM-1b 650M + CaLM,1,0.38,0.925,1.0,14,4,2,2
MMAB,ESM-1b 650M + CaLM,2,0.15,1.0,0.6666666666666666,14,4,3,1
MMAB,ESM-1b 650M + CaLM,3,0.38,0.8888888888888888,1.0,14,4,3,1
MMAB,ESM-1b 650M + CaLM,4,0.38,0.92,1.0,15,3,2,1
MMAB,ESM-1b 650M + CaLM,5,0.38,0.92,1.0,15,3,2,1
MMACHC,ESM-2 150M + 650M,1,0.0,0.625,0.25,20,5,4,1
MMACHC,ESM-2 150M + 650M,2,0.0,0.609375,0.25,20,5,4,1
MMACHC,ESM-2 150M + 650M,3,0.0,0.453125,1.0,20,5,4,1
MMACHC,ESM-2 150M + 650M,4,0.0,0.484375,0.75,20,5,4,1
MMACHC,ESM-2 150M + 650M,5,0.0,0.578125,0.5,20,5,4,1
MMACHC,ESM-2 650M + ESM-1b 650M,1,0.7000000000000001,0.53125,1.0,20,5,4,1
MMACHC,ESM-2 650M + ESM-1b 650M,2,0.7000000000000001,0.65625,0.25,20,5,4,1
MMACHC,ESM-2 650M + ESM-1b 650M,3,0.7000000000000001,0.453125,1.0,20,5,4,1
MMACHC,ESM-2 650M + ESM-1b 650M,4,0.3,0.671875,0.0,20,5,4,1
MMACHC,ESM-2 650M + ESM-1b 650M,5,0.3,0.59375,0.75,20,5,4,1
MMACHC,ESM-2 650M + CaLM,1,0.95,0.609375,1.0,20,5,4,1
MMACHC,ESM-2 650M + CaLM,2,0.79,0.796875,0.25,20,5,4,1
MMACHC,ESM-2 650M + CaLM,3,0.95,0.8125,0.25,20,5,4,1
MMACHC,ESM-2 650M + CaLM,4,0.95,0.671875,1.0,20,5,4,1
MMACHC,ESM-2 650M + CaLM,5,0.95,0.671875,0.75,20,5,4,1
MMACHC,ESM-2 150M + CaLM,1,0.75,0.734375,1.0,20,5,4,1
MMACHC,ESM-2 150M + CaLM,2,0.8200000000000001,0.671875,1.0,20,5,4,1
MMACHC,ESM-2 150M + CaLM,3,0.95,0.8125,0.5,20,5,4,1
MMACHC,ESM-2 150M + CaLM,4,0.95,0.65625,1.0,20,5,4,1
MMACHC,ESM-2 150M + CaLM,5,0.39,0.703125,0.25,20,5,4,1
MMACHC,ESM-1b 650M + CaLM,1,0.7000000000000001,0.65625,1.0,20,5,4,1
MMACHC,ESM-1b 650M + CaLM,2,0.96,0.625,1.0,20,5,4,1
MMACHC,ESM-1b 650M + CaLM,3,0.96,0.84375,0.0,20,5,4,1
MMACHC,ESM-1b 650M + CaLM,4,0.76,0.75,0.5,20,5,4,1
MMACHC,ESM-1b 650M + CaLM,5,0.0,0.671875,0.0,20,5,4,1
MME,ESM-2 150M + 650M,1,0.0,1.0,1.0,9,3,1,2
MME,ESM-2 150M + 650M,2,0.0,1.0,1.0,9,3,2,1
MME,ESM-2 150M + 650M,3,0.0,1.0,1.0,10,2,1,1
MME,ESM-2 150M + 650M,4,0.0,1.0,1.0,10,2,1,1
MME,ESM-2 150M + 650M,5,0.0,1.0,1.0,10,2,1,1
MME,ESM-2 650M + ESM-1b 650M,1,0.0,1.0,1.0,9,3,1,2
MME,ESM-2 650M + ESM-1b 650M,2,0.0,1.0,1.0,9,3,2,1
MME,ESM-2 650M + ESM-1b 650M,3,0.0,1.0,1.0,10,2,1,1
MME,ESM-2 650M + ESM-1b 650M,4,0.0,1.0,1.0,10,2,1,1
MME,ESM-2 650M + ESM-1b 650M,5,0.0,1.0,1.0,10,2,1,1
MME,ESM-2 650M + CaLM,1,0.0,1.0,1.0,9,3,1,2
MME,ESM-2 650M + CaLM,2,0.0,1.0,1.0,9,3,2,1
MME,ESM-2 650M + CaLM,3,0.0,1.0,1.0,10,2,1,1
MME,ESM-2 650M + CaLM,4,0.0,1.0,1.0,10,2,1,1
MME,ESM-2 650M + CaLM,5,0.0,1.0,1.0,10,2,1,1
MME,ESM-2 150M + CaLM,1,0.0,1.0,1.0,9,3,1,2
MME,ESM-2 150M + CaLM,2,0.0,1.0,1.0,9,3,2,1
MME,ESM-2 150M + CaLM,3,0.0,1.0,1.0,10,2,1,1
MME,ESM-2 150M + CaLM,4,0.0,1.0,1.0,10,2,1,1
MME,ESM-2 150M + CaLM,5,0.0,1.0,1.0,10,2,1,1
MME,ESM-1b 650M + CaLM,1,0.0,1.0,1.0,9,3,1,2
MME,ESM-1b 650M + CaLM,2,0.0,1.0,1.0,9,3,2,1
MME,ESM-1b 650M + CaLM,3,0.0,1.0,1.0,10,2,1,1
MME,ESM-1b 650M + CaLM,4,0.0,1.0,1.0,10,2,1,1
MME,ESM-1b 650M + CaLM,5,0.0,1.0,1.0,10,2,1,1
MMUT,ESM-2 150M + 650M,1,0.99,0.8011363636363636,0.8409090909090909,92,24,22,2
MMUT,ESM-2 150M + 650M,2,0.7000000000000001,0.8681818181818182,0.4545454545454545,93,23,22,1
MMUT,ESM-2 150M + 650M,3,0.95,0.7840909090909091,1.0,93,23,22,1
MMUT,ESM-2 150M + 650M,4,0.95,0.8204545454545454,0.8636363636363636,93,23,22,1
MMUT,ESM-2 150M + 650M,5,0.95,0.8159090909090909,0.8636363636363636,93,23,22,1
MMUT,ESM-2 650M + ESM-1b 650M,1,0.96,0.9090909090909092,0.9772727272727272,92,24,22,2
MMUT,ESM-2 650M + ESM-1b 650M,2,0.98,0.9204545454545454,1.0,93,23,22,1
MMUT,ESM-2 650M + ESM-1b 650M,3,0.98,0.925,1.0,93,23,22,1
MMUT,ESM-2 650M + ESM-1b 650M,4,0.98,0.9340909090909092,1.0,93,23,22,1
MMUT,ESM-2 650M + ESM-1b 650M,5,0.86,0.9818181818181818,0.5909090909090909,93,23,22,1
MMUT,ESM-2 650M + CaLM,1,0.52,0.9744318181818182,0.6818181818181818,92,24,22,2
MMUT,ESM-2 650M + CaLM,2,0.62,0.884090909090909,1.0,93,23,22,1
MMUT,ESM-2 650M + CaLM,3,0.55,0.8818181818181818,1.0,93,23,22,1
MMUT,ESM-2 650M + CaLM,4,0.91,0.9,0.8636363636363636,93,23,22,1
MMUT,ESM-2 650M + CaLM,5,0.66,0.8772727272727273,1.0,93,23,22,1
MMUT,ESM-2 150M + CaLM,1,0.6,0.9744318181818182,0.5681818181818182,92,24,22,2
MMUT,ESM-2 150M + CaLM,2,0.98,0.8568181818181818,1.0,93,23,22,1
MMUT,ESM-2 150M + CaLM,3,0.98,0.8704545454545455,0.9545454545454546,93,23,22,1
MMUT,ESM-2 150M + CaLM,4,0.98,0.8636363636363636,1.0,93,23,22,1
MMUT,ESM-2 150M + CaLM,5,0.98,0.8886363636363637,0.9090909090909092,93,23,22,1
MMUT,ESM-1b 650M + CaLM,1,0.09,0.9005681818181818,1.0,92,24,22,2
MMUT,ESM-1b 650M + CaLM,2,0.38,0.990909090909091,0.6363636363636364,93,23,22,1
MMUT,ESM-1b 650M + CaLM,3,0.09,0.9340909090909092,0.9545454545454546,93,23,22,1
MMUT,ESM-1b 650M + CaLM,4,0.0,0.9272727272727272,1.0,93,23,22,1
MMUT,ESM-1b 650M + CaLM,5,0.0,0.9272727272727272,1.0,93,23,22,1
MSH2,ESM-2 150M + 650M,1,0.37,0.9117738428083256,0.9526112185686654,272,69,22,47
MSH2,ESM-2 150M + 650M,2,0.5,0.9052211302211304,0.9584599797365756,273,68,21,47
MSH2,ESM-2 150M + 650M,3,0.25,0.9222593004572982,0.9031620553359684,273,68,22,46
MSH2,ESM-2 150M + 650M,4,0.46,0.914040291682116,0.9268774703557312,273,68,22,46
MSH2,ESM-2 150M + 650M,5,0.46,0.9329501915708812,0.8567193675889329,273,68,22,46
MSH2,ESM-2 650M + ESM-1b 650M,1,0.3,0.8609506057781919,0.925531914893617,272,69,22,47
MSH2,ESM-2 650M + ESM-1b 650M,2,0.31,0.8753071253071253,0.8662613981762918,273,68,21,47
MSH2,ESM-2 650M + ESM-1b 650M,3,0.31,0.8762822889630454,0.857707509881423,273,68,22,46
MSH2,ESM-2 650M + ESM-1b 650M,4,0.4,0.8724508713385243,0.8754940711462451,273,68,22,46
MSH2,ESM-2 650M + ESM-1b 650M,5,0.41,0.8806698801137066,0.8468379446640316,273,68,22,46
MSH2,ESM-2 650M + CaLM,1,0.59,0.9015843429636532,0.9661508704061896,272,69,22,47
MSH2,ESM-2 650M + CaLM,2,0.61,0.9216830466830468,0.878419452887538,273,68,21,47
MSH2,ESM-2 650M + CaLM,3,0.59,0.917748115189717,0.8903162055335968,273,68,22,46
MSH2,ESM-2 650M + CaLM,4,0.67,0.9190458534173772,0.8893280632411067,273,68,22,46
MSH2,ESM-2 650M + CaLM,5,0.49,0.9084167593622544,0.9278656126482212,273,68,22,46
MSH2,ESM-2 150M + CaLM,1,0.18,0.9022677850264056,0.9584139264990328,272,69,22,47
MSH2,ESM-2 150M + CaLM,2,0.43,0.8949017199017198,0.9888551165146908,273,68,21,47
MSH2,ESM-2 150M + CaLM,3,0.44,0.9163267828451366,0.8962450592885376,273,68,22,46
MSH2,ESM-2 150M + CaLM,4,0.2,0.939377085650723,0.8231225296442688,273,68,22,46
MSH2,ESM-2 150M + CaLM,5,0.29,0.9113212211098752,0.9239130434782608,273,68,22,46
MSH2,ESM-1b 650M + CaLM,1,0.7000000000000001,0.895681888785337,0.9294003868471954,272,69,22,47
MSH2,ESM-1b 650M + CaLM,2,0.74,0.8912162162162162,0.9483282674772036,273,68,21,47
MSH2,ESM-1b 650M + CaLM,3,0.62,0.9221357063403782,0.8181818181818182,273,68,22,46
MSH2,ESM-1b 650M + CaLM,4,0.74,0.9016190829316524,0.8992094861660079,273,68,22,46
MSH2,ESM-1b 650M + CaLM,5,0.74,0.896304535904091,0.9357707509881424,273,68,22,46
MTHFR,ESM-2 150M + 650M,1,0.68,0.90625,0.875,20,6,4,2
MTHFR,ESM-2 150M + 650M,2,0.2,1.0,0.75,21,5,4,1
MTHFR,ESM-2 150M + 650M,3,0.16,0.9,0.75,21,5,4,1
MTHFR,ESM-2 150M + 650M,4,0.2,0.9,1.0,21,5,4,1
MTHFR,ESM-2 150M + 650M,5,0.2,0.9125,1.0,21,5,4,1
MTHFR,ESM-2 650M + ESM-1b 650M,1,0.78,0.890625,0.875,20,6,4,2
MTHFR,ESM-2 650M + ESM-1b 650M,2,0.31,0.925,0.75,21,5,4,1
MTHFR,ESM-2 650M + ESM-1b 650M,3,0.31,0.9375,0.5,21,5,4,1
MTHFR,ESM-2 650M + ESM-1b 650M,4,0.78,0.8625,1.0,21,5,4,1
MTHFR,ESM-2 650M + ESM-1b 650M,5,0.78,0.925,1.0,21,5,4,1
MTHFR,ESM-2 650M + CaLM,1,0.61,0.96875,0.75,20,6,4,2
MTHFR,ESM-2 650M + CaLM,2,0.46,0.95,1.0,21,5,4,1
MTHFR,ESM-2 650M + CaLM,3,0.61,0.8875,1.0,21,5,4,1
MTHFR,ESM-2 650M + CaLM,4,0.51,0.9,1.0,21,5,4,1
MTHFR,ESM-2 650M + CaLM,5,0.5700000000000001,0.9125,1.0,21,5,4,1
MTHFR,ESM-2 150M + CaLM,1,0.55,0.890625,1.0,20,6,4,2
MTHFR,ESM-2 150M + CaLM,2,0.55,0.9375,0.75,21,5,4,1
MTHFR,ESM-2 150M + CaLM,3,0.43,0.9,1.0,21,5,4,1
MTHFR,ESM-2 150M + CaLM,4,0.67,0.9125,1.0,21,5,4,1
MTHFR,ESM-2 150M + CaLM,5,0.67,0.975,0.75,21,5,4,1
MTHFR,ESM-1b 650M + CaLM,1,0.5700000000000001,0.90625,1.0,20,6,4,2
MTHFR,ESM-1b 650M + CaLM,2,0.04,0.9375,0.75,21,5,4,1
MTHFR,ESM-1b 650M + CaLM,3,0.11,0.9375,1.0,21,5,4,1
MTHFR,ESM-1b 650M + CaLM,4,0.25,0.95,0.75,21,5,4,1
MTHFR,ESM-1b 650M + CaLM,5,0.16,0.925,1.0,21,5,4,1
MTM1,ESM-2 150M + 650M,1,0.65,0.97008547008547,1.0,57,15,10,5
MTM1,ESM-2 150M + 650M,2,0.79,0.97008547008547,1.0,57,15,10,5
MTM1,ESM-2 150M + 650M,3,0.79,0.9736111111111112,1.0,58,14,9,5
MTM1,ESM-2 150M + 650M,4,0.8200000000000001,0.9851551956815114,0.95,58,14,10,4
MTM1,ESM-2 150M + 650M,5,0.65,0.99055330634278,0.925,58,14,10,4
MTM1,ESM-2 650M + ESM-1b 650M,1,0.0,0.98005698005698,0.96,57,15,10,5
MTM1,ESM-2 650M + ESM-1b 650M,2,0.12,0.9743589743589745,1.0,57,15,10,5
MTM1,ESM-2 650M + ESM-1b 650M,3,0.0,0.9652777777777778,1.0,58,14,9,5
MTM1,ESM-2 650M + ESM-1b 650M,4,0.02,0.99055330634278,0.925,58,14,10,4
MTM1,ESM-2 650M + ESM-1b 650M,5,0.12,0.9676113360323888,1.0,58,14,10,4
MTM1,ESM-2 650M + CaLM,1,0.35,0.9772079772079773,1.0,57,15,10,5
MTM1,ESM-2 650M + CaLM,2,0.16,0.9843304843304844,0.98,57,15,10,5
MTM1,ESM-2 650M + CaLM,3,0.35,0.9847222222222224,1.0,58,14,9,5
MTM1,ESM-2 650M + CaLM,4,0.75,0.9878542510121456,0.925,58,14,10,4
MTM1,ESM-2 650M + CaLM,5,0.14,0.9919028340080972,0.95,58,14,10,4
MTM1,ESM-2 150M + CaLM,1,0.47,0.9757834757834758,1.0,57,15,10,5
MTM1,ESM-2 150M + CaLM,2,0.61,0.9743589743589745,0.98,57,15,10,5
MTM1,ESM-2 150M + CaLM,3,0.48,0.9958333333333332,0.8888888888888888,58,14,9,5
MTM1,ESM-2 150M + CaLM,4,0.47,0.9730094466936572,1.0,58,14,10,4
MTM1,ESM-2 150M + CaLM,5,0.61,0.9676113360323888,1.0,58,14,10,4
MTM1,ESM-1b 650M + CaLM,1,0.5,0.9786324786324786,0.98,57,15,10,5
MTM1,ESM-1b 650M + CaLM,2,0.53,0.9772079772079773,1.0,57,15,10,5
MTM1,ESM-1b 650M + CaLM,3,0.62,0.9972222222222222,0.9777777777777776,58,14,9,5
MTM1,ESM-1b 650M + CaLM,4,0.49,0.979757085020243,1.0,58,14,10,4
MTM1,ESM-1b 650M + CaLM,5,0.53,0.9757085020242916,1.0,58,14,10,4
MUSK,ESM-2 150M + 650M,1,0.3,0.96875,0.0,12,4,1,3
MUSK,ESM-2 150M + 650M,2,0.56,0.75,1.0,13,3,1,2
MUSK,ESM-2 150M + 650M,3,0.73,0.7777777777777778,1.0,13,3,1,2
MUSK,ESM-2 150M + 650M,4,0.73,0.7777777777777778,1.0,13,3,1,2
MUSK,ESM-2 150M + 650M,5,0.73,0.8055555555555556,1.0,13,3,1,2
MUSK,ESM-2 650M + ESM-1b 650M,1,0.98,0.90625,1.0,12,4,1,3
MUSK,ESM-2 650M + ESM-1b 650M,2,0.6900000000000001,0.9444444444444444,1.0,13,3,1,2
MUSK,ESM-2 650M + ESM-1b 650M,3,0.98,0.9444444444444444,1.0,13,3,1,2
MUSK,ESM-2 650M + ESM-1b 650M,4,0.56,1.0,1.0,13,3,1,2
MUSK,ESM-2 650M + ESM-1b 650M,5,0.16,0.8611111111111112,1.0,13,3,1,2
MUSK,ESM-2 650M + CaLM,1,0.0,0.84375,1.0,12,4,1,3
MUSK,ESM-2 650M + CaLM,2,0.28,0.7777777777777778,1.0,13,3,1,2
MUSK,ESM-2 650M + CaLM,3,0.28,0.8055555555555556,1.0,13,3,1,2
MUSK,ESM-2 650M + CaLM,4,0.18,0.9444444444444444,0.5,13,3,1,2
MUSK,ESM-2 650M + CaLM,5,0.28,0.8333333333333334,1.0,13,3,1,2
MUSK,ESM-2 150M + CaLM,1,0.87,0.78125,0.6666666666666666,12,4,1,3
MUSK,ESM-2 150M + CaLM,2,0.33,0.7222222222222222,1.0,13,3,1,2
MUSK,ESM-2 150M + CaLM,3,0.33,0.6666666666666666,1.0,13,3,1,2
MUSK,ESM-2 150M + CaLM,4,0.0,0.9166666666666666,0.0,13,3,1,2
MUSK,ESM-2 150M + CaLM,5,0.87,0.6944444444444444,1.0,13,3,1,2
MUSK,ESM-1b 650M + CaLM,1,0.0,0.9375,1.0,12,4,1,3
MUSK,ESM-1b 650M + CaLM,2,0.06,0.9444444444444444,1.0,13,3,1,2
MUSK,ESM-1b 650M + CaLM,3,0.27,1.0,1.0,13,3,1,2
MUSK,ESM-1b 650M + CaLM,4,0.27,0.9444444444444444,1.0,13,3,1,2
MUSK,ESM-1b 650M + CaLM,5,0.27,0.9166666666666666,1.0,13,3,1,2
MUTYH,ESM-2 150M + 650M,1,0.77,0.975,1.0,14,4,3,1
MUTYH,ESM-2 150M + 650M,2,0.0,0.925,1.0,14,4,3,1
MUTYH,ESM-2 150M + 650M,3,0.0,0.975,1.0,14,4,3,1
MUTYH,ESM-2 150M + 650M,4,0.94,0.9772727272727272,1.0,15,3,2,1
MUTYH,ESM-2 150M + 650M,5,0.94,0.9318181818181818,1.0,15,3,2,1
MUTYH,ESM-2 650M + ESM-1b 650M,1,0.32,1.0,1.0,14,4,3,1
MUTYH,ESM-2 650M + ESM-1b 650M,2,0.1,1.0,1.0,14,4,3,1
MUTYH,ESM-2 650M + ESM-1b 650M,3,0.33,1.0,1.0,14,4,3,1
MUTYH,ESM-2 650M + ESM-1b 650M,4,0.33,1.0,1.0,15,3,2,1
MUTYH,ESM-2 650M + ESM-1b 650M,5,0.33,1.0,1.0,15,3,2,1
MUTYH,ESM-2 650M + CaLM,1,0.0,0.975,1.0,14,4,3,1
MUTYH,ESM-2 650M + CaLM,2,0.77,0.975,1.0,14,4,3,1
MUTYH,ESM-2 650M + CaLM,3,0.77,0.975,1.0,14,4,3,1
MUTYH,ESM-2 650M + CaLM,4,0.77,0.9772727272727272,1.0,15,3,2,1
MUTYH,ESM-2 650M + CaLM,5,0.49,1.0,0.5,15,3,2,1
MUTYH,ESM-2 150M + CaLM,1,0.46,0.975,1.0,14,4,3,1
MUTYH,ESM-2 150M + CaLM,2,0.77,1.0,1.0,14,4,3,1
MUTYH,ESM-2 150M + CaLM,3,0.0,1.0,1.0,14,4,3,1
MUTYH,ESM-2 150M + CaLM,4,0.77,0.9772727272727272,1.0,15,3,2,1
MUTYH,ESM-2 150M + CaLM,5,0.77,0.9772727272727272,1.0,15,3,2,1
MUTYH,ESM-1b 650M + CaLM,1,0.0,1.0,1.0,14,4,3,1
MUTYH,ESM-1b 650M + CaLM,2,0.0,1.0,1.0,14,4,3,1
MUTYH,ESM-1b 650M + CaLM,3,0.0,1.0,1.0,14,4,3,1
MUTYH,ESM-1b 650M + CaLM,4,0.0,1.0,1.0,15,3,2,1
MUTYH,ESM-1b 650M + CaLM,5,0.0,1.0,1.0,15,3,2,1
MYCN,ESM-2 150M + 650M,1,0.95,1.0,1.0,10,3,1,2
MYCN,ESM-2 150M + 650M,2,0.95,1.0,1.0,10,3,1,2
MYCN,ESM-2 150M + 650M,3,0.0,1.0,0.5,10,3,2,1
MYCN,ESM-2 150M + 650M,4,0.95,1.0,1.0,11,2,1,1
MYCN,ESM-2 150M + 650M,5,0.77,1.0,1.0,11,2,1,1
MYCN,ESM-2 650M + ESM-1b 650M,1,0.0,1.0,1.0,10,3,1,2
MYCN,ESM-2 650M + ESM-1b 650M,2,0.0,1.0,1.0,10,3,1,2
MYCN,ESM-2 650M + ESM-1b 650M,3,0.0,1.0,1.0,10,3,2,1
MYCN,ESM-2 650M + ESM-1b 650M,4,0.0,1.0,1.0,11,2,1,1
MYCN,ESM-2 650M + ESM-1b 650M,5,0.0,1.0,1.0,11,2,1,1
MYCN,ESM-2 650M + CaLM,1,0.0,1.0,1.0,10,3,1,2
MYCN,ESM-2 650M + CaLM,2,0.0,1.0,1.0,10,3,1,2
MYCN,ESM-2 650M + CaLM,3,0.0,1.0,1.0,10,3,2,1
MYCN,ESM-2 650M + CaLM,4,0.0,1.0,1.0,11,2,1,1
MYCN,ESM-2 650M + CaLM,5,0.0,1.0,1.0,11,2,1,1
MYCN,ESM-2 150M + CaLM,1,0.14,0.88,1.0,10,3,1,2
MYCN,ESM-2 150M + CaLM,2,0.07,0.8,1.0,10,3,1,2
MYCN,ESM-2 150M + CaLM,3,0.14,0.7916666666666666,1.0,10,3,2,1
MYCN,ESM-2 150M + CaLM,4,0.07,0.9666666666666668,0.0,11,2,1,1
MYCN,ESM-2 150M + CaLM,5,0.14,0.9,0.0,11,2,1,1
MYCN,ESM-1b 650M + CaLM,1,0.0,0.96,1.0,10,3,1,2
MYCN,ESM-1b 650M + CaLM,2,0.0,1.0,1.0,10,3,1,2
MYCN,ESM-1b 650M + CaLM,3,0.0,0.9583333333333334,1.0,10,3,2,1
MYCN,ESM-1b 650M + CaLM,4,0.0,1.0,1.0,11,2,1,1
MYCN,ESM-1b 650M + CaLM,5,0.0,0.9666666666666668,1.0,11,2,1,1
MYOC,ESM-2 150M + 650M,1,0.99,0.9851190476190476,0.875,37,10,6,4
MYOC,ESM-2 150M + 650M,2,0.99,0.9732142857142856,0.9583333333333334,37,10,6,4
MYOC,ESM-2 150M + 650M,3,0.99,0.9460227272727272,1.0,38,9,5,4
MYOC,ESM-2 150M + 650M,4,0.92,0.96875,0.95,38,9,5,4
MYOC,ESM-2 150M + 650M,5,0.94,0.9488636363636364,1.0,38,9,5,4
MYOC,ESM-2 650M + ESM-1b 650M,1,0.0,0.9642857142857144,0.9583333333333334,37,10,6,4
MYOC,ESM-2 650M + ESM-1b 650M,2,0.12,0.9702380952380952,0.9583333333333334,37,10,6,4
MYOC,ESM-2 650M + ESM-1b 650M,3,0.0,0.96875,0.9,38,9,5,4
MYOC,ESM-2 650M + ESM-1b 650M,4,0.0,0.96875,0.95,38,9,5,4
MYOC,ESM-2 650M + ESM-1b 650M,5,0.0,0.9517045454545454,1.0,38,9,5,4
MYOC,ESM-2 650M + CaLM,1,0.0,0.9791666666666666,1.0,37,10,6,4
MYOC,ESM-2 650M + CaLM,2,0.0,0.9583333333333334,1.0,37,10,6,4
MYOC,ESM-2 650M + CaLM,3,0.0,0.9659090909090908,1.0,38,9,5,4
MYOC,ESM-2 650M + CaLM,4,0.0,0.9630681818181818,1.0,38,9,5,4
MYOC,ESM-2 650M + CaLM,5,0.0,0.96875,1.0,38,9,5,4
MYOC,ESM-2 150M + CaLM,1,0.0,0.7767857142857143,1.0,37,10,6,4
MYOC,ESM-2 150M + CaLM,2,0.0,0.8869047619047619,0.5833333333333334,37,10,6,4
MYOC,ESM-2 150M + CaLM,3,0.0,0.8295454545454546,0.7,38,9,5,4
MYOC,ESM-2 150M + CaLM,4,0.0,0.8181818181818182,0.8,38,9,5,4
MYOC,ESM-2 150M + CaLM,5,0.07,0.78125,0.95,38,9,5,4
MYOC,ESM-1b 650M + CaLM,1,0.0,0.9375,0.9166666666666666,37,10,6,4
MYOC,ESM-1b 650M + CaLM,2,0.0,0.925595238095238,0.9583333333333334,37,10,6,4
MYOC,ESM-1b 650M + CaLM,3,0.0,0.9204545454545454,1.0,38,9,5,4
MYOC,ESM-1b 650M + CaLM,4,0.0,0.9204545454545454,1.0,38,9,5,4
MYOC,ESM-1b 650M + CaLM,5,0.0,0.9573863636363636,0.85,38,9,5,4
NAGLU,ESM-2 150M + 650M,1,0.62,0.9212121212121211,1.0,64,16,13,3
NAGLU,ESM-2 150M + 650M,2,0.78,0.9636363636363636,0.8205128205128205,64,16,13,3
NAGLU,ESM-2 150M + 650M,3,0.78,0.9518518518518518,0.8928571428571429,64,16,14,2
NAGLU,ESM-2 150M + 650M,4,0.3,0.9462962962962964,0.8571428571428571,64,16,14,2
NAGLU,ESM-2 150M + 650M,5,0.87,0.9314814814814816,1.0,64,16,14,2
NAGLU,ESM-2 650M + ESM-1b 650M,1,0.3,0.9333333333333332,0.9230769230769232,64,16,13,3
NAGLU,ESM-2 650M + ESM-1b 650M,2,0.15,0.9454545454545454,0.9230769230769232,64,16,13,3
NAGLU,ESM-2 650M + ESM-1b 650M,3,0.3,0.925925925925926,1.0,64,16,14,2
NAGLU,ESM-2 650M + ESM-1b 650M,4,0.3,0.9666666666666668,0.8214285714285714,64,16,14,2
NAGLU,ESM-2 650M + ESM-1b 650M,5,0.3,0.9351851851851852,0.9642857142857144,64,16,14,2
NAGLU,ESM-2 650M + CaLM,1,0.0,0.9171717171717172,0.9487179487179488,64,16,13,3
NAGLU,ESM-2 650M + CaLM,2,0.08,0.9272727272727272,0.9743589743589745,64,16,13,3
NAGLU,ESM-2 650M + CaLM,3,0.08,0.9574074074074074,0.8571428571428571,64,16,14,2
NAGLU,ESM-2 650M + CaLM,4,0.08,0.924074074074074,1.0,64,16,14,2
NAGLU,ESM-2 650M + CaLM,5,0.08,0.9462962962962964,0.8928571428571429,64,16,14,2
NAGLU,ESM-2 150M + CaLM,1,0.18,0.9373737373737374,0.8461538461538461,64,16,13,3
NAGLU,ESM-2 150M + CaLM,2,0.0,0.9252525252525252,0.9230769230769232,64,16,13,3
NAGLU,ESM-2 150M + CaLM,3,0.0,0.9111111111111112,1.0,64,16,14,2
NAGLU,ESM-2 150M + CaLM,4,0.0,0.937037037037037,0.8928571428571429,64,16,14,2
NAGLU,ESM-2 150M + CaLM,5,0.0,0.9425925925925924,0.8214285714285714,64,16,14,2
NAGLU,ESM-1b 650M + CaLM,1,0.18,0.9454545454545454,0.7435897435897436,64,16,13,3
NAGLU,ESM-1b 650M + CaLM,2,0.04,0.9313131313131312,0.8205128205128205,64,16,13,3
NAGLU,ESM-1b 650M + CaLM,3,0.18,0.8944444444444445,1.0,64,16,14,2
NAGLU,ESM-1b 650M + CaLM,4,0.18,0.8962962962962963,1.0,64,16,14,2
NAGLU,ESM-1b 650M + CaLM,5,0.18,0.9203703703703704,0.9285714285714286,64,16,14,2
NARS1,ESM-2 150M + 650M,1,0.01,0.7916666666666666,1.0,10,3,1,2
NARS1,ESM-2 150M + 650M,2,0.08,0.84,1.0,10,3,2,1
NARS1,ESM-2 150M + 650M,3,0.08,0.96,0.5,10,3,2,1
NARS1,ESM-2 150M + 650M,4,0.0,0.8666666666666667,0.0,11,2,1,1
NARS1,ESM-2 150M + 650M,5,0.08,0.8333333333333334,1.0,11,2,1,1
NARS1,ESM-2 650M + ESM-1b 650M,1,0.24,0.9166666666666666,1.0,10,3,1,2
NARS1,ESM-2 650M + ESM-1b 650M,2,0.0,1.0,1.0,10,3,2,1
NARS1,ESM-2 650M + ESM-1b 650M,3,0.24,0.84,1.0,10,3,2,1
NARS1,ESM-2 650M + ESM-1b 650M,4,0.09,0.8333333333333334,1.0,11,2,1,1
NARS1,ESM-2 650M + ESM-1b 650M,5,0.24,0.8666666666666667,1.0,11,2,1,1
NARS1,ESM-2 650M + CaLM,1,0.96,0.875,0.5,10,3,1,2
NARS1,ESM-2 650M + CaLM,2,0.01,1.0,0.5,10,3,2,1
NARS1,ESM-2 650M + CaLM,3,0.04,0.84,1.0,10,3,2,1
NARS1,ESM-2 650M + CaLM,4,0.04,0.8666666666666667,1.0,11,2,1,1
NARS1,ESM-2 650M + CaLM,5,0.0,0.8666666666666667,1.0,11,2,1,1
NARS1,ESM-2 150M + CaLM,1,0.05,0.7916666666666666,1.0,10,3,1,2
NARS1,ESM-2 150M + CaLM,2,0.05,0.84,1.0,10,3,2,1
NARS1,ESM-2 150M + CaLM,3,0.05,0.8,1.0,10,3,2,1
NARS1,ESM-2 150M + CaLM,4,0.0,0.8666666666666667,0.0,11,2,1,1
NARS1,ESM-2 150M + CaLM,5,0.05,0.9666666666666668,0.0,11,2,1,1
NARS1,ESM-1b 650M + CaLM,1,0.14,0.9583333333333334,0.5,10,3,1,2
NARS1,ESM-1b 650M + CaLM,2,0.0,0.8,1.0,10,3,2,1
NARS1,ESM-1b 650M + CaLM,3,0.9,0.84,0.5,10,3,2,1
NARS1,ESM-1b 650M + CaLM,4,0.27,0.8333333333333334,1.0,11,2,1,1
NARS1,ESM-1b 650M + CaLM,5,0.27,0.8,1.0,11,2,1,1
NEU1,ESM-2 150M + 650M,1,0.88,0.9714285714285714,0.5,19,5,3,2
NEU1,ESM-2 150M + 650M,2,0.36,0.7428571428571429,1.0,19,5,3,2
NEU1,ESM-2 150M + 650M,3,0.53,0.7948717948717948,1.0,19,5,4,1
NEU1,ESM-2 150M + 650M,4,0.53,0.8205128205128205,0.75,19,5,4,1
NEU1,ESM-2 150M + 650M,5,0.51,0.8214285714285714,1.0,20,4,3,1
NEU1,ESM-2 650M + ESM-1b 650M,1,0.74,0.8142857142857143,1.0,19,5,3,2
NEU1,ESM-2 650M + ESM-1b 650M,2,0.14,0.8285714285714286,1.0,19,5,3,2
NEU1,ESM-2 650M + ESM-1b 650M,3,0.31,0.9102564102564102,0.75,19,5,4,1
NEU1,ESM-2 650M + ESM-1b 650M,4,0.14,0.9487179487179488,0.25,19,5,4,1
NEU1,ESM-2 650M + ESM-1b 650M,5,0.14,0.8571428571428571,1.0,20,4,3,1
NEU1,ESM-2 650M + CaLM,1,0.0,0.9285714285714286,0.5,19,5,3,2
NEU1,ESM-2 650M + CaLM,2,0.03,0.8,0.8333333333333334,19,5,3,2
NEU1,ESM-2 650M + CaLM,3,0.12,0.8076923076923077,1.0,19,5,4,1
NEU1,ESM-2 650M + CaLM,4,0.03,0.7948717948717948,1.0,19,5,4,1
NEU1,ESM-2 650M + CaLM,5,0.12,0.8214285714285714,1.0,20,4,3,1
NEU1,ESM-2 150M + CaLM,1,0.0,0.8,0.3333333333333333,19,5,3,2
NEU1,ESM-2 150M + CaLM,2,0.0,0.8571428571428571,0.6666666666666666,19,5,3,2
NEU1,ESM-2 150M + CaLM,3,0.0,0.7564102564102564,1.0,19,5,4,1
NEU1,ESM-2 150M + CaLM,4,0.0,0.7435897435897436,1.0,19,5,4,1
NEU1,ESM-2 150M + CaLM,5,0.0,0.7142857142857143,1.0,20,4,3,1
NEU1,ESM-1b 650M + CaLM,1,0.23,0.8142857142857143,1.0,19,5,3,2
NEU1,ESM-1b 650M + CaLM,2,0.23,0.9428571428571428,0.8333333333333334,19,5,3,2
NEU1,ESM-1b 650M + CaLM,3,0.23,0.8461538461538461,1.0,19,5,4,1
NEU1,ESM-1b 650M + CaLM,4,0.0,0.8589743589743589,0.75,19,5,4,1
NEU1,ESM-1b 650M + CaLM,5,0.23,0.9166666666666666,0.6666666666666666,20,4,3,1
NGLY1,ESM-2 150M + 650M,1,0.0,0.85,1.0,9,3,1,2
NGLY1,ESM-2 150M + 650M,2,0.0,1.0,1.0,9,3,2,1
NGLY1,ESM-2 150M + 650M,3,0.0,0.88,1.0,10,2,1,1
NGLY1,ESM-2 150M + 650M,4,0.0,0.88,1.0,10,2,1,1
NGLY1,ESM-2 150M + 650M,5,0.0,0.88,1.0,10,2,1,1
NGLY1,ESM-2 650M + ESM-1b 650M,1,0.0,0.85,1.0,9,3,1,2
NGLY1,ESM-2 650M + ESM-1b 650M,2,0.0,0.8,1.0,9,3,2,1
NGLY1,ESM-2 650M + ESM-1b 650M,3,0.0,0.84,1.0,10,2,1,1
NGLY1,ESM-2 650M + ESM-1b 650M,4,0.0,0.8,1.0,10,2,1,1
NGLY1,ESM-2 650M + ESM-1b 650M,5,0.0,1.0,0.0,10,2,1,1
NGLY1,ESM-2 650M + CaLM,1,0.0,0.85,1.0,9,3,1,2
NGLY1,ESM-2 650M + CaLM,2,0.0,0.8,1.0,9,3,2,1
NGLY1,ESM-2 650M + CaLM,3,0.0,0.8,1.0,10,2,1,1
NGLY1,ESM-2 650M + CaLM,4,0.0,1.0,0.0,10,2,1,1
NGLY1,ESM-2 650M + CaLM,5,0.0,0.84,1.0,10,2,1,1
NGLY1,ESM-2 150M + CaLM,1,0.0,0.85,1.0,9,3,1,2
NGLY1,ESM-2 150M + CaLM,2,0.0,0.85,1.0,9,3,2,1
NGLY1,ESM-2 150M + CaLM,3,0.0,0.88,1.0,10,2,1,1
NGLY1,ESM-2 150M + CaLM,4,0.0,1.0,0.0,10,2,1,1
NGLY1,ESM-2 150M + CaLM,5,0.0,0.84,1.0,10,2,1,1
NGLY1,ESM-1b 650M + CaLM,1,0.0,0.8,1.0,9,3,1,2
NGLY1,ESM-1b 650M + CaLM,2,0.0,0.8,1.0,9,3,2,1
NGLY1,ESM-1b 650M + CaLM,3,0.0,0.84,1.0,10,2,1,1
NGLY1,ESM-1b 650M + CaLM,4,0.0,0.84,1.0,10,2,1,1
NGLY1,ESM-1b 650M + CaLM,5,0.0,1.0,0.0,10,2,1,1
NOD2,ESM-2 150M + 650M,1,0.89,0.8928571428571429,1.0,31,8,2,6
NOD2,ESM-2 150M + 650M,2,0.78,0.9642857142857144,0.75,31,8,2,6
NOD2,ESM-2 150M + 650M,3,0.72,0.8988095238095238,0.9166666666666666,31,8,2,6
NOD2,ESM-2 150M + 650M,4,0.63,0.8869047619047619,1.0,31,8,2,6
NOD2,ESM-2 150M + 650M,5,0.78,0.9166666666666666,0.8333333333333334,32,7,1,6
NOD2,ESM-2 650M + ESM-1b 650M,1,0.08,0.9226190476190476,0.8333333333333334,31,8,2,6
NOD2,ESM-2 650M + ESM-1b 650M,2,0.0,0.9166666666666666,0.8333333333333334,31,8,2,6
NOD2,ESM-2 650M + ESM-1b 650M,3,0.2,0.8988095238095238,1.0,31,8,2,6
NOD2,ESM-2 650M + ESM-1b 650M,4,0.3,0.9821428571428572,0.6666666666666666,31,8,2,6
NOD2,ESM-2 650M + ESM-1b 650M,5,0.2,0.9114583333333334,1.0,32,7,1,6
NOD2,ESM-2 650M + CaLM,1,0.0,0.8988095238095238,0.9166666666666666,31,8,2,6
NOD2,ESM-2 650M + CaLM,2,0.1,0.9761904761904762,0.8333333333333334,31,8,2,6
NOD2,ESM-2 650M + CaLM,3,0.24,0.8928571428571429,1.0,31,8,2,6
NOD2,ESM-2 650M + CaLM,4,0.02,0.9226190476190476,0.9166666666666666,31,8,2,6
NOD2,ESM-2 650M + CaLM,5,0.39,0.9322916666666666,0.8333333333333334,32,7,1,6
NOD2,ESM-2 150M + CaLM,1,0.45,0.9166666666666666,0.5,31,8,2,6
NOD2,ESM-2 150M + CaLM,2,0.47,0.7738095238095238,1.0,31,8,2,6
NOD2,ESM-2 150M + CaLM,3,0.6,0.8035714285714286,0.8333333333333334,31,8,2,6
NOD2,ESM-2 150M + CaLM,4,0.11,0.8214285714285714,0.8333333333333334,31,8,2,6
NOD2,ESM-2 150M + CaLM,5,0.48,0.828125,0.8333333333333334,32,7,1,6
NOD2,ESM-1b 650M + CaLM,1,0.29,0.8511904761904762,1.0,31,8,2,6
NOD2,ESM-1b 650M + CaLM,2,0.33,0.9702380952380952,0.5,31,8,2,6
NOD2,ESM-1b 650M + CaLM,3,0.0,0.8869047619047619,0.8333333333333334,31,8,2,6
NOD2,ESM-1b 650M + CaLM,4,0.51,0.8809523809523809,0.9166666666666666,31,8,2,6
NOD2,ESM-1b 650M + CaLM,5,0.32,0.8697916666666666,1.0,32,7,1,6
NR0B1,ESM-2 150M + 650M,1,0.16,1.0,1.0,23,6,1,5
NR0B1,ESM-2 150M + 650M,2,0.16,1.0,1.0,23,6,2,4
NR0B1,ESM-2 150M + 650M,3,0.16,1.0,1.0,23,6,2,4
NR0B1,ESM-2 150M + 650M,4,0.0,1.0,1.0,23,6,2,4
NR0B1,ESM-2 150M + 650M,5,0.02,1.0,1.0,24,5,1,4
NR0B1,ESM-2 650M + ESM-1b 650M,1,0.33,0.9910714285714286,1.0,23,6,1,5
NR0B1,ESM-2 650M + ESM-1b 650M,2,0.33,1.0,1.0,23,6,2,4
NR0B1,ESM-2 650M + ESM-1b 650M,3,0.0,0.9901960784313726,1.0,23,6,2,4
NR0B1,ESM-2 650M + ESM-1b 650M,4,0.0,0.9803921568627452,1.0,23,6,2,4
NR0B1,ESM-2 650M + ESM-1b 650M,5,0.33,0.9831932773109244,1.0,24,5,1,4
NR0B1,ESM-2 650M + CaLM,1,0.0,0.9910714285714286,1.0,23,6,1,5
NR0B1,ESM-2 650M + CaLM,2,0.0,0.9705882352941176,1.0,23,6,2,4
NR0B1,ESM-2 650M + CaLM,3,0.0,0.9901960784313726,1.0,23,6,2,4
NR0B1,ESM-2 650M + CaLM,4,0.0,0.9705882352941176,1.0,23,6,2,4
NR0B1,ESM-2 650M + CaLM,5,0.0,0.9915966386554622,1.0,24,5,1,4
NR0B1,ESM-2 150M + CaLM,1,0.0,0.9910714285714286,1.0,23,6,1,5
NR0B1,ESM-2 150M + CaLM,2,0.0,0.9803921568627452,1.0,23,6,2,4
NR0B1,ESM-2 150M + CaLM,3,0.0,1.0,0.875,23,6,2,4
NR0B1,ESM-2 150M + CaLM,4,0.0,0.9803921568627452,1.0,23,6,2,4
NR0B1,ESM-2 150M + CaLM,5,0.0,0.9831932773109244,1.0,24,5,1,4
NR0B1,ESM-1b 650M + CaLM,1,0.0,0.9821428571428572,1.0,23,6,1,5
NR0B1,ESM-1b 650M + CaLM,2,0.0,1.0,0.875,23,6,2,4
NR0B1,ESM-1b 650M + CaLM,3,0.0,0.9705882352941176,1.0,23,6,2,4
NR0B1,ESM-1b 650M + CaLM,4,0.0,0.9705882352941176,1.0,23,6,2,4
NR0B1,ESM-1b 650M + CaLM,5,0.0,0.9831932773109244,1.0,24,5,1,4
NR2F1,ESM-2 150M + 650M,1,0.12,0.9924242424242424,1.0,37,10,9,1
NR2F1,ESM-2 150M + 650M,2,0.04,0.9772727272727272,1.0,37,10,9,1
NR2F1,ESM-2 150M + 650M,3,0.12,0.9632352941176472,1.0,38,9,8,1
NR2F1,ESM-2 150M + 650M,4,0.25,0.9705882352941176,1.0,38,9,8,1
NR2F1,ESM-2 150M + 650M,5,0.04,0.9926470588235294,1.0,38,9,8,1
NR2F1,ESM-2 650M + ESM-1b 650M,1,0.17,1.0,1.0,37,10,9,1
NR2F1,ESM-2 650M + ESM-1b 650M,2,0.01,1.0,1.0,37,10,9,1
NR2F1,ESM-2 650M + ESM-1b 650M,3,0.17,1.0,1.0,38,9,8,1
NR2F1,ESM-2 650M + ESM-1b 650M,4,0.17,1.0,1.0,38,9,8,1
NR2F1,ESM-2 650M + ESM-1b 650M,5,0.17,1.0,1.0,38,9,8,1
NR2F1,ESM-2 650M + CaLM,1,0.12,0.9848484848484848,1.0,37,10,9,1
NR2F1,ESM-2 650M + CaLM,2,0.34,0.9772727272727272,1.0,37,10,9,1
NR2F1,ESM-2 650M + CaLM,3,0.12,0.9852941176470588,1.0,38,9,8,1
NR2F1,ESM-2 650M + CaLM,4,0.04,0.9926470588235294,0.875,38,9,8,1
NR2F1,ESM-2 650M + CaLM,5,0.12,0.9705882352941176,1.0,38,9,8,1
NR2F1,ESM-2 150M + CaLM,1,0.17,1.0,0.8888888888888888,37,10,9,1
NR2F1,ESM-2 150M + CaLM,2,0.13,0.9848484848484848,1.0,37,10,9,1
NR2F1,ESM-2 150M + CaLM,3,0.27,0.9852941176470588,1.0,38,9,8,1
NR2F1,ESM-2 150M + CaLM,4,0.17,0.9779411764705882,1.0,38,9,8,1
NR2F1,ESM-2 150M + CaLM,5,0.14,0.9852941176470588,1.0,38,9,8,1
NR2F1,ESM-1b 650M + CaLM,1,0.35,1.0,1.0,37,10,9,1
NR2F1,ESM-1b 650M + CaLM,2,0.35,1.0,1.0,37,10,9,1
NR2F1,ESM-1b 650M + CaLM,3,0.35,1.0,1.0,38,9,8,1
NR2F1,ESM-1b 650M + CaLM,4,0.0,1.0,0.875,38,9,8,1
NR2F1,ESM-1b 650M + CaLM,5,0.35,1.0,1.0,38,9,8,1
NTRK1,ESM-2 150M + 650M,1,0.0,0.971875,1.0,36,9,5,4
NTRK1,ESM-2 150M + 650M,2,0.0,0.996875,0.9,36,9,5,4
NTRK1,ESM-2 150M + 650M,3,0.0,0.965625,1.0,36,9,5,4
NTRK1,ESM-2 150M + 650M,4,0.0,0.96875,1.0,36,9,5,4
NTRK1,ESM-2 150M + 650M,5,0.45,0.990625,0.95,36,9,5,4
NTRK1,ESM-2 650M + ESM-1b 650M,1,0.75,0.975,1.0,36,9,5,4
NTRK1,ESM-2 650M + ESM-1b 650M,2,0.74,0.978125,1.0,36,9,5,4
NTRK1,ESM-2 650M + ESM-1b 650M,3,0.8300000000000001,0.984375,1.0,36,9,5,4
NTRK1,ESM-2 650M + ESM-1b 650M,4,0.74,0.98125,1.0,36,9,5,4
NTRK1,ESM-2 650M + ESM-1b 650M,5,0.75,0.99375,0.9,36,9,5,4
NTRK1,ESM-2 650M + CaLM,1,0.15,0.94375,1.0,36,9,5,4
NTRK1,ESM-2 650M + CaLM,2,0.45,0.946875,0.95,36,9,5,4
NTRK1,ESM-2 650M + CaLM,3,0.15,0.95,0.95,36,9,5,4
NTRK1,ESM-2 650M + CaLM,4,0.45,0.98125,0.9,36,9,5,4
NTRK1,ESM-2 650M + CaLM,5,0.0,0.934375,1.0,36,9,5,4
NTRK1,ESM-2 150M + CaLM,1,0.0,0.971875,1.0,36,9,5,4
NTRK1,ESM-2 150M + CaLM,2,0.0,0.96875,1.0,36,9,5,4
NTRK1,ESM-2 150M + CaLM,3,0.0,0.975,0.95,36,9,5,4
NTRK1,ESM-2 150M + CaLM,4,0.0,0.996875,0.95,36,9,5,4
NTRK1,ESM-2 150M + CaLM,5,0.0,0.96875,1.0,36,9,5,4
NTRK1,ESM-1b 650M + CaLM,1,0.0,0.96875,1.0,36,9,5,4
NTRK1,ESM-1b 650M + CaLM,2,0.02,0.96875,1.0,36,9,5,4
NTRK1,ESM-1b 650M + CaLM,3,0.02,0.99375,0.9,36,9,5,4
NTRK1,ESM-1b 650M + CaLM,4,0.02,0.98125,1.0,36,9,5,4
NTRK1,ESM-1b 650M + CaLM,5,0.0,0.978125,1.0,36,9,5,4
NUP107,ESM-2 150M + 650M,1,0.9,0.875,1.0,8,2,1,1
NUP107,ESM-2 150M + 650M,2,0.26,0.9375,0.0,8,2,1,1
NUP107,ESM-2 150M + 650M,3,0.26,0.8125,1.0,8,2,1,1
NUP107,ESM-2 150M + 650M,4,0.9,0.75,1.0,8,2,1,1
NUP107,ESM-2 150M + 650M,5,0.9,0.875,1.0,8,2,1,1
NUP107,ESM-2 650M + ESM-1b 650M,1,0.01,0.875,1.0,8,2,1,1
NUP107,ESM-2 650M + ESM-1b 650M,2,0.16,1.0,1.0,8,2,1,1
NUP107,ESM-2 650M + ESM-1b 650M,3,0.0,0.9375,1.0,8,2,1,1
NUP107,ESM-2 650M + ESM-1b 650M,4,0.01,0.875,1.0,8,2,1,1
NUP107,ESM-2 650M + ESM-1b 650M,5,0.0,0.8125,1.0,8,2,1,1
NUP107,ESM-2 650M + CaLM,1,0.21,1.0,0.0,8,2,1,1
NUP107,ESM-2 650M + CaLM,2,0.0,0.75,1.0,8,2,1,1
NUP107,ESM-2 650M + CaLM,3,0.0,0.875,1.0,8,2,1,1
NUP107,ESM-2 650M + CaLM,4,0.0,0.8125,1.0,8,2,1,1
NUP107,ESM-2 650M + CaLM,5,0.0,0.875,1.0,8,2,1,1
NUP107,ESM-2 150M + CaLM,1,0.84,0.9375,0.0,8,2,1,1
NUP107,ESM-2 150M + CaLM,2,0.84,0.75,1.0,8,2,1,1
NUP107,ESM-2 150M + CaLM,3,0.74,0.75,1.0,8,2,1,1
NUP107,ESM-2 150M + CaLM,4,0.84,0.75,1.0,8,2,1,1
NUP107,ESM-2 150M + CaLM,5,0.74,0.8125,1.0,8,2,1,1
NUP107,ESM-1b 650M + CaLM,1,0.85,0.9375,0.0,8,2,1,1
NUP107,ESM-1b 650M + CaLM,2,0.46,0.875,1.0,8,2,1,1
NUP107,ESM-1b 650M + CaLM,3,0.46,0.875,1.0,8,2,1,1
NUP107,ESM-1b 650M + CaLM,4,0.0,1.0,1.0,8,2,1,1
NUP107,ESM-1b 650M + CaLM,5,0.0,0.8125,1.0,8,2,1,1
OCA2,ESM-2 150M + 650M,1,0.92,0.975328947368421,1.0,51,13,8,5
OCA2,ESM-2 150M + 650M,2,0.95,0.9950657894736842,0.925,51,13,8,5
OCA2,ESM-2 150M + 650M,3,0.95,0.9835526315789472,1.0,51,13,8,5
OCA2,ESM-2 150M + 650M,4,0.85,0.9736842105263158,1.0,51,13,8,5
OCA2,ESM-2 150M + 650M,5,0.59,0.9875,0.9375,52,12,8,4
OCA2,ESM-2 650M + ESM-1b 650M,1,0.02,0.9901315789473684,0.95,51,13,8,5
OCA2,ESM-2 650M + ESM-1b 650M,2,0.21,0.975328947368421,1.0,51,13,8,5
OCA2,ESM-2 650M + ESM-1b 650M,3,0.21,0.981907894736842,1.0,51,13,8,5
OCA2,ESM-2 650M + ESM-1b 650M,4,0.21,0.9786184210526316,1.0,51,13,8,5
OCA2,ESM-2 650M + ESM-1b 650M,5,0.0,0.990625,0.9375,52,12,8,4
OCA2,ESM-2 650M + CaLM,1,0.36,0.9917763157894736,0.975,51,13,8,5
OCA2,ESM-2 650M + CaLM,2,0.36,0.9884868421052632,0.975,51,13,8,5
OCA2,ESM-2 650M + CaLM,3,0.1,0.9901315789473684,0.975,51,13,8,5
OCA2,ESM-2 650M + CaLM,4,0.1,0.9884868421052632,0.975,51,13,8,5
OCA2,ESM-2 650M + CaLM,5,0.24,0.98125,1.0,52,12,8,4
OCA2,ESM-2 150M + CaLM,1,0.51,0.9720394736842104,1.0,51,13,8,5
OCA2,ESM-2 150M + CaLM,2,0.56,0.9736842105263158,0.975,51,13,8,5
OCA2,ESM-2 150M + CaLM,3,0.38,0.962171052631579,1.0,51,13,8,5
OCA2,ESM-2 150M + CaLM,4,0.53,0.9736842105263158,0.95,51,13,8,5
OCA2,ESM-2 150M + CaLM,5,0.46,0.984375,0.875,52,12,8,4
OCA2,ESM-1b 650M + CaLM,1,0.72,0.9967105263157896,0.825,51,13,8,5
OCA2,ESM-1b 650M + CaLM,2,0.39,0.9588815789473684,1.0,51,13,8,5
OCA2,ESM-1b 650M + CaLM,3,0.39,0.9671052631578948,1.0,51,13,8,5
OCA2,ESM-1b 650M + CaLM,4,0.51,0.9769736842105264,0.925,51,13,8,5
OCA2,ESM-1b 650M + CaLM,5,0.54,0.9625,1.0,52,12,8,4
OCRL,ESM-2 150M + 650M,1,0.32,0.9861111111111112,1.0,43,11,4,7
OCRL,ESM-2 150M + 650M,2,0.0,0.9907407407407408,0.9642857142857144,43,11,4,7
OCRL,ESM-2 150M + 650M,3,0.48,1.0,0.9285714285714286,43,11,4,7
OCRL,ESM-2 150M + 650M,4,0.32,0.9861111111111112,1.0,43,11,4,7
OCRL,ESM-2 150M + 650M,5,0.32,0.9933035714285714,1.0,44,10,4,6
OCRL,ESM-2 650M + ESM-1b 650M,1,0.92,0.9976851851851852,1.0,43,11,4,7
OCRL,ESM-2 650M + ESM-1b 650M,2,0.92,0.9976851851851852,1.0,43,11,4,7
OCRL,ESM-2 650M + ESM-1b 650M,3,0.92,0.9976851851851852,1.0,43,11,4,7
OCRL,ESM-2 650M + ESM-1b 650M,4,0.0,1.0,0.9285714285714286,43,11,4,7
OCRL,ESM-2 650M + ESM-1b 650M,5,0.62,1.0,1.0,44,10,4,6
OCRL,ESM-2 650M + CaLM,1,0.5,1.0,1.0,43,11,4,7
OCRL,ESM-2 650M + CaLM,2,0.0,1.0,1.0,43,11,4,7
OCRL,ESM-2 650M + CaLM,3,0.5,0.9976851851851852,1.0,43,11,4,7
OCRL,ESM-2 650M + CaLM,4,0.5,0.9976851851851852,1.0,43,11,4,7
OCRL,ESM-2 650M + CaLM,5,0.39,0.9977678571428572,1.0,44,10,4,6
OCRL,ESM-2 150M + CaLM,1,0.41,0.9976851851851852,1.0,43,11,4,7
OCRL,ESM-2 150M + CaLM,2,0.56,0.9953703703703703,1.0,43,11,4,7
OCRL,ESM-2 150M + CaLM,3,0.0,1.0,0.8214285714285714,43,11,4,7
OCRL,ESM-2 150M + CaLM,4,0.41,0.9930555555555556,1.0,43,11,4,7
OCRL,ESM-2 150M + CaLM,5,0.41,0.9933035714285714,1.0,44,10,4,6
OCRL,ESM-1b 650M + CaLM,1,0.5,1.0,1.0,43,11,4,7
OCRL,ESM-1b 650M + CaLM,2,0.0,1.0,1.0,43,11,4,7
OCRL,ESM-1b 650M + CaLM,3,0.5,1.0,1.0,43,11,4,7
OCRL,ESM-1b 650M + CaLM,4,0.0,1.0,1.0,43,11,4,7
OCRL,ESM-1b 650M + CaLM,5,0.5,1.0,1.0,44,10,4,6
OFD1,ESM-2 150M + 650M,1,0.25,0.9555555555555556,1.0,21,6,2,4
OFD1,ESM-2 150M + 650M,2,0.0,0.9777777777777776,1.0,21,6,2,4
OFD1,ESM-2 150M + 650M,3,0.25,0.9714285714285714,1.0,22,5,1,4
OFD1,ESM-2 150M + 650M,4,0.0,0.961904761904762,1.0,22,5,1,4
OFD1,ESM-2 150M + 650M,5,0.25,0.9895833333333334,1.0,22,5,2,3
OFD1,ESM-2 650M + ESM-1b 650M,1,0.0,0.9777777777777776,0.875,21,6,2,4
OFD1,ESM-2 650M + ESM-1b 650M,2,0.8200000000000001,0.9333333333333332,1.0,21,6,2,4
OFD1,ESM-2 650M + ESM-1b 650M,3,0.8,0.9714285714285714,0.75,22,5,1,4
OFD1,ESM-2 650M + ESM-1b 650M,4,0.8200000000000001,0.923809523809524,1.0,22,5,1,4
OFD1,ESM-2 650M + ESM-1b 650M,5,0.8200000000000001,0.9375,1.0,22,5,2,3
OFD1,ESM-2 650M + CaLM,1,0.6,0.8888888888888888,1.0,21,6,2,4
OFD1,ESM-2 650M + CaLM,2,0.6,0.8666666666666667,1.0,21,6,2,4
OFD1,ESM-2 650M + CaLM,3,0.0,0.9523809523809524,0.75,22,5,1,4
OFD1,ESM-2 650M + CaLM,4,0.0,0.9428571428571428,0.5,22,5,1,4
OFD1,ESM-2 650M + CaLM,5,0.0,0.8958333333333334,1.0,22,5,2,3
OFD1,ESM-2 150M + CaLM,1,0.01,0.9777777777777776,0.875,21,6,2,4
OFD1,ESM-2 150M + CaLM,2,0.49,0.9888888888888888,0.875,21,6,2,4
OFD1,ESM-2 150M + CaLM,3,0.01,0.961904761904762,1.0,22,5,1,4
OFD1,ESM-2 150M + CaLM,4,0.01,0.9523809523809524,1.0,22,5,1,4
OFD1,ESM-2 150M + CaLM,5,0.0,0.96875,1.0,22,5,2,3
OFD1,ESM-1b 650M + CaLM,1,0.27,0.9444444444444444,1.0,21,6,2,4
OFD1,ESM-1b 650M + CaLM,2,0.37,0.9444444444444444,1.0,21,6,2,4
OFD1,ESM-1b 650M + CaLM,3,0.27,0.9428571428571428,1.0,22,5,1,4
OFD1,ESM-1b 650M + CaLM,4,0.37,0.9523809523809524,1.0,22,5,1,4
OFD1,ESM-1b 650M + CaLM,5,0.0,1.0,0.6666666666666666,22,5,2,3
OPA1,ESM-2 150M + 650M,1,1.0,0.9052059052059052,1.0,72,19,9,10
OPA1,ESM-2 150M + 650M,2,0.77,0.947209653092006,0.825,73,18,8,10
OPA1,ESM-2 150M + 650M,3,1.0,0.918552036199095,0.9875,73,18,8,10
OPA1,ESM-2 150M + 650M,4,1.0,0.9547511312217196,0.8625,73,18,8,10
OPA1,ESM-2 150M + 650M,5,0.87,0.9143939393939394,0.9753086419753086,73,18,9,9
OPA1,ESM-2 650M + ESM-1b 650M,1,0.6900000000000001,0.9572649572649572,0.8888888888888888,72,19,9,10
OPA1,ESM-2 650M + ESM-1b 650M,2,0.6,0.94947209653092,0.925,73,18,8,10
OPA1,ESM-2 650M + ESM-1b 650M,3,0.33,0.9562594268476622,0.8875,73,18,8,10
OPA1,ESM-2 650M + ESM-1b 650M,4,0.19,0.9396681749622926,0.95,73,18,8,10
OPA1,ESM-2 650M + ESM-1b 650M,5,0.6,0.9287878787878788,1.0,73,18,9,9
OPA1,ESM-2 650M + CaLM,1,0.58,0.9347319347319348,1.0,72,19,9,10
OPA1,ESM-2 650M + CaLM,2,0.6,0.9675716440422324,0.85,73,18,8,10
OPA1,ESM-2 650M + CaLM,3,0.6,0.9441930618401206,0.975,73,18,8,10
OPA1,ESM-2 650M + CaLM,4,0.61,0.9539969834087482,0.9,73,18,8,10
OPA1,ESM-2 650M + CaLM,5,0.43,0.9416666666666668,0.9506172839506172,73,18,9,9
OPA1,ESM-2 150M + CaLM,1,0.72,0.9075369075369076,0.9777777777777776,72,19,9,10
OPA1,ESM-2 150M + CaLM,2,0.63,0.9374057315233786,0.8625,73,18,8,10
OPA1,ESM-2 150M + CaLM,3,0.47,0.918552036199095,0.925,73,18,8,10
OPA1,ESM-2 150M + CaLM,4,0.43,0.9110105580693816,0.9625,73,18,8,10
OPA1,ESM-2 150M + CaLM,5,0.38,0.9416666666666668,0.7777777777777778,73,18,9,9
OPA1,ESM-1b 650M + CaLM,1,0.45,0.9331779331779332,1.0,72,19,9,10
OPA1,ESM-1b 650M + CaLM,2,0.55,0.9366515837104072,0.9875,73,18,8,10
OPA1,ESM-1b 650M + CaLM,3,0.43,0.9917043740573152,0.7625,73,18,8,10
OPA1,ESM-1b 650M + CaLM,4,0.4,0.9283559577677224,1.0,73,18,8,10
OPA1,ESM-1b 650M + CaLM,5,0.48,0.9492424242424242,0.9753086419753086,73,18,9,9
OPHN1,ESM-2 150M + 650M,1,0.0,0.8333333333333334,1.0,13,4,2,2
OPHN1,ESM-2 150M + 650M,2,0.0,0.8809523809523809,0.75,13,4,2,2
OPHN1,ESM-2 150M + 650M,3,0.0,0.8367346938775511,1.0,14,3,1,2
OPHN1,ESM-2 150M + 650M,4,0.78,0.8367346938775511,1.0,14,3,1,2
OPHN1,ESM-2 150M + 650M,5,0.1,0.9791666666666666,0.5,14,3,2,1
OPHN1,ESM-2 650M + ESM-1b 650M,1,0.05,0.8809523809523809,1.0,13,4,2,2
OPHN1,ESM-2 650M + ESM-1b 650M,2,0.05,0.8333333333333334,1.0,13,4,2,2
OPHN1,ESM-2 650M + ESM-1b 650M,3,0.54,0.8775510204081632,1.0,14,3,1,2
OPHN1,ESM-2 650M + ESM-1b 650M,4,0.05,0.8775510204081632,1.0,14,3,1,2
OPHN1,ESM-2 650M + ESM-1b 650M,5,0.54,0.9791666666666666,0.5,14,3,2,1
OPHN1,ESM-2 650M + CaLM,1,0.56,0.8571428571428571,1.0,13,4,2,2
OPHN1,ESM-2 650M + CaLM,2,0.86,0.8809523809523809,1.0,13,4,2,2
OPHN1,ESM-2 650M + CaLM,3,0.56,0.9183673469387756,1.0,14,3,1,2
OPHN1,ESM-2 650M + CaLM,4,0.56,0.8979591836734694,1.0,14,3,1,2
OPHN1,ESM-2 650M + CaLM,5,0.46,0.9791666666666666,0.5,14,3,2,1
OPHN1,ESM-2 150M + CaLM,1,0.55,0.9047619047619048,0.75,13,4,2,2
OPHN1,ESM-2 150M + CaLM,2,0.5700000000000001,0.9047619047619048,1.0,13,4,2,2
OPHN1,ESM-2 150M + CaLM,3,0.5700000000000001,0.8775510204081632,1.0,14,3,1,2
OPHN1,ESM-2 150M + CaLM,4,0.5700000000000001,0.8775510204081632,1.0,14,3,1,2
OPHN1,ESM-2 150M + CaLM,5,0.0,0.9791666666666666,1.0,14,3,2,1
OPHN1,ESM-1b 650M + CaLM,1,0.0,0.9761904761904762,0.5,13,4,2,2
OPHN1,ESM-1b 650M + CaLM,2,0.0,0.8333333333333334,1.0,13,4,2,2
OPHN1,ESM-1b 650M + CaLM,3,0.0,0.8775510204081632,1.0,14,3,1,2
OPHN1,ESM-1b 650M + CaLM,4,0.0,0.8979591836734694,1.0,14,3,1,2
OPHN1,ESM-1b 650M + CaLM,5,0.84,0.9166666666666666,1.0,14,3,2,1
OTC,ESM-2 150M + 650M,1,0.35,0.9008264462809916,0.7575757575757576,99,25,22,3
OTC,ESM-2 150M + 650M,2,0.56,0.8667355371900827,0.9242424242424242,99,25,22,3
OTC,ESM-2 150M + 650M,3,0.53,0.8605371900826446,0.9545454545454546,99,25,22,3
OTC,ESM-2 150M + 650M,4,0.38,0.918388429752066,0.7121212121212122,99,25,22,3
OTC,ESM-2 150M + 650M,5,0.48,0.865530303030303,1.0,100,24,22,2
OTC,ESM-2 650M + ESM-1b 650M,1,0.91,0.9617768595041324,0.5454545454545454,99,25,22,3
OTC,ESM-2 650M + ESM-1b 650M,2,0.17,0.8708677685950413,0.9696969696969696,99,25,22,3
OTC,ESM-2 650M + ESM-1b 650M,3,0.45,0.8791322314049587,0.9090909090909092,99,25,22,3
OTC,ESM-2 650M + ESM-1b 650M,4,0.36,0.8667355371900827,0.9545454545454546,99,25,22,3
OTC,ESM-2 650M + ESM-1b 650M,5,0.5,0.8778409090909091,0.9772727272727272,100,24,22,2
OTC,ESM-2 650M + CaLM,1,0.23,0.8842975206611571,0.8484848484848485,99,25,22,3
OTC,ESM-2 650M + CaLM,2,0.37,0.9380165289256198,0.6060606060606061,99,25,22,3
OTC,ESM-2 650M + CaLM,3,0.37,0.8543388429752066,1.0,99,25,22,3
OTC,ESM-2 650M + CaLM,4,0.27,0.84400826446281,1.0,99,25,22,3
OTC,ESM-2 650M + CaLM,5,0.27,0.8901515151515151,0.8636363636363636,100,24,22,2
OTC,ESM-2 150M + CaLM,1,0.56,0.8822314049586777,0.9090909090909092,99,25,22,3
OTC,ESM-2 150M + CaLM,2,0.29,0.8884297520661157,0.8333333333333334,99,25,22,3
OTC,ESM-2 150M + CaLM,3,0.55,0.868801652892562,0.9090909090909092,99,25,22,3
OTC,ESM-2 150M + CaLM,4,0.34,0.9225206611570248,0.7121212121212122,99,25,22,3
OTC,ESM-2 150M + CaLM,5,0.29,0.8513257575757576,1.0,100,24,22,2
OTC,ESM-1b 650M + CaLM,1,0.09,0.871900826446281,0.9242424242424242,99,25,22,3
OTC,ESM-1b 650M + CaLM,2,0.21,0.8915289256198347,0.8484848484848485,99,25,22,3
OTC,ESM-1b 650M + CaLM,3,0.4,0.8956611570247934,0.8181818181818182,99,25,22,3
OTC,ESM-1b 650M + CaLM,4,0.21,0.8987603305785123,0.8484848484848485,99,25,22,3
OTC,ESM-1b 650M + CaLM,5,0.11,0.8645833333333334,1.0,100,24,22,2
PADI6,ESM-2 150M + 650M,1,0.8200000000000001,0.8,0.0,9,3,2,1
PADI6,ESM-2 150M + 650M,2,0.8300000000000001,0.45,1.0,9,3,2,1
PADI6,ESM-2 150M + 650M,3,0.8300000000000001,0.75,0.0,10,2,1,1
PADI6,ESM-2 150M + 650M,4,0.39,0.625,1.0,10,2,1,1
PADI6,ESM-2 150M + 650M,5,0.64,0.75,0.0,10,2,1,1
PADI6,ESM-2 650M + ESM-1b 650M,1,0.58,0.9,1.0,9,3,2,1
PADI6,ESM-2 650M + ESM-1b 650M,2,0.58,0.9,1.0,9,3,2,1
PADI6,ESM-2 650M + ESM-1b 650M,3,0.5700000000000001,0.875,1.0,10,2,1,1
PADI6,ESM-2 650M + ESM-1b 650M,4,0.55,1.0,0.0,10,2,1,1
PADI6,ESM-2 650M + ESM-1b 650M,5,0.58,0.875,1.0,10,2,1,1
PADI6,ESM-2 650M + CaLM,1,0.39,0.9,0.5,9,3,2,1
PADI6,ESM-2 650M + CaLM,2,0.56,0.9,1.0,9,3,2,1
PADI6,ESM-2 650M + CaLM,3,0.56,0.8333333333333334,1.0,10,2,1,1
PADI6,ESM-2 650M + CaLM,4,0.56,0.9166666666666666,1.0,10,2,1,1
PADI6,ESM-2 650M + CaLM,5,0.56,0.9166666666666666,1.0,10,2,1,1
PADI6,ESM-2 150M + CaLM,1,0.0,0.5,0.5,9,3,2,1
PADI6,ESM-2 150M + CaLM,2,0.0,0.6,0.5,9,3,2,1
PADI6,ESM-2 150M + CaLM,3,0.16,0.5833333333333334,0.0,10,2,1,1
PADI6,ESM-2 150M + CaLM,4,0.0,0.5,1.0,10,2,1,1
PADI6,ESM-2 150M + CaLM,5,0.92,0.7083333333333334,0.0,10,2,1,1
PADI6,ESM-1b 650M + CaLM,1,0.38,1.0,1.0,9,3,2,1
PADI6,ESM-1b 650M + CaLM,2,0.22,1.0,1.0,9,3,2,1
PADI6,ESM-1b 650M + CaLM,3,0.04,0.9166666666666666,1.0,10,2,1,1
PADI6,ESM-1b 650M + CaLM,4,0.04,0.9166666666666666,1.0,10,2,1,1
PADI6,ESM-1b 650M + CaLM,5,0.0,1.0,0.0,10,2,1,1
PAFAH1B1,ESM-2 150M + 650M,1,0.0,0.9603174603174603,0.8571428571428571,37,10,7,3
PAFAH1B1,ESM-2 150M + 650M,2,0.0,0.9563492063492064,0.8571428571428571,37,10,7,3
PAFAH1B1,ESM-2 150M + 650M,3,0.0,0.9357142857142856,1.0,38,9,7,2
PAFAH1B1,ESM-2 150M + 650M,4,0.0,0.9428571428571428,1.0,38,9,7,2
PAFAH1B1,ESM-2 150M + 650M,5,0.0,0.9178571428571428,1.0,38,9,7,2
PAFAH1B1,ESM-2 650M + ESM-1b 650M,1,0.42,0.9087301587301588,1.0,37,10,7,3
PAFAH1B1,ESM-2 650M + ESM-1b 650M,2,0.66,0.9444444444444444,0.8571428571428571,37,10,7,3
PAFAH1B1,ESM-2 650M + ESM-1b 650M,3,0.11,0.9,1.0,38,9,7,2
PAFAH1B1,ESM-2 650M + ESM-1b 650M,4,0.11,0.9357142857142856,0.8571428571428571,38,9,7,2
PAFAH1B1,ESM-2 650M + ESM-1b 650M,5,0.48,0.9214285714285714,0.9285714285714286,38,9,7,2
PAFAH1B1,ESM-2 650M + CaLM,1,0.96,0.9404761904761904,1.0,37,10,7,3
PAFAH1B1,ESM-2 650M + CaLM,2,0.96,0.9404761904761904,1.0,37,10,7,3
PAFAH1B1,ESM-2 650M + CaLM,3,0.8,0.9285714285714286,1.0,38,9,7,2
PAFAH1B1,ESM-2 650M + CaLM,4,0.8,0.95,0.8571428571428571,38,9,7,2
PAFAH1B1,ESM-2 650M + CaLM,5,0.96,0.9714285714285714,0.7142857142857143,38,9,7,2
PAFAH1B1,ESM-2 150M + CaLM,1,0.75,0.988095238095238,0.8095238095238095,37,10,7,3
PAFAH1B1,ESM-2 150M + CaLM,2,0.0,0.9603174603174603,0.8571428571428571,37,10,7,3
PAFAH1B1,ESM-2 150M + CaLM,3,0.87,0.9464285714285714,1.0,38,9,7,2
PAFAH1B1,ESM-2 150M + CaLM,4,0.5700000000000001,0.9392857142857144,1.0,38,9,7,2
PAFAH1B1,ESM-2 150M + CaLM,5,0.87,0.925,1.0,38,9,7,2
PAFAH1B1,ESM-1b 650M + CaLM,1,0.96,0.9523809523809524,0.9523809523809524,37,10,7,3
PAFAH1B1,ESM-1b 650M + CaLM,2,0.96,0.9404761904761904,1.0,37,10,7,3
PAFAH1B1,ESM-1b 650M + CaLM,3,0.48,0.9428571428571428,0.9285714285714286,38,9,7,2
PAFAH1B1,ESM-1b 650M + CaLM,4,0.99,0.9392857142857144,1.0,38,9,7,2
PAFAH1B1,ESM-1b 650M + CaLM,5,0.8300000000000001,0.9642857142857144,0.8571428571428571,38,9,7,2
PANK2,ESM-2 150M + 650M,1,0.23,0.8482142857142857,1.0,32,8,7,1
PANK2,ESM-2 150M + 650M,2,0.23,0.9107142857142856,0.5714285714285714,32,8,7,1
PANK2,ESM-2 150M + 650M,3,0.16,0.8125,1.0,32,8,7,1
PANK2,ESM-2 150M + 650M,4,0.16,0.875,0.7142857142857143,32,8,7,1
PANK2,ESM-2 150M + 650M,5,0.23,0.8392857142857143,1.0,32,8,7,1
PANK2,ESM-2 650M + ESM-1b 650M,1,0.68,0.9732142857142856,1.0,32,8,7,1
PANK2,ESM-2 650M + ESM-1b 650M,2,0.68,0.9732142857142856,1.0,32,8,7,1
PANK2,ESM-2 650M + ESM-1b 650M,3,0.68,0.9732142857142856,1.0,32,8,7,1
PANK2,ESM-2 650M + ESM-1b 650M,4,0.68,0.9732142857142856,1.0,32,8,7,1
PANK2,ESM-2 650M + ESM-1b 650M,5,0.32,1.0,0.8571428571428571,32,8,7,1
PANK2,ESM-2 650M + CaLM,1,0.29,0.8482142857142857,0.8571428571428571,32,8,7,1
PANK2,ESM-2 650M + CaLM,2,0.78,0.8571428571428571,0.8571428571428571,32,8,7,1
PANK2,ESM-2 650M + CaLM,3,0.3,0.875,0.7142857142857143,32,8,7,1
PANK2,ESM-2 650M + CaLM,4,0.09,0.8125,0.8571428571428571,32,8,7,1
PANK2,ESM-2 650M + CaLM,5,0.14,0.8482142857142857,0.7142857142857143,32,8,7,1
PANK2,ESM-2 150M + CaLM,1,0.5700000000000001,0.7946428571428571,1.0,32,8,7,1
PANK2,ESM-2 150M + CaLM,2,0.03,0.8928571428571429,0.7142857142857143,32,8,7,1
PANK2,ESM-2 150M + CaLM,3,0.06,0.875,0.7142857142857143,32,8,7,1
PANK2,ESM-2 150M + CaLM,4,0.5700000000000001,0.8839285714285714,0.7142857142857143,32,8,7,1
PANK2,ESM-2 150M + CaLM,5,0.06,0.8660714285714286,0.8571428571428571,32,8,7,1
PANK2,ESM-1b 650M + CaLM,1,0.0,0.9732142857142856,1.0,32,8,7,1
PANK2,ESM-1b 650M + CaLM,2,0.0,0.9732142857142856,1.0,32,8,7,1
PANK2,ESM-1b 650M + CaLM,3,0.0,1.0,1.0,32,8,7,1
PANK2,ESM-1b 650M + CaLM,4,0.0,0.9732142857142856,1.0,32,8,7,1
PANK2,ESM-1b 650M + CaLM,5,0.0,0.9732142857142856,1.0,32,8,7,1
PAX3,ESM-2 150M + 650M,1,0.12,0.8928571428571429,0.75,32,9,8,1
PAX3,ESM-2 150M + 650M,2,0.3,0.896551724137931,1.0,33,8,7,1
PAX3,ESM-2 150M + 650M,3,0.3,0.9310344827586208,0.8571428571428571,33,8,7,1
PAX3,ESM-2 150M + 650M,4,0.2,0.896551724137931,0.8571428571428571,33,8,7,1
PAX3,ESM-2 150M + 650M,5,0.3,0.9655172413793104,0.7142857142857143,33,8,7,1
PAX3,ESM-2 650M + ESM-1b 650M,1,0.35,0.9196428571428572,1.0,32,9,8,1
PAX3,ESM-2 650M + ESM-1b 650M,2,0.35,0.9310344827586208,1.0,33,8,7,1
PAX3,ESM-2 650M + ESM-1b 650M,3,0.35,0.9482758620689656,0.8571428571428571,33,8,7,1
PAX3,ESM-2 650M + ESM-1b 650M,4,0.12,0.9655172413793104,0.7142857142857143,33,8,7,1
PAX3,ESM-2 650M + ESM-1b 650M,5,0.0,0.9224137931034484,0.8571428571428571,33,8,7,1
PAX3,ESM-2 650M + CaLM,1,0.44,0.9553571428571428,0.875,32,9,8,1
PAX3,ESM-2 650M + CaLM,2,0.44,0.9482758620689656,1.0,33,8,7,1
PAX3,ESM-2 650M + CaLM,3,0.42,0.9310344827586208,1.0,33,8,7,1
PAX3,ESM-2 650M + CaLM,4,0.44,0.9482758620689656,0.8571428571428571,33,8,7,1
PAX3,ESM-2 650M + CaLM,5,0.22,0.9482758620689656,0.8571428571428571,33,8,7,1
PAX3,ESM-2 150M + CaLM,1,0.63,0.9285714285714286,1.0,32,9,8,1
PAX3,ESM-2 150M + CaLM,2,0.32,0.9655172413793104,0.7142857142857143,33,8,7,1
PAX3,ESM-2 150M + CaLM,3,0.63,0.9224137931034484,1.0,33,8,7,1
PAX3,ESM-2 150M + CaLM,4,0.63,0.9051724137931034,1.0,33,8,7,1
PAX3,ESM-2 150M + CaLM,5,0.63,0.9741379310344828,0.7142857142857143,33,8,7,1
PAX3,ESM-1b 650M + CaLM,1,0.31,0.9642857142857144,0.875,32,9,8,1
PAX3,ESM-1b 650M + CaLM,2,0.25,0.9224137931034484,1.0,33,8,7,1
PAX3,ESM-1b 650M + CaLM,3,0.31,0.9655172413793104,0.8571428571428571,33,8,7,1
PAX3,ESM-1b 650M + CaLM,4,0.31,0.9482758620689656,1.0,33,8,7,1
PAX3,ESM-1b 650M + CaLM,5,0.17,0.9482758620689656,1.0,33,8,7,1
PAX8,ESM-2 150M + 650M,1,0.0,1.0,1.0,8,2,1,1
PAX8,ESM-2 150M + 650M,2,0.0,1.0,1.0,8,2,1,1
PAX8,ESM-2 150M + 650M,3,0.0,1.0,1.0,8,2,1,1
PAX8,ESM-2 150M + 650M,4,0.0,1.0,1.0,8,2,1,1
PAX8,ESM-2 150M + 650M,5,0.0,1.0,1.0,8,2,1,1
PAX8,ESM-2 650M + ESM-1b 650M,1,0.0,1.0,1.0,8,2,1,1
PAX8,ESM-2 650M + ESM-1b 650M,2,0.0,1.0,1.0,8,2,1,1
PAX8,ESM-2 650M + ESM-1b 650M,3,0.0,1.0,1.0,8,2,1,1
PAX8,ESM-2 650M + ESM-1b 650M,4,0.0,1.0,1.0,8,2,1,1
PAX8,ESM-2 650M + ESM-1b 650M,5,0.0,1.0,1.0,8,2,1,1
PAX8,ESM-2 650M + CaLM,1,0.0,1.0,1.0,8,2,1,1
PAX8,ESM-2 650M + CaLM,2,0.0,1.0,1.0,8,2,1,1
PAX8,ESM-2 650M + CaLM,3,0.0,1.0,1.0,8,2,1,1
PAX8,ESM-2 650M + CaLM,4,0.0,1.0,1.0,8,2,1,1
PAX8,ESM-2 650M + CaLM,5,0.0,1.0,1.0,8,2,1,1
PAX8,ESM-2 150M + CaLM,1,0.0,1.0,1.0,8,2,1,1
PAX8,ESM-2 150M + CaLM,2,0.0,1.0,1.0,8,2,1,1
PAX8,ESM-2 150M + CaLM,3,0.0,1.0,1.0,8,2,1,1
PAX8,ESM-2 150M + CaLM,4,0.0,1.0,1.0,8,2,1,1
PAX8,ESM-2 150M + CaLM,5,0.0,1.0,1.0,8,2,1,1
PAX8,ESM-1b 650M + CaLM,1,0.0,1.0,1.0,8,2,1,1
PAX8,ESM-1b 650M + CaLM,2,0.0,1.0,1.0,8,2,1,1
PAX8,ESM-1b 650M + CaLM,3,0.0,1.0,1.0,8,2,1,1
PAX8,ESM-1b 650M + CaLM,4,0.0,1.0,1.0,8,2,1,1
PAX8,ESM-1b 650M + CaLM,5,0.0,1.0,1.0,8,2,1,1
PCCA,ESM-2 150M + 650M,1,0.99,0.8625,1.0,21,6,4,2
PCCA,ESM-2 150M + 650M,2,0.98,0.9875,0.625,21,6,4,2
PCCA,ESM-2 150M + 650M,3,0.99,0.8854166666666666,1.0,22,5,4,1
PCCA,ESM-2 150M + 650M,4,0.99,0.9166666666666666,0.75,22,5,4,1
PCCA,ESM-2 150M + 650M,5,0.99,0.8854166666666666,1.0,22,5,4,1
PCCA,ESM-2 650M + ESM-1b 650M,1,0.0,0.8625,1.0,21,6,4,2
PCCA,ESM-2 650M + ESM-1b 650M,2,0.0,0.8875,1.0,21,6,4,2
PCCA,ESM-2 650M + ESM-1b 650M,3,0.0,1.0,0.5,22,5,4,1
PCCA,ESM-2 650M + ESM-1b 650M,4,0.0,0.8958333333333334,1.0,22,5,4,1
PCCA,ESM-2 650M + ESM-1b 650M,5,0.0,0.8854166666666666,1.0,22,5,4,1
PCCA,ESM-2 650M + CaLM,1,0.0,0.9875,0.75,21,6,4,2
PCCA,ESM-2 650M + CaLM,2,0.0,0.875,0.875,21,6,4,2
PCCA,ESM-2 650M + CaLM,3,0.0,0.8958333333333334,1.0,22,5,4,1
PCCA,ESM-2 650M + CaLM,4,0.0,0.8854166666666666,1.0,22,5,4,1
PCCA,ESM-2 650M + CaLM,5,0.0,0.8958333333333334,1.0,22,5,4,1
PCCA,ESM-2 150M + CaLM,1,0.38,0.975,0.5,21,6,4,2
PCCA,ESM-2 150M + CaLM,2,0.38,0.7875,0.875,21,6,4,2
PCCA,ESM-2 150M + CaLM,3,0.35,0.7916666666666666,1.0,22,5,4,1
PCCA,ESM-2 150M + CaLM,4,0.04,0.8125,0.75,22,5,4,1
PCCA,ESM-2 150M + CaLM,5,0.38,0.7916666666666666,1.0,22,5,4,1
PCCA,ESM-1b 650M + CaLM,1,0.51,0.7625,1.0,21,6,4,2
PCCA,ESM-1b 650M + CaLM,2,0.51,0.9625,0.5,21,6,4,2
PCCA,ESM-1b 650M + CaLM,3,0.0,0.7916666666666666,1.0,22,5,4,1
PCCA,ESM-1b 650M + CaLM,4,0.0,0.84375,0.75,22,5,4,1
PCCA,ESM-1b 650M + CaLM,5,0.51,0.8020833333333334,1.0,22,5,4,1
PCCB,ESM-2 150M + 650M,1,0.74,0.8636363636363636,1.0,37,10,9,1
PCCB,ESM-2 150M + 650M,2,0.74,0.9696969696969696,0.7777777777777778,37,10,9,1
PCCB,ESM-2 150M + 650M,3,0.38,0.8529411764705882,1.0,38,9,8,1
PCCB,ESM-2 150M + 650M,4,0.6900000000000001,0.8970588235294118,0.75,38,9,8,1
PCCB,ESM-2 150M + 650M,5,0.74,0.8823529411764706,1.0,38,9,8,1
PCCB,ESM-2 650M + ESM-1b 650M,1,0.45,0.8863636363636364,1.0,37,10,9,1
PCCB,ESM-2 650M + ESM-1b 650M,2,0.0,0.9696969696969696,0.7777777777777778,37,10,9,1
PCCB,ESM-2 650M + ESM-1b 650M,3,0.94,0.9044117647058824,0.75,38,9,8,1
PCCB,ESM-2 650M + ESM-1b 650M,4,0.0,0.8455882352941176,1.0,38,9,8,1
PCCB,ESM-2 650M + ESM-1b 650M,5,0.0,0.8455882352941176,1.0,38,9,8,1
PCCB,ESM-2 650M + CaLM,1,0.16,0.8636363636363636,1.0,37,10,9,1
PCCB,ESM-2 650M + CaLM,2,0.16,0.8560606060606061,1.0,37,10,9,1
PCCB,ESM-2 650M + CaLM,3,0.08,0.9852941176470588,0.25,38,9,8,1
PCCB,ESM-2 650M + CaLM,4,0.28,0.8970588235294118,1.0,38,9,8,1
PCCB,ESM-2 650M + CaLM,5,0.08,0.8455882352941176,1.0,38,9,8,1
PCCB,ESM-2 150M + CaLM,1,0.19,0.8484848484848485,1.0,37,10,9,1
PCCB,ESM-2 150M + CaLM,2,0.19,0.9090909090909092,0.7777777777777778,37,10,9,1
PCCB,ESM-2 150M + CaLM,3,0.19,0.8308823529411765,1.0,38,9,8,1
PCCB,ESM-2 150M + CaLM,4,0.44,0.9779411764705882,0.5,38,9,8,1
PCCB,ESM-2 150M + CaLM,5,0.19,0.8602941176470589,1.0,38,9,8,1
PCCB,ESM-1b 650M + CaLM,1,0.0,0.9090909090909092,0.4444444444444444,37,10,9,1
PCCB,ESM-1b 650M + CaLM,2,0.92,0.8106060606060606,1.0,37,10,9,1
PCCB,ESM-1b 650M + CaLM,3,0.96,0.9411764705882352,0.5,38,9,8,1
PCCB,ESM-1b 650M + CaLM,4,0.92,0.7867647058823529,1.0,38,9,8,1
PCCB,ESM-1b 650M + CaLM,5,0.79,0.7941176470588235,1.0,38,9,8,1
PCSK9,ESM-2 150M + 650M,1,0.21,0.8,1.0,15,4,1,3
PCSK9,ESM-2 150M + 650M,2,0.21,0.8,1.0,15,4,1,3
PCSK9,ESM-2 150M + 650M,3,0.21,0.78,1.0,15,4,1,3
PCSK9,ESM-2 150M + 650M,4,0.96,0.9772727272727272,0.5,15,4,2,2
PCSK9,ESM-2 150M + 650M,5,0.06,0.8,1.0,16,3,1,2
PCSK9,ESM-2 650M + ESM-1b 650M,1,0.66,0.78,1.0,15,4,1,3
PCSK9,ESM-2 650M + ESM-1b 650M,2,0.33,0.8,0.6666666666666666,15,4,1,3
PCSK9,ESM-2 650M + ESM-1b 650M,3,0.53,0.78,1.0,15,4,1,3
PCSK9,ESM-2 650M + ESM-1b 650M,4,0.73,0.8636363636363636,0.75,15,4,2,2
PCSK9,ESM-2 650M + ESM-1b 650M,5,0.0,0.8909090909090909,0.5,16,3,1,2
PCSK9,ESM-2 650M + CaLM,1,0.05,0.78,1.0,15,4,1,3
PCSK9,ESM-2 650M + CaLM,2,0.33,0.8,1.0,15,4,1,3
PCSK9,ESM-2 650M + CaLM,3,0.52,0.86,0.6666666666666666,15,4,1,3
PCSK9,ESM-2 650M + CaLM,4,0.05,0.7954545454545454,0.5,15,4,2,2
PCSK9,ESM-2 650M + CaLM,5,0.0,0.9272727272727272,0.0,16,3,1,2
PCSK9,ESM-2 150M + CaLM,1,0.0,0.88,0.3333333333333333,15,4,1,3
PCSK9,ESM-2 150M + CaLM,2,0.0,0.7,1.0,15,4,1,3
PCSK9,ESM-2 150M + CaLM,3,0.0,0.74,0.6666666666666666,15,4,1,3
PCSK9,ESM-2 150M + CaLM,4,0.0,0.7272727272727273,1.0,15,4,2,2
PCSK9,ESM-2 150M + CaLM,5,0.0,0.6909090909090909,1.0,16,3,1,2
PCSK9,ESM-1b 650M + CaLM,1,0.33,0.72,1.0,15,4,1,3
PCSK9,ESM-1b 650M + CaLM,2,0.33,0.7,1.0,15,4,1,3
PCSK9,ESM-1b 650M + CaLM,3,0.0,0.82,0.3333333333333333,15,4,1,3
PCSK9,ESM-1b 650M + CaLM,4,0.13,0.7272727272727273,1.0,15,4,2,2
PCSK9,ESM-1b 650M + CaLM,5,0.03,0.7818181818181819,1.0,16,3,1,2
PCYT1A,ESM-2 150M + 650M,1,0.56,0.6727272727272727,1.0,16,4,1,3
PCYT1A,ESM-2 150M + 650M,2,0.97,0.7090909090909091,1.0,16,4,1,3
PCYT1A,ESM-2 150M + 650M,3,0.97,0.7818181818181819,0.6666666666666666,16,4,1,3
PCYT1A,ESM-2 150M + 650M,4,0.97,0.7636363636363637,0.6666666666666666,16,4,1,3
PCYT1A,ESM-2 150M + 650M,5,0.37,0.8125,0.0,16,4,2,2
PCYT1A,ESM-2 650M + ESM-1b 650M,1,0.42,1.0,1.0,16,4,1,3
PCYT1A,ESM-2 650M + ESM-1b 650M,2,0.33,1.0,1.0,16,4,1,3
PCYT1A,ESM-2 650M + ESM-1b 650M,3,0.43,1.0,1.0,16,4,1,3
PCYT1A,ESM-2 650M + ESM-1b 650M,4,0.43,1.0,1.0,16,4,1,3
PCYT1A,ESM-2 650M + ESM-1b 650M,5,0.43,1.0,1.0,16,4,2,2
PCYT1A,ESM-2 650M + CaLM,1,0.3,0.9818181818181818,0.0,16,4,1,3
PCYT1A,ESM-2 650M + CaLM,2,0.87,0.9636363636363636,1.0,16,4,1,3
PCYT1A,ESM-2 650M + CaLM,3,0.87,1.0,0.6666666666666666,16,4,1,3
PCYT1A,ESM-2 650M + CaLM,4,0.87,0.9454545454545454,1.0,16,4,1,3
PCYT1A,ESM-2 650M + CaLM,5,0.87,0.9375,1.0,16,4,2,2
PCYT1A,ESM-2 150M + CaLM,1,0.54,0.9636363636363636,0.6666666666666666,16,4,1,3
PCYT1A,ESM-2 150M + CaLM,2,0.89,0.9636363636363636,1.0,16,4,1,3
PCYT1A,ESM-2 150M + CaLM,3,0.89,1.0,1.0,16,4,1,3
PCYT1A,ESM-2 150M + CaLM,4,0.89,0.9454545454545454,1.0,16,4,1,3
PCYT1A,ESM-2 150M + CaLM,5,0.89,0.9583333333333334,1.0,16,4,2,2
PCYT1A,ESM-1b 650M + CaLM,1,0.0,1.0,1.0,16,4,1,3
PCYT1A,ESM-1b 650M + CaLM,2,0.0,1.0,1.0,16,4,1,3
PCYT1A,ESM-1b 650M + CaLM,3,0.0,1.0,1.0,16,4,1,3
PCYT1A,ESM-1b 650M + CaLM,4,0.0,1.0,1.0,16,4,1,3
PCYT1A,ESM-1b 650M + CaLM,5,0.0,1.0,1.0,16,4,2,2
PDE4D,ESM-2 150M + 650M,1,0.55,0.6,0.8333333333333334,17,5,3,2
PDE4D,ESM-2 150M + 650M,2,0.45,0.7,0.3333333333333333,17,5,3,2
PDE4D,ESM-2 150M + 650M,3,0.55,0.5324675324675324,1.0,18,4,2,2
PDE4D,ESM-2 150M + 650M,4,0.55,0.7012987012987013,0.5,18,4,2,2
PDE4D,ESM-2 150M + 650M,5,0.58,0.6625,0.6666666666666666,18,4,3,1
PDE4D,ESM-2 650M + ESM-1b 650M,1,0.44,1.0,0.5,17,5,3,2
PDE4D,ESM-2 650M + ESM-1b 650M,2,0.99,0.9714285714285714,1.0,17,5,3,2
PDE4D,ESM-2 650M + ESM-1b 650M,3,0.95,0.974025974025974,1.0,18,4,2,2
PDE4D,ESM-2 650M + ESM-1b 650M,4,0.99,0.974025974025974,1.0,18,4,2,2
PDE4D,ESM-2 650M + ESM-1b 650M,5,0.99,0.975,1.0,18,4,3,1
PDE4D,ESM-2 650M + CaLM,1,0.87,0.8285714285714286,0.6666666666666666,17,5,3,2
PDE4D,ESM-2 650M + CaLM,2,0.87,0.8714285714285714,0.3333333333333333,17,5,3,2
PDE4D,ESM-2 650M + CaLM,3,0.67,0.7662337662337663,0.75,18,4,2,2
PDE4D,ESM-2 650M + CaLM,4,1.0,0.7662337662337663,1.0,18,4,2,2
PDE4D,ESM-2 650M + CaLM,5,0.8200000000000001,0.775,1.0,18,4,3,1
PDE4D,ESM-2 150M + CaLM,1,1.0,0.8,1.0,17,5,3,2
PDE4D,ESM-2 150M + CaLM,2,0.8200000000000001,0.8,0.6666666666666666,17,5,3,2
PDE4D,ESM-2 150M + CaLM,3,1.0,0.7792207792207793,1.0,18,4,2,2
PDE4D,ESM-2 150M + CaLM,4,1.0,0.8181818181818182,1.0,18,4,2,2
PDE4D,ESM-2 150M + CaLM,5,0.91,0.8125,0.6666666666666666,18,4,3,1
PDE4D,ESM-1b 650M + CaLM,1,0.0,0.9714285714285714,1.0,17,5,3,2
PDE4D,ESM-1b 650M + CaLM,2,0.0,0.9857142857142858,1.0,17,5,3,2
PDE4D,ESM-1b 650M + CaLM,3,0.0,0.974025974025974,1.0,18,4,2,2
PDE4D,ESM-1b 650M + CaLM,4,0.0,1.0,0.75,18,4,2,2
PDE4D,ESM-1b 650M + CaLM,5,0.0,0.975,1.0,18,4,3,1
PDE6B,ESM-2 150M + 650M,1,0.76,0.7912087912087912,0.875,20,6,4,2
PDE6B,ESM-2 150M + 650M,2,0.76,0.8979591836734694,0.3333333333333333,21,5,3,2
PDE6B,ESM-2 150M + 650M,3,0.95,0.7857142857142857,1.0,21,5,3,2
PDE6B,ESM-2 150M + 650M,4,0.65,0.7755102040816326,0.8333333333333334,21,5,3,2
PDE6B,ESM-2 150M + 650M,5,0.65,0.7788461538461539,1.0,21,5,4,1
PDE6B,ESM-2 650M + ESM-1b 650M,1,0.97,0.9230769230769232,0.875,20,6,4,2
PDE6B,ESM-2 650M + ESM-1b 650M,2,0.28,0.9489795918367347,0.6666666666666666,21,5,3,2
PDE6B,ESM-2 650M + ESM-1b 650M,3,0.38,0.9489795918367347,0.6666666666666666,21,5,3,2
PDE6B,ESM-2 650M + ESM-1b 650M,4,0.34,0.9081632653061223,1.0,21,5,3,2
PDE6B,ESM-2 650M + ESM-1b 650M,5,0.78,0.8846153846153846,1.0,21,5,4,1
PDE6B,ESM-2 650M + CaLM,1,0.01,0.7912087912087912,1.0,20,6,4,2
PDE6B,ESM-2 650M + CaLM,2,0.05,0.7959183673469388,1.0,21,5,3,2
PDE6B,ESM-2 650M + CaLM,3,0.35,0.8163265306122449,0.8333333333333334,21,5,3,2
PDE6B,ESM-2 650M + CaLM,4,0.47,0.8571428571428571,0.8333333333333334,21,5,3,2
PDE6B,ESM-2 650M + CaLM,5,0.47,0.8846153846153846,0.5,21,5,4,1
PDE6B,ESM-2 150M + CaLM,1,0.93,0.6923076923076923,1.0,20,6,4,2
PDE6B,ESM-2 150M + CaLM,2,0.87,0.7346938775510204,0.8333333333333334,21,5,3,2
PDE6B,ESM-2 150M + CaLM,3,0.93,0.8571428571428571,0.3333333333333333,21,5,3,2
PDE6B,ESM-2 150M + CaLM,4,0.87,0.7653061224489796,0.6666666666666666,21,5,3,2
PDE6B,ESM-2 150M + CaLM,5,0.93,0.6826923076923077,1.0,21,5,4,1
PDE6B,ESM-1b 650M + CaLM,1,0.0,0.978021978021978,0.5,20,6,4,2
PDE6B,ESM-1b 650M + CaLM,2,0.0,0.8979591836734694,1.0,21,5,3,2
PDE6B,ESM-1b 650M + CaLM,3,0.58,0.9387755102040816,0.8333333333333334,21,5,3,2
PDE6B,ESM-1b 650M + CaLM,4,0.0,0.9081632653061223,1.0,21,5,3,2
PDE6B,ESM-1b 650M + CaLM,5,0.0,0.8942307692307693,1.0,21,5,4,1
PDE6C,ESM-2 150M + 650M,1,0.43,0.65625,1.0,12,4,3,1
PDE6C,ESM-2 150M + 650M,2,0.34,0.6944444444444444,1.0,13,3,2,1
PDE6C,ESM-2 150M + 650M,3,0.43,0.7777777777777778,1.0,13,3,2,1
PDE6C,ESM-2 150M + 650M,4,0.31,0.8055555555555556,0.5,13,3,2,1
PDE6C,ESM-2 150M + 650M,5,0.43,0.8055555555555556,0.5,13,3,2,1
PDE6C,ESM-2 650M + ESM-1b 650M,1,0.54,0.90625,0.6666666666666666,12,4,3,1
PDE6C,ESM-2 650M + ESM-1b 650M,2,0.54,0.8333333333333334,1.0,13,3,2,1
PDE6C,ESM-2 650M + ESM-1b 650M,3,0.95,0.7777777777777778,1.0,13,3,2,1
PDE6C,ESM-2 650M + ESM-1b 650M,4,0.95,0.9166666666666666,0.5,13,3,2,1
PDE6C,ESM-2 650M + ESM-1b 650M,5,0.95,0.8333333333333334,1.0,13,3,2,1
PDE6C,ESM-2 650M + CaLM,1,0.56,0.9375,1.0,12,4,3,1
PDE6C,ESM-2 650M + CaLM,2,0.56,0.8333333333333334,1.0,13,3,2,1
PDE6C,ESM-2 650M + CaLM,3,0.48,0.9444444444444444,0.5,13,3,2,1
PDE6C,ESM-2 650M + CaLM,4,0.48,0.9166666666666666,1.0,13,3,2,1
PDE6C,ESM-2 650M + CaLM,5,0.56,0.8333333333333334,1.0,13,3,2,1
PDE6C,ESM-2 150M + CaLM,1,0.68,0.90625,1.0,12,4,3,1
PDE6C,ESM-2 150M + CaLM,2,0.64,0.8888888888888888,1.0,13,3,2,1
PDE6C,ESM-2 150M + CaLM,3,0.55,0.9444444444444444,0.5,13,3,2,1
PDE6C,ESM-2 150M + CaLM,4,0.68,0.8888888888888888,1.0,13,3,2,1
PDE6C,ESM-2 150M + CaLM,5,0.68,0.8333333333333334,1.0,13,3,2,1
PDE6C,ESM-1b 650M + CaLM,1,0.0,0.90625,0.6666666666666666,12,4,3,1
PDE6C,ESM-1b 650M + CaLM,2,0.47,0.9444444444444444,1.0,13,3,2,1
PDE6C,ESM-1b 650M + CaLM,3,0.29,1.0,0.5,13,3,2,1
PDE6C,ESM-1b 650M + CaLM,4,0.61,0.9444444444444444,1.0,13,3,2,1
PDE6C,ESM-1b 650M + CaLM,5,0.47,0.9444444444444444,1.0,13,3,2,1
PDHA1,ESM-2 150M + 650M,1,0.64,1.0,0.9090909090909092,50,13,11,2
PDHA1,ESM-2 150M + 650M,2,0.64,0.9761904761904762,1.0,50,13,11,2
PDHA1,ESM-2 150M + 650M,3,0.26,0.988095238095238,0.9090909090909092,50,13,11,2
PDHA1,ESM-2 150M + 650M,4,0.6,0.9825581395348836,1.0,51,12,10,2
PDHA1,ESM-2 150M + 650M,5,0.64,0.9825581395348836,1.0,51,12,10,2
PDHA1,ESM-2 650M + ESM-1b 650M,1,0.0,0.9732142857142856,0.9545454545454546,50,13,11,2
PDHA1,ESM-2 650M + ESM-1b 650M,2,0.33,0.9702380952380952,1.0,50,13,11,2
PDHA1,ESM-2 650M + ESM-1b 650M,3,0.33,1.0,0.8181818181818182,50,13,11,2
PDHA1,ESM-2 650M + ESM-1b 650M,4,0.0,0.9651162790697676,1.0,51,12,10,2
PDHA1,ESM-2 650M + ESM-1b 650M,5,0.0,0.9680232558139537,1.0,51,12,10,2
PDHA1,ESM-2 650M + CaLM,1,0.7000000000000001,0.9940476190476192,1.0,50,13,11,2
PDHA1,ESM-2 650M + CaLM,2,0.6900000000000001,0.9940476190476192,1.0,50,13,11,2
PDHA1,ESM-2 650M + CaLM,3,0.7000000000000001,0.9940476190476192,1.0,50,13,11,2
PDHA1,ESM-2 650M + CaLM,4,0.7000000000000001,1.0,1.0,51,12,10,2
PDHA1,ESM-2 650M + CaLM,5,0.1,1.0,0.95,51,12,10,2
PDHA1,ESM-2 150M + CaLM,1,0.43,0.988095238095238,0.9545454545454546,50,13,11,2
PDHA1,ESM-2 150M + CaLM,2,0.35,0.9791666666666666,1.0,50,13,11,2
PDHA1,ESM-2 150M + CaLM,3,0.91,0.9851190476190476,1.0,50,13,11,2
PDHA1,ESM-2 150M + CaLM,4,0.56,0.9796511627906976,1.0,51,12,10,2
PDHA1,ESM-2 150M + CaLM,5,0.91,0.997093023255814,0.9,51,12,10,2
PDHA1,ESM-1b 650M + CaLM,1,0.47,0.9940476190476192,1.0,50,13,11,2
PDHA1,ESM-1b 650M + CaLM,2,0.47,0.9940476190476192,1.0,50,13,11,2
PDHA1,ESM-1b 650M + CaLM,3,0.47,0.9940476190476192,1.0,50,13,11,2
PDHA1,ESM-1b 650M + CaLM,4,0.0,1.0,0.65,51,12,10,2
PDHA1,ESM-1b 650M + CaLM,5,0.47,0.994186046511628,1.0,51,12,10,2
PEX6,ESM-2 150M + 650M,1,0.65,0.8571428571428571,1.0,19,5,3,2
PEX6,ESM-2 150M + 650M,2,0.94,0.8571428571428571,1.0,19,5,3,2
PEX6,ESM-2 150M + 650M,3,0.94,0.8974358974358975,0.75,19,5,4,1
PEX6,ESM-2 150M + 650M,4,0.94,0.8974358974358975,0.75,19,5,4,1
PEX6,ESM-2 150M + 650M,5,0.87,0.8690476190476191,1.0,20,4,3,1
PEX6,ESM-2 650M + ESM-1b 650M,1,0.47,0.8857142857142857,1.0,19,5,3,2
PEX6,ESM-2 650M + ESM-1b 650M,2,0.47,0.8857142857142857,1.0,19,5,3,2
PEX6,ESM-2 650M + ESM-1b 650M,3,0.0,0.9743589743589745,0.75,19,5,4,1
PEX6,ESM-2 650M + ESM-1b 650M,4,0.47,0.9230769230769232,0.75,19,5,4,1
PEX6,ESM-2 650M + ESM-1b 650M,5,0.0,0.8571428571428571,1.0,20,4,3,1
PEX6,ESM-2 650M + CaLM,1,0.0,0.8428571428571429,1.0,19,5,3,2
PEX6,ESM-2 650M + CaLM,2,0.05,0.8857142857142857,0.8333333333333334,19,5,3,2
PEX6,ESM-2 650M + CaLM,3,0.0,0.9102564102564102,0.5,19,5,4,1
PEX6,ESM-2 650M + CaLM,4,0.05,0.8205128205128205,1.0,19,5,4,1
PEX6,ESM-2 650M + CaLM,5,0.3,0.9404761904761904,0.6666666666666666,20,4,3,1
PEX6,ESM-2 150M + CaLM,1,0.4,0.8571428571428571,0.6666666666666666,19,5,3,2
PEX6,ESM-2 150M + CaLM,2,0.4,0.8714285714285714,0.6666666666666666,19,5,3,2
PEX6,ESM-2 150M + CaLM,3,0.0,0.7948717948717948,0.75,19,5,4,1
PEX6,ESM-2 150M + CaLM,4,0.3,0.8589743589743589,0.75,19,5,4,1
PEX6,ESM-2 150M + CaLM,5,0.71,0.7857142857142857,1.0,20,4,3,1
PEX6,ESM-1b 650M + CaLM,1,0.11,0.9285714285714286,0.6666666666666666,19,5,3,2
PEX6,ESM-1b 650M + CaLM,2,0.09,0.8714285714285714,1.0,19,5,3,2
PEX6,ESM-1b 650M + CaLM,3,0.0,0.8333333333333334,1.0,19,5,4,1
PEX6,ESM-1b 650M + CaLM,4,0.05,0.8974358974358975,0.75,19,5,4,1
PEX6,ESM-1b 650M + CaLM,5,0.11,0.9166666666666666,1.0,20,4,3,1
PHEX,ESM-2 150M + 650M,1,0.49,0.979349186483104,0.9565217391304348,111,28,23,5
PHEX,ESM-2 150M + 650M,2,0.4,0.9780976220275344,0.9739130434782608,111,28,23,5
PHEX,ESM-2 150M + 650M,3,0.38,0.972520908004779,1.0,111,28,24,4
PHEX,ESM-2 150M + 650M,4,0.4,0.968936678614098,1.0,111,28,24,4
PHEX,ESM-2 150M + 650M,5,0.52,0.9804964539007092,0.9565217391304348,112,27,23,4
PHEX,ESM-2 650M + ESM-1b 650M,1,0.32,0.9831038798498124,0.9565217391304348,111,28,23,5
PHEX,ESM-2 650M + ESM-1b 650M,2,0.38,0.976846057571965,0.991304347826087,111,28,23,5
PHEX,ESM-2 650M + ESM-1b 650M,3,0.12,0.9796893667861408,0.9479166666666666,111,28,24,4
PHEX,ESM-2 650M + ESM-1b 650M,4,0.33,0.9796893667861408,0.9791666666666666,111,28,24,4
PHEX,ESM-2 650M + ESM-1b 650M,5,0.38,0.9781323877068558,0.9891304347826086,112,27,23,4
PHEX,ESM-2 650M + CaLM,1,0.4,0.9655819774718398,1.0,111,28,23,5
PHEX,ESM-2 650M + CaLM,2,0.4,0.9718397997496871,0.991304347826087,111,28,23,5
PHEX,ESM-2 650M + CaLM,3,0.39,0.9767025089605734,0.9479166666666666,111,28,24,4
PHEX,ESM-2 650M + CaLM,4,0.5,0.982078853046595,0.9375,111,28,24,4
PHEX,ESM-2 650M + CaLM,5,0.2,0.9787234042553192,0.9565217391304348,112,27,23,4
PHEX,ESM-2 150M + CaLM,1,0.25,0.9737171464330412,0.9565217391304348,111,28,23,5
PHEX,ESM-2 150M + CaLM,2,0.32,0.9618272841051314,0.991304347826087,111,28,23,5
PHEX,ESM-2 150M + CaLM,3,0.25,0.972520908004779,0.9583333333333334,111,28,24,4
PHEX,ESM-2 150M + CaLM,4,0.29,0.9743130227001194,0.9375,111,28,24,4
PHEX,ESM-2 150M + CaLM,5,0.25,0.9710401891252955,0.9782608695652174,112,27,23,4
PHEX,ESM-1b 650M + CaLM,1,0.68,0.9718397997496871,0.9739130434782608,111,28,23,5
PHEX,ESM-1b 650M + CaLM,2,0.68,0.9643304130162704,1.0,111,28,23,5
PHEX,ESM-1b 650M + CaLM,3,0.68,0.984468339307049,0.90625,111,28,24,4
PHEX,ESM-1b 650M + CaLM,4,0.51,0.9755077658303464,0.9583333333333334,111,28,24,4
PHEX,ESM-1b 650M + CaLM,5,0.35,0.9722222222222222,0.9565217391304348,112,27,23,4
PIGA,ESM-2 150M + 650M,1,0.42,1.0,1.0,21,6,3,3
PIGA,ESM-2 150M + 650M,2,0.42,1.0,1.0,21,6,3,3
PIGA,ESM-2 150M + 650M,3,0.42,1.0,1.0,22,5,2,3
PIGA,ESM-2 150M + 650M,4,0.42,1.0,1.0,22,5,2,3
PIGA,ESM-2 150M + 650M,5,0.19,1.0,1.0,22,5,3,2
PIGA,ESM-2 650M + ESM-1b 650M,1,0.38,0.9818181818181818,1.0,21,6,3,3
PIGA,ESM-2 650M + ESM-1b 650M,2,0.19,0.9545454545454546,1.0,21,6,3,3
PIGA,ESM-2 650M + ESM-1b 650M,3,0.19,1.0,0.8333333333333334,22,5,2,3
PIGA,ESM-2 650M + ESM-1b 650M,4,0.1,0.9586776859504132,1.0,22,5,2,3
PIGA,ESM-2 650M + ESM-1b 650M,5,0.0,0.975,0.8333333333333334,22,5,3,2
PIGA,ESM-2 650M + CaLM,1,0.44,0.9636363636363636,1.0,21,6,3,3
PIGA,ESM-2 650M + CaLM,2,0.44,1.0,0.8888888888888888,21,6,3,3
PIGA,ESM-2 650M + CaLM,3,0.24,0.9669421487603306,1.0,22,5,2,3
PIGA,ESM-2 650M + CaLM,4,0.0,0.9669421487603306,0.8333333333333334,22,5,2,3
PIGA,ESM-2 650M + CaLM,5,0.44,0.9666666666666668,1.0,22,5,3,2
PIGA,ESM-2 150M + CaLM,1,0.56,0.9818181818181818,1.0,21,6,3,3
PIGA,ESM-2 150M + CaLM,2,0.5700000000000001,0.9727272727272728,1.0,21,6,3,3
PIGA,ESM-2 150M + CaLM,3,0.5700000000000001,0.9834710743801652,1.0,22,5,2,3
PIGA,ESM-2 150M + CaLM,4,0.71,1.0,1.0,22,5,2,3
PIGA,ESM-2 150M + CaLM,5,0.3,0.9916666666666668,0.6666666666666666,22,5,3,2
PIGA,ESM-1b 650M + CaLM,1,0.0,0.9545454545454546,1.0,21,6,3,3
PIGA,ESM-1b 650M + CaLM,2,0.0,0.9363636363636364,1.0,21,6,3,3
PIGA,ESM-1b 650M + CaLM,3,0.0,0.9338842975206612,1.0,22,5,2,3
PIGA,ESM-1b 650M + CaLM,4,0.0,0.950413223140496,1.0,22,5,2,3
PIGA,ESM-1b 650M + CaLM,5,0.47,1.0,0.5,22,5,3,2
PIGN,ESM-2 150M + 650M,1,0.0,0.8541666666666666,1.0,14,4,2,2
PIGN,ESM-2 150M + 650M,2,0.0,0.8958333333333334,1.0,14,4,2,2
PIGN,ESM-2 150M + 650M,3,0.0,0.9791666666666666,0.5,14,4,2,2
PIGN,ESM-2 150M + 650M,4,0.68,0.9107142857142856,1.0,15,3,1,2
PIGN,ESM-2 150M + 650M,5,0.0,0.875,1.0,15,3,1,2
PIGN,ESM-2 650M + ESM-1b 650M,1,0.22,1.0,0.75,14,4,2,2
PIGN,ESM-2 650M + ESM-1b 650M,2,0.22,0.8958333333333334,1.0,14,4,2,2
PIGN,ESM-2 650M + ESM-1b 650M,3,0.12,0.9166666666666666,1.0,14,4,2,2
PIGN,ESM-2 650M + ESM-1b 650M,4,0.22,0.9107142857142856,1.0,15,3,1,2
PIGN,ESM-2 650M + ESM-1b 650M,5,0.12,0.9107142857142856,1.0,15,3,1,2
PIGN,ESM-2 650M + CaLM,1,0.0,0.8541666666666666,1.0,14,4,2,2
PIGN,ESM-2 650M + CaLM,2,0.19,0.8333333333333334,1.0,14,4,2,2
PIGN,ESM-2 650M + CaLM,3,0.0,0.8958333333333334,1.0,14,4,2,2
PIGN,ESM-2 650M + CaLM,4,0.19,0.9642857142857144,0.5,15,3,1,2
PIGN,ESM-2 650M + CaLM,5,0.0,0.8214285714285714,1.0,15,3,1,2
PIGN,ESM-2 150M + CaLM,1,0.0,0.875,1.0,14,4,2,2
PIGN,ESM-2 150M + CaLM,2,0.0,1.0,0.5,14,4,2,2
PIGN,ESM-2 150M + CaLM,3,0.0,0.875,1.0,14,4,2,2
PIGN,ESM-2 150M + CaLM,4,0.0,0.8928571428571429,1.0,15,3,1,2
PIGN,ESM-2 150M + CaLM,5,0.0,0.8571428571428571,1.0,15,3,1,2
PIGN,ESM-1b 650M + CaLM,1,0.0,0.9166666666666666,1.0,14,4,2,2
PIGN,ESM-1b 650M + CaLM,2,0.0,0.9166666666666666,1.0,14,4,2,2
PIGN,ESM-1b 650M + CaLM,3,0.0,0.8958333333333334,1.0,14,4,2,2
PIGN,ESM-1b 650M + CaLM,4,0.0,1.0,0.5,15,3,1,2
PIGN,ESM-1b 650M + CaLM,5,0.0,0.8928571428571429,1.0,15,3,1,2
PIK3R2,ESM-2 150M + 650M,1,0.2,0.9427083333333334,0.8571428571428571,32,8,1,7
PIK3R2,ESM-2 150M + 650M,2,0.71,0.92,0.9166666666666666,32,8,2,6
PIK3R2,ESM-2 150M + 650M,3,0.54,0.9085714285714286,1.0,32,8,2,6
PIK3R2,ESM-2 150M + 650M,4,0.54,0.92,1.0,32,8,2,6
PIK3R2,ESM-2 150M + 650M,5,0.0,0.9542857142857144,0.5,32,8,2,6
PIK3R2,ESM-2 650M + ESM-1b 650M,1,0.17,0.8854166666666666,1.0,32,8,1,7
PIK3R2,ESM-2 650M + ESM-1b 650M,2,0.8,0.9542857142857144,0.75,32,8,2,6
PIK3R2,ESM-2 650M + ESM-1b 650M,3,0.0,0.96,0.6666666666666666,32,8,2,6
PIK3R2,ESM-2 650M + ESM-1b 650M,4,0.1,0.8914285714285715,1.0,32,8,2,6
PIK3R2,ESM-2 650M + ESM-1b 650M,5,0.9,0.92,1.0,32,8,2,6
PIK3R2,ESM-2 650M + CaLM,1,0.0,0.953125,0.4285714285714285,32,8,1,7
PIK3R2,ESM-2 650M + CaLM,2,0.0,0.8742857142857143,1.0,32,8,2,6
PIK3R2,ESM-2 650M + CaLM,3,0.07,0.9257142857142856,0.8333333333333334,32,8,2,6
PIK3R2,ESM-2 650M + CaLM,4,0.08,0.88,1.0,32,8,2,6
PIK3R2,ESM-2 650M + CaLM,5,0.2,0.8914285714285715,1.0,32,8,2,6
PIK3R2,ESM-2 150M + CaLM,1,0.0,0.8802083333333334,0.8571428571428571,32,8,1,7
PIK3R2,ESM-2 150M + CaLM,2,0.09,0.92,0.5833333333333334,32,8,2,6
PIK3R2,ESM-2 150M + CaLM,3,0.0,0.84,1.0,32,8,2,6
PIK3R2,ESM-2 150M + CaLM,4,0.0,0.8685714285714285,1.0,32,8,2,6
PIK3R2,ESM-2 150M + CaLM,5,0.0,0.8914285714285715,0.8333333333333334,32,8,2,6
PIK3R2,ESM-1b 650M + CaLM,1,0.0,0.8958333333333334,1.0,32,8,1,7
PIK3R2,ESM-1b 650M + CaLM,2,0.0,0.9714285714285714,0.4166666666666667,32,8,2,6
PIK3R2,ESM-1b 650M + CaLM,3,0.0,0.8914285714285715,1.0,32,8,2,6
PIK3R2,ESM-1b 650M + CaLM,4,0.0,0.8914285714285715,1.0,32,8,2,6
PIK3R2,ESM-1b 650M + CaLM,5,0.0,0.92,0.9166666666666666,32,8,2,6
PKD2,ESM-2 150M + 650M,1,0.0,0.9428571428571428,1.0,12,4,2,2
PKD2,ESM-2 150M + 650M,2,0.0,1.0,1.0,13,3,1,2
PKD2,ESM-2 150M + 650M,3,0.0,0.9047619047619048,1.0,13,3,1,2
PKD2,ESM-2 150M + 650M,4,0.0,0.9285714285714286,1.0,13,3,1,2
PKD2,ESM-2 150M + 650M,5,0.0,0.925,1.0,13,3,2,1
PKD2,ESM-2 650M + ESM-1b 650M,1,0.0,1.0,0.75,12,4,2,2
PKD2,ESM-2 650M + ESM-1b 650M,2,0.0,0.9285714285714286,1.0,13,3,1,2
PKD2,ESM-2 650M + ESM-1b 650M,3,0.0,0.9285714285714286,1.0,13,3,1,2
PKD2,ESM-2 650M + ESM-1b 650M,4,0.0,0.9047619047619048,1.0,13,3,1,2
PKD2,ESM-2 650M + ESM-1b 650M,5,0.0,0.925,1.0,13,3,2,1
PKD2,ESM-2 650M + CaLM,1,0.0,0.9428571428571428,1.0,12,4,2,2
PKD2,ESM-2 650M + CaLM,2,0.0,1.0,0.5,13,3,1,2
PKD2,ESM-2 650M + CaLM,3,0.28,0.9523809523809524,1.0,13,3,1,2
PKD2,ESM-2 650M + CaLM,4,0.28,0.9285714285714286,1.0,13,3,1,2
PKD2,ESM-2 650M + CaLM,5,0.28,0.925,1.0,13,3,2,1
PKD2,ESM-2 150M + CaLM,1,0.0,1.0,0.75,12,4,2,2
PKD2,ESM-2 150M + CaLM,2,0.0,0.9285714285714286,1.0,13,3,1,2
PKD2,ESM-2 150M + CaLM,3,0.0,0.9047619047619048,1.0,13,3,1,2
PKD2,ESM-2 150M + CaLM,4,0.16,0.9285714285714286,1.0,13,3,1,2
PKD2,ESM-2 150M + CaLM,5,0.0,0.95,1.0,13,3,2,1
PKD2,ESM-1b 650M + CaLM,1,0.0,0.9428571428571428,1.0,12,4,2,2
PKD2,ESM-1b 650M + CaLM,2,0.0,0.9285714285714286,1.0,13,3,1,2
PKD2,ESM-1b 650M + CaLM,3,0.0,1.0,1.0,13,3,1,2
PKD2,ESM-1b 650M + CaLM,4,0.0,0.9047619047619048,1.0,13,3,1,2
PKD2,ESM-1b 650M + CaLM,5,0.0,0.925,1.0,13,3,2,1
PKP2,ESM-2 150M + 650M,1,0.0,1.0,1.0,13,4,2,2
PKP2,ESM-2 150M + 650M,2,0.0,1.0,1.0,13,4,2,2
PKP2,ESM-2 150M + 650M,3,0.0,1.0,1.0,14,3,2,1
PKP2,ESM-2 150M + 650M,4,0.0,1.0,1.0,14,3,2,1
PKP2,ESM-2 150M + 650M,5,0.0,1.0,1.0,14,3,2,1
PKP2,ESM-2 650M + ESM-1b 650M,1,0.0,1.0,1.0,13,4,2,2
PKP2,ESM-2 650M + ESM-1b 650M,2,0.0,1.0,1.0,13,4,2,2
PKP2,ESM-2 650M + ESM-1b 650M,3,0.0,1.0,1.0,14,3,2,1
PKP2,ESM-2 650M + ESM-1b 650M,4,0.0,1.0,1.0,14,3,2,1
PKP2,ESM-2 650M + ESM-1b 650M,5,0.0,1.0,1.0,14,3,2,1
PKP2,ESM-2 650M + CaLM,1,0.0,1.0,1.0,13,4,2,2
PKP2,ESM-2 650M + CaLM,2,0.0,1.0,1.0,13,4,2,2
PKP2,ESM-2 650M + CaLM,3,0.0,1.0,1.0,14,3,2,1
PKP2,ESM-2 650M + CaLM,4,0.0,1.0,1.0,14,3,2,1
PKP2,ESM-2 650M + CaLM,5,0.0,1.0,1.0,14,3,2,1
PKP2,ESM-2 150M + CaLM,1,0.0,1.0,1.0,13,4,2,2
PKP2,ESM-2 150M + CaLM,2,0.0,1.0,1.0,13,4,2,2
PKP2,ESM-2 150M + CaLM,3,0.0,1.0,1.0,14,3,2,1
PKP2,ESM-2 150M + CaLM,4,0.0,1.0,1.0,14,3,2,1
PKP2,ESM-2 150M + CaLM,5,0.0,1.0,1.0,14,3,2,1
PKP2,ESM-1b 650M + CaLM,1,0.0,1.0,1.0,13,4,2,2
PKP2,ESM-1b 650M + CaLM,2,0.0,1.0,1.0,13,4,2,2
PKP2,ESM-1b 650M + CaLM,3,0.0,1.0,1.0,14,3,2,1
PKP2,ESM-1b 650M + CaLM,4,0.0,1.0,1.0,14,3,2,1
PKP2,ESM-1b 650M + CaLM,5,0.0,1.0,1.0,14,3,2,1
PMS2,ESM-2 150M + 650M,1,0.86,0.9886363636363636,1.0,38,10,4,6
PMS2,ESM-2 150M + 650M,2,0.86,0.9857954545454546,1.0,38,10,4,6
PMS2,ESM-2 150M + 650M,3,0.8200000000000001,0.9971590909090908,0.9166666666666666,38,10,4,6
PMS2,ESM-2 150M + 650M,4,0.38,0.9836956521739132,1.0,39,9,4,5
PMS2,ESM-2 150M + 650M,5,0.59,0.9809782608695652,1.0,39,9,4,5
PMS2,ESM-2 650M + ESM-1b 650M,1,0.31,1.0,1.0,38,10,4,6
PMS2,ESM-2 650M + ESM-1b 650M,2,0.22,1.0,1.0,38,10,4,6
PMS2,ESM-2 650M + ESM-1b 650M,3,0.31,1.0,1.0,38,10,4,6
PMS2,ESM-2 650M + ESM-1b 650M,4,0.08,1.0,0.95,39,9,4,5
PMS2,ESM-2 650M + ESM-1b 650M,5,0.31,1.0,1.0,39,9,4,5
PMS2,ESM-2 650M + CaLM,1,0.34,0.9943181818181818,1.0,38,10,4,6
PMS2,ESM-2 650M + CaLM,2,0.08,0.9914772727272728,1.0,38,10,4,6
PMS2,ESM-2 650M + CaLM,3,0.08,0.9971590909090908,0.9583333333333334,38,10,4,6
PMS2,ESM-2 650M + CaLM,4,0.08,0.9864130434782608,1.0,39,9,4,5
PMS2,ESM-2 650M + CaLM,5,0.03,0.9891304347826086,1.0,39,9,4,5
PMS2,ESM-2 150M + CaLM,1,0.67,0.9772727272727272,1.0,38,10,4,6
PMS2,ESM-2 150M + CaLM,2,0.67,0.9914772727272728,0.9166666666666666,38,10,4,6
PMS2,ESM-2 150M + CaLM,3,0.32,0.9744318181818182,1.0,38,10,4,6
PMS2,ESM-2 150M + CaLM,4,0.67,0.9728260869565216,1.0,39,9,4,5
PMS2,ESM-2 150M + CaLM,5,0.4,0.9809782608695652,0.95,39,9,4,5
PMS2,ESM-1b 650M + CaLM,1,0.0,0.9943181818181818,1.0,38,10,4,6
PMS2,ESM-1b 650M + CaLM,2,0.11,0.9886363636363636,1.0,38,10,4,6
PMS2,ESM-1b 650M + CaLM,3,0.39,1.0,1.0,38,10,4,6
PMS2,ESM-1b 650M + CaLM,4,0.31,0.9918478260869564,1.0,39,9,4,5
PMS2,ESM-1b 650M + CaLM,5,0.36,0.9945652173913044,1.0,39,9,4,5
PNPLA1,ESM-2 150M + 650M,1,0.56,0.9393939393939394,0.6666666666666666,20,5,2,3
PNPLA1,ESM-2 150M + 650M,2,0.95,0.9090909090909092,1.0,20,5,2,3
PNPLA1,ESM-2 150M + 650M,3,0.95,0.8888888888888888,1.0,20,5,2,3
PNPLA1,ESM-2 150M + 650M,4,0.95,0.9191919191919192,1.0,20,5,2,3
PNPLA1,ESM-2 150M + 650M,5,0.7000000000000001,0.9479166666666666,0.8333333333333334,20,5,3,2
PNPLA1,ESM-2 650M + ESM-1b 650M,1,0.87,1.0,1.0,20,5,2,3
PNPLA1,ESM-2 650M + ESM-1b 650M,2,0.87,0.98989898989899,1.0,20,5,2,3
PNPLA1,ESM-2 650M + ESM-1b 650M,3,0.48,0.98989898989899,1.0,20,5,2,3
PNPLA1,ESM-2 650M + ESM-1b 650M,4,0.87,0.98989898989899,1.0,20,5,2,3
PNPLA1,ESM-2 650M + ESM-1b 650M,5,0.78,1.0,1.0,20,5,3,2
PNPLA1,ESM-2 650M + CaLM,1,0.0,0.9191919191919192,1.0,20,5,2,3
PNPLA1,ESM-2 650M + CaLM,2,0.22,0.898989898989899,1.0,20,5,2,3
PNPLA1,ESM-2 650M + CaLM,3,0.22,0.9191919191919192,1.0,20,5,2,3
PNPLA1,ESM-2 650M + CaLM,4,0.0,0.9797979797979798,0.6666666666666666,20,5,2,3
PNPLA1,ESM-2 650M + CaLM,5,0.22,0.9270833333333334,1.0,20,5,3,2
PNPLA1,ESM-2 150M + CaLM,1,0.11,0.8787878787878788,0.5,20,5,2,3
PNPLA1,ESM-2 150M + CaLM,2,0.66,0.8282828282828283,0.3333333333333333,20,5,2,3
PNPLA1,ESM-2 150M + CaLM,3,0.14,0.797979797979798,1.0,20,5,2,3
PNPLA1,ESM-2 150M + CaLM,4,0.0,0.8686868686868687,0.5,20,5,2,3
PNPLA1,ESM-2 150M + CaLM,5,0.14,0.7708333333333334,1.0,20,5,3,2
PNPLA1,ESM-1b 650M + CaLM,1,0.0,0.98989898989899,1.0,20,5,2,3
PNPLA1,ESM-1b 650M + CaLM,2,0.0,1.0,1.0,20,5,2,3
PNPLA1,ESM-1b 650M + CaLM,3,0.0,1.0,1.0,20,5,2,3
PNPLA1,ESM-1b 650M + CaLM,4,0.0,0.98989898989899,1.0,20,5,2,3
PNPLA1,ESM-1b 650M + CaLM,5,0.0,0.9895833333333334,1.0,20,5,3,2
PNPT1,ESM-2 150M + 650M,1,0.35,0.9666666666666668,1.0,11,3,1,2
PNPT1,ESM-2 150M + 650M,2,0.0,1.0,0.5,11,3,1,2
PNPT1,ESM-2 150M + 650M,3,0.23,0.9666666666666668,1.0,11,3,1,2
PNPT1,ESM-2 150M + 650M,4,0.35,0.9642857142857144,1.0,11,3,2,1
PNPT1,ESM-2 150M + 650M,5,0.35,0.9714285714285714,1.0,12,2,1,1
PNPT1,ESM-2 650M + ESM-1b 650M,1,0.41,1.0,1.0,11,3,1,2
PNPT1,ESM-2 650M + ESM-1b 650M,2,0.17,1.0,1.0,11,3,1,2
PNPT1,ESM-2 650M + ESM-1b 650M,3,0.41,1.0,1.0,11,3,1,2
PNPT1,ESM-2 650M + ESM-1b 650M,4,0.41,1.0,1.0,11,3,2,1
PNPT1,ESM-2 650M + ESM-1b 650M,5,0.0,1.0,0.0,12,2,1,1
PNPT1,ESM-2 650M + CaLM,1,0.0,0.9666666666666668,1.0,11,3,1,2
PNPT1,ESM-2 650M + CaLM,2,0.0,1.0,1.0,11,3,1,2
PNPT1,ESM-2 650M + CaLM,3,0.23,1.0,1.0,11,3,1,2
PNPT1,ESM-2 650M + CaLM,4,0.23,0.9642857142857144,1.0,11,3,2,1
PNPT1,ESM-2 650M + CaLM,5,0.23,0.9714285714285714,1.0,12,2,1,1
PNPT1,ESM-2 150M + CaLM,1,0.0,0.9,1.0,11,3,1,2
PNPT1,ESM-2 150M + CaLM,2,0.0,1.0,1.0,11,3,1,2
PNPT1,ESM-2 150M + CaLM,3,0.0,0.9333333333333332,1.0,11,3,1,2
PNPT1,ESM-2 150M + CaLM,4,0.0,0.8571428571428571,1.0,11,3,2,1
PNPT1,ESM-2 150M + CaLM,5,0.0,0.9142857142857144,1.0,12,2,1,1
PNPT1,ESM-1b 650M + CaLM,1,0.0,0.9666666666666668,1.0,11,3,1,2
PNPT1,ESM-1b 650M + CaLM,2,0.0,0.9333333333333332,1.0,11,3,1,2
PNPT1,ESM-1b 650M + CaLM,3,0.0,0.9333333333333332,1.0,11,3,1,2
PNPT1,ESM-1b 650M + CaLM,4,0.0,1.0,1.0,11,3,2,1
PNPT1,ESM-1b 650M + CaLM,5,0.0,0.9714285714285714,1.0,12,2,1,1
POLR1C,ESM-2 150M + 650M,1,0.45,1.0,1.0,12,4,3,1
POLR1C,ESM-2 150M + 650M,2,0.35,0.9722222222222222,1.0,13,3,2,1
POLR1C,ESM-2 150M + 650M,3,0.35,0.9722222222222222,1.0,13,3,2,1
POLR1C,ESM-2 150M + 650M,4,0.35,0.9722222222222222,1.0,13,3,2,1
POLR1C,ESM-2 150M + 650M,5,0.17,1.0,0.5,13,3,2,1
POLR1C,ESM-2 650M + ESM-1b 650M,1,0.0,0.9375,1.0,12,4,3,1
POLR1C,ESM-2 650M + ESM-1b 650M,2,0.0,0.9444444444444444,1.0,13,3,2,1
POLR1C,ESM-2 650M + ESM-1b 650M,3,0.0,1.0,1.0,13,3,2,1
POLR1C,ESM-2 650M + ESM-1b 650M,4,0.0,0.9166666666666666,1.0,13,3,2,1
POLR1C,ESM-2 650M + ESM-1b 650M,5,0.0,0.9444444444444444,1.0,13,3,2,1
POLR1C,ESM-2 650M + CaLM,1,0.0,0.9375,1.0,12,4,3,1
POLR1C,ESM-2 650M + CaLM,2,0.0,0.9166666666666666,1.0,13,3,2,1
POLR1C,ESM-2 650M + CaLM,3,0.0,1.0,0.0,13,3,2,1
POLR1C,ESM-2 650M + CaLM,4,0.0,0.9166666666666666,1.0,13,3,2,1
POLR1C,ESM-2 650M + CaLM,5,0.31,0.9444444444444444,1.0,13,3,2,1
POLR1C,ESM-2 150M + CaLM,1,0.45,1.0,1.0,12,4,3,1
POLR1C,ESM-2 150M + CaLM,2,0.18,0.9722222222222222,0.5,13,3,2,1
POLR1C,ESM-2 150M + CaLM,3,0.45,0.9722222222222222,1.0,13,3,2,1
POLR1C,ESM-2 150M + CaLM,4,0.4,1.0,1.0,13,3,2,1
POLR1C,ESM-2 150M + CaLM,5,0.45,0.9722222222222222,1.0,13,3,2,1
POLR1C,ESM-1b 650M + CaLM,1,0.37,0.90625,1.0,12,4,3,1
POLR1C,ESM-1b 650M + CaLM,2,0.37,0.9722222222222222,1.0,13,3,2,1
POLR1C,ESM-1b 650M + CaLM,3,0.37,0.9444444444444444,1.0,13,3,2,1
POLR1C,ESM-1b 650M + CaLM,4,0.37,0.9444444444444444,1.0,13,3,2,1
POLR1C,ESM-1b 650M + CaLM,5,0.0,0.9722222222222222,0.5,13,3,2,1
PORCN,ESM-2 150M + 650M,1,0.33,0.8571428571428571,0.5,17,5,3,2
PORCN,ESM-2 150M + 650M,2,0.59,0.7428571428571429,1.0,17,5,3,2
PORCN,ESM-2 150M + 650M,3,0.59,0.8311688311688312,0.5,18,4,2,2
PORCN,ESM-2 150M + 650M,4,0.96,0.8571428571428571,0.5,18,4,2,2
PORCN,ESM-2 150M + 650M,5,0.38,0.7625,1.0,18,4,3,1
PORCN,ESM-2 650M + ESM-1b 650M,1,0.97,0.9571428571428572,0.6666666666666666,17,5,3,2
PORCN,ESM-2 650M + ESM-1b 650M,2,0.94,0.8571428571428571,1.0,17,5,3,2
PORCN,ESM-2 650M + ESM-1b 650M,3,0.97,0.8441558441558441,1.0,18,4,2,2
PORCN,ESM-2 650M + ESM-1b 650M,4,0.97,0.8441558441558441,1.0,18,4,2,2
PORCN,ESM-2 650M + ESM-1b 650M,5,0.41,0.9125,0.6666666666666666,18,4,3,1
PORCN,ESM-2 650M + CaLM,1,0.76,0.9,0.8333333333333334,17,5,3,2
PORCN,ESM-2 650M + CaLM,2,0.87,0.8571428571428571,0.6666666666666666,17,5,3,2
PORCN,ESM-2 650M + CaLM,3,0.48,0.7922077922077922,1.0,18,4,2,2
PORCN,ESM-2 650M + CaLM,4,0.48,0.8831168831168831,0.5,18,4,2,2
PORCN,ESM-2 650M + CaLM,5,0.62,0.8875,1.0,18,4,3,1
PORCN,ESM-2 150M + CaLM,1,0.84,0.8,1.0,17,5,3,2
PORCN,ESM-2 150M + CaLM,2,0.6,0.8428571428571429,0.5,17,5,3,2
PORCN,ESM-2 150M + CaLM,3,0.6900000000000001,0.8181818181818182,0.75,18,4,2,2
PORCN,ESM-2 150M + CaLM,4,0.84,0.8051948051948052,1.0,18,4,2,2
PORCN,ESM-2 150M + CaLM,5,1.0,0.875,0.3333333333333333,18,4,3,1
PORCN,ESM-1b 650M + CaLM,1,0.65,0.9,1.0,17,5,3,2
PORCN,ESM-1b 650M + CaLM,2,0.65,0.9,1.0,17,5,3,2
PORCN,ESM-1b 650M + CaLM,3,0.64,0.8831168831168831,1.0,18,4,2,2
PORCN,ESM-1b 650M + CaLM,4,0.64,0.961038961038961,0.5,18,4,2,2
PORCN,ESM-1b 650M + CaLM,5,0.65,0.925,1.0,18,4,3,1
POT1,ESM-2 150M + 650M,1,0.03,0.8928571428571429,1.0,11,3,1,2
POT1,ESM-2 150M + 650M,2,0.0,1.0,0.5,11,3,1,2
POT1,ESM-2 150M + 650M,3,0.03,0.9285714285714286,1.0,11,3,1,2
POT1,ESM-2 150M + 650M,4,0.02,0.8928571428571429,1.0,11,3,1,2
POT1,ESM-2 150M + 650M,5,0.03,0.9375,1.0,12,2,1,1
POT1,ESM-2 650M + ESM-1b 650M,1,0.0,0.8571428571428571,0.5,11,3,1,2
POT1,ESM-2 650M + ESM-1b 650M,2,0.0,0.7857142857142857,1.0,11,3,1,2
POT1,ESM-2 650M + ESM-1b 650M,3,0.0,0.7857142857142857,1.0,11,3,1,2
POT1,ESM-2 650M + ESM-1b 650M,4,0.0,0.9642857142857144,0.5,11,3,1,2
POT1,ESM-2 650M + ESM-1b 650M,5,0.0,0.8125,1.0,12,2,1,1
POT1,ESM-2 650M + CaLM,1,0.13,1.0,0.5,11,3,1,2
POT1,ESM-2 650M + CaLM,2,0.72,0.9642857142857144,1.0,11,3,1,2
POT1,ESM-2 650M + CaLM,3,0.85,0.9642857142857144,1.0,11,3,1,2
POT1,ESM-2 650M + CaLM,4,0.85,1.0,1.0,11,3,1,2
POT1,ESM-2 650M + CaLM,5,0.85,0.96875,1.0,12,2,1,1
POT1,ESM-2 150M + CaLM,1,0.68,0.8928571428571429,1.0,11,3,1,2
POT1,ESM-2 150M + CaLM,2,0.84,1.0,1.0,11,3,1,2
POT1,ESM-2 150M + CaLM,3,0.0,0.9642857142857144,0.5,11,3,1,2
POT1,ESM-2 150M + CaLM,4,0.84,0.8928571428571429,1.0,11,3,1,2
POT1,ESM-2 150M + CaLM,5,0.68,0.90625,1.0,12,2,1,1
POT1,ESM-1b 650M + CaLM,1,0.73,0.8928571428571429,1.0,11,3,1,2
POT1,ESM-1b 650M + CaLM,2,0.93,0.9285714285714286,1.0,11,3,1,2
POT1,ESM-1b 650M + CaLM,3,0.84,0.9285714285714286,1.0,11,3,1,2
POT1,ESM-1b 650M + CaLM,4,0.42,1.0,0.5,11,3,1,2
POT1,ESM-1b 650M + CaLM,5,0.73,0.875,1.0,12,2,1,1
PPP2R1A,ESM-2 150M + 650M,1,0.93,0.9583333333333334,1.0,25,7,2,5
PPP2R1A,ESM-2 150M + 650M,2,0.89,0.9632352941176472,1.0,25,7,3,4
PPP2R1A,ESM-2 150M + 650M,3,0.93,0.9607843137254902,1.0,26,6,2,4
PPP2R1A,ESM-2 150M + 650M,4,0.89,0.9607843137254902,1.0,26,6,2,4
PPP2R1A,ESM-2 150M + 650M,5,0.93,1.0,0.75,26,6,2,4
PPP2R1A,ESM-2 650M + ESM-1b 650M,1,0.0,0.9583333333333334,1.0,25,7,2,5
PPP2R1A,ESM-2 650M + ESM-1b 650M,2,0.62,1.0,0.75,25,7,3,4
PPP2R1A,ESM-2 650M + ESM-1b 650M,3,0.0,0.9673202614379084,1.0,26,6,2,4
PPP2R1A,ESM-2 650M + ESM-1b 650M,4,0.0,0.9607843137254902,1.0,26,6,2,4
PPP2R1A,ESM-2 650M + ESM-1b 650M,5,0.0,1.0,0.875,26,6,2,4
PPP2R1A,ESM-2 650M + CaLM,1,0.0,0.9652777777777778,1.0,25,7,2,5
PPP2R1A,ESM-2 650M + CaLM,2,0.0,0.9558823529411764,1.0,25,7,3,4
PPP2R1A,ESM-2 650M + CaLM,3,0.0,0.9607843137254902,1.0,26,6,2,4
PPP2R1A,ESM-2 650M + CaLM,4,0.0,0.9607843137254902,1.0,26,6,2,4
PPP2R1A,ESM-2 650M + CaLM,5,0.0,1.0,0.75,26,6,2,4
PPP2R1A,ESM-2 150M + CaLM,1,0.73,0.9027777777777778,1.0,25,7,2,5
PPP2R1A,ESM-2 150M + CaLM,2,0.72,0.9117647058823528,1.0,25,7,3,4
PPP2R1A,ESM-2 150M + CaLM,3,0.73,0.8888888888888888,1.0,26,6,2,4
PPP2R1A,ESM-2 150M + CaLM,4,0.73,0.915032679738562,1.0,26,6,2,4
PPP2R1A,ESM-2 150M + CaLM,5,0.8300000000000001,0.9934640522875816,0.75,26,6,2,4
PPP2R1A,ESM-1b 650M + CaLM,1,0.42,0.9097222222222222,1.0,25,7,2,5
PPP2R1A,ESM-1b 650M + CaLM,2,0.94,0.9411764705882352,0.8333333333333334,25,7,3,4
PPP2R1A,ESM-1b 650M + CaLM,3,0.34,0.9411764705882352,1.0,26,6,2,4
PPP2R1A,ESM-1b 650M + CaLM,4,0.42,0.9803921568627452,0.625,26,6,2,4
PPP2R1A,ESM-1b 650M + CaLM,5,0.22,0.9281045751633988,1.0,26,6,2,4
PPP2R5D,ESM-2 150M + 650M,1,0.67,0.675,1.0,14,4,3,1
PPP2R5D,ESM-2 150M + 650M,2,0.67,0.725,1.0,14,4,3,1
PPP2R5D,ESM-2 150M + 650M,3,0.67,0.75,1.0,14,4,3,1
PPP2R5D,ESM-2 150M + 650M,4,0.67,0.9090909090909092,0.0,15,3,2,1
PPP2R5D,ESM-2 150M + 650M,5,0.44,0.7272727272727273,1.0,15,3,2,1
PPP2R5D,ESM-2 650M + ESM-1b 650M,1,0.0,1.0,0.0,14,4,3,1
PPP2R5D,ESM-2 650M + ESM-1b 650M,2,0.14,0.75,1.0,14,4,3,1
PPP2R5D,ESM-2 650M + ESM-1b 650M,3,0.14,0.775,1.0,14,4,3,1
PPP2R5D,ESM-2 650M + ESM-1b 650M,4,0.14,0.7272727272727273,1.0,15,3,2,1
PPP2R5D,ESM-2 650M + ESM-1b 650M,5,0.14,0.75,1.0,15,3,2,1
PPP2R5D,ESM-2 650M + CaLM,1,0.56,0.8,1.0,14,4,3,1
PPP2R5D,ESM-2 650M + CaLM,2,0.36,1.0,0.0,14,4,3,1
PPP2R5D,ESM-2 650M + CaLM,3,0.41,0.8,1.0,14,4,3,1
PPP2R5D,ESM-2 650M + CaLM,4,0.56,0.8181818181818182,1.0,15,3,2,1
PPP2R5D,ESM-2 650M + CaLM,5,0.56,0.8181818181818182,1.0,15,3,2,1
PPP2R5D,ESM-2 150M + CaLM,1,0.35,1.0,0.0,14,4,3,1
PPP2R5D,ESM-2 150M + CaLM,2,0.56,0.8,1.0,14,4,3,1
PPP2R5D,ESM-2 150M + CaLM,3,0.35,0.775,1.0,14,4,3,1
PPP2R5D,ESM-2 150M + CaLM,4,0.56,0.7727272727272727,1.0,15,3,2,1
PPP2R5D,ESM-2 150M + CaLM,5,0.56,0.7954545454545454,1.0,15,3,2,1
PPP2R5D,ESM-1b 650M + CaLM,1,0.27,1.0,0.0,14,4,3,1
PPP2R5D,ESM-1b 650M + CaLM,2,0.91,0.8,1.0,14,4,3,1
PPP2R5D,ESM-1b 650M + CaLM,3,0.91,0.775,1.0,14,4,3,1
PPP2R5D,ESM-1b 650M + CaLM,4,0.91,0.7954545454545454,1.0,15,3,2,1
PPP2R5D,ESM-1b 650M + CaLM,5,0.79,0.7727272727272727,1.0,15,3,2,1
PPP3CA,ESM-2 150M + 650M,1,0.61,0.825,1.0,14,4,3,1
PPP3CA,ESM-2 150M + 650M,2,0.61,0.775,1.0,14,4,3,1
PPP3CA,ESM-2 150M + 650M,3,0.61,0.925,0.6666666666666666,14,4,3,1
PPP3CA,ESM-2 150M + 650M,4,0.95,0.8181818181818182,1.0,15,3,2,1
PPP3CA,ESM-2 150M + 650M,5,0.95,0.8863636363636364,1.0,15,3,2,1
PPP3CA,ESM-2 650M + ESM-1b 650M,1,0.0,0.925,0.6666666666666666,14,4,3,1
PPP3CA,ESM-2 650M + ESM-1b 650M,2,0.14,0.95,1.0,14,4,3,1
PPP3CA,ESM-2 650M + ESM-1b 650M,3,0.35,0.875,1.0,14,4,3,1
PPP3CA,ESM-2 650M + ESM-1b 650M,4,0.35,0.9090909090909092,1.0,15,3,2,1
PPP3CA,ESM-2 650M + ESM-1b 650M,5,0.14,0.8863636363636364,1.0,15,3,2,1
PPP3CA,ESM-2 650M + CaLM,1,0.31,0.925,1.0,14,4,3,1
PPP3CA,ESM-2 650M + CaLM,2,0.31,0.9,1.0,14,4,3,1
PPP3CA,ESM-2 650M + CaLM,3,0.17,0.95,0.6666666666666666,14,4,3,1
PPP3CA,ESM-2 650M + CaLM,4,0.19,0.8863636363636364,1.0,15,3,2,1
PPP3CA,ESM-2 650M + CaLM,5,0.31,0.9545454545454546,1.0,15,3,2,1
PPP3CA,ESM-2 150M + CaLM,1,0.63,0.8,0.6666666666666666,14,4,3,1
PPP3CA,ESM-2 150M + CaLM,2,0.77,0.825,1.0,14,4,3,1
PPP3CA,ESM-2 150M + CaLM,3,0.84,0.9,0.6666666666666666,14,4,3,1
PPP3CA,ESM-2 150M + CaLM,4,0.84,0.8636363636363636,0.5,15,3,2,1
PPP3CA,ESM-2 150M + CaLM,5,0.84,0.7727272727272727,1.0,15,3,2,1
PPP3CA,ESM-1b 650M + CaLM,1,0.23,0.85,0.6666666666666666,14,4,3,1
PPP3CA,ESM-1b 650M + CaLM,2,0.0,0.825,1.0,14,4,3,1
PPP3CA,ESM-1b 650M + CaLM,3,0.81,0.85,0.6666666666666666,14,4,3,1
PPP3CA,ESM-1b 650M + CaLM,4,0.81,0.8181818181818182,1.0,15,3,2,1
PPP3CA,ESM-1b 650M + CaLM,5,0.81,0.9090909090909092,0.5,15,3,2,1
PRKAG2,ESM-2 150M + 650M,1,0.89,0.8942307692307693,0.75,21,6,4,2
PRKAG2,ESM-2 150M + 650M,2,0.37,0.8653846153846154,0.75,21,6,4,2
PRKAG2,ESM-2 150M + 650M,3,0.95,0.7946428571428571,1.0,22,5,3,2
PRKAG2,ESM-2 150M + 650M,4,0.89,0.8482142857142857,0.8333333333333334,22,5,3,2
PRKAG2,ESM-2 150M + 650M,5,0.85,0.8839285714285714,0.8333333333333334,22,5,3,2
PRKAG2,ESM-2 650M + ESM-1b 650M,1,0.41,1.0,1.0,21,6,4,2
PRKAG2,ESM-2 650M + ESM-1b 650M,2,0.62,1.0,1.0,21,6,4,2
PRKAG2,ESM-2 650M + ESM-1b 650M,3,0.62,1.0,1.0,22,5,3,2
PRKAG2,ESM-2 650M + ESM-1b 650M,4,0.62,1.0,1.0,22,5,3,2
PRKAG2,ESM-2 650M + ESM-1b 650M,5,0.35,1.0,0.8333333333333334,22,5,3,2
PRKAG2,ESM-2 650M + CaLM,1,0.8300000000000001,0.8942307692307693,1.0,21,6,4,2
PRKAG2,ESM-2 650M + CaLM,2,0.8300000000000001,0.8942307692307693,1.0,21,6,4,2
PRKAG2,ESM-2 650M + CaLM,3,0.62,0.875,1.0,22,5,3,2
PRKAG2,ESM-2 650M + CaLM,4,0.62,1.0,0.6666666666666666,22,5,3,2
PRKAG2,ESM-2 650M + CaLM,5,0.8300000000000001,0.9017857142857144,1.0,22,5,3,2
PRKAG2,ESM-2 150M + CaLM,1,0.58,1.0,0.25,21,6,4,2
PRKAG2,ESM-2 150M + CaLM,2,0.77,0.8942307692307693,1.0,21,6,4,2
PRKAG2,ESM-2 150M + CaLM,3,0.8,0.875,1.0,22,5,3,2
PRKAG2,ESM-2 150M + CaLM,4,0.8300000000000001,0.8928571428571429,1.0,22,5,3,2
PRKAG2,ESM-2 150M + CaLM,5,0.8300000000000001,0.8928571428571429,1.0,22,5,3,2
PRKAG2,ESM-1b 650M + CaLM,1,0.0,1.0,1.0,21,6,4,2
PRKAG2,ESM-1b 650M + CaLM,2,0.0,1.0,1.0,21,6,4,2
PRKAG2,ESM-1b 650M + CaLM,3,0.0,1.0,1.0,22,5,3,2
PRKAG2,ESM-1b 650M + CaLM,4,0.0,1.0,1.0,22,5,3,2
PRKAG2,ESM-1b 650M + CaLM,5,0.0,1.0,1.0,22,5,3,2
PRKCG,ESM-2 150M + 650M,1,0.5700000000000001,0.96875,0.8,20,6,5,1
PRKCG,ESM-2 150M + 650M,2,0.64,0.9558823529411764,1.0,21,5,4,1
PRKCG,ESM-2 150M + 650M,3,0.64,0.9411764705882352,1.0,21,5,4,1
PRKCG,ESM-2 150M + 650M,4,0.64,1.0,0.75,21,5,4,1
PRKCG,ESM-2 150M + 650M,5,0.64,0.9411764705882352,1.0,21,5,4,1
PRKCG,ESM-2 650M + ESM-1b 650M,1,0.52,0.984375,0.8,20,6,5,1
PRKCG,ESM-2 650M + ESM-1b 650M,2,0.17,0.9411764705882352,1.0,21,5,4,1
PRKCG,ESM-2 650M + ESM-1b 650M,3,0.17,0.9705882352941176,1.0,21,5,4,1
PRKCG,ESM-2 650M + ESM-1b 650M,4,0.0,0.9852941176470588,1.0,21,5,4,1
PRKCG,ESM-2 650M + ESM-1b 650M,5,0.17,0.9558823529411764,1.0,21,5,4,1
PRKCG,ESM-2 650M + CaLM,1,0.29,0.984375,0.8,20,6,5,1
PRKCG,ESM-2 650M + CaLM,2,0.29,0.9705882352941176,1.0,21,5,4,1
PRKCG,ESM-2 650M + CaLM,3,0.8,0.9852941176470588,0.75,21,5,4,1
PRKCG,ESM-2 650M + CaLM,4,0.44,1.0,1.0,21,5,4,1
PRKCG,ESM-2 650M + CaLM,5,0.29,0.9558823529411764,1.0,21,5,4,1
PRKCG,ESM-2 150M + CaLM,1,0.26,0.96875,1.0,20,6,5,1
PRKCG,ESM-2 150M + CaLM,2,0.16,1.0,1.0,21,5,4,1
PRKCG,ESM-2 150M + CaLM,3,0.63,0.9852941176470588,1.0,21,5,4,1
PRKCG,ESM-2 150M + CaLM,4,0.43,1.0,1.0,21,5,4,1
PRKCG,ESM-2 150M + CaLM,5,0.43,0.9558823529411764,1.0,21,5,4,1
PRKCG,ESM-1b 650M + CaLM,1,0.0,0.96875,1.0,20,6,5,1
PRKCG,ESM-1b 650M + CaLM,2,0.09,0.9852941176470588,1.0,21,5,4,1
PRKCG,ESM-1b 650M + CaLM,3,0.67,0.9705882352941176,1.0,21,5,4,1
PRKCG,ESM-1b 650M + CaLM,4,0.0,0.9705882352941176,1.0,21,5,4,1
PRKCG,ESM-1b 650M + CaLM,5,0.5700000000000001,1.0,0.75,21,5,4,1
PRKN,ESM-2 150M + 650M,1,0.49,1.0,0.75,12,4,2,2
PRKN,ESM-2 150M + 650M,2,0.28,0.9523809523809524,1.0,13,3,1,2
PRKN,ESM-2 150M + 650M,3,0.49,0.9523809523809524,1.0,13,3,1,2
PRKN,ESM-2 150M + 650M,4,0.34,0.9761904761904762,1.0,13,3,1,2
PRKN,ESM-2 150M + 650M,5,0.49,0.95,1.0,13,3,2,1
PRKN,ESM-2 650M + ESM-1b 650M,1,0.0,1.0,0.75,12,4,2,2
PRKN,ESM-2 650M + ESM-1b 650M,2,0.08,1.0,1.0,13,3,1,2
PRKN,ESM-2 650M + ESM-1b 650M,3,0.08,1.0,1.0,13,3,1,2
PRKN,ESM-2 650M + ESM-1b 650M,4,0.08,1.0,1.0,13,3,1,2
PRKN,ESM-2 650M + ESM-1b 650M,5,0.08,1.0,1.0,13,3,2,1
PRKN,ESM-2 650M + CaLM,1,0.0,1.0,1.0,12,4,2,2
PRKN,ESM-2 650M + CaLM,2,0.0,0.9761904761904762,1.0,13,3,1,2
PRKN,ESM-2 650M + CaLM,3,0.0,0.9523809523809524,1.0,13,3,1,2
PRKN,ESM-2 650M + CaLM,4,0.0,0.9761904761904762,1.0,13,3,1,2
PRKN,ESM-2 650M + CaLM,5,0.0,0.95,1.0,13,3,2,1
PRKN,ESM-2 150M + CaLM,1,0.8200000000000001,0.9428571428571428,1.0,12,4,2,2
PRKN,ESM-2 150M + CaLM,2,0.8200000000000001,0.9285714285714286,1.0,13,3,1,2
PRKN,ESM-2 150M + CaLM,3,0.8200000000000001,0.9285714285714286,1.0,13,3,1,2
PRKN,ESM-2 150M + CaLM,4,0.37,0.9523809523809524,0.5,13,3,1,2
PRKN,ESM-2 150M + CaLM,5,0.8200000000000001,0.875,1.0,13,3,2,1
PRKN,ESM-1b 650M + CaLM,1,0.0,1.0,1.0,12,4,2,2
PRKN,ESM-1b 650M + CaLM,2,0.0,1.0,1.0,13,3,1,2
PRKN,ESM-1b 650M + CaLM,3,0.0,1.0,1.0,13,3,1,2
PRKN,ESM-1b 650M + CaLM,4,0.0,1.0,1.0,13,3,1,2
PRKN,ESM-1b 650M + CaLM,5,0.0,1.0,1.0,13,3,2,1
PRMT7,ESM-2 150M + 650M,1,0.23,1.0,1.0,8,2,1,1
PRMT7,ESM-2 150M + 650M,2,0.0,1.0,0.0,8,2,1,1
PRMT7,ESM-2 150M + 650M,3,0.23,1.0,1.0,8,2,1,1
PRMT7,ESM-2 150M + 650M,4,0.23,1.0,1.0,8,2,1,1
PRMT7,ESM-2 150M + 650M,5,0.14,1.0,1.0,8,2,1,1
PRMT7,ESM-2 650M + ESM-1b 650M,1,0.0,1.0,1.0,8,2,1,1
PRMT7,ESM-2 650M + ESM-1b 650M,2,0.0,1.0,1.0,8,2,1,1
PRMT7,ESM-2 650M + ESM-1b 650M,3,0.0,1.0,1.0,8,2,1,1
PRMT7,ESM-2 650M + ESM-1b 650M,4,0.0,1.0,1.0,8,2,1,1
PRMT7,ESM-2 650M + ESM-1b 650M,5,0.0,1.0,1.0,8,2,1,1
PRMT7,ESM-2 650M + CaLM,1,0.0,1.0,1.0,8,2,1,1
PRMT7,ESM-2 650M + CaLM,2,0.0,1.0,1.0,8,2,1,1
PRMT7,ESM-2 650M + CaLM,3,0.0,1.0,1.0,8,2,1,1
PRMT7,ESM-2 650M + CaLM,4,0.0,1.0,1.0,8,2,1,1
PRMT7,ESM-2 650M + CaLM,5,0.0,1.0,1.0,8,2,1,1
PRMT7,ESM-2 150M + CaLM,1,0.18,1.0,1.0,8,2,1,1
PRMT7,ESM-2 150M + CaLM,2,0.0,1.0,1.0,8,2,1,1
PRMT7,ESM-2 150M + CaLM,3,0.18,1.0,1.0,8,2,1,1
PRMT7,ESM-2 150M + CaLM,4,0.18,1.0,1.0,8,2,1,1
PRMT7,ESM-2 150M + CaLM,5,0.15,1.0,1.0,8,2,1,1
PRMT7,ESM-1b 650M + CaLM,1,0.6,1.0,1.0,8,2,1,1
PRMT7,ESM-1b 650M + CaLM,2,0.0,1.0,0.0,8,2,1,1
PRMT7,ESM-1b 650M + CaLM,3,0.46,1.0,1.0,8,2,1,1
PRMT7,ESM-1b 650M + CaLM,4,0.6,1.0,1.0,8,2,1,1
PRMT7,ESM-1b 650M + CaLM,5,0.6,1.0,1.0,8,2,1,1
PROM1,ESM-2 150M + 650M,1,0.0,0.9166666666666666,0.5,10,3,2,1
PROM1,ESM-2 150M + 650M,2,0.61,0.875,0.5,10,3,2,1
PROM1,ESM-2 150M + 650M,3,0.0,0.9166666666666666,0.5,10,3,2,1
PROM1,ESM-2 150M + 650M,4,0.0,0.7857142857142857,1.0,11,2,1,1
PROM1,ESM-2 150M + 650M,5,0.0,0.7857142857142857,1.0,11,2,1,1
PROM1,ESM-2 650M + ESM-1b 650M,1,0.43,0.9166666666666666,0.0,10,3,2,1
PROM1,ESM-2 650M + ESM-1b 650M,2,0.9,0.7916666666666666,1.0,10,3,2,1
PROM1,ESM-2 650M + ESM-1b 650M,3,0.9,0.8333333333333334,1.0,10,3,2,1
PROM1,ESM-2 650M + ESM-1b 650M,4,0.37,0.8214285714285714,1.0,11,2,1,1
PROM1,ESM-2 650M + ESM-1b 650M,5,0.37,0.7142857142857143,1.0,11,2,1,1
PROM1,ESM-2 650M + CaLM,1,0.63,0.8333333333333334,0.5,10,3,2,1
PROM1,ESM-2 650M + CaLM,2,0.19,0.75,1.0,10,3,2,1
PROM1,ESM-2 650M + CaLM,3,0.63,0.9166666666666666,0.5,10,3,2,1
PROM1,ESM-2 650M + CaLM,4,0.0,0.8928571428571429,0.0,11,2,1,1
PROM1,ESM-2 650M + CaLM,5,0.63,0.7857142857142857,1.0,11,2,1,1
PROM1,ESM-2 150M + CaLM,1,0.0,0.9166666666666666,0.5,10,3,2,1
PROM1,ESM-2 150M + CaLM,2,0.0,0.8333333333333334,1.0,10,3,2,1
PROM1,ESM-2 150M + CaLM,3,0.0,0.75,1.0,10,3,2,1
PROM1,ESM-2 150M + CaLM,4,0.58,0.9642857142857144,0.0,11,2,1,1
PROM1,ESM-2 150M + CaLM,5,0.0,0.7857142857142857,1.0,11,2,1,1
PROM1,ESM-1b 650M + CaLM,1,0.0,0.75,1.0,10,3,2,1
PROM1,ESM-1b 650M + CaLM,2,0.0,0.875,0.5,10,3,2,1
PROM1,ESM-1b 650M + CaLM,3,0.77,0.9166666666666666,0.5,10,3,2,1
PROM1,ESM-1b 650M + CaLM,4,0.42,0.8928571428571429,0.0,11,2,1,1
PROM1,ESM-1b 650M + CaLM,5,0.42,0.8214285714285714,1.0,11,2,1,1
PRRT2,ESM-2 150M + 650M,1,0.31,0.9895833333333334,1.0,28,7,2,5
PRRT2,ESM-2 150M + 650M,2,0.4,0.9946524064171124,0.9166666666666666,28,7,3,4
PRRT2,ESM-2 150M + 650M,3,0.32,0.9786096256684492,1.0,28,7,3,4
PRRT2,ESM-2 150M + 650M,4,0.54,0.9946524064171124,1.0,28,7,3,4
PRRT2,ESM-2 150M + 650M,5,0.49,0.9893048128342246,1.0,28,7,3,4
PRRT2,ESM-2 650M + ESM-1b 650M,1,0.11,1.0,1.0,28,7,2,5
PRRT2,ESM-2 650M + ESM-1b 650M,2,0.37,1.0,1.0,28,7,3,4
PRRT2,ESM-2 650M + ESM-1b 650M,3,0.37,1.0,1.0,28,7,3,4
PRRT2,ESM-2 650M + ESM-1b 650M,4,0.37,1.0,1.0,28,7,3,4
PRRT2,ESM-2 650M + ESM-1b 650M,5,0.37,1.0,1.0,28,7,3,4
PRRT2,ESM-2 650M + CaLM,1,0.0,0.96875,1.0,28,7,2,5
PRRT2,ESM-2 650M + CaLM,2,0.0,0.983957219251337,0.8333333333333334,28,7,3,4
PRRT2,ESM-2 650M + CaLM,3,0.0,0.9411764705882352,1.0,28,7,3,4
PRRT2,ESM-2 650M + CaLM,4,0.0,0.9572192513368984,1.0,28,7,3,4
PRRT2,ESM-2 650M + CaLM,5,0.0,0.9572192513368984,0.9166666666666666,28,7,3,4
PRRT2,ESM-2 150M + CaLM,1,0.28,0.9114583333333334,1.0,28,7,2,5
PRRT2,ESM-2 150M + CaLM,2,0.0,1.0,0.5833333333333334,28,7,3,4
PRRT2,ESM-2 150M + CaLM,3,0.28,0.9144385026737968,1.0,28,7,3,4
PRRT2,ESM-2 150M + CaLM,4,0.28,0.9090909090909092,1.0,28,7,3,4
PRRT2,ESM-2 150M + CaLM,5,0.2,0.9037433155080212,1.0,28,7,3,4
PRRT2,ESM-1b 650M + CaLM,1,0.0,1.0,1.0,28,7,2,5
PRRT2,ESM-1b 650M + CaLM,2,0.07,1.0,1.0,28,7,3,4
PRRT2,ESM-1b 650M + CaLM,3,0.07,1.0,1.0,28,7,3,4
PRRT2,ESM-1b 650M + CaLM,4,0.07,1.0,1.0,28,7,3,4
PRRT2,ESM-1b 650M + CaLM,5,0.0,1.0,1.0,28,7,3,4
PRSS1,ESM-2 150M + 650M,1,0.45,0.65,0.5,17,5,2,3
PRSS1,ESM-2 150M + 650M,2,0.08,0.5,0.8333333333333334,17,5,2,3
PRSS1,ESM-2 150M + 650M,3,0.0,0.7083333333333334,0.0,18,4,1,3
PRSS1,ESM-2 150M + 650M,4,0.08,0.7222222222222222,0.3333333333333333,18,4,1,3
PRSS1,ESM-2 150M + 650M,5,0.0,0.5833333333333334,1.0,18,4,1,3
PRSS1,ESM-2 650M + ESM-1b 650M,1,0.42,0.7166666666666667,0.6666666666666666,17,5,2,3
PRSS1,ESM-2 650M + ESM-1b 650M,2,0.95,0.6833333333333333,0.8333333333333334,17,5,2,3
PRSS1,ESM-2 650M + ESM-1b 650M,3,0.95,0.75,0.6666666666666666,18,4,1,3
PRSS1,ESM-2 650M + ESM-1b 650M,4,0.48,0.6944444444444444,1.0,18,4,1,3
PRSS1,ESM-2 650M + ESM-1b 650M,5,0.95,0.7777777777777778,0.3333333333333333,18,4,1,3
PRSS1,ESM-2 650M + CaLM,1,0.66,0.8,0.3333333333333333,17,5,2,3
PRSS1,ESM-2 650M + CaLM,2,0.44,0.75,0.6666666666666666,17,5,2,3
PRSS1,ESM-2 650M + CaLM,3,0.44,0.7222222222222222,0.6666666666666666,18,4,1,3
PRSS1,ESM-2 650M + CaLM,4,0.53,0.75,0.6666666666666666,18,4,1,3
PRSS1,ESM-2 650M + CaLM,5,0.53,0.6944444444444444,1.0,18,4,1,3
PRSS1,ESM-2 150M + CaLM,1,0.67,0.7166666666666667,0.6666666666666666,17,5,2,3
PRSS1,ESM-2 150M + CaLM,2,0.67,0.85,0.3333333333333333,17,5,2,3
PRSS1,ESM-2 150M + CaLM,3,0.4,0.6666666666666666,0.6666666666666666,18,4,1,3
PRSS1,ESM-2 150M + CaLM,4,0.44,0.6527777777777778,1.0,18,4,1,3
PRSS1,ESM-2 150M + CaLM,5,0.67,0.7361111111111112,1.0,18,4,1,3
PRSS1,ESM-1b 650M + CaLM,1,0.0,0.6,1.0,17,5,2,3
PRSS1,ESM-1b 650M + CaLM,2,0.0,0.9166666666666666,0.1666666666666666,17,5,2,3
PRSS1,ESM-1b 650M + CaLM,3,0.81,0.7222222222222222,1.0,18,4,1,3
PRSS1,ESM-1b 650M + CaLM,4,0.91,0.7916666666666666,0.3333333333333333,18,4,1,3
PRSS1,ESM-1b 650M + CaLM,5,0.81,0.7916666666666666,0.6666666666666666,18,4,1,3
PTEN,ESM-2 150M + 650M,1,0.73,1.0,1.0,141,36,35,1
PTEN,ESM-2 150M + 650M,2,0.72,1.0,1.0,141,36,35,1
PTEN,ESM-2 150M + 650M,3,0.73,1.0,1.0,142,35,34,1
PTEN,ESM-2 150M + 650M,4,0.73,1.0,1.0,142,35,34,1
PTEN,ESM-2 150M + 650M,5,0.52,1.0,1.0,142,35,34,1
PTEN,ESM-2 650M + ESM-1b 650M,1,0.0,1.0,1.0,141,36,35,1
PTEN,ESM-2 650M + ESM-1b 650M,2,0.0,1.0,1.0,141,36,35,1
PTEN,ESM-2 650M + ESM-1b 650M,3,0.0,1.0,1.0,142,35,34,1
PTEN,ESM-2 650M + ESM-1b 650M,4,0.0,1.0,1.0,142,35,34,1
PTEN,ESM-2 650M + ESM-1b 650M,5,0.0,1.0,1.0,142,35,34,1
PTEN,ESM-2 650M + CaLM,1,0.0,1.0,1.0,141,36,35,1
PTEN,ESM-2 650M + CaLM,2,0.0,1.0,1.0,141,36,35,1
PTEN,ESM-2 650M + CaLM,3,0.0,1.0,1.0,142,35,34,1
PTEN,ESM-2 650M + CaLM,4,0.0,1.0,1.0,142,35,34,1
PTEN,ESM-2 650M + CaLM,5,0.0,1.0,1.0,142,35,34,1
PTEN,ESM-2 150M + CaLM,1,0.67,0.9945255474452556,0.9428571428571428,141,36,35,1
PTEN,ESM-2 150M + CaLM,2,0.68,0.9817518248175182,1.0,141,36,35,1
PTEN,ESM-2 150M + CaLM,3,0.81,0.9855072463768116,1.0,142,35,34,1
PTEN,ESM-2 150M + CaLM,4,0.63,0.9891304347826086,1.0,142,35,34,1
PTEN,ESM-2 150M + CaLM,5,0.4,0.9927536231884058,0.9411764705882352,142,35,34,1
PTEN,ESM-1b 650M + CaLM,1,0.0,1.0,1.0,141,36,35,1
PTEN,ESM-1b 650M + CaLM,2,0.01,1.0,1.0,141,36,35,1
PTEN,ESM-1b 650M + CaLM,3,0.01,1.0,1.0,142,35,34,1
PTEN,ESM-1b 650M + CaLM,4,0.01,1.0,1.0,142,35,34,1
PTEN,ESM-1b 650M + CaLM,5,0.0,1.0,1.0,142,35,34,1
PTPN11,ESM-2 150M + 650M,1,0.01,0.684931506849315,0.5277777777777778,79,20,18,2
PTPN11,ESM-2 150M + 650M,2,0.01,0.7328767123287672,0.4166666666666667,79,20,18,2
PTPN11,ESM-2 150M + 650M,3,0.01,0.6232876712328768,0.8333333333333334,79,20,18,2
PTPN11,ESM-2 150M + 650M,4,0.01,0.6924603174603174,0.5263157894736842,79,20,19,1
PTPN11,ESM-2 150M + 650M,5,0.8,0.639921722113503,0.7222222222222222,80,19,18,1
PTPN11,ESM-2 650M + ESM-1b 650M,1,0.94,0.9452054794520548,1.0,79,20,18,2
PTPN11,ESM-2 650M + ESM-1b 650M,2,0.52,0.9863013698630136,0.8611111111111112,79,20,18,2
PTPN11,ESM-2 650M + ESM-1b 650M,3,0.94,0.952054794520548,0.9444444444444444,79,20,18,2
PTPN11,ESM-2 650M + ESM-1b 650M,4,0.73,0.9424603174603174,1.0,79,20,19,1
PTPN11,ESM-2 650M + ESM-1b 650M,5,0.94,0.9412915851272016,1.0,80,19,18,1
PTPN11,ESM-2 650M + CaLM,1,0.91,0.7831050228310502,0.6666666666666666,79,20,18,2
PTPN11,ESM-2 650M + CaLM,2,0.94,0.7191780821917808,0.9722222222222222,79,20,18,2
PTPN11,ESM-2 650M + CaLM,3,0.87,0.7602739726027398,0.9166666666666666,79,20,18,2
PTPN11,ESM-2 650M + CaLM,4,0.94,0.753968253968254,0.8947368421052632,79,20,19,1
PTPN11,ESM-2 650M + CaLM,5,0.9,0.8140900195694716,0.5,80,19,18,1
PTPN11,ESM-2 150M + CaLM,1,0.85,0.8242009132420092,0.5833333333333334,79,20,18,2
PTPN11,ESM-2 150M + CaLM,2,0.24,0.7420091324200914,0.6666666666666666,79,20,18,2
PTPN11,ESM-2 150M + CaLM,3,0.85,0.7785388127853882,0.75,79,20,18,2
PTPN11,ESM-2 150M + CaLM,4,0.85,0.7321428571428571,0.9473684210526316,79,20,19,1
PTPN11,ESM-2 150M + CaLM,5,0.85,0.7690802348336595,0.8333333333333334,80,19,18,1
PTPN11,ESM-1b 650M + CaLM,1,0.0,0.9726027397260274,0.8333333333333334,79,20,18,2
PTPN11,ESM-1b 650M + CaLM,2,0.39,0.954337899543379,0.9444444444444444,79,20,18,2
PTPN11,ESM-1b 650M + CaLM,3,0.21,0.9474885844748858,1.0,79,20,18,2
PTPN11,ESM-1b 650M + CaLM,4,0.39,0.9583333333333334,0.9473684210526316,79,20,19,1
PTPN11,ESM-1b 650M + CaLM,5,0.44,0.9471624266144814,1.0,80,19,18,1
PUF60,ESM-2 150M + 650M,1,0.0,1.0,0.3333333333333333,13,4,3,1
PUF60,ESM-2 150M + 650M,2,0.0,0.8055555555555556,1.0,13,4,3,1
PUF60,ESM-2 150M + 650M,3,0.0,0.85,1.0,14,3,2,1
PUF60,ESM-2 150M + 650M,4,0.0,0.875,1.0,14,3,2,1
PUF60,ESM-2 150M + 650M,5,0.0,0.875,1.0,14,3,2,1
PUF60,ESM-2 650M + ESM-1b 650M,1,0.27,0.8888888888888888,1.0,13,4,3,1
PUF60,ESM-2 650M + ESM-1b 650M,2,0.0,0.8333333333333334,1.0,13,4,3,1
PUF60,ESM-2 650M + ESM-1b 650M,3,0.27,0.85,1.0,14,3,2,1
PUF60,ESM-2 650M + ESM-1b 650M,4,0.27,0.95,0.5,14,3,2,1
PUF60,ESM-2 650M + ESM-1b 650M,5,0.0,0.95,0.5,14,3,2,1
PUF60,ESM-2 650M + CaLM,1,0.0,0.8611111111111112,1.0,13,4,3,1
PUF60,ESM-2 650M + CaLM,2,0.0,0.9166666666666666,1.0,13,4,3,1
PUF60,ESM-2 650M + CaLM,3,0.0,0.875,1.0,14,3,2,1
PUF60,ESM-2 650M + CaLM,4,0.0,0.925,1.0,14,3,2,1
PUF60,ESM-2 650M + CaLM,5,0.0,0.875,1.0,14,3,2,1
PUF60,ESM-2 150M + CaLM,1,0.0,0.8333333333333334,1.0,13,4,3,1
PUF60,ESM-2 150M + CaLM,2,0.0,0.9166666666666666,0.6666666666666666,13,4,3,1
PUF60,ESM-2 150M + CaLM,3,0.0,0.825,1.0,14,3,2,1
PUF60,ESM-2 150M + CaLM,4,0.0,0.95,0.5,14,3,2,1
PUF60,ESM-2 150M + CaLM,5,0.0,0.875,1.0,14,3,2,1
PUF60,ESM-1b 650M + CaLM,1,0.0,0.8888888888888888,1.0,13,4,3,1
PUF60,ESM-1b 650M + CaLM,2,0.0,0.9444444444444444,0.6666666666666666,13,4,3,1
PUF60,ESM-1b 650M + CaLM,3,0.0,0.85,1.0,14,3,2,1
PUF60,ESM-1b 650M + CaLM,4,0.0,0.9,1.0,14,3,2,1
PUF60,ESM-1b 650M + CaLM,5,0.0,0.925,1.0,14,3,2,1
PURA,ESM-2 150M + 650M,1,0.22,0.9347319347319348,0.90625,46,12,8,4
PURA,ESM-2 150M + 650M,2,0.53,0.9370629370629372,0.78125,46,12,8,4
PURA,ESM-2 150M + 650M,3,0.22,0.8883928571428571,1.0,46,12,9,3
PURA,ESM-2 150M + 650M,4,0.19,0.9329004329004328,0.8333333333333334,47,11,8,3
PURA,ESM-2 150M + 650M,5,0.19,0.9134199134199136,0.9583333333333334,47,11,8,3
PURA,ESM-2 650M + ESM-1b 650M,1,0.93,0.9370629370629372,1.0,46,12,8,4
PURA,ESM-2 650M + ESM-1b 650M,2,0.8300000000000001,0.958041958041958,0.90625,46,12,8,4
PURA,ESM-2 650M + ESM-1b 650M,3,0.93,0.9263392857142856,1.0,46,12,9,3
PURA,ESM-2 650M + ESM-1b 650M,4,0.77,0.9632034632034632,0.7916666666666666,47,11,8,3
PURA,ESM-2 650M + ESM-1b 650M,5,0.93,0.9437229437229436,1.0,47,11,8,3
PURA,ESM-2 650M + CaLM,1,0.03,0.8531468531468531,0.8125,46,12,8,4
PURA,ESM-2 650M + CaLM,2,0.33,0.8927738927738927,0.75,46,12,8,4
PURA,ESM-2 650M + CaLM,3,0.39,0.8415178571428571,0.8888888888888888,46,12,9,3
PURA,ESM-2 650M + CaLM,4,0.05,0.8852813852813853,0.6666666666666666,47,11,8,3
PURA,ESM-2 650M + CaLM,5,0.33,0.8225108225108225,1.0,47,11,8,3
PURA,ESM-2 150M + CaLM,1,0.13,0.8717948717948718,1.0,46,12,8,4
PURA,ESM-2 150M + CaLM,2,0.13,0.9044289044289044,0.875,46,12,8,4
PURA,ESM-2 150M + CaLM,3,0.29,0.890625,0.925925925925926,46,12,9,3
PURA,ESM-2 150M + CaLM,4,0.11,0.9112554112554112,0.7916666666666666,47,11,8,3
PURA,ESM-2 150M + CaLM,5,0.13,0.8961038961038961,0.875,47,11,8,3
PURA,ESM-1b 650M + CaLM,1,0.18,0.9557109557109555,0.9375,46,12,8,4
PURA,ESM-1b 650M + CaLM,2,0.0,0.944055944055944,1.0,46,12,8,4
PURA,ESM-1b 650M + CaLM,3,0.21,0.96875,0.9629629629629628,46,12,9,3
PURA,ESM-1b 650M + CaLM,4,0.44,0.948051948051948,0.9166666666666666,47,11,8,3
PURA,ESM-1b 650M + CaLM,5,0.21,0.9523809523809524,0.9166666666666666,47,11,8,3
RAF1,ESM-2 150M + 650M,1,0.9,0.961038961038961,1.0,36,10,6,4
RAF1,ESM-2 150M + 650M,2,0.59,0.9968944099378882,0.8,37,9,5,4
RAF1,ESM-2 150M + 650M,3,0.9,0.9782608695652174,1.0,37,9,5,4
RAF1,ESM-2 150M + 650M,4,0.9,0.9666666666666668,1.0,37,9,6,3
RAF1,ESM-2 150M + 650M,5,0.9,0.9666666666666668,1.0,37,9,6,3
RAF1,ESM-2 650M + ESM-1b 650M,1,0.1,0.987012987012987,0.9583333333333334,36,10,6,4
RAF1,ESM-2 650M + ESM-1b 650M,2,0.51,1.0,0.95,37,9,5,4
RAF1,ESM-2 650M + ESM-1b 650M,3,0.18,0.9813664596273292,1.0,37,9,5,4
RAF1,ESM-2 650M + ESM-1b 650M,4,0.18,0.9818181818181818,1.0,37,9,6,3
RAF1,ESM-2 650M + ESM-1b 650M,5,0.18,1.0,1.0,37,9,6,3
RAF1,ESM-2 650M + CaLM,1,0.21,0.974025974025974,1.0,36,10,6,4
RAF1,ESM-2 650M + CaLM,2,0.21,0.968944099378882,1.0,37,9,5,4
RAF1,ESM-2 650M + CaLM,3,0.0,0.9906832298136646,0.75,37,9,5,4
RAF1,ESM-2 650M + CaLM,4,0.21,0.9666666666666668,1.0,37,9,6,3
RAF1,ESM-2 650M + CaLM,5,0.21,0.9696969696969696,1.0,37,9,6,3
RAF1,ESM-2 150M + CaLM,1,0.23,0.8181818181818182,0.375,36,10,6,4
RAF1,ESM-2 150M + CaLM,2,0.5700000000000001,0.7763975155279503,0.6,37,9,5,4
RAF1,ESM-2 150M + CaLM,3,0.38,0.7111801242236024,0.9,37,9,5,4
RAF1,ESM-2 150M + CaLM,4,0.97,0.7424242424242424,0.5,37,9,6,3
RAF1,ESM-2 150M + CaLM,5,0.68,0.7393939393939394,0.7777777777777778,37,9,6,3
RAF1,ESM-1b 650M + CaLM,1,0.0,0.987012987012987,0.875,36,10,6,4
RAF1,ESM-1b 650M + CaLM,2,0.05,0.968944099378882,1.0,37,9,5,4
RAF1,ESM-1b 650M + CaLM,3,0.15,0.9658385093167702,1.0,37,9,5,4
RAF1,ESM-1b 650M + CaLM,4,0.15,0.9606060606060606,1.0,37,9,6,3
RAF1,ESM-1b 650M + CaLM,5,0.29,0.9787878787878788,0.9444444444444444,37,9,6,3
RAG2,ESM-2 150M + 650M,1,0.94,0.9304029304029304,0.75,46,12,10,2
RAG2,ESM-2 150M + 650M,2,0.91,0.9047619047619048,0.85,46,12,10,2
RAG2,ESM-2 150M + 650M,3,0.91,0.8974358974358975,0.85,46,12,10,2
RAG2,ESM-2 150M + 650M,4,0.94,0.8607142857142858,1.0,47,11,9,2
RAG2,ESM-2 150M + 650M,5,0.94,0.8621794871794872,1.0,47,11,10,1
RAG2,ESM-2 650M + ESM-1b 650M,1,0.0,0.8901098901098901,0.95,46,12,10,2
RAG2,ESM-2 650M + ESM-1b 650M,2,0.0,0.8901098901098901,1.0,46,12,10,2
RAG2,ESM-2 650M + ESM-1b 650M,3,0.19,0.912087912087912,0.8,46,12,10,2
RAG2,ESM-2 650M + ESM-1b 650M,4,0.0,0.8928571428571429,0.8888888888888888,47,11,9,2
RAG2,ESM-2 650M + ESM-1b 650M,5,0.0,0.8910256410256411,0.9,47,11,10,1
RAG2,ESM-2 650M + CaLM,1,0.4,0.9084249084249084,0.95,46,12,10,2
RAG2,ESM-2 650M + CaLM,2,0.64,0.9523809523809524,0.8,46,12,10,2
RAG2,ESM-2 650M + CaLM,3,0.4,0.9047619047619048,0.9,46,12,10,2
RAG2,ESM-2 650M + CaLM,4,0.48,0.9071428571428573,0.9444444444444444,47,11,9,2
RAG2,ESM-2 650M + CaLM,5,0.48,0.9134615384615384,0.8,47,11,10,1
RAG2,ESM-2 150M + CaLM,1,0.62,0.8168498168498168,0.65,46,12,10,2
RAG2,ESM-2 150M + CaLM,2,0.72,0.7582417582417582,0.9,46,12,10,2
RAG2,ESM-2 150M + CaLM,3,0.73,0.7802197802197802,0.75,46,12,10,2
RAG2,ESM-2 150M + CaLM,4,0.52,0.8,0.6666666666666666,47,11,9,2
RAG2,ESM-2 150M + CaLM,5,0.52,0.7980769230769231,0.7,47,11,10,1
RAG2,ESM-1b 650M + CaLM,1,0.73,0.8937728937728938,0.85,46,12,10,2
RAG2,ESM-1b 650M + CaLM,2,0.37,0.8754578754578755,0.85,46,12,10,2
RAG2,ESM-1b 650M + CaLM,3,0.63,0.8571428571428571,1.0,46,12,10,2
RAG2,ESM-1b 650M + CaLM,4,0.49,0.8892857142857142,0.7777777777777778,47,11,9,2
RAG2,ESM-1b 650M + CaLM,5,0.63,0.8717948717948718,1.0,47,11,10,1
RALA,ESM-2 150M + 650M,1,0.0,0.9642857142857144,1.0,11,3,1,2
RALA,ESM-2 150M + 650M,2,0.0,1.0,1.0,11,3,2,1
RALA,ESM-2 150M + 650M,3,0.0,1.0,1.0,11,3,2,1
RALA,ESM-2 150M + 650M,4,0.0,0.9666666666666668,1.0,11,3,2,1
RALA,ESM-2 150M + 650M,5,0.0,0.9714285714285714,1.0,12,2,1,1
RALA,ESM-2 650M + ESM-1b 650M,1,0.93,0.7142857142857143,1.0,11,3,1,2
RALA,ESM-2 650M + ESM-1b 650M,2,0.95,0.9333333333333332,0.0,11,3,2,1
RALA,ESM-2 650M + ESM-1b 650M,3,0.0,0.8,0.5,11,3,2,1
RALA,ESM-2 650M + ESM-1b 650M,4,0.95,0.8333333333333334,1.0,11,3,2,1
RALA,ESM-2 650M + ESM-1b 650M,5,0.95,0.7714285714285715,1.0,12,2,1,1
RALA,ESM-2 650M + CaLM,1,0.85,0.8214285714285714,1.0,11,3,1,2
RALA,ESM-2 650M + CaLM,2,0.85,0.8333333333333334,1.0,11,3,2,1
RALA,ESM-2 650M + CaLM,3,0.85,0.8666666666666667,1.0,11,3,2,1
RALA,ESM-2 650M + CaLM,4,0.77,0.8333333333333334,1.0,11,3,2,1
RALA,ESM-2 650M + CaLM,5,0.44,1.0,0.0,12,2,1,1
RALA,ESM-2 150M + CaLM,1,0.0,0.9642857142857144,1.0,11,3,1,2
RALA,ESM-2 150M + CaLM,2,0.0,0.9666666666666668,1.0,11,3,2,1
RALA,ESM-2 150M + CaLM,3,0.0,1.0,1.0,11,3,2,1
RALA,ESM-2 150M + CaLM,4,0.0,1.0,1.0,11,3,2,1
RALA,ESM-2 150M + CaLM,5,0.0,0.9714285714285714,1.0,12,2,1,1
RALA,ESM-1b 650M + CaLM,1,0.65,0.8214285714285714,1.0,11,3,1,2
RALA,ESM-1b 650M + CaLM,2,0.0,0.8666666666666667,1.0,11,3,2,1
RALA,ESM-1b 650M + CaLM,3,0.65,1.0,0.5,11,3,2,1
RALA,ESM-1b 650M + CaLM,4,0.65,0.8333333333333334,1.0,11,3,2,1
RALA,ESM-1b 650M + CaLM,5,0.12,0.8571428571428571,1.0,12,2,1,1
RARS1,ESM-2 150M + 650M,1,0.0,1.0,1.0,9,3,2,1
RARS1,ESM-2 150M + 650M,2,0.27,1.0,1.0,9,3,2,1
RARS1,ESM-2 150M + 650M,3,0.27,1.0,1.0,10,2,1,1
RARS1,ESM-2 150M + 650M,4,0.27,1.0,1.0,10,2,1,1
RARS1,ESM-2 150M + 650M,5,0.0,1.0,1.0,10,2,1,1
RARS1,ESM-2 650M + ESM-1b 650M,1,0.0,1.0,1.0,9,3,2,1
RARS1,ESM-2 650M + ESM-1b 650M,2,0.0,1.0,1.0,9,3,2,1
RARS1,ESM-2 650M + ESM-1b 650M,3,0.0,1.0,1.0,10,2,1,1
RARS1,ESM-2 650M + ESM-1b 650M,4,0.0,1.0,1.0,10,2,1,1
RARS1,ESM-2 650M + ESM-1b 650M,5,0.0,1.0,1.0,10,2,1,1
RARS1,ESM-2 650M + CaLM,1,0.0,1.0,1.0,9,3,2,1
RARS1,ESM-2 650M + CaLM,2,0.0,1.0,1.0,9,3,2,1
RARS1,ESM-2 650M + CaLM,3,0.0,1.0,1.0,10,2,1,1
RARS1,ESM-2 650M + CaLM,4,0.0,1.0,1.0,10,2,1,1
RARS1,ESM-2 650M + CaLM,5,0.0,1.0,1.0,10,2,1,1
RARS1,ESM-2 150M + CaLM,1,0.1,1.0,1.0,9,3,2,1
RARS1,ESM-2 150M + CaLM,2,0.1,1.0,1.0,9,3,2,1
RARS1,ESM-2 150M + CaLM,3,0.1,1.0,1.0,10,2,1,1
RARS1,ESM-2 150M + CaLM,4,0.0,1.0,1.0,10,2,1,1
RARS1,ESM-2 150M + CaLM,5,0.0,1.0,1.0,10,2,1,1
RARS1,ESM-1b 650M + CaLM,1,0.88,1.0,1.0,9,3,2,1
RARS1,ESM-1b 650M + CaLM,2,0.88,1.0,1.0,9,3,2,1
RARS1,ESM-1b 650M + CaLM,3,0.71,1.0,1.0,10,2,1,1
RARS1,ESM-1b 650M + CaLM,4,0.5,1.0,0.0,10,2,1,1
RARS1,ESM-1b 650M + CaLM,5,0.88,1.0,1.0,10,2,1,1
RARS2,ESM-2 150M + 650M,1,0.99,1.0,1.0,20,5,2,3
RARS2,ESM-2 150M + 650M,2,0.99,1.0,1.0,20,5,3,2
RARS2,ESM-2 150M + 650M,3,0.99,1.0,1.0,20,5,3,2
RARS2,ESM-2 150M + 650M,4,0.8200000000000001,1.0,1.0,20,5,3,2
RARS2,ESM-2 150M + 650M,5,0.0,1.0,0.6666666666666666,20,5,3,2
RARS2,ESM-2 650M + ESM-1b 650M,1,0.0,1.0,1.0,20,5,2,3
RARS2,ESM-2 650M + ESM-1b 650M,2,0.0,1.0,1.0,20,5,3,2
RARS2,ESM-2 650M + ESM-1b 650M,3,0.0,1.0,1.0,20,5,3,2
RARS2,ESM-2 650M + ESM-1b 650M,4,0.0,1.0,1.0,20,5,3,2
RARS2,ESM-2 650M + ESM-1b 650M,5,0.0,1.0,1.0,20,5,3,2
RARS2,ESM-2 650M + CaLM,1,0.0,1.0,1.0,20,5,2,3
RARS2,ESM-2 650M + CaLM,2,0.0,1.0,1.0,20,5,3,2
RARS2,ESM-2 650M + CaLM,3,0.0,1.0,1.0,20,5,3,2
RARS2,ESM-2 650M + CaLM,4,0.0,1.0,1.0,20,5,3,2
RARS2,ESM-2 650M + CaLM,5,0.0,1.0,1.0,20,5,3,2
RARS2,ESM-2 150M + CaLM,1,0.54,1.0,1.0,20,5,2,3
RARS2,ESM-2 150M + CaLM,2,0.54,0.9797979797979798,1.0,20,5,3,2
RARS2,ESM-2 150M + CaLM,3,0.86,0.98989898989899,1.0,20,5,3,2
RARS2,ESM-2 150M + CaLM,4,0.54,0.9797979797979798,1.0,20,5,3,2
RARS2,ESM-2 150M + CaLM,5,0.0,1.0,0.6666666666666666,20,5,3,2
RARS2,ESM-1b 650M + CaLM,1,0.0,1.0,1.0,20,5,2,3
RARS2,ESM-1b 650M + CaLM,2,0.0,1.0,1.0,20,5,3,2
RARS2,ESM-1b 650M + CaLM,3,0.11,1.0,1.0,20,5,3,2
RARS2,ESM-1b 650M + CaLM,4,0.11,1.0,1.0,20,5,3,2
RARS2,ESM-1b 650M + CaLM,5,0.11,1.0,1.0,20,5,3,2
RB1,ESM-2 150M + 650M,1,0.78,0.9365079365079364,0.7222222222222222,33,9,6,3
RB1,ESM-2 150M + 650M,2,0.47,0.9126984126984128,0.8333333333333334,33,9,6,3
RB1,ESM-2 150M + 650M,3,0.0,0.928030303030303,0.4666666666666667,34,8,5,3
RB1,ESM-2 150M + 650M,4,0.47,0.8825757575757576,1.0,34,8,5,3
RB1,ESM-2 150M + 650M,5,0.47,0.8712121212121212,1.0,34,8,5,3
RB1,ESM-2 650M + ESM-1b 650M,1,0.51,0.9206349206349206,0.8333333333333334,33,9,6,3
RB1,ESM-2 650M + ESM-1b 650M,2,0.5,0.9126984126984128,0.8888888888888888,33,9,6,3
RB1,ESM-2 650M + ESM-1b 650M,3,0.52,0.9356060606060606,0.8,34,8,5,3
RB1,ESM-2 650M + ESM-1b 650M,4,0.74,0.9090909090909092,1.0,34,8,5,3
RB1,ESM-2 650M + ESM-1b 650M,5,0.74,0.9204545454545454,0.8666666666666667,34,8,5,3
RB1,ESM-2 650M + CaLM,1,0.47,0.9166666666666666,0.7777777777777778,33,9,6,3
RB1,ESM-2 650M + CaLM,2,0.52,0.8650793650793651,0.9444444444444444,33,9,6,3
RB1,ESM-2 650M + CaLM,3,0.4,0.8787878787878788,0.8666666666666667,34,8,5,3
RB1,ESM-2 650M + CaLM,4,0.32,0.8825757575757576,0.8,34,8,5,3
RB1,ESM-2 650M + CaLM,5,0.01,0.8863636363636364,0.6666666666666666,34,8,5,3
RB1,ESM-2 150M + CaLM,1,0.05,0.9087301587301588,0.7222222222222222,33,9,6,3
RB1,ESM-2 150M + CaLM,2,0.35,0.8571428571428571,1.0,33,9,6,3
RB1,ESM-2 150M + CaLM,3,0.05,0.8598484848484849,0.8666666666666667,34,8,5,3
RB1,ESM-2 150M + CaLM,4,0.35,0.8371212121212122,1.0,34,8,5,3
RB1,ESM-2 150M + CaLM,5,0.31,0.9053030303030304,0.7333333333333333,34,8,5,3
RB1,ESM-1b 650M + CaLM,1,0.1,0.9166666666666666,1.0,33,9,6,3
RB1,ESM-1b 650M + CaLM,2,0.61,0.9523809523809524,0.6666666666666666,33,9,6,3
RB1,ESM-1b 650M + CaLM,3,0.15,0.9507575757575758,0.8,34,8,5,3
RB1,ESM-1b 650M + CaLM,4,0.43,0.9356060606060606,0.9333333333333332,34,8,5,3
RB1,ESM-1b 650M + CaLM,5,0.61,0.9015151515151516,1.0,34,8,5,3
RHO,ESM-2 150M + 650M,1,0.97,0.7971014492753623,1.0,73,19,17,2
RHO,ESM-2 150M + 650M,2,0.97,0.8382352941176471,1.0,73,19,18,1
RHO,ESM-2 150M + 650M,3,0.84,0.8434782608695652,1.0,74,18,17,1
RHO,ESM-2 150M + 650M,4,0.78,1.0,0.2352941176470588,74,18,17,1
RHO,ESM-2 150M + 650M,5,0.97,0.8405797101449275,1.0,74,18,17,1
RHO,ESM-2 650M + ESM-1b 650M,1,0.0,0.7934782608695652,1.0,73,19,17,2
RHO,ESM-2 650M + ESM-1b 650M,2,0.0,0.8411764705882353,1.0,73,19,18,1
RHO,ESM-2 650M + ESM-1b 650M,3,0.0,1.0,0.1764705882352941,74,18,17,1
RHO,ESM-2 650M + ESM-1b 650M,4,0.0,0.8376811594202899,1.0,74,18,17,1
RHO,ESM-2 650M + ESM-1b 650M,5,0.0,0.8434782608695652,1.0,74,18,17,1
RHO,ESM-2 650M + CaLM,1,0.0,0.8007246376811594,1.0,73,19,17,2
RHO,ESM-2 650M + CaLM,2,0.0,0.8441176470588235,1.0,73,19,18,1
RHO,ESM-2 650M + CaLM,3,0.0,0.8434782608695652,1.0,74,18,17,1
RHO,ESM-2 650M + CaLM,4,0.0,1.0,0.2352941176470588,74,18,17,1
RHO,ESM-2 650M + CaLM,5,0.0,0.8318840579710145,1.0,74,18,17,1
RHO,ESM-2 150M + CaLM,1,0.86,0.75,1.0,73,19,17,2
RHO,ESM-2 150M + CaLM,2,0.93,0.9529411764705882,0.2222222222222222,73,19,18,1
RHO,ESM-2 150M + CaLM,3,0.86,0.7942028985507247,1.0,74,18,17,1
RHO,ESM-2 150M + CaLM,4,0.96,0.808695652173913,0.8823529411764706,74,18,17,1
RHO,ESM-2 150M + CaLM,5,0.86,0.8144927536231884,0.8823529411764706,74,18,17,1
RHO,ESM-1b 650M + CaLM,1,0.37,0.9710144927536232,0.5588235294117647,73,19,17,2
RHO,ESM-1b 650M + CaLM,2,0.36,0.8117647058823529,1.0,73,19,18,1
RHO,ESM-1b 650M + CaLM,3,0.0,0.8318840579710145,0.8235294117647058,74,18,17,1
RHO,ESM-1b 650M + CaLM,4,0.37,0.8,1.0,74,18,17,1
RHO,ESM-1b 650M + CaLM,5,0.37,0.808695652173913,1.0,74,18,17,1
RHOBTB2,ESM-2 150M + 650M,1,0.97,0.7796610169491526,0.5666666666666667,64,17,2,15
RHOBTB2,ESM-2 150M + 650M,2,0.98,0.751412429378531,0.6,65,16,1,15
RHOBTB2,ESM-2 150M + 650M,3,0.99,0.6694915254237288,0.9333333333333332,65,16,1,15
RHOBTB2,ESM-2 150M + 650M,4,0.79,0.7259887005649718,0.7333333333333333,65,16,1,15
RHOBTB2,ESM-2 150M + 650M,5,0.52,0.76,0.4642857142857143,65,16,2,14
RHOBTB2,ESM-2 650M + ESM-1b 650M,1,0.0,0.7152542372881356,0.8,64,17,2,15
RHOBTB2,ESM-2 650M + ESM-1b 650M,2,0.08,0.7090395480225988,0.8,65,16,1,15
RHOBTB2,ESM-2 650M + ESM-1b 650M,3,0.1,0.7570621468926554,0.5333333333333333,65,16,1,15
RHOBTB2,ESM-2 650M + ESM-1b 650M,4,0.0,0.731638418079096,0.6666666666666666,65,16,1,15
RHOBTB2,ESM-2 650M + ESM-1b 650M,5,0.03,0.7533333333333333,0.6428571428571429,65,16,2,14
RHOBTB2,ESM-2 650M + CaLM,1,0.4,0.8169491525423729,0.5,64,17,2,15
RHOBTB2,ESM-2 650M + CaLM,2,0.1,0.768361581920904,0.6666666666666666,65,16,1,15
RHOBTB2,ESM-2 650M + CaLM,3,0.44,0.7231638418079096,0.8666666666666667,65,16,1,15
RHOBTB2,ESM-2 650M + CaLM,4,0.09,0.7570621468926554,0.6666666666666666,65,16,1,15
RHOBTB2,ESM-2 650M + CaLM,5,0.11,0.7166666666666667,0.8571428571428571,65,16,2,14
RHOBTB2,ESM-2 150M + CaLM,1,0.0,0.5898305084745763,0.1333333333333333,64,17,2,15
RHOBTB2,ESM-2 150M + CaLM,2,0.99,0.423728813559322,0.8666666666666667,65,16,1,15
RHOBTB2,ESM-2 150M + CaLM,3,0.99,0.4406779661016949,0.8,65,16,1,15
RHOBTB2,ESM-2 150M + CaLM,4,1.0,0.5677966101694916,0.0666666666666666,65,16,1,15
RHOBTB2,ESM-2 150M + CaLM,5,0.63,0.55,0.3571428571428571,65,16,2,14
RHOBTB2,ESM-1b 650M + CaLM,1,0.05,0.6440677966101694,0.5333333333333333,64,17,2,15
RHOBTB2,ESM-1b 650M + CaLM,2,0.61,0.6497175141242938,0.4,65,16,1,15
RHOBTB2,ESM-1b 650M + CaLM,3,0.56,0.5988700564971752,0.8666666666666667,65,16,1,15
RHOBTB2,ESM-1b 650M + CaLM,4,0.11,0.6129943502824858,0.7333333333333333,65,16,1,15
RHOBTB2,ESM-1b 650M + CaLM,5,0.56,0.7333333333333333,0.4285714285714285,65,16,2,14
RLIM,ESM-2 150M + 650M,1,0.31,0.75,1.0,12,3,1,2
RLIM,ESM-2 150M + 650M,2,0.0,0.8333333333333334,1.0,12,3,1,2
RLIM,ESM-2 150M + 650M,3,0.31,1.0,0.5,12,3,1,2
RLIM,ESM-2 150M + 650M,4,0.0,0.7714285714285715,1.0,12,3,2,1
RLIM,ESM-2 150M + 650M,5,0.0,0.8285714285714286,1.0,12,3,2,1
RLIM,ESM-2 650M + ESM-1b 650M,1,0.22,1.0,0.5,12,3,1,2
RLIM,ESM-2 650M + ESM-1b 650M,2,0.42,1.0,1.0,12,3,1,2
RLIM,ESM-2 650M + ESM-1b 650M,3,0.42,1.0,1.0,12,3,1,2
RLIM,ESM-2 650M + ESM-1b 650M,4,0.41,1.0,1.0,12,3,2,1
RLIM,ESM-2 650M + ESM-1b 650M,5,0.42,1.0,1.0,12,3,2,1
RLIM,ESM-2 650M + CaLM,1,0.8,0.9444444444444444,1.0,12,3,1,2
RLIM,ESM-2 650M + CaLM,2,0.8,0.9444444444444444,1.0,12,3,1,2
RLIM,ESM-2 650M + CaLM,3,0.65,1.0,1.0,12,3,1,2
RLIM,ESM-2 650M + CaLM,4,0.67,0.9142857142857144,1.0,12,3,2,1
RLIM,ESM-2 650M + CaLM,5,0.8,0.9428571428571428,1.0,12,3,2,1
RLIM,ESM-2 150M + CaLM,1,0.71,0.9166666666666666,1.0,12,3,1,2
RLIM,ESM-2 150M + CaLM,2,0.56,1.0,0.5,12,3,1,2
RLIM,ESM-2 150M + CaLM,3,0.71,0.9166666666666666,1.0,12,3,1,2
RLIM,ESM-2 150M + CaLM,4,0.71,0.9428571428571428,1.0,12,3,2,1
RLIM,ESM-2 150M + CaLM,5,0.56,0.9428571428571428,1.0,12,3,2,1
RLIM,ESM-1b 650M + CaLM,1,0.0,1.0,1.0,12,3,1,2
RLIM,ESM-1b 650M + CaLM,2,0.0,1.0,1.0,12,3,1,2
RLIM,ESM-1b 650M + CaLM,3,0.0,1.0,1.0,12,3,1,2
RLIM,ESM-1b 650M + CaLM,4,0.0,1.0,1.0,12,3,2,1
RLIM,ESM-1b 650M + CaLM,5,0.0,1.0,1.0,12,3,2,1
ROBO4,ESM-2 150M + 650M,1,0.28,0.4933333333333333,0.75,20,5,1,4
ROBO4,ESM-2 150M + 650M,2,0.97,0.6,0.25,20,5,1,4
ROBO4,ESM-2 150M + 650M,3,0.28,0.6266666666666667,0.0,20,5,1,4
ROBO4,ESM-2 150M + 650M,4,0.26,0.3866666666666666,1.0,20,5,1,4
ROBO4,ESM-2 150M + 650M,5,0.0,0.53125,0.3333333333333333,20,5,2,3
ROBO4,ESM-2 650M + ESM-1b 650M,1,0.99,0.64,0.0,20,5,1,4
ROBO4,ESM-2 650M + ESM-1b 650M,2,0.45,0.52,0.75,20,5,1,4
ROBO4,ESM-2 650M + ESM-1b 650M,3,0.45,0.6133333333333333,0.0,20,5,1,4
ROBO4,ESM-2 650M + ESM-1b 650M,4,0.55,0.5066666666666667,1.0,20,5,1,4
ROBO4,ESM-2 650M + ESM-1b 650M,5,0.45,0.40625,0.8333333333333334,20,5,2,3
ROBO4,ESM-2 650M + CaLM,1,1.0,0.64,0.75,20,5,1,4
ROBO4,ESM-2 650M + CaLM,2,0.68,0.8266666666666667,0.0,20,5,1,4
ROBO4,ESM-2 650M + CaLM,3,1.0,0.5733333333333334,1.0,20,5,1,4
ROBO4,ESM-2 650M + CaLM,4,0.89,0.7066666666666667,0.0,20,5,1,4
ROBO4,ESM-2 650M + CaLM,5,0.32,0.5,0.6666666666666666,20,5,2,3
ROBO4,ESM-2 150M + CaLM,1,0.84,0.6533333333333333,0.5,20,5,1,4
ROBO4,ESM-2 150M + CaLM,2,1.0,0.6,1.0,20,5,1,4
ROBO4,ESM-2 150M + CaLM,3,0.84,0.6666666666666666,0.5,20,5,1,4
ROBO4,ESM-2 150M + CaLM,4,0.84,0.5466666666666666,1.0,20,5,1,4
ROBO4,ESM-2 150M + CaLM,5,0.73,0.78125,0.1666666666666666,20,5,2,3
ROBO4,ESM-1b 650M + CaLM,1,1.0,0.5733333333333334,1.0,20,5,1,4
ROBO4,ESM-1b 650M + CaLM,2,1.0,0.6266666666666667,0.75,20,5,1,4
ROBO4,ESM-1b 650M + CaLM,3,0.96,0.6533333333333333,0.5,20,5,1,4
ROBO4,ESM-1b 650M + CaLM,4,1.0,0.6533333333333333,0.75,20,5,1,4
ROBO4,ESM-1b 650M + CaLM,5,0.14,0.71875,0.1666666666666666,20,5,2,3
ROR2,ESM-2 150M + 650M,1,0.91,0.8125,0.875,20,6,2,4
ROR2,ESM-2 150M + 650M,2,0.96,0.8375,1.0,21,5,1,4
ROR2,ESM-2 150M + 650M,3,0.96,0.825,1.0,21,5,1,4
ROR2,ESM-2 150M + 650M,4,0.96,0.875,0.75,21,5,1,4
ROR2,ESM-2 150M + 650M,5,0.54,0.9125,0.0,21,5,1,4
ROR2,ESM-2 650M + ESM-1b 650M,1,0.0,0.859375,0.5,20,6,2,4
ROR2,ESM-2 650M + ESM-1b 650M,2,0.48,0.825,1.0,21,5,1,4
ROR2,ESM-2 650M + ESM-1b 650M,3,0.48,0.95,0.5,21,5,1,4
ROR2,ESM-2 650M + ESM-1b 650M,4,0.0,0.8125,1.0,21,5,1,4
ROR2,ESM-2 650M + ESM-1b 650M,5,0.0,0.825,1.0,21,5,1,4
ROR2,ESM-2 650M + CaLM,1,0.54,0.90625,0.75,20,6,2,4
ROR2,ESM-2 650M + CaLM,2,0.0,0.8625,0.75,21,5,1,4
ROR2,ESM-2 650M + CaLM,3,0.48,0.875,0.75,21,5,1,4
ROR2,ESM-2 650M + CaLM,4,0.0,0.8125,1.0,21,5,1,4
ROR2,ESM-2 650M + CaLM,5,0.54,0.8375,1.0,21,5,1,4
ROR2,ESM-2 150M + CaLM,1,0.0,0.703125,0.625,20,6,2,4
ROR2,ESM-2 150M + CaLM,2,0.66,0.7,0.75,21,5,1,4
ROR2,ESM-2 150M + CaLM,3,0.54,0.6125,1.0,21,5,1,4
ROR2,ESM-2 150M + CaLM,4,0.54,0.825,0.0,21,5,1,4
ROR2,ESM-2 150M + CaLM,5,0.89,0.7,0.5,21,5,1,4
ROR2,ESM-1b 650M + CaLM,1,0.33,0.90625,0.625,20,6,2,4
ROR2,ESM-1b 650M + CaLM,2,0.18,0.7875,1.0,21,5,1,4
ROR2,ESM-1b 650M + CaLM,3,0.63,0.775,1.0,21,5,1,4
ROR2,ESM-1b 650M + CaLM,4,0.0,0.7875,0.5,21,5,1,4
ROR2,ESM-1b 650M + CaLM,5,0.33,0.85,0.75,21,5,1,4
RP2,ESM-2 150M + 650M,1,0.0,1.0,1.0,19,5,1,4
RP2,ESM-2 150M + 650M,2,0.0,1.0,1.0,19,5,1,4
RP2,ESM-2 150M + 650M,3,0.0,1.0,1.0,19,5,2,3
RP2,ESM-2 150M + 650M,4,0.0,1.0,1.0,19,5,2,3
RP2,ESM-2 150M + 650M,5,0.0,1.0,1.0,20,4,1,3
RP2,ESM-2 650M + ESM-1b 650M,1,0.0,1.0,1.0,19,5,1,4
RP2,ESM-2 650M + ESM-1b 650M,2,0.0,1.0,1.0,19,5,1,4
RP2,ESM-2 650M + ESM-1b 650M,3,0.0,1.0,1.0,19,5,2,3
RP2,ESM-2 650M + ESM-1b 650M,4,0.0,1.0,1.0,19,5,2,3
RP2,ESM-2 650M + ESM-1b 650M,5,0.0,1.0,1.0,20,4,1,3
RP2,ESM-2 650M + CaLM,1,0.0,1.0,1.0,19,5,1,4
RP2,ESM-2 650M + CaLM,2,0.0,1.0,1.0,19,5,1,4
RP2,ESM-2 650M + CaLM,3,0.0,1.0,1.0,19,5,2,3
RP2,ESM-2 650M + CaLM,4,0.0,1.0,1.0,19,5,2,3
RP2,ESM-2 650M + CaLM,5,0.0,1.0,1.0,20,4,1,3
RP2,ESM-2 150M + CaLM,1,0.0,1.0,1.0,19,5,1,4
RP2,ESM-2 150M + CaLM,2,0.0,1.0,1.0,19,5,1,4
RP2,ESM-2 150M + CaLM,3,0.0,1.0,1.0,19,5,2,3
RP2,ESM-2 150M + CaLM,4,0.0,1.0,1.0,19,5,2,3
RP2,ESM-2 150M + CaLM,5,0.0,1.0,1.0,20,4,1,3
RP2,ESM-1b 650M + CaLM,1,0.0,1.0,1.0,19,5,1,4
RP2,ESM-1b 650M + CaLM,2,0.0,1.0,1.0,19,5,1,4
RP2,ESM-1b 650M + CaLM,3,0.0,1.0,1.0,19,5,2,3
RP2,ESM-1b 650M + CaLM,4,0.0,1.0,1.0,19,5,2,3
RP2,ESM-1b 650M + CaLM,5,0.0,1.0,1.0,20,4,1,3
RPE65,ESM-2 150M + 650M,1,0.44,0.9325396825396826,0.9,67,17,15,2
RPE65,ESM-2 150M + 650M,2,0.81,0.9387096774193548,0.8125,67,17,16,1
RPE65,ESM-2 150M + 650M,3,0.63,0.8870967741935484,1.0,67,17,16,1
RPE65,ESM-2 150M + 650M,4,0.63,0.932258064516129,0.9375,67,17,16,1
RPE65,ESM-2 150M + 650M,5,0.63,0.9523809523809524,0.8666666666666667,68,16,15,1
RPE65,ESM-2 650M + ESM-1b 650M,1,0.11,0.9047619047619048,0.9333333333333332,67,17,15,2
RPE65,ESM-2 650M + ESM-1b 650M,2,0.62,0.8838709677419355,0.9375,67,17,16,1
RPE65,ESM-2 650M + ESM-1b 650M,3,0.14,0.9,0.9375,67,17,16,1
RPE65,ESM-2 650M + ESM-1b 650M,4,0.07,0.964516129032258,0.5625,67,17,16,1
RPE65,ESM-2 650M + ESM-1b 650M,5,0.11,0.8825396825396825,1.0,68,16,15,1
RPE65,ESM-2 650M + CaLM,1,0.31,0.9166666666666666,0.9666666666666668,67,17,15,2
RPE65,ESM-2 650M + CaLM,2,0.56,0.935483870967742,0.875,67,17,16,1
RPE65,ESM-2 650M + CaLM,3,0.47,0.935483870967742,0.9375,67,17,16,1
RPE65,ESM-2 650M + CaLM,4,0.41,0.9483870967741936,0.9375,67,17,16,1
RPE65,ESM-2 650M + CaLM,5,0.47,0.9365079365079364,0.9333333333333332,68,16,15,1
RPE65,ESM-2 150M + CaLM,1,0.56,0.9126984126984128,0.8666666666666667,67,17,15,2
RPE65,ESM-2 150M + CaLM,2,0.56,0.864516129032258,1.0,67,17,16,1
RPE65,ESM-2 150M + CaLM,3,0.43,0.9032258064516128,0.875,67,17,16,1
RPE65,ESM-2 150M + CaLM,4,0.94,0.935483870967742,0.75,67,17,16,1
RPE65,ESM-2 150M + CaLM,5,0.42,0.8825396825396825,0.9333333333333332,68,16,15,1
RPE65,ESM-1b 650M + CaLM,1,0.7000000000000001,0.9325396825396826,0.7666666666666667,67,17,15,2
RPE65,ESM-1b 650M + CaLM,2,0.47,0.9,0.875,67,17,16,1
RPE65,ESM-1b 650M + CaLM,3,0.99,0.932258064516129,0.6875,67,17,16,1
RPE65,ESM-1b 650M + CaLM,4,0.59,0.8903225806451613,0.9375,67,17,16,1
RPE65,ESM-1b 650M + CaLM,5,0.59,0.8952380952380953,1.0,68,16,15,1
RPS6KA3,ESM-2 150M + 650M,1,0.38,0.875,1.0,24,6,5,1
RPS6KA3,ESM-2 150M + 650M,2,0.38,0.85,1.0,24,6,5,1
RPS6KA3,ESM-2 150M + 650M,3,0.38,0.9125,0.8,24,6,5,1
RPS6KA3,ESM-2 150M + 650M,4,0.0,0.875,0.4,24,6,5,1
RPS6KA3,ESM-2 150M + 650M,5,0.38,0.9625,0.6,24,6,5,1
RPS6KA3,ESM-2 650M + ESM-1b 650M,1,0.23,1.0,0.8,24,6,5,1
RPS6KA3,ESM-2 650M + ESM-1b 650M,2,0.32,1.0,1.0,24,6,5,1
RPS6KA3,ESM-2 650M + ESM-1b 650M,3,0.32,1.0,1.0,24,6,5,1
RPS6KA3,ESM-2 650M + ESM-1b 650M,4,0.32,1.0,1.0,24,6,5,1
RPS6KA3,ESM-2 650M + ESM-1b 650M,5,0.32,1.0,1.0,24,6,5,1
RPS6KA3,ESM-2 650M + CaLM,1,0.0,0.9125,0.8,24,6,5,1
RPS6KA3,ESM-2 650M + CaLM,2,0.89,0.9125,0.8,24,6,5,1
RPS6KA3,ESM-2 650M + CaLM,3,0.0,0.8625,1.0,24,6,5,1
RPS6KA3,ESM-2 650M + CaLM,4,0.0,0.8625,1.0,24,6,5,1
RPS6KA3,ESM-2 650M + CaLM,5,0.0,0.9125,0.8,24,6,5,1
RPS6KA3,ESM-2 150M + CaLM,1,0.12,0.875,1.0,24,6,5,1
RPS6KA3,ESM-2 150M + CaLM,2,0.0,0.9125,0.6,24,6,5,1
RPS6KA3,ESM-2 150M + CaLM,3,0.12,0.9,0.8,24,6,5,1
RPS6KA3,ESM-2 150M + CaLM,4,0.12,0.875,1.0,24,6,5,1
RPS6KA3,ESM-2 150M + CaLM,5,0.12,0.9125,0.8,24,6,5,1
RPS6KA3,ESM-1b 650M + CaLM,1,0.0,1.0,1.0,24,6,5,1
RPS6KA3,ESM-1b 650M + CaLM,2,0.0,1.0,1.0,24,6,5,1
RPS6KA3,ESM-1b 650M + CaLM,3,0.0,1.0,1.0,24,6,5,1
RPS6KA3,ESM-1b 650M + CaLM,4,0.0,1.0,1.0,24,6,5,1
RPS6KA3,ESM-1b 650M + CaLM,5,0.0,1.0,1.0,24,6,5,1
RS1,ESM-2 150M + 650M,1,0.45,0.974559686888454,0.868421052631579,80,21,19,2
RS1,ESM-2 150M + 650M,2,0.45,0.9111969111969112,1.0,81,20,18,2
RS1,ESM-2 150M + 650M,3,0.42,0.945945945945946,0.9166666666666666,81,20,18,2
RS1,ESM-2 150M + 650M,4,0.45,0.947876447876448,0.8888888888888888,81,20,18,2
RS1,ESM-2 150M + 650M,5,0.43,0.9297945205479452,1.0,81,20,19,1
RS1,ESM-2 650M + ESM-1b 650M,1,0.58,0.9099804305283756,1.0,80,21,19,2
RS1,ESM-2 650M + ESM-1b 650M,2,0.0,0.9942084942084942,0.5833333333333334,81,20,18,2
RS1,ESM-2 650M + ESM-1b 650M,3,0.34,0.9111969111969112,1.0,81,20,18,2
RS1,ESM-2 650M + ESM-1b 650M,4,0.58,0.9092664092664092,1.0,81,20,18,2
RS1,ESM-2 650M + ESM-1b 650M,5,0.41,0.9246575342465754,0.9473684210526316,81,20,19,1
RS1,ESM-2 650M + CaLM,1,0.44,0.8825831702544031,1.0,80,21,19,2
RS1,ESM-2 650M + CaLM,2,0.0,0.9266409266409268,0.8055555555555556,81,20,18,2
RS1,ESM-2 650M + CaLM,3,0.72,0.9768339768339768,0.6666666666666666,81,20,18,2
RS1,ESM-2 650M + CaLM,4,0.44,0.888030888030888,1.0,81,20,18,2
RS1,ESM-2 650M + CaLM,5,0.02,0.9075342465753424,1.0,81,20,19,1
RS1,ESM-2 150M + CaLM,1,0.4,0.9217221135029354,0.8947368421052632,80,21,19,2
RS1,ESM-2 150M + CaLM,2,0.4,0.9131274131274132,0.9444444444444444,81,20,18,2
RS1,ESM-2 150M + CaLM,3,0.45,0.9131274131274132,0.9444444444444444,81,20,18,2
RS1,ESM-2 150M + CaLM,4,0.63,0.9575289575289576,0.8333333333333334,81,20,18,2
RS1,ESM-2 150M + CaLM,5,0.45,0.9058219178082192,1.0,81,20,19,1
RS1,ESM-1b 650M + CaLM,1,0.55,0.8649706457925636,1.0,80,21,19,2
RS1,ESM-1b 650M + CaLM,2,0.55,0.915057915057915,0.9166666666666666,81,20,18,2
RS1,ESM-1b 650M + CaLM,3,0.33,0.9227799227799228,0.8055555555555556,81,20,18,2
RS1,ESM-1b 650M + CaLM,4,0.55,0.8938223938223938,0.9444444444444444,81,20,18,2
RS1,ESM-1b 650M + CaLM,5,0.67,0.9554794520547946,0.3684210526315789,81,20,19,1
RUNX1,ESM-2 150M + 650M,1,0.56,0.6883333333333334,0.3571428571428571,49,13,6,7
RUNX1,ESM-2 150M + 650M,2,1.0,0.6316666666666667,0.6190476190476191,49,13,6,7
RUNX1,ESM-2 150M + 650M,3,0.8200000000000001,0.5496794871794872,0.9444444444444444,50,12,6,6
RUNX1,ESM-2 150M + 650M,4,0.87,0.6586538461538461,0.4722222222222222,50,12,6,6
RUNX1,ESM-2 150M + 650M,5,0.85,0.6346153846153846,0.7222222222222222,50,12,6,6
RUNX1,ESM-2 650M + ESM-1b 650M,1,0.27,1.0,0.8333333333333334,49,13,6,7
RUNX1,ESM-2 650M + ESM-1b 650M,2,0.73,0.9966666666666668,1.0,49,13,6,7
RUNX1,ESM-2 650M + ESM-1b 650M,3,0.73,0.9967948717948718,1.0,50,12,6,6
RUNX1,ESM-2 650M + ESM-1b 650M,4,0.73,0.9967948717948718,1.0,50,12,6,6
RUNX1,ESM-2 650M + ESM-1b 650M,5,0.48,0.998397435897436,1.0,50,12,6,6
RUNX1,ESM-2 650M + CaLM,1,0.0,0.6933333333333334,0.3333333333333333,49,13,6,7
RUNX1,ESM-2 650M + CaLM,2,0.27,0.6066666666666667,0.7142857142857143,49,13,6,7
RUNX1,ESM-2 650M + CaLM,3,0.0,0.6426282051282052,0.5277777777777778,50,12,6,6
RUNX1,ESM-2 650M + CaLM,4,0.0,0.6458333333333334,0.6111111111111112,50,12,6,6
RUNX1,ESM-2 650M + CaLM,5,0.0,0.5705128205128205,0.8611111111111112,50,12,6,6
RUNX1,ESM-2 150M + CaLM,1,0.02,0.525,0.9285714285714286,49,13,6,7
RUNX1,ESM-2 150M + CaLM,2,0.02,0.6116666666666667,0.6190476190476191,49,13,6,7
RUNX1,ESM-2 150M + CaLM,3,0.02,0.5993589743589743,0.6944444444444444,50,12,6,6
RUNX1,ESM-2 150M + CaLM,4,0.02,0.6939102564102564,0.3333333333333333,50,12,6,6
RUNX1,ESM-2 150M + CaLM,5,0.13,0.6185897435897436,0.5555555555555556,50,12,6,6
RUNX1,ESM-1b 650M + CaLM,1,0.0,0.9966666666666668,1.0,49,13,6,7
RUNX1,ESM-1b 650M + CaLM,2,0.0,0.9966666666666668,1.0,49,13,6,7
RUNX1,ESM-1b 650M + CaLM,3,0.0,0.9967948717948718,1.0,50,12,6,6
RUNX1,ESM-1b 650M + CaLM,4,0.0,0.9967948717948718,1.0,50,12,6,6
RUNX1,ESM-1b 650M + CaLM,5,0.0,1.0,0.9444444444444444,50,12,6,6
SATB2,ESM-2 150M + 650M,1,0.32,0.8913043478260869,0.9444444444444444,72,18,6,12
SATB2,ESM-2 150M + 650M,2,0.56,0.9389632107023412,0.7916666666666666,72,18,6,12
SATB2,ESM-2 150M + 650M,3,0.68,0.8946488294314381,0.9722222222222222,72,18,6,12
SATB2,ESM-2 150M + 650M,4,0.61,0.9140425531914894,0.8571428571428571,72,18,7,11
SATB2,ESM-2 150M + 650M,5,0.43,0.9046808510638298,0.9090909090909092,72,18,7,11
SATB2,ESM-2 650M + ESM-1b 650M,1,0.66,0.911371237458194,0.9861111111111112,72,18,6,12
SATB2,ESM-2 650M + ESM-1b 650M,2,0.62,0.9138795986622074,0.9305555555555556,72,18,6,12
SATB2,ESM-2 650M + ESM-1b 650M,3,0.55,0.9448160535117056,0.8055555555555556,72,18,6,12
SATB2,ESM-2 650M + ESM-1b 650M,4,0.78,0.9148936170212766,0.935064935064935,72,18,7,11
SATB2,ESM-2 650M + ESM-1b 650M,5,0.62,0.9097872340425532,0.961038961038961,72,18,7,11
SATB2,ESM-2 650M + CaLM,1,0.1,0.8979933110367893,0.8472222222222222,72,18,6,12
SATB2,ESM-2 650M + CaLM,2,0.5,0.8921404682274248,0.9444444444444444,72,18,6,12
SATB2,ESM-2 650M + CaLM,3,0.49,0.8913043478260869,0.9305555555555556,72,18,6,12
SATB2,ESM-2 650M + CaLM,4,0.28,0.9174468085106384,0.8311688311688312,72,18,7,11
SATB2,ESM-2 650M + CaLM,5,0.51,0.9217021276595744,0.7922077922077922,72,18,7,11
SATB2,ESM-2 150M + CaLM,1,0.15,0.8511705685618729,0.7083333333333334,72,18,6,12
SATB2,ESM-2 150M + CaLM,2,0.48,0.8386287625418061,0.9027777777777778,72,18,6,12
SATB2,ESM-2 150M + CaLM,3,0.48,0.8620401337792643,0.7777777777777778,72,18,6,12
SATB2,ESM-2 150M + CaLM,4,0.48,0.857872340425532,0.8181818181818182,72,18,7,11
SATB2,ESM-2 150M + CaLM,5,0.48,0.8314893617021276,0.935064935064935,72,18,7,11
SATB2,ESM-1b 650M + CaLM,1,0.61,0.927257525083612,0.8472222222222222,72,18,6,12
SATB2,ESM-1b 650M + CaLM,2,0.02,0.9322742474916388,0.8611111111111112,72,18,6,12
SATB2,ESM-1b 650M + CaLM,3,0.24,0.9230769230769232,0.875,72,18,6,12
SATB2,ESM-1b 650M + CaLM,4,0.2,0.9106382978723404,0.961038961038961,72,18,7,11
SATB2,ESM-1b 650M + CaLM,5,0.4,0.9106382978723404,0.948051948051948,72,18,7,11
SCNN1B,ESM-2 150M + 650M,1,0.3,0.9666666666666668,1.0,11,3,1,2
SCNN1B,ESM-2 150M + 650M,2,0.84,0.9666666666666668,1.0,11,3,1,2
SCNN1B,ESM-2 150M + 650M,3,0.3,1.0,1.0,11,3,1,2
SCNN1B,ESM-2 150M + 650M,4,0.84,1.0,1.0,11,3,2,1
SCNN1B,ESM-2 150M + 650M,5,0.84,0.9714285714285714,1.0,12,2,1,1
SCNN1B,ESM-2 650M + ESM-1b 650M,1,0.0,0.9666666666666668,1.0,11,3,1,2
SCNN1B,ESM-2 650M + ESM-1b 650M,2,0.0,1.0,1.0,11,3,1,2
SCNN1B,ESM-2 650M + ESM-1b 650M,3,0.0,0.9333333333333332,1.0,11,3,1,2
SCNN1B,ESM-2 650M + ESM-1b 650M,4,0.0,0.9642857142857144,1.0,11,3,2,1
SCNN1B,ESM-2 650M + ESM-1b 650M,5,0.0,0.9428571428571428,1.0,12,2,1,1
SCNN1B,ESM-2 650M + CaLM,1,0.01,0.9666666666666668,1.0,11,3,1,2
SCNN1B,ESM-2 650M + CaLM,2,0.01,0.9666666666666668,1.0,11,3,1,2
SCNN1B,ESM-2 650M + CaLM,3,0.0,1.0,1.0,11,3,1,2
SCNN1B,ESM-2 650M + CaLM,4,0.0,1.0,1.0,11,3,2,1
SCNN1B,ESM-2 650M + CaLM,5,0.01,0.9714285714285714,1.0,12,2,1,1
SCNN1B,ESM-2 150M + CaLM,1,0.12,0.8,1.0,11,3,1,2
SCNN1B,ESM-2 150M + CaLM,2,0.12,0.9666666666666668,0.5,11,3,1,2
SCNN1B,ESM-2 150M + CaLM,3,0.12,0.9,1.0,11,3,1,2
SCNN1B,ESM-2 150M + CaLM,4,0.12,0.7857142857142857,1.0,11,3,2,1
SCNN1B,ESM-2 150M + CaLM,5,0.0,0.9142857142857144,0.0,12,2,1,1
SCNN1B,ESM-1b 650M + CaLM,1,0.02,0.9666666666666668,0.0,11,3,1,2
SCNN1B,ESM-1b 650M + CaLM,2,0.34,0.8333333333333334,1.0,11,3,1,2
SCNN1B,ESM-1b 650M + CaLM,3,0.1,0.8,1.0,11,3,1,2
SCNN1B,ESM-1b 650M + CaLM,4,0.84,0.8928571428571429,0.5,11,3,2,1
SCNN1B,ESM-1b 650M + CaLM,5,0.02,0.7714285714285715,1.0,12,2,1,1
SEC23B,ESM-2 150M + 650M,1,0.21,0.9375,1.0,8,3,2,1
SEC23B,ESM-2 150M + 650M,2,0.21,1.0,1.0,9,2,1,1
SEC23B,ESM-2 150M + 650M,3,0.0,0.9,1.0,9,2,1,1
SEC23B,ESM-2 150M + 650M,4,0.21,0.85,1.0,9,2,1,1
SEC23B,ESM-2 150M + 650M,5,0.0,0.85,1.0,9,2,1,1
SEC23B,ESM-2 650M + ESM-1b 650M,1,0.88,0.9375,1.0,8,3,2,1
SEC23B,ESM-2 650M + ESM-1b 650M,2,0.88,0.95,1.0,9,2,1,1
SEC23B,ESM-2 650M + ESM-1b 650M,3,0.88,0.9,1.0,9,2,1,1
SEC23B,ESM-2 650M + ESM-1b 650M,4,0.64,0.9,1.0,9,2,1,1
SEC23B,ESM-2 650M + ESM-1b 650M,5,0.0,1.0,0.0,9,2,1,1
SEC23B,ESM-2 650M + CaLM,1,0.5700000000000001,0.9375,0.5,8,3,2,1
SEC23B,ESM-2 650M + CaLM,2,0.15,0.9,1.0,9,2,1,1
SEC23B,ESM-2 650M + CaLM,3,0.15,0.85,1.0,9,2,1,1
SEC23B,ESM-2 650M + CaLM,4,0.15,0.9,1.0,9,2,1,1
SEC23B,ESM-2 650M + CaLM,5,0.0,1.0,1.0,9,2,1,1
SEC23B,ESM-2 150M + CaLM,1,0.39,0.9375,1.0,8,3,2,1
SEC23B,ESM-2 150M + CaLM,2,0.27,0.9,1.0,9,2,1,1
SEC23B,ESM-2 150M + CaLM,3,0.27,1.0,1.0,9,2,1,1
SEC23B,ESM-2 150M + CaLM,4,0.0,0.9,1.0,9,2,1,1
SEC23B,ESM-2 150M + CaLM,5,0.39,1.0,1.0,9,2,1,1
SEC23B,ESM-1b 650M + CaLM,1,0.0,1.0,1.0,8,3,2,1
SEC23B,ESM-1b 650M + CaLM,2,0.14,0.9,1.0,9,2,1,1
SEC23B,ESM-1b 650M + CaLM,3,0.14,0.95,1.0,9,2,1,1
SEC23B,ESM-1b 650M + CaLM,4,0.08,0.95,1.0,9,2,1,1
SEC23B,ESM-1b 650M + CaLM,5,0.14,0.9,1.0,9,2,1,1
SELENON,ESM-2 150M + 650M,1,0.49,1.0,1.0,10,3,1,2
SELENON,ESM-2 150M + 650M,2,0.49,1.0,1.0,10,3,1,2
SELENON,ESM-2 150M + 650M,3,0.49,1.0,1.0,10,3,1,2
SELENON,ESM-2 150M + 650M,4,0.48,1.0,1.0,11,2,1,1
SELENON,ESM-2 150M + 650M,5,0.44,1.0,1.0,11,2,1,1
SELENON,ESM-2 650M + ESM-1b 650M,1,0.0,1.0,1.0,10,3,1,2
SELENON,ESM-2 650M + ESM-1b 650M,2,0.0,1.0,1.0,10,3,1,2
SELENON,ESM-2 650M + ESM-1b 650M,3,0.0,1.0,1.0,10,3,1,2
SELENON,ESM-2 650M + ESM-1b 650M,4,0.0,1.0,1.0,11,2,1,1
SELENON,ESM-2 650M + ESM-1b 650M,5,0.0,1.0,1.0,11,2,1,1
SELENON,ESM-2 650M + CaLM,1,0.0,1.0,1.0,10,3,1,2
SELENON,ESM-2 650M + CaLM,2,0.0,1.0,1.0,10,3,1,2
SELENON,ESM-2 650M + CaLM,3,0.0,1.0,1.0,10,3,1,2
SELENON,ESM-2 650M + CaLM,4,0.0,1.0,1.0,11,2,1,1
SELENON,ESM-2 650M + CaLM,5,0.0,1.0,1.0,11,2,1,1
SELENON,ESM-2 150M + CaLM,1,0.92,0.5833333333333334,1.0,10,3,1,2
SELENON,ESM-2 150M + CaLM,2,0.0,0.375,1.0,10,3,1,2
SELENON,ESM-2 150M + CaLM,3,0.92,0.6666666666666666,0.5,10,3,1,2
SELENON,ESM-2 150M + CaLM,4,0.92,0.75,0.0,11,2,1,1
SELENON,ESM-2 150M + CaLM,5,0.0,0.6428571428571429,0.0,11,2,1,1
SELENON,ESM-1b 650M + CaLM,1,0.92,0.7083333333333334,0.0,10,3,1,2
SELENON,ESM-1b 650M + CaLM,2,0.0,0.5,1.0,10,3,1,2
SELENON,ESM-1b 650M + CaLM,3,0.15,0.7916666666666666,0.0,10,3,1,2
SELENON,ESM-1b 650M + CaLM,4,0.0,0.75,0.0,11,2,1,1
SELENON,ESM-1b 650M + CaLM,5,0.0,0.5,1.0,11,2,1,1
SERAC1,ESM-2 150M + 650M,1,0.0,1.0,1.0,10,3,1,2
SERAC1,ESM-2 150M + 650M,2,0.0,1.0,1.0,10,3,1,2
SERAC1,ESM-2 150M + 650M,3,0.0,1.0,1.0,10,3,1,2
SERAC1,ESM-2 150M + 650M,4,0.0,1.0,1.0,11,2,1,1
SERAC1,ESM-2 150M + 650M,5,0.0,1.0,1.0,11,2,1,1
SERAC1,ESM-2 650M + ESM-1b 650M,1,0.0,1.0,1.0,10,3,1,2
SERAC1,ESM-2 650M + ESM-1b 650M,2,0.0,1.0,1.0,10,3,1,2
SERAC1,ESM-2 650M + ESM-1b 650M,3,0.0,1.0,1.0,10,3,1,2
SERAC1,ESM-2 650M + ESM-1b 650M,4,0.0,1.0,1.0,11,2,1,1
SERAC1,ESM-2 650M + ESM-1b 650M,5,0.0,1.0,1.0,11,2,1,1
SERAC1,ESM-2 650M + CaLM,1,0.0,1.0,1.0,10,3,1,2
SERAC1,ESM-2 650M + CaLM,2,0.0,1.0,1.0,10,3,1,2
SERAC1,ESM-2 650M + CaLM,3,0.0,1.0,1.0,10,3,1,2
SERAC1,ESM-2 650M + CaLM,4,0.0,1.0,1.0,11,2,1,1
SERAC1,ESM-2 650M + CaLM,5,0.0,1.0,1.0,11,2,1,1
SERAC1,ESM-2 150M + CaLM,1,0.0,1.0,1.0,10,3,1,2
SERAC1,ESM-2 150M + CaLM,2,0.0,1.0,1.0,10,3,1,2
SERAC1,ESM-2 150M + CaLM,3,0.0,1.0,1.0,10,3,1,2
SERAC1,ESM-2 150M + CaLM,4,0.0,1.0,1.0,11,2,1,1
SERAC1,ESM-2 150M + CaLM,5,0.0,1.0,1.0,11,2,1,1
SERAC1,ESM-1b 650M + CaLM,1,0.0,1.0,1.0,10,3,1,2
SERAC1,ESM-1b 650M + CaLM,2,0.0,1.0,1.0,10,3,1,2
SERAC1,ESM-1b 650M + CaLM,3,0.0,1.0,1.0,10,3,1,2
SERAC1,ESM-1b 650M + CaLM,4,0.0,1.0,1.0,11,2,1,1
SERAC1,ESM-1b 650M + CaLM,5,0.0,1.0,1.0,11,2,1,1
SERPINA1,ESM-2 150M + 650M,1,0.85,0.890625,0.7777777777777778,40,10,1,9
SERPINA1,ESM-2 150M + 650M,2,0.24,0.9047619047619048,0.625,40,10,2,8
SERPINA1,ESM-2 150M + 650M,3,0.73,0.8571428571428571,1.0,40,10,2,8
SERPINA1,ESM-2 150M + 650M,4,0.85,0.8787878787878788,0.875,40,10,2,8
SERPINA1,ESM-2 150M + 650M,5,0.89,0.8787878787878788,0.9375,40,10,2,8
SERPINA1,ESM-2 650M + ESM-1b 650M,1,0.0,0.859375,0.8888888888888888,40,10,1,9
SERPINA1,ESM-2 650M + ESM-1b 650M,2,0.0,0.8701298701298701,0.875,40,10,2,8
SERPINA1,ESM-2 650M + ESM-1b 650M,3,0.0,0.8311688311688312,1.0,40,10,2,8
SERPINA1,ESM-2 650M + ESM-1b 650M,4,0.0,0.8744588744588745,0.8125,40,10,2,8
SERPINA1,ESM-2 650M + ESM-1b 650M,5,0.0,0.8874458874458875,0.75,40,10,2,8
SERPINA1,ESM-2 650M + CaLM,1,0.25,0.8671875,1.0,40,10,1,9
SERPINA1,ESM-2 650M + CaLM,2,0.25,0.9177489177489178,0.75,40,10,2,8
SERPINA1,ESM-2 650M + CaLM,3,0.11,0.948051948051948,0.75,40,10,2,8
SERPINA1,ESM-2 650M + CaLM,4,0.24,0.8484848484848485,1.0,40,10,2,8
SERPINA1,ESM-2 650M + CaLM,5,0.17,0.8744588744588745,1.0,40,10,2,8
SERPINA1,ESM-2 150M + CaLM,1,0.67,0.828125,0.7777777777777778,40,10,1,9
SERPINA1,ESM-2 150M + CaLM,2,0.11,0.9264069264069263,0.4375,40,10,2,8
SERPINA1,ESM-2 150M + CaLM,3,0.64,0.7965367965367965,1.0,40,10,2,8
SERPINA1,ESM-2 150M + CaLM,4,0.13,0.8051948051948052,0.9375,40,10,2,8
SERPINA1,ESM-2 150M + CaLM,5,0.13,0.8225108225108225,0.875,40,10,2,8
SERPINA1,ESM-1b 650M + CaLM,1,0.65,0.8046875,1.0,40,10,1,9
SERPINA1,ESM-1b 650M + CaLM,2,0.27,0.8528138528138528,0.5,40,10,2,8
SERPINA1,ESM-1b 650M + CaLM,3,0.48,0.8138528138528138,1.0,40,10,2,8
SERPINA1,ESM-1b 650M + CaLM,4,0.65,0.8008658008658008,0.875,40,10,2,8
SERPINA1,ESM-1b 650M + CaLM,5,0.65,0.9047619047619048,0.5,40,10,2,8
SERPINC1,ESM-2 150M + 650M,1,0.85,0.7384615384615385,0.7777777777777778,44,11,9,2
SERPINC1,ESM-2 150M + 650M,2,0.0,0.8051282051282052,0.6111111111111112,44,11,9,2
SERPINC1,ESM-2 150M + 650M,3,0.56,0.7894736842105263,0.6,44,11,10,1
SERPINC1,ESM-2 150M + 650M,4,0.01,0.7105263157894737,1.0,44,11,10,1
SERPINC1,ESM-2 150M + 650M,5,0.56,0.7368421052631579,0.8,44,11,10,1
SERPINC1,ESM-2 650M + ESM-1b 650M,1,0.94,0.8,0.7777777777777778,44,11,9,2
SERPINC1,ESM-2 650M + ESM-1b 650M,2,0.89,0.8769230769230769,0.7777777777777778,44,11,9,2
SERPINC1,ESM-2 650M + ESM-1b 650M,3,0.89,0.7894736842105263,1.0,44,11,10,1
SERPINC1,ESM-2 650M + ESM-1b 650M,4,0.94,0.8421052631578947,0.5,44,11,10,1
SERPINC1,ESM-2 650M + ESM-1b 650M,5,0.89,0.7763157894736842,1.0,44,11,10,1
SERPINC1,ESM-2 650M + CaLM,1,0.44,0.7076923076923077,1.0,44,11,9,2
SERPINC1,ESM-2 650M + CaLM,2,0.62,0.8051282051282052,0.6666666666666666,44,11,9,2
SERPINC1,ESM-2 650M + CaLM,3,0.44,0.7675438596491229,1.0,44,11,10,1
SERPINC1,ESM-2 650M + CaLM,4,0.46,0.7456140350877193,0.9,44,11,10,1
SERPINC1,ESM-2 650M + CaLM,5,0.46,0.8552631578947368,0.4,44,11,10,1
SERPINC1,ESM-2 150M + CaLM,1,1.0,0.6871794871794872,1.0,44,11,9,2
SERPINC1,ESM-2 150M + CaLM,2,0.51,0.8205128205128205,0.5555555555555556,44,11,9,2
SERPINC1,ESM-2 150M + CaLM,3,0.51,0.7587719298245614,0.8,44,11,10,1
SERPINC1,ESM-2 150M + CaLM,4,1.0,0.7324561403508771,1.0,44,11,10,1
SERPINC1,ESM-2 150M + CaLM,5,1.0,0.8333333333333334,0.2,44,11,10,1
SERPINC1,ESM-1b 650M + CaLM,1,0.0,0.7487179487179487,0.9444444444444444,44,11,9,2
SERPINC1,ESM-1b 650M + CaLM,2,0.31,0.8358974358974359,0.8888888888888888,44,11,9,2
SERPINC1,ESM-1b 650M + CaLM,3,0.14,0.9298245614035088,0.1,44,11,10,1
SERPINC1,ESM-1b 650M + CaLM,4,0.28,0.8026315789473685,0.9,44,11,10,1
SERPINC1,ESM-1b 650M + CaLM,5,0.28,0.7719298245614035,1.0,44,11,10,1
SERPING1,ESM-2 150M + 650M,1,0.47,0.996141975308642,0.9888888888888888,90,23,18,5
SERPING1,ESM-2 150M + 650M,2,0.81,0.9938271604938272,0.9777777777777776,90,23,18,5
SERPING1,ESM-2 150M + 650M,3,0.63,0.9915123456790124,1.0,90,23,18,5
SERPING1,ESM-2 150M + 650M,4,0.61,0.9926900584795322,1.0,91,22,18,4
SERPING1,ESM-2 150M + 650M,5,0.63,0.9875730994152048,1.0,91,22,18,4
SERPING1,ESM-2 650M + ESM-1b 650M,1,0.54,0.9907407407407408,1.0,90,23,18,5
SERPING1,ESM-2 650M + ESM-1b 650M,2,0.53,0.9969135802469136,0.9777777777777776,90,23,18,5
SERPING1,ESM-2 650M + ESM-1b 650M,3,0.54,0.992283950617284,1.0,90,23,18,5
SERPING1,ESM-2 650M + ESM-1b 650M,4,0.26,0.9970760233918128,0.9722222222222222,91,22,18,4
SERPING1,ESM-2 650M + ESM-1b 650M,5,0.54,0.9926900584795322,1.0,91,22,18,4
SERPING1,ESM-2 650M + CaLM,1,0.0,0.9953703703703703,0.9666666666666668,90,23,18,5
SERPING1,ESM-2 650M + CaLM,2,0.01,0.9915123456790124,1.0,90,23,18,5
SERPING1,ESM-2 650M + CaLM,3,0.01,0.9915123456790124,1.0,90,23,18,5
SERPING1,ESM-2 650M + CaLM,4,0.05,0.986842105263158,1.0,91,22,18,4
SERPING1,ESM-2 650M + CaLM,5,0.22,0.993421052631579,0.9861111111111112,91,22,18,4
SERPING1,ESM-2 150M + CaLM,1,0.01,0.9421296296296297,0.9777777777777776,90,23,18,5
SERPING1,ESM-2 150M + CaLM,2,0.0,0.966820987654321,0.8444444444444444,90,23,18,5
SERPING1,ESM-2 150M + CaLM,3,0.04,0.9282407407407408,1.0,90,23,18,5
SERPING1,ESM-2 150M + CaLM,4,0.02,0.945906432748538,0.9722222222222222,91,22,18,4
SERPING1,ESM-2 150M + CaLM,5,0.0,0.952485380116959,0.9583333333333334,91,22,18,4
SERPING1,ESM-1b 650M + CaLM,1,0.07,0.9899691358024691,0.9777777777777776,90,23,18,5
SERPING1,ESM-1b 650M + CaLM,2,0.1,0.9814814814814816,1.0,90,23,18,5
SERPING1,ESM-1b 650M + CaLM,3,0.1,0.9891975308641976,0.9777777777777776,90,23,18,5
SERPING1,ESM-1b 650M + CaLM,4,0.14,0.9926900584795322,0.9583333333333334,91,22,18,4
SERPING1,ESM-1b 650M + CaLM,5,0.0,0.983187134502924,1.0,91,22,18,4
SGSH,ESM-2 150M + 650M,1,0.5,0.6388888888888888,0.7222222222222222,35,9,6,3
SGSH,ESM-2 150M + 650M,2,0.61,0.6581196581196581,0.8571428571428571,35,9,7,2
SGSH,ESM-2 150M + 650M,3,0.61,0.6367521367521367,0.7857142857142857,35,9,7,2
SGSH,ESM-2 150M + 650M,4,1.0,0.7564102564102564,0.4285714285714285,35,9,7,2
SGSH,ESM-2 150M + 650M,5,0.6,0.7078189300411523,0.4166666666666667,36,8,6,2
SGSH,ESM-2 650M + ESM-1b 650M,1,0.96,0.8148148148148148,0.8888888888888888,35,9,6,3
SGSH,ESM-2 650M + ESM-1b 650M,2,0.5700000000000001,0.9230769230769232,0.5,35,9,7,2
SGSH,ESM-2 650M + ESM-1b 650M,3,0.64,0.7863247863247863,1.0,35,9,7,2
SGSH,ESM-2 650M + ESM-1b 650M,4,0.5700000000000001,0.7991452991452992,0.9285714285714286,35,9,7,2
SGSH,ESM-2 650M + ESM-1b 650M,5,0.55,0.8477366255144033,0.6666666666666666,36,8,6,2
SGSH,ESM-2 650M + CaLM,1,0.8200000000000001,0.7731481481481481,0.6666666666666666,35,9,6,3
SGSH,ESM-2 650M + CaLM,2,0.8200000000000001,0.7222222222222222,0.7142857142857143,35,9,7,2
SGSH,ESM-2 650M + CaLM,3,0.71,0.7692307692307693,0.5,35,9,7,2
SGSH,ESM-2 650M + CaLM,4,0.21,0.7350427350427351,0.5714285714285714,35,9,7,2
SGSH,ESM-2 650M + CaLM,5,0.41,0.7037037037037037,0.75,36,8,6,2
SGSH,ESM-2 150M + CaLM,1,0.84,0.7361111111111112,0.5555555555555556,35,9,6,3
SGSH,ESM-2 150M + CaLM,2,0.85,0.6153846153846154,1.0,35,9,7,2
SGSH,ESM-2 150M + CaLM,3,0.55,0.6495726495726496,0.8571428571428571,35,9,7,2
SGSH,ESM-2 150M + CaLM,4,0.85,0.7051282051282052,0.6428571428571429,35,9,7,2
SGSH,ESM-2 150M + CaLM,5,0.85,0.7489711934156379,0.5833333333333334,36,8,6,2
SGSH,ESM-1b 650M + CaLM,1,0.08,0.9120370370370372,0.7777777777777778,35,9,6,3
SGSH,ESM-1b 650M + CaLM,2,0.08,0.7777777777777778,1.0,35,9,7,2
SGSH,ESM-1b 650M + CaLM,3,0.08,0.7948717948717948,1.0,35,9,7,2
SGSH,ESM-1b 650M + CaLM,4,0.07,0.8461538461538461,0.7857142857142857,35,9,7,2
SGSH,ESM-1b 650M + CaLM,5,0.01,0.8395061728395061,0.9166666666666666,36,8,6,2
SH3BP2,ESM-2 150M + 650M,1,0.0,0.46875,0.0,12,4,2,2
SH3BP2,ESM-2 150M + 650M,2,0.0,0.475,0.0,13,3,1,2
SH3BP2,ESM-2 150M + 650M,3,0.0,0.275,1.0,13,3,1,2
SH3BP2,ESM-2 150M + 650M,4,0.0,0.375,0.0,13,3,1,2
SH3BP2,ESM-2 150M + 650M,5,0.0,0.325,1.0,13,3,1,2
SH3BP2,ESM-2 650M + ESM-1b 650M,1,0.0,0.0625,0.5,12,4,2,2
SH3BP2,ESM-2 650M + ESM-1b 650M,2,0.02,0.25,0.0,13,3,1,2
SH3BP2,ESM-2 650M + ESM-1b 650M,3,0.02,0.175,0.0,13,3,1,2
SH3BP2,ESM-2 650M + ESM-1b 650M,4,0.02,0.225,0.0,13,3,1,2
SH3BP2,ESM-2 650M + ESM-1b 650M,5,0.18,0.175,0.0,13,3,1,2
SH3BP2,ESM-2 650M + CaLM,1,0.98,0.46875,0.5,12,4,2,2
SH3BP2,ESM-2 650M + CaLM,2,0.93,0.5,0.0,13,3,1,2
SH3BP2,ESM-2 650M + CaLM,3,0.98,0.6,0.0,13,3,1,2
SH3BP2,ESM-2 650M + CaLM,4,0.97,0.5,0.5,13,3,1,2
SH3BP2,ESM-2 650M + CaLM,5,0.98,0.425,1.0,13,3,1,2
SH3BP2,ESM-2 150M + CaLM,1,0.8300000000000001,0.6875,0.0,12,4,2,2
SH3BP2,ESM-2 150M + CaLM,2,0.92,0.45,1.0,13,3,1,2
SH3BP2,ESM-2 150M + CaLM,3,0.92,0.575,0.0,13,3,1,2
SH3BP2,ESM-2 150M + CaLM,4,0.92,0.5,0.5,13,3,1,2
SH3BP2,ESM-2 150M + CaLM,5,0.0,0.375,0.0,13,3,1,2
SH3BP2,ESM-1b 650M + CaLM,1,0.98,0.5,0.5,12,4,2,2
SH3BP2,ESM-1b 650M + CaLM,2,0.94,0.475,0.5,13,3,1,2
SH3BP2,ESM-1b 650M + CaLM,3,0.98,0.425,1.0,13,3,1,2
SH3BP2,ESM-1b 650M + CaLM,4,0.97,0.625,0.0,13,3,1,2
SH3BP2,ESM-1b 650M + CaLM,5,0.98,0.475,0.5,13,3,1,2
SKI,ESM-2 150M + 650M,1,0.49,1.0,1.0,34,9,4,5
SKI,ESM-2 150M + 650M,2,0.66,1.0,1.0,34,9,4,5
SKI,ESM-2 150M + 650M,3,0.66,1.0,1.0,34,9,4,5
SKI,ESM-2 150M + 650M,4,0.56,1.0,1.0,35,8,3,5
SKI,ESM-2 150M + 650M,5,0.66,1.0,1.0,35,8,3,5
SKI,ESM-2 650M + ESM-1b 650M,1,0.0,1.0,1.0,34,9,4,5
SKI,ESM-2 650M + ESM-1b 650M,2,0.0,1.0,1.0,34,9,4,5
SKI,ESM-2 650M + ESM-1b 650M,3,0.0,1.0,1.0,34,9,4,5
SKI,ESM-2 650M + ESM-1b 650M,4,0.0,1.0,1.0,35,8,3,5
SKI,ESM-2 650M + ESM-1b 650M,5,0.0,1.0,1.0,35,8,3,5
SKI,ESM-2 650M + CaLM,1,0.0,1.0,1.0,34,9,4,5
SKI,ESM-2 650M + CaLM,2,0.0,1.0,1.0,34,9,4,5
SKI,ESM-2 650M + CaLM,3,0.0,1.0,1.0,34,9,4,5
SKI,ESM-2 650M + CaLM,4,0.0,1.0,1.0,35,8,3,5
SKI,ESM-2 650M + CaLM,5,0.0,1.0,1.0,35,8,3,5
SKI,ESM-2 150M + CaLM,1,0.53,0.6321428571428571,0.3,34,9,4,5
SKI,ESM-2 150M + CaLM,2,0.56,0.5035714285714286,0.9,34,9,4,5
SKI,ESM-2 150M + CaLM,3,0.5700000000000001,0.5607142857142857,0.7,34,9,4,5
SKI,ESM-2 150M + CaLM,4,0.64,0.64,0.3333333333333333,35,8,3,5
SKI,ESM-2 150M + CaLM,5,0.55,0.5866666666666667,0.5333333333333333,35,8,3,5
SKI,ESM-1b 650M + CaLM,1,0.0,0.9142857142857144,0.6,34,9,4,5
SKI,ESM-1b 650M + CaLM,2,0.0,0.8642857142857143,0.85,34,9,4,5
SKI,ESM-1b 650M + CaLM,3,0.0,0.8821428571428571,0.9,34,9,4,5
SKI,ESM-1b 650M + CaLM,4,0.14,0.8366666666666667,1.0,35,8,3,5
SKI,ESM-1b 650M + CaLM,5,0.14,0.8633333333333333,1.0,35,8,3,5
SLC12A3,ESM-2 150M + 650M,1,0.71,0.9461805555555556,0.9814814814814816,80,21,18,3
SLC12A3,ESM-2 150M + 650M,2,0.99,0.9521604938271604,0.9722222222222222,81,20,18,2
SLC12A3,ESM-2 150M + 650M,3,0.99,0.9722222222222222,0.8611111111111112,81,20,18,2
SLC12A3,ESM-2 150M + 650M,4,0.99,0.9459876543209876,0.9444444444444444,81,20,18,2
SLC12A3,ESM-2 150M + 650M,5,0.98,0.9367283950617284,1.0,81,20,18,2
SLC12A3,ESM-2 650M + ESM-1b 650M,1,0.25,0.9305555555555556,1.0,80,21,18,3
SLC12A3,ESM-2 650M + ESM-1b 650M,2,0.42,0.9861111111111112,0.8611111111111112,81,20,18,2
SLC12A3,ESM-2 650M + ESM-1b 650M,3,0.0,0.9506172839506172,0.9166666666666666,81,20,18,2
SLC12A3,ESM-2 650M + ESM-1b 650M,4,0.25,0.9429012345679012,1.0,81,20,18,2
SLC12A3,ESM-2 650M + ESM-1b 650M,5,0.0,0.9537037037037036,0.9722222222222222,81,20,18,2
SLC12A3,ESM-2 650M + CaLM,1,0.18,0.9895833333333334,0.8148148148148148,80,21,18,3
SLC12A3,ESM-2 650M + CaLM,2,0.0,0.9305555555555556,1.0,81,20,18,2
SLC12A3,ESM-2 650M + CaLM,3,0.0,0.941358024691358,1.0,81,20,18,2
SLC12A3,ESM-2 650M + CaLM,4,0.0,0.9429012345679012,1.0,81,20,18,2
SLC12A3,ESM-2 650M + CaLM,5,0.0,0.9506172839506172,0.9722222222222222,81,20,18,2
SLC12A3,ESM-2 150M + CaLM,1,0.29,0.9496527777777778,0.7037037037037037,80,21,18,3
SLC12A3,ESM-2 150M + CaLM,2,0.12,0.8688271604938271,0.9722222222222222,81,20,18,2
SLC12A3,ESM-2 150M + CaLM,3,0.1,0.8734567901234568,0.9444444444444444,81,20,18,2
SLC12A3,ESM-2 150M + CaLM,4,0.12,0.8811728395061729,0.9444444444444444,81,20,18,2
SLC12A3,ESM-2 150M + CaLM,5,0.09,0.904320987654321,0.75,81,20,18,2
SLC12A3,ESM-1b 650M + CaLM,1,0.0,0.921875,0.8703703703703703,80,21,18,3
SLC12A3,ESM-1b 650M + CaLM,2,0.13,0.9027777777777778,1.0,81,20,18,2
SLC12A3,ESM-1b 650M + CaLM,3,0.49,0.9027777777777778,0.9444444444444444,81,20,18,2
SLC12A3,ESM-1b 650M + CaLM,4,0.5,0.9799382716049384,0.6111111111111112,81,20,18,2
SLC12A3,ESM-1b 650M + CaLM,5,0.1,0.8966049382716049,1.0,81,20,18,2
SLC16A2,ESM-2 150M + 650M,1,0.1,0.96484375,1.0,32,8,4,4
SLC16A2,ESM-2 150M + 650M,2,0.6,0.95703125,1.0,32,8,4,4
SLC16A2,ESM-2 150M + 650M,3,0.6,0.9609375,1.0,32,8,4,4
SLC16A2,ESM-2 150M + 650M,4,0.0,1.0,0.6875,32,8,4,4
SLC16A2,ESM-2 150M + 650M,5,0.6,0.95703125,1.0,32,8,4,4
SLC16A2,ESM-2 650M + ESM-1b 650M,1,0.0,0.95703125,0.9375,32,8,4,4
SLC16A2,ESM-2 650M + ESM-1b 650M,2,0.24,0.95703125,1.0,32,8,4,4
SLC16A2,ESM-2 650M + ESM-1b 650M,3,0.15,0.94921875,1.0,32,8,4,4
SLC16A2,ESM-2 650M + ESM-1b 650M,4,0.16,0.99609375,0.8125,32,8,4,4
SLC16A2,ESM-2 650M + ESM-1b 650M,5,0.16,0.95703125,1.0,32,8,4,4
SLC16A2,ESM-2 650M + CaLM,1,0.03,0.94921875,1.0,32,8,4,4
SLC16A2,ESM-2 650M + CaLM,2,0.0,0.94140625,1.0,32,8,4,4
SLC16A2,ESM-2 650M + CaLM,3,0.03,0.984375,0.875,32,8,4,4
SLC16A2,ESM-2 650M + CaLM,4,0.34,0.9609375,0.875,32,8,4,4
SLC16A2,ESM-2 650M + CaLM,5,0.0,0.95703125,1.0,32,8,4,4
SLC16A2,ESM-2 150M + CaLM,1,0.0,0.9453125,1.0,32,8,4,4
SLC16A2,ESM-2 150M + CaLM,2,0.0,0.953125,1.0,32,8,4,4
SLC16A2,ESM-2 150M + CaLM,3,0.0,0.953125,1.0,32,8,4,4
SLC16A2,ESM-2 150M + CaLM,4,0.0,0.96875,0.875,32,8,4,4
SLC16A2,ESM-2 150M + CaLM,5,0.0,0.98046875,0.9375,32,8,4,4
SLC16A2,ESM-1b 650M + CaLM,1,0.0,0.93359375,1.0,32,8,4,4
SLC16A2,ESM-1b 650M + CaLM,2,0.0,0.93359375,1.0,32,8,4,4
SLC16A2,ESM-1b 650M + CaLM,3,0.0,0.96875,0.75,32,8,4,4
SLC16A2,ESM-1b 650M + CaLM,4,0.0,0.9296875,1.0,32,8,4,4
SLC16A2,ESM-1b 650M + CaLM,5,0.0,0.9453125,0.9375,32,8,4,4
SLC19A3,ESM-2 150M + 650M,1,0.0,1.0,1.0,12,4,2,2
SLC19A3,ESM-2 150M + 650M,2,0.0,1.0,1.0,13,3,1,2
SLC19A3,ESM-2 150M + 650M,3,0.0,1.0,1.0,13,3,2,1
SLC19A3,ESM-2 150M + 650M,4,0.0,1.0,1.0,13,3,2,1
SLC19A3,ESM-2 150M + 650M,5,0.0,1.0,1.0,13,3,2,1
SLC19A3,ESM-2 650M + ESM-1b 650M,1,0.0,1.0,1.0,12,4,2,2
SLC19A3,ESM-2 650M + ESM-1b 650M,2,0.0,0.975,1.0,13,3,1,2
SLC19A3,ESM-2 650M + ESM-1b 650M,3,0.0,0.9761904761904762,1.0,13,3,2,1
SLC19A3,ESM-2 650M + ESM-1b 650M,4,0.0,1.0,1.0,13,3,2,1
SLC19A3,ESM-2 650M + ESM-1b 650M,5,0.0,0.9761904761904762,1.0,13,3,2,1
SLC19A3,ESM-2 650M + CaLM,1,0.0,0.9714285714285714,1.0,12,4,2,2
SLC19A3,ESM-2 650M + CaLM,2,0.0,0.975,1.0,13,3,1,2
SLC19A3,ESM-2 650M + CaLM,3,0.0,1.0,1.0,13,3,2,1
SLC19A3,ESM-2 650M + CaLM,4,0.0,0.9761904761904762,1.0,13,3,2,1
SLC19A3,ESM-2 650M + CaLM,5,0.0,1.0,1.0,13,3,2,1
SLC19A3,ESM-2 150M + CaLM,1,0.0,1.0,1.0,12,4,2,2
SLC19A3,ESM-2 150M + CaLM,2,0.0,1.0,1.0,13,3,1,2
SLC19A3,ESM-2 150M + CaLM,3,0.0,1.0,1.0,13,3,2,1
SLC19A3,ESM-2 150M + CaLM,4,0.0,1.0,1.0,13,3,2,1
SLC19A3,ESM-2 150M + CaLM,5,0.0,1.0,1.0,13,3,2,1
SLC19A3,ESM-1b 650M + CaLM,1,0.2,1.0,1.0,12,4,2,2
SLC19A3,ESM-1b 650M + CaLM,2,0.2,0.975,1.0,13,3,1,2
SLC19A3,ESM-1b 650M + CaLM,3,0.0,1.0,0.5,13,3,2,1
SLC19A3,ESM-1b 650M + CaLM,4,0.2,0.9761904761904762,1.0,13,3,2,1
SLC19A3,ESM-1b 650M + CaLM,5,0.2,0.9761904761904762,1.0,13,3,2,1
SLC1A2,ESM-2 150M + 650M,1,0.9,0.8863636363636364,0.4166666666666667,49,13,1,12
SLC1A2,ESM-2 150M + 650M,2,0.9,0.7944444444444444,0.7727272727272727,49,13,2,11
SLC1A2,ESM-2 150M + 650M,3,0.87,0.7911111111111111,0.8181818181818182,50,12,1,11
SLC1A2,ESM-2 150M + 650M,4,0.87,0.7555555555555555,1.0,50,12,1,11
SLC1A2,ESM-2 150M + 650M,5,0.9,0.7466666666666667,1.0,50,12,1,11
SLC1A2,ESM-2 650M + ESM-1b 650M,1,0.0,0.8181818181818182,0.75,49,13,1,12
SLC1A2,ESM-2 650M + ESM-1b 650M,2,0.0,0.7111111111111111,1.0,49,13,2,11
SLC1A2,ESM-2 650M + ESM-1b 650M,3,0.0,0.7155555555555555,1.0,50,12,1,11
SLC1A2,ESM-2 650M + ESM-1b 650M,4,0.0,0.8977777777777778,0.0909090909090909,50,12,1,11
SLC1A2,ESM-2 650M + ESM-1b 650M,5,0.0,0.8044444444444444,0.7272727272727273,50,12,1,11
SLC1A2,ESM-2 650M + CaLM,1,0.1,0.7863636363636364,1.0,49,13,1,12
SLC1A2,ESM-2 650M + CaLM,2,0.0,0.9555555555555556,0.2727272727272727,49,13,2,11
SLC1A2,ESM-2 650M + CaLM,3,0.43,0.8088888888888889,0.8181818181818182,50,12,1,11
SLC1A2,ESM-2 650M + CaLM,4,0.1,0.7333333333333333,1.0,50,12,1,11
SLC1A2,ESM-2 650M + CaLM,5,0.0,0.7377777777777778,1.0,50,12,1,11
SLC1A2,ESM-2 150M + CaLM,1,0.48,0.6954545454545454,1.0,49,13,1,12
SLC1A2,ESM-2 150M + CaLM,2,0.0,0.9166666666666666,0.1818181818181818,49,13,2,11
SLC1A2,ESM-2 150M + CaLM,3,0.8200000000000001,0.7066666666666667,0.9090909090909092,50,12,1,11
SLC1A2,ESM-2 150M + CaLM,4,0.7000000000000001,0.6844444444444444,1.0,50,12,1,11
SLC1A2,ESM-2 150M + CaLM,5,0.8200000000000001,0.7866666666666666,0.4545454545454545,50,12,1,11
SLC1A2,ESM-1b 650M + CaLM,1,0.88,0.8318181818181818,0.25,49,13,1,12
SLC1A2,ESM-1b 650M + CaLM,2,0.93,0.6722222222222223,0.9545454545454546,49,13,2,11
SLC1A2,ESM-1b 650M + CaLM,3,0.0,0.84,0.1818181818181818,50,12,1,11
SLC1A2,ESM-1b 650M + CaLM,4,0.88,0.7644444444444445,0.6363636363636364,50,12,1,11
SLC1A2,ESM-1b 650M + CaLM,5,0.35,0.7066666666666667,1.0,50,12,1,11
SLC20A2,ESM-2 150M + 650M,1,0.0,0.8571428571428571,1.0,12,3,1,2
SLC20A2,ESM-2 150M + 650M,2,0.0,0.8285714285714286,1.0,12,3,1,2
SLC20A2,ESM-2 150M + 650M,3,0.0,0.9444444444444444,0.5,12,3,2,1
SLC20A2,ESM-2 150M + 650M,4,0.0,0.8611111111111112,1.0,12,3,2,1
SLC20A2,ESM-2 150M + 650M,5,0.0,0.8055555555555556,1.0,12,3,2,1
SLC20A2,ESM-2 650M + ESM-1b 650M,1,0.0,0.9714285714285714,0.0,12,3,1,2
SLC20A2,ESM-2 650M + ESM-1b 650M,2,0.0,0.8285714285714286,1.0,12,3,1,2
SLC20A2,ESM-2 650M + ESM-1b 650M,3,0.0,0.8333333333333334,1.0,12,3,2,1
SLC20A2,ESM-2 650M + ESM-1b 650M,4,0.0,0.7777777777777778,1.0,12,3,2,1
SLC20A2,ESM-2 650M + ESM-1b 650M,5,0.0,0.8611111111111112,1.0,12,3,2,1
SLC20A2,ESM-2 650M + CaLM,1,0.0,0.8285714285714286,1.0,12,3,1,2
SLC20A2,ESM-2 650M + CaLM,2,0.0,0.8571428571428571,1.0,12,3,1,2
SLC20A2,ESM-2 650M + CaLM,3,0.0,0.7777777777777778,1.0,12,3,2,1
SLC20A2,ESM-2 650M + CaLM,4,0.0,0.9722222222222222,0.5,12,3,2,1
SLC20A2,ESM-2 650M + CaLM,5,0.0,0.8611111111111112,1.0,12,3,2,1
SLC20A2,ESM-2 150M + CaLM,1,0.0,0.8571428571428571,1.0,12,3,1,2
SLC20A2,ESM-2 150M + CaLM,2,0.0,0.8857142857142857,1.0,12,3,1,2
SLC20A2,ESM-2 150M + CaLM,3,0.0,0.9444444444444444,0.5,12,3,2,1
SLC20A2,ESM-2 150M + CaLM,4,0.0,0.8055555555555556,1.0,12,3,2,1
SLC20A2,ESM-2 150M + CaLM,5,0.0,0.8055555555555556,1.0,12,3,2,1
SLC20A2,ESM-1b 650M + CaLM,1,0.0,0.8285714285714286,1.0,12,3,1,2
SLC20A2,ESM-1b 650M + CaLM,2,0.0,0.8285714285714286,1.0,12,3,1,2
SLC20A2,ESM-1b 650M + CaLM,3,0.0,1.0,0.5,12,3,2,1
SLC20A2,ESM-1b 650M + CaLM,4,0.0,0.7777777777777778,1.0,12,3,2,1
SLC20A2,ESM-1b 650M + CaLM,5,0.0,0.7777777777777778,1.0,12,3,2,1
SLC22A5,ESM-2 150M + 650M,1,1.0,0.9943181818181818,0.9090909090909092,52,13,11,2
SLC22A5,ESM-2 150M + 650M,2,0.42,0.9744318181818182,1.0,52,13,11,2
SLC22A5,ESM-2 150M + 650M,3,0.51,0.9801136363636364,0.9545454545454546,52,13,11,2
SLC22A5,ESM-2 150M + 650M,4,0.51,0.9801136363636364,0.9545454545454546,52,13,11,2
SLC22A5,ESM-2 150M + 650M,5,0.51,0.9744318181818182,1.0,52,13,11,2
SLC22A5,ESM-2 650M + ESM-1b 650M,1,0.68,0.9971590909090908,1.0,52,13,11,2
SLC22A5,ESM-2 650M + ESM-1b 650M,2,0.65,1.0,1.0,52,13,11,2
SLC22A5,ESM-2 650M + ESM-1b 650M,3,0.68,0.9971590909090908,1.0,52,13,11,2
SLC22A5,ESM-2 650M + ESM-1b 650M,4,0.68,0.9971590909090908,1.0,52,13,11,2
SLC22A5,ESM-2 650M + ESM-1b 650M,5,0.19,1.0,0.8636363636363636,52,13,11,2
SLC22A5,ESM-2 650M + CaLM,1,0.0,0.9886363636363636,1.0,52,13,11,2
SLC22A5,ESM-2 650M + CaLM,2,0.0,0.9886363636363636,0.9090909090909092,52,13,11,2
SLC22A5,ESM-2 650M + CaLM,3,0.0,0.9715909090909092,1.0,52,13,11,2
SLC22A5,ESM-2 650M + CaLM,4,0.0,0.96875,1.0,52,13,11,2
SLC22A5,ESM-2 650M + CaLM,5,0.1,0.9772727272727272,1.0,52,13,11,2
SLC22A5,ESM-2 150M + CaLM,1,0.0,0.9346590909090908,0.9545454545454546,52,13,11,2
SLC22A5,ESM-2 150M + CaLM,2,0.0,0.9488636363636364,0.8636363636363636,52,13,11,2
SLC22A5,ESM-2 150M + CaLM,3,0.0,0.9573863636363636,0.8181818181818182,52,13,11,2
SLC22A5,ESM-2 150M + CaLM,4,0.0,0.9232954545454546,1.0,52,13,11,2
SLC22A5,ESM-2 150M + CaLM,5,0.0,0.9460227272727272,0.9545454545454546,52,13,11,2
SLC22A5,ESM-1b 650M + CaLM,1,0.18,0.9943181818181818,1.0,52,13,11,2
SLC22A5,ESM-1b 650M + CaLM,2,0.18,0.9971590909090908,1.0,52,13,11,2
SLC22A5,ESM-1b 650M + CaLM,3,0.27,0.9943181818181818,1.0,52,13,11,2
SLC22A5,ESM-1b 650M + CaLM,4,0.18,0.9914772727272728,1.0,52,13,11,2
SLC22A5,ESM-1b 650M + CaLM,5,0.18,1.0,1.0,52,13,11,2
SLC26A4,ESM-2 150M + 650M,1,0.93,0.8676470588235294,0.8409090909090909,93,24,22,2
SLC26A4,ESM-2 150M + 650M,2,0.77,0.8397058823529412,1.0,93,24,22,2
SLC26A4,ESM-2 150M + 650M,3,0.68,0.8473837209302325,0.9761904761904762,94,23,21,2
SLC26A4,ESM-2 150M + 650M,4,0.85,0.9491279069767442,0.4761904761904761,94,23,21,2
SLC26A4,ESM-2 150M + 650M,5,0.77,0.8531976744186046,0.9761904761904762,94,23,21,2
SLC26A4,ESM-2 650M + ESM-1b 650M,1,0.56,0.9426470588235294,0.6818181818181818,93,24,22,2
SLC26A4,ESM-2 650M + ESM-1b 650M,2,1.0,0.8852941176470588,0.8636363636363636,93,24,22,2
SLC26A4,ESM-2 650M + ESM-1b 650M,3,0.5,0.8531976744186046,1.0,94,23,21,2
SLC26A4,ESM-2 650M + ESM-1b 650M,4,1.0,0.8808139534883721,0.9047619047619048,94,23,21,2
SLC26A4,ESM-2 650M + ESM-1b 650M,5,0.35,0.8662790697674418,0.9285714285714286,94,23,21,2
SLC26A4,ESM-2 650M + CaLM,1,0.54,0.8779411764705882,0.8863636363636364,93,24,22,2
SLC26A4,ESM-2 650M + CaLM,2,0.03,0.913235294117647,0.75,93,24,22,2
SLC26A4,ESM-2 650M + CaLM,3,0.54,0.8880813953488372,0.9047619047619048,94,23,21,2
SLC26A4,ESM-2 650M + CaLM,4,0.44,0.8837209302325582,0.9047619047619048,94,23,21,2
SLC26A4,ESM-2 650M + CaLM,5,0.43,0.8706395348837209,1.0,94,23,21,2
SLC26A4,ESM-2 150M + CaLM,1,0.04,0.8455882352941176,0.7954545454545454,93,24,22,2
SLC26A4,ESM-2 150M + CaLM,2,0.39,0.836764705882353,0.8636363636363636,93,24,22,2
SLC26A4,ESM-2 150M + CaLM,3,0.39,0.8662790697674418,0.7380952380952381,94,23,21,2
SLC26A4,ESM-2 150M + CaLM,4,0.27,0.8604651162790697,0.6904761904761905,94,23,21,2
SLC26A4,ESM-2 150M + CaLM,5,1.0,0.813953488372093,0.8809523809523809,94,23,21,2
SLC26A4,ESM-1b 650M + CaLM,1,0.0,0.9264705882352942,0.75,93,24,22,2
SLC26A4,ESM-1b 650M + CaLM,2,0.55,0.9117647058823528,0.7272727272727273,93,24,22,2
SLC26A4,ESM-1b 650M + CaLM,3,0.65,0.8895348837209303,0.8571428571428571,94,23,21,2
SLC26A4,ESM-1b 650M + CaLM,4,0.13,0.8561046511627907,1.0,94,23,21,2
SLC26A4,ESM-1b 650M + CaLM,5,0.13,0.8677325581395349,0.9761904761904762,94,23,21,2
SLC27A4,ESM-2 150M + 650M,1,0.0,0.9583333333333334,1.0,10,3,2,1
SLC27A4,ESM-2 150M + 650M,2,0.0,1.0,0.5,10,3,2,1
SLC27A4,ESM-2 150M + 650M,3,0.0,0.9583333333333334,1.0,10,3,2,1
SLC27A4,ESM-2 150M + 650M,4,0.0,0.9642857142857144,1.0,11,2,1,1
SLC27A4,ESM-2 150M + 650M,5,0.0,0.9642857142857144,1.0,11,2,1,1
SLC27A4,ESM-2 650M + ESM-1b 650M,1,0.0,0.9583333333333334,1.0,10,3,2,1
SLC27A4,ESM-2 650M + ESM-1b 650M,2,0.0,0.9583333333333334,1.0,10,3,2,1
SLC27A4,ESM-2 650M + ESM-1b 650M,3,0.0,1.0,1.0,10,3,2,1
SLC27A4,ESM-2 650M + ESM-1b 650M,4,0.0,0.9642857142857144,1.0,11,2,1,1
SLC27A4,ESM-2 650M + ESM-1b 650M,5,0.0,1.0,1.0,11,2,1,1
SLC27A4,ESM-2 650M + CaLM,1,0.0,0.9583333333333334,1.0,10,3,2,1
SLC27A4,ESM-2 650M + CaLM,2,0.0,1.0,1.0,10,3,2,1
SLC27A4,ESM-2 650M + CaLM,3,0.0,1.0,1.0,10,3,2,1
SLC27A4,ESM-2 650M + CaLM,4,0.0,0.9642857142857144,1.0,11,2,1,1
SLC27A4,ESM-2 650M + CaLM,5,0.0,0.9642857142857144,1.0,11,2,1,1
SLC27A4,ESM-2 150M + CaLM,1,0.0,1.0,1.0,10,3,2,1
SLC27A4,ESM-2 150M + CaLM,2,0.0,0.9583333333333334,1.0,10,3,2,1
SLC27A4,ESM-2 150M + CaLM,3,0.0,0.9583333333333334,1.0,10,3,2,1
SLC27A4,ESM-2 150M + CaLM,4,0.0,0.9642857142857144,1.0,11,2,1,1
SLC27A4,ESM-2 150M + CaLM,5,0.0,1.0,1.0,11,2,1,1
SLC27A4,ESM-1b 650M + CaLM,1,0.16,0.9583333333333334,1.0,10,3,2,1
SLC27A4,ESM-1b 650M + CaLM,2,0.0,1.0,1.0,10,3,2,1
SLC27A4,ESM-1b 650M + CaLM,3,0.0,0.9583333333333334,1.0,10,3,2,1
SLC27A4,ESM-1b 650M + CaLM,4,0.16,0.9642857142857144,1.0,11,2,1,1
SLC27A4,ESM-1b 650M + CaLM,5,0.16,1.0,1.0,11,2,1,1
SLC29A3,ESM-2 150M + 650M,1,0.0,1.0,1.0,12,4,2,2
SLC29A3,ESM-2 150M + 650M,2,0.0,1.0,1.0,13,3,1,2
SLC29A3,ESM-2 150M + 650M,3,0.0,1.0,1.0,13,3,1,2
SLC29A3,ESM-2 150M + 650M,4,0.0,1.0,1.0,13,3,1,2
SLC29A3,ESM-2 150M + 650M,5,0.0,1.0,1.0,13,3,2,1
SLC29A3,ESM-2 650M + ESM-1b 650M,1,0.0,1.0,1.0,12,4,2,2
SLC29A3,ESM-2 650M + ESM-1b 650M,2,0.0,1.0,1.0,13,3,1,2
SLC29A3,ESM-2 650M + ESM-1b 650M,3,0.0,1.0,1.0,13,3,1,2
SLC29A3,ESM-2 650M + ESM-1b 650M,4,0.0,1.0,1.0,13,3,1,2
SLC29A3,ESM-2 650M + ESM-1b 650M,5,0.0,1.0,1.0,13,3,2,1
SLC29A3,ESM-2 650M + CaLM,1,0.0,1.0,1.0,12,4,2,2
SLC29A3,ESM-2 650M + CaLM,2,0.0,1.0,1.0,13,3,1,2
SLC29A3,ESM-2 650M + CaLM,3,0.0,1.0,1.0,13,3,1,2
SLC29A3,ESM-2 650M + CaLM,4,0.0,1.0,1.0,13,3,1,2
SLC29A3,ESM-2 650M + CaLM,5,0.0,1.0,1.0,13,3,2,1
SLC29A3,ESM-2 150M + CaLM,1,0.0,1.0,1.0,12,4,2,2
SLC29A3,ESM-2 150M + CaLM,2,0.0,1.0,1.0,13,3,1,2
SLC29A3,ESM-2 150M + CaLM,3,0.0,1.0,1.0,13,3,1,2
SLC29A3,ESM-2 150M + CaLM,4,0.0,1.0,1.0,13,3,1,2
SLC29A3,ESM-2 150M + CaLM,5,0.0,1.0,1.0,13,3,2,1
SLC29A3,ESM-1b 650M + CaLM,1,0.0,1.0,1.0,12,4,2,2
SLC29A3,ESM-1b 650M + CaLM,2,0.0,1.0,1.0,13,3,1,2
SLC29A3,ESM-1b 650M + CaLM,3,0.0,1.0,1.0,13,3,1,2
SLC29A3,ESM-1b 650M + CaLM,4,0.0,1.0,1.0,13,3,1,2
SLC29A3,ESM-1b 650M + CaLM,5,0.0,1.0,1.0,13,3,2,1
SLC2A1,ESM-2 150M + 650M,1,0.45,1.0,0.9,67,17,15,2
SLC2A1,ESM-2 150M + 650M,2,0.28,0.9774193548387096,1.0,67,17,16,1
SLC2A1,ESM-2 150M + 650M,3,0.54,0.9774193548387096,1.0,67,17,16,1
SLC2A1,ESM-2 150M + 650M,4,0.43,0.9741935483870968,1.0,67,17,16,1
SLC2A1,ESM-2 150M + 650M,5,0.54,0.9746031746031746,1.0,68,16,15,1
SLC2A1,ESM-2 650M + ESM-1b 650M,1,0.0,0.984126984126984,0.9666666666666668,67,17,15,2
SLC2A1,ESM-2 650M + ESM-1b 650M,2,0.07,0.9741935483870968,1.0,67,17,16,1
SLC2A1,ESM-2 650M + ESM-1b 650M,3,0.07,0.9741935483870968,1.0,67,17,16,1
SLC2A1,ESM-2 650M + ESM-1b 650M,4,0.07,0.9838709677419356,1.0,67,17,16,1
SLC2A1,ESM-2 650M + ESM-1b 650M,5,0.07,0.9904761904761904,0.9333333333333332,68,16,15,1
SLC2A1,ESM-2 650M + CaLM,1,0.43,0.996031746031746,0.9666666666666668,67,17,15,2
SLC2A1,ESM-2 650M + CaLM,2,0.17,0.9774193548387096,1.0,67,17,16,1
SLC2A1,ESM-2 650M + CaLM,3,0.17,0.9741935483870968,1.0,67,17,16,1
SLC2A1,ESM-2 650M + CaLM,4,0.12,0.9935483870967742,0.9375,67,17,16,1
SLC2A1,ESM-2 650M + CaLM,5,0.22,0.9777777777777776,1.0,68,16,15,1
SLC2A1,ESM-2 150M + CaLM,1,0.38,0.992063492063492,0.9333333333333332,67,17,15,2
SLC2A1,ESM-2 150M + CaLM,2,0.05,0.9774193548387096,1.0,67,17,16,1
SLC2A1,ESM-2 150M + CaLM,3,0.05,0.964516129032258,1.0,67,17,16,1
SLC2A1,ESM-2 150M + CaLM,4,0.04,0.9774193548387096,1.0,67,17,16,1
SLC2A1,ESM-2 150M + CaLM,5,0.05,0.9587301587301588,1.0,68,16,15,1
SLC2A1,ESM-1b 650M + CaLM,1,0.4,0.992063492063492,1.0,67,17,15,2
SLC2A1,ESM-1b 650M + CaLM,2,0.34,0.9612903225806452,1.0,67,17,16,1
SLC2A1,ESM-1b 650M + CaLM,3,0.4,0.964516129032258,1.0,67,17,16,1
SLC2A1,ESM-1b 650M + CaLM,4,0.55,0.964516129032258,1.0,67,17,16,1
SLC2A1,ESM-1b 650M + CaLM,5,0.19,0.984126984126984,1.0,68,16,15,1
SLC2A10,ESM-2 150M + 650M,1,0.0,1.0,1.0,12,4,2,2
SLC2A10,ESM-2 150M + 650M,2,0.0,1.0,1.0,13,3,1,2
SLC2A10,ESM-2 150M + 650M,3,0.0,1.0,1.0,13,3,1,2
SLC2A10,ESM-2 150M + 650M,4,0.0,1.0,1.0,13,3,1,2
SLC2A10,ESM-2 150M + 650M,5,0.0,1.0,1.0,13,3,1,2
SLC2A10,ESM-2 650M + ESM-1b 650M,1,0.0,1.0,1.0,12,4,2,2
SLC2A10,ESM-2 650M + ESM-1b 650M,2,0.0,1.0,1.0,13,3,1,2
SLC2A10,ESM-2 650M + ESM-1b 650M,3,0.0,1.0,1.0,13,3,1,2
SLC2A10,ESM-2 650M + ESM-1b 650M,4,0.0,1.0,1.0,13,3,1,2
SLC2A10,ESM-2 650M + ESM-1b 650M,5,0.0,1.0,1.0,13,3,1,2
SLC2A10,ESM-2 650M + CaLM,1,0.0,1.0,1.0,12,4,2,2
SLC2A10,ESM-2 650M + CaLM,2,0.0,1.0,1.0,13,3,1,2
SLC2A10,ESM-2 650M + CaLM,3,0.0,1.0,1.0,13,3,1,2
SLC2A10,ESM-2 650M + CaLM,4,0.0,1.0,1.0,13,3,1,2
SLC2A10,ESM-2 650M + CaLM,5,0.0,1.0,1.0,13,3,1,2
SLC2A10,ESM-2 150M + CaLM,1,0.0,1.0,1.0,12,4,2,2
SLC2A10,ESM-2 150M + CaLM,2,0.0,1.0,1.0,13,3,1,2
SLC2A10,ESM-2 150M + CaLM,3,0.0,1.0,1.0,13,3,1,2
SLC2A10,ESM-2 150M + CaLM,4,0.0,1.0,1.0,13,3,1,2
SLC2A10,ESM-2 150M + CaLM,5,0.0,1.0,1.0,13,3,1,2
SLC2A10,ESM-1b 650M + CaLM,1,0.0,1.0,1.0,12,4,2,2
SLC2A10,ESM-1b 650M + CaLM,2,0.0,1.0,1.0,13,3,1,2
SLC2A10,ESM-1b 650M + CaLM,3,0.0,1.0,1.0,13,3,1,2
SLC2A10,ESM-1b 650M + CaLM,4,0.0,1.0,1.0,13,3,1,2
SLC2A10,ESM-1b 650M + CaLM,5,0.0,1.0,1.0,13,3,1,2
SLC34A3,ESM-2 150M + 650M,1,1.0,1.0,1.0,15,4,1,3
SLC34A3,ESM-2 150M + 650M,2,0.0,1.0,1.0,15,4,1,3
SLC34A3,ESM-2 150M + 650M,3,1.0,1.0,1.0,15,4,2,2
SLC34A3,ESM-2 150M + 650M,4,0.36,1.0,1.0,15,4,2,2
SLC34A3,ESM-2 150M + 650M,5,1.0,1.0,1.0,16,3,1,2
SLC34A3,ESM-2 650M + ESM-1b 650M,1,0.0,1.0,1.0,15,4,1,3
SLC34A3,ESM-2 650M + ESM-1b 650M,2,0.0,1.0,1.0,15,4,1,3
SLC34A3,ESM-2 650M + ESM-1b 650M,3,0.0,1.0,1.0,15,4,2,2
SLC34A3,ESM-2 650M + ESM-1b 650M,4,0.0,1.0,1.0,15,4,2,2
SLC34A3,ESM-2 650M + ESM-1b 650M,5,0.0,1.0,1.0,16,3,1,2
SLC34A3,ESM-2 650M + CaLM,1,0.0,1.0,1.0,15,4,1,3
SLC34A3,ESM-2 650M + CaLM,2,0.0,1.0,1.0,15,4,1,3
SLC34A3,ESM-2 650M + CaLM,3,0.0,1.0,1.0,15,4,2,2
SLC34A3,ESM-2 650M + CaLM,4,0.0,1.0,1.0,15,4,2,2
SLC34A3,ESM-2 650M + CaLM,5,0.0,1.0,1.0,16,3,1,2
SLC34A3,ESM-2 150M + CaLM,1,0.09,0.9814814814814816,1.0,15,4,1,3
SLC34A3,ESM-2 150M + CaLM,2,0.0,1.0,1.0,15,4,1,3
SLC34A3,ESM-2 150M + CaLM,3,0.09,0.98,1.0,15,4,2,2
SLC34A3,ESM-2 150M + CaLM,4,0.09,1.0,1.0,15,4,2,2
SLC34A3,ESM-2 150M + CaLM,5,0.03,0.9833333333333332,1.0,16,3,1,2
SLC34A3,ESM-1b 650M + CaLM,1,0.0,0.9814814814814816,1.0,15,4,1,3
SLC34A3,ESM-1b 650M + CaLM,2,0.56,0.9444444444444444,1.0,15,4,1,3
SLC34A3,ESM-1b 650M + CaLM,3,0.56,0.98,1.0,15,4,2,2
SLC34A3,ESM-1b 650M + CaLM,4,0.56,0.94,1.0,15,4,2,2
SLC34A3,ESM-1b 650M + CaLM,5,0.47,0.9833333333333332,0.5,16,3,1,2
SLC35A2,ESM-2 150M + 650M,1,0.36,0.9785714285714284,1.0,24,7,3,4
SLC35A2,ESM-2 150M + 650M,2,0.0,1.0,0.875,25,6,2,4
SLC35A2,ESM-2 150M + 650M,3,0.0,0.987012987012987,1.0,25,6,2,4
SLC35A2,ESM-2 150M + 650M,4,0.36,0.98,1.0,25,6,3,3
SLC35A2,ESM-2 150M + 650M,5,0.36,0.9866666666666668,1.0,25,6,3,3
SLC35A2,ESM-2 650M + ESM-1b 650M,1,0.42,1.0,1.0,24,7,3,4
SLC35A2,ESM-2 650M + ESM-1b 650M,2,0.0,1.0,0.875,25,6,2,4
SLC35A2,ESM-2 650M + ESM-1b 650M,3,0.42,0.9935064935064936,1.0,25,6,2,4
SLC35A2,ESM-2 650M + ESM-1b 650M,4,0.42,0.9933333333333332,1.0,25,6,3,3
SLC35A2,ESM-2 650M + ESM-1b 650M,5,0.42,0.9933333333333332,1.0,25,6,3,3
SLC35A2,ESM-2 650M + CaLM,1,0.0,0.9785714285714284,1.0,24,7,3,4
SLC35A2,ESM-2 650M + CaLM,2,0.0,0.9805194805194806,1.0,25,6,2,4
SLC35A2,ESM-2 650M + CaLM,3,0.0,0.9805194805194806,1.0,25,6,2,4
SLC35A2,ESM-2 650M + CaLM,4,0.63,1.0,0.8888888888888888,25,6,3,3
SLC35A2,ESM-2 650M + CaLM,5,0.0,1.0,0.8888888888888888,25,6,3,3
SLC35A2,ESM-2 150M + CaLM,1,0.08,0.9857142857142858,1.0,24,7,3,4
SLC35A2,ESM-2 150M + CaLM,2,0.09,0.987012987012987,1.0,25,6,2,4
SLC35A2,ESM-2 150M + CaLM,3,0.09,0.987012987012987,1.0,25,6,2,4
SLC35A2,ESM-2 150M + CaLM,4,0.09,1.0,1.0,25,6,3,3
SLC35A2,ESM-2 150M + CaLM,5,0.0,1.0,1.0,25,6,3,3
SLC35A2,ESM-1b 650M + CaLM,1,0.09,1.0,0.9166666666666666,24,7,3,4
SLC35A2,ESM-1b 650M + CaLM,2,0.46,0.9935064935064936,1.0,25,6,2,4
SLC35A2,ESM-1b 650M + CaLM,3,0.46,1.0,1.0,25,6,2,4
SLC35A2,ESM-1b 650M + CaLM,4,0.46,0.9933333333333332,1.0,25,6,3,3
SLC35A2,ESM-1b 650M + CaLM,5,0.46,0.9933333333333332,1.0,25,6,3,3
SLC40A1,ESM-2 150M + 650M,1,0.46,0.9875,0.5,18,5,3,2
SLC40A1,ESM-2 150M + 650M,2,0.58,0.8625,1.0,18,5,3,2
SLC40A1,ESM-2 150M + 650M,3,0.66,0.875,1.0,18,5,3,2
SLC40A1,ESM-2 150M + 650M,4,0.66,0.875,1.0,19,4,2,2
SLC40A1,ESM-2 150M + 650M,5,0.66,0.9090909090909092,0.75,19,4,2,2
SLC40A1,ESM-2 650M + ESM-1b 650M,1,0.3,1.0,0.6666666666666666,18,5,3,2
SLC40A1,ESM-2 650M + ESM-1b 650M,2,0.6900000000000001,0.9125,1.0,18,5,3,2
SLC40A1,ESM-2 650M + ESM-1b 650M,3,0.99,0.925,1.0,18,5,3,2
SLC40A1,ESM-2 650M + ESM-1b 650M,4,0.99,0.9318181818181818,1.0,19,4,2,2
SLC40A1,ESM-2 650M + ESM-1b 650M,5,0.99,0.9204545454545454,1.0,19,4,2,2
SLC40A1,ESM-2 650M + CaLM,1,0.66,0.8875,1.0,18,5,3,2
SLC40A1,ESM-2 650M + CaLM,2,0.66,0.9125,1.0,18,5,3,2
SLC40A1,ESM-2 650M + CaLM,3,0.73,0.9875,0.6666666666666666,18,5,3,2
SLC40A1,ESM-2 650M + CaLM,4,0.66,0.9204545454545454,1.0,19,4,2,2
SLC40A1,ESM-2 650M + CaLM,5,0.41,0.8863636363636364,1.0,19,4,2,2
SLC40A1,ESM-2 150M + CaLM,1,0.81,0.85,0.6666666666666666,18,5,3,2
SLC40A1,ESM-2 150M + CaLM,2,0.6900000000000001,0.8375,0.6666666666666666,18,5,3,2
SLC40A1,ESM-2 150M + CaLM,3,0.96,0.7875,0.8333333333333334,18,5,3,2
SLC40A1,ESM-2 150M + CaLM,4,0.81,0.7727272727272727,1.0,19,4,2,2
SLC40A1,ESM-2 150M + CaLM,5,0.0,0.8295454545454546,0.25,19,4,2,2
SLC40A1,ESM-1b 650M + CaLM,1,0.0,0.925,1.0,18,5,3,2
SLC40A1,ESM-1b 650M + CaLM,2,0.0,0.925,1.0,18,5,3,2
SLC40A1,ESM-1b 650M + CaLM,3,0.0,0.9125,1.0,18,5,3,2
SLC40A1,ESM-1b 650M + CaLM,4,0.0,1.0,0.5,19,4,2,2
SLC40A1,ESM-1b 650M + CaLM,5,0.0,0.9204545454545454,1.0,19,4,2,2
SLC4A1,ESM-2 150M + 650M,1,0.24,0.8666666666666667,0.75,21,6,4,2
SLC4A1,ESM-2 150M + 650M,2,0.24,0.8777777777777778,0.875,21,6,4,2
SLC4A1,ESM-2 150M + 650M,3,0.53,0.8958333333333334,1.0,22,5,3,2
SLC4A1,ESM-2 150M + 650M,4,0.53,0.8952380952380953,0.75,22,5,4,1
SLC4A1,ESM-2 150M + 650M,5,0.5,0.8666666666666667,1.0,22,5,4,1
SLC4A1,ESM-2 650M + ESM-1b 650M,1,1.0,0.9888888888888888,1.0,21,6,4,2
SLC4A1,ESM-2 650M + ESM-1b 650M,2,1.0,0.9777777777777776,1.0,21,6,4,2
SLC4A1,ESM-2 650M + ESM-1b 650M,3,0.58,0.9791666666666666,1.0,22,5,3,2
SLC4A1,ESM-2 650M + ESM-1b 650M,4,1.0,0.9904761904761904,1.0,22,5,4,1
SLC4A1,ESM-2 650M + ESM-1b 650M,5,0.58,1.0,1.0,22,5,4,1
SLC4A1,ESM-2 650M + CaLM,1,0.35,0.9555555555555556,0.75,21,6,4,2
SLC4A1,ESM-2 650M + CaLM,2,0.0,0.9444444444444444,1.0,21,6,4,2
SLC4A1,ESM-2 650M + CaLM,3,0.95,0.9479166666666666,0.8333333333333334,22,5,3,2
SLC4A1,ESM-2 650M + CaLM,4,0.96,0.8857142857142857,1.0,22,5,4,1
SLC4A1,ESM-2 650M + CaLM,5,0.96,0.9142857142857144,1.0,22,5,4,1
SLC4A1,ESM-2 150M + CaLM,1,0.94,0.9666666666666668,0.875,21,6,4,2
SLC4A1,ESM-2 150M + CaLM,2,0.95,0.8777777777777778,1.0,21,6,4,2
SLC4A1,ESM-2 150M + CaLM,3,0.94,0.90625,1.0,22,5,3,2
SLC4A1,ESM-2 150M + CaLM,4,0.95,0.9428571428571428,1.0,22,5,4,1
SLC4A1,ESM-2 150M + CaLM,5,0.95,0.923809523809524,1.0,22,5,4,1
SLC4A1,ESM-1b 650M + CaLM,1,0.0,0.9777777777777776,1.0,21,6,4,2
SLC4A1,ESM-1b 650M + CaLM,2,0.0,0.9777777777777776,1.0,21,6,4,2
SLC4A1,ESM-1b 650M + CaLM,3,0.0,1.0,0.8333333333333334,22,5,3,2
SLC4A1,ESM-1b 650M + CaLM,4,0.0,0.9904761904761904,1.0,22,5,4,1
SLC4A1,ESM-1b 650M + CaLM,5,0.0,0.9809523809523808,1.0,22,5,4,1
SLC4A11,ESM-2 150M + 650M,1,0.87,0.9833333333333332,1.0,23,6,3,3
SLC4A11,ESM-2 150M + 650M,2,0.02,1.0,0.75,23,6,4,2
SLC4A11,ESM-2 150M + 650M,3,0.4,0.9761904761904762,1.0,23,6,4,2
SLC4A11,ESM-2 150M + 650M,4,0.68,0.9682539682539684,1.0,23,6,4,2
SLC4A11,ESM-2 150M + 650M,5,0.68,0.9703703703703704,1.0,24,5,3,2
SLC4A11,ESM-2 650M + ESM-1b 650M,1,0.0,0.9916666666666668,1.0,23,6,3,3
SLC4A11,ESM-2 650M + ESM-1b 650M,2,0.0,0.984126984126984,1.0,23,6,4,2
SLC4A11,ESM-2 650M + ESM-1b 650M,3,0.0,0.984126984126984,1.0,23,6,4,2
SLC4A11,ESM-2 650M + ESM-1b 650M,4,0.0,0.9761904761904762,1.0,23,6,4,2
SLC4A11,ESM-2 650M + ESM-1b 650M,5,0.0,0.9703703703703704,1.0,24,5,3,2
SLC4A11,ESM-2 650M + CaLM,1,0.0,1.0,0.8888888888888888,23,6,3,3
SLC4A11,ESM-2 650M + CaLM,2,0.0,0.9761904761904762,1.0,23,6,4,2
SLC4A11,ESM-2 650M + CaLM,3,0.0,0.984126984126984,1.0,23,6,4,2
SLC4A11,ESM-2 650M + CaLM,4,0.0,0.9682539682539684,1.0,23,6,4,2
SLC4A11,ESM-2 650M + CaLM,5,0.0,0.9703703703703704,1.0,24,5,3,2
SLC4A11,ESM-2 150M + CaLM,1,0.0,1.0,0.8888888888888888,23,6,3,3
SLC4A11,ESM-2 150M + CaLM,2,0.0,0.9365079365079364,1.0,23,6,4,2
SLC4A11,ESM-2 150M + CaLM,3,0.0,0.9523809523809524,1.0,23,6,4,2
SLC4A11,ESM-2 150M + CaLM,4,0.0,0.9603174603174603,1.0,23,6,4,2
SLC4A11,ESM-2 150M + CaLM,5,0.0,0.9555555555555556,1.0,24,5,3,2
SLC4A11,ESM-1b 650M + CaLM,1,0.0,0.975,0.7777777777777778,23,6,3,3
SLC4A11,ESM-1b 650M + CaLM,2,0.33,0.9523809523809524,1.0,23,6,4,2
SLC4A11,ESM-1b 650M + CaLM,3,0.32,0.9444444444444444,1.0,23,6,4,2
SLC4A11,ESM-1b 650M + CaLM,4,0.33,0.9365079365079364,1.0,23,6,4,2
SLC4A11,ESM-1b 650M + CaLM,5,0.33,0.9185185185185184,1.0,24,5,3,2
SLC52A3,ESM-2 150M + 650M,1,0.02,1.0,1.0,8,3,2,1
SLC52A3,ESM-2 150M + 650M,2,0.0,1.0,1.0,9,2,1,1
SLC52A3,ESM-2 150M + 650M,3,0.02,1.0,1.0,9,2,1,1
SLC52A3,ESM-2 150M + 650M,4,0.0,1.0,1.0,9,2,1,1
SLC52A3,ESM-2 150M + 650M,5,0.02,1.0,1.0,9,2,1,1
SLC52A3,ESM-2 650M + ESM-1b 650M,1,0.0,1.0,1.0,8,3,2,1
SLC52A3,ESM-2 650M + ESM-1b 650M,2,0.0,1.0,1.0,9,2,1,1
SLC52A3,ESM-2 650M + ESM-1b 650M,3,0.0,1.0,1.0,9,2,1,1
SLC52A3,ESM-2 650M + ESM-1b 650M,4,0.0,1.0,1.0,9,2,1,1
SLC52A3,ESM-2 650M + ESM-1b 650M,5,0.0,1.0,1.0,9,2,1,1
SLC52A3,ESM-2 650M + CaLM,1,0.0,1.0,1.0,8,3,2,1
SLC52A3,ESM-2 650M + CaLM,2,0.0,1.0,1.0,9,2,1,1
SLC52A3,ESM-2 650M + CaLM,3,0.0,1.0,1.0,9,2,1,1
SLC52A3,ESM-2 650M + CaLM,4,0.0,1.0,1.0,9,2,1,1
SLC52A3,ESM-2 650M + CaLM,5,0.0,1.0,1.0,9,2,1,1
SLC52A3,ESM-2 150M + CaLM,1,0.0,1.0,1.0,8,3,2,1
SLC52A3,ESM-2 150M + CaLM,2,0.02,1.0,1.0,9,2,1,1
SLC52A3,ESM-2 150M + CaLM,3,0.02,1.0,1.0,9,2,1,1
SLC52A3,ESM-2 150M + CaLM,4,0.0,1.0,1.0,9,2,1,1
SLC52A3,ESM-2 150M + CaLM,5,0.02,1.0,1.0,9,2,1,1
SLC52A3,ESM-1b 650M + CaLM,1,0.0,1.0,1.0,8,3,2,1
SLC52A3,ESM-1b 650M + CaLM,2,0.0,1.0,1.0,9,2,1,1
SLC52A3,ESM-1b 650M + CaLM,3,0.0,1.0,1.0,9,2,1,1
SLC52A3,ESM-1b 650M + CaLM,4,0.0,1.0,1.0,9,2,1,1
SLC52A3,ESM-1b 650M + CaLM,5,0.0,1.0,1.0,9,2,1,1
SLC6A1,ESM-2 150M + 650M,1,0.25,0.8106312292358804,0.768595041322314,85,22,11,11
SLC6A1,ESM-2 150M + 650M,2,0.47,0.7906976744186046,0.8677685950413223,85,22,11,11
SLC6A1,ESM-2 150M + 650M,3,0.93,0.7614926987560844,0.990909090909091,86,21,10,11
SLC6A1,ESM-2 150M + 650M,4,0.98,0.8274743104380746,0.7363636363636363,86,21,10,11
SLC6A1,ESM-2 150M + 650M,5,0.52,0.8571428571428571,0.6,86,21,11,10
SLC6A1,ESM-2 650M + ESM-1b 650M,1,1.0,0.91140642303433,0.8347107438016529,85,22,11,11
SLC6A1,ESM-2 650M + ESM-1b 650M,2,1.0,0.8931339977851606,0.9338842975206612,85,22,11,11
SLC6A1,ESM-2 650M + ESM-1b 650M,3,0.84,0.897782585181179,0.8818181818181818,86,21,10,11
SLC6A1,ESM-2 650M + ESM-1b 650M,4,1.0,0.8734451054624122,1.0,86,21,10,11
SLC6A1,ESM-2 650M + ESM-1b 650M,5,1.0,0.9188311688311688,0.8363636363636363,86,21,11,10
SLC6A1,ESM-2 650M + CaLM,1,0.75,0.8737541528239202,0.7603305785123967,85,22,11,11
SLC6A1,ESM-2 650M + CaLM,2,0.79,0.8289036544850499,0.9173553719008264,85,22,11,11
SLC6A1,ESM-2 650M + CaLM,3,0.81,0.8653326122228231,0.8272727272727273,86,21,10,11
SLC6A1,ESM-2 650M + CaLM,4,0.79,0.8426176311519741,0.8818181818181818,86,21,10,11
SLC6A1,ESM-2 650M + CaLM,5,0.61,0.8538961038961039,0.8363636363636363,86,21,11,10
SLC6A1,ESM-2 150M + CaLM,1,0.76,0.8300110741971207,0.9421487603305784,85,22,11,11
SLC6A1,ESM-2 150M + CaLM,2,0.76,0.8665559246954596,0.7933884297520661,85,22,11,11
SLC6A1,ESM-2 150M + CaLM,3,0.76,0.8496484586262845,0.8727272727272727,86,21,10,11
SLC6A1,ESM-2 150M + CaLM,4,0.76,0.8464034613304489,0.8636363636363636,86,21,10,11
SLC6A1,ESM-2 150M + CaLM,5,0.76,0.8674242424242424,0.7727272727272727,86,21,11,10
SLC6A1,ESM-1b 650M + CaLM,1,0.28,0.9158361018826136,0.8512396694214877,85,22,11,11
SLC6A1,ESM-1b 650M + CaLM,2,0.28,0.8842746400885936,0.9669421487603306,85,22,11,11
SLC6A1,ESM-1b 650M + CaLM,3,0.29,0.9237425635478635,0.7909090909090909,86,21,10,11
SLC6A1,ESM-1b 650M + CaLM,4,0.28,0.8923742563547864,0.9363636363636364,86,21,10,11
SLC6A1,ESM-1b 650M + CaLM,5,0.25,0.8944805194805194,0.9181818181818182,86,21,11,10
SLC6A19,ESM-2 150M + 650M,1,0.0,1.0,1.0,12,3,1,2
SLC6A19,ESM-2 150M + 650M,2,0.0,1.0,1.0,12,3,1,2
SLC6A19,ESM-2 150M + 650M,3,0.0,1.0,1.0,12,3,1,2
SLC6A19,ESM-2 150M + 650M,4,0.0,1.0,1.0,12,3,1,2
SLC6A19,ESM-2 150M + 650M,5,0.0,1.0,1.0,12,3,2,1
SLC6A19,ESM-2 650M + ESM-1b 650M,1,0.03,0.9714285714285714,1.0,12,3,1,2
SLC6A19,ESM-2 650M + ESM-1b 650M,2,0.03,0.9714285714285714,1.0,12,3,1,2
SLC6A19,ESM-2 650M + ESM-1b 650M,3,0.03,0.9714285714285714,1.0,12,3,1,2
SLC6A19,ESM-2 650M + ESM-1b 650M,4,0.0,1.0,1.0,12,3,1,2
SLC6A19,ESM-2 650M + ESM-1b 650M,5,0.0,1.0,1.0,12,3,2,1
SLC6A19,ESM-2 650M + CaLM,1,0.43,1.0,1.0,12,3,1,2
SLC6A19,ESM-2 650M + CaLM,2,0.0,1.0,1.0,12,3,1,2
SLC6A19,ESM-2 650M + CaLM,3,0.43,1.0,1.0,12,3,1,2
SLC6A19,ESM-2 650M + CaLM,4,0.43,1.0,1.0,12,3,1,2
SLC6A19,ESM-2 650M + CaLM,5,0.0,1.0,1.0,12,3,2,1
SLC6A19,ESM-2 150M + CaLM,1,0.0,1.0,1.0,12,3,1,2
SLC6A19,ESM-2 150M + CaLM,2,0.0,1.0,1.0,12,3,1,2
SLC6A19,ESM-2 150M + CaLM,3,0.0,1.0,1.0,12,3,1,2
SLC6A19,ESM-2 150M + CaLM,4,0.0,1.0,1.0,12,3,1,2
SLC6A19,ESM-2 150M + CaLM,5,0.0,1.0,1.0,12,3,2,1
SLC6A19,ESM-1b 650M + CaLM,1,0.41,0.9714285714285714,1.0,12,3,1,2
SLC6A19,ESM-1b 650M + CaLM,2,0.0,0.9714285714285714,1.0,12,3,1,2
SLC6A19,ESM-1b 650M + CaLM,3,0.41,0.9714285714285714,1.0,12,3,1,2
SLC6A19,ESM-1b 650M + CaLM,4,0.0,1.0,1.0,12,3,1,2
SLC6A19,ESM-1b 650M + CaLM,5,0.41,1.0,1.0,12,3,2,1
SLC6A5,ESM-2 150M + 650M,1,0.31,0.9814814814814816,1.0,24,6,1,5
SLC6A5,ESM-2 150M + 650M,2,0.31,0.9814814814814816,1.0,24,6,1,5
SLC6A5,ESM-2 150M + 650M,3,0.0,1.0,0.8,24,6,1,5
SLC6A5,ESM-2 150M + 650M,4,0.28,0.9789473684210528,1.0,24,6,2,4
SLC6A5,ESM-2 150M + 650M,5,0.31,0.9894736842105264,1.0,24,6,2,4
SLC6A5,ESM-2 650M + ESM-1b 650M,1,0.7000000000000001,0.9814814814814816,1.0,24,6,1,5
SLC6A5,ESM-2 650M + ESM-1b 650M,2,0.7000000000000001,0.9814814814814816,1.0,24,6,1,5
SLC6A5,ESM-2 650M + ESM-1b 650M,3,0.7000000000000001,1.0,1.0,24,6,1,5
SLC6A5,ESM-2 650M + ESM-1b 650M,4,0.7000000000000001,0.9894736842105264,1.0,24,6,2,4
SLC6A5,ESM-2 650M + ESM-1b 650M,5,0.0,0.9894736842105264,0.875,24,6,2,4
SLC6A5,ESM-2 650M + CaLM,1,0.17,1.0,1.0,24,6,1,5
SLC6A5,ESM-2 650M + CaLM,2,0.17,0.9814814814814816,1.0,24,6,1,5
SLC6A5,ESM-2 650M + CaLM,3,0.0,0.9814814814814816,1.0,24,6,1,5
SLC6A5,ESM-2 650M + CaLM,4,0.17,0.9894736842105264,1.0,24,6,2,4
SLC6A5,ESM-2 650M + CaLM,5,0.08,0.9894736842105264,1.0,24,6,2,4
SLC6A5,ESM-2 150M + CaLM,1,0.55,0.9722222222222222,1.0,24,6,1,5
SLC6A5,ESM-2 150M + CaLM,2,0.55,0.9814814814814816,1.0,24,6,1,5
SLC6A5,ESM-2 150M + CaLM,3,0.0,1.0,0.8,24,6,1,5
SLC6A5,ESM-2 150M + CaLM,4,0.55,0.9894736842105264,1.0,24,6,2,4
SLC6A5,ESM-2 150M + CaLM,5,0.55,0.968421052631579,1.0,24,6,2,4
SLC6A5,ESM-1b 650M + CaLM,1,0.23,1.0,1.0,24,6,1,5
SLC6A5,ESM-1b 650M + CaLM,2,0.23,0.9907407407407408,1.0,24,6,1,5
SLC6A5,ESM-1b 650M + CaLM,3,0.23,0.9814814814814816,1.0,24,6,1,5
SLC6A5,ESM-1b 650M + CaLM,4,0.0,0.9894736842105264,0.875,24,6,2,4
SLC6A5,ESM-1b 650M + CaLM,5,0.23,0.9789473684210528,1.0,24,6,2,4
SLC6A8,ESM-2 150M + 650M,1,0.28,0.9414285714285714,0.9583333333333334,53,14,6,8
SLC6A8,ESM-2 150M + 650M,2,0.42,0.9468390804597702,1.0,53,14,7,7
SLC6A8,ESM-2 150M + 650M,3,0.68,0.9517241379310344,0.9523809523809524,54,13,6,7
SLC6A8,ESM-2 150M + 650M,4,0.4,0.9613793103448276,0.9047619047619048,54,13,6,7
SLC6A8,ESM-2 150M + 650M,5,0.42,0.973793103448276,0.8571428571428571,54,13,6,7
SLC6A8,ESM-2 650M + ESM-1b 650M,1,0.6,0.9914285714285714,1.0,53,14,6,8
SLC6A8,ESM-2 650M + ESM-1b 650M,2,0.63,0.9956896551724138,0.979591836734694,53,14,7,7
SLC6A8,ESM-2 650M + ESM-1b 650M,3,0.88,0.9917241379310344,0.9523809523809524,54,13,6,7
SLC6A8,ESM-2 650M + ESM-1b 650M,4,0.6,0.983448275862069,1.0,54,13,6,7
SLC6A8,ESM-2 650M + ESM-1b 650M,5,0.63,0.9848275862068966,1.0,54,13,6,7
SLC6A8,ESM-2 650M + CaLM,1,0.5700000000000001,0.9642857142857144,1.0,53,14,6,8
SLC6A8,ESM-2 650M + CaLM,2,0.76,0.9741379310344828,0.9387755102040816,53,14,7,7
SLC6A8,ESM-2 650M + CaLM,3,0.45,0.953103448275862,1.0,54,13,6,7
SLC6A8,ESM-2 650M + CaLM,4,0.45,0.986206896551724,0.8333333333333334,54,13,6,7
SLC6A8,ESM-2 650M + CaLM,5,0.73,0.9682758620689657,1.0,54,13,6,7
SLC6A8,ESM-2 150M + CaLM,1,0.5700000000000001,0.9828571428571428,0.9166666666666666,53,14,6,8
SLC6A8,ESM-2 150M + CaLM,2,0.4,0.9727011494252874,0.979591836734694,53,14,7,7
SLC6A8,ESM-2 150M + CaLM,3,0.65,0.9793103448275862,0.9285714285714286,54,13,6,7
SLC6A8,ESM-2 150M + CaLM,4,0.5700000000000001,0.9613793103448276,1.0,54,13,6,7
SLC6A8,ESM-2 150M + CaLM,5,0.5700000000000001,0.9655172413793104,1.0,54,13,6,7
SLC6A8,ESM-1b 650M + CaLM,1,0.23,0.9928571428571428,0.9583333333333334,53,14,6,8
SLC6A8,ESM-1b 650M + CaLM,2,0.49,1.0,0.9591836734693876,53,14,7,7
SLC6A8,ESM-1b 650M + CaLM,3,0.31,0.9889655172413792,1.0,54,13,6,7
SLC6A8,ESM-1b 650M + CaLM,4,0.49,0.9889655172413792,1.0,54,13,6,7
SLC6A8,ESM-1b 650M + CaLM,5,0.49,0.9889655172413792,1.0,54,13,6,7
SLC9A6,ESM-2 150M + 650M,1,0.0,0.92,1.0,15,4,1,3
SLC9A6,ESM-2 150M + 650M,2,0.0,0.94,1.0,15,4,1,3
SLC9A6,ESM-2 150M + 650M,3,0.6900000000000001,0.94,1.0,15,4,1,3
SLC9A6,ESM-2 150M + 650M,4,0.6900000000000001,1.0,0.75,15,4,2,2
SLC9A6,ESM-2 150M + 650M,5,0.0,0.9272727272727272,1.0,16,3,1,2
SLC9A6,ESM-2 650M + ESM-1b 650M,1,0.0,0.94,1.0,15,4,1,3
SLC9A6,ESM-2 650M + ESM-1b 650M,2,0.07,0.98,1.0,15,4,1,3
SLC9A6,ESM-2 650M + ESM-1b 650M,3,0.07,0.96,1.0,15,4,1,3
SLC9A6,ESM-2 650M + ESM-1b 650M,4,0.0,1.0,1.0,15,4,2,2
SLC9A6,ESM-2 650M + ESM-1b 650M,5,0.07,0.9454545454545454,1.0,16,3,1,2
SLC9A6,ESM-2 650M + CaLM,1,0.0,0.92,1.0,15,4,1,3
SLC9A6,ESM-2 650M + CaLM,2,0.0,0.94,1.0,15,4,1,3
SLC9A6,ESM-2 650M + CaLM,3,0.0,0.94,1.0,15,4,1,3
SLC9A6,ESM-2 650M + CaLM,4,0.0,1.0,1.0,15,4,2,2
SLC9A6,ESM-2 650M + CaLM,5,0.0,0.9090909090909092,1.0,16,3,1,2
SLC9A6,ESM-2 150M + CaLM,1,0.0,0.92,1.0,15,4,1,3
SLC9A6,ESM-2 150M + CaLM,2,0.0,0.96,1.0,15,4,1,3
SLC9A6,ESM-2 150M + CaLM,3,0.0,0.92,1.0,15,4,1,3
SLC9A6,ESM-2 150M + CaLM,4,0.0,0.9090909090909092,1.0,15,4,2,2
SLC9A6,ESM-2 150M + CaLM,5,0.0,0.9818181818181818,1.0,16,3,1,2
SLC9A6,ESM-1b 650M + CaLM,1,0.48,0.84,1.0,15,4,1,3
SLC9A6,ESM-1b 650M + CaLM,2,0.48,0.84,1.0,15,4,1,3
SLC9A6,ESM-1b 650M + CaLM,3,0.0,1.0,0.0,15,4,1,3
SLC9A6,ESM-1b 650M + CaLM,4,0.18,0.8636363636363636,1.0,15,4,2,2
SLC9A6,ESM-1b 650M + CaLM,5,0.48,0.8545454545454545,1.0,16,3,1,2
SLCO2A1,ESM-2 150M + 650M,1,0.0,1.0,1.0,12,4,2,2
SLCO2A1,ESM-2 150M + 650M,2,0.0,1.0,1.0,13,3,1,2
SLCO2A1,ESM-2 150M + 650M,3,0.0,1.0,1.0,13,3,1,2
SLCO2A1,ESM-2 150M + 650M,4,0.0,1.0,1.0,13,3,1,2
SLCO2A1,ESM-2 150M + 650M,5,0.0,1.0,1.0,13,3,1,2
SLCO2A1,ESM-2 650M + ESM-1b 650M,1,0.0,1.0,1.0,12,4,2,2
SLCO2A1,ESM-2 650M + ESM-1b 650M,2,0.0,1.0,1.0,13,3,1,2
SLCO2A1,ESM-2 650M + ESM-1b 650M,3,0.0,1.0,1.0,13,3,1,2
SLCO2A1,ESM-2 650M + ESM-1b 650M,4,0.0,1.0,1.0,13,3,1,2
SLCO2A1,ESM-2 650M + ESM-1b 650M,5,0.0,1.0,1.0,13,3,1,2
SLCO2A1,ESM-2 650M + CaLM,1,0.0,1.0,1.0,12,4,2,2
SLCO2A1,ESM-2 650M + CaLM,2,0.0,1.0,1.0,13,3,1,2
SLCO2A1,ESM-2 650M + CaLM,3,0.0,1.0,1.0,13,3,1,2
SLCO2A1,ESM-2 650M + CaLM,4,0.0,1.0,1.0,13,3,1,2
SLCO2A1,ESM-2 650M + CaLM,5,0.0,1.0,1.0,13,3,1,2
SLCO2A1,ESM-2 150M + CaLM,1,0.0,1.0,1.0,12,4,2,2
SLCO2A1,ESM-2 150M + CaLM,2,0.0,1.0,1.0,13,3,1,2
SLCO2A1,ESM-2 150M + CaLM,3,0.0,1.0,1.0,13,3,1,2
SLCO2A1,ESM-2 150M + CaLM,4,0.0,1.0,1.0,13,3,1,2
SLCO2A1,ESM-2 150M + CaLM,5,0.0,1.0,1.0,13,3,1,2
SLCO2A1,ESM-1b 650M + CaLM,1,0.0,1.0,1.0,12,4,2,2
SLCO2A1,ESM-1b 650M + CaLM,2,0.0,1.0,1.0,13,3,1,2
SLCO2A1,ESM-1b 650M + CaLM,3,0.0,1.0,1.0,13,3,1,2
SLCO2A1,ESM-1b 650M + CaLM,4,0.0,1.0,1.0,13,3,1,2
SLCO2A1,ESM-1b 650M + CaLM,5,0.0,1.0,1.0,13,3,1,2
SMARCAL1,ESM-2 150M + 650M,1,0.5700000000000001,1.0,1.0,17,5,2,3
SMARCAL1,ESM-2 150M + 650M,2,0.39,1.0,1.0,17,5,2,3
SMARCAL1,ESM-2 150M + 650M,3,0.5700000000000001,1.0,1.0,18,4,1,3
SMARCAL1,ESM-2 150M + 650M,4,0.5700000000000001,1.0,1.0,18,4,2,2
SMARCAL1,ESM-2 150M + 650M,5,0.0,1.0,0.75,18,4,2,2
SMARCAL1,ESM-2 650M + ESM-1b 650M,1,0.0,1.0,1.0,17,5,2,3
SMARCAL1,ESM-2 650M + ESM-1b 650M,2,0.0,1.0,1.0,17,5,2,3
SMARCAL1,ESM-2 650M + ESM-1b 650M,3,0.0,1.0,1.0,18,4,1,3
SMARCAL1,ESM-2 650M + ESM-1b 650M,4,0.0,1.0,1.0,18,4,2,2
SMARCAL1,ESM-2 650M + ESM-1b 650M,5,0.0,1.0,1.0,18,4,2,2
SMARCAL1,ESM-2 650M + CaLM,1,0.0,1.0,1.0,17,5,2,3
SMARCAL1,ESM-2 650M + CaLM,2,0.0,1.0,1.0,17,5,2,3
SMARCAL1,ESM-2 650M + CaLM,3,0.0,1.0,1.0,18,4,1,3
SMARCAL1,ESM-2 650M + CaLM,4,0.0,1.0,1.0,18,4,2,2
SMARCAL1,ESM-2 650M + CaLM,5,0.0,1.0,1.0,18,4,2,2
SMARCAL1,ESM-2 150M + CaLM,1,1.0,0.9857142857142858,1.0,17,5,2,3
SMARCAL1,ESM-2 150M + CaLM,2,0.0,1.0,0.8333333333333334,17,5,2,3
SMARCAL1,ESM-2 150M + CaLM,3,0.37,0.975,1.0,18,4,1,3
SMARCAL1,ESM-2 150M + CaLM,4,0.37,0.987012987012987,1.0,18,4,2,2
SMARCAL1,ESM-2 150M + CaLM,5,1.0,1.0,1.0,18,4,2,2
SMARCAL1,ESM-1b 650M + CaLM,1,0.0,1.0,1.0,17,5,2,3
SMARCAL1,ESM-1b 650M + CaLM,2,0.0,1.0,1.0,17,5,2,3
SMARCAL1,ESM-1b 650M + CaLM,3,0.0,1.0,1.0,18,4,1,3
SMARCAL1,ESM-1b 650M + CaLM,4,0.0,1.0,1.0,18,4,2,2
SMARCAL1,ESM-1b 650M + CaLM,5,0.0,1.0,1.0,18,4,2,2
SMPD1,ESM-2 150M + 650M,1,0.04,0.9743589743589745,0.868421052631579,82,21,19,2
SMPD1,ESM-2 150M + 650M,2,0.67,0.9584415584415584,1.0,82,21,20,1
SMPD1,ESM-2 150M + 650M,3,0.67,0.9584415584415584,1.0,82,21,20,1
SMPD1,ESM-2 150M + 650M,4,0.67,0.9923076923076924,0.7894736842105263,83,20,19,1
SMPD1,ESM-2 150M + 650M,5,0.67,0.9692307692307692,1.0,83,20,19,1
SMPD1,ESM-2 650M + ESM-1b 650M,1,0.84,0.939102564102564,0.9736842105263158,82,21,19,2
SMPD1,ESM-2 650M + ESM-1b 650M,2,0.23,0.9506493506493506,1.0,82,21,20,1
SMPD1,ESM-2 650M + ESM-1b 650M,3,0.47,0.961038961038961,0.95,82,21,20,1
SMPD1,ESM-2 650M + ESM-1b 650M,4,0.47,0.9512820512820512,1.0,83,20,19,1
SMPD1,ESM-2 650M + ESM-1b 650M,5,0.0,0.9923076923076924,0.6842105263157895,83,20,19,1
SMPD1,ESM-2 650M + CaLM,1,0.0,0.9903846153846154,0.868421052631579,82,21,19,2
SMPD1,ESM-2 650M + CaLM,2,0.5,0.9636363636363636,1.0,82,21,20,1
SMPD1,ESM-2 650M + CaLM,3,0.26,0.961038961038961,1.0,82,21,20,1
SMPD1,ESM-2 650M + CaLM,4,0.26,0.9666666666666668,1.0,83,20,19,1
SMPD1,ESM-2 650M + CaLM,5,0.26,0.964102564102564,1.0,83,20,19,1
SMPD1,ESM-2 150M + CaLM,1,0.0,0.9871794871794872,0.8947368421052632,82,21,19,2
SMPD1,ESM-2 150M + CaLM,2,0.22,0.9662337662337662,0.9,82,21,20,1
SMPD1,ESM-2 150M + CaLM,3,0.08,0.9428571428571428,1.0,82,21,20,1
SMPD1,ESM-2 150M + CaLM,4,0.08,0.9487179487179488,1.0,83,20,19,1
SMPD1,ESM-2 150M + CaLM,5,0.08,0.9435897435897436,1.0,83,20,19,1
SMPD1,ESM-1b 650M + CaLM,1,0.18,0.939102564102564,1.0,82,21,19,2
SMPD1,ESM-1b 650M + CaLM,2,0.19,0.9558441558441558,1.0,82,21,20,1
SMPD1,ESM-1b 650M + CaLM,3,0.19,0.948051948051948,1.0,82,21,20,1
SMPD1,ESM-1b 650M + CaLM,4,0.0,0.9794871794871794,0.6842105263157895,83,20,19,1
SMPD1,ESM-1b 650M + CaLM,5,0.19,0.9384615384615383,1.0,83,20,19,1
SNAP25,ESM-2 150M + 650M,1,0.88,0.9642857142857144,0.8333333333333334,20,5,3,2
SNAP25,ESM-2 150M + 650M,2,0.99,0.9404761904761904,1.0,20,5,3,2
SNAP25,ESM-2 150M + 650M,3,0.99,0.9166666666666666,1.0,20,5,3,2
SNAP25,ESM-2 150M + 650M,4,0.42,0.989010989010989,0.25,20,5,4,1
SNAP25,ESM-2 150M + 650M,5,0.99,0.9230769230769232,1.0,20,5,4,1
SNAP25,ESM-2 650M + ESM-1b 650M,1,0.0,0.9642857142857144,0.8333333333333334,20,5,3,2
SNAP25,ESM-2 650M + ESM-1b 650M,2,0.16,0.988095238095238,1.0,20,5,3,2
SNAP25,ESM-2 650M + ESM-1b 650M,3,0.0,0.9642857142857144,1.0,20,5,3,2
SNAP25,ESM-2 650M + ESM-1b 650M,4,0.16,0.934065934065934,1.0,20,5,4,1
SNAP25,ESM-2 650M + ESM-1b 650M,5,0.12,0.956043956043956,1.0,20,5,4,1
SNAP25,ESM-2 650M + CaLM,1,0.14,1.0,1.0,20,5,3,2
SNAP25,ESM-2 650M + CaLM,2,0.08,1.0,1.0,20,5,3,2
SNAP25,ESM-2 650M + CaLM,3,0.14,1.0,1.0,20,5,3,2
SNAP25,ESM-2 650M + CaLM,4,0.11,1.0,1.0,20,5,4,1
SNAP25,ESM-2 650M + CaLM,5,0.14,1.0,1.0,20,5,4,1
SNAP25,ESM-2 150M + CaLM,1,0.55,0.9404761904761904,1.0,20,5,3,2
SNAP25,ESM-2 150M + CaLM,2,0.53,0.9523809523809524,1.0,20,5,3,2
SNAP25,ESM-2 150M + CaLM,3,0.55,0.9761904761904762,1.0,20,5,3,2
SNAP25,ESM-2 150M + CaLM,4,0.77,0.967032967032967,0.75,20,5,4,1
SNAP25,ESM-2 150M + CaLM,5,0.53,0.967032967032967,1.0,20,5,4,1
SNAP25,ESM-1b 650M + CaLM,1,0.49,0.9642857142857144,1.0,20,5,3,2
SNAP25,ESM-1b 650M + CaLM,2,0.13,0.988095238095238,0.8333333333333334,20,5,3,2
SNAP25,ESM-1b 650M + CaLM,3,0.49,0.9642857142857144,1.0,20,5,3,2
SNAP25,ESM-1b 650M + CaLM,4,0.49,0.967032967032967,1.0,20,5,4,1
SNAP25,ESM-1b 650M + CaLM,5,0.49,1.0,0.75,20,5,4,1
SOX10,ESM-2 150M + 650M,1,0.56,0.95,1.0,27,7,4,3
SOX10,ESM-2 150M + 650M,2,0.56,0.9722222222222222,0.9166666666666666,27,7,4,3
SOX10,ESM-2 150M + 650M,3,0.66,0.9833333333333332,0.9166666666666666,27,7,4,3
SOX10,ESM-2 150M + 650M,4,0.66,0.9555555555555556,1.0,27,7,4,3
SOX10,ESM-2 150M + 650M,5,0.66,0.9635416666666666,1.0,28,6,3,3
SOX10,ESM-2 650M + ESM-1b 650M,1,0.6900000000000001,1.0,1.0,27,7,4,3
SOX10,ESM-2 650M + ESM-1b 650M,2,0.28,1.0,0.9166666666666666,27,7,4,3
SOX10,ESM-2 650M + ESM-1b 650M,3,0.6900000000000001,1.0,1.0,27,7,4,3
SOX10,ESM-2 650M + ESM-1b 650M,4,0.6,1.0,1.0,27,7,4,3
SOX10,ESM-2 650M + ESM-1b 650M,5,0.6900000000000001,1.0,1.0,28,6,3,3
SOX10,ESM-2 650M + CaLM,1,0.66,0.9833333333333332,1.0,27,7,4,3
SOX10,ESM-2 650M + CaLM,2,0.08,0.9888888888888888,0.9166666666666666,27,7,4,3
SOX10,ESM-2 650M + CaLM,3,0.15,0.9833333333333332,1.0,27,7,4,3
SOX10,ESM-2 650M + CaLM,4,0.63,1.0,0.9166666666666666,27,7,4,3
SOX10,ESM-2 650M + CaLM,5,0.66,0.9947916666666666,1.0,28,6,3,3
SOX10,ESM-2 150M + CaLM,1,0.52,0.9888888888888888,1.0,27,7,4,3
SOX10,ESM-2 150M + CaLM,2,0.52,0.9944444444444444,1.0,27,7,4,3
SOX10,ESM-2 150M + CaLM,3,0.52,1.0,1.0,27,7,4,3
SOX10,ESM-2 150M + CaLM,4,0.64,1.0,0.9166666666666666,27,7,4,3
SOX10,ESM-2 150M + CaLM,5,0.52,0.9895833333333334,1.0,28,6,3,3
SOX10,ESM-1b 650M + CaLM,1,0.15,0.9944444444444444,1.0,27,7,4,3
SOX10,ESM-1b 650M + CaLM,2,0.15,0.9944444444444444,1.0,27,7,4,3
SOX10,ESM-1b 650M + CaLM,3,0.06,1.0,1.0,27,7,4,3
SOX10,ESM-1b 650M + CaLM,4,0.15,0.9944444444444444,1.0,27,7,4,3
SOX10,ESM-1b 650M + CaLM,5,0.0,1.0,1.0,28,6,3,3
SOX11,ESM-2 150M + 650M,1,0.7000000000000001,0.9523809523809524,0.9722222222222222,50,13,9,4
SOX11,ESM-2 150M + 650M,2,0.11,0.9485714285714286,1.0,50,13,9,4
SOX11,ESM-2 150M + 650M,3,0.7000000000000001,0.958095238095238,1.0,50,13,9,4
SOX11,ESM-2 150M + 650M,4,0.12,0.9648148148148148,0.9375,51,12,8,4
SOX11,ESM-2 150M + 650M,5,0.61,0.9607142857142856,0.925925925925926,51,12,9,3
SOX11,ESM-2 650M + ESM-1b 650M,1,0.58,1.0,0.8888888888888888,50,13,9,4
SOX11,ESM-2 650M + ESM-1b 650M,2,0.38,0.9809523809523808,0.9722222222222222,50,13,9,4
SOX11,ESM-2 650M + ESM-1b 650M,3,0.43,0.9771428571428572,1.0,50,13,9,4
SOX11,ESM-2 650M + ESM-1b 650M,4,0.43,0.9796296296296296,1.0,51,12,8,4
SOX11,ESM-2 650M + ESM-1b 650M,5,0.43,0.9785714285714284,1.0,51,12,9,3
SOX11,ESM-2 650M + CaLM,1,0.0,0.956190476190476,0.9444444444444444,50,13,9,4
SOX11,ESM-2 650M + CaLM,2,0.09,0.9447619047619048,1.0,50,13,9,4
SOX11,ESM-2 650M + CaLM,3,0.07,0.9466666666666668,1.0,50,13,9,4
SOX11,ESM-2 650M + CaLM,4,0.88,0.9629629629629628,0.84375,51,12,8,4
SOX11,ESM-2 650M + CaLM,5,0.09,0.9714285714285714,0.925925925925926,51,12,9,3
SOX11,ESM-2 150M + CaLM,1,0.06,0.940952380952381,1.0,50,13,9,4
SOX11,ESM-2 150M + CaLM,2,0.18,0.958095238095238,0.9444444444444444,50,13,9,4
SOX11,ESM-2 150M + CaLM,3,0.04,0.961904761904762,0.9166666666666666,50,13,9,4
SOX11,ESM-2 150M + CaLM,4,0.8200000000000001,0.974074074074074,0.84375,51,12,8,4
SOX11,ESM-2 150M + CaLM,5,0.18,0.9553571428571428,1.0,51,12,9,3
SOX11,ESM-1b 650M + CaLM,1,0.11,0.9809523809523808,1.0,50,13,9,4
SOX11,ESM-1b 650M + CaLM,2,0.35,0.979047619047619,1.0,50,13,9,4
SOX11,ESM-1b 650M + CaLM,3,0.11,0.9809523809523808,1.0,50,13,9,4
SOX11,ESM-1b 650M + CaLM,4,0.11,0.9814814814814816,1.0,51,12,8,4
SOX11,ESM-1b 650M + CaLM,5,0.0,1.0,0.9629629629629628,51,12,9,3
SOX2,ESM-2 150M + 650M,1,0.0,1.0,1.0,15,4,2,2
SOX2,ESM-2 150M + 650M,2,0.0,1.0,1.0,15,4,2,2
SOX2,ESM-2 150M + 650M,3,0.0,1.0,1.0,15,4,2,2
SOX2,ESM-2 150M + 650M,4,0.0,1.0,1.0,15,4,2,2
SOX2,ESM-2 150M + 650M,5,0.0,1.0,1.0,16,3,2,1
SOX2,ESM-2 650M + ESM-1b 650M,1,0.0,1.0,1.0,15,4,2,2
SOX2,ESM-2 650M + ESM-1b 650M,2,0.0,1.0,1.0,15,4,2,2
SOX2,ESM-2 650M + ESM-1b 650M,3,0.0,1.0,1.0,15,4,2,2
SOX2,ESM-2 650M + ESM-1b 650M,4,0.0,1.0,1.0,15,4,2,2
SOX2,ESM-2 650M + ESM-1b 650M,5,0.0,1.0,1.0,16,3,2,1
SOX2,ESM-2 650M + CaLM,1,0.0,1.0,1.0,15,4,2,2
SOX2,ESM-2 650M + CaLM,2,0.0,1.0,1.0,15,4,2,2
SOX2,ESM-2 650M + CaLM,3,0.0,1.0,1.0,15,4,2,2
SOX2,ESM-2 650M + CaLM,4,0.0,1.0,1.0,15,4,2,2
SOX2,ESM-2 650M + CaLM,5,0.0,1.0,1.0,16,3,2,1
SOX2,ESM-2 150M + CaLM,1,0.0,1.0,1.0,15,4,2,2
SOX2,ESM-2 150M + CaLM,2,0.0,1.0,1.0,15,4,2,2
SOX2,ESM-2 150M + CaLM,3,0.0,1.0,1.0,15,4,2,2
SOX2,ESM-2 150M + CaLM,4,0.0,1.0,1.0,15,4,2,2
SOX2,ESM-2 150M + CaLM,5,0.0,1.0,1.0,16,3,2,1
SOX2,ESM-1b 650M + CaLM,1,0.0,1.0,1.0,15,4,2,2
SOX2,ESM-1b 650M + CaLM,2,0.0,1.0,1.0,15,4,2,2
SOX2,ESM-1b 650M + CaLM,3,0.0,1.0,1.0,15,4,2,2
SOX2,ESM-1b 650M + CaLM,4,0.0,1.0,1.0,15,4,2,2
SOX2,ESM-1b 650M + CaLM,5,0.0,1.0,1.0,16,3,2,1
SOX5,ESM-2 150M + 650M,1,0.18,0.905982905982906,1.0,22,6,3,3
SOX5,ESM-2 150M + 650M,2,0.18,0.9743589743589745,0.6666666666666666,22,6,3,3
SOX5,ESM-2 150M + 650M,3,0.32,0.9416666666666668,1.0,22,6,4,2
SOX5,ESM-2 150M + 650M,4,0.32,0.9076923076923076,1.0,23,5,3,2
SOX5,ESM-2 150M + 650M,5,0.32,0.9076923076923076,1.0,23,5,3,2
SOX5,ESM-2 650M + ESM-1b 650M,1,0.68,0.8888888888888888,1.0,22,6,3,3
SOX5,ESM-2 650M + ESM-1b 650M,2,0.42,1.0,0.6666666666666666,22,6,3,3
SOX5,ESM-2 650M + ESM-1b 650M,3,0.03,0.9083333333333332,0.75,22,6,4,2
SOX5,ESM-2 650M + ESM-1b 650M,4,0.9,0.9076923076923076,1.0,23,5,3,2
SOX5,ESM-2 650M + ESM-1b 650M,5,0.68,0.9076923076923076,1.0,23,5,3,2
SOX5,ESM-2 650M + CaLM,1,0.9,0.9658119658119658,0.8888888888888888,22,6,3,3
SOX5,ESM-2 650M + CaLM,2,0.9,0.9572649572649572,1.0,22,6,3,3
SOX5,ESM-2 650M + CaLM,3,0.9,0.9416666666666668,1.0,22,6,4,2
SOX5,ESM-2 650M + CaLM,4,0.67,0.9923076923076924,0.6666666666666666,23,5,3,2
SOX5,ESM-2 650M + CaLM,5,0.74,0.946153846153846,1.0,23,5,3,2
SOX5,ESM-2 150M + CaLM,1,0.64,1.0,0.8888888888888888,22,6,3,3
SOX5,ESM-2 150M + CaLM,2,0.88,0.9658119658119658,1.0,22,6,3,3
SOX5,ESM-2 150M + CaLM,3,0.62,0.975,1.0,22,6,4,2
SOX5,ESM-2 150M + CaLM,4,0.64,0.9615384615384616,1.0,23,5,3,2
SOX5,ESM-2 150M + CaLM,5,0.43,0.9846153846153848,0.8333333333333334,23,5,3,2
SOX5,ESM-1b 650M + CaLM,1,1.0,0.9658119658119658,1.0,22,6,3,3
SOX5,ESM-1b 650M + CaLM,2,1.0,0.9572649572649572,1.0,22,6,3,3
SOX5,ESM-1b 650M + CaLM,3,0.89,0.9416666666666668,1.0,22,6,4,2
SOX5,ESM-1b 650M + CaLM,4,0.61,1.0,0.6666666666666666,23,5,3,2
SOX5,ESM-1b 650M + CaLM,5,1.0,0.953846153846154,1.0,23,5,3,2
SOX6,ESM-2 150M + 650M,1,0.0,0.5454545454545454,0.5,16,5,2,3
SOX6,ESM-2 150M + 650M,2,0.46,0.5606060606060606,1.0,17,4,1,3
SOX6,ESM-2 150M + 650M,3,0.4,0.6515151515151515,0.3333333333333333,17,4,1,3
SOX6,ESM-2 150M + 650M,4,0.46,0.5303030303030303,1.0,17,4,1,3
SOX6,ESM-2 150M + 650M,5,0.52,0.8,0.25,17,4,2,2
SOX6,ESM-2 650M + ESM-1b 650M,1,0.09,0.6181818181818182,0.5,16,5,2,3
SOX6,ESM-2 650M + ESM-1b 650M,2,0.56,0.6666666666666666,1.0,17,4,1,3
SOX6,ESM-2 650M + ESM-1b 650M,3,0.56,0.8484848484848485,0.0,17,4,1,3
SOX6,ESM-2 650M + ESM-1b 650M,4,0.35,0.8181818181818182,0.0,17,4,1,3
SOX6,ESM-2 650M + ESM-1b 650M,5,0.56,0.6166666666666667,1.0,17,4,2,2
SOX6,ESM-2 650M + CaLM,1,0.91,0.7454545454545455,0.0,16,5,2,3
SOX6,ESM-2 650M + CaLM,2,0.89,0.5151515151515151,1.0,17,4,1,3
SOX6,ESM-2 650M + CaLM,3,0.0,0.6818181818181818,0.0,17,4,1,3
SOX6,ESM-2 650M + CaLM,4,0.0,0.5303030303030303,1.0,17,4,1,3
SOX6,ESM-2 650M + CaLM,5,0.0,0.5833333333333334,0.75,17,4,2,2
SOX6,ESM-2 150M + CaLM,1,0.84,0.6363636363636364,0.5,16,5,2,3
SOX6,ESM-2 150M + CaLM,2,0.84,0.6515151515151515,0.0,17,4,1,3
SOX6,ESM-2 150M + CaLM,3,0.0,0.6363636363636364,0.0,17,4,1,3
SOX6,ESM-2 150M + CaLM,4,0.84,0.5909090909090909,0.6666666666666666,17,4,1,3
SOX6,ESM-2 150M + CaLM,5,0.92,0.4333333333333333,1.0,17,4,2,2
SOX6,ESM-1b 650M + CaLM,1,0.0,0.6181818181818182,1.0,16,5,2,3
SOX6,ESM-1b 650M + CaLM,2,0.2,0.696969696969697,1.0,17,4,1,3
SOX6,ESM-1b 650M + CaLM,3,0.5,0.6818181818181818,1.0,17,4,1,3
SOX6,ESM-1b 650M + CaLM,4,0.17,0.696969696969697,1.0,17,4,1,3
SOX6,ESM-1b 650M + CaLM,5,0.2,0.9833333333333332,0.0,17,4,2,2
SOX9,ESM-2 150M + 650M,1,0.0,0.9222222222222224,0.875,39,10,6,4
SOX9,ESM-2 150M + 650M,2,0.12,0.9111111111111112,0.875,39,10,6,4
SOX9,ESM-2 150M + 650M,3,0.12,0.9166666666666666,0.875,39,10,6,4
SOX9,ESM-2 150M + 650M,4,0.06,0.8944444444444445,1.0,39,10,6,4
SOX9,ESM-2 150M + 650M,5,0.05,0.9166666666666666,0.8888888888888888,40,9,6,3
SOX9,ESM-2 650M + ESM-1b 650M,1,0.3,0.9888888888888888,0.9166666666666666,39,10,6,4
SOX9,ESM-2 650M + ESM-1b 650M,2,0.3,0.9527777777777776,1.0,39,10,6,4
SOX9,ESM-2 650M + ESM-1b 650M,3,0.3,0.9694444444444444,1.0,39,10,6,4
SOX9,ESM-2 650M + ESM-1b 650M,4,0.21,0.9638888888888888,0.9583333333333334,39,10,6,4
SOX9,ESM-2 650M + ESM-1b 650M,5,0.29,0.9713541666666666,0.9444444444444444,40,9,6,3
SOX9,ESM-2 650M + CaLM,1,0.8,0.9972222222222222,1.0,39,10,6,4
SOX9,ESM-2 650M + CaLM,2,0.74,1.0,0.9583333333333334,39,10,6,4
SOX9,ESM-2 650M + CaLM,3,0.8,0.9972222222222222,1.0,39,10,6,4
SOX9,ESM-2 650M + CaLM,4,0.8,0.9972222222222222,1.0,39,10,6,4
SOX9,ESM-2 650M + CaLM,5,0.8,1.0,1.0,40,9,6,3
SOX9,ESM-2 150M + CaLM,1,0.81,0.9972222222222222,1.0,39,10,6,4
SOX9,ESM-2 150M + CaLM,2,0.81,0.9972222222222222,1.0,39,10,6,4
SOX9,ESM-2 150M + CaLM,3,0.75,0.9972222222222222,1.0,39,10,6,4
SOX9,ESM-2 150M + CaLM,4,0.81,0.9972222222222222,1.0,39,10,6,4
SOX9,ESM-2 150M + CaLM,5,0.23,1.0,0.7777777777777778,40,9,6,3
SOX9,ESM-1b 650M + CaLM,1,0.72,0.9972222222222222,1.0,39,10,6,4
SOX9,ESM-1b 650M + CaLM,2,0.66,1.0,0.9583333333333334,39,10,6,4
SOX9,ESM-1b 650M + CaLM,3,0.67,0.9972222222222222,1.0,39,10,6,4
SOX9,ESM-1b 650M + CaLM,4,0.72,0.9972222222222222,1.0,39,10,6,4
SOX9,ESM-1b 650M + CaLM,5,0.72,0.9973958333333334,1.0,40,9,6,3
SPAST,ESM-2 150M + 650M,1,0.71,0.8896103896103896,0.9066666666666666,109,28,25,3
SPAST,ESM-2 150M + 650M,2,0.8,0.8923933209647495,0.92,109,28,25,3
SPAST,ESM-2 150M + 650M,3,0.71,0.8971533516988063,0.875,110,27,24,3
SPAST,ESM-2 150M + 650M,4,0.9,0.9182736455463728,0.8055555555555556,110,27,24,3
SPAST,ESM-2 150M + 650M,5,1.0,0.8954081632653061,0.88,110,27,25,2
SPAST,ESM-2 650M + ESM-1b 650M,1,0.95,0.9860853432282004,1.0,109,28,25,3
SPAST,ESM-2 650M + ESM-1b 650M,2,0.95,0.9916512059369202,0.9866666666666668,109,28,25,3
SPAST,ESM-2 650M + ESM-1b 650M,3,0.92,0.9862258953168044,1.0,110,27,24,3
SPAST,ESM-2 650M + ESM-1b 650M,4,0.92,0.9935720844811754,0.9583333333333334,110,27,24,3
SPAST,ESM-2 650M + ESM-1b 650M,5,0.95,0.9914965986394558,0.98,110,27,25,2
SPAST,ESM-2 650M + CaLM,1,0.86,0.9294990723562152,0.9733333333333334,109,28,25,3
SPAST,ESM-2 650M + CaLM,2,0.86,0.945269016697588,0.9066666666666666,109,28,25,3
SPAST,ESM-2 650M + CaLM,3,0.8300000000000001,0.9467401285583104,0.875,110,27,24,3
SPAST,ESM-2 650M + CaLM,4,0.86,0.9375573921028466,0.9444444444444444,110,27,24,3
SPAST,ESM-2 650M + CaLM,5,0.86,0.9285714285714286,1.0,110,27,25,2
SPAST,ESM-2 150M + CaLM,1,0.88,0.9406307977736548,0.9466666666666668,109,28,25,3
SPAST,ESM-2 150M + CaLM,2,0.91,0.9322820037105752,0.9333333333333332,109,28,25,3
SPAST,ESM-2 150M + CaLM,3,0.85,0.9439853076216712,0.8888888888888888,110,27,24,3
SPAST,ESM-2 150M + CaLM,4,0.94,0.91643709825528,1.0,110,27,24,3
SPAST,ESM-2 150M + CaLM,5,0.9,0.9430272108843536,0.92,110,27,25,2
SPAST,ESM-1b 650M + CaLM,1,0.11,0.9916512059369202,1.0,109,28,25,3
SPAST,ESM-1b 650M + CaLM,2,0.11,0.9888682745825604,1.0,109,28,25,3
SPAST,ESM-1b 650M + CaLM,3,0.0,1.0,1.0,110,27,24,3
SPAST,ESM-1b 650M + CaLM,4,0.11,0.9880624426078972,1.0,110,27,24,3
SPAST,ESM-1b 650M + CaLM,5,0.0,0.988095238095238,1.0,110,27,25,2
SPG7,ESM-2 150M + 650M,1,0.23,0.8717948717948718,1.0,19,5,3,2
SPG7,ESM-2 150M + 650M,2,0.73,0.9487179487179488,0.6666666666666666,19,5,3,2
SPG7,ESM-2 150M + 650M,3,0.23,0.9102564102564102,1.0,19,5,3,2
SPG7,ESM-2 150M + 650M,4,0.73,0.8928571428571429,1.0,19,5,4,1
SPG7,ESM-2 150M + 650M,5,0.23,0.967032967032967,0.6666666666666666,20,4,3,1
SPG7,ESM-2 650M + ESM-1b 650M,1,0.13,0.9871794871794872,0.6666666666666666,19,5,3,2
SPG7,ESM-2 650M + ESM-1b 650M,2,0.35,0.9871794871794872,1.0,19,5,3,2
SPG7,ESM-2 650M + ESM-1b 650M,3,0.35,1.0,1.0,19,5,3,2
SPG7,ESM-2 650M + ESM-1b 650M,4,0.34,1.0,1.0,19,5,4,1
SPG7,ESM-2 650M + ESM-1b 650M,5,0.35,0.989010989010989,1.0,20,4,3,1
SPG7,ESM-2 650M + CaLM,1,0.9,0.9743589743589745,1.0,19,5,3,2
SPG7,ESM-2 650M + CaLM,2,0.68,0.9743589743589745,1.0,19,5,3,2
SPG7,ESM-2 650M + CaLM,3,0.37,1.0,0.6666666666666666,19,5,3,2
SPG7,ESM-2 650M + CaLM,4,0.9,0.9761904761904762,1.0,19,5,4,1
SPG7,ESM-2 650M + CaLM,5,0.9,0.978021978021978,1.0,20,4,3,1
SPG7,ESM-2 150M + CaLM,1,0.99,0.9743589743589745,1.0,19,5,3,2
SPG7,ESM-2 150M + CaLM,2,0.99,1.0,1.0,19,5,3,2
SPG7,ESM-2 150M + CaLM,3,0.99,0.9743589743589745,1.0,19,5,3,2
SPG7,ESM-2 150M + CaLM,4,0.78,1.0,0.75,19,5,4,1
SPG7,ESM-2 150M + CaLM,5,0.99,0.978021978021978,1.0,20,4,3,1
SPG7,ESM-1b 650M + CaLM,1,0.08,1.0,1.0,19,5,3,2
SPG7,ESM-1b 650M + CaLM,2,0.0,1.0,1.0,19,5,3,2
SPG7,ESM-1b 650M + CaLM,3,0.48,1.0,1.0,19,5,3,2
SPG7,ESM-1b 650M + CaLM,4,0.48,1.0,1.0,19,5,4,1
SPG7,ESM-1b 650M + CaLM,5,0.48,1.0,1.0,20,4,3,1
SRD5A2,ESM-2 150M + 650M,1,0.08,0.9066666666666666,1.0,31,8,6,2
SRD5A2,ESM-2 150M + 650M,2,0.08,0.9066666666666666,1.0,31,8,6,2
SRD5A2,ESM-2 150M + 650M,3,0.08,0.9066666666666666,1.0,31,8,6,2
SRD5A2,ESM-2 150M + 650M,4,0.0,0.9285714285714286,1.0,31,8,7,1
SRD5A2,ESM-2 150M + 650M,5,0.05,0.9942857142857144,0.8333333333333334,32,7,6,1
SRD5A2,ESM-2 650M + ESM-1b 650M,1,0.89,0.92,1.0,31,8,6,2
SRD5A2,ESM-2 650M + ESM-1b 650M,2,0.89,0.92,1.0,31,8,6,2
SRD5A2,ESM-2 650M + ESM-1b 650M,3,0.72,1.0,0.5,31,8,6,2
SRD5A2,ESM-2 650M + ESM-1b 650M,4,0.73,0.9345238095238096,1.0,31,8,7,1
SRD5A2,ESM-2 650M + ESM-1b 650M,5,0.89,0.9142857142857144,1.0,32,7,6,1
SRD5A2,ESM-2 650M + CaLM,1,0.6,0.9333333333333332,0.75,31,8,6,2
SRD5A2,ESM-2 650M + CaLM,2,0.86,0.88,1.0,31,8,6,2
SRD5A2,ESM-2 650M + CaLM,3,0.61,0.94,0.6666666666666666,31,8,6,2
SRD5A2,ESM-2 650M + CaLM,4,0.76,0.875,1.0,31,8,7,1
SRD5A2,ESM-2 650M + CaLM,5,0.76,0.8971428571428571,1.0,32,7,6,1
SRD5A2,ESM-2 150M + CaLM,1,0.71,0.94,0.8333333333333334,31,8,6,2
SRD5A2,ESM-2 150M + CaLM,2,0.54,0.9333333333333332,1.0,31,8,6,2
SRD5A2,ESM-2 150M + CaLM,3,0.06,0.9933333333333332,0.75,31,8,6,2
SRD5A2,ESM-2 150M + CaLM,4,0.54,0.9464285714285714,0.8571428571428571,31,8,7,1
SRD5A2,ESM-2 150M + CaLM,5,0.06,0.9257142857142856,1.0,32,7,6,1
SRD5A2,ESM-1b 650M + CaLM,1,0.47,0.9466666666666668,1.0,31,8,6,2
SRD5A2,ESM-1b 650M + CaLM,2,0.47,0.94,1.0,31,8,6,2
SRD5A2,ESM-1b 650M + CaLM,3,0.0,0.9866666666666668,0.9166666666666666,31,8,6,2
SRD5A2,ESM-1b 650M + CaLM,4,0.1,0.9583333333333334,1.0,31,8,7,1
SRD5A2,ESM-1b 650M + CaLM,5,0.47,0.9485714285714286,1.0,32,7,6,1
STAT3,ESM-2 150M + 650M,1,0.23,0.937641723356009,0.6333333333333333,67,17,12,5
STAT3,ESM-2 150M + 650M,2,0.63,0.8650793650793651,1.0,67,17,12,5
STAT3,ESM-2 150M + 650M,3,0.38,0.8741496598639455,0.9666666666666668,67,17,12,5
STAT3,ESM-2 150M + 650M,4,0.71,0.8903508771929824,0.903846153846154,67,17,13,4
STAT3,ESM-2 150M + 650M,5,0.37,0.9087003222341568,0.8541666666666666,68,16,12,4
STAT3,ESM-2 650M + ESM-1b 650M,1,0.53,0.8877551020408163,1.0,67,17,12,5
STAT3,ESM-2 650M + ESM-1b 650M,2,0.23,0.9489795918367347,0.7,67,17,12,5
STAT3,ESM-2 650M + ESM-1b 650M,3,0.53,0.9217687074829932,0.8333333333333334,67,17,12,5
STAT3,ESM-2 650M + ESM-1b 650M,4,0.46,0.893640350877193,0.9615384615384616,67,17,13,4
STAT3,ESM-2 650M + ESM-1b 650M,5,0.51,0.8807733619763695,1.0,68,16,12,4
STAT3,ESM-2 650M + CaLM,1,0.09,0.8990929705215419,0.8333333333333334,67,17,12,5
STAT3,ESM-2 650M + CaLM,2,0.45,0.909297052154195,0.8333333333333334,67,17,12,5
STAT3,ESM-2 650M + CaLM,3,0.35,0.8809523809523809,0.9333333333333332,67,17,12,5
STAT3,ESM-2 650M + CaLM,4,0.09,0.9024122807017544,0.8269230769230769,67,17,13,4
STAT3,ESM-2 650M + CaLM,5,0.35,0.878625134264232,0.9375,68,16,12,4
STAT3,ESM-2 150M + CaLM,1,0.0,0.8922902494331065,0.6666666666666666,67,17,12,5
STAT3,ESM-2 150M + CaLM,2,0.21,0.8129251700680272,1.0,67,17,12,5
STAT3,ESM-2 150M + CaLM,3,0.26,0.8605442176870748,0.8166666666666667,67,17,12,5
STAT3,ESM-2 150M + CaLM,4,0.4,0.8695175438596491,0.6923076923076923,67,17,13,4
STAT3,ESM-2 150M + CaLM,5,0.32,0.8378088077336198,0.9166666666666666,68,16,12,4
STAT3,ESM-1b 650M + CaLM,1,0.58,0.8888888888888888,0.9666666666666668,67,17,12,5
STAT3,ESM-1b 650M + CaLM,2,0.53,0.8990929705215419,0.95,67,17,12,5
STAT3,ESM-1b 650M + CaLM,3,0.23,0.9036281179138322,0.8833333333333333,67,17,12,5
STAT3,ESM-1b 650M + CaLM,4,0.58,0.9298245614035088,0.8076923076923077,67,17,13,4
STAT3,ESM-1b 650M + CaLM,5,0.47,0.9065520945220192,0.9166666666666666,68,16,12,4
STIM1,ESM-2 150M + 650M,1,0.6900000000000001,0.975,1.0,18,5,3,2
STIM1,ESM-2 150M + 650M,2,0.63,1.0,0.8333333333333334,18,5,3,2
STIM1,ESM-2 150M + 650M,3,0.6900000000000001,0.975,1.0,18,5,3,2
STIM1,ESM-2 150M + 650M,4,0.6900000000000001,0.9772727272727272,1.0,19,4,2,2
STIM1,ESM-2 150M + 650M,5,0.6900000000000001,0.9659090909090908,1.0,19,4,2,2
STIM1,ESM-2 650M + ESM-1b 650M,1,0.0,1.0,1.0,18,5,3,2
STIM1,ESM-2 650M + ESM-1b 650M,2,0.02,1.0,1.0,18,5,3,2
STIM1,ESM-2 650M + ESM-1b 650M,3,0.19,1.0,1.0,18,5,3,2
STIM1,ESM-2 650M + ESM-1b 650M,4,0.19,1.0,1.0,19,4,2,2
STIM1,ESM-2 650M + ESM-1b 650M,5,0.19,1.0,1.0,19,4,2,2
STIM1,ESM-2 650M + CaLM,1,0.25,0.9875,1.0,18,5,3,2
STIM1,ESM-2 650M + CaLM,2,0.0,0.9875,1.0,18,5,3,2
STIM1,ESM-2 650M + CaLM,3,0.25,0.9875,1.0,18,5,3,2
STIM1,ESM-2 650M + CaLM,4,0.25,0.9886363636363636,1.0,19,4,2,2
STIM1,ESM-2 650M + CaLM,5,0.0,1.0,0.75,19,4,2,2
STIM1,ESM-2 150M + CaLM,1,0.27,0.8875,1.0,18,5,3,2
STIM1,ESM-2 150M + CaLM,2,0.27,0.9125,1.0,18,5,3,2
STIM1,ESM-2 150M + CaLM,3,0.05,0.9625,0.6666666666666666,18,5,3,2
STIM1,ESM-2 150M + CaLM,4,0.27,0.9090909090909092,1.0,19,4,2,2
STIM1,ESM-2 150M + CaLM,5,0.59,0.9772727272727272,0.5,19,4,2,2
STIM1,ESM-1b 650M + CaLM,1,0.49,0.9875,1.0,18,5,3,2
STIM1,ESM-1b 650M + CaLM,2,0.49,1.0,1.0,18,5,3,2
STIM1,ESM-1b 650M + CaLM,3,0.49,0.9875,1.0,18,5,3,2
STIM1,ESM-1b 650M + CaLM,4,0.49,0.9886363636363636,1.0,19,4,2,2
STIM1,ESM-1b 650M + CaLM,5,0.0,1.0,0.75,19,4,2,2
STING1,ESM-2 150M + 650M,1,0.5,0.5555555555555556,0.0,13,4,1,3
STING1,ESM-2 150M + 650M,2,0.5,0.3611111111111111,0.6666666666666666,13,4,1,3
STING1,ESM-2 150M + 650M,3,0.5,0.475,0.0,14,3,1,2
STING1,ESM-2 150M + 650M,4,0.0,0.3,0.5,14,3,1,2
STING1,ESM-2 150M + 650M,5,0.5,0.275,0.5,14,3,1,2
STING1,ESM-2 650M + ESM-1b 650M,1,0.0,0.5277777777777778,0.0,13,4,1,3
STING1,ESM-2 650M + ESM-1b 650M,2,0.31,0.25,0.6666666666666666,13,4,1,3
STING1,ESM-2 650M + ESM-1b 650M,3,0.0,0.275,0.5,14,3,1,2
STING1,ESM-2 650M + ESM-1b 650M,4,0.19,0.45,0.0,14,3,1,2
STING1,ESM-2 650M + ESM-1b 650M,5,0.19,0.375,0.5,14,3,1,2
STING1,ESM-2 650M + CaLM,1,0.75,0.4722222222222222,0.6666666666666666,13,4,1,3
STING1,ESM-2 650M + CaLM,2,0.65,0.5277777777777778,0.3333333333333333,13,4,1,3
STING1,ESM-2 650M + CaLM,3,0.94,0.5,0.5,14,3,1,2
STING1,ESM-2 650M + CaLM,4,0.67,0.525,0.5,14,3,1,2
STING1,ESM-2 650M + CaLM,5,0.37,0.525,0.0,14,3,1,2
STING1,ESM-2 150M + CaLM,1,0.75,0.4444444444444444,0.6666666666666666,13,4,1,3
STING1,ESM-2 150M + CaLM,2,0.94,0.5555555555555556,0.3333333333333333,13,4,1,3
STING1,ESM-2 150M + CaLM,3,0.94,0.6,0.0,14,3,1,2
STING1,ESM-2 150M + CaLM,4,0.36,0.5,0.0,14,3,1,2
STING1,ESM-2 150M + CaLM,5,0.41,0.475,0.5,14,3,1,2
STING1,ESM-1b 650M + CaLM,1,0.94,0.6111111111111112,0.0,13,4,1,3
STING1,ESM-1b 650M + CaLM,2,0.3,0.4722222222222222,0.0,13,4,1,3
STING1,ESM-1b 650M + CaLM,3,0.47,0.6,0.0,14,3,1,2
STING1,ESM-1b 650M + CaLM,4,0.47,0.325,1.0,14,3,1,2
STING1,ESM-1b 650M + CaLM,5,0.94,0.5,0.5,14,3,1,2
STK11,ESM-2 150M + 650M,1,0.0,1.0,1.0,26,7,6,1
STK11,ESM-2 150M + 650M,2,0.0,1.0,1.0,26,7,6,1
STK11,ESM-2 150M + 650M,3,0.0,1.0,1.0,26,7,6,1
STK11,ESM-2 150M + 650M,4,0.0,1.0,1.0,27,6,5,1
STK11,ESM-2 150M + 650M,5,0.0,1.0,1.0,27,6,5,1
STK11,ESM-2 650M + ESM-1b 650M,1,0.0,1.0,1.0,26,7,6,1
STK11,ESM-2 650M + ESM-1b 650M,2,0.0,0.9886363636363636,1.0,26,7,6,1
STK11,ESM-2 650M + ESM-1b 650M,3,0.0,1.0,1.0,26,7,6,1
STK11,ESM-2 650M + ESM-1b 650M,4,0.0,0.9891304347826086,1.0,27,6,5,1
STK11,ESM-2 650M + ESM-1b 650M,5,0.0,0.9891304347826086,1.0,27,6,5,1
STK11,ESM-2 650M + CaLM,1,0.27,1.0,1.0,26,7,6,1
STK11,ESM-2 650M + CaLM,2,0.27,1.0,1.0,26,7,6,1
STK11,ESM-2 650M + CaLM,3,0.0,1.0,1.0,26,7,6,1
STK11,ESM-2 650M + CaLM,4,0.0,1.0,1.0,27,6,5,1
STK11,ESM-2 650M + CaLM,5,0.27,1.0,1.0,27,6,5,1
STK11,ESM-2 150M + CaLM,1,0.0,1.0,1.0,26,7,6,1
STK11,ESM-2 150M + CaLM,2,0.0,1.0,1.0,26,7,6,1
STK11,ESM-2 150M + CaLM,3,0.0,1.0,1.0,26,7,6,1
STK11,ESM-2 150M + CaLM,4,0.0,1.0,1.0,27,6,5,1
STK11,ESM-2 150M + CaLM,5,0.0,1.0,1.0,27,6,5,1
STK11,ESM-1b 650M + CaLM,1,0.4,1.0,1.0,26,7,6,1
STK11,ESM-1b 650M + CaLM,2,0.0,1.0,1.0,26,7,6,1
STK11,ESM-1b 650M + CaLM,3,0.52,1.0,1.0,26,7,6,1
STK11,ESM-1b 650M + CaLM,4,0.52,1.0,1.0,27,6,5,1
STK11,ESM-1b 650M + CaLM,5,0.52,1.0,1.0,27,6,5,1
STRA6,ESM-2 150M + 650M,1,0.03,1.0,0.5,11,3,1,2
STRA6,ESM-2 150M + 650M,2,0.2,1.0,1.0,11,3,1,2
STRA6,ESM-2 150M + 650M,3,0.32,1.0,1.0,11,3,1,2
STRA6,ESM-2 150M + 650M,4,0.32,1.0,1.0,11,3,2,1
STRA6,ESM-2 150M + 650M,5,0.32,1.0,1.0,12,2,1,1
STRA6,ESM-2 650M + ESM-1b 650M,1,0.0,1.0,1.0,11,3,1,2
STRA6,ESM-2 650M + ESM-1b 650M,2,0.0,1.0,1.0,11,3,1,2
STRA6,ESM-2 650M + ESM-1b 650M,3,0.0,1.0,1.0,11,3,1,2
STRA6,ESM-2 650M + ESM-1b 650M,4,0.0,1.0,1.0,11,3,2,1
STRA6,ESM-2 650M + ESM-1b 650M,5,0.0,1.0,1.0,12,2,1,1
STRA6,ESM-2 650M + CaLM,1,0.0,1.0,1.0,11,3,1,2
STRA6,ESM-2 650M + CaLM,2,0.0,1.0,1.0,11,3,1,2
STRA6,ESM-2 650M + CaLM,3,0.0,1.0,1.0,11,3,1,2
STRA6,ESM-2 650M + CaLM,4,0.0,1.0,1.0,11,3,2,1
STRA6,ESM-2 650M + CaLM,5,0.0,1.0,1.0,12,2,1,1
STRA6,ESM-2 150M + CaLM,1,0.0,0.8,1.0,11,3,1,2
STRA6,ESM-2 150M + CaLM,2,0.0,0.8666666666666667,1.0,11,3,1,2
STRA6,ESM-2 150M + CaLM,3,0.0,0.9,0.5,11,3,1,2
STRA6,ESM-2 150M + CaLM,4,0.0,0.8571428571428571,1.0,11,3,2,1
STRA6,ESM-2 150M + CaLM,5,0.0,0.8571428571428571,1.0,12,2,1,1
STRA6,ESM-1b 650M + CaLM,1,0.0,1.0,1.0,11,3,1,2
STRA6,ESM-1b 650M + CaLM,2,0.0,0.9666666666666668,1.0,11,3,1,2
STRA6,ESM-1b 650M + CaLM,3,0.0,0.9666666666666668,1.0,11,3,1,2
STRA6,ESM-1b 650M + CaLM,4,0.0,0.9285714285714286,1.0,11,3,2,1
STRA6,ESM-1b 650M + CaLM,5,0.0,0.9428571428571428,1.0,12,2,1,1
STS,ESM-2 150M + 650M,1,0.47,0.9375,1.0,12,4,2,2
STS,ESM-2 150M + 650M,2,0.62,0.95,1.0,13,3,1,2
STS,ESM-2 150M + 650M,3,0.4,0.975,0.5,13,3,1,2
STS,ESM-2 150M + 650M,4,0.62,0.9,1.0,13,3,1,2
STS,ESM-2 150M + 650M,5,0.62,0.9,1.0,13,3,1,2
STS,ESM-2 650M + ESM-1b 650M,1,0.0,1.0,0.5,12,4,2,2
STS,ESM-2 650M + ESM-1b 650M,2,0.41,0.95,1.0,13,3,1,2
STS,ESM-2 650M + ESM-1b 650M,3,0.41,0.95,1.0,13,3,1,2
STS,ESM-2 650M + ESM-1b 650M,4,0.41,0.95,1.0,13,3,1,2
STS,ESM-2 650M + ESM-1b 650M,5,0.41,0.975,1.0,13,3,1,2
STS,ESM-2 650M + CaLM,1,0.22,0.9375,1.0,12,4,2,2
STS,ESM-2 650M + CaLM,2,0.22,0.9,1.0,13,3,1,2
STS,ESM-2 650M + CaLM,3,0.0,0.9,1.0,13,3,1,2
STS,ESM-2 650M + CaLM,4,0.0,0.975,0.5,13,3,1,2
STS,ESM-2 650M + CaLM,5,0.22,0.95,1.0,13,3,1,2
STS,ESM-2 150M + CaLM,1,0.04,0.84375,1.0,12,4,2,2
STS,ESM-2 150M + CaLM,2,0.0,0.8,1.0,13,3,1,2
STS,ESM-2 150M + CaLM,3,0.04,0.95,0.5,13,3,1,2
STS,ESM-2 150M + CaLM,4,0.04,0.825,1.0,13,3,1,2
STS,ESM-2 150M + CaLM,5,0.0,0.85,1.0,13,3,1,2
STS,ESM-1b 650M + CaLM,1,0.0,0.96875,1.0,12,4,2,2
STS,ESM-1b 650M + CaLM,2,0.0,0.975,1.0,13,3,1,2
STS,ESM-1b 650M + CaLM,3,0.0,0.925,1.0,13,3,1,2
STS,ESM-1b 650M + CaLM,4,0.0,0.95,1.0,13,3,1,2
STS,ESM-1b 650M + CaLM,5,0.0,0.95,1.0,13,3,1,2
STXBP1,ESM-2 150M + 650M,1,0.95,0.922943722943723,0.9084967320261438,101,26,17,9
STXBP1,ESM-2 150M + 650M,2,0.79,0.9,0.9869281045751634,101,26,17,9
STXBP1,ESM-2 150M + 650M,3,0.8,0.9275053304904052,0.875,102,25,16,9
STXBP1,ESM-2 150M + 650M,4,0.84,0.9138592750533048,0.9375,102,25,16,9
STXBP1,ESM-2 150M + 650M,5,0.84,0.9393939393939394,0.8382352941176471,102,25,17,8
STXBP1,ESM-2 650M + ESM-1b 650M,1,0.13,0.9025974025974026,0.9869281045751634,101,26,17,9
STXBP1,ESM-2 650M + ESM-1b 650M,2,0.36,0.9082251082251084,0.9738562091503268,101,26,17,9
STXBP1,ESM-2 650M + ESM-1b 650M,3,0.06,0.93091684434968,0.9027777777777778,102,25,16,9
STXBP1,ESM-2 650M + ESM-1b 650M,4,0.18,0.9437100213219616,0.8263888888888888,102,25,16,9
STXBP1,ESM-2 650M + ESM-1b 650M,5,0.38,0.9326599326599326,0.8897058823529411,102,25,17,8
STXBP1,ESM-2 650M + CaLM,1,0.0,0.9095238095238096,0.9607843137254902,101,26,17,9
STXBP1,ESM-2 650M + CaLM,2,0.07,0.9082251082251084,0.9477124183006536,101,26,17,9
STXBP1,ESM-2 650M + CaLM,3,0.0,0.929637526652452,0.8541666666666666,102,25,16,9
STXBP1,ESM-2 650M + CaLM,4,0.0,0.9066098081023454,0.9652777777777778,102,25,16,9
STXBP1,ESM-2 650M + CaLM,5,0.21,0.9339225589225588,0.8455882352941176,102,25,17,8
STXBP1,ESM-2 150M + CaLM,1,0.19,0.874025974025974,0.9803921568627452,101,26,17,9
STXBP1,ESM-2 150M + CaLM,2,0.19,0.883982683982684,0.934640522875817,101,26,17,9
STXBP1,ESM-2 150M + CaLM,3,0.27,0.9232409381663113,0.7569444444444444,102,25,16,9
STXBP1,ESM-2 150M + CaLM,4,0.19,0.897228144989339,0.8819444444444444,102,25,16,9
STXBP1,ESM-2 150M + CaLM,5,0.19,0.8863636363636364,0.8897058823529411,102,25,17,8
STXBP1,ESM-1b 650M + CaLM,1,0.32,0.9103896103896104,0.7777777777777778,101,26,17,9
STXBP1,ESM-1b 650M + CaLM,2,0.46,0.8792207792207792,0.9411764705882352,101,26,17,9
STXBP1,ESM-1b 650M + CaLM,3,0.76,0.8848614072494669,0.8611111111111112,102,25,16,9
STXBP1,ESM-1b 650M + CaLM,4,0.43,0.9027718550106608,0.8402777777777778,102,25,16,9
STXBP1,ESM-1b 650M + CaLM,5,0.42,0.8893097643097643,0.9191176470588236,102,25,17,8
SUCLA2,ESM-2 150M + 650M,1,0.0,0.95,1.0,9,3,1,2
SUCLA2,ESM-2 150M + 650M,2,0.09,1.0,1.0,9,3,1,2
SUCLA2,ESM-2 150M + 650M,3,0.09,0.9583333333333334,1.0,10,2,1,1
SUCLA2,ESM-2 150M + 650M,4,0.0,1.0,1.0,10,2,1,1
SUCLA2,ESM-2 150M + 650M,5,0.09,0.9583333333333334,1.0,10,2,1,1
SUCLA2,ESM-2 650M + ESM-1b 650M,1,0.0,1.0,1.0,9,3,1,2
SUCLA2,ESM-2 650M + ESM-1b 650M,2,0.0,1.0,1.0,9,3,1,2
SUCLA2,ESM-2 650M + ESM-1b 650M,3,0.14,1.0,1.0,10,2,1,1
SUCLA2,ESM-2 650M + ESM-1b 650M,4,0.14,1.0,1.0,10,2,1,1
SUCLA2,ESM-2 650M + ESM-1b 650M,5,0.14,1.0,1.0,10,2,1,1
SUCLA2,ESM-2 650M + CaLM,1,0.0,0.95,1.0,9,3,1,2
SUCLA2,ESM-2 650M + CaLM,2,0.0,1.0,1.0,9,3,1,2
SUCLA2,ESM-2 650M + CaLM,3,0.0,1.0,1.0,10,2,1,1
SUCLA2,ESM-2 650M + CaLM,4,0.0,0.9583333333333334,1.0,10,2,1,1
SUCLA2,ESM-2 650M + CaLM,5,0.0,0.9583333333333334,1.0,10,2,1,1
SUCLA2,ESM-2 150M + CaLM,1,0.07,0.95,1.0,9,3,1,2
SUCLA2,ESM-2 150M + CaLM,2,0.0,0.95,1.0,9,3,1,2
SUCLA2,ESM-2 150M + CaLM,3,0.0,1.0,1.0,10,2,1,1
SUCLA2,ESM-2 150M + CaLM,4,0.07,0.9583333333333334,1.0,10,2,1,1
SUCLA2,ESM-2 150M + CaLM,5,0.07,1.0,1.0,10,2,1,1
SUCLA2,ESM-1b 650M + CaLM,1,0.0,0.95,1.0,9,3,1,2
SUCLA2,ESM-1b 650M + CaLM,2,0.0,0.95,1.0,9,3,1,2
SUCLA2,ESM-1b 650M + CaLM,3,0.0,1.0,1.0,10,2,1,1
SUCLA2,ESM-1b 650M + CaLM,4,0.0,1.0,1.0,10,2,1,1
SUCLA2,ESM-1b 650M + CaLM,5,0.0,0.9583333333333334,1.0,10,2,1,1
SUMF1,ESM-2 150M + 650M,1,0.14,1.0,1.0,19,5,3,2
SUMF1,ESM-2 150M + 650M,2,0.17,1.0,1.0,19,5,3,2
SUMF1,ESM-2 150M + 650M,3,0.08,1.0,1.0,19,5,4,1
SUMF1,ESM-2 150M + 650M,4,0.17,1.0,1.0,19,5,4,1
SUMF1,ESM-2 150M + 650M,5,0.17,1.0,1.0,20,4,3,1
SUMF1,ESM-2 650M + ESM-1b 650M,1,0.0,1.0,1.0,19,5,3,2
SUMF1,ESM-2 650M + ESM-1b 650M,2,0.0,1.0,1.0,19,5,3,2
SUMF1,ESM-2 650M + ESM-1b 650M,3,0.0,1.0,1.0,19,5,4,1
SUMF1,ESM-2 650M + ESM-1b 650M,4,0.0,1.0,1.0,19,5,4,1
SUMF1,ESM-2 650M + ESM-1b 650M,5,0.0,1.0,1.0,20,4,3,1
SUMF1,ESM-2 650M + CaLM,1,0.0,1.0,1.0,19,5,3,2
SUMF1,ESM-2 650M + CaLM,2,0.0,1.0,1.0,19,5,3,2
SUMF1,ESM-2 650M + CaLM,3,0.0,1.0,1.0,19,5,4,1
SUMF1,ESM-2 650M + CaLM,4,0.0,1.0,1.0,19,5,4,1
SUMF1,ESM-2 650M + CaLM,5,0.0,1.0,1.0,20,4,3,1
SUMF1,ESM-2 150M + CaLM,1,0.0,0.9428571428571428,1.0,19,5,3,2
SUMF1,ESM-2 150M + CaLM,2,0.0,0.9714285714285714,1.0,19,5,3,2
SUMF1,ESM-2 150M + CaLM,3,0.0,0.9487179487179488,1.0,19,5,4,1
SUMF1,ESM-2 150M + CaLM,4,0.0,0.9871794871794872,0.75,19,5,4,1
SUMF1,ESM-2 150M + CaLM,5,0.0,0.9761904761904762,1.0,20,4,3,1
SUMF1,ESM-1b 650M + CaLM,1,0.0,1.0,1.0,19,5,3,2
SUMF1,ESM-1b 650M + CaLM,2,0.0,1.0,1.0,19,5,3,2
SUMF1,ESM-1b 650M + CaLM,3,0.0,1.0,1.0,19,5,4,1
SUMF1,ESM-1b 650M + CaLM,4,0.0,1.0,1.0,19,5,4,1
SUMF1,ESM-1b 650M + CaLM,5,0.0,1.0,1.0,20,4,3,1
TAOK1,ESM-2 150M + 650M,1,0.81,1.0,1.0,12,3,1,2
TAOK1,ESM-2 150M + 650M,2,0.81,1.0,1.0,12,3,2,1
TAOK1,ESM-2 150M + 650M,3,0.0,1.0,1.0,12,3,2,1
TAOK1,ESM-2 150M + 650M,4,0.81,1.0,1.0,12,3,2,1
TAOK1,ESM-2 150M + 650M,5,0.0,1.0,1.0,12,3,2,1
TAOK1,ESM-2 650M + ESM-1b 650M,1,0.0,1.0,1.0,12,3,1,2
TAOK1,ESM-2 650M + ESM-1b 650M,2,0.0,1.0,1.0,12,3,2,1
TAOK1,ESM-2 650M + ESM-1b 650M,3,0.0,1.0,1.0,12,3,2,1
TAOK1,ESM-2 650M + ESM-1b 650M,4,0.0,1.0,1.0,12,3,2,1
TAOK1,ESM-2 650M + ESM-1b 650M,5,0.0,1.0,1.0,12,3,2,1
TAOK1,ESM-2 650M + CaLM,1,0.0,1.0,1.0,12,3,1,2
TAOK1,ESM-2 650M + CaLM,2,0.0,1.0,1.0,12,3,2,1
TAOK1,ESM-2 650M + CaLM,3,0.0,1.0,1.0,12,3,2,1
TAOK1,ESM-2 650M + CaLM,4,0.0,1.0,1.0,12,3,2,1
TAOK1,ESM-2 650M + CaLM,5,0.0,1.0,1.0,12,3,2,1
TAOK1,ESM-2 150M + CaLM,1,0.0,1.0,0.5,12,3,1,2
TAOK1,ESM-2 150M + CaLM,2,0.61,1.0,1.0,12,3,2,1
TAOK1,ESM-2 150M + CaLM,3,0.61,1.0,1.0,12,3,2,1
TAOK1,ESM-2 150M + CaLM,4,0.61,1.0,1.0,12,3,2,1
TAOK1,ESM-2 150M + CaLM,5,0.61,1.0,1.0,12,3,2,1
TAOK1,ESM-1b 650M + CaLM,1,0.3,1.0,1.0,12,3,1,2
TAOK1,ESM-1b 650M + CaLM,2,0.3,1.0,1.0,12,3,2,1
TAOK1,ESM-1b 650M + CaLM,3,0.3,1.0,1.0,12,3,2,1
TAOK1,ESM-1b 650M + CaLM,4,0.0,1.0,0.5,12,3,2,1
TAOK1,ESM-1b 650M + CaLM,5,0.25,1.0,1.0,12,3,2,1
TBR1,ESM-2 150M + 650M,1,0.0,0.9545454545454546,0.6666666666666666,21,6,3,3
TBR1,ESM-2 150M + 650M,2,0.58,0.9181818181818182,1.0,21,6,3,3
TBR1,ESM-2 150M + 650M,3,0.67,1.0,0.5,22,5,2,3
TBR1,ESM-2 150M + 650M,4,0.58,0.9090909090909092,1.0,22,5,3,2
TBR1,ESM-2 150M + 650M,5,0.58,0.9256198347107438,1.0,22,5,3,2
TBR1,ESM-2 650M + ESM-1b 650M,1,0.7000000000000001,1.0,1.0,21,6,3,3
TBR1,ESM-2 650M + ESM-1b 650M,2,0.7000000000000001,1.0,1.0,21,6,3,3
TBR1,ESM-2 650M + ESM-1b 650M,3,0.7000000000000001,1.0,1.0,22,5,2,3
TBR1,ESM-2 650M + ESM-1b 650M,4,0.0,1.0,0.8333333333333334,22,5,3,2
TBR1,ESM-2 650M + ESM-1b 650M,5,0.23,1.0,1.0,22,5,3,2
TBR1,ESM-2 650M + CaLM,1,0.79,0.9454545454545454,1.0,21,6,3,3
TBR1,ESM-2 650M + CaLM,2,0.79,0.9363636363636364,1.0,21,6,3,3
TBR1,ESM-2 650M + CaLM,3,0.59,0.95,1.0,22,5,2,3
TBR1,ESM-2 650M + CaLM,4,0.79,0.9421487603305784,1.0,22,5,3,2
TBR1,ESM-2 650M + CaLM,5,0.0,1.0,0.6666666666666666,22,5,3,2
TBR1,ESM-2 150M + CaLM,1,0.5,1.0,0.6666666666666666,21,6,3,3
TBR1,ESM-2 150M + CaLM,2,0.11,0.9636363636363636,0.6666666666666666,21,6,3,3
TBR1,ESM-2 150M + CaLM,3,0.5,0.95,1.0,22,5,2,3
TBR1,ESM-2 150M + CaLM,4,0.5,0.9338842975206612,1.0,22,5,3,2
TBR1,ESM-2 150M + CaLM,5,0.5,0.9338842975206612,1.0,22,5,3,2
TBR1,ESM-1b 650M + CaLM,1,0.0,1.0,1.0,21,6,3,3
TBR1,ESM-1b 650M + CaLM,2,0.0,1.0,1.0,21,6,3,3
TBR1,ESM-1b 650M + CaLM,3,0.0,1.0,1.0,22,5,2,3
TBR1,ESM-1b 650M + CaLM,4,0.0,1.0,1.0,22,5,3,2
TBR1,ESM-1b 650M + CaLM,5,0.0,1.0,1.0,22,5,3,2
TBX4,ESM-2 150M + 650M,1,0.0,1.0,0.8333333333333334,16,5,2,3
TBX4,ESM-2 150M + 650M,2,0.0,0.9571428571428572,1.0,17,4,1,3
TBX4,ESM-2 150M + 650M,3,0.0,0.9714285714285714,1.0,17,4,1,3
TBX4,ESM-2 150M + 650M,4,0.0,0.9545454545454546,1.0,17,4,2,2
TBX4,ESM-2 150M + 650M,5,0.0,0.9696969696969696,1.0,17,4,2,2
TBX4,ESM-2 650M + ESM-1b 650M,1,0.0,0.95,1.0,16,5,2,3
TBX4,ESM-2 650M + ESM-1b 650M,2,0.0,1.0,0.0,17,4,1,3
TBX4,ESM-2 650M + ESM-1b 650M,3,0.0,0.9428571428571428,1.0,17,4,1,3
TBX4,ESM-2 650M + ESM-1b 650M,4,0.0,0.9393939393939394,1.0,17,4,2,2
TBX4,ESM-2 650M + ESM-1b 650M,5,0.0,0.9393939393939394,1.0,17,4,2,2
TBX4,ESM-2 650M + CaLM,1,0.16,0.9666666666666668,1.0,16,5,2,3
TBX4,ESM-2 650M + CaLM,2,0.16,0.9714285714285714,1.0,17,4,1,3
TBX4,ESM-2 650M + CaLM,3,0.16,0.9571428571428572,1.0,17,4,1,3
TBX4,ESM-2 650M + CaLM,4,0.0,1.0,0.75,17,4,2,2
TBX4,ESM-2 650M + CaLM,5,0.0,0.9545454545454546,1.0,17,4,2,2
TBX4,ESM-2 150M + CaLM,1,0.0,0.9666666666666668,1.0,16,5,2,3
TBX4,ESM-2 150M + CaLM,2,0.26,0.9857142857142858,1.0,17,4,1,3
TBX4,ESM-2 150M + CaLM,3,0.26,0.9857142857142858,1.0,17,4,1,3
TBX4,ESM-2 150M + CaLM,4,0.26,0.9696969696969696,1.0,17,4,2,2
TBX4,ESM-2 150M + CaLM,5,0.0,1.0,1.0,17,4,2,2
TBX4,ESM-1b 650M + CaLM,1,0.6,0.9833333333333332,1.0,16,5,2,3
TBX4,ESM-1b 650M + CaLM,2,0.6,0.9571428571428572,1.0,17,4,1,3
TBX4,ESM-1b 650M + CaLM,3,0.6,0.9714285714285714,1.0,17,4,1,3
TBX4,ESM-1b 650M + CaLM,4,0.0,1.0,0.75,17,4,2,2
TBX4,ESM-1b 650M + CaLM,5,0.41,0.9545454545454546,1.0,17,4,2,2
TBX5,ESM-2 150M + 650M,1,0.0,0.9090909090909092,0.8333333333333334,26,7,4,3
TBX5,ESM-2 150M + 650M,2,0.23,0.987878787878788,0.5833333333333334,26,7,4,3
TBX5,ESM-2 150M + 650M,3,0.08,0.8727272727272727,1.0,26,7,4,3
TBX5,ESM-2 150M + 650M,4,0.08,0.9261363636363636,1.0,27,6,3,3
TBX5,ESM-2 150M + 650M,5,0.08,0.9111111111111112,1.0,27,6,4,2
TBX5,ESM-2 650M + ESM-1b 650M,1,0.61,0.9757575757575756,1.0,26,7,4,3
TBX5,ESM-2 650M + ESM-1b 650M,2,0.48,0.9575757575757576,0.9166666666666666,26,7,4,3
TBX5,ESM-2 650M + ESM-1b 650M,3,0.61,0.9696969696969696,0.9166666666666666,26,7,4,3
TBX5,ESM-2 650M + ESM-1b 650M,4,0.61,0.9488636363636364,1.0,27,6,3,3
TBX5,ESM-2 650M + ESM-1b 650M,5,0.61,0.9666666666666668,1.0,27,6,4,2
TBX5,ESM-2 650M + CaLM,1,0.97,0.9090909090909092,1.0,26,7,4,3
TBX5,ESM-2 650M + CaLM,2,0.97,0.9696969696969696,0.75,26,7,4,3
TBX5,ESM-2 650M + CaLM,3,0.6,0.9575757575757576,0.8333333333333334,26,7,4,3
TBX5,ESM-2 650M + CaLM,4,0.0,0.9772727272727272,0.5555555555555556,27,6,3,3
TBX5,ESM-2 650M + CaLM,5,0.75,0.9222222222222224,1.0,27,6,4,2
TBX5,ESM-2 150M + CaLM,1,0.58,0.993939393939394,0.75,26,7,4,3
TBX5,ESM-2 150M + CaLM,2,0.04,0.9575757575757576,0.75,26,7,4,3
TBX5,ESM-2 150M + CaLM,3,0.32,0.9333333333333332,1.0,26,7,4,3
TBX5,ESM-2 150M + CaLM,4,0.22,0.9772727272727272,0.8888888888888888,27,6,3,3
TBX5,ESM-2 150M + CaLM,5,0.18,0.95,1.0,27,6,4,2
TBX5,ESM-1b 650M + CaLM,1,0.29,0.9696969696969696,1.0,26,7,4,3
TBX5,ESM-1b 650M + CaLM,2,0.13,0.9636363636363636,0.9166666666666666,26,7,4,3
TBX5,ESM-1b 650M + CaLM,3,0.29,0.9575757575757576,1.0,26,7,4,3
TBX5,ESM-1b 650M + CaLM,4,0.56,0.9602272727272728,1.0,27,6,3,3
TBX5,ESM-1b 650M + CaLM,5,0.93,0.9944444444444444,0.75,27,6,4,2
TCF4,ESM-2 150M + 650M,1,0.99,0.9544642857142858,0.8055555555555556,67,17,8,9
TCF4,ESM-2 150M + 650M,2,0.94,0.9107142857142856,1.0,67,17,8,9
TCF4,ESM-2 150M + 650M,3,0.63,0.9276785714285716,0.9861111111111112,67,17,8,9
TCF4,ESM-2 150M + 650M,4,0.94,0.9383928571428573,0.9583333333333334,67,17,8,9
TCF4,ESM-2 150M + 650M,5,0.18,0.9340277777777778,0.859375,68,16,8,8
TCF4,ESM-2 650M + ESM-1b 650M,1,0.25,0.9205357142857142,1.0,67,17,8,9
TCF4,ESM-2 650M + ESM-1b 650M,2,0.03,0.9526785714285714,0.9027777777777778,67,17,8,9
TCF4,ESM-2 650M + ESM-1b 650M,3,0.21,0.9455357142857144,0.9166666666666666,67,17,8,9
TCF4,ESM-2 650M + ESM-1b 650M,4,0.21,0.9625,0.8055555555555556,67,17,8,9
TCF4,ESM-2 650M + ESM-1b 650M,5,0.21,0.9227430555555556,1.0,68,16,8,8
TCF4,ESM-2 650M + CaLM,1,0.11,0.9267857142857144,0.9722222222222222,67,17,8,9
TCF4,ESM-2 650M + CaLM,2,0.66,0.9642857142857144,0.75,67,17,8,9
TCF4,ESM-2 650M + CaLM,3,0.26,0.9383928571428573,0.9166666666666666,67,17,8,9
TCF4,ESM-2 650M + CaLM,4,0.19,0.9214285714285714,0.9861111111111112,67,17,8,9
TCF4,ESM-2 650M + CaLM,5,0.5,0.9288194444444444,0.984375,68,16,8,8
TCF4,ESM-2 150M + CaLM,1,0.75,0.89375,0.9861111111111112,67,17,8,9
TCF4,ESM-2 150M + CaLM,2,0.75,0.9446428571428572,0.8055555555555556,67,17,8,9
TCF4,ESM-2 150M + CaLM,3,0.25,0.9267857142857144,0.8611111111111112,67,17,8,9
TCF4,ESM-2 150M + CaLM,4,0.7000000000000001,0.9151785714285714,0.9583333333333334,67,17,8,9
TCF4,ESM-2 150M + CaLM,5,0.75,0.921875,0.9375,68,16,8,8
TCF4,ESM-1b 650M + CaLM,1,0.55,0.9553571428571428,0.9305555555555556,67,17,8,9
TCF4,ESM-1b 650M + CaLM,2,0.73,0.9428571428571428,1.0,67,17,8,9
TCF4,ESM-1b 650M + CaLM,3,0.55,0.95,0.9583333333333334,67,17,8,9
TCF4,ESM-1b 650M + CaLM,4,0.74,0.9580357142857144,0.9305555555555556,67,17,8,9
TCF4,ESM-1b 650M + CaLM,5,0.73,0.9618055555555556,0.921875,68,16,8,8
TFE3,ESM-2 150M + 650M,1,0.0,0.34375,0.0,16,5,3,2
TFE3,ESM-2 150M + 650M,2,0.09,0.3472222222222222,0.25,17,4,2,2
TFE3,ESM-2 150M + 650M,3,0.1,0.3888888888888889,0.0,17,4,2,2
TFE3,ESM-2 150M + 650M,4,0.0,0.1666666666666666,1.0,17,4,2,2
TFE3,ESM-2 150M + 650M,5,0.07,0.3611111111111111,0.0,17,4,2,2
TFE3,ESM-2 650M + ESM-1b 650M,1,0.62,1.0,1.0,16,5,3,2
TFE3,ESM-2 650M + ESM-1b 650M,2,0.52,1.0,1.0,17,4,2,2
TFE3,ESM-2 650M + ESM-1b 650M,3,0.62,1.0,1.0,17,4,2,2
TFE3,ESM-2 650M + ESM-1b 650M,4,0.53,1.0,1.0,17,4,2,2
TFE3,ESM-2 650M + ESM-1b 650M,5,0.62,1.0,1.0,17,4,2,2
TFE3,ESM-2 650M + CaLM,1,0.92,0.453125,0.6666666666666666,16,5,3,2
TFE3,ESM-2 650M + CaLM,2,0.95,0.4861111111111111,0.75,17,4,2,2
TFE3,ESM-2 650M + CaLM,3,0.95,0.5694444444444444,0.25,17,4,2,2
TFE3,ESM-2 650M + CaLM,4,0.92,0.5277777777777778,0.0,17,4,2,2
TFE3,ESM-2 650M + CaLM,5,0.95,0.4444444444444444,0.5,17,4,2,2
TFE3,ESM-2 150M + CaLM,1,0.91,0.546875,0.3333333333333333,16,5,3,2
TFE3,ESM-2 150M + CaLM,2,0.96,0.4027777777777778,1.0,17,4,2,2
TFE3,ESM-2 150M + CaLM,3,0.86,0.4722222222222222,0.5,17,4,2,2
TFE3,ESM-2 150M + CaLM,4,0.96,0.4722222222222222,0.75,17,4,2,2
TFE3,ESM-2 150M + CaLM,5,0.96,0.6111111111111112,0.0,17,4,2,2
TFE3,ESM-1b 650M + CaLM,1,0.0,1.0,1.0,16,5,3,2
TFE3,ESM-1b 650M + CaLM,2,0.0,1.0,1.0,17,4,2,2
TFE3,ESM-1b 650M + CaLM,3,0.0,1.0,1.0,17,4,2,2
TFE3,ESM-1b 650M + CaLM,4,0.0,1.0,1.0,17,4,2,2
TFE3,ESM-1b 650M + CaLM,5,0.0,1.0,1.0,17,4,2,2
TGFBR1,ESM-2 150M + 650M,1,0.98,0.9642857142857144,1.0,33,9,7,2
TGFBR1,ESM-2 150M + 650M,2,0.96,0.9857142857142858,0.9285714285714286,33,9,7,2
TGFBR1,ESM-2 150M + 650M,3,0.98,0.9583333333333334,1.0,34,8,7,1
TGFBR1,ESM-2 150M + 650M,4,0.98,0.9642857142857144,1.0,34,8,7,1
TGFBR1,ESM-2 150M + 650M,5,0.98,0.9583333333333334,1.0,34,8,7,1
TGFBR1,ESM-2 650M + ESM-1b 650M,1,0.24,1.0,1.0,33,9,7,2
TGFBR1,ESM-2 650M + ESM-1b 650M,2,0.2,1.0,1.0,33,9,7,2
TGFBR1,ESM-2 650M + ESM-1b 650M,3,0.24,1.0,1.0,34,8,7,1
TGFBR1,ESM-2 650M + ESM-1b 650M,4,0.24,1.0,1.0,34,8,7,1
TGFBR1,ESM-2 650M + ESM-1b 650M,5,0.14,1.0,0.8571428571428571,34,8,7,1
TGFBR1,ESM-2 650M + CaLM,1,0.0,0.9357142857142856,1.0,33,9,7,2
TGFBR1,ESM-2 650M + CaLM,2,0.0,0.9642857142857144,1.0,33,9,7,2
TGFBR1,ESM-2 650M + CaLM,3,0.0,0.9761904761904762,0.8571428571428571,34,8,7,1
TGFBR1,ESM-2 650M + CaLM,4,0.0,0.9642857142857144,1.0,34,8,7,1
TGFBR1,ESM-2 650M + CaLM,5,0.0,0.9761904761904762,1.0,34,8,7,1
TGFBR1,ESM-2 150M + CaLM,1,0.94,0.7857142857142857,1.0,33,9,7,2
TGFBR1,ESM-2 150M + CaLM,2,0.65,0.8428571428571429,0.9285714285714286,33,9,7,2
TGFBR1,ESM-2 150M + CaLM,3,0.94,0.8511904761904762,0.8571428571428571,34,8,7,1
TGFBR1,ESM-2 150M + CaLM,4,0.5700000000000001,0.9285714285714286,0.2857142857142857,34,8,7,1
TGFBR1,ESM-2 150M + CaLM,5,0.94,0.8452380952380952,0.8571428571428571,34,8,7,1
TGFBR1,ESM-1b 650M + CaLM,1,0.0,1.0,1.0,33,9,7,2
TGFBR1,ESM-1b 650M + CaLM,2,0.0,1.0,1.0,33,9,7,2
TGFBR1,ESM-1b 650M + CaLM,3,0.0,1.0,1.0,34,8,7,1
TGFBR1,ESM-1b 650M + CaLM,4,0.0,1.0,1.0,34,8,7,1
TGFBR1,ESM-1b 650M + CaLM,5,0.0,1.0,1.0,34,8,7,1
TGFBR2,ESM-2 150M + 650M,1,0.81,0.9958333333333332,0.8666666666666667,64,17,15,2
TGFBR2,ESM-2 150M + 650M,2,0.63,0.95,1.0,65,16,15,1
TGFBR2,ESM-2 150M + 650M,3,0.6,0.9666666666666668,1.0,65,16,15,1
TGFBR2,ESM-2 150M + 650M,4,0.61,0.9566666666666668,1.0,65,16,15,1
TGFBR2,ESM-2 150M + 650M,5,0.43,0.9633333333333334,1.0,65,16,15,1
TGFBR2,ESM-2 650M + ESM-1b 650M,1,0.68,0.9416666666666668,1.0,64,17,15,2
TGFBR2,ESM-2 650M + ESM-1b 650M,2,0.62,0.9366666666666666,1.0,65,16,15,1
TGFBR2,ESM-2 650M + ESM-1b 650M,3,0.68,0.9333333333333332,1.0,65,16,15,1
TGFBR2,ESM-2 650M + ESM-1b 650M,4,0.68,0.9466666666666668,1.0,65,16,15,1
TGFBR2,ESM-2 650M + ESM-1b 650M,5,0.0,1.0,0.5333333333333333,65,16,15,1
TGFBR2,ESM-2 650M + CaLM,1,0.52,0.9708333333333332,1.0,64,17,15,2
TGFBR2,ESM-2 650M + CaLM,2,0.74,0.97,1.0,65,16,15,1
TGFBR2,ESM-2 650M + CaLM,3,0.52,0.9733333333333334,1.0,65,16,15,1
TGFBR2,ESM-2 650M + CaLM,4,0.52,0.9633333333333334,1.0,65,16,15,1
TGFBR2,ESM-2 650M + CaLM,5,0.0,1.0,0.4666666666666667,65,16,15,1
TGFBR2,ESM-2 150M + CaLM,1,0.78,0.9666666666666668,0.8666666666666667,64,17,15,2
TGFBR2,ESM-2 150M + CaLM,2,0.91,0.9266666666666666,1.0,65,16,15,1
TGFBR2,ESM-2 150M + CaLM,3,0.99,0.95,0.9333333333333332,65,16,15,1
TGFBR2,ESM-2 150M + CaLM,4,0.8,0.96,0.8666666666666667,65,16,15,1
TGFBR2,ESM-2 150M + CaLM,5,0.99,0.9433333333333334,1.0,65,16,15,1
TGFBR2,ESM-1b 650M + CaLM,1,0.0,1.0,0.8666666666666667,64,17,15,2
TGFBR2,ESM-1b 650M + CaLM,2,0.78,0.97,1.0,65,16,15,1
TGFBR2,ESM-1b 650M + CaLM,3,0.4,0.9766666666666668,1.0,65,16,15,1
TGFBR2,ESM-1b 650M + CaLM,4,0.36,0.9733333333333334,1.0,65,16,15,1
TGFBR2,ESM-1b 650M + CaLM,5,0.4,0.9733333333333334,1.0,65,16,15,1
TGM1,ESM-2 150M + 650M,1,0.8300000000000001,0.9444444444444444,1.0,51,13,10,3
TGM1,ESM-2 150M + 650M,2,0.92,0.938034188034188,1.0,51,13,10,3
TGM1,ESM-2 150M + 650M,3,0.92,0.9508547008547008,0.9666666666666668,51,13,10,3
TGM1,ESM-2 150M + 650M,4,0.92,0.9636752136752136,0.9333333333333332,51,13,10,3
TGM1,ESM-2 150M + 650M,5,0.89,0.95625,0.925925925925926,52,12,9,3
TGM1,ESM-2 650M + ESM-1b 650M,1,0.39,0.9594017094017094,0.9,51,13,10,3
TGM1,ESM-2 650M + ESM-1b 650M,2,0.0,0.9594017094017094,0.9,51,13,10,3
TGM1,ESM-2 650M + ESM-1b 650M,3,0.0,0.9401709401709402,1.0,51,13,10,3
TGM1,ESM-2 650M + ESM-1b 650M,4,0.02,0.938034188034188,1.0,51,13,10,3
TGM1,ESM-2 650M + ESM-1b 650M,5,0.0,0.9479166666666666,0.925925925925926,52,12,9,3
TGM1,ESM-2 650M + CaLM,1,0.0,0.9743589743589745,0.8666666666666667,51,13,10,3
TGM1,ESM-2 650M + CaLM,2,0.03,0.9487179487179488,1.0,51,13,10,3
TGM1,ESM-2 650M + CaLM,3,0.03,0.9273504273504274,1.0,51,13,10,3
TGM1,ESM-2 650M + CaLM,4,0.0,0.9508547008547008,0.9,51,13,10,3
TGM1,ESM-2 650M + CaLM,5,0.03,0.9416666666666668,1.0,52,12,9,3
TGM1,ESM-2 150M + CaLM,1,0.39,0.8931623931623932,0.8666666666666667,51,13,10,3
TGM1,ESM-2 150M + CaLM,2,0.42,0.9102564102564102,0.8333333333333334,51,13,10,3
TGM1,ESM-2 150M + CaLM,3,0.12,0.8632478632478633,1.0,51,13,10,3
TGM1,ESM-2 150M + CaLM,4,0.21,0.8974358974358975,0.8666666666666667,51,13,10,3
TGM1,ESM-2 150M + CaLM,5,0.19,0.8875,0.8888888888888888,52,12,9,3
TGM1,ESM-1b 650M + CaLM,1,0.09,0.9123931623931624,0.9666666666666668,51,13,10,3
TGM1,ESM-1b 650M + CaLM,2,0.0,0.9658119658119658,0.7,51,13,10,3
TGM1,ESM-1b 650M + CaLM,3,0.25,0.9252136752136751,0.9666666666666668,51,13,10,3
TGM1,ESM-1b 650M + CaLM,4,0.25,0.9123931623931624,1.0,51,13,10,3
TGM1,ESM-1b 650M + CaLM,5,0.25,0.9333333333333332,0.8888888888888888,52,12,9,3
TMEM67,ESM-2 150M + 650M,1,0.56,0.921875,0.8888888888888888,36,10,9,1
TMEM67,ESM-2 150M + 650M,2,0.51,0.9242424242424242,0.875,37,9,8,1
TMEM67,ESM-2 150M + 650M,3,0.56,0.9090909090909092,1.0,37,9,8,1
TMEM67,ESM-2 150M + 650M,4,0.26,0.8787878787878788,0.875,37,9,8,1
TMEM67,ESM-2 150M + 650M,5,0.56,0.9545454545454546,0.875,37,9,8,1
TMEM67,ESM-2 650M + ESM-1b 650M,1,0.42,0.921875,1.0,36,10,9,1
TMEM67,ESM-2 650M + ESM-1b 650M,2,0.1,0.9318181818181818,0.875,37,9,8,1
TMEM67,ESM-2 650M + ESM-1b 650M,3,0.0,0.9393939393939394,0.75,37,9,8,1
TMEM67,ESM-2 650M + ESM-1b 650M,4,0.72,0.9090909090909092,1.0,37,9,8,1
TMEM67,ESM-2 650M + ESM-1b 650M,5,0.72,0.9924242424242424,0.875,37,9,8,1
TMEM67,ESM-2 650M + CaLM,1,0.42,0.9140625,1.0,36,10,9,1
TMEM67,ESM-2 650M + CaLM,2,0.42,0.9166666666666666,1.0,37,9,8,1
TMEM67,ESM-2 650M + CaLM,3,0.39,0.9545454545454546,0.875,37,9,8,1
TMEM67,ESM-2 650M + CaLM,4,0.44,0.9621212121212122,0.75,37,9,8,1
TMEM67,ESM-2 650M + CaLM,5,0.36,0.9545454545454546,0.75,37,9,8,1
TMEM67,ESM-2 150M + CaLM,1,0.36,0.8203125,0.7777777777777778,36,10,9,1
TMEM67,ESM-2 150M + CaLM,2,0.0,0.8484848484848485,0.75,37,9,8,1
TMEM67,ESM-2 150M + CaLM,3,0.0,0.8257575757575758,0.875,37,9,8,1
TMEM67,ESM-2 150M + CaLM,4,0.0,0.8560606060606061,0.75,37,9,8,1
TMEM67,ESM-2 150M + CaLM,5,0.56,0.8106060606060606,0.75,37,9,8,1
TMEM67,ESM-1b 650M + CaLM,1,0.72,0.9453125,0.8888888888888888,36,10,9,1
TMEM67,ESM-1b 650M + CaLM,2,0.71,0.946969696969697,0.875,37,9,8,1
TMEM67,ESM-1b 650M + CaLM,3,0.71,0.9166666666666666,1.0,37,9,8,1
TMEM67,ESM-1b 650M + CaLM,4,0.49,0.9242424242424242,1.0,37,9,8,1
TMEM67,ESM-1b 650M + CaLM,5,0.0,0.9772727272727272,0.375,37,9,8,1
TMPRSS3,ESM-2 150M + 650M,1,0.11,1.0,1.0,27,7,5,2
TMPRSS3,ESM-2 150M + 650M,2,0.0,1.0,1.0,27,7,5,2
TMPRSS3,ESM-2 150M + 650M,3,0.91,0.992063492063492,1.0,27,7,6,1
TMPRSS3,ESM-2 150M + 650M,4,0.91,0.992063492063492,1.0,27,7,6,1
TMPRSS3,ESM-2 150M + 650M,5,0.91,0.9924242424242424,1.0,28,6,5,1
TMPRSS3,ESM-2 650M + ESM-1b 650M,1,0.0,1.0,1.0,27,7,5,2
TMPRSS3,ESM-2 650M + ESM-1b 650M,2,0.0,0.990909090909091,1.0,27,7,5,2
TMPRSS3,ESM-2 650M + ESM-1b 650M,3,0.0,1.0,1.0,27,7,6,1
TMPRSS3,ESM-2 650M + ESM-1b 650M,4,0.0,0.992063492063492,1.0,27,7,6,1
TMPRSS3,ESM-2 650M + ESM-1b 650M,5,0.0,0.9924242424242424,1.0,28,6,5,1
TMPRSS3,ESM-2 650M + CaLM,1,0.0,0.990909090909091,1.0,27,7,5,2
TMPRSS3,ESM-2 650M + CaLM,2,0.0,0.990909090909091,1.0,27,7,5,2
TMPRSS3,ESM-2 650M + CaLM,3,0.0,1.0,0.8333333333333334,27,7,6,1
TMPRSS3,ESM-2 650M + CaLM,4,0.0,0.992063492063492,1.0,27,7,6,1
TMPRSS3,ESM-2 650M + CaLM,5,0.0,0.9924242424242424,1.0,28,6,5,1
TMPRSS3,ESM-2 150M + CaLM,1,0.0,0.9818181818181818,1.0,27,7,5,2
TMPRSS3,ESM-2 150M + CaLM,2,0.0,0.9818181818181818,1.0,27,7,5,2
TMPRSS3,ESM-2 150M + CaLM,3,0.0,0.984126984126984,1.0,27,7,6,1
TMPRSS3,ESM-2 150M + CaLM,4,0.0,0.9761904761904762,1.0,27,7,6,1
TMPRSS3,ESM-2 150M + CaLM,5,0.0,1.0,1.0,28,6,5,1
TMPRSS3,ESM-1b 650M + CaLM,1,0.0,1.0,1.0,27,7,5,2
TMPRSS3,ESM-1b 650M + CaLM,2,0.0,0.9818181818181818,1.0,27,7,5,2
TMPRSS3,ESM-1b 650M + CaLM,3,0.0,0.984126984126984,1.0,27,7,6,1
TMPRSS3,ESM-1b 650M + CaLM,4,0.0,0.9761904761904762,1.0,27,7,6,1
TMPRSS3,ESM-1b 650M + CaLM,5,0.0,0.9848484848484848,1.0,28,6,5,1
TNFRSF1A,ESM-2 150M + 650M,1,0.29,1.0,1.0,24,7,4,3
TNFRSF1A,ESM-2 150M + 650M,2,0.07,1.0,0.7777777777777778,25,6,3,3
TNFRSF1A,ESM-2 150M + 650M,3,0.8200000000000001,1.0,1.0,25,6,3,3
TNFRSF1A,ESM-2 150M + 650M,4,0.8200000000000001,1.0,1.0,25,6,4,2
TNFRSF1A,ESM-2 150M + 650M,5,0.8200000000000001,1.0,1.0,25,6,4,2
TNFRSF1A,ESM-2 650M + ESM-1b 650M,1,0.0,1.0,1.0,24,7,4,3
TNFRSF1A,ESM-2 650M + ESM-1b 650M,2,0.0,1.0,1.0,25,6,3,3
TNFRSF1A,ESM-2 650M + ESM-1b 650M,3,0.0,1.0,1.0,25,6,3,3
TNFRSF1A,ESM-2 650M + ESM-1b 650M,4,0.0,1.0,1.0,25,6,4,2
TNFRSF1A,ESM-2 650M + ESM-1b 650M,5,0.0,1.0,1.0,25,6,4,2
TNFRSF1A,ESM-2 650M + CaLM,1,0.0,1.0,1.0,24,7,4,3
TNFRSF1A,ESM-2 650M + CaLM,2,0.0,1.0,1.0,25,6,3,3
TNFRSF1A,ESM-2 650M + CaLM,3,0.0,1.0,1.0,25,6,3,3
TNFRSF1A,ESM-2 650M + CaLM,4,0.0,1.0,1.0,25,6,4,2
TNFRSF1A,ESM-2 650M + CaLM,5,0.0,1.0,1.0,25,6,4,2
TNFRSF1A,ESM-2 150M + CaLM,1,0.0,1.0,0.8333333333333334,24,7,4,3
TNFRSF1A,ESM-2 150M + CaLM,2,0.09,0.9666666666666668,1.0,25,6,3,3
TNFRSF1A,ESM-2 150M + CaLM,3,0.09,0.96,1.0,25,6,3,3
TNFRSF1A,ESM-2 150M + CaLM,4,0.05,0.961038961038961,1.0,25,6,4,2
TNFRSF1A,ESM-2 150M + CaLM,5,0.09,0.961038961038961,1.0,25,6,4,2
TNFRSF1A,ESM-1b 650M + CaLM,1,0.0,1.0,1.0,24,7,4,3
TNFRSF1A,ESM-1b 650M + CaLM,2,0.0,1.0,1.0,25,6,3,3
TNFRSF1A,ESM-1b 650M + CaLM,3,0.0,1.0,1.0,25,6,3,3
TNFRSF1A,ESM-1b 650M + CaLM,4,0.0,1.0,1.0,25,6,4,2
TNFRSF1A,ESM-1b 650M + CaLM,5,0.0,1.0,1.0,25,6,4,2
TNPO2,ESM-2 150M + 650M,1,0.0,0.9375,1.0,8,3,2,1
TNPO2,ESM-2 150M + 650M,2,0.0,1.0,1.0,9,2,1,1
TNPO2,ESM-2 150M + 650M,3,0.0,0.95,1.0,9,2,1,1
TNPO2,ESM-2 150M + 650M,4,0.0,1.0,1.0,9,2,1,1
TNPO2,ESM-2 150M + 650M,5,0.0,0.95,1.0,9,2,1,1
TNPO2,ESM-2 650M + ESM-1b 650M,1,0.0,0.75,1.0,8,3,2,1
TNPO2,ESM-2 650M + ESM-1b 650M,2,0.0,0.9,0.0,9,2,1,1
TNPO2,ESM-2 650M + ESM-1b 650M,3,0.0,0.7,1.0,9,2,1,1
TNPO2,ESM-2 650M + ESM-1b 650M,4,0.02,0.8,1.0,9,2,1,1
TNPO2,ESM-2 650M + ESM-1b 650M,5,0.0,0.75,1.0,9,2,1,1
TNPO2,ESM-2 650M + CaLM,1,0.0,0.9375,0.0,8,3,2,1
TNPO2,ESM-2 650M + CaLM,2,0.05,0.75,1.0,9,2,1,1
TNPO2,ESM-2 650M + CaLM,3,0.7000000000000001,0.9,0.0,9,2,1,1
TNPO2,ESM-2 650M + CaLM,4,0.7000000000000001,0.85,1.0,9,2,1,1
TNPO2,ESM-2 650M + CaLM,5,0.23,0.75,1.0,9,2,1,1
TNPO2,ESM-2 150M + CaLM,1,0.0,0.9375,1.0,8,3,2,1
TNPO2,ESM-2 150M + CaLM,2,0.0,1.0,1.0,9,2,1,1
TNPO2,ESM-2 150M + CaLM,3,0.0,0.95,1.0,9,2,1,1
TNPO2,ESM-2 150M + CaLM,4,0.0,0.95,1.0,9,2,1,1
TNPO2,ESM-2 150M + CaLM,5,0.0,1.0,1.0,9,2,1,1
TNPO2,ESM-1b 650M + CaLM,1,0.12,0.875,0.5,8,3,2,1
TNPO2,ESM-1b 650M + CaLM,2,0.14,0.95,0.0,9,2,1,1
TNPO2,ESM-1b 650M + CaLM,3,0.14,0.8,1.0,9,2,1,1
TNPO2,ESM-1b 650M + CaLM,4,0.14,0.9,1.0,9,2,1,1
TNPO2,ESM-1b 650M + CaLM,5,0.14,0.8,1.0,9,2,1,1
TP53,ESM-2 150M + 650M,1,0.98,0.9208472686733556,0.9846547314578004,160,40,17,23
TP53,ESM-2 150M + 650M,2,0.97,0.9503105590062112,0.8721227621483376,160,40,17,23
TP53,ESM-2 150M + 650M,3,0.96,0.931517757604714,0.9514066496163684,160,40,17,23
TP53,ESM-2 150M + 650M,4,0.9,0.9362955884695016,0.918158567774936,160,40,17,23
TP53,ESM-2 150M + 650M,5,0.93,0.9347826086956522,0.9292929292929292,160,40,18,22
TP53,ESM-2 650M + ESM-1b 650M,1,0.77,0.9679885332059244,0.979539641943734,160,40,17,23
TP53,ESM-2 650M + ESM-1b 650M,2,0.86,0.9705367096671444,0.969309462915601,160,40,17,23
TP53,ESM-2 650M + ESM-1b 650M,3,0.84,0.966395922917662,0.979539641943734,160,40,17,23
TP53,ESM-2 650M + ESM-1b 650M,4,0.86,0.972766364070712,0.9462915601023018,160,40,17,23
TP53,ESM-2 650M + ESM-1b 650M,5,0.86,0.9713874680306904,0.9595959595959596,160,40,18,22
TP53,ESM-2 650M + CaLM,1,0.0,0.9203694855868768,0.9948849104859336,160,40,17,23
TP53,ESM-2 650M + CaLM,2,0.03,0.9496735148909062,0.8797953964194374,160,40,17,23
TP53,ESM-2 650M + CaLM,3,0.0,0.9412326803631152,0.9002557544757033,160,40,17,23
TP53,ESM-2 650M + CaLM,4,0.02,0.9377289377289376,0.9360613810741688,160,40,17,23
TP53,ESM-2 650M + CaLM,5,0.18,0.925031969309463,0.9696969696969696,160,40,18,22
TP53,ESM-2 150M + CaLM,1,0.0,0.870043000477783,0.8567774936061381,160,40,17,23
TP53,ESM-2 150M + CaLM,2,0.0,0.8662207357859532,0.8695652173913043,160,40,17,23
TP53,ESM-2 150M + CaLM,3,0.0,0.8485427615862399,0.9360613810741688,160,40,17,23
TP53,ESM-2 150M + CaLM,4,0.0,0.860328077719382,0.887468030690537,160,40,17,23
TP53,ESM-2 150M + CaLM,5,0.0,0.8853900255754475,0.7752525252525253,160,40,18,22
TP53,ESM-1b 650M + CaLM,1,0.0,0.969581143494187,0.9514066496163684,160,40,17,23
TP53,ESM-1b 650M + CaLM,2,0.0,0.963688485427616,0.9769820971867008,160,40,17,23
TP53,ESM-1b 650M + CaLM,3,0.01,0.9718107978977544,0.9462915601023018,160,40,17,23
TP53,ESM-1b 650M + CaLM,4,0.01,0.9617773530817008,0.9820971867007672,160,40,17,23
TP53,ESM-1b 650M + CaLM,5,0.08,0.967071611253197,0.9621212121212122,160,40,18,22
TP63,ESM-2 150M + 650M,1,0.8300000000000001,0.9918478260869564,0.9393939393939394,54,14,11,3
TP63,ESM-2 150M + 650M,2,0.45,1.0,0.875,54,14,12,2
TP63,ESM-2 150M + 650M,3,0.52,0.982716049382716,1.0,54,14,12,2
TP63,ESM-2 150M + 650M,4,0.52,0.9830917874396136,1.0,55,13,11,2
TP63,ESM-2 150M + 650M,5,0.52,0.9782608695652174,1.0,55,13,11,2
TP63,ESM-2 650M + ESM-1b 650M,1,0.13,0.967391304347826,1.0,54,14,11,3
TP63,ESM-2 650M + ESM-1b 650M,2,0.13,0.9777777777777776,1.0,54,14,12,2
TP63,ESM-2 650M + ESM-1b 650M,3,0.0,0.9901234567901236,0.9166666666666666,54,14,12,2
TP63,ESM-2 650M + ESM-1b 650M,4,0.0,0.9710144927536232,1.0,55,13,11,2
TP63,ESM-2 650M + ESM-1b 650M,5,0.13,0.9879227053140096,0.9090909090909092,55,13,11,2
TP63,ESM-2 650M + CaLM,1,0.42,1.0,1.0,54,14,11,3
TP63,ESM-2 650M + CaLM,2,0.55,0.9925925925925926,1.0,54,14,12,2
TP63,ESM-2 650M + CaLM,3,0.55,0.9950617283950616,1.0,54,14,12,2
TP63,ESM-2 650M + CaLM,4,0.46,0.997584541062802,1.0,55,13,11,2
TP63,ESM-2 650M + CaLM,5,0.55,0.9927536231884058,1.0,55,13,11,2
TP63,ESM-2 150M + CaLM,1,0.34,0.9538043478260868,0.9090909090909092,54,14,11,3
TP63,ESM-2 150M + CaLM,2,0.01,0.965432098765432,0.7916666666666666,54,14,12,2
TP63,ESM-2 150M + CaLM,3,0.54,0.9209876543209876,1.0,54,14,12,2
TP63,ESM-2 150M + CaLM,4,0.48,0.9516908212560388,0.9090909090909092,55,13,11,2
TP63,ESM-2 150M + CaLM,5,0.54,0.9371980676328504,1.0,55,13,11,2
TP63,ESM-1b 650M + CaLM,1,0.48,0.9782608695652174,0.9090909090909092,54,14,11,3
TP63,ESM-1b 650M + CaLM,2,0.64,0.9753086419753086,1.0,54,14,12,2
TP63,ESM-1b 650M + CaLM,3,0.65,0.9753086419753086,1.0,54,14,12,2
TP63,ESM-1b 650M + CaLM,4,0.65,0.9951690821256038,0.9090909090909092,55,13,11,2
TP63,ESM-1b 650M + CaLM,5,0.65,0.9782608695652174,1.0,55,13,11,2
TPO,ESM-2 150M + 650M,1,0.41,0.8833333333333333,1.0,27,7,4,3
TPO,ESM-2 150M + 650M,2,0.6900000000000001,0.8666666666666667,1.0,27,7,4,3
TPO,ESM-2 150M + 650M,3,0.41,0.8777777777777778,1.0,27,7,4,3
TPO,ESM-2 150M + 650M,4,0.54,0.9333333333333332,0.75,27,7,4,3
TPO,ESM-2 150M + 650M,5,0.6900000000000001,0.9479166666666666,0.6666666666666666,28,6,3,3
TPO,ESM-2 650M + ESM-1b 650M,1,0.96,0.9333333333333332,1.0,27,7,4,3
TPO,ESM-2 650M + ESM-1b 650M,2,0.96,0.9444444444444444,1.0,27,7,4,3
TPO,ESM-2 650M + ESM-1b 650M,3,0.96,0.9388888888888888,1.0,27,7,4,3
TPO,ESM-2 650M + ESM-1b 650M,4,0.56,0.95,0.8333333333333334,27,7,4,3
TPO,ESM-2 650M + ESM-1b 650M,5,0.95,0.9947916666666666,0.6666666666666666,28,6,3,3
TPO,ESM-2 650M + CaLM,1,0.56,0.8888888888888888,0.9166666666666666,27,7,4,3
TPO,ESM-2 650M + CaLM,2,0.0,0.8777777777777778,1.0,27,7,4,3
TPO,ESM-2 650M + CaLM,3,0.0,0.9444444444444444,0.75,27,7,4,3
TPO,ESM-2 650M + CaLM,4,0.0,0.9333333333333332,0.8333333333333334,27,7,4,3
TPO,ESM-2 650M + CaLM,5,0.0,0.8802083333333334,1.0,28,6,3,3
TPO,ESM-2 150M + CaLM,1,0.0,0.8777777777777778,0.9166666666666666,27,7,4,3
TPO,ESM-2 150M + CaLM,2,0.0,0.9055555555555556,0.75,27,7,4,3
TPO,ESM-2 150M + CaLM,3,0.0,0.8444444444444444,1.0,27,7,4,3
TPO,ESM-2 150M + CaLM,4,0.35,0.8833333333333333,0.75,27,7,4,3
TPO,ESM-2 150M + CaLM,5,0.27,0.875,0.8888888888888888,28,6,3,3
TPO,ESM-1b 650M + CaLM,1,0.22,1.0,0.8333333333333334,27,7,4,3
TPO,ESM-1b 650M + CaLM,2,0.31,0.9555555555555556,1.0,27,7,4,3
TPO,ESM-1b 650M + CaLM,3,0.31,0.9555555555555556,1.0,27,7,4,3
TPO,ESM-1b 650M + CaLM,4,0.31,0.9444444444444444,1.0,27,7,4,3
TPO,ESM-1b 650M + CaLM,5,0.04,0.953125,0.8888888888888888,28,6,3,3
TPP1,ESM-2 150M + 650M,1,0.76,0.9642857142857144,1.0,25,7,6,1
TPP1,ESM-2 150M + 650M,2,0.5700000000000001,0.9523809523809524,1.0,25,7,6,1
TPP1,ESM-2 150M + 650M,3,0.76,0.9659090909090908,1.0,26,6,5,1
TPP1,ESM-2 150M + 650M,4,0.31,0.9545454545454546,1.0,26,6,5,1
TPP1,ESM-2 150M + 650M,5,0.76,0.9204545454545454,1.0,26,6,5,1
TPP1,ESM-2 650M + ESM-1b 650M,1,0.49,0.9761904761904762,1.0,25,7,6,1
TPP1,ESM-2 650M + ESM-1b 650M,2,0.84,0.9642857142857144,1.0,25,7,6,1
TPP1,ESM-2 650M + ESM-1b 650M,3,0.84,0.9886363636363636,1.0,26,6,5,1
TPP1,ESM-2 650M + ESM-1b 650M,4,0.14,0.9772727272727272,1.0,26,6,5,1
TPP1,ESM-2 650M + ESM-1b 650M,5,0.84,0.9886363636363636,1.0,26,6,5,1
TPP1,ESM-2 650M + CaLM,1,0.63,0.9404761904761904,1.0,25,7,6,1
TPP1,ESM-2 650M + CaLM,2,0.54,0.9523809523809524,1.0,25,7,6,1
TPP1,ESM-2 650M + CaLM,3,0.0,0.9659090909090908,1.0,26,6,5,1
TPP1,ESM-2 650M + CaLM,4,0.8300000000000001,0.9545454545454546,1.0,26,6,5,1
TPP1,ESM-2 650M + CaLM,5,0.35,0.9886363636363636,0.6,26,6,5,1
TPP1,ESM-2 150M + CaLM,1,0.11,0.9523809523809524,0.8333333333333334,25,7,6,1
TPP1,ESM-2 150M + CaLM,2,0.59,0.988095238095238,0.8333333333333334,25,7,6,1
TPP1,ESM-2 150M + CaLM,3,0.59,0.9431818181818182,1.0,26,6,5,1
TPP1,ESM-2 150M + CaLM,4,0.58,0.9545454545454546,1.0,26,6,5,1
TPP1,ESM-2 150M + CaLM,5,0.59,0.9204545454545454,1.0,26,6,5,1
TPP1,ESM-1b 650M + CaLM,1,0.0,0.988095238095238,1.0,25,7,6,1
TPP1,ESM-1b 650M + CaLM,2,0.19,1.0,1.0,25,7,6,1
TPP1,ESM-1b 650M + CaLM,3,0.0,0.9659090909090908,1.0,26,6,5,1
TPP1,ESM-1b 650M + CaLM,4,0.0,0.9886363636363636,1.0,26,6,5,1
TPP1,ESM-1b 650M + CaLM,5,0.19,0.9772727272727272,1.0,26,6,5,1
TRAF7,ESM-2 150M + 650M,1,0.91,0.5396825396825397,0.6666666666666666,16,5,2,3
TRAF7,ESM-2 150M + 650M,2,0.27,0.625,0.3333333333333333,17,4,1,3
TRAF7,ESM-2 150M + 650M,3,0.0,0.5428571428571428,0.25,17,4,2,2
TRAF7,ESM-2 150M + 650M,4,0.91,0.5285714285714286,1.0,17,4,2,2
TRAF7,ESM-2 150M + 650M,5,0.27,0.6857142857142857,0.25,17,4,2,2
TRAF7,ESM-2 650M + ESM-1b 650M,1,0.33,0.7142857142857143,0.8333333333333334,16,5,2,3
TRAF7,ESM-2 650M + ESM-1b 650M,2,0.33,0.75,0.3333333333333333,17,4,1,3
TRAF7,ESM-2 650M + ESM-1b 650M,3,0.33,0.7285714285714285,0.5,17,4,2,2
TRAF7,ESM-2 650M + ESM-1b 650M,4,0.94,0.7714285714285715,0.5,17,4,2,2
TRAF7,ESM-2 650M + ESM-1b 650M,5,0.55,0.6428571428571429,1.0,17,4,2,2
TRAF7,ESM-2 650M + CaLM,1,0.32,0.5873015873015873,1.0,16,5,2,3
TRAF7,ESM-2 650M + CaLM,2,0.36,0.6666666666666666,0.6666666666666666,17,4,1,3
TRAF7,ESM-2 650M + CaLM,3,0.9,0.7285714285714285,0.5,17,4,2,2
TRAF7,ESM-2 650M + CaLM,4,0.32,0.6714285714285714,0.5,17,4,2,2
TRAF7,ESM-2 650M + CaLM,5,0.94,0.6428571428571429,1.0,17,4,2,2
TRAF7,ESM-2 150M + CaLM,1,0.52,0.6825396825396826,0.5,16,5,2,3
TRAF7,ESM-2 150M + CaLM,2,0.74,0.5694444444444444,1.0,17,4,1,3
TRAF7,ESM-2 150M + CaLM,3,0.74,0.5714285714285714,0.75,17,4,2,2
TRAF7,ESM-2 150M + CaLM,4,0.91,0.7571428571428571,0.0,17,4,2,2
TRAF7,ESM-2 150M + CaLM,5,0.11,0.6142857142857143,0.5,17,4,2,2
TRAF7,ESM-1b 650M + CaLM,1,0.02,0.6984126984126984,0.8333333333333334,16,5,2,3
TRAF7,ESM-1b 650M + CaLM,2,0.0,0.6944444444444444,0.6666666666666666,17,4,1,3
TRAF7,ESM-1b 650M + CaLM,3,0.87,0.7428571428571429,0.5,17,4,2,2
TRAF7,ESM-1b 650M + CaLM,4,0.48,0.6,1.0,17,4,2,2
TRAF7,ESM-1b 650M + CaLM,5,0.48,0.9285714285714286,0.0,17,4,2,2
TRMU,ESM-2 150M + 650M,1,0.0,1.0,1.0,16,4,2,2
TRMU,ESM-2 150M + 650M,2,0.0,1.0,1.0,16,4,2,2
TRMU,ESM-2 150M + 650M,3,0.0,1.0,1.0,16,4,2,2
TRMU,ESM-2 150M + 650M,4,0.0,1.0,1.0,16,4,3,1
TRMU,ESM-2 150M + 650M,5,0.0,1.0,1.0,16,4,3,1
TRMU,ESM-2 650M + ESM-1b 650M,1,0.0,1.0,1.0,16,4,2,2
TRMU,ESM-2 650M + ESM-1b 650M,2,0.0,1.0,1.0,16,4,2,2
TRMU,ESM-2 650M + ESM-1b 650M,3,0.0,1.0,1.0,16,4,2,2
TRMU,ESM-2 650M + ESM-1b 650M,4,0.0,1.0,1.0,16,4,3,1
TRMU,ESM-2 650M + ESM-1b 650M,5,0.0,1.0,1.0,16,4,3,1
TRMU,ESM-2 650M + CaLM,1,0.0,1.0,1.0,16,4,2,2
TRMU,ESM-2 650M + CaLM,2,0.0,1.0,1.0,16,4,2,2
TRMU,ESM-2 650M + CaLM,3,0.0,1.0,1.0,16,4,2,2
TRMU,ESM-2 650M + CaLM,4,0.0,1.0,1.0,16,4,3,1
TRMU,ESM-2 650M + CaLM,5,0.0,1.0,1.0,16,4,3,1
TRMU,ESM-2 150M + CaLM,1,0.0,1.0,1.0,16,4,2,2
TRMU,ESM-2 150M + CaLM,2,0.0,1.0,1.0,16,4,2,2
TRMU,ESM-2 150M + CaLM,3,0.0,1.0,1.0,16,4,2,2
TRMU,ESM-2 150M + CaLM,4,0.0,1.0,1.0,16,4,3,1
TRMU,ESM-2 150M + CaLM,5,0.0,1.0,1.0,16,4,3,1
TRMU,ESM-1b 650M + CaLM,1,0.0,0.95,1.0,16,4,2,2
TRMU,ESM-1b 650M + CaLM,2,0.0,1.0,0.75,16,4,2,2
TRMU,ESM-1b 650M + CaLM,3,0.0,0.9666666666666668,1.0,16,4,2,2
TRMU,ESM-1b 650M + CaLM,4,0.0,0.9523809523809524,1.0,16,4,3,1
TRMU,ESM-1b 650M + CaLM,5,0.0,0.9682539682539684,1.0,16,4,3,1
TRPC6,ESM-2 150M + 650M,1,0.61,0.7083333333333334,0.75,14,4,2,2
TRPC6,ESM-2 150M + 650M,2,0.78,0.8125,0.75,14,4,2,2
TRPC6,ESM-2 150M + 650M,3,0.8300000000000001,0.7916666666666666,0.75,14,4,2,2
TRPC6,ESM-2 150M + 650M,4,0.8300000000000001,0.8571428571428571,0.5,15,3,2,1
TRPC6,ESM-2 150M + 650M,5,0.8300000000000001,0.7678571428571429,1.0,15,3,2,1
TRPC6,ESM-2 650M + ESM-1b 650M,1,0.95,0.8333333333333334,0.75,14,4,2,2
TRPC6,ESM-2 650M + ESM-1b 650M,2,0.29,0.7916666666666666,1.0,14,4,2,2
TRPC6,ESM-2 650M + ESM-1b 650M,3,0.01,0.75,1.0,14,4,2,2
TRPC6,ESM-2 650M + ESM-1b 650M,4,0.01,0.7678571428571429,1.0,15,3,2,1
TRPC6,ESM-2 650M + ESM-1b 650M,5,0.8200000000000001,0.9285714285714286,0.0,15,3,2,1
TRPC6,ESM-2 650M + CaLM,1,0.09,0.75,1.0,14,4,2,2
TRPC6,ESM-2 650M + CaLM,2,0.09,0.75,1.0,14,4,2,2
TRPC6,ESM-2 650M + CaLM,3,0.09,0.9375,0.25,14,4,2,2
TRPC6,ESM-2 650M + CaLM,4,0.0,0.7321428571428571,1.0,15,3,2,1
TRPC6,ESM-2 650M + CaLM,5,0.0,0.8214285714285714,0.5,15,3,2,1
TRPC6,ESM-2 150M + CaLM,1,0.0,0.2083333333333333,1.0,14,4,2,2
TRPC6,ESM-2 150M + CaLM,2,0.0,0.5416666666666666,0.0,14,4,2,2
TRPC6,ESM-2 150M + CaLM,3,0.0,0.4583333333333333,0.25,14,4,2,2
TRPC6,ESM-2 150M + CaLM,4,0.0,0.5,0.0,15,3,2,1
TRPC6,ESM-2 150M + CaLM,5,0.33,0.4107142857142857,0.5,15,3,2,1
TRPC6,ESM-1b 650M + CaLM,1,0.0,0.75,1.0,14,4,2,2
TRPC6,ESM-1b 650M + CaLM,2,0.0,0.8333333333333334,0.75,14,4,2,2
TRPC6,ESM-1b 650M + CaLM,3,0.0,0.75,1.0,14,4,2,2
TRPC6,ESM-1b 650M + CaLM,4,0.0,0.7678571428571429,1.0,15,3,2,1
TRPC6,ESM-1b 650M + CaLM,5,0.0,0.9464285714285714,0.0,15,3,2,1
TRPV3,ESM-2 150M + 650M,1,0.0,0.9866666666666668,0.875,20,6,2,4
TRPV3,ESM-2 150M + 650M,2,0.71,0.9777777777777776,1.0,21,5,1,4
TRPV3,ESM-2 150M + 650M,3,0.71,1.0,0.75,21,5,1,4
TRPV3,ESM-2 150M + 650M,4,0.71,0.9777777777777776,1.0,21,5,1,4
TRPV3,ESM-2 150M + 650M,5,0.71,0.975,1.0,21,5,2,3
TRPV3,ESM-2 650M + ESM-1b 650M,1,0.41,1.0,1.0,20,6,2,4
TRPV3,ESM-2 650M + ESM-1b 650M,2,0.41,1.0,1.0,21,5,1,4
TRPV3,ESM-2 650M + ESM-1b 650M,3,0.41,1.0,1.0,21,5,1,4
TRPV3,ESM-2 650M + ESM-1b 650M,4,0.0,1.0,0.75,21,5,1,4
TRPV3,ESM-2 650M + ESM-1b 650M,5,0.41,1.0,1.0,21,5,2,3
TRPV3,ESM-2 650M + CaLM,1,0.4,1.0,1.0,20,6,2,4
TRPV3,ESM-2 650M + CaLM,2,0.1,1.0,1.0,21,5,1,4
TRPV3,ESM-2 650M + CaLM,3,0.0,1.0,1.0,21,5,1,4
TRPV3,ESM-2 650M + CaLM,4,0.4,1.0,1.0,21,5,1,4
TRPV3,ESM-2 650M + CaLM,5,0.4,1.0,1.0,21,5,2,3
TRPV3,ESM-2 150M + CaLM,1,0.0,1.0,0.75,20,6,2,4
TRPV3,ESM-2 150M + CaLM,2,0.26,1.0,1.0,21,5,1,4
TRPV3,ESM-2 150M + CaLM,3,0.26,1.0,1.0,21,5,1,4
TRPV3,ESM-2 150M + CaLM,4,0.26,1.0,1.0,21,5,1,4
TRPV3,ESM-2 150M + CaLM,5,0.26,1.0,1.0,21,5,2,3
TRPV3,ESM-1b 650M + CaLM,1,0.0,1.0,1.0,20,6,2,4
TRPV3,ESM-1b 650M + CaLM,2,0.0,1.0,1.0,21,5,1,4
TRPV3,ESM-1b 650M + CaLM,3,0.12,1.0,1.0,21,5,1,4
TRPV3,ESM-1b 650M + CaLM,4,0.12,1.0,1.0,21,5,1,4
TRPV3,ESM-1b 650M + CaLM,5,0.12,1.0,1.0,21,5,2,3
TRPV4,ESM-2 150M + 650M,1,0.48,0.5194805194805194,0.3125,40,10,8,2
TRPV4,ESM-2 150M + 650M,2,0.84,0.5151515151515151,0.25,40,10,8,2
TRPV4,ESM-2 150M + 650M,3,0.0,0.4675324675324675,0.25,40,10,8,2
TRPV4,ESM-2 150M + 650M,4,0.84,0.5108225108225108,0.3125,40,10,8,2
TRPV4,ESM-2 150M + 650M,5,0.84,0.40625,0.7777777777777778,40,10,9,1
TRPV4,ESM-2 650M + ESM-1b 650M,1,0.93,0.670995670995671,0.875,40,10,8,2
TRPV4,ESM-2 650M + ESM-1b 650M,2,0.93,0.6926406926406926,0.875,40,10,8,2
TRPV4,ESM-2 650M + ESM-1b 650M,3,0.92,0.7272727272727273,0.625,40,10,8,2
TRPV4,ESM-2 650M + ESM-1b 650M,4,0.93,0.7922077922077922,0.5,40,10,8,2
TRPV4,ESM-2 650M + ESM-1b 650M,5,0.97,0.7109375,0.6666666666666666,40,10,9,1
TRPV4,ESM-2 650M + CaLM,1,0.08,0.6017316017316018,0.0625,40,10,8,2
TRPV4,ESM-2 650M + CaLM,2,1.0,0.4415584415584415,0.4375,40,10,8,2
TRPV4,ESM-2 650M + CaLM,3,0.0,0.4805194805194805,0.5,40,10,8,2
TRPV4,ESM-2 650M + CaLM,4,1.0,0.4761904761904761,0.3125,40,10,8,2
TRPV4,ESM-2 650M + CaLM,5,0.01,0.4375,0.6666666666666666,40,10,9,1
TRPV4,ESM-2 150M + CaLM,1,1.0,0.4458874458874459,0.375,40,10,8,2
TRPV4,ESM-2 150M + CaLM,2,1.0,0.4675324675324675,0.4375,40,10,8,2
TRPV4,ESM-2 150M + CaLM,3,0.28,0.4675324675324675,0.3125,40,10,8,2
TRPV4,ESM-2 150M + CaLM,4,0.21,0.4588744588744589,0.25,40,10,8,2
TRPV4,ESM-2 150M + CaLM,5,0.87,0.4609375,0.4444444444444444,40,10,9,1
TRPV4,ESM-1b 650M + CaLM,1,0.0,0.6796536796536796,0.75,40,10,8,2
TRPV4,ESM-1b 650M + CaLM,2,0.0,0.7575757575757576,0.5,40,10,8,2
TRPV4,ESM-1b 650M + CaLM,3,0.0,0.7272727272727273,0.6875,40,10,8,2
TRPV4,ESM-1b 650M + CaLM,4,0.0,0.7229437229437229,0.625,40,10,8,2
TRPV4,ESM-1b 650M + CaLM,5,0.06,0.68359375,0.8888888888888888,40,10,9,1
TRPV6,ESM-2 150M + 650M,1,0.68,0.825,1.0,13,4,2,2
TRPV6,ESM-2 150M + 650M,2,0.0,1.0,0.5,13,4,2,2
TRPV6,ESM-2 150M + 650M,3,0.88,0.8125,1.0,14,3,1,2
TRPV6,ESM-2 150M + 650M,4,0.88,0.8125,1.0,14,3,1,2
TRPV6,ESM-2 150M + 650M,5,0.88,0.8541666666666666,1.0,14,3,1,2
TRPV6,ESM-2 650M + ESM-1b 650M,1,0.0,0.95,0.75,13,4,2,2
TRPV6,ESM-2 650M + ESM-1b 650M,2,0.11,0.85,1.0,13,4,2,2
TRPV6,ESM-2 650M + ESM-1b 650M,3,0.11,0.8958333333333334,1.0,14,3,1,2
TRPV6,ESM-2 650M + ESM-1b 650M,4,0.11,0.9791666666666666,0.5,14,3,1,2
TRPV6,ESM-2 650M + ESM-1b 650M,5,0.11,0.8958333333333334,1.0,14,3,1,2
TRPV6,ESM-2 650M + CaLM,1,0.0,0.825,1.0,13,4,2,2
TRPV6,ESM-2 650M + CaLM,2,0.0,0.8,1.0,13,4,2,2
TRPV6,ESM-2 650M + CaLM,3,0.0,0.8541666666666666,1.0,14,3,1,2
TRPV6,ESM-2 650M + CaLM,4,0.0,0.9375,0.5,14,3,1,2
TRPV6,ESM-2 650M + CaLM,5,0.0,0.875,1.0,14,3,1,2
TRPV6,ESM-2 150M + CaLM,1,0.0,0.875,0.5,13,4,2,2
TRPV6,ESM-2 150M + CaLM,2,0.0,0.75,1.0,13,4,2,2
TRPV6,ESM-2 150M + CaLM,3,0.0,0.7916666666666666,1.0,14,3,1,2
TRPV6,ESM-2 150M + CaLM,4,0.0,0.8125,1.0,14,3,1,2
TRPV6,ESM-2 150M + CaLM,5,0.0,0.8958333333333334,0.5,14,3,1,2
TRPV6,ESM-1b 650M + CaLM,1,0.0,0.85,1.0,13,4,2,2
TRPV6,ESM-1b 650M + CaLM,2,0.0,0.9,0.75,13,4,2,2
TRPV6,ESM-1b 650M + CaLM,3,0.0,0.875,1.0,14,3,1,2
TRPV6,ESM-1b 650M + CaLM,4,0.0,0.875,1.0,14,3,1,2
TRPV6,ESM-1b 650M + CaLM,5,0.0,0.9791666666666666,0.5,14,3,1,2
TSEN54,ESM-2 150M + 650M,1,0.36,0.9791666666666666,0.6666666666666666,16,5,2,3
TSEN54,ESM-2 150M + 650M,2,0.77,0.95,0.6666666666666666,17,4,1,3
TSEN54,ESM-2 150M + 650M,3,0.36,0.8833333333333333,1.0,17,4,1,3
TSEN54,ESM-2 150M + 650M,4,0.11,0.9333333333333332,0.0,17,4,1,3
TSEN54,ESM-2 150M + 650M,5,0.78,0.9,1.0,17,4,1,3
TSEN54,ESM-2 650M + ESM-1b 650M,1,0.0,0.9166666666666666,0.8333333333333334,16,5,2,3
TSEN54,ESM-2 650M + ESM-1b 650M,2,0.0,0.9333333333333332,0.6666666666666666,17,4,1,3
TSEN54,ESM-2 650M + ESM-1b 650M,3,0.59,0.9666666666666668,0.6666666666666666,17,4,1,3
TSEN54,ESM-2 650M + ESM-1b 650M,4,0.0,0.85,1.0,17,4,1,3
TSEN54,ESM-2 650M + ESM-1b 650M,5,0.66,0.9333333333333332,0.6666666666666666,17,4,1,3
TSEN54,ESM-2 650M + CaLM,1,0.45,0.9166666666666666,0.8333333333333334,16,5,2,3
TSEN54,ESM-2 650M + CaLM,2,0.0,0.9333333333333332,0.6666666666666666,17,4,1,3
TSEN54,ESM-2 650M + CaLM,3,0.0,0.9333333333333332,0.6666666666666666,17,4,1,3
TSEN54,ESM-2 650M + CaLM,4,0.11,0.9166666666666666,1.0,17,4,1,3
TSEN54,ESM-2 650M + CaLM,5,0.52,0.8833333333333333,1.0,17,4,1,3
TSEN54,ESM-2 150M + CaLM,1,0.0,0.8125,0.8333333333333334,16,5,2,3
TSEN54,ESM-2 150M + CaLM,2,0.0,0.8166666666666667,0.6666666666666666,17,4,1,3
TSEN54,ESM-2 150M + CaLM,3,0.0,0.75,1.0,17,4,1,3
TSEN54,ESM-2 150M + CaLM,4,0.12,0.75,0.6666666666666666,17,4,1,3
TSEN54,ESM-2 150M + CaLM,5,0.12,0.75,1.0,17,4,1,3
TSEN54,ESM-1b 650M + CaLM,1,0.13,0.9375,0.6666666666666666,16,5,2,3
TSEN54,ESM-1b 650M + CaLM,2,0.13,0.8333333333333334,1.0,17,4,1,3
TSEN54,ESM-1b 650M + CaLM,3,0.0,0.8166666666666667,1.0,17,4,1,3
TSEN54,ESM-1b 650M + CaLM,4,0.0,0.9,0.6666666666666666,17,4,1,3
TSEN54,ESM-1b 650M + CaLM,5,0.0,0.8333333333333334,1.0,17,4,1,3
TSHR,ESM-2 150M + 650M,1,0.0,0.9264705882352942,0.625,21,6,4,2
TSHR,ESM-2 150M + 650M,2,0.0,0.8375,0.6,21,6,5,1
TSHR,ESM-2 150M + 650M,3,0.0,0.7529411764705882,1.0,22,5,4,1
TSHR,ESM-2 150M + 650M,4,0.0,0.7647058823529411,1.0,22,5,4,1
TSHR,ESM-2 150M + 650M,5,0.0,0.7529411764705882,1.0,22,5,4,1
TSHR,ESM-2 650M + ESM-1b 650M,1,0.8300000000000001,0.8235294117647058,0.75,21,6,4,2
TSHR,ESM-2 650M + ESM-1b 650M,2,0.95,0.825,0.8,21,6,5,1
TSHR,ESM-2 650M + ESM-1b 650M,3,0.8,0.8117647058823529,1.0,22,5,4,1
TSHR,ESM-2 650M + ESM-1b 650M,4,0.95,0.8117647058823529,1.0,22,5,4,1
TSHR,ESM-2 650M + ESM-1b 650M,5,0.8300000000000001,0.8941176470588236,0.75,22,5,4,1
TSHR,ESM-2 650M + CaLM,1,0.18,0.7058823529411765,0.875,21,6,4,2
TSHR,ESM-2 650M + CaLM,2,0.81,0.75,0.4,21,6,5,1
TSHR,ESM-2 650M + CaLM,3,0.0,0.8705882352941177,0.0,22,5,4,1
TSHR,ESM-2 650M + CaLM,4,0.73,0.7647058823529411,0.75,22,5,4,1
TSHR,ESM-2 650M + CaLM,5,0.18,0.7294117647058823,1.0,22,5,4,1
TSHR,ESM-2 150M + CaLM,1,0.0,0.7205882352941176,1.0,21,6,4,2
TSHR,ESM-2 150M + CaLM,2,0.0,0.8125,0.8,21,6,5,1
TSHR,ESM-2 150M + CaLM,3,0.0,0.7764705882352941,1.0,22,5,4,1
TSHR,ESM-2 150M + CaLM,4,0.0,0.7529411764705882,1.0,22,5,4,1
TSHR,ESM-2 150M + CaLM,5,0.0,0.9529411764705882,0.5,22,5,4,1
TSHR,ESM-1b 650M + CaLM,1,0.0,0.75,1.0,21,6,4,2
TSHR,ESM-1b 650M + CaLM,2,0.0,0.9875,0.4,21,6,5,1
TSHR,ESM-1b 650M + CaLM,3,0.0,0.8235294117647058,0.75,22,5,4,1
TSHR,ESM-1b 650M + CaLM,4,0.0,0.8,1.0,22,5,4,1
TSHR,ESM-1b 650M + CaLM,5,0.0,0.8,1.0,22,5,4,1
TUBB2A,ESM-2 150M + 650M,1,0.39,0.5928571428571429,0.7,27,7,5,2
TUBB2A,ESM-2 150M + 650M,2,0.97,0.6571428571428571,0.5,27,7,5,2
TUBB2A,ESM-2 150M + 650M,3,0.2,0.6642857142857143,0.2,27,7,5,2
TUBB2A,ESM-2 150M + 650M,4,0.97,0.6214285714285714,0.7,27,7,5,2
TUBB2A,ESM-2 150M + 650M,5,0.97,0.56875,0.8,28,6,5,1
TUBB2A,ESM-2 650M + ESM-1b 650M,1,0.76,0.7571428571428571,0.5,27,7,5,2
TUBB2A,ESM-2 650M + ESM-1b 650M,2,0.74,0.7142857142857143,0.6,27,7,5,2
TUBB2A,ESM-2 650M + ESM-1b 650M,3,0.72,0.7,0.7,27,7,5,2
TUBB2A,ESM-2 650M + ESM-1b 650M,4,0.74,0.6642857142857143,0.8,27,7,5,2
TUBB2A,ESM-2 650M + ESM-1b 650M,5,0.23,0.6625,0.6,28,6,5,1
TUBB2A,ESM-2 650M + CaLM,1,0.9,0.7642857142857142,0.4,27,7,5,2
TUBB2A,ESM-2 650M + CaLM,2,0.87,0.6714285714285714,0.6,27,7,5,2
TUBB2A,ESM-2 650M + CaLM,3,0.58,0.6642857142857143,0.7,27,7,5,2
TUBB2A,ESM-2 650M + CaLM,4,0.58,0.65,0.8,27,7,5,2
TUBB2A,ESM-2 650M + CaLM,5,0.87,0.6875,0.6,28,6,5,1
TUBB2A,ESM-2 150M + CaLM,1,0.81,0.6785714285714286,0.7,27,7,5,2
TUBB2A,ESM-2 150M + CaLM,2,0.81,0.6428571428571429,1.0,27,7,5,2
TUBB2A,ESM-2 150M + CaLM,3,0.81,0.8,0.1,27,7,5,2
TUBB2A,ESM-2 150M + CaLM,4,0.71,0.6428571428571429,0.6,27,7,5,2
TUBB2A,ESM-2 150M + CaLM,5,0.81,0.625,1.0,28,6,5,1
TUBB2A,ESM-1b 650M + CaLM,1,0.78,0.8142857142857143,0.4,27,7,5,2
TUBB2A,ESM-1b 650M + CaLM,2,0.5,0.7,0.9,27,7,5,2
TUBB2A,ESM-1b 650M + CaLM,3,0.4,0.6857142857142857,1.0,27,7,5,2
TUBB2A,ESM-1b 650M + CaLM,4,0.11,0.7785714285714286,0.5,27,7,5,2
TUBB2A,ESM-1b 650M + CaLM,5,0.5,0.81875,0.2,28,6,5,1
TULP1,ESM-2 150M + 650M,1,0.84,0.9736842105263158,1.0,23,6,4,2
TULP1,ESM-2 150M + 650M,2,0.72,0.9777777777777776,1.0,23,6,5,1
TULP1,ESM-2 150M + 650M,3,0.5,1.0,0.8,23,6,5,1
TULP1,ESM-2 150M + 650M,4,0.84,0.9666666666666668,1.0,23,6,5,1
TULP1,ESM-2 150M + 650M,5,0.84,0.968421052631579,1.0,24,5,4,1
TULP1,ESM-2 650M + ESM-1b 650M,1,0.23,0.986842105263158,1.0,23,6,4,2
TULP1,ESM-2 650M + ESM-1b 650M,2,0.23,0.9888888888888888,1.0,23,6,5,1
TULP1,ESM-2 650M + ESM-1b 650M,3,0.03,0.9888888888888888,1.0,23,6,5,1
TULP1,ESM-2 650M + ESM-1b 650M,4,0.0,1.0,0.8,23,6,5,1
TULP1,ESM-2 650M + ESM-1b 650M,5,0.23,0.9894736842105264,1.0,24,5,4,1
TULP1,ESM-2 650M + CaLM,1,0.0,0.9736842105263158,1.0,23,6,4,2
TULP1,ESM-2 650M + CaLM,2,0.0,1.0,0.8,23,6,5,1
TULP1,ESM-2 650M + CaLM,3,0.0,0.9777777777777776,1.0,23,6,5,1
TULP1,ESM-2 650M + CaLM,4,0.0,0.9666666666666668,1.0,23,6,5,1
TULP1,ESM-2 650M + CaLM,5,0.0,0.968421052631579,1.0,24,5,4,1
TULP1,ESM-2 150M + CaLM,1,0.0,0.7763157894736842,0.875,23,6,4,2
TULP1,ESM-2 150M + CaLM,2,0.0,0.8111111111111111,0.8,23,6,5,1
TULP1,ESM-2 150M + CaLM,3,0.0,0.7222222222222222,1.0,23,6,5,1
TULP1,ESM-2 150M + CaLM,4,0.17,0.8333333333333334,0.6,23,6,5,1
TULP1,ESM-2 150M + CaLM,5,0.53,0.8947368421052632,0.25,24,5,4,1
TULP1,ESM-1b 650M + CaLM,1,0.02,1.0,1.0,23,6,4,2
TULP1,ESM-1b 650M + CaLM,2,0.0,1.0,0.8,23,6,5,1
TULP1,ESM-1b 650M + CaLM,3,0.02,0.9888888888888888,1.0,23,6,5,1
TULP1,ESM-1b 650M + CaLM,4,0.02,0.9888888888888888,1.0,23,6,5,1
TULP1,ESM-1b 650M + CaLM,5,0.02,0.9894736842105264,1.0,24,5,4,1
TYMP,ESM-2 150M + 650M,1,0.68,0.9642857142857144,1.0,18,5,3,2
TYMP,ESM-2 150M + 650M,2,0.0,0.9692307692307692,1.0,18,5,4,1
TYMP,ESM-2 150M + 650M,3,0.0,1.0,0.75,18,5,4,1
TYMP,ESM-2 150M + 650M,4,0.68,0.9857142857142858,1.0,19,4,3,1
TYMP,ESM-2 150M + 650M,5,0.68,0.9714285714285714,1.0,19,4,3,1
TYMP,ESM-2 650M + ESM-1b 650M,1,0.0,0.9285714285714286,1.0,18,5,3,2
TYMP,ESM-2 650M + ESM-1b 650M,2,0.0,0.953846153846154,1.0,18,5,4,1
TYMP,ESM-2 650M + ESM-1b 650M,3,0.0,0.953846153846154,1.0,18,5,4,1
TYMP,ESM-2 650M + ESM-1b 650M,4,0.0,1.0,0.3333333333333333,19,4,3,1
TYMP,ESM-2 650M + ESM-1b 650M,5,0.0,0.9428571428571428,1.0,19,4,3,1
TYMP,ESM-2 650M + CaLM,1,0.0,0.9464285714285714,1.0,18,5,3,2
TYMP,ESM-2 650M + CaLM,2,0.0,0.9384615384615383,1.0,18,5,4,1
TYMP,ESM-2 650M + CaLM,3,0.0,0.9692307692307692,1.0,18,5,4,1
TYMP,ESM-2 650M + CaLM,4,0.0,0.9428571428571428,1.0,19,4,3,1
TYMP,ESM-2 650M + CaLM,5,0.0,1.0,0.6666666666666666,19,4,3,1
TYMP,ESM-2 150M + CaLM,1,0.0,0.9464285714285714,1.0,18,5,3,2
TYMP,ESM-2 150M + CaLM,2,0.0,0.953846153846154,1.0,18,5,4,1
TYMP,ESM-2 150M + CaLM,3,0.0,1.0,0.75,18,5,4,1
TYMP,ESM-2 150M + CaLM,4,0.0,0.9857142857142858,1.0,19,4,3,1
TYMP,ESM-2 150M + CaLM,5,0.0,0.9571428571428572,1.0,19,4,3,1
TYMP,ESM-1b 650M + CaLM,1,0.0,1.0,0.6666666666666666,18,5,3,2
TYMP,ESM-1b 650M + CaLM,2,0.7000000000000001,0.8307692307692308,1.0,18,5,4,1
TYMP,ESM-1b 650M + CaLM,3,0.56,0.8615384615384616,1.0,18,5,4,1
TYMP,ESM-1b 650M + CaLM,4,0.56,0.8571428571428571,1.0,19,4,3,1
TYMP,ESM-1b 650M + CaLM,5,0.56,0.8571428571428571,1.0,19,4,3,1
TYRP1,ESM-2 150M + 650M,1,0.61,1.0,1.0,10,3,2,1
TYRP1,ESM-2 150M + 650M,2,0.47,1.0,1.0,10,3,2,1
TYRP1,ESM-2 150M + 650M,3,0.61,1.0,1.0,10,3,2,1
TYRP1,ESM-2 150M + 650M,4,0.58,1.0,1.0,11,2,1,1
TYRP1,ESM-2 150M + 650M,5,0.61,1.0,1.0,11,2,1,1
TYRP1,ESM-2 650M + ESM-1b 650M,1,0.0,1.0,1.0,10,3,2,1
TYRP1,ESM-2 650M + ESM-1b 650M,2,0.0,1.0,1.0,10,3,2,1
TYRP1,ESM-2 650M + ESM-1b 650M,3,0.0,1.0,1.0,10,3,2,1
TYRP1,ESM-2 650M + ESM-1b 650M,4,0.0,1.0,1.0,11,2,1,1
TYRP1,ESM-2 650M + ESM-1b 650M,5,0.0,1.0,1.0,11,2,1,1
TYRP1,ESM-2 650M + CaLM,1,0.0,1.0,1.0,10,3,2,1
TYRP1,ESM-2 650M + CaLM,2,0.0,1.0,1.0,10,3,2,1
TYRP1,ESM-2 650M + CaLM,3,0.0,1.0,1.0,10,3,2,1
TYRP1,ESM-2 650M + CaLM,4,0.0,1.0,1.0,11,2,1,1
TYRP1,ESM-2 650M + CaLM,5,0.0,1.0,1.0,11,2,1,1
TYRP1,ESM-2 150M + CaLM,1,0.64,0.9166666666666666,1.0,10,3,2,1
TYRP1,ESM-2 150M + CaLM,2,0.33,1.0,0.5,10,3,2,1
TYRP1,ESM-2 150M + CaLM,3,0.5,0.875,1.0,10,3,2,1
TYRP1,ESM-2 150M + CaLM,4,0.64,0.8928571428571429,1.0,11,2,1,1
TYRP1,ESM-2 150M + CaLM,5,0.64,0.9285714285714286,1.0,11,2,1,1
TYRP1,ESM-1b 650M + CaLM,1,0.0,1.0,1.0,10,3,2,1
TYRP1,ESM-1b 650M + CaLM,2,0.0,1.0,1.0,10,3,2,1
TYRP1,ESM-1b 650M + CaLM,3,0.0,1.0,1.0,10,3,2,1
TYRP1,ESM-1b 650M + CaLM,4,0.0,1.0,1.0,11,2,1,1
TYRP1,ESM-1b 650M + CaLM,5,0.0,1.0,1.0,11,2,1,1
UBE3A,ESM-2 150M + 650M,1,0.99,0.9391304347826088,1.0,28,8,6,2
UBE3A,ESM-2 150M + 650M,2,0.99,0.9833333333333332,1.0,29,7,5,2
UBE3A,ESM-2 150M + 650M,3,0.99,0.9492753623188406,1.0,29,7,6,1
UBE3A,ESM-2 150M + 650M,4,0.88,0.9565217391304348,1.0,29,7,6,1
UBE3A,ESM-2 150M + 650M,5,0.88,0.9420289855072465,1.0,29,7,6,1
UBE3A,ESM-2 650M + ESM-1b 650M,1,0.0,0.9391304347826088,1.0,28,8,6,2
UBE3A,ESM-2 650M + ESM-1b 650M,2,0.0,0.95,1.0,29,7,5,2
UBE3A,ESM-2 650M + ESM-1b 650M,3,0.0,0.9710144927536232,0.8333333333333334,29,7,6,1
UBE3A,ESM-2 650M + ESM-1b 650M,4,0.6,0.9565217391304348,1.0,29,7,6,1
UBE3A,ESM-2 650M + ESM-1b 650M,5,0.55,0.9782608695652174,0.8333333333333334,29,7,6,1
UBE3A,ESM-2 650M + CaLM,1,0.54,0.991304347826087,1.0,28,8,6,2
UBE3A,ESM-2 650M + CaLM,2,0.59,0.975,1.0,29,7,5,2
UBE3A,ESM-2 650M + CaLM,3,0.54,0.9782608695652174,1.0,29,7,6,1
UBE3A,ESM-2 650M + CaLM,4,0.1,0.9782608695652174,0.8333333333333334,29,7,6,1
UBE3A,ESM-2 650M + CaLM,5,0.49,0.9710144927536232,1.0,29,7,6,1
UBE3A,ESM-2 150M + CaLM,1,0.64,0.8956521739130435,0.9166666666666666,28,8,6,2
UBE3A,ESM-2 150M + CaLM,2,0.64,0.9166666666666666,0.9,29,7,5,2
UBE3A,ESM-2 150M + CaLM,3,0.59,0.8695652173913043,1.0,29,7,6,1
UBE3A,ESM-2 150M + CaLM,4,0.64,0.8695652173913043,1.0,29,7,6,1
UBE3A,ESM-2 150M + CaLM,5,0.6,0.9420289855072465,0.8333333333333334,29,7,6,1
UBE3A,ESM-1b 650M + CaLM,1,0.48,0.991304347826087,0.8333333333333334,28,8,6,2
UBE3A,ESM-1b 650M + CaLM,2,0.38,0.9416666666666668,1.0,29,7,5,2
UBE3A,ESM-1b 650M + CaLM,3,0.61,0.9492753623188406,1.0,29,7,6,1
UBE3A,ESM-1b 650M + CaLM,4,0.48,0.9492753623188406,1.0,29,7,6,1
UBE3A,ESM-1b 650M + CaLM,5,0.16,0.9565217391304348,0.8333333333333334,29,7,6,1
UBQLN2,ESM-2 150M + 650M,1,0.0,0.6875,0.0,8,3,1,2
UBQLN2,ESM-2 150M + 650M,2,0.52,0.65,1.0,9,2,1,1
UBQLN2,ESM-2 150M + 650M,3,0.34,0.7,1.0,9,2,1,1
UBQLN2,ESM-2 150M + 650M,4,0.34,0.65,1.0,9,2,1,1
UBQLN2,ESM-2 150M + 650M,5,0.52,0.65,1.0,9,2,1,1
UBQLN2,ESM-2 650M + ESM-1b 650M,1,0.0,0.625,0.5,8,3,1,2
UBQLN2,ESM-2 650M + ESM-1b 650M,2,0.0,0.75,0.0,9,2,1,1
UBQLN2,ESM-2 650M + ESM-1b 650M,3,0.0,0.5,1.0,9,2,1,1
UBQLN2,ESM-2 650M + ESM-1b 650M,4,0.0,0.6,1.0,9,2,1,1
UBQLN2,ESM-2 650M + ESM-1b 650M,5,0.0,0.65,0.0,9,2,1,1
UBQLN2,ESM-2 650M + CaLM,1,0.0,0.4375,1.0,8,3,1,2
UBQLN2,ESM-2 650M + CaLM,2,0.8200000000000001,0.75,0.0,9,2,1,1
UBQLN2,ESM-2 650M + CaLM,3,0.0,0.65,1.0,9,2,1,1
UBQLN2,ESM-2 650M + CaLM,4,0.31,0.65,1.0,9,2,1,1
UBQLN2,ESM-2 650M + CaLM,5,0.31,0.8,0.0,9,2,1,1
UBQLN2,ESM-2 150M + CaLM,1,0.77,0.875,0.0,8,3,1,2
UBQLN2,ESM-2 150M + CaLM,2,0.0,0.7,0.0,9,2,1,1
UBQLN2,ESM-2 150M + CaLM,3,0.0,0.6,1.0,9,2,1,1
UBQLN2,ESM-2 150M + CaLM,4,0.77,0.45,1.0,9,2,1,1
UBQLN2,ESM-2 150M + CaLM,5,0.77,0.55,1.0,9,2,1,1
UBQLN2,ESM-1b 650M + CaLM,1,0.88,0.5,1.0,8,3,1,2
UBQLN2,ESM-1b 650M + CaLM,2,0.8200000000000001,0.65,0.0,9,2,1,1
UBQLN2,ESM-1b 650M + CaLM,3,0.91,0.8,0.0,9,2,1,1
UBQLN2,ESM-1b 650M + CaLM,4,0.91,0.65,1.0,9,2,1,1
UBQLN2,ESM-1b 650M + CaLM,5,0.91,0.6,1.0,9,2,1,1
UMOD,ESM-2 150M + 650M,1,0.89,0.9940476190476192,0.9090909090909092,50,13,11,2
UMOD,ESM-2 150M + 650M,2,0.89,0.9851190476190476,1.0,50,13,11,2
UMOD,ESM-2 150M + 650M,3,0.97,0.9791666666666666,1.0,50,13,11,2
UMOD,ESM-2 150M + 650M,4,0.97,0.9738372093023256,1.0,51,12,10,2
UMOD,ESM-2 150M + 650M,5,0.97,0.9825581395348836,1.0,51,12,10,2
UMOD,ESM-2 650M + ESM-1b 650M,1,0.0,0.988095238095238,0.9545454545454546,50,13,11,2
UMOD,ESM-2 650M + ESM-1b 650M,2,0.02,0.9821428571428572,1.0,50,13,11,2
UMOD,ESM-2 650M + ESM-1b 650M,3,0.0,0.9732142857142856,1.0,50,13,11,2
UMOD,ESM-2 650M + ESM-1b 650M,4,0.02,0.9796511627906976,1.0,51,12,10,2
UMOD,ESM-2 650M + ESM-1b 650M,5,0.02,0.994186046511628,1.0,51,12,10,2
UMOD,ESM-2 650M + CaLM,1,0.0,0.988095238095238,0.9090909090909092,50,13,11,2
UMOD,ESM-2 650M + CaLM,2,0.02,0.9791666666666666,1.0,50,13,11,2
UMOD,ESM-2 650M + CaLM,3,0.11,0.9791666666666666,1.0,50,13,11,2
UMOD,ESM-2 650M + CaLM,4,0.0,0.9912790697674418,0.9,51,12,10,2
UMOD,ESM-2 650M + CaLM,5,0.02,0.9738372093023256,1.0,51,12,10,2
UMOD,ESM-2 150M + CaLM,1,0.71,0.7351190476190477,0.5454545454545454,50,13,11,2
UMOD,ESM-2 150M + CaLM,2,0.95,0.7678571428571429,0.5454545454545454,50,13,11,2
UMOD,ESM-2 150M + CaLM,3,0.99,0.7589285714285714,0.6363636363636364,50,13,11,2
UMOD,ESM-2 150M + CaLM,4,0.6900000000000001,0.6715116279069767,0.85,51,12,10,2
UMOD,ESM-2 150M + CaLM,5,1.0,0.6918604651162791,0.85,51,12,10,2
UMOD,ESM-1b 650M + CaLM,1,0.36,0.8809523809523809,1.0,50,13,11,2
UMOD,ESM-1b 650M + CaLM,2,0.4,0.9226190476190476,0.7272727272727273,50,13,11,2
UMOD,ESM-1b 650M + CaLM,3,0.19,0.9047619047619048,0.8636363636363636,50,13,11,2
UMOD,ESM-1b 650M + CaLM,4,0.36,0.8982558139534884,0.95,51,12,10,2
UMOD,ESM-1b 650M + CaLM,5,0.0,0.9040697674418604,0.8,51,12,10,2
UROS,ESM-2 150M + 650M,1,0.67,0.75,1.0,11,3,1,2
UROS,ESM-2 150M + 650M,2,0.67,0.8666666666666667,0.5,11,3,2,1
UROS,ESM-2 150M + 650M,3,0.67,0.8,1.0,11,3,2,1
UROS,ESM-2 150M + 650M,4,0.43,0.8,1.0,11,3,2,1
UROS,ESM-2 150M + 650M,5,0.43,0.9142857142857144,0.0,12,2,1,1
UROS,ESM-2 650M + ESM-1b 650M,1,0.67,0.9642857142857144,0.5,11,3,1,2
UROS,ESM-2 650M + ESM-1b 650M,2,0.17,0.8333333333333334,1.0,11,3,2,1
UROS,ESM-2 650M + ESM-1b 650M,3,0.17,0.9,1.0,11,3,2,1
UROS,ESM-2 650M + ESM-1b 650M,4,0.3,0.8333333333333334,1.0,11,3,2,1
UROS,ESM-2 650M + ESM-1b 650M,5,0.67,0.9142857142857144,1.0,12,2,1,1
UROS,ESM-2 650M + CaLM,1,0.62,0.9642857142857144,1.0,11,3,1,2
UROS,ESM-2 650M + CaLM,2,0.65,0.8666666666666667,1.0,11,3,2,1
UROS,ESM-2 650M + CaLM,3,0.81,0.9666666666666668,0.5,11,3,2,1
UROS,ESM-2 650M + CaLM,4,0.81,0.9333333333333332,1.0,11,3,2,1
UROS,ESM-2 650M + CaLM,5,0.65,0.9142857142857144,1.0,12,2,1,1
UROS,ESM-2 150M + CaLM,1,0.64,0.8571428571428571,1.0,11,3,1,2
UROS,ESM-2 150M + CaLM,2,0.89,0.9,1.0,11,3,2,1
UROS,ESM-2 150M + CaLM,3,0.89,0.8333333333333334,1.0,11,3,2,1
UROS,ESM-2 150M + CaLM,4,0.64,0.9333333333333332,0.5,11,3,2,1
UROS,ESM-2 150M + CaLM,5,0.92,0.9714285714285714,0.0,12,2,1,1
UROS,ESM-1b 650M + CaLM,1,0.91,0.9642857142857144,1.0,11,3,1,2
UROS,ESM-1b 650M + CaLM,2,0.84,1.0,1.0,11,3,2,1
UROS,ESM-1b 650M + CaLM,3,0.31,0.9,1.0,11,3,2,1
UROS,ESM-1b 650M + CaLM,4,0.86,0.9,1.0,11,3,2,1
UROS,ESM-1b 650M + CaLM,5,0.86,0.9714285714285714,1.0,12,2,1,1
VHL,ESM-2 150M + 650M,1,0.97,0.8602825745682888,1.0,98,25,23,2
VHL,ESM-2 150M + 650M,2,1.0,0.8571428571428571,1.0,98,25,23,2
VHL,ESM-2 150M + 650M,3,0.97,0.9544740973312402,0.6304347826086957,98,25,23,2
VHL,ESM-2 150M + 650M,4,1.0,0.8819875776397516,0.9090909090909092,99,24,22,2
VHL,ESM-2 150M + 650M,5,0.96,0.896978021978022,0.8260869565217391,99,24,23,1
VHL,ESM-2 650M + ESM-1b 650M,1,0.0,0.869701726844584,0.9565217391304348,98,25,23,2
VHL,ESM-2 650M + ESM-1b 650M,2,0.0,0.8540031397174255,1.0,98,25,23,2
VHL,ESM-2 650M + ESM-1b 650M,3,0.0,0.9403453689167977,0.6521739130434783,98,25,23,2
VHL,ESM-2 650M + ESM-1b 650M,4,0.0,0.8913043478260869,0.8409090909090909,99,24,22,2
VHL,ESM-2 650M + ESM-1b 650M,5,0.0,0.8914835164835165,0.9130434782608696,99,24,23,1
VHL,ESM-2 650M + CaLM,1,0.0,0.8744113029827315,0.9565217391304348,98,25,23,2
VHL,ESM-2 650M + CaLM,2,0.0,0.8728414442700158,0.9782608695652174,98,25,23,2
VHL,ESM-2 650M + CaLM,3,0.0,0.8665620094191523,1.0,98,25,23,2
VHL,ESM-2 650M + CaLM,4,0.0,0.9503105590062112,0.7272727272727273,99,24,22,2
VHL,ESM-2 650M + CaLM,5,0.0,0.896978021978022,0.9130434782608696,99,24,23,1
VHL,ESM-2 150M + CaLM,1,0.03,0.5667189952904239,0.3043478260869565,98,25,23,2
VHL,ESM-2 150M + CaLM,2,0.0,0.5039246467817896,0.5217391304347826,98,25,23,2
VHL,ESM-2 150M + CaLM,3,0.0,0.4536891679748822,0.6521739130434783,98,25,23,2
VHL,ESM-2 150M + CaLM,4,0.0,0.4720496894409938,0.6590909090909091,99,24,22,2
VHL,ESM-2 150M + CaLM,5,0.0,0.532967032967033,0.1304347826086956,99,24,23,1
VHL,ESM-1b 650M + CaLM,1,0.0,0.554160125588697,0.6956521739130435,98,25,23,2
VHL,ESM-1b 650M + CaLM,2,0.0,0.6138147566718996,0.4565217391304347,98,25,23,2
VHL,ESM-1b 650M + CaLM,3,0.0,0.6373626373626373,0.4130434782608695,98,25,23,2
VHL,ESM-1b 650M + CaLM,4,0.0,0.5760869565217391,0.6590909090909091,99,24,22,2
VHL,ESM-1b 650M + CaLM,5,0.0,0.5618131868131868,0.7391304347826086,99,24,23,1
VPS4A,ESM-2 150M + 650M,1,0.0,1.0,1.0,8,3,1,2
VPS4A,ESM-2 150M + 650M,2,0.0,1.0,1.0,9,2,1,1
VPS4A,ESM-2 150M + 650M,3,0.0,1.0,1.0,9,2,1,1
VPS4A,ESM-2 150M + 650M,4,0.0,1.0,1.0,9,2,1,1
VPS4A,ESM-2 150M + 650M,5,0.0,1.0,1.0,9,2,1,1
VPS4A,ESM-2 650M + ESM-1b 650M,1,0.0,1.0,1.0,8,3,1,2
VPS4A,ESM-2 650M + ESM-1b 650M,2,0.0,1.0,1.0,9,2,1,1
VPS4A,ESM-2 650M + ESM-1b 650M,3,0.0,1.0,1.0,9,2,1,1
VPS4A,ESM-2 650M + ESM-1b 650M,4,0.0,1.0,1.0,9,2,1,1
VPS4A,ESM-2 650M + ESM-1b 650M,5,0.0,1.0,1.0,9,2,1,1
VPS4A,ESM-2 650M + CaLM,1,0.0,1.0,1.0,8,3,1,2
VPS4A,ESM-2 650M + CaLM,2,0.0,1.0,1.0,9,2,1,1
VPS4A,ESM-2 650M + CaLM,3,0.0,1.0,1.0,9,2,1,1
VPS4A,ESM-2 650M + CaLM,4,0.0,1.0,1.0,9,2,1,1
VPS4A,ESM-2 650M + CaLM,5,0.0,1.0,1.0,9,2,1,1
VPS4A,ESM-2 150M + CaLM,1,0.0,1.0,1.0,8,3,1,2
VPS4A,ESM-2 150M + CaLM,2,0.0,1.0,1.0,9,2,1,1
VPS4A,ESM-2 150M + CaLM,3,0.0,1.0,1.0,9,2,1,1
VPS4A,ESM-2 150M + CaLM,4,0.0,1.0,1.0,9,2,1,1
VPS4A,ESM-2 150M + CaLM,5,0.0,1.0,1.0,9,2,1,1
VPS4A,ESM-1b 650M + CaLM,1,0.0,0.9375,1.0,8,3,1,2
VPS4A,ESM-1b 650M + CaLM,2,0.0,0.95,1.0,9,2,1,1
VPS4A,ESM-1b 650M + CaLM,3,0.0,1.0,1.0,9,2,1,1
VPS4A,ESM-1b 650M + CaLM,4,0.0,1.0,1.0,9,2,1,1
VPS4A,ESM-1b 650M + CaLM,5,0.0,0.95,1.0,9,2,1,1
WARS2,ESM-2 150M + 650M,1,0.66,0.8928571428571429,1.0,11,3,1,2
WARS2,ESM-2 150M + 650M,2,0.0,0.8666666666666667,0.0,11,3,2,1
WARS2,ESM-2 150M + 650M,3,0.66,0.8333333333333334,1.0,11,3,2,1
WARS2,ESM-2 150M + 650M,4,0.66,0.8666666666666667,1.0,11,3,2,1
WARS2,ESM-2 150M + 650M,5,0.66,1.0,0.0,12,2,1,1
WARS2,ESM-2 650M + ESM-1b 650M,1,0.18,1.0,0.0,11,3,1,2
WARS2,ESM-2 650M + ESM-1b 650M,2,0.95,0.8666666666666667,1.0,11,3,2,1
WARS2,ESM-2 650M + ESM-1b 650M,3,0.18,0.8333333333333334,1.0,11,3,2,1
WARS2,ESM-2 650M + ESM-1b 650M,4,0.95,0.8666666666666667,1.0,11,3,2,1
WARS2,ESM-2 650M + ESM-1b 650M,5,0.95,0.8857142857142857,1.0,12,2,1,1
WARS2,ESM-2 650M + CaLM,1,0.0,0.8214285714285714,1.0,11,3,1,2
WARS2,ESM-2 650M + CaLM,2,0.0,1.0,0.5,11,3,2,1
WARS2,ESM-2 650M + CaLM,3,0.0,0.8333333333333334,1.0,11,3,2,1
WARS2,ESM-2 650M + CaLM,4,0.95,0.8666666666666667,0.5,11,3,2,1
WARS2,ESM-2 650M + CaLM,5,0.0,0.8285714285714286,1.0,12,2,1,1
WARS2,ESM-2 150M + CaLM,1,0.32,0.9285714285714286,0.5,11,3,1,2
WARS2,ESM-2 150M + CaLM,2,0.96,0.8333333333333334,1.0,11,3,2,1
WARS2,ESM-2 150M + CaLM,3,0.0,0.8333333333333334,1.0,11,3,2,1
WARS2,ESM-2 150M + CaLM,4,0.01,0.8333333333333334,0.5,11,3,2,1
WARS2,ESM-2 150M + CaLM,5,0.32,0.8857142857142857,1.0,12,2,1,1
WARS2,ESM-1b 650M + CaLM,1,0.0,0.8928571428571429,1.0,11,3,1,2
WARS2,ESM-1b 650M + CaLM,2,0.0,1.0,0.5,11,3,2,1
WARS2,ESM-1b 650M + CaLM,3,0.0,0.8666666666666667,1.0,11,3,2,1
WARS2,ESM-1b 650M + CaLM,4,0.0,0.8333333333333334,1.0,11,3,2,1
WARS2,ESM-1b 650M + CaLM,5,0.94,0.9142857142857144,0.0,12,2,1,1
WAS,ESM-2 150M + 650M,1,0.49,0.9592391304347826,0.9583333333333334,39,10,6,4
WAS,ESM-2 150M + 650M,2,0.36,0.9456521739130436,1.0,39,10,6,4
WAS,ESM-2 150M + 650M,3,0.34,0.9918478260869564,0.875,39,10,6,4
WAS,ESM-2 150M + 650M,4,0.07,0.9592391304347826,0.9166666666666666,39,10,6,4
WAS,ESM-2 150M + 650M,5,0.36,0.9557291666666666,1.0,40,9,5,4
WAS,ESM-2 650M + ESM-1b 650M,1,0.8200000000000001,0.9619565217391304,1.0,39,10,6,4
WAS,ESM-2 650M + ESM-1b 650M,2,0.8200000000000001,0.967391304347826,1.0,39,10,6,4
WAS,ESM-2 650M + ESM-1b 650M,3,0.68,0.9945652173913044,0.8333333333333334,39,10,6,4
WAS,ESM-2 650M + ESM-1b 650M,4,0.8200000000000001,0.9646739130434784,1.0,39,10,6,4
WAS,ESM-2 650M + ESM-1b 650M,5,0.8200000000000001,0.9583333333333334,1.0,40,9,5,4
WAS,ESM-2 650M + CaLM,1,0.0,0.9565217391304348,0.875,39,10,6,4
WAS,ESM-2 650M + CaLM,2,0.0,0.9375,1.0,39,10,6,4
WAS,ESM-2 650M + CaLM,3,0.0,0.9402173913043478,1.0,39,10,6,4
WAS,ESM-2 650M + CaLM,4,0.0,0.9809782608695652,0.875,39,10,6,4
WAS,ESM-2 650M + CaLM,5,0.0,0.9505208333333334,1.0,40,9,5,4
WAS,ESM-2 150M + CaLM,1,0.0,0.9184782608695652,1.0,39,10,6,4
WAS,ESM-2 150M + CaLM,2,0.0,0.9483695652173914,0.875,39,10,6,4
WAS,ESM-2 150M + CaLM,3,0.0,0.9157608695652174,1.0,39,10,6,4
WAS,ESM-2 150M + CaLM,4,0.0,0.9836956521739132,0.75,39,10,6,4
WAS,ESM-2 150M + CaLM,5,0.0,0.9348958333333334,1.0,40,9,5,4
WAS,ESM-1b 650M + CaLM,1,0.0,0.9592391304347826,1.0,39,10,6,4
WAS,ESM-1b 650M + CaLM,2,0.0,0.9646739130434784,0.9583333333333334,39,10,6,4
WAS,ESM-1b 650M + CaLM,3,0.0,0.9565217391304348,1.0,39,10,6,4
WAS,ESM-1b 650M + CaLM,4,0.0,0.9619565217391304,1.0,39,10,6,4
WAS,ESM-1b 650M + CaLM,5,0.0,0.9973958333333334,0.8,40,9,5,4
WDR26,ESM-2 150M + 650M,1,0.0,0.8857142857142857,1.0,12,4,2,2
WDR26,ESM-2 150M + 650M,2,0.74,1.0,1.0,13,3,1,2
WDR26,ESM-2 150M + 650M,3,0.28,0.8809523809523809,1.0,13,3,2,1
WDR26,ESM-2 150M + 650M,4,0.6,1.0,0.5,13,3,2,1
WDR26,ESM-2 150M + 650M,5,0.28,0.8809523809523809,1.0,13,3,2,1
WDR26,ESM-2 650M + ESM-1b 650M,1,0.0,0.8285714285714286,1.0,12,4,2,2
WDR26,ESM-2 650M + ESM-1b 650M,2,0.0,1.0,0.0,13,3,1,2
WDR26,ESM-2 650M + ESM-1b 650M,3,0.0,0.9047619047619048,1.0,13,3,2,1
WDR26,ESM-2 650M + ESM-1b 650M,4,0.0,0.8809523809523809,1.0,13,3,2,1
WDR26,ESM-2 650M + ESM-1b 650M,5,0.0,0.8809523809523809,1.0,13,3,2,1
WDR26,ESM-2 650M + CaLM,1,0.0,1.0,0.75,12,4,2,2
WDR26,ESM-2 650M + CaLM,2,0.64,0.95,1.0,13,3,1,2
WDR26,ESM-2 650M + CaLM,3,0.64,0.9047619047619048,1.0,13,3,2,1
WDR26,ESM-2 650M + CaLM,4,0.64,0.9761904761904762,0.5,13,3,2,1
WDR26,ESM-2 650M + CaLM,5,0.0,0.9047619047619048,1.0,13,3,2,1
WDR26,ESM-2 150M + CaLM,1,0.0,0.9714285714285714,0.5,12,4,2,2
WDR26,ESM-2 150M + CaLM,2,0.38,0.9,1.0,13,3,1,2
WDR26,ESM-2 150M + CaLM,3,0.38,0.9285714285714286,1.0,13,3,2,1
WDR26,ESM-2 150M + CaLM,4,0.38,0.9047619047619048,1.0,13,3,2,1
WDR26,ESM-2 150M + CaLM,5,0.38,1.0,0.5,13,3,2,1
WDR26,ESM-1b 650M + CaLM,1,0.53,0.8857142857142857,1.0,12,4,2,2
WDR26,ESM-1b 650M + CaLM,2,0.64,0.975,1.0,13,3,1,2
WDR26,ESM-1b 650M + CaLM,3,0.0,0.9285714285714286,1.0,13,3,2,1
WDR26,ESM-1b 650M + CaLM,4,0.85,0.9523809523809524,0.5,13,3,2,1
WDR26,ESM-1b 650M + CaLM,5,0.64,0.9047619047619048,1.0,13,3,2,1
WDR37,ESM-2 150M + 650M,1,0.18,0.75,1.0,12,3,1,2
WDR37,ESM-2 150M + 650M,2,0.0,0.78125,0.5,12,3,1,2
WDR37,ESM-2 150M + 650M,3,0.18,0.78125,0.5,12,3,1,2
WDR37,ESM-2 150M + 650M,4,0.8,0.71875,1.0,12,3,1,2
WDR37,ESM-2 150M + 650M,5,0.8,0.9375,0.0,12,3,1,2
WDR37,ESM-2 650M + ESM-1b 650M,1,0.27,0.78125,1.0,12,3,1,2
WDR37,ESM-2 650M + ESM-1b 650M,2,0.68,0.875,0.5,12,3,1,2
WDR37,ESM-2 650M + ESM-1b 650M,3,0.27,0.71875,1.0,12,3,1,2
WDR37,ESM-2 650M + ESM-1b 650M,4,0.27,0.9375,0.5,12,3,1,2
WDR37,ESM-2 650M + ESM-1b 650M,5,0.22,0.75,1.0,12,3,1,2
WDR37,ESM-2 650M + CaLM,1,0.35,0.90625,0.5,12,3,1,2
WDR37,ESM-2 650M + CaLM,2,0.35,0.75,1.0,12,3,1,2
WDR37,ESM-2 650M + CaLM,3,0.0,0.84375,1.0,12,3,1,2
WDR37,ESM-2 650M + CaLM,4,0.2,0.8125,1.0,12,3,1,2
WDR37,ESM-2 650M + CaLM,5,0.35,0.8125,1.0,12,3,1,2
WDR37,ESM-2 150M + CaLM,1,0.26,0.78125,0.5,12,3,1,2
WDR37,ESM-2 150M + CaLM,2,0.38,0.84375,0.5,12,3,1,2
WDR37,ESM-2 150M + CaLM,3,0.0,0.78125,1.0,12,3,1,2
WDR37,ESM-2 150M + CaLM,4,0.38,0.6875,1.0,12,3,1,2
WDR37,ESM-2 150M + CaLM,5,0.38,0.75,1.0,12,3,1,2
WDR37,ESM-1b 650M + CaLM,1,0.68,0.875,1.0,12,3,1,2
WDR37,ESM-1b 650M + CaLM,2,0.51,0.875,0.5,12,3,1,2
WDR37,ESM-1b 650M + CaLM,3,0.68,0.75,1.0,12,3,1,2
WDR37,ESM-1b 650M + CaLM,4,0.19,0.875,0.5,12,3,1,2
WDR37,ESM-1b 650M + CaLM,5,0.55,0.8125,1.0,12,3,1,2
WDR45,ESM-2 150M + 650M,1,0.48,0.8823529411764706,0.9333333333333332,30,8,3,5
WDR45,ESM-2 150M + 650M,2,0.88,0.9095022624434388,0.8,30,8,3,5
WDR45,ESM-2 150M + 650M,3,0.58,0.8842592592592593,0.9375,30,8,4,4
WDR45,ESM-2 150M + 650M,4,0.15,0.905982905982906,0.75,31,7,3,4
WDR45,ESM-2 150M + 650M,5,0.39,0.9188034188034188,0.75,31,7,3,4
WDR45,ESM-2 650M + ESM-1b 650M,1,0.03,0.9004524886877828,0.8666666666666667,30,8,3,5
WDR45,ESM-2 650M + ESM-1b 650M,2,0.06,0.918552036199095,0.8,30,8,3,5
WDR45,ESM-2 650M + ESM-1b 650M,3,0.96,0.8842592592592593,1.0,30,8,4,4
WDR45,ESM-2 650M + ESM-1b 650M,4,0.0,0.9017094017094016,0.8333333333333334,31,7,3,4
WDR45,ESM-2 650M + ESM-1b 650M,5,0.06,0.8888888888888888,1.0,31,7,3,4
WDR45,ESM-2 650M + CaLM,1,0.78,0.8868778280542986,1.0,30,8,3,5
WDR45,ESM-2 650M + CaLM,2,0.6900000000000001,0.9049773755656108,0.9333333333333332,30,8,3,5
WDR45,ESM-2 650M + CaLM,3,0.87,0.949074074074074,0.8125,30,8,4,4
WDR45,ESM-2 650M + CaLM,4,0.96,0.9017094017094016,0.9166666666666666,31,7,3,4
WDR45,ESM-2 650M + CaLM,5,0.0,0.9529914529914528,0.8333333333333334,31,7,3,4
WDR45,ESM-2 150M + CaLM,1,0.51,0.9276018099547512,0.8,30,8,3,5
WDR45,ESM-2 150M + CaLM,2,0.75,0.9049773755656108,1.0,30,8,3,5
WDR45,ESM-2 150M + CaLM,3,0.79,0.9305555555555556,0.9375,30,8,4,4
WDR45,ESM-2 150M + CaLM,4,0.89,0.9572649572649572,0.75,31,7,3,4
WDR45,ESM-2 150M + CaLM,5,0.87,0.9102564102564102,1.0,31,7,3,4
WDR45,ESM-1b 650M + CaLM,1,0.46,0.9140271493212668,1.0,30,8,3,5
WDR45,ESM-1b 650M + CaLM,2,0.46,0.9004524886877828,1.0,30,8,3,5
WDR45,ESM-1b 650M + CaLM,3,0.73,0.976851851851852,0.6875,30,8,4,4
WDR45,ESM-1b 650M + CaLM,4,0.41,0.9444444444444444,0.8333333333333334,31,7,3,4
WDR45,ESM-1b 650M + CaLM,5,0.46,0.9316239316239316,0.9166666666666666,31,7,3,4
WFS1,ESM-2 150M + 650M,1,0.34,0.8803827751196173,0.9666666666666668,49,13,10,3
WFS1,ESM-2 150M + 650M,2,0.43,0.8803827751196173,0.9666666666666668,49,13,10,3
WFS1,ESM-2 150M + 650M,3,0.49,0.9463869463869464,0.7407407407407407,50,12,9,3
WFS1,ESM-2 150M + 650M,4,0.56,0.9277389277389276,0.8148148148148148,50,12,9,3
WFS1,ESM-2 150M + 650M,5,0.54,0.8969298245614035,0.9,50,12,10,2
WFS1,ESM-2 650M + ESM-1b 650M,1,0.47,0.9282296650717704,0.9666666666666668,49,13,10,3
WFS1,ESM-2 650M + ESM-1b 650M,2,0.51,0.9258373205741628,0.9666666666666668,49,13,10,3
WFS1,ESM-2 650M + ESM-1b 650M,3,0.43,0.9417249417249416,0.925925925925926,50,12,9,3
WFS1,ESM-2 650M + ESM-1b 650M,4,0.42,0.9347319347319348,0.8888888888888888,50,12,9,3
WFS1,ESM-2 650M + ESM-1b 650M,5,0.1,0.956140350877193,0.65,50,12,10,2
WFS1,ESM-2 650M + CaLM,1,0.09,0.9210526315789472,0.8,49,13,10,3
WFS1,ESM-2 650M + CaLM,2,0.18,0.8827751196172249,0.9,49,13,10,3
WFS1,ESM-2 650M + CaLM,3,0.02,0.8951048951048951,0.925925925925926,50,12,9,3
WFS1,ESM-2 650M + CaLM,4,0.16,0.9277389277389276,0.7037037037037037,50,12,9,3
WFS1,ESM-2 650M + CaLM,5,0.46,0.8881578947368421,0.9,50,12,10,2
WFS1,ESM-2 150M + CaLM,1,0.05,0.7057416267942583,0.8,49,13,10,3
WFS1,ESM-2 150M + CaLM,2,0.05,0.7033492822966507,0.8333333333333334,49,13,10,3
WFS1,ESM-2 150M + CaLM,3,0.09,0.682983682983683,0.8518518518518519,50,12,9,3
WFS1,ESM-2 150M + CaLM,4,0.05,0.7902097902097902,0.4814814814814814,50,12,9,3
WFS1,ESM-2 150M + CaLM,5,0.05,0.7368421052631579,0.65,50,12,10,2
WFS1,ESM-1b 650M + CaLM,1,0.3,0.901913875598086,1.0,49,13,10,3
WFS1,ESM-1b 650M + CaLM,2,0.0,0.8995215311004785,0.9333333333333332,49,13,10,3
WFS1,ESM-1b 650M + CaLM,3,0.3,0.9184149184149184,0.925925925925926,50,12,9,3
WFS1,ESM-1b 650M + CaLM,4,0.27,0.9393939393939394,0.8888888888888888,50,12,9,3
WFS1,ESM-1b 650M + CaLM,5,0.3,0.9539473684210528,0.8,50,12,10,2
WNT10A,ESM-2 150M + 650M,1,0.18,0.9230769230769232,1.0,20,5,3,2
WNT10A,ESM-2 150M + 650M,2,0.86,0.945054945054945,1.0,20,5,3,2
WNT10A,ESM-2 150M + 650M,3,0.18,1.0,0.6666666666666666,20,5,3,2
WNT10A,ESM-2 150M + 650M,4,0.0,0.934065934065934,1.0,20,5,3,2
WNT10A,ESM-2 150M + 650M,5,0.18,0.9270833333333334,1.0,20,5,4,1
WNT10A,ESM-2 650M + ESM-1b 650M,1,0.46,0.956043956043956,0.8333333333333334,20,5,3,2
WNT10A,ESM-2 650M + ESM-1b 650M,2,0.12,0.967032967032967,0.8333333333333334,20,5,3,2
WNT10A,ESM-2 650M + ESM-1b 650M,3,0.36,0.912087912087912,1.0,20,5,3,2
WNT10A,ESM-2 650M + ESM-1b 650M,4,0.36,0.956043956043956,1.0,20,5,3,2
WNT10A,ESM-2 650M + ESM-1b 650M,5,0.46,0.9479166666666666,1.0,20,5,4,1
WNT10A,ESM-2 650M + CaLM,1,0.33,0.934065934065934,1.0,20,5,3,2
WNT10A,ESM-2 650M + CaLM,2,0.33,0.934065934065934,1.0,20,5,3,2
WNT10A,ESM-2 650M + CaLM,3,0.33,0.945054945054945,1.0,20,5,3,2
WNT10A,ESM-2 650M + CaLM,4,0.0,1.0,0.3333333333333333,20,5,3,2
WNT10A,ESM-2 650M + CaLM,5,0.33,0.9375,1.0,20,5,4,1
WNT10A,ESM-2 150M + CaLM,1,0.72,0.945054945054945,1.0,20,5,3,2
WNT10A,ESM-2 150M + CaLM,2,0.72,0.945054945054945,1.0,20,5,3,2
WNT10A,ESM-2 150M + CaLM,3,0.21,1.0,0.6666666666666666,20,5,3,2
WNT10A,ESM-2 150M + CaLM,4,0.72,0.934065934065934,1.0,20,5,3,2
WNT10A,ESM-2 150M + CaLM,5,0.72,0.9375,1.0,20,5,4,1
WNT10A,ESM-1b 650M + CaLM,1,0.25,0.978021978021978,1.0,20,5,3,2
WNT10A,ESM-1b 650M + CaLM,2,0.25,0.978021978021978,1.0,20,5,3,2
WNT10A,ESM-1b 650M + CaLM,3,0.25,1.0,0.8333333333333334,20,5,3,2
WNT10A,ESM-1b 650M + CaLM,4,0.25,0.967032967032967,1.0,20,5,3,2
WNT10A,ESM-1b 650M + CaLM,5,0.25,0.96875,1.0,20,5,4,1
WWOX,ESM-2 150M + 650M,1,0.0,0.7575757575757576,1.0,17,5,2,3
WWOX,ESM-2 150M + 650M,2,0.6900000000000001,0.7727272727272727,0.8333333333333334,17,5,2,3
WWOX,ESM-2 150M + 650M,3,0.0,0.7662337662337663,1.0,18,4,1,3
WWOX,ESM-2 150M + 650M,4,0.0,0.7272727272727273,1.0,18,4,1,3
WWOX,ESM-2 150M + 650M,5,0.0,0.9027777777777778,0.5,18,4,2,2
WWOX,ESM-2 650M + ESM-1b 650M,1,0.75,0.7727272727272727,1.0,17,5,2,3
WWOX,ESM-2 650M + ESM-1b 650M,2,0.59,0.7727272727272727,1.0,17,5,2,3
WWOX,ESM-2 650M + ESM-1b 650M,3,0.4,0.9090909090909092,0.0,18,4,1,3
WWOX,ESM-2 650M + ESM-1b 650M,4,0.75,0.8181818181818182,1.0,18,4,1,3
WWOX,ESM-2 650M + ESM-1b 650M,5,0.05,0.8194444444444444,0.75,18,4,2,2
WWOX,ESM-2 650M + CaLM,1,0.61,0.803030303030303,0.8333333333333334,17,5,2,3
WWOX,ESM-2 650M + CaLM,2,0.27,0.696969696969697,1.0,17,5,2,3
WWOX,ESM-2 650M + CaLM,3,0.66,0.7272727272727273,1.0,18,4,1,3
WWOX,ESM-2 650M + CaLM,4,0.25,0.8051948051948052,0.3333333333333333,18,4,1,3
WWOX,ESM-2 650M + CaLM,5,0.88,0.8611111111111112,0.5,18,4,2,2
WWOX,ESM-2 150M + CaLM,1,0.94,0.803030303030303,0.5,17,5,2,3
WWOX,ESM-2 150M + CaLM,2,0.0,0.7878787878787878,0.6666666666666666,17,5,2,3
WWOX,ESM-2 150M + CaLM,3,0.21,0.7662337662337663,1.0,18,4,1,3
WWOX,ESM-2 150M + CaLM,4,0.21,0.7402597402597403,1.0,18,4,1,3
WWOX,ESM-2 150M + CaLM,5,0.03,0.875,0.5,18,4,2,2
WWOX,ESM-1b 650M + CaLM,1,0.54,0.9696969696969696,0.5,17,5,2,3
WWOX,ESM-1b 650M + CaLM,2,0.54,0.803030303030303,1.0,17,5,2,3
WWOX,ESM-1b 650M + CaLM,3,0.27,0.8181818181818182,1.0,18,4,1,3
WWOX,ESM-1b 650M + CaLM,4,0.41,0.8181818181818182,1.0,18,4,1,3
WWOX,ESM-1b 650M + CaLM,5,0.13,0.8055555555555556,0.75,18,4,2,2
XPC,ESM-2 150M + 650M,1,0.8200000000000001,1.0,1.0,12,4,1,3
XPC,ESM-2 150M + 650M,2,0.38,1.0,1.0,13,3,1,2
XPC,ESM-2 150M + 650M,3,0.8200000000000001,1.0,1.0,13,3,1,2
XPC,ESM-2 150M + 650M,4,0.0,1.0,1.0,13,3,1,2
XPC,ESM-2 150M + 650M,5,0.8200000000000001,1.0,1.0,13,3,1,2
XPC,ESM-2 650M + ESM-1b 650M,1,0.0,1.0,1.0,12,4,1,3
XPC,ESM-2 650M + ESM-1b 650M,2,0.0,1.0,1.0,13,3,1,2
XPC,ESM-2 650M + ESM-1b 650M,3,0.0,1.0,1.0,13,3,1,2
XPC,ESM-2 650M + ESM-1b 650M,4,0.0,1.0,1.0,13,3,1,2
XPC,ESM-2 650M + ESM-1b 650M,5,0.0,1.0,1.0,13,3,1,2
XPC,ESM-2 650M + CaLM,1,0.0,1.0,1.0,12,4,1,3
XPC,ESM-2 650M + CaLM,2,0.0,1.0,1.0,13,3,1,2
XPC,ESM-2 650M + CaLM,3,0.0,1.0,1.0,13,3,1,2
XPC,ESM-2 650M + CaLM,4,0.0,1.0,1.0,13,3,1,2
XPC,ESM-2 650M + CaLM,5,0.0,1.0,1.0,13,3,1,2
XPC,ESM-2 150M + CaLM,1,0.0,0.9375,1.0,12,4,1,3
XPC,ESM-2 150M + CaLM,2,0.21,0.9722222222222222,1.0,13,3,1,2
XPC,ESM-2 150M + CaLM,3,0.0,1.0,0.5,13,3,1,2
XPC,ESM-2 150M + CaLM,4,0.0,0.9444444444444444,1.0,13,3,1,2
XPC,ESM-2 150M + CaLM,5,0.0,0.9722222222222222,1.0,13,3,1,2
XPC,ESM-1b 650M + CaLM,1,0.88,0.9375,1.0,12,4,1,3
XPC,ESM-1b 650M + CaLM,2,0.46,1.0,0.5,13,3,1,2
XPC,ESM-1b 650M + CaLM,3,0.88,0.9722222222222222,1.0,13,3,1,2
XPC,ESM-1b 650M + CaLM,4,0.87,0.9444444444444444,1.0,13,3,1,2
XPC,ESM-1b 650M + CaLM,5,0.88,0.9444444444444444,1.0,13,3,1,2
YARS1,ESM-2 150M + 650M,1,0.0,1.0,1.0,10,3,1,2
YARS1,ESM-2 150M + 650M,2,0.0,1.0,1.0,10,3,1,2
YARS1,ESM-2 150M + 650M,3,0.0,1.0,1.0,10,3,1,2
YARS1,ESM-2 150M + 650M,4,0.0,1.0,1.0,11,2,1,1
YARS1,ESM-2 150M + 650M,5,0.0,1.0,1.0,11,2,1,1
YARS1,ESM-2 650M + ESM-1b 650M,1,0.45,1.0,1.0,10,3,1,2
YARS1,ESM-2 650M + ESM-1b 650M,2,0.0,1.0,0.5,10,3,1,2
YARS1,ESM-2 650M + ESM-1b 650M,3,0.45,1.0,1.0,10,3,1,2
YARS1,ESM-2 650M + ESM-1b 650M,4,0.45,1.0,1.0,11,2,1,1
YARS1,ESM-2 650M + ESM-1b 650M,5,0.45,1.0,1.0,11,2,1,1
YARS1,ESM-2 650M + CaLM,1,0.26,1.0,1.0,10,3,1,2
YARS1,ESM-2 650M + CaLM,2,0.0,1.0,1.0,10,3,1,2
YARS1,ESM-2 650M + CaLM,3,0.23,1.0,1.0,10,3,1,2
YARS1,ESM-2 650M + CaLM,4,0.26,1.0,1.0,11,2,1,1
YARS1,ESM-2 650M + CaLM,5,0.26,1.0,1.0,11,2,1,1
YARS1,ESM-2 150M + CaLM,1,0.0,1.0,1.0,10,3,1,2
YARS1,ESM-2 150M + CaLM,2,0.0,1.0,1.0,10,3,1,2
YARS1,ESM-2 150M + CaLM,3,0.0,1.0,1.0,10,3,1,2
YARS1,ESM-2 150M + CaLM,4,0.0,1.0,1.0,11,2,1,1
YARS1,ESM-2 150M + CaLM,5,0.0,1.0,1.0,11,2,1,1
YARS1,ESM-1b 650M + CaLM,1,0.0,1.0,1.0,10,3,1,2
YARS1,ESM-1b 650M + CaLM,2,0.0,1.0,1.0,10,3,1,2
YARS1,ESM-1b 650M + CaLM,3,0.0,1.0,1.0,10,3,1,2
YARS1,ESM-1b 650M + CaLM,4,0.0,1.0,1.0,11,2,1,1
YARS1,ESM-1b 650M + CaLM,5,0.0,1.0,1.0,11,2,1,1
ZBTB18,ESM-2 150M + 650M,1,0.97,0.9553571428571428,1.0,30,8,4,4
ZBTB18,ESM-2 150M + 650M,2,0.97,0.9732142857142856,1.0,30,8,4,4
ZBTB18,ESM-2 150M + 650M,3,0.97,0.96875,1.0,30,8,4,4
ZBTB18,ESM-2 150M + 650M,4,0.97,0.9625,1.0,31,7,4,3
ZBTB18,ESM-2 150M + 650M,5,0.71,0.9875,0.75,31,7,4,3
ZBTB18,ESM-2 650M + ESM-1b 650M,1,0.27,0.9955357142857144,1.0,30,8,4,4
ZBTB18,ESM-2 650M + ESM-1b 650M,2,0.29,0.9955357142857144,1.0,30,8,4,4
ZBTB18,ESM-2 650M + ESM-1b 650M,3,0.29,0.9866071428571428,1.0,30,8,4,4
ZBTB18,ESM-2 650M + ESM-1b 650M,4,0.27,0.9958333333333332,1.0,31,7,4,3
ZBTB18,ESM-2 650M + ESM-1b 650M,5,0.29,0.9875,1.0,31,7,4,3
ZBTB18,ESM-2 650M + CaLM,1,0.0,0.9776785714285714,0.9375,30,8,4,4
ZBTB18,ESM-2 650M + CaLM,2,0.0,0.9821428571428572,0.875,30,8,4,4
ZBTB18,ESM-2 650M + CaLM,3,0.0,0.9598214285714286,1.0,30,8,4,4
ZBTB18,ESM-2 650M + CaLM,4,0.0,0.9625,1.0,31,7,4,3
ZBTB18,ESM-2 650M + CaLM,5,0.0,0.9625,1.0,31,7,4,3
ZBTB18,ESM-2 150M + CaLM,1,0.66,0.9285714285714286,0.875,30,8,4,4
ZBTB18,ESM-2 150M + CaLM,2,0.48,0.8973214285714286,1.0,30,8,4,4
ZBTB18,ESM-2 150M + CaLM,3,0.14,0.9821428571428572,0.625,30,8,4,4
ZBTB18,ESM-2 150M + CaLM,4,0.68,0.9125,1.0,31,7,4,3
ZBTB18,ESM-2 150M + CaLM,5,0.48,0.9083333333333332,1.0,31,7,4,3
ZBTB18,ESM-1b 650M + CaLM,1,0.0,0.9821428571428572,1.0,30,8,4,4
ZBTB18,ESM-1b 650M + CaLM,2,0.0,0.9776785714285714,1.0,30,8,4,4
ZBTB18,ESM-1b 650M + CaLM,3,0.51,0.9910714285714286,1.0,30,8,4,4
ZBTB18,ESM-1b 650M + CaLM,4,0.0,0.9958333333333332,0.9166666666666666,31,7,4,3
ZBTB18,ESM-1b 650M + CaLM,5,0.0,0.9875,1.0,31,7,4,3
ZBTB20,ESM-2 150M + 650M,1,0.96,0.9785714285714284,1.0,43,11,7,4
ZBTB20,ESM-2 150M + 650M,2,0.96,0.9833333333333332,1.0,43,11,7,4
ZBTB20,ESM-2 150M + 650M,3,0.96,0.9952380952380953,1.0,43,11,7,4
ZBTB20,ESM-2 150M + 650M,4,0.94,0.9785714285714284,1.0,43,11,7,4
ZBTB20,ESM-2 150M + 650M,5,0.94,0.9933035714285714,1.0,44,10,7,3
ZBTB20,ESM-2 650M + ESM-1b 650M,1,0.12,0.9976190476190476,0.9285714285714286,43,11,7,4
ZBTB20,ESM-2 650M + ESM-1b 650M,2,0.38,0.9952380952380953,1.0,43,11,7,4
ZBTB20,ESM-2 650M + ESM-1b 650M,3,0.65,1.0,1.0,43,11,7,4
ZBTB20,ESM-2 650M + ESM-1b 650M,4,0.27,0.9928571428571428,1.0,43,11,7,4
ZBTB20,ESM-2 650M + ESM-1b 650M,5,0.27,1.0,1.0,44,10,7,3
ZBTB20,ESM-2 650M + CaLM,1,0.18,0.9857142857142858,1.0,43,11,7,4
ZBTB20,ESM-2 650M + CaLM,2,0.04,0.9833333333333332,1.0,43,11,7,4
ZBTB20,ESM-2 650M + CaLM,3,0.04,0.9809523809523808,1.0,43,11,7,4
ZBTB20,ESM-2 650M + CaLM,4,0.0,0.9952380952380953,0.9642857142857144,43,11,7,4
ZBTB20,ESM-2 650M + CaLM,5,0.04,0.9910714285714286,0.9523809523809524,44,10,7,3
ZBTB20,ESM-2 150M + CaLM,1,0.94,0.8785714285714286,1.0,43,11,7,4
ZBTB20,ESM-2 150M + CaLM,2,0.94,0.8952380952380953,0.9285714285714286,43,11,7,4
ZBTB20,ESM-2 150M + CaLM,3,0.94,0.9261904761904762,0.8214285714285714,43,11,7,4
ZBTB20,ESM-2 150M + CaLM,4,0.8300000000000001,0.95,0.7142857142857143,43,11,7,4
ZBTB20,ESM-2 150M + CaLM,5,0.88,0.8928571428571429,1.0,44,10,7,3
ZBTB20,ESM-1b 650M + CaLM,1,0.0,0.9952380952380953,1.0,43,11,7,4
ZBTB20,ESM-1b 650M + CaLM,2,0.0,0.9952380952380953,1.0,43,11,7,4
ZBTB20,ESM-1b 650M + CaLM,3,0.0,0.9952380952380953,1.0,43,11,7,4
ZBTB20,ESM-1b 650M + CaLM,4,0.0,1.0,1.0,43,11,7,4
ZBTB20,ESM-1b 650M + CaLM,5,0.0,0.9933035714285714,1.0,44,10,7,3
ZMYND11,ESM-2 150M + 650M,1,0.0,0.9772727272727272,0.8333333333333334,19,5,2,3
ZMYND11,ESM-2 150M + 650M,2,0.0,0.9318181818181818,1.0,19,5,2,3
ZMYND11,ESM-2 150M + 650M,3,0.54,0.9659090909090908,1.0,19,5,2,3
ZMYND11,ESM-2 150M + 650M,4,0.0,0.9318181818181818,1.0,19,5,2,3
ZMYND11,ESM-2 150M + 650M,5,0.54,0.9895833333333334,0.5,20,4,2,2
ZMYND11,ESM-2 650M + ESM-1b 650M,1,0.0,0.9090909090909092,1.0,19,5,2,3
ZMYND11,ESM-2 650M + ESM-1b 650M,2,0.0,0.9772727272727272,0.6666666666666666,19,5,2,3
ZMYND11,ESM-2 650M + ESM-1b 650M,3,0.0,0.8863636363636364,1.0,19,5,2,3
ZMYND11,ESM-2 650M + ESM-1b 650M,4,0.0,0.8863636363636364,1.0,19,5,2,3
ZMYND11,ESM-2 650M + ESM-1b 650M,5,0.0,0.96875,0.75,20,4,2,2
ZMYND11,ESM-2 650M + CaLM,1,0.42,0.9772727272727272,1.0,19,5,2,3
ZMYND11,ESM-2 650M + CaLM,2,0.42,0.9659090909090908,1.0,19,5,2,3
ZMYND11,ESM-2 650M + CaLM,3,0.42,0.9659090909090908,1.0,19,5,2,3
ZMYND11,ESM-2 650M + CaLM,4,0.42,1.0,0.8333333333333334,19,5,2,3
ZMYND11,ESM-2 650M + CaLM,5,0.11,0.9791666666666666,0.75,20,4,2,2
ZMYND11,ESM-2 150M + CaLM,1,0.29,0.9886363636363636,1.0,19,5,2,3
ZMYND11,ESM-2 150M + CaLM,2,0.3,0.9772727272727272,1.0,19,5,2,3
ZMYND11,ESM-2 150M + CaLM,3,0.2,0.9886363636363636,0.8333333333333334,19,5,2,3
ZMYND11,ESM-2 150M + CaLM,4,0.3,1.0,1.0,19,5,2,3
ZMYND11,ESM-2 150M + CaLM,5,0.3,0.9791666666666666,1.0,20,4,2,2
ZMYND11,ESM-1b 650M + CaLM,1,0.75,0.9659090909090908,0.6666666666666666,19,5,2,3
ZMYND11,ESM-1b 650M + CaLM,2,0.8,0.8636363636363636,1.0,19,5,2,3
ZMYND11,ESM-1b 650M + CaLM,3,0.8,0.9090909090909092,1.0,19,5,2,3
ZMYND11,ESM-1b 650M + CaLM,4,0.79,0.9204545454545454,0.8333333333333334,19,5,2,3
ZMYND11,ESM-1b 650M + CaLM,5,0.8,0.90625,1.0,20,4,2,2
ZNRF3,ESM-2 150M + 650M,1,0.92,0.9583333333333334,1.0,10,3,2,1
ZNRF3,ESM-2 150M + 650M,2,0.92,0.9166666666666666,1.0,10,3,2,1
ZNRF3,ESM-2 150M + 650M,3,0.92,0.9583333333333334,1.0,10,3,2,1
ZNRF3,ESM-2 150M + 650M,4,0.92,0.9285714285714286,1.0,11,2,1,1
ZNRF3,ESM-2 150M + 650M,5,0.67,1.0,0.0,11,2,1,1
ZNRF3,ESM-2 650M + ESM-1b 650M,1,0.08,1.0,1.0,10,3,2,1
ZNRF3,ESM-2 650M + ESM-1b 650M,2,0.08,1.0,1.0,10,3,2,1
ZNRF3,ESM-2 650M + ESM-1b 650M,3,0.05,1.0,1.0,10,3,2,1
ZNRF3,ESM-2 650M + ESM-1b 650M,4,0.08,1.0,1.0,11,2,1,1
ZNRF3,ESM-2 650M + ESM-1b 650M,5,0.0,1.0,0.0,11,2,1,1
ZNRF3,ESM-2 650M + CaLM,1,0.4,0.9583333333333334,1.0,10,3,2,1
ZNRF3,ESM-2 650M + CaLM,2,0.4,0.9583333333333334,1.0,10,3,2,1
ZNRF3,ESM-2 650M + CaLM,3,0.0,1.0,1.0,10,3,2,1
ZNRF3,ESM-2 650M + CaLM,4,0.0,0.9642857142857144,1.0,11,2,1,1
ZNRF3,ESM-2 650M + CaLM,5,0.4,1.0,1.0,11,2,1,1
ZNRF3,ESM-2 150M + CaLM,1,0.37,1.0,1.0,10,3,2,1
ZNRF3,ESM-2 150M + CaLM,2,0.39,0.9166666666666666,1.0,10,3,2,1
ZNRF3,ESM-2 150M + CaLM,3,0.59,1.0,0.5,10,3,2,1
ZNRF3,ESM-2 150M + CaLM,4,0.39,0.9642857142857144,1.0,11,2,1,1
ZNRF3,ESM-2 150M + CaLM,5,0.37,0.9285714285714286,1.0,11,2,1,1
ZNRF3,ESM-1b 650M + CaLM,1,0.0,1.0,1.0,10,3,2,1
ZNRF3,ESM-1b 650M + CaLM,2,0.0,1.0,1.0,10,3,2,1
ZNRF3,ESM-1b 650M + CaLM,3,0.0,1.0,1.0,10,3,2,1
ZNRF3,ESM-1b 650M + CaLM,4,0.0,1.0,1.0,11,2,1,1
ZNRF3,ESM-1b 650M + CaLM,5,0.0,1.0,1.0,11,2,1,1
