gene,n,n_pathogenic,n_benign,protein_length,nested_cv_splits,ESM-2 150M AUROC,ESM-2 650M AUROC,ESM-1b 650M AUROC,CaLM AUROC,ESM-2 150M + 650M AUROC,ESM-2 150M + 650M weight_second,ESM-2 150M + 650M weight_second_sd,ESM-2 150M + 650M mean_train_auc_at_selected_weights,ESM-2 150M + 650M n_outer_folds,ESM-2 650M + ESM-1b 650M AUROC,ESM-2 650M + ESM-1b 650M weight_second,ESM-2 650M + ESM-1b 650M weight_second_sd,ESM-2 650M + ESM-1b 650M mean_train_auc_at_selected_weights,ESM-2 650M + ESM-1b 650M n_outer_folds,ESM-2 650M + CaLM AUROC,ESM-2 650M + CaLM weight_second,ESM-2 650M + CaLM weight_second_sd,ESM-2 650M + CaLM mean_train_auc_at_selected_weights,ESM-2 650M + CaLM n_outer_folds,ESM-2 150M + CaLM AUROC,ESM-2 150M + CaLM weight_second,ESM-2 150M + CaLM weight_second_sd,ESM-2 150M + CaLM mean_train_auc_at_selected_weights,ESM-2 150M + CaLM n_outer_folds,ESM-1b 650M + CaLM AUROC,ESM-1b 650M + CaLM weight_second,ESM-1b 650M + CaLM weight_second_sd,ESM-1b 650M + CaLM mean_train_auc_at_selected_weights,ESM-1b 650M + CaLM n_outer_folds,650M_minus_150M,150M650M_minus_650M,650M1b_minus_650M,650MCaLM_minus_650M,1bCaLM_minus_1b,650MCaLM_minus_150M650M,650MCaLM_minus_650M1b,codon_dependency_index,delta_delta_auroc,independent_calm_minus_650m,inverse_variance_weight,esm2_calm_weight,esm2_cross_modal_gain,esm2_cross_modal_advantage,esm2_gain_over_protein,esm2_independent_calm_signal,esm1b_calm_weight,esm1b_gain_over_protein,esm1b_independent_calm_signal,esm2_codon_rank,esm2_gain_rank,esm1b_codon_rank,esm1b_gain_rank,esm2_top_codon_weight_decile,esm2_top_cross_modal_gain_decile,esm1b_top_codon_weight_decile,esm1b_top_gain_decile
AARS1,27,10,17,968,5,0.8058823529411765,0.9823529411764704,0.9529411764705882,0.8529411764705882,0.9705882352941176,0.6900000000000001,0.1097724920005007,0.981456043956044,5,0.9823529411764704,0.136,0.0760263112349928,1.0,5,0.9823529411764704,0.012,0.0109544511501033,0.988736263736264,5,0.8294117647058824,0.316,0.1152388823271034,0.9282967032967032,5,0.9411764705882352,0.148,0.1411382301150188,0.9619505494505496,5,0.176470588235294,-0.0117647058823529,0.0,0.0,-0.0117647058823529,0.0117647058823529,0.0,0.012,0.0117647058823529,-0.1294117647058823,6.296296296296297,0.012,0.0,0.0117647058823529,0.0,-0.12941176470588223,0.148,-0.0117647058823529,-0.09999999999999998,348,155,266,342,False,False,False,False
AARS2,26,13,13,985,5,0.9230769230769232,0.9289940828402368,0.940828402366864,0.893491124260355,0.9112426035502958,0.288,0.2629068276024797,0.9309090909090908,5,0.9467455621301776,0.512,0.2862167011199731,0.9580000000000002,5,0.9289940828402368,0.06,0.0547722557505166,0.9365454545454546,5,0.9171597633136096,0.13,0.1097724920005007,0.9367272727272729,5,0.9349112426035504,0.0999999999999999,0.0707106781186547,0.957090909090909,5,0.0059171597633135,-0.0177514792899408,0.0177514792899408,0.0,-0.0059171597633136,0.0177514792899408,-0.0177514792899408,0.06,0.0177514792899408,-0.0355029585798816,6.5,0.06,0.0,0.0177514792899408,0.0,-0.03550295857988173,0.0999999999999999,-0.0059171597633136,-0.047337278106509006,317,156,291,321,False,False,False,False
ABCB7,19,6,13,752,5,0.641025641025641,0.8333333333333334,0.8333333333333333,0.8461538461538463,0.8076923076923077,0.8119999999999999,0.1819890106572372,0.8403636363636364,5,0.8461538461538461,0.258,0.2408734107368433,0.8934545454545454,5,0.8717948717948718,0.3299999999999999,0.0974679434480896,0.8852727272727272,5,0.8205128205128205,0.6860000000000002,0.1930802941783547,0.860909090909091,5,0.8205128205128205,0.448,0.2504396134799764,0.8894545454545455,5,0.1923076923076924,-0.0256410256410256,0.0128205128205127,0.0384615384615384,-0.0128205128205127,0.0641025641025641,0.0256410256410256,0.3299999999999999,0.0641025641025641,0.0128205128205128,4.105263157894737,0.3299999999999999,0.0384615384615384,0.0641025641025641,0.0384615384615384,0.012820512820512886,0.448,-0.0128205128205127,0.012820512820512997,169,55,101,346,False,False,False,False
ABCD1,219,159,60,745,5,0.8858490566037736,0.9534591194968552,0.9773584905660376,0.94916142557652,0.9523060796645704,0.968,0.0370135110466434,0.9539664841699476,5,0.9763102725366876,0.912,0.0746324326281811,0.9779594201115483,5,0.9666666666666668,0.458,0.0584807660688537,0.9683752665682416,5,0.9459119496855346,0.7300000000000001,0.1187434208703791,0.9563484251968504,5,0.978825995807128,0.1659999999999999,0.0350713558335003,0.9788767737040682,5,0.0676100628930816,-0.0011530398322849,0.0228511530398324,0.0132075471698114,0.0014675052410901,0.0143605870020964,-0.009643605870021,0.458,0.0143605870020964,-0.0042976939203352,43.56164383561644,0.458,0.0132075471698114,0.0143605870020964,0.0132075471698114,-0.004297693920335299,0.1659999999999999,0.0014675052410901,-0.028197064989517684,114,109,253,102,False,False,False,False
ACAD9,24,13,11,621,5,0.993006993006993,0.944055944055944,0.8601398601398602,0.8391608391608392,0.993006993006993,0.056,0.1252198067399882,0.9957575757575756,5,0.951048951048951,0.144,0.1314534138012398,0.9522222222222222,5,0.93006993006993,0.246,0.2258982071642004,0.9562626262626264,5,0.993006993006993,0.0,0.0,0.9934848484848484,5,0.8601398601398601,0.452,0.2094516650685785,0.9219696969696968,5,-0.0489510489510489,0.0489510489510489,0.0069930069930069,-0.0139860139860139,-1.1102230246251563e-16,-0.0629370629370629,-0.0209790209790209,0.246,-0.0629370629370629,-0.1048951048951049,5.958333333333333,0.246,-0.0139860139860139,-0.0629370629370629,-0.0139860139860139,-0.10489510489510478,0.452,-1.1102230246251563e-16,-0.020979020979021046,210,372,98,255,False,False,False,False
ACADS,18,13,5,412,5,0.9230769230769232,0.9538461538461538,0.9076923076923076,0.8461538461538461,0.9384615384615383,0.352,0.1861988184710096,0.9713636363636364,5,0.953846153846154,0.466,0.3013801586037143,0.9809090909090912,5,0.9230769230769232,0.094,0.2101903898849802,0.9527272727272728,5,0.8153846153846154,0.156,0.3266190441477655,0.946818181818182,5,0.8769230769230769,0.114,0.1040672859259815,0.931818181818182,5,0.0307692307692306,-0.0153846153846153,1.1102230246251563e-16,-0.0307692307692306,-0.0307692307692307,-0.0153846153846153,-0.0307692307692307,0.094,-0.0153846153846153,-0.1076923076923076,3.611111111111111,0.094,-0.0307692307692306,-0.0153846153846153,-0.0307692307692306,-0.10769230769230764,0.114,-0.0307692307692307,-0.06153846153846143,295,415,283,400,False,False,False,False
ACADVL,135,129,6,655,5,0.8914728682170543,0.9651162790697676,0.9819121447028424,0.8578811369509043,0.954780361757106,0.742,0.1693221781102523,0.9676194921583272,5,0.9857881136950905,0.736,0.0536656314599949,0.98779499626587,5,0.9560723514211886,0.274,0.1678689965419463,0.973574495892457,5,0.9250645994832042,0.538,0.0506951674225463,0.9277501867064972,5,0.979328165374677,0.1639999999999999,0.1285690475970013,0.9877949962658702,5,0.0736434108527132,-0.0103359173126615,0.0206718346253229,-0.0090439276485788,-0.0025839793281653,0.0012919896640827,-0.0297157622739018,0.274,0.0012919896640827,-0.1072351421188632,5.733333333333333,0.274,-0.0090439276485788,0.0012919896640827,-0.0090439276485788,-0.10723514211886331,0.1639999999999999,-0.0025839793281653,-0.1240310077519381,187,355,255,299,False,False,False,False
ACTN4,19,9,10,911,5,0.9111111111111112,0.9666666666666668,0.9111111111111112,1.0,0.9222222222222224,0.32,0.0997496867163,0.9683035714285716,5,0.9777777777777776,0.168,0.1533623161014465,0.9785714285714286,5,0.9777777777777776,0.5640000000000001,0.3540197734590541,1.0,5,0.9444444444444444,0.724,0.2492589015461634,1.0,5,0.9333333333333332,0.454,0.354019773459054,1.0,5,0.0555555555555556,-0.0444444444444445,0.0111111111111109,0.0111111111111109,0.0222222222222222,0.0555555555555554,0.0,0.5640000000000001,0.0555555555555554,0.0333333333333332,4.7368421052631575,0.5640000000000001,0.0111111111111109,0.0555555555555554,0.0111111111111109,0.033333333333333215,0.454,0.0222222222222222,0.0888888888888888,75,116,97,49,False,False,False,False
ACVRL1,159,149,10,503,5,0.8691275167785235,0.876510067114094,0.9483221476510066,0.8174496644295302,0.8751677852348994,0.38,0.0956556323485449,0.8851190476190476,5,0.934228187919463,0.826,0.1184483009586883,0.9526172969187676,5,0.8751677852348994,0.274,0.1087658034494298,0.8813427871148459,5,0.87248322147651,0.142,0.053103672189407,0.8775525210084034,5,0.9375838926174496,0.062,0.1167047556871612,0.9496708683473388,5,0.0073825503355704,-0.0013422818791946,0.057718120805369,-0.0013422818791946,-0.0107382550335569,0.0,-0.0590604026845636,0.274,0.0,-0.0590604026845638,9.371069182389936,0.274,-0.0013422818791946,0.0,-0.0013422818791946,-0.059060402684563806,0.062,-0.0107382550335569,-0.1308724832214765,188,317,314,339,False,False,False,False
ADA,37,28,9,363,5,0.9206349206349206,0.9841269841269842,0.9722222222222222,0.8174603174603174,0.988095238095238,0.8119999999999999,0.0794984276574071,0.9886998870694524,5,0.984126984126984,0.184,0.1589968553148143,0.9911349520045172,5,0.984126984126984,0.0,0.0,0.9839356295878036,5,0.9126984126984128,0.1599999999999999,0.1491643389017629,0.939659796725014,5,0.9722222222222222,0.0,0.0,0.972861377752682,5,0.0634920634920636,0.0039682539682539,-1.1102230246251563e-16,-1.1102230246251563e-16,0.0,-0.003968253968254,0.0,0.0,-0.003968253968254,-0.1666666666666667,6.8108108108108105,0.0,-1.1102230246251563e-16,-0.003968253968254,-1.1102230246251563e-16,-0.16666666666666674,0.0,0.0,-0.15476190476190477,355,294,348,119,False,False,False,False
ADAMTSL2,11,6,5,951,5,1.0,1.0,1.0,0.9333333333333332,1.0,0.0,0.0,1.0,5,1.0,0.0,0.0,1.0,5,1.0,0.0,0.0,1.0,5,1.0,0.0,0.0,1.0,5,1.0,0.0,0.0,1.0,5,0.0,0.0,0.0,0.0,0.0,0.0,0.0,0.0,0.0,-0.0666666666666666,2.727272727272727,0.0,0.0,0.0,0.0,-0.06666666666666676,0.0,0.0,-0.06666666666666676,356,157,349,120,False,False,False,False
ADGRG1,21,9,12,687,5,0.8333333333333333,0.7129629629629629,0.75,0.8055555555555556,0.8333333333333334,0.0,0.0,0.8304761904761904,5,0.6851851851851852,0.61,0.3633868462121324,0.7654761904761905,5,0.8055555555555556,0.786,0.1273970172335286,0.8216666666666667,5,0.7962962962962963,0.198,0.1769745744450315,0.8732539682539683,5,0.6666666666666666,0.5900000000000001,0.4457016939613311,0.8307142857142857,5,-0.1203703703703703,0.1203703703703704,-0.0277777777777776,0.0925925925925926,-0.0833333333333333,-0.0277777777777777,0.1203703703703703,0.786,-0.0277777777777777,0.0925925925925926,5.142857142857143,0.786,0.0925925925925926,-0.0277777777777777,0.0925925925925926,0.09259259259259267,0.5900000000000001,-0.0833333333333333,0.05555555555555558,21,25,47,454,True,True,True,False
AFG3L2,27,20,7,797,5,0.65,0.8142857142857143,0.8928571428571428,0.8785714285714286,0.8071428571428572,0.882,0.0383405790253616,0.8120833333333334,5,0.9142857142857144,0.582,0.1066302021005305,0.91625,5,0.8642857142857143,0.7899999999999999,0.142828568570857,0.905,5,0.8714285714285714,0.9239999999999998,0.0909945053286186,0.8825000000000001,5,0.9357142857142856,0.462,0.1213260071048248,0.9491666666666668,5,0.1642857142857142,-0.0071428571428571,0.0999999999999999,0.05,0.0428571428571429,0.0571428571428571,-0.0499999999999999,0.7899999999999999,0.0571428571428571,0.0642857142857142,5.185185185185185,0.7899999999999999,0.05,0.0571428571428571,0.05,0.06428571428571428,0.462,0.0428571428571429,-0.014285714285714235,19,39,89,26,True,True,False,True
AIFM1,31,16,15,613,5,0.7916666666666667,0.9083333333333332,0.8208333333333333,0.8333333333333334,0.8958333333333334,0.8400000000000001,0.0848528137423856,0.9133547008547008,5,0.9,0.014,0.031304951684997,0.9114316239316238,5,0.9083333333333332,0.098,0.1277497553813705,0.9112179487179488,5,0.8208333333333333,0.656,0.1902104098097683,0.8534188034188034,5,0.8458333333333333,0.634,0.1558204094462596,0.8713675213675213,5,0.1166666666666665,-0.0124999999999999,-0.0083333333333333,0.0,0.025,0.0124999999999999,0.0083333333333333,0.098,0.0124999999999999,-0.0749999999999999,7.741935483870968,0.098,0.0,0.0124999999999999,0.0,-0.07499999999999984,0.634,0.025,0.012500000000000067,292,158,39,45,False,False,True,True
AIRE,36,25,11,545,5,0.7236363636363637,0.9781818181818182,0.9636363636363636,0.7527272727272728,0.96,0.858,0.1947305831142093,0.9806944444444444,5,0.9781818181818182,0.144,0.1725688268488837,0.9944444444444444,5,0.9781818181818182,0.0,0.0,0.9783333333333332,5,0.7745454545454545,0.678,0.0044721359549995,0.7788888888888889,5,0.9163636363636364,0.366,0.2188149903457256,0.9819444444444444,5,0.2545454545454544,-0.0181818181818181,0.0,0.0,-0.0472727272727272,0.0181818181818181,0.0,0.0,0.0181818181818181,-0.2254545454545453,7.638888888888889,0.0,0.0,0.0181818181818181,0.0,-0.22545454545454535,0.366,-0.0472727272727272,-0.21090909090909082,357,159,144,424,False,False,False,False
AK2,10,5,5,239,5,1.0,1.0,0.96,0.96,1.0,0.0,0.0,1.0,5,1.0,0.0,0.0,1.0,5,1.0,0.0,0.0,1.0,5,1.0,0.0,0.0,1.0,5,0.92,0.368,0.2057182539299806,1.0,5,0.0,0.0,0.0,0.0,-0.04,0.0,0.0,0.0,0.0,-0.0399999999999999,2.5,0.0,0.0,0.0,0.0,-0.040000000000000036,0.368,-0.04,0.0,358,160,142,413,False,False,False,False
ALAS2,21,15,6,587,5,0.6111111111111112,0.7222222222222222,0.9444444444444444,0.8222222222222223,0.7111111111111111,0.954,0.0527257053058562,0.7283333333333333,5,0.9222222222222224,0.812,0.1386362146049869,0.9441666666666666,5,0.7777777777777778,0.588,0.1804716044146557,0.8275,5,0.8,0.5419999999999999,0.0914877040918614,0.8458333333333332,5,0.8888888888888888,0.16,0.2646696053573209,0.9533333333333334,5,0.111111111111111,-0.011111111111111,0.2,0.0555555555555555,-0.0555555555555555,0.0666666666666666,-0.1444444444444445,0.588,0.0666666666666666,0.1,4.285714285714286,0.588,0.0555555555555555,0.0666666666666666,0.0555555555555555,0.10000000000000009,0.16,-0.0555555555555555,-0.12222222222222212,69,35,258,433,False,True,False,False
ALDH18A1,28,18,10,795,5,0.7388888888888889,0.7722222222222221,0.9388888888888888,0.7555555555555555,0.75,0.516,0.2475479751482528,0.7982142857142857,5,0.9333333333333332,0.8540000000000001,0.1178134118001851,0.9447619047619048,5,0.7611111111111111,0.296,0.1363084736911099,0.8066666666666666,5,0.7222222222222222,0.386,0.3396763165132359,0.7878571428571428,5,0.9388888888888888,0.0,0.0,0.9375,5,0.0333333333333332,-0.0222222222222221,0.1611111111111112,-0.011111111111111,0.0,0.011111111111111,-0.1722222222222222,0.296,0.011111111111111,-0.0166666666666666,6.428571428571429,0.296,-0.011111111111111,0.011111111111111,-0.011111111111111,-0.016666666666666607,0.0,0.0,-0.18333333333333324,181,362,350,121,False,False,False,False
ALDH3A2,26,19,7,485,5,1.0,0.9774436090225564,0.9924812030075189,0.9924812030075189,1.0,0.0,0.0,1.0,5,1.0,0.078,0.0438178046004132,1.0,5,0.9849624060150376,0.156,0.0760263112349928,0.9928888888888888,5,1.0,0.0,0.0,1.0,5,0.9924812030075189,0.024,0.0219089023002066,1.0,5,-0.0225563909774435,0.0225563909774435,0.0225563909774435,0.0075187969924811,-1.1102230246251563e-16,-0.0150375939849624,-0.0150375939849624,0.156,-0.0150375939849624,0.0150375939849624,5.115384615384615,0.156,0.0075187969924811,-0.0150375939849624,0.0075187969924811,0.015037593984962405,0.024,-1.1102230246251563e-16,0.0,258,126,331,256,False,False,False,False
ALDH5A1,53,47,6,535,5,0.9148936170212766,0.9716312056737588,0.99645390070922,0.946808510638298,0.9609929078014184,0.616,0.319968748473972,0.9760312944523472,5,0.9858156028368794,0.3420000000000001,0.1520526224699857,1.0,5,0.9858156028368794,0.366,0.1264120247444838,0.9909103840682788,5,0.9361702127659576,0.608,0.2534166529650331,0.9622048364153628,5,0.99645390070922,0.006,0.0054772255750516,1.0,5,0.0567375886524822,-0.0106382978723403,0.0141843971631205,0.0141843971631205,0.0,0.0248226950354609,0.0,0.366,0.0248226950354609,-0.0248226950354609,5.320754716981132,0.366,0.0141843971631205,0.0248226950354609,0.0141843971631205,-0.024822695035460862,0.006,0.0,-0.04964539007092206,156,108,345,122,False,False,False,False
ALG1,25,15,10,464,5,0.9466666666666668,0.9333333333333332,0.9133333333333332,0.92,0.9466666666666668,0.036,0.0219089023002066,0.9583333333333331,5,0.88,0.354,0.3394554462665167,0.95625,5,0.9666666666666668,0.398,0.1008464178838296,0.9875,5,0.9133333333333332,0.186,0.3110144691167921,0.9645833333333332,5,0.9333333333333332,0.498,0.09338094023943,0.9520833333333334,5,-0.0133333333333334,0.0133333333333333,-0.0533333333333333,0.0333333333333333,0.02,0.02,0.0866666666666666,0.398,0.02,-0.0133333333333333,6.0,0.398,0.0333333333333333,0.02,0.0333333333333333,-0.013333333333333197,0.498,0.02,0.006666666666666821,142,63,77,52,False,False,False,False
ALOXE3,11,5,6,711,5,0.6,0.9000000000000001,0.9333333333333332,0.7666666666666666,0.8333333333333334,0.798,0.3263740185737829,0.905,5,0.8666666666666667,0.282,0.257429602027428,0.925,5,0.9,0.45,0.0552268050859362,1.0,5,0.7333333333333333,0.592,0.0782304288624317,0.8200000000000001,5,0.9,0.304,0.169941166289984,1.0,5,0.3000000000000001,-0.0666666666666667,-0.0333333333333334,-1.1102230246251563e-16,-0.0333333333333333,0.0666666666666666,0.0333333333333333,0.45,0.0666666666666666,-0.1333333333333335,2.727272727272727,0.45,-1.1102230246251563e-16,0.0666666666666666,-1.1102230246251563e-16,-0.13333333333333353,0.304,-0.0333333333333333,-0.16666666666666663,120,295,169,406,False,False,False,False
AMHR2,13,7,6,573,5,0.7857142857142857,0.8333333333333334,0.9047619047619048,0.7142857142857143,0.8095238095238095,0.42,0.3438022687534217,0.8299999999999998,5,0.8333333333333334,0.56,0.3130495168499705,0.9133333333333332,5,0.8095238095238095,0.068,0.1520526224699857,0.8366666666666666,5,0.7142857142857143,0.21,0.198620240660412,0.8109999999999999,5,0.8809523809523809,0.016,0.0357770876399966,0.9133333333333332,5,0.0476190476190476,-0.0238095238095238,0.0,-0.0238095238095238,-0.0238095238095239,0.0,-0.0238095238095238,0.068,0.0,-0.119047619047619,3.230769230769231,0.068,-0.0238095238095238,0.0,-0.0238095238095238,-0.11904761904761907,0.016,-0.0238095238095239,-0.19047619047619047,311,405,338,390,False,False,False,False
ANO3,14,5,9,981,5,1.0,1.0,1.0,0.8666666666666667,1.0,0.0,0.0,1.0,5,1.0,0.0,0.0,1.0,5,1.0,0.0,0.0,1.0,5,1.0,0.0,0.0,1.0,5,1.0,0.0,0.0,1.0,5,0.0,0.0,0.0,0.0,0.0,0.0,0.0,0.0,0.0,-0.1333333333333333,3.2142857142857144,0.0,0.0,0.0,0.0,-0.1333333333333333,0.0,0.0,-0.1333333333333333,359,161,351,123,False,False,False,False
ANOS1,17,7,10,680,5,0.9428571428571428,0.9571428571428572,0.9142857142857144,0.8714285714285714,0.9285714285714286,0.186,0.1143678276439663,1.0,5,0.9571428571428572,0.0,0.0,0.9541666666666666,5,0.9857142857142858,0.066,0.0219089023002066,1.0,5,0.9571428571428572,0.132,0.1035374328443582,0.9775,5,0.9857142857142858,0.36,0.0447213595499957,1.0,5,0.0142857142857143,-0.0285714285714285,0.0,0.0285714285714285,0.0714285714285715,0.0571428571428571,0.0285714285714285,0.066,0.0571428571428571,-0.0857142857142857,4.117647058823529,0.066,0.0285714285714285,0.0571428571428571,0.0285714285714285,-0.08571428571428574,0.36,0.0714285714285715,-0.04285714285714293,313,67,150,12,False,False,False,True
APP,32,16,16,770,5,0.4921875,0.5078125,0.87890625,0.49609375,0.41796875,0.4739999999999999,0.4387254266622804,0.5310650887573964,5,0.875,0.966,0.0328633534503099,0.8809664694280078,5,0.39453125,0.594,0.4731067532809059,0.5464497041420119,5,0.3359375,0.532,0.481269155462928,0.5332347140039447,5,0.875,0.16,0.1024695076595959,0.8835305719921104,5,0.015625,-0.08984375,0.3671875,-0.11328125,-0.00390625,-0.0234375,-0.48046875,0.594,-0.0234375,-0.01171875,8.0,0.594,-0.11328125,-0.0234375,-0.11328125,-0.01171875,0.16,-0.00390625,-0.3828125,65,462,259,312,False,False,False,False
AR,128,99,29,920,5,0.5541623127830024,0.6464646464646464,0.9240682688958552,0.6544757924068269,0.6464646464646465,1.0,0.0,0.646605668684645,5,0.9104841518634622,0.818,0.2044993887521427,0.9253164556962024,5,0.647161267850923,0.69,0.3863288754416371,0.6625655842964593,5,0.6520376175548589,0.898,0.0460434577328853,0.6575554944046964,5,0.9230233368164402,0.002,0.0044721359549995,0.924353329664282,5,0.0923023336816439,1.1102230246251563e-16,0.2640195053988158,0.0006966213862765,-0.0010449320794149,0.0006966213862764,-0.2633228840125392,0.69,0.0006966213862764,0.0080111459421804,22.4296875,0.69,0.0006966213862765,0.0006966213862764,0.0006966213862765,0.008011145942180442,0.002,-0.0010449320794149,-0.2695924764890284,41,146,347,283,True,False,False,False
ARSA,128,118,10,509,5,0.7677966101694915,0.8500000000000001,0.8466101694915255,0.6652542372881356,0.8491525423728814,0.996,0.0054772255750516,0.8496416573348264,5,0.8372881355932204,0.534,0.3010481689032505,0.8647088465845465,5,0.847457627118644,0.008,0.0109544511501033,0.8503975363941769,5,0.7686440677966102,0.062,0.0438178046004132,0.7701147816349384,5,0.8347457627118644,0.054,0.087920418561333,0.8479871220604703,5,0.0822033898305085,-0.0008474576271186,-0.0127118644067797,-0.002542372881356,-0.011864406779661,-0.0016949152542373,0.0101694915254236,0.008,-0.0016949152542373,-0.1847457627118645,9.21875,0.008,-0.002542372881356,-0.0016949152542373,-0.002542372881356,-0.1847457627118645,0.054,-0.011864406779661,-0.18135593220338986,350,324,318,343,False,False,False,False
ARSB,66,59,7,533,5,0.8426150121065377,0.8353510895883778,0.7893462469733656,0.7336561743341403,0.8208232445520581,0.3319999999999999,0.2735324478009875,0.8593262411347518,5,0.7820823244552058,0.146,0.3264659247149692,0.8419680851063829,5,0.837772397094431,0.134,0.111265448365609,0.8458865248226951,5,0.8401937046004843,0.03,0.0212132034355964,0.8478191489361702,5,0.7723970944309927,0.2779999999999999,0.2081345718519631,0.8013652482269503,5,-0.0072639225181598,-0.0145278450363196,-0.053268765133172,0.0024213075060531,-0.0169491525423729,0.0169491525423728,0.0556900726392252,0.134,0.0169491525423728,-0.1016949152542374,6.257575757575758,0.134,0.0024213075060531,0.0169491525423728,0.0024213075060531,-0.10169491525423746,0.2779999999999999,-0.0169491525423729,-0.05569007263922532,272,137,187,363,False,False,False,False
ARSL,28,10,18,589,5,0.6111111111111112,0.8055555555555556,0.8388888888888888,0.5111111111111111,0.8111111111111111,0.9,0.0141421356237309,0.8127380952380954,5,0.8333333333333334,0.6880000000000001,0.1190378091196238,0.8573809523809525,5,0.8055555555555556,0.038,0.0303315017762062,0.8195238095238097,5,0.6111111111111112,0.0,0.0,0.6133333333333334,5,0.8388888888888889,0.0,0.0,0.8395238095238096,5,0.1944444444444444,0.0055555555555555,0.0277777777777777,0.0,1.1102230246251563e-16,-0.0055555555555555,-0.0277777777777777,0.038,-0.0055555555555555,-0.2944444444444445,6.428571428571429,0.038,0.0,-0.0055555555555555,0.0,-0.2944444444444445,0.0,1.1102230246251563e-16,-0.3277777777777777,336,162,352,104,False,False,False,False
ARX,45,20,25,562,5,0.8280000000000001,0.92,0.928,0.902,0.916,0.758,0.0875785361832452,0.921875,5,0.968,0.534,0.0207364413533277,0.973125,5,0.916,0.386,0.2913417237540823,0.92875,5,0.898,0.966,0.0089442719099991,0.903125,5,0.938,0.352,0.1329285522376588,0.96625,5,0.0919999999999998,-0.0039999999999998,0.048,-0.0039999999999998,0.01,0.0,-0.0519999999999999,0.386,0.0,-0.018,11.11111111111111,0.386,-0.0039999999999998,0.0,-0.0039999999999998,-0.018000000000000016,0.352,0.01,-0.026000000000000023,147,332,154,75,False,False,False,False
ASAH1,36,27,9,395,5,0.6790123456790124,0.8148148148148148,0.7983539094650206,0.5432098765432098,0.7860082304526749,0.772,0.2437621791829077,0.8177643784786641,5,0.8065843621399177,0.284,0.1607171428317464,0.8290507111935683,5,0.8148148148148148,0.362,0.1370036495864252,0.8336734693877551,5,0.6337448559670782,0.27,0.2070024154448445,0.7003401360544218,5,0.720164609053498,0.268,0.3669741135284613,0.8163265306122449,5,0.1358024691358024,-0.0288065843621398,-0.008230452674897,0.0,-0.0781893004115226,0.0288065843621398,0.008230452674897,0.362,0.0288065843621398,-0.2716049382716049,6.75,0.362,0.0,0.0288065843621398,0.0,-0.2716049382716049,0.268,-0.0781893004115226,-0.25514403292181076,157,163,196,449,False,False,False,False
ASL,66,61,5,464,5,0.8786885245901639,0.8688524590163934,0.940983606557377,0.9442622950819672,0.8918032786885246,0.368,0.1449827575955155,0.8995110544217686,5,0.9278688524590164,0.858,0.2057182539299806,0.94468537414966,5,0.921311475409836,0.784,0.1152388823271034,0.9528273809523808,5,0.9344262295081968,0.6839999999999999,0.0887693640846885,0.9682610544217688,5,0.9278688524590164,0.458,0.2678058998603279,0.9723214285714288,5,-0.0098360655737704,0.0229508196721311,0.0590163934426229,0.0524590163934426,-0.0131147540983606,0.0295081967213114,-0.0065573770491803,0.784,0.0295081967213114,0.0754098360655738,4.621212121212121,0.784,0.0524590163934426,0.0295081967213114,0.0524590163934426,0.07540983606557383,0.458,-0.0131147540983606,0.003278688524590234,22,37,91,349,True,True,False,False
ASPA,38,33,5,313,5,0.8303030303030303,0.9090909090909092,0.8727272727272727,0.7090909090909091,0.9151515151515152,0.634,0.0804984471899924,0.9242165242165242,5,0.8909090909090909,0.092,0.2057182539299806,0.9131766381766384,5,0.8181818181818182,0.368,0.2320991167583366,0.935897435897436,5,0.8242424242424242,0.6119999999999999,0.1334915727677219,0.8992165242165242,5,0.8545454545454545,0.3779999999999999,0.2184490787346103,0.916880341880342,5,0.0787878787878787,0.0060606060606061,-0.0181818181818181,-0.0909090909090908,-0.0181818181818181,-0.0969696969696969,-0.0727272727272726,0.368,-0.0969696969696969,-0.1999999999999999,4.342105263157895,0.368,-0.0909090909090908,-0.0969696969696969,-0.0909090909090908,-0.20000000000000007,0.3779999999999999,-0.0181818181818181,-0.16363636363636358,155,458,136,366,False,False,False,False
ATP1A2,52,45,7,1020,5,0.9428571428571428,0.9904761904761904,0.9968253968253968,0.968253968253968,0.9714285714285714,0.602,0.2046216019876689,0.9909259259259258,5,0.9904761904761904,0.194,0.1725688268488837,1.0,5,0.984126984126984,0.126,0.2595765782962708,0.995,5,0.961904761904762,0.496,0.1761533422901762,0.9838888888888888,5,0.9968253968253968,0.066,0.0602494813255682,1.0,5,0.0476190476190475,-0.0190476190476189,1.1102230246251563e-16,-0.0063492063492063,0.0,0.0126984126984126,-0.0063492063492064,0.126,0.0126984126984126,-0.0222222222222222,6.057692307692308,0.126,-0.0063492063492063,0.0126984126984126,-0.0063492063492063,-0.022222222222222365,0.066,0.0,-0.028571428571428803,276,347,305,124,False,False,False,False
ATP1A3,94,84,10,1013,5,0.8607142857142858,0.9547619047619048,0.8761904761904762,0.8416666666666668,0.951190476190476,0.9,0.1104536101718726,0.9572377085162422,5,0.9595238095238096,0.28,0.0367423461417476,0.9605904302019316,5,0.951190476190476,0.116,0.1069111780872327,0.9601624231782264,5,0.8726190476190476,0.312,0.0268328157299974,0.8776613257243195,5,0.8857142857142857,0.402,0.1145425685062108,0.9130212906057944,5,0.0940476190476189,-0.0035714285714285,0.0047619047619048,-0.0035714285714285,0.0095238095238094,0.0,-0.0083333333333334,0.116,0.0,-0.1130952380952379,8.936170212765957,0.116,-0.0035714285714285,0.0,-0.0035714285714285,-0.11309523809523803,0.402,0.0095238095238094,-0.0345238095238094,285,328,117,76,False,False,False,False
ATP6V1B2,12,6,6,511,5,0.8611111111111112,1.0,0.9444444444444444,1.0,0.9444444444444444,0.1619999999999999,0.0715541752799932,1.0,5,1.0,0.0,0.0,1.0,5,1.0,0.0,0.0,1.0,5,0.9722222222222222,0.118,0.0521536192416211,1.0,5,0.9722222222222222,0.074,0.06308724118235,1.0,5,0.1388888888888888,-0.0555555555555555,0.0,0.0,0.0277777777777777,0.0555555555555555,0.0,0.0,0.0555555555555555,0.0,3.0,0.0,0.0,0.0555555555555555,0.0,0.0,0.074,0.0277777777777777,0.05555555555555558,360,164,301,40,False,False,False,True
AVPR2,47,26,21,371,5,0.9652014652014652,0.9835164835164836,0.9963369963369962,0.9963369963369964,0.9761904761904762,0.558,0.2500399968005118,0.9919747899159664,5,0.9945054945054944,0.412,0.1803330252615976,1.0,5,0.9945054945054944,0.3379999999999999,0.0794984276574071,1.0,5,0.9871794871794872,0.6719999999999999,0.2191346617949794,0.996547619047619,5,0.9926739926739928,0.12,0.1095445115010332,1.0,5,0.0183150183150183,-0.0073260073260073,0.010989010989011,0.010989010989011,-0.0036630036630035,0.0183150183150183,0.0,0.3379999999999999,0.0183150183150183,0.0128205128205128,11.617021276595745,0.3379999999999999,0.010989010989011,0.0183150183150183,0.010989010989011,0.012820512820512775,0.12,-0.0036630036630035,1.1102230246251565e-16,165,117,278,307,False,False,False,False
BAG3,15,5,10,575,5,0.74,0.8400000000000001,0.98,0.72,0.8,0.8260000000000002,0.3289832822500255,0.8375,5,0.84,0.324,0.1813284313062902,1.0,5,0.74,0.4519999999999999,0.2768934813244978,0.90625,5,0.56,0.36,0.3557386681259151,0.8125,5,0.98,0.012,0.0109544511501033,1.0,5,0.1,-0.04,-1.1102230246251563e-16,-0.1,0.0,-0.06,-0.0999999999999999,0.4519999999999999,-0.06,-0.1200000000000001,3.333333333333333,0.4519999999999999,-0.1,-0.06,-0.1,-0.1200000000000001,0.012,0.0,-0.26,118,461,341,125,False,False,False,False
BAP1,15,10,5,729,5,0.98,0.96,0.94,0.96,0.98,0.0,0.0,0.975,5,0.96,0.15,0.3354101966249684,0.96875,5,0.96,0.0,0.0,0.9625,5,0.98,0.0,0.0,0.98125,5,0.94,0.192,0.1856609813611896,0.9625,5,-0.0200000000000001,0.02,0.0,0.0,-1.1102230246251563e-16,-0.02,0.0,0.0,-0.02,0.0,3.333333333333333,0.0,0.0,-0.02,0.0,0.0,0.192,-1.1102230246251563e-16,0.020000000000000018,361,165,237,257,False,False,False,False
BBS12,13,6,7,710,5,1.0,1.0,1.0,0.9761904761904764,1.0,0.0,0.0,1.0,5,1.0,0.0,0.0,1.0,5,1.0,0.0,0.0,1.0,5,1.0,0.0,0.0,1.0,5,1.0,0.0,0.0,1.0,5,0.0,0.0,0.0,0.0,0.0,0.0,0.0,0.0,0.0,-0.0238095238095237,3.230769230769231,0.0,0.0,0.0,0.0,-0.023809523809523614,0.0,0.0,-0.023809523809523614,362,166,353,126,False,False,False,False
BCKDHA,33,27,6,445,5,0.9814814814814816,0.9876543209876544,0.925925925925926,0.9012345679012346,0.9814814814814816,0.252,0.1136661779070625,1.0,5,0.9876543209876544,0.0,0.0,0.9883766233766236,5,0.9814814814814816,0.032,0.0715541752799932,0.9906493506493508,5,0.9629629629629628,0.114,0.1040672859259815,0.9940909090909092,5,0.9320987654320988,0.26,0.0552268050859363,0.9507575757575758,5,0.0061728395061728,-0.0061728395061728,-1.1102230246251563e-16,-0.0061728395061728,0.0061728395061728,0.0,-0.0061728395061727,0.032,0.0,-0.0864197530864198,4.909090909090909,0.032,-0.0061728395061728,0.0,-0.0061728395061728,-0.0864197530864198,0.26,0.0061728395061728,-0.024691358024691468,340,345,203,89,False,False,False,False
BCL11A,19,11,8,835,5,0.7613636363636362,0.8068181818181819,0.8409090909090908,0.7727272727272727,0.7954545454545454,0.536,0.1451895313030523,0.8048941798941799,5,0.8295454545454546,0.954,0.0357770876399966,0.8447089947089947,5,0.75,0.21,0.2924038303442689,0.816931216931217,5,0.6818181818181818,0.348,0.4592058361998462,0.7921957671957672,5,0.7840909090909091,0.288,0.3618977756217907,0.8458994708994709,5,0.0454545454545456,-0.0113636363636364,0.0227272727272727,-0.0568181818181818,-0.0568181818181817,-0.0454545454545454,-0.0795454545454545,0.21,-0.0454545454545454,-0.0340909090909091,4.631578947368421,0.21,-0.0568181818181818,-0.0454545454545454,-0.0568181818181818,-0.03409090909090917,0.288,-0.0568181818181817,-0.06818181818181812,230,446,182,434,False,False,False,False
BICD2,99,23,76,855,5,0.568649885583524,0.9588100686498856,0.9759725400457664,0.5823798627002288,0.9588100686498856,1.0,0.0,0.9587460454414723,5,0.9748283752860412,0.528,0.2156849554326866,0.9799846611063178,5,0.9576659038901602,0.01,0.0223606797749978,0.959438213018886,5,0.5080091533180778,0.528,0.4342464737910948,0.5996491228070175,5,0.9759725400457666,0.0,0.0,0.97585274662065,5,0.3901601830663616,0.0,0.0160183066361555,-0.0011441647597254,1.1102230246251563e-16,-0.0011441647597254,-0.017162471395881,0.01,-0.0011441647597254,-0.3764302059496568,17.656565656565657,0.01,-0.0011441647597254,-0.0011441647597254,-0.0011441647597254,-0.3764302059496568,0.0,1.1102230246251563e-16,-0.3935926773455376,349,316,354,105,False,False,False,False
BMPR1B,25,5,20,502,5,0.6,0.99,0.95,0.7999999999999999,0.96,0.8299999999999998,0.128646803302686,1.0,5,0.99,0.0,0.0,0.990625,5,0.99,0.006,0.0054772255750516,1.0,5,0.79,0.796,0.0260768096208106,0.828125,5,0.93,0.176,0.0983869910099907,0.959375,5,0.39,-0.03,0.0,0.0,-0.02,0.03,0.0,0.006,0.03,-0.19,4.0,0.006,0.0,0.03,0.0,-0.19000000000000006,0.176,-0.02,-0.15000000000000002,351,167,247,374,False,False,False,False
BRAF,79,70,9,766,5,0.8857142857142858,0.9714285714285714,0.9492063492063492,0.8015873015873016,0.9682539682539684,0.808,0.0248997991959774,0.971938775510204,5,0.9825396825396824,0.3339999999999999,0.0357770876399966,0.986033163265306,5,0.9714285714285714,0.0,0.0,0.9714285714285716,5,0.8904761904761904,0.356,0.1186591757935306,0.8976403061224489,5,0.9507936507936507,0.274,0.0304959013639538,0.9614158163265308,5,0.0857142857142856,-0.0031746031746031,0.011111111111111,0.0,0.0015873015873015,0.0031746031746031,-0.011111111111111,0.0,0.0031746031746031,-0.1698412698412698,7.974683544303797,0.0,0.0,0.0031746031746031,0.0,-0.1698412698412698,0.274,0.0015873015873015,-0.14761904761904754,363,168,189,100,False,False,False,False
BRAT1,21,5,16,821,5,0.925,0.975,0.9375,0.8625,0.95,0.324,0.1252198067399882,0.976602564102564,5,0.975,0.234,0.1644080290010193,1.0,5,0.9625,0.21,0.1917028951268081,0.9884615384615384,5,0.9375,0.3219999999999999,0.1194571052721436,0.9653846153846152,5,0.9375,0.018,0.0164316767251549,0.95,5,0.0499999999999999,-0.025,0.0,-0.0124999999999999,0.0,0.0125,-0.0124999999999999,0.21,0.0125,-0.1124999999999999,3.809523809523809,0.21,-0.0124999999999999,0.0125,-0.0124999999999999,-0.11249999999999993,0.018,0.0,-0.07499999999999996,231,366,335,127,False,False,False,False
BTK,86,76,10,659,5,0.9328947368421052,0.988157894736842,0.9552631578947368,0.9368421052631578,0.9907894736842106,0.596,0.1953970317072396,0.9889344262295084,5,0.9907894736842106,0.08,0.0565685424949238,0.996311475409836,5,0.9789473684210528,0.1619999999999999,0.2360508419811291,0.9958948087431694,5,0.938157894736842,0.3259999999999999,0.1350185172485611,0.9547062841530056,5,0.9105263157894736,0.5,0.347778665245584,0.9799180327868852,5,0.0552631578947367,0.0026315789473684,0.0026315789473684,-0.0092105263157894,-0.044736842105263,-0.0118421052631578,-0.0118421052631578,0.1619999999999999,-0.0118421052631578,-0.0513157894736843,8.837209302325581,0.1619999999999999,-0.0092105263157894,-0.0118421052631578,-0.0092105263157894,-0.051315789473684204,0.5,-0.044736842105263,-0.018421052631579005,257,356,76,421,False,False,False,False
C1R,23,12,11,705,5,0.9848484848484848,0.9848484848484848,0.9848484848484848,0.9924242424242424,0.9848484848484848,0.078,0.0712039324756716,0.9930864197530864,5,0.9772727272727272,0.536,0.2996331089849718,0.9930864197530864,5,0.9772727272727272,0.22,0.1256980508997653,1.0,5,0.9924242424242424,0.198,0.1329285522376588,1.0,5,0.9393939393939394,0.6,0.3354101966249684,0.9928086419753086,5,1.1102230246251563e-16,0.0,-0.0075757575757575,-0.0075757575757575,-0.0454545454545453,-0.0075757575757575,0.0,0.22,-0.0075757575757575,0.0075757575757575,5.739130434782608,0.22,-0.0075757575757575,-0.0075757575757575,-0.0075757575757575,0.00757575757575768,0.6,-0.0454545454545453,0.00757575757575768,228,350,45,422,False,False,True,False
CAMK2B,62,5,57,666,5,0.7859649122807018,0.8842105263157894,0.912280701754386,0.8877192982456141,0.8526315789473684,0.756,0.3080259729308552,0.8881642512077293,5,0.9543859649122808,0.442,0.1202913130695646,0.9857487922705314,5,0.8596491228070176,0.502,0.3180723188207361,0.914782608695652,5,0.8701754385964913,0.692,0.1637681287674741,0.898937198067633,5,0.9894736842105264,0.354,0.0260768096208105,1.0,5,0.0982456140350876,-0.031578947368421,0.0701754385964912,-0.0245614035087718,0.0771929824561403,0.0070175438596491,-0.0947368421052631,0.502,0.0070175438596491,0.0035087719298246,4.596774193548387,0.502,-0.0245614035087718,0.0070175438596491,-0.0245614035087718,0.0035087719298246833,0.354,0.0771929824561403,-0.024561403508771895,99,408,152,11,False,False,False,True
CASK,45,27,18,926,5,0.7119341563786009,0.7345679012345679,0.691358024691358,0.6193415637860082,0.7489711934156379,0.6319999999999999,0.0286356421265527,0.7574891774891774,5,0.6954732510288066,0.18,0.1862793601019715,0.765887445887446,5,0.7366255144032922,0.026,0.0089442719099991,0.7423520923520923,5,0.7119341563786008,0.0,0.0,0.7102020202020203,5,0.5946502057613169,0.284,0.3472463102755737,0.7135930735930736,5,0.022633744855967,0.0144032921810699,-0.0390946502057613,0.0020576131687242,-0.0967078189300411,-0.0123456790123457,0.0411522633744855,0.026,-0.0123456790123457,-0.1152263374485597,10.8,0.026,0.0020576131687242,-0.0123456790123457,0.0020576131687242,-0.1152263374485597,0.284,-0.0967078189300411,-0.07201646090534974,344,139,185,457,False,False,False,False
CBL,18,8,10,906,5,0.975,0.9375,0.9875,0.8875,0.975,0.0,0.0,0.9726190476190476,5,0.975,0.502,0.3007823133098088,0.988690476190476,5,0.9375,0.1399999999999999,0.0824621125123532,0.961309523809524,5,0.975,0.0,0.0,0.9726190476190476,5,0.9875,0.0,0.0,0.988690476190476,5,-0.0375,0.0374999999999999,0.0374999999999999,0.0,0.0,-0.0374999999999999,-0.0374999999999999,0.1399999999999999,-0.0374999999999999,-0.05,4.444444444444445,0.1399999999999999,0.0,-0.0374999999999999,0.0,-0.050000000000000044,0.0,0.0,-0.10000000000000009,269,169,355,128,False,False,False,False
CCN6,15,10,5,354,5,0.8,0.78,1.0,0.98,0.68,0.138,0.308577380894971,0.825,5,0.84,0.606,0.3067246322028931,1.0,5,0.8,0.334,0.169941166289984,1.0,5,0.88,0.644,0.3638406244497719,1.0,5,1.0,0.0,0.0,1.0,5,-0.02,-0.0999999999999999,0.0599999999999999,0.02,0.0,0.12,-0.0399999999999999,0.334,0.12,0.2,3.333333333333333,0.334,0.02,0.12,0.02,0.19999999999999996,0.0,0.0,-0.020000000000000018,168,83,356,129,False,False,False,False
CD40LG,37,26,11,261,5,0.958041958041958,0.972027972027972,0.9895104895104896,0.7552447552447553,0.9685314685314684,0.4720000000000001,0.246819772303598,0.9816666666666668,5,0.9790209790209792,0.498,0.3444125433255879,0.9914814814814814,5,0.9615384615384616,0.086,0.1923018460649818,0.9723280423280424,5,0.9545454545454546,0.034,0.0760263112349928,0.958862433862434,5,0.9895104895104896,0.0,0.0,0.9903703703703703,5,0.0139860139860139,-0.0034965034965034,0.006993006993007,-0.0104895104895104,0.0,-0.0069930069930069,-0.0174825174825175,0.086,-0.0069930069930069,-0.2167832167832166,7.72972972972973,0.086,-0.0104895104895104,-0.0069930069930069,-0.0104895104895104,-0.21678321678321666,0.0,0.0,-0.23426573426573427,301,361,357,130,False,False,False,False
CDH1,106,17,89,882,5,0.8486450760079313,0.9015201586252478,0.6457369464639788,0.8790482485128883,0.9028420356906808,0.8480000000000001,0.0277488738510231,0.9082013448210632,5,0.8995373430270985,0.016,0.0219089023002066,0.901185746960395,5,0.8638466622604097,0.406,0.3052539926028814,0.9241268121549812,5,0.8849966953073364,0.6679999999999999,0.1336787193236081,0.907546561419801,5,0.8684732319894249,0.898,0.0672309452558864,0.8905252024970336,5,0.0528750826173165,0.0013218770654329,-0.0019828155981492,-0.037673496364838,0.2227362855254461,-0.038995373430271,-0.0356906807666888,0.406,-0.038995373430271,-0.0224719101123594,14.273584905660377,0.406,-0.037673496364838,-0.038995373430271,-0.037673496364838,-0.022471910112359494,0.898,0.2227362855254461,0.23331130204890949,136,427,4,2,False,False,True,True
CDKL5,166,104,62,960,5,0.982940446650124,0.9919354838709676,0.99348635235732,0.9519230769230768,0.9913151364764268,0.924,0.0492950301754649,0.992146077019448,5,0.987437965260546,0.4519999999999999,0.246819772303598,0.9982608919643589,5,0.9916253101736971,0.086,0.0926282894152752,0.9929706230168488,5,0.9816997518610422,0.216,0.120124934963562,0.987170630042034,5,0.990694789081886,0.236,0.1368575902169843,0.9960174224595172,5,0.0089950372208438,-0.0006203473945409,-0.0044975186104218,-0.0003101736972704,-0.0027915632754341,0.0003101736972704,0.0041873449131513,0.086,0.0003101736972704,-0.0400124069478908,38.8433734939759,0.086,-0.0003101736972704,0.0003101736972704,-0.0003101736972704,-0.04001240694789088,0.236,-0.0027915632754341,-0.04156327543424321,302,313,220,301,False,False,False,False
CDKN2A,26,21,5,156,5,0.8666666666666667,0.8666666666666666,1.0,0.8095238095238095,0.8476190476190476,0.214,0.3269250678672408,0.8841911764705882,5,0.961904761904762,0.6020000000000001,0.0867179335547152,1.0,5,0.8571428571428571,0.0839999999999999,0.1878297101099823,0.8685661764705882,5,0.8380952380952381,0.308,0.2384743172754668,0.8860294117647058,5,1.0,0.0,0.0,1.0,5,-1.1102230246251563e-16,-0.0190476190476189,0.0952380952380953,-0.0095238095238094,0.0,0.0095238095238094,-0.1047619047619048,0.0839999999999999,0.0095238095238094,-0.057142857142857,4.038461538461538,0.0839999999999999,-0.0095238095238094,0.0095238095238094,-0.0095238095238094,-0.05714285714285705,0.0,0.0,-0.19047619047619047,303,357,358,131,False,False,False,False
CERT1,13,6,7,624,5,0.8095238095238095,0.9761904761904764,1.0,0.9523809523809524,0.8571428571428571,0.3059999999999999,0.164863579968409,0.9706666666666668,5,0.9523809523809524,0.54,0.4929503017546495,1.0,5,0.9761904761904762,0.15,0.1369306393762915,1.0,5,0.7142857142857143,0.49,0.4346262762420146,0.954,5,1.0,0.0,0.0,1.0,5,0.1666666666666667,-0.1190476190476191,-0.0238095238095239,-1.1102230246251563e-16,0.0,0.119047619047619,0.0238095238095238,0.15,0.119047619047619,-0.0238095238095239,3.230769230769231,0.15,-1.1102230246251563e-16,0.119047619047619,-1.1102230246251563e-16,-0.023809523809523947,0.0,0.0,-0.04761904761904756,261,296,359,132,False,False,False,False
CFI,19,5,14,583,5,0.9714285714285716,0.9714285714285716,1.0,0.8857142857142857,0.9714285714285714,0.0,0.0,0.9727272727272728,5,0.9714285714285714,0.434,0.2429609022044493,1.0,5,0.9714285714285714,0.0,0.0,0.9731060606060608,5,0.9714285714285714,0.0,0.0,0.9727272727272728,5,1.0,0.0,0.0,1.0,5,0.0,-1.1102230246251563e-16,-1.1102230246251563e-16,-1.1102230246251563e-16,0.0,0.0,0.0,0.0,0.0,-0.0857142857142858,3.684210526315789,0.0,-1.1102230246251563e-16,0.0,-1.1102230246251563e-16,-0.08571428571428596,0.0,0.0,-0.11428571428571432,364,297,360,133,False,False,False,False
CHAT,33,17,16,748,5,0.9852941176470588,0.9926470588235294,0.9963235294117648,0.9227941176470588,0.9889705882352942,0.336,0.1971801207018598,0.9920540997464076,5,0.9926470588235294,0.028,0.0178885438199983,1.0,5,0.9926470588235294,0.04,0.0223606797749978,1.0,5,0.9852941176470588,0.0799999999999999,0.0479583152331271,0.9929698506621584,5,0.9889705882352942,0.162,0.1478850905263948,1.0,5,0.0073529411764705,-0.0036764705882352,0.0,0.0,-0.0073529411764705,0.0036764705882352,0.0,0.04,0.0036764705882352,-0.0698529411764705,8.242424242424242,0.04,0.0,0.0036764705882352,0.0,-0.06985294117647067,0.162,-0.0073529411764705,-0.07352941176470607,335,170,257,325,False,False,False,False
CHEK2,10,5,5,543,5,1.0,1.0,1.0,0.92,1.0,0.0,0.0,1.0,5,1.0,0.0,0.0,1.0,5,1.0,0.0,0.0,1.0,5,1.0,0.0,0.0,1.0,5,1.0,0.0,0.0,1.0,5,0.0,0.0,0.0,0.0,0.0,0.0,0.0,0.0,0.0,-0.0799999999999999,2.5,0.0,0.0,0.0,0.0,-0.07999999999999996,0.0,0.0,-0.07999999999999996,365,171,361,134,False,False,False,False
CHM,32,6,26,653,5,0.8461538461538461,0.9423076923076924,0.9038461538461536,0.8141025641025641,0.8525641025641025,0.768,0.4293250516799596,0.9466666666666664,5,0.9423076923076924,0.0,0.0,0.9421904761904762,5,0.9423076923076924,0.074,0.1654690303349844,0.943904761904762,5,0.8205128205128205,0.456,0.2556951309665478,0.8852380952380953,5,0.8461538461538461,0.388,0.2899482712485108,0.9247619047619048,5,0.0961538461538461,-0.0897435897435897,0.0,0.0,-0.0576923076923076,0.0897435897435897,0.0,0.074,0.0897435897435897,-0.1282051282051282,4.875,0.074,0.0,0.0897435897435897,0.0,-0.1282051282051283,0.388,-0.0576923076923076,-0.08974358974358954,308,172,125,437,False,False,False,False
CHRNE,32,25,7,493,5,0.9542857142857142,0.9314285714285716,0.9542857142857142,0.8857142857142856,0.9657142857142856,0.312,0.2007984063681781,0.9946666666666666,5,0.9257142857142856,0.546,0.3713219627223793,0.97,5,0.88,0.5359999999999999,0.3075386154615384,0.9753333333333334,5,0.9485714285714286,0.2799999999999999,0.1945507645834372,0.9783333333333332,5,0.9371428571428572,0.522,0.1523811011904035,0.9803333333333332,5,-0.0228571428571426,0.0342857142857142,-0.0057142857142857,-0.0514285714285714,-0.017142857142857,-0.0857142857142857,-0.0457142857142857,0.5359999999999999,-0.0857142857142857,-0.0457142857142859,5.46875,0.5359999999999999,-0.0514285714285714,-0.0857142857142857,-0.0514285714285714,-0.04571428571428604,0.522,-0.017142857142857,-0.06857142857142862,85,442,68,364,False,False,False,False
CHST3,20,13,7,479,5,1.0,1.0,0.989010989010989,0.934065934065934,1.0,0.0,0.0,1.0,5,1.0,0.0,0.0,1.0,5,1.0,0.0,0.0,1.0,5,1.0,0.0,0.0,1.0,5,0.989010989010989,0.048,0.0438178046004132,1.0,5,0.0,0.0,0.0,0.0,0.0,0.0,0.0,0.0,0.0,-0.0659340659340659,4.55,0.0,0.0,0.0,0.0,-0.06593406593406603,0.048,0.0,-0.05494505494505508,366,173,323,135,False,False,False,False
CLCN1,84,75,9,988,5,0.8637037037037038,0.9214814814814816,0.9466666666666668,0.9037037037037036,0.9111111111111112,0.6839999999999999,0.1575753787874235,0.9267857142857142,5,0.9525925925925924,0.758,0.145155089473294,0.9529761904761904,5,0.9377777777777778,0.244,0.0304959013639538,0.9391666666666666,5,0.8785185185185185,0.6620000000000001,0.2329592238998061,0.9092857142857144,5,0.9407407407407408,0.236,0.1134900876728888,0.958095238095238,5,0.0577777777777777,-0.0103703703703703,0.031111111111111,0.0162962962962963,-0.0059259259259258,0.0266666666666667,-0.0148148148148147,0.244,0.0266666666666667,-0.0177777777777777,8.035714285714286,0.244,0.0162962962962963,0.0266666666666667,0.0162962962962963,-0.017777777777778003,0.236,-0.0059259259259258,-0.0429629629629632,212,96,221,322,False,False,False,False
CLCN4,39,23,16,760,5,0.7961956521739131,0.8858695652173912,0.8315217391304348,0.7717391304347826,0.8804347826086957,0.974,0.0371483512420134,0.8858974358974357,5,0.8858695652173914,0.09,0.0519615242270663,0.8977507872244714,5,0.8722826086956522,0.078,0.1744133022449836,0.8874718848403058,5,0.8043478260869565,0.332,0.3223662513353406,0.8130904183535762,5,0.7527173913043478,0.286,0.3108536633208623,0.8456365272154744,5,0.0896739130434781,-0.0054347826086955,1.1102230246251563e-16,-0.013586956521739,-0.078804347826087,-0.0081521739130434,-0.0135869565217391,0.078,-0.0081521739130434,-0.1141304347826086,9.435897435897436,0.078,-0.013586956521739,-0.0081521739130434,-0.013586956521739,-0.11413043478260865,0.286,-0.078804347826087,-0.05978260869565222,306,370,183,450,False,False,False,False
CLCN5,17,11,6,816,5,0.9696969696969696,0.9696969696969696,1.0,0.9696969696969696,0.9696969696969696,0.0,0.0,0.9677777777777776,5,0.9696969696969696,0.278,0.1602186006679624,1.0,5,0.9696969696969696,0.3,0.2738612787525831,1.0,5,0.9696969696969696,0.06,0.0547722557505166,0.9855555555555556,5,1.0,0.0,0.0,1.0,5,0.0,0.0,0.0,0.0,0.0,0.0,0.0,0.3,0.0,0.0,3.882352941176471,0.3,0.0,0.0,0.0,0.0,0.0,0.0,-0.030303030303030387,180,174,362,136,False,False,False,False
CLCN7,50,31,19,805,5,0.8930390492359932,0.9185059422750425,0.9252971137521224,0.8777589134125637,0.9185059422750425,0.5880000000000001,0.0855569985448297,0.9331375000000002,5,0.9235993208828522,0.408,0.292095874671314,0.933175,5,0.9134125636672326,0.454,0.1944993573254163,0.9454041666666668,5,0.8981324278438031,0.524,0.0898888202169769,0.9128958333333336,5,0.9422750424448216,0.5640000000000001,0.031304951684997,0.941075,5,0.0254668930390492,0.0,0.0050933786078097,-0.0050933786078098,0.0169779286926994,-0.0050933786078098,-0.0101867572156196,0.454,-0.0050933786078098,-0.0407470288624787,11.78,0.454,-0.0050933786078098,-0.0050933786078098,-0.0050933786078098,-0.04074702886247872,0.5640000000000001,0.0169779286926994,-0.04753820033955869,116,341,54,59,False,False,False,False
CLCNKB,36,15,21,687,5,0.9714285714285714,0.9873015873015872,0.9714285714285714,0.9111111111111112,0.9809523809523808,0.532,0.0715541752799932,0.9969975490196076,5,0.9904761904761904,0.196,0.1344618905117728,0.9939950980392158,5,0.9936507936507936,0.088,0.0521536192416211,0.9940563725490196,5,0.9714285714285714,0.078,0.0712039324756716,0.973468137254902,5,0.9809523809523808,0.168,0.0491934955049953,0.9870710784313724,5,0.0158730158730159,-0.0063492063492064,0.0031746031746031,0.0063492063492063,0.0095238095238094,0.0126984126984127,0.0031746031746031,0.088,0.0126984126984127,-0.0761904761904762,8.75,0.088,0.0063492063492063,0.0126984126984127,0.0063492063492063,-0.07619047619047603,0.168,0.0095238095238094,-0.060317460317460214,298,128,249,77,False,False,False,False
CNGA1,12,5,7,686,5,0.8,1.0,1.0,0.8571428571428572,0.8285714285714286,0.512,0.2862167011199731,1.0,5,1.0,0.0,0.0,1.0,5,1.0,0.0,0.0,1.0,5,0.8,0.246,0.1375863365309215,0.8550000000000001,5,1.0,0.0,0.0,1.0,5,0.1999999999999999,-0.1714285714285713,0.0,0.0,0.0,0.1714285714285713,0.0,0.0,0.1714285714285713,-0.1428571428571428,2.9166666666666665,0.0,0.0,0.1714285714285713,0.0,-0.1428571428571428,0.0,0.0,-0.1428571428571428,367,175,363,137,False,False,False,False
CNGA3,93,83,10,694,5,0.8975903614457832,0.9493975903614458,0.9602409638554216,0.9313253012048192,0.946987951807229,0.562,0.0995991967839098,0.9585538218000904,5,0.9614457831325302,0.386,0.159937487788198,0.9781433740388966,5,0.9674698795180724,0.4559999999999999,0.0740270220932869,0.9728855721393036,5,0.9349397590361446,0.7699999999999999,0.0447213595499957,0.9428256445047488,5,0.946987951807229,0.372,0.2117073451725282,0.9732417458163728,5,0.0518072289156625,-0.0024096385542168,0.0120481927710843,0.0180722891566265,-0.0132530120481927,0.0204819277108433,0.0060240963855421,0.4559999999999999,0.0204819277108433,-0.0180722891566265,8.924731182795698,0.4559999999999999,0.0180722891566265,0.0204819277108433,0.0180722891566265,-0.01807228915662662,0.372,-0.0132530120481927,-0.028915662650602414,115,91,139,351,False,False,False,False
CNGB3,27,7,20,809,5,0.8714285714285714,0.8714285714285713,0.8285714285714286,0.8642857142857143,0.85,0.148,0.2598461083025874,0.8820833333333333,5,0.8714285714285714,0.0,0.0,0.875,5,0.85,0.5599999999999999,0.2470829820121167,0.9083333333333332,5,0.8857142857142857,0.692,0.1769745744450315,0.9066666666666666,5,0.7857142857142857,0.6819999999999999,0.3812741795611132,0.8916666666666666,5,-1.1102230246251563e-16,-0.0214285714285713,1.1102230246251563e-16,-0.0214285714285713,-0.0428571428571429,0.0,-0.0214285714285714,0.5599999999999999,0.0,-0.007142857142857,5.185185185185185,0.5599999999999999,-0.0214285714285713,0.0,-0.0214285714285713,-0.0071428571428570065,0.6819999999999999,-0.0428571428571429,0.0357142857142857,79,401,29,417,False,False,True,False
CNNM2,16,8,8,875,5,0.828125,0.96875,0.90625,0.765625,0.9375,0.808,0.1255786606076048,0.9706349206349209,5,0.96875,0.0,0.0,0.9698412698412696,5,0.96875,0.0,0.0,0.9666666666666666,5,0.8125,0.342,0.3122018577779447,0.865873015873016,5,0.90625,0.0,0.0,0.9071428571428573,5,0.140625,-0.03125,0.0,0.0,0.0,0.03125,0.0,0.0,0.03125,-0.203125,4.0,0.0,0.0,0.03125,0.0,-0.203125,0.0,0.0,-0.140625,368,176,364,138,False,False,False,False
CNOT3,16,8,8,753,5,0.421875,0.78125,0.984375,0.90625,0.765625,0.6440000000000001,0.1991983935678197,0.7825396825396826,5,0.875,0.732,0.2862167011199731,0.984920634920635,5,0.875,0.7660000000000001,0.2547155275989275,0.9111111111111112,5,0.890625,0.7440000000000001,0.1040672859259816,0.9047619047619048,5,0.984375,0.144,0.1314534138012398,1.0,5,0.359375,-0.015625,0.09375,0.09375,0.0,0.109375,0.0,0.7660000000000001,0.109375,0.125,4.0,0.7660000000000001,0.09375,0.109375,0.09375,0.125,0.144,0.0,-0.078125,25,24,267,139,True,True,False,False
COL10A1,44,18,26,680,5,0.7286324786324786,0.7136752136752137,0.782051282051282,0.7564102564102564,0.7264957264957265,0.126,0.0963327566303383,0.7349705215419501,5,0.7756410256410257,0.95,0.0529150262212918,0.7805804988662131,5,0.75,0.8560000000000001,0.1690562036720332,0.768639455782313,5,0.7264957264957265,0.63,0.2209072203437452,0.7674421768707483,5,0.7756410256410257,0.254,0.2098332671432249,0.7949977324263038,5,-0.0149572649572649,0.0128205128205127,0.0619658119658119,0.0363247863247863,-0.0064102564102563,0.0235042735042735,-0.0256410256410256,0.8560000000000001,0.0235042735042735,0.0427350427350426,10.636363636363637,0.8560000000000001,0.0363247863247863,0.0235042735042735,0.0363247863247863,0.042735042735042694,0.254,-0.0064102564102563,-0.02564102564102566,13,59,209,323,True,False,False,False
COL6A2,95,51,44,1019,5,0.9719251336898396,0.962566844919786,0.9518716577540108,0.979946524064171,0.9719251336898396,0.0,0.0,0.9714522841656986,5,0.9349376114081996,0.372,0.3304088376542007,0.9692213511420829,5,0.9772727272727272,0.806,0.1069111780872327,0.989559136662795,5,0.9750445632798574,0.594,0.2104281350010021,0.9864929345722028,5,0.9852941176470588,0.882,0.0884307638777366,0.9849622531939606,5,-0.0093582887700535,0.0093582887700535,-0.0276292335115864,0.0147058823529412,0.0334224598930481,0.0053475935828877,0.0423351158645276,0.806,0.0053475935828877,0.0173796791443849,23.621052631578948,0.806,0.0147058823529412,0.0053475935828877,0.0147058823529412,0.017379679144385096,0.882,0.0334224598930481,0.028074866310160207,18,105,6,32,True,False,True,True
COMP,111,102,9,757,5,0.8899782135076253,0.9139433551198256,0.89760348583878,0.8562091503267975,0.9041394335511984,0.71,0.3848376280978771,0.917952854131716,5,0.8954248366013072,0.402,0.2012958022413781,0.9465124532197702,5,0.9128540305010894,0.066,0.0450555213042752,0.9166591388136104,5,0.8845315904139434,0.176,0.232443541532132,0.8944272379231728,5,0.8747276688453159,0.38,0.2407280623442144,0.9193713167290404,5,0.0239651416122004,-0.0098039215686274,-0.0185185185185184,-0.0010893246187363,-0.022875816993464,0.008714596949891,0.0174291938997821,0.066,0.008714596949891,-0.0577342047930282,8.27027027027027,0.066,-0.0010893246187363,0.008714596949891,-0.0010893246187363,-0.057734204793028154,0.38,-0.022875816993464,-0.04139433551198257,314,315,132,384,False,False,False,False
COQ4,12,6,6,265,5,0.5277777777777778,1.0,0.8333333333333333,0.9722222222222224,0.9444444444444444,0.316,0.0606630035524124,1.0,5,1.0,0.0,0.0,1.0,5,1.0,0.0,0.0,1.0,5,0.8888888888888888,0.4659999999999999,0.1813284313062901,0.974,5,0.9722222222222222,0.3259999999999999,0.0527257053058562,1.0,5,0.4722222222222222,-0.0555555555555555,0.0,0.0,0.1388888888888889,0.0555555555555555,0.0,0.0,0.0555555555555555,-0.0277777777777776,3.0,0.0,0.0,0.0555555555555555,0.0,-0.027777777777777568,0.3259999999999999,0.1388888888888889,0.13888888888888917,369,177,162,5,False,False,False,True
COQ8A,27,18,9,647,5,0.9197530864197532,0.9876543209876544,1.0,0.962962962962963,0.9753086419753086,0.7020000000000002,0.1744133022449836,0.9885374149659863,5,0.9876543209876544,0.1579999999999999,0.0965401470891773,1.0,5,0.9876543209876544,0.128,0.0736206492772238,1.0,5,0.9320987654320988,0.708,0.2964287435455611,0.9712414965986392,5,1.0,0.0,0.0,1.0,5,0.067901234567901,-0.0123456790123456,0.0,0.0,0.0,0.0123456790123456,0.0,0.128,0.0123456790123456,-0.0246913580246912,6.0,0.128,0.0,0.0123456790123456,0.0,-0.024691358024691357,0.0,0.0,-0.03703703703703698,275,178,365,140,False,False,False,False
COQ8B,13,5,8,544,5,0.975,0.975,1.0,1.0,0.975,0.0,0.0,0.9773809523809524,5,0.95,0.144,0.1314534138012398,1.0,5,0.975,0.246,0.2245662485771181,1.0,5,0.975,0.294,0.2683840531775314,1.0,5,1.0,0.0,0.0,1.0,5,0.0,0.0,-0.025,0.0,0.0,0.0,0.025,0.246,0.0,0.025,3.076923076923077,0.246,0.0,0.0,0.0,0.025000000000000022,0.0,0.0,0.0,211,179,366,141,False,False,False,False
CPT1A,27,13,14,773,5,0.8406593406593407,0.8901098901098901,0.945054945054945,0.7912087912087912,0.912087912087912,0.406,0.0650384501660363,0.9198209366391183,5,0.9615384615384616,0.684,0.1588395416764981,0.963595041322314,5,0.8956043956043956,0.254,0.2411016383187804,0.9115289256198348,5,0.8406593406593407,0.484,0.0779743547584717,0.8629063360881541,5,0.9230769230769232,0.066,0.1475804865149861,0.9473553719008264,5,0.0494505494505493,0.021978021978022,0.0714285714285715,0.0054945054945055,-0.0219780219780219,-0.0164835164835164,-0.0659340659340659,0.254,-0.0164835164835164,-0.0989010989010988,6.7407407407407405,0.254,0.0054945054945055,-0.0164835164835164,0.0054945054945055,-0.09890109890109888,0.066,-0.0219780219780219,-0.15384615384615385,206,131,306,379,False,False,False,False
CPT2,25,15,10,658,5,0.8866666666666666,0.9133333333333332,0.9466666666666668,0.7533333333333333,0.9133333333333332,0.454,0.2704255905050408,0.925,5,0.94,0.518,0.2425283488584376,0.94375,5,0.88,0.1699999999999999,0.2372762103540934,0.9125,5,0.8666666666666667,0.048,0.1073312629199899,0.89375,5,0.9466666666666668,0.0,0.0,0.9479166666666666,5,0.0266666666666667,0.0,0.0266666666666666,-0.0333333333333333,-1.1102230246251563e-16,-0.0333333333333333,-0.0599999999999999,0.1699999999999999,-0.0333333333333333,-0.16,6.0,0.1699999999999999,-0.0333333333333333,-0.0333333333333333,-0.0333333333333333,-0.15999999999999992,0.0,-1.1102230246251563e-16,-0.19333333333333347,253,419,367,258,False,False,False,False
CSF1R,84,27,57,972,5,0.9707602339181288,0.9512670565302144,0.98635477582846,0.96361273554256,0.9577647823261858,0.332,0.2113527856452334,0.9782640065248762,5,0.9857050032488628,0.7460000000000001,0.0952890339965727,0.987671121149382,5,0.9415204678362572,0.6100000000000001,0.3826225293941798,0.9696543070456116,5,0.97270955165692,0.282,0.135535973084639,0.976528013049752,5,0.9837556855100714,0.1399999999999999,0.182208671582886,0.9876485350398394,5,-0.0194931773879143,0.0064977257959714,0.0344379467186485,-0.009746588693957,-0.0025990903183886,-0.0162443144899284,-0.0441845354126055,0.6100000000000001,-0.0162443144899284,0.0123456790123457,18.321428571428573,0.6100000000000001,-0.009746588693957,-0.0162443144899284,-0.009746588693957,0.012345679012345623,0.1399999999999999,-0.0025990903183886,-0.02274204028589999,58,360,270,300,False,False,False,False
CSNK2A1,23,17,6,391,5,0.9117647058823528,1.0,1.0,1.0,0.9215686274509804,0.244,0.1366747965061591,1.0,5,1.0,0.0,0.0,1.0,5,1.0,0.0,0.0,1.0,5,0.9607843137254902,0.308,0.1175584960774847,1.0,5,1.0,0.0,0.0,1.0,5,0.088235294117647,-0.0784313725490196,0.0,0.0,0.0,0.0784313725490196,0.0,0.0,0.0784313725490196,0.0,4.434782608695652,0.0,0.0,0.0784313725490196,0.0,0.0,0.0,0.0,0.0,370,180,368,142,False,False,False,False
CTCF,34,29,5,727,5,0.8068965517241379,0.9448275862068966,0.9379310344827588,0.7931034482758621,0.9172413793103448,0.808,0.2225308967312179,0.94375,5,0.9448275862068966,0.0,0.0,0.9440217391304347,5,0.9448275862068966,0.006,0.0054772255750516,0.952536231884058,5,0.7793103448275862,0.51,0.3360059523282289,0.8571557971014492,5,0.9517241379310344,0.458,0.0438178046004132,0.9590579710144927,5,0.1379310344827586,-0.0275862068965517,0.0,0.0,0.0137931034482757,0.0275862068965517,0.0,0.006,0.0275862068965517,-0.1517241379310344,4.264705882352941,0.006,0.0,0.0275862068965517,0.0,-0.15172413793103445,0.458,0.0137931034482757,-0.14482758620689673,352,181,92,68,False,False,False,False
CTNNB1,16,11,5,781,5,0.9272727272727274,0.9090909090909092,0.8545454545454545,0.6727272727272727,0.8181818181818182,0.174,0.3668514685809503,0.9541666666666666,5,0.9090909090909092,0.0,0.0,0.9083333333333332,5,0.9090909090909092,0.0,0.0,0.9076388888888888,5,0.9272727272727272,0.0,0.0,0.93125,5,0.8545454545454545,0.0,0.0,0.8625,5,-0.0181818181818181,-0.0909090909090909,-1.1102230246251563e-16,-1.1102230246251563e-16,0.0,0.0909090909090908,0.0,0.0,0.0909090909090908,-0.2363636363636364,3.4375,0.0,-1.1102230246251563e-16,0.0909090909090908,-1.1102230246251563e-16,-0.23636363636363644,0.0,0.0,-0.18181818181818177,371,298,369,143,False,False,False,False
CTNS,28,18,10,367,5,0.9055555555555556,0.9166666666666666,0.977777777777778,0.972222222222222,0.9111111111111112,0.6759999999999999,0.2957701810527897,0.9265476190476192,5,0.9444444444444444,0.728,0.4069643719049617,0.9758333333333332,5,0.9388888888888888,0.604,0.2299565176288769,0.9742857142857142,5,0.9611111111111112,0.834,0.1322119510483073,0.9721428571428572,5,0.9888888888888888,0.458,0.0491934955049953,1.0,5,0.011111111111111,-0.0055555555555555,0.0277777777777777,0.0222222222222222,0.011111111111111,0.0277777777777777,-0.0055555555555555,0.604,0.0277777777777777,0.0555555555555554,6.428571428571429,0.604,0.0222222222222222,0.0277777777777777,0.0222222222222222,0.05555555555555536,0.458,0.011111111111111,-0.00555555555555598,59,77,93,71,False,False,False,False
CUL3,15,8,7,768,5,0.9107142857142856,0.9107142857142856,0.9107142857142856,0.9642857142857144,0.8928571428571429,0.188,0.1559487095169434,0.9717460317460316,5,0.9107142857142856,0.006,0.0054772255750516,0.9274603174603177,5,0.9107142857142856,0.28,0.2683281572999748,0.9663492063492064,5,0.9285714285714286,0.2979999999999999,0.2194766502386985,0.9773015873015872,5,0.9285714285714286,0.552,0.308577380894971,0.9661904761904762,5,0.0,-0.0178571428571427,0.0,0.0,0.0178571428571429,0.0178571428571427,0.0,0.28,0.0178571428571427,0.0535714285714286,3.733333333333333,0.28,0.0,0.0178571428571427,0.0,0.053571428571428825,0.552,0.0178571428571429,0.053571428571428825,186,182,56,56,False,False,False,False
CYBB,77,46,31,570,5,0.9481065918653576,0.934782608695652,0.9628330995792428,0.8695652173913043,0.9544179523141656,0.386,0.1087658034494298,0.968846846846847,5,0.9607293127629734,0.8100000000000002,0.1461163919620245,0.9657747747747748,5,0.9417952314165496,0.2679999999999999,0.1221474518768197,0.9503693693693694,5,0.9453015427769986,0.052,0.0356370593624109,0.9493873873873874,5,0.9621318373071528,0.028,0.0228035085019827,0.963942942942943,5,-0.0133239831697055,0.0196353436185133,0.0259467040673212,0.0070126227208976,-0.0007012622720897,-0.0126227208976157,-0.0189340813464236,0.2679999999999999,-0.0126227208976157,-0.0652173913043477,18.51948051948052,0.2679999999999999,0.0070126227208976,-0.0126227208976157,0.0070126227208976,-0.06521739130434767,0.028,-0.0007012622720897,-0.09326788218793847,191,127,327,281,False,False,False,False
CYP11B1,39,34,5,503,5,0.9529411764705882,1.0,0.976470588235294,0.9352941176470588,0.9941176470588236,0.7460000000000001,0.3069690538148756,1.0,5,1.0,0.0,0.0,1.0,5,1.0,0.0,0.0,1.0,5,0.9588235294117649,0.306,0.1715517414659495,0.9797619047619048,5,0.9705882352941176,0.34,0.2274862633215465,0.9908730158730158,5,0.0470588235294118,-0.0058823529411764,0.0,0.0,-0.0058823529411764,0.0058823529411764,0.0,0.0,0.0058823529411764,-0.0647058823529411,4.358974358974359,0.0,0.0,0.0058823529411764,0.0,-0.06470588235294117,0.34,-0.0058823529411764,-0.04117647058823515,372,183,157,318,False,False,False,False
CYP11B2,38,14,24,503,5,0.9136904761904764,0.8392857142857143,0.9523809523809524,0.8333333333333334,0.9017857142857144,0.132,0.1204989626511365,0.9205901116427432,5,0.9553571428571428,0.98,0.0346410161513775,0.9524561403508772,5,0.8898809523809523,0.6719999999999999,0.0657267069006199,0.8957097288676238,5,0.9077380952380952,0.2,0.1983683442487737,0.924226475279107,5,0.949404761904762,0.026,0.0194935886896179,0.9582934609250398,5,-0.0744047619047619,0.0625,0.1160714285714286,0.050595238095238,-0.0029761904761905,-0.0119047619047619,-0.0654761904761905,0.6719999999999999,-0.0119047619047619,-0.0059523809523809,8.842105263157896,0.6719999999999999,0.050595238095238,-0.0119047619047619,0.050595238095238,-0.005952380952380931,0.026,-0.0029761904761905,-0.11904761904761907,44,38,329,303,True,True,False,False
CYP19A1,11,5,6,503,5,0.5,0.6333333333333333,0.7666666666666666,0.7,0.5666666666666667,0.6300000000000001,0.2090454496036687,0.625,5,0.6333333333333333,0.642,0.308577380894971,0.775,5,0.5666666666666667,0.4840000000000001,0.2426520142096496,0.7224999999999999,5,0.6333333333333333,0.632,0.0389871773792358,0.7,5,0.7333333333333333,0.24,0.2190890230020664,0.7975000000000001,5,0.1333333333333333,-0.0666666666666666,0.0,-0.0666666666666666,-0.0333333333333333,0.0,-0.0666666666666666,0.4840000000000001,0.0,0.0666666666666666,2.727272727272727,0.4840000000000001,-0.0666666666666666,0.0,-0.0666666666666666,0.06666666666666665,0.24,-0.0333333333333333,-0.06666666666666665,105,450,217,407,False,False,False,False
CYP27A1,17,12,5,531,5,0.8333333333333333,0.9166666666666669,0.95,0.8666666666666667,0.8166666666666667,0.562,0.3383341543503996,0.9227777777777778,5,0.9333333333333332,0.288,0.1609968943799848,0.9694444444444444,5,0.8333333333333334,0.24,0.3078960863668131,0.9438888888888888,5,0.8333333333333334,0.2579999999999999,0.2710535002541011,0.8838888888888888,5,0.8666666666666667,0.456,0.4162691437039262,0.9638888888888888,5,0.0833333333333334,-0.1,0.0166666666666666,-0.0833333333333333,-0.0833333333333333,0.0166666666666667,-0.0999999999999999,0.24,0.0166666666666667,-0.05,3.5294117647058822,0.24,-0.0833333333333333,0.0166666666666667,-0.0833333333333333,-0.050000000000000155,0.456,-0.0833333333333333,-0.08333333333333326,213,456,96,455,False,False,False,False
CYP27B1,25,20,5,508,5,0.9,0.8700000000000001,0.98,0.77,0.86,0.152,0.2777048793233564,0.9125,5,0.96,0.736,0.1697939928266014,0.98125,5,0.85,0.176,0.1964179217892298,0.8875,5,0.81,0.236,0.323156308928048,0.921875,5,0.98,0.0,0.0,0.98125,5,-0.0299999999999999,-0.0100000000000001,0.0899999999999998,-0.0200000000000001,0.0,-0.01,-0.1099999999999999,0.176,-0.01,-0.1,4.0,0.176,-0.0200000000000001,-0.01,-0.0200000000000001,-0.10000000000000009,0.0,0.0,-0.20999999999999996,247,395,370,144,False,False,False,False
CYP4F22,21,11,10,531,5,0.9272727272727272,0.9272727272727272,1.0,0.9454545454545454,0.9272727272727272,0.38,0.5023445033042564,0.9350694444444444,5,0.9454545454545454,0.586,0.2641590430025063,1.0,5,0.9454545454545454,0.516,0.3163542318351376,0.961111111111111,5,0.9272727272727272,0.294,0.4014722904510347,0.95,5,1.0,0.0,0.0,1.0,5,0.0,0.0,0.0181818181818181,0.0181818181818181,0.0,0.0181818181818181,0.0,0.516,0.0181818181818181,0.0181818181818181,5.238095238095238,0.516,0.0181818181818181,0.0181818181818181,0.0181818181818181,0.018181818181818188,0.0,0.0,-0.054545454545454564,95,89,371,145,False,False,False,False
DARS2,21,15,6,645,5,0.9111111111111112,0.9222222222222224,0.9333333333333332,0.8666666666666667,0.9222222222222224,0.54,0.4929503017546495,0.9266666666666664,5,0.9111111111111112,0.032,0.0438178046004132,0.9375,5,0.8888888888888888,0.232,0.1661926592843378,0.9374999999999998,5,0.9111111111111112,0.206,0.1281795615533147,0.9433333333333334,5,0.9333333333333332,0.27,0.2464751508773247,0.9441666666666666,5,0.0111111111111111,0.0,-0.0111111111111111,-0.0333333333333334,0.0,-0.0333333333333334,-0.0222222222222222,0.232,-0.0333333333333334,-0.0555555555555555,4.285714285714286,0.232,-0.0333333333333334,-0.0333333333333334,-0.0333333333333334,-0.05555555555555569,0.27,0.0,-0.06666666666666654,220,422,194,146,False,False,False,False
DBT,24,16,8,482,5,0.9453125,0.9921875,0.953125,0.9921875,0.9765625,0.5319999999999999,0.2441720704749009,0.9948717948717948,5,0.9921875,0.048,0.0438178046004132,1.0,5,0.9921875,0.112,0.0626099033699941,1.0,5,0.96875,0.7620000000000001,0.1917550520846843,0.9928571428571428,5,0.90625,0.6859999999999999,0.3835101041693686,0.9926739926739928,5,0.046875,-0.015625,0.0,0.0,-0.046875,0.015625,0.0,0.112,0.015625,0.0,5.333333333333333,0.112,0.0,0.015625,0.0,0.0,0.6859999999999999,-0.046875,0.0390625,287,184,28,423,False,False,True,False
DCLRE1C,25,13,12,692,5,1.0,0.8717948717948717,0.9166666666666669,0.9166666666666669,1.0,0.0,0.0,1.0,5,0.8397435897435898,0.6779999999999999,0.4092920717531674,0.9257575757575758,5,0.9166666666666666,0.532,0.1221474518768197,0.93579797979798,5,1.0,0.0,0.0,1.0,5,0.8846153846153846,0.4019999999999999,0.2713300573102803,0.9638383838383838,5,-0.1282051282051283,0.1282051282051283,-0.0320512820512819,0.0448717948717949,-0.0320512820512821,-0.0833333333333333,0.0769230769230768,0.532,-0.0833333333333333,0.044871794871795,6.24,0.532,0.0448717948717949,-0.0833333333333333,0.0448717948717949,0.044871794871795156,0.4019999999999999,-0.0320512820512821,0.0,87,47,118,402,False,True,False,False
DEAF1,43,28,15,565,5,0.8976190476190475,0.9452380952380952,0.9690476190476192,0.6214285714285714,0.9333333333333332,0.43,0.1244989959798873,0.9647891963109356,5,0.961904761904762,0.562,0.1970279168036854,0.9746376811594204,5,0.930952380952381,0.048,0.0438178046004132,0.947364953886693,5,0.8928571428571429,0.268,0.2451938009004306,0.9049077733860345,5,0.969047619047619,0.0,0.0,0.9695981554677208,5,0.0476190476190477,-0.0119047619047619,0.0166666666666666,-0.0142857142857143,-1.1102230246251563e-16,-0.0023809523809523,-0.0309523809523809,0.048,-0.0023809523809523,-0.3238095238095239,9.767441860465116,0.048,-0.0142857142857143,-0.0023809523809523,-0.0142857142857143,-0.32380952380952377,0.0,-1.1102230246251563e-16,-0.3476190476190477,328,374,372,259,False,False,False,False
DEGS1,12,6,6,323,5,0.888888888888889,0.8333333333333335,0.9722222222222224,0.8055555555555556,0.8888888888888888,0.0,0.0,0.884,5,0.8055555555555556,0.5940000000000001,0.3631528603770043,0.982,5,0.75,0.304,0.3567632268045573,0.8880000000000001,5,0.8055555555555556,0.424,0.2370232056149777,0.934,5,0.9722222222222222,0.0,0.0,0.964,5,-0.0555555555555554,0.0555555555555553,-0.0277777777777779,-0.0833333333333334,-1.1102230246251563e-16,-0.1388888888888888,-0.0555555555555555,0.304,-0.1388888888888888,-0.0277777777777779,3.0,0.304,-0.0833333333333334,-0.1388888888888888,-0.0833333333333334,-0.0277777777777779,0.0,-1.1102230246251563e-16,-0.16666666666666685,177,457,373,260,False,False,False,False
DKC1,20,14,6,514,5,0.6428571428571428,0.9642857142857144,0.7857142857142857,0.8571428571428572,0.9166666666666666,0.722,0.1202913130695646,0.969848484848485,5,0.9523809523809524,0.044,0.0983869910099907,0.969848484848485,5,0.9642857142857144,0.174,0.1588395416764981,0.9781818181818182,5,0.8095238095238095,0.522,0.0998498873309329,0.9054545454545456,5,0.8095238095238095,0.514,0.2158240023723033,0.9329545454545456,5,0.3214285714285715,-0.0476190476190476,-0.0119047619047619,0.0,0.0238095238095238,0.0476190476190476,0.0119047619047619,0.174,0.0476190476190476,-0.1071428571428571,4.2,0.174,0.0,0.0476190476190476,0.0,-0.1071428571428572,0.514,0.0238095238095238,0.07142857142857151,250,185,70,46,False,False,False,True
DLL4,27,15,12,685,5,0.9611111111111112,0.9722222222222224,0.9611111111111112,0.8333333333333334,0.9722222222222222,0.174,0.3052539926028814,0.9735185185185186,5,0.9666666666666668,0.17,0.2343074902771996,0.9805555555555556,5,0.9722222222222222,0.24,0.1341640786499874,0.977777777777778,5,0.9666666666666668,0.13,0.0547722557505166,0.9744444444444446,5,0.9611111111111112,0.072,0.0268328157299974,0.975925925925926,5,0.0111111111111111,-1.1102230246251563e-16,-0.0055555555555556,-1.1102230246251563e-16,0.0,0.0,0.0055555555555555,0.24,0.0,-0.1388888888888889,6.666666666666667,0.24,-1.1102230246251563e-16,0.0,-1.1102230246251563e-16,-0.13888888888888906,0.072,0.0,-0.12777777777777788,214,299,302,147,False,False,False,False
DNAI1,17,9,8,699,5,0.9583333333333334,0.9027777777777778,0.9027777777777778,0.9166666666666669,0.9583333333333334,0.0,0.0,0.95578231292517,5,0.9583333333333334,0.436,0.2400624918640977,0.9687074829931972,5,0.9027777777777778,0.434,0.3916375875730009,0.9346938775510204,5,0.9444444444444444,0.088,0.1967739820199814,0.9657312925170068,5,0.9305555555555556,0.2,0.1118033988749894,0.9698979591836736,5,-0.0555555555555555,0.0555555555555555,0.0555555555555555,0.0,0.0277777777777777,-0.0555555555555555,-0.0555555555555555,0.434,-0.0555555555555555,0.0138888888888889,4.235294117647059,0.434,0.0,-0.0555555555555555,0.0,0.013888888888889062,0.2,0.0277777777777777,0.013888888888889062,127,186,234,41,False,False,False,True
DNM1,71,35,36,864,5,0.5809523809523809,0.7873015873015874,0.8452380952380952,0.7785714285714286,0.7873015873015873,0.99,0.0,0.7865675580577057,5,0.8436507936507937,0.6739999999999999,0.0971081870904817,0.8583040112596763,5,0.8071428571428572,0.5980000000000001,0.1453272169966796,0.8191238564391273,5,0.7658730158730159,0.93,0.1240967364599085,0.7809465165376496,5,0.8412698412698413,0.258,0.1572259520562683,0.8629134412385644,5,0.2063492063492065,-1.1102230246251563e-16,0.0563492063492062,0.0198412698412697,-0.0039682539682539,0.0198412698412698,-0.0365079365079364,0.5980000000000001,0.0198412698412698,-0.0087301587301588,17.746478873239436,0.5980000000000001,0.0198412698412697,0.0198412698412698,0.0198412698412697,-0.00873015873015881,0.258,-0.0039682539682539,-0.06666666666666665,62,86,205,314,False,False,False,False
DNM2,31,22,9,870,5,0.4292929292929293,0.5050505050505051,0.8484848484848485,0.4646464646464646,0.4696969696969697,0.748,0.3258373827540358,0.5169234360410832,5,0.8434343434343434,0.974,0.0219089023002066,0.8485527544351072,5,0.4545454545454545,0.446,0.2791594526431086,0.5415966386554623,5,0.4141414141414141,0.774,0.4159086438149608,0.4758870214752567,5,0.8484848484848485,0.0,0.0,0.8496031746031747,5,0.0757575757575757,-0.0353535353535353,0.3383838383838383,-0.0505050505050505,0.0,-0.0151515151515151,-0.3888888888888889,0.446,-0.0151515151515151,-0.0404040404040404,6.387096774193548,0.446,-0.0505050505050505,-0.0151515151515151,-0.0505050505050505,-0.0404040404040405,0.0,0.0,-0.3838383838383839,122,440,374,148,False,False,False,False
DOK7,23,7,16,504,5,0.5267857142857142,0.8392857142857143,0.9196428571428572,0.1964285714285714,0.8303571428571429,0.874,0.1252198067399882,0.8378205128205127,5,0.9732142857142856,0.518,0.0491934955049953,0.974871794871795,5,0.8392857142857143,0.0,0.0,0.8403846153846153,5,0.5267857142857143,0.0,0.0,0.5282478632478632,5,0.9107142857142856,0.018,0.0402492235949962,0.9247435897435896,5,0.3125000000000001,-0.0089285714285713,0.1339285714285714,0.0,-0.0089285714285713,0.0089285714285713,-0.1339285714285714,0.0,0.0089285714285713,-0.6428571428571429,4.869565217391305,0.0,0.0,0.0089285714285713,0.0,-0.6428571428571429,0.018,-0.0089285714285713,-0.7232142857142858,373,187,336,332,False,False,False,False
DPF2,20,11,9,391,5,0.9898989898989898,1.0,0.9898989898989898,0.9494949494949496,0.98989898989899,0.088,0.0491934955049953,1.0,5,1.0,0.0,0.0,1.0,5,1.0,0.0,0.0,1.0,5,0.98989898989899,0.104,0.0581377674149945,1.0,5,0.9696969696969696,0.12,0.1095445115010332,1.0,5,0.0101010101010101,-0.01010101010101,0.0,0.0,-0.0202020202020201,0.01010101010101,0.0,0.0,0.01010101010101,-0.0505050505050505,4.95,0.0,0.0,0.01010101010101,0.0,-0.050505050505050386,0.12,-0.0202020202020201,-0.04040404040404022,374,188,279,377,False,False,False,False
DYRK1A,94,24,70,754,5,0.8839285714285714,0.9154761904761904,0.9333333333333332,0.8583333333333334,0.9154761904761904,0.966,0.0054772255750516,0.9161654135338344,5,0.9607142857142856,0.5200000000000001,0.0768114574786861,0.965545112781955,5,0.9107142857142856,0.044,0.0638748776906852,0.9162030075187972,5,0.8702380952380953,0.284,0.3220714206507618,0.8878853383458647,5,0.9416666666666668,0.434,0.0602494813255682,0.9468045112781954,5,0.031547619047619,0.0,0.0452380952380953,-0.0047619047619047,0.0083333333333333,-0.0047619047619047,-0.05,0.044,-0.0047619047619047,-0.057142857142857,17.872340425531913,0.044,-0.0047619047619047,-0.0047619047619047,-0.0047619047619047,-0.05714285714285705,0.434,0.0083333333333333,-0.07499999999999984,332,338,106,82,False,False,False,False
EBF3,35,30,5,629,5,0.5733333333333333,0.5666666666666667,0.8266666666666667,0.6066666666666667,0.5666666666666667,0.118,0.0925742944882649,0.5833333333333334,5,0.8,0.8200000000000001,0.3801315561749642,0.83125,5,0.36,0.5559999999999999,0.5093427137007066,0.6520833333333333,5,0.3066666666666666,0.4880000000000001,0.4494107252836763,0.6625,5,0.7266666666666667,0.4,0.3045488466568212,0.85625,5,-0.0066666666666665,0.0,0.2333333333333334,-0.2066666666666666,-0.0999999999999999,-0.2066666666666666,-0.44,0.5559999999999999,-0.2066666666666666,0.04,4.285714285714286,0.5559999999999999,-0.2066666666666666,-0.2066666666666666,-0.2066666666666666,0.040000000000000036,0.4,-0.0999999999999999,-0.21999999999999997,81,466,121,459,False,False,False,False
ECEL1,19,10,9,775,5,1.0,0.9555555555555556,0.8888888888888888,0.8555555555555556,1.0,0.0,0.0,1.0,5,0.9555555555555556,0.178,0.1291123541726352,0.9857142857142858,5,0.9555555555555556,0.0,0.0,0.9549107142857144,5,1.0,0.0,0.0,1.0,5,0.8444444444444444,0.34,0.2644806231087639,0.9276785714285714,5,-0.0444444444444445,0.0444444444444445,1.1102230246251563e-16,1.1102230246251563e-16,-0.0444444444444444,-0.0444444444444444,0.0,0.0,-0.0444444444444444,-0.0999999999999998,4.7368421052631575,0.0,1.1102230246251563e-16,-0.0444444444444444,1.1102230246251563e-16,-0.09999999999999998,0.34,-0.0444444444444444,-0.033333333333333215,375,147,158,420,False,False,False,False
EDA,116,94,22,391,5,0.7978723404255319,0.7577369439071567,0.8225338491295938,0.687137330754352,0.8196324951644101,0.334,0.0572712842531054,0.8301220043572985,5,0.8215667311411993,0.696,0.0864869932417586,0.8359348698543745,5,0.7659574468085106,0.504,0.1327780102275975,0.8085010893246187,5,0.8060928433268859,0.236,0.0698569967862919,0.8107377594312577,5,0.8143133462282398,0.418,0.1502331521336086,0.8393847035890378,5,-0.0401353965183751,0.0618955512572533,0.0638297872340425,0.0082205029013538,-0.008220502901354,-0.0536750483558994,-0.0556092843326886,0.504,-0.0536750483558994,-0.0705996131528047,17.82758620689655,0.504,0.0082205029013538,-0.0536750483558994,0.0082205029013538,-0.07059961315280472,0.418,-0.008220502901354,-0.1353965183752418,98,121,109,330,False,False,False,False
EDAR,29,24,5,448,5,0.7666666666666667,0.7666666666666667,0.725,0.6333333333333333,0.7416666666666667,0.3419999999999999,0.1710847743079436,0.8564473684210526,5,0.7083333333333334,0.174,0.1043072384832423,0.8088157894736842,5,0.6083333333333333,0.402,0.37352376095772,0.7868421052631579,5,0.75,0.15,0.1438749456993815,0.7921052631578948,5,0.625,0.4720000000000001,0.4434749147358845,0.7428947368421053,5,0.0,-0.025,-0.0583333333333333,-0.1583333333333334,-0.0999999999999999,-0.1333333333333334,-0.1,0.402,-0.1333333333333334,-0.1333333333333334,4.137931034482759,0.402,-0.1583333333333334,-0.1333333333333334,-0.1583333333333334,-0.13333333333333341,0.4720000000000001,-0.0999999999999999,-0.09166666666666667,139,465,84,460,False,False,False,False
EEF1A2,34,25,9,463,5,0.5555555555555556,0.7111111111111111,0.6622222222222223,0.6533333333333333,0.7022222222222222,0.968,0.0178885438199982,0.7130357142857143,5,0.7422222222222222,0.484,0.1322119510483073,0.7889285714285714,5,0.5777777777777777,0.314,0.4420180991769455,0.7396428571428572,5,0.5955555555555555,0.804,0.2026820169625317,0.6682142857142856,5,0.6622222222222223,0.404,0.1451895313030523,0.7267857142857143,5,0.1555555555555555,-0.0088888888888889,0.031111111111111,-0.1333333333333334,0.0,-0.1244444444444444,-0.1644444444444445,0.314,-0.1244444444444444,-0.0577777777777778,6.617647058823529,0.314,-0.1333333333333334,-0.1244444444444444,-0.1333333333333334,-0.05777777777777782,0.404,0.0,-0.008888888888888946,173,464,115,149,False,False,False,False
EFNB1,18,12,6,346,5,1.0,1.0,1.0,0.4722222222222222,1.0,0.0,0.0,1.0,5,1.0,0.0,0.0,1.0,5,1.0,0.0,0.0,1.0,5,1.0,0.0,0.0,1.0,5,1.0,0.0,0.0,1.0,5,0.0,0.0,0.0,0.0,0.0,0.0,0.0,0.0,0.0,-0.5277777777777777,4.0,0.0,0.0,0.0,0.0,-0.5277777777777778,0.0,0.0,-0.5277777777777778,376,189,375,150,False,False,False,False
EFTUD2,31,19,12,972,5,0.9780701754385964,0.9517543859649122,0.9956140350877192,0.93859649122807,0.9692982456140352,0.074,0.1327780102275975,0.9845185185185186,5,0.9429824561403508,0.514,0.292796857906638,0.9973333333333332,5,0.9517543859649122,0.0,0.0,0.9517037037037038,5,0.9342105263157896,0.088,0.1967739820199814,0.9805370370370372,5,0.9956140350877192,0.09,0.0821583836257749,1.0,5,-0.0263157894736842,0.0175438596491228,-0.0087719298245613,0.0,0.0,-0.0175438596491228,0.0087719298245613,0.0,-0.0175438596491228,-0.0131578947368421,7.354838709677419,0.0,0.0,-0.0175438596491228,0.0,-0.013157894736842257,0.09,0.0,-0.05701754385964919,377,190,296,151,False,False,False,False
EIF2B5,36,30,6,721,5,0.8722222222222221,1.0,0.938888888888889,0.8444444444444444,0.9888888888888888,0.576,0.169941166289984,1.0,5,1.0,0.0,0.0,1.0,5,1.0,0.0,0.0,1.0,5,0.9,0.236,0.0859069263796581,0.9258333333333332,5,0.9222222222222224,0.256,0.1441526968183391,0.9670833333333334,5,0.1277777777777778,-0.011111111111111,0.0,0.0,-0.0166666666666667,0.011111111111111,0.0,0.0,0.011111111111111,-0.1555555555555555,5.0,0.0,0.0,0.011111111111111,0.0,-0.15555555555555556,0.256,-0.0166666666666667,-0.09444444444444455,378,191,206,361,False,False,False,False
ELAC2,13,6,7,826,5,0.8571428571428572,0.9761904761904764,0.9047619047619048,0.7857142857142857,0.8333333333333334,0.3239999999999999,0.2046460358765837,1.0,5,0.9761904761904762,0.0,0.0,0.9786666666666668,5,0.9761904761904762,0.0,0.0,0.977,5,0.7857142857142857,0.1639999999999999,0.1395707705789432,0.9473333333333332,5,0.8809523809523809,0.15,0.3354101966249684,0.9193333333333332,5,0.119047619047619,-0.1428571428571429,-1.1102230246251563e-16,-1.1102230246251563e-16,-0.0238095238095239,0.1428571428571428,0.0,0.0,0.1428571428571428,-0.1904761904761905,3.230769230769231,0.0,-1.1102230246251563e-16,0.1428571428571428,-1.1102230246251563e-16,-0.1904761904761907,0.15,-0.0238095238095239,-0.11904761904761907,379,300,264,391,False,False,False,False
ELANE,53,46,7,267,5,0.9192546583850932,0.9751552795031057,0.9565217391304348,0.8385093167701863,0.9751552795031057,0.876,0.0581377674149945,0.9767617617617615,5,0.9720496894409938,0.432,0.2534166529650331,0.9827327327327328,5,0.9720496894409938,0.018,0.0164316767251549,0.9784084084084086,5,0.9006211180124224,0.0819999999999999,0.0889943818451479,0.9213513513513514,5,0.9440993788819876,0.054,0.0779743547584717,0.9597747747747748,5,0.0559006211180124,0.0,-0.0031055900621117,-0.0031055900621117,-0.0124223602484471,-0.0031055900621117,0.0,0.018,-0.0031055900621117,-0.1366459627329193,6.075471698113208,0.018,-0.0031055900621117,-0.0031055900621117,-0.0031055900621117,-0.1366459627329194,0.054,-0.0124223602484471,-0.11801242236024856,346,325,319,344,False,False,False,False
ELN,11,5,6,724,5,0.5333333333333333,0.4666666666666667,0.6666666666666667,0.5,0.5,0.06,0.1341640786499874,0.5475000000000001,5,0.6,0.756,0.3332866633995426,0.7175,5,0.3333333333333333,0.436,0.4899285662216482,0.5325,5,0.5,0.156,0.1424078649513432,0.575,5,0.6666666666666666,0.1679999999999999,0.1814386948806676,0.72,5,-0.0666666666666666,0.0333333333333333,0.1333333333333333,-0.1333333333333333,-1.1102230246251563e-16,-0.1666666666666666,-0.2666666666666666,0.436,-0.1666666666666666,0.0333333333333333,2.727272727272727,0.436,-0.1333333333333333,-0.1666666666666666,-0.1333333333333333,0.033333333333333326,0.1679999999999999,-1.1102230246251563e-16,-0.16666666666666674,125,463,250,261,False,False,False,False
EMD,15,5,10,254,5,0.92,0.94,0.92,0.98,0.92,0.568,0.3175216528049701,0.9375,5,0.94,0.0,0.0,0.93125,5,0.96,0.6679999999999999,0.1807484439767048,0.98125,5,0.96,0.794,0.1923018460649819,0.98125,5,0.96,0.632,0.1478850905263948,0.98125,5,0.02,-0.02,-1.1102230246251563e-16,0.0199999999999999,0.0399999999999999,0.0399999999999999,0.02,0.6679999999999999,0.0399999999999999,0.0399999999999999,3.333333333333333,0.6679999999999999,0.0199999999999999,0.0399999999999999,0.0199999999999999,0.040000000000000036,0.632,0.0399999999999999,0.05999999999999994,46,85,40,28,True,False,True,True
ENG,171,61,110,658,5,0.7011922503725783,0.8181818181818182,0.7719821162444114,0.7481371087928465,0.8165424739195231,0.934,0.0466904701197149,0.8194119124922696,5,0.815946348733234,0.08,0.1131370849898476,0.8200448361162647,5,0.8545454545454545,0.58,0.0316227766016837,0.8580550401978974,5,0.7755588673621461,0.696,0.0461519230368572,0.7804064239332097,5,0.8086438152011922,0.5959999999999999,0.0876356092008265,0.8175334338280766,5,0.1169895678092399,-0.0016393442622951,-0.0022354694485842,0.0363636363636362,0.0366616989567808,0.0380029806259314,0.0385991058122204,0.58,0.0380029806259314,-0.0700447093889717,39.23976608187135,0.58,0.0363636363636362,0.0380029806259314,0.0363636363636362,-0.07004470938897178,0.5959999999999999,0.0366616989567808,-0.023845007451564926,71,58,46,31,False,False,True,True
ENPP1,18,10,8,925,5,1.0,0.875,0.9875,0.8375,1.0,0.0,0.0,1.0,5,0.925,0.59,0.3125699921617557,0.9875,5,0.8625,0.356,0.2761883415352646,0.9702380952380952,5,1.0,0.0,0.0,1.0,5,0.975,0.0579999999999999,0.1296919426949878,0.9922619047619048,5,-0.125,0.125,0.05,-0.0124999999999999,-0.0125,-0.1374999999999999,-0.0625,0.356,-0.1374999999999999,-0.0374999999999999,4.444444444444445,0.356,-0.0124999999999999,-0.1374999999999999,-0.0124999999999999,-0.03749999999999998,0.0579999999999999,-0.0125,-0.15000000000000002,161,367,315,345,False,False,False,False
EPHB4,79,17,62,987,5,0.9146110056925996,0.9658444022770398,0.9658444022770398,0.944022770398482,0.9364326375711576,0.708,0.2431460466468661,0.9692285265754654,5,0.9724857685009488,0.432,0.1520526224699857,0.9820946400538236,5,0.976280834914611,0.4859999999999999,0.046690470119715,0.9847858264184796,5,0.9402277039848196,0.51,0.1461163919620245,0.9627858264184794,5,0.99146110056926,0.362,0.0454972526643093,0.9931518277640728,5,0.0512333965844401,-0.0294117647058823,0.0066413662239089,0.0104364326375712,0.0256166982922201,0.0398481973434535,0.0037950664136622,0.4859999999999999,0.0398481973434535,-0.0218216318785579,13.341772151898734,0.4859999999999999,0.0104364326375712,0.0398481973434535,0.0104364326375712,-0.02182163187855779,0.362,0.0256166982922201,-0.02182163187855779,103,119,147,44,False,False,False,True
ERF,15,6,9,548,5,0.7962962962962963,0.8518518518518519,1.0,0.8888888888888888,0.7962962962962963,0.72,0.4024922359499621,0.8471428571428572,5,0.9814814814814816,0.106,0.0054772255750516,1.0,5,0.8888888888888888,0.486,0.2684771871127973,0.9235714285714286,5,0.8518518518518519,0.678,0.2105231578710522,0.9064285714285714,5,1.0,0.0,0.0,1.0,5,0.0555555555555555,-0.0555555555555555,0.1296296296296296,0.0370370370370369,0.0,0.0925925925925925,-0.0925925925925926,0.486,0.0925925925925925,0.0370370370370369,3.6,0.486,0.0370370370370369,0.0925925925925925,0.0370370370370369,0.03703703703703698,0.0,0.0,-0.11111111111111116,102,56,376,152,False,False,False,False
ETFDH,74,69,5,617,5,0.826086956521739,0.9391304347826088,0.9536231884057972,0.8956521739130434,0.927536231884058,0.804,0.2593838853899756,0.942077922077922,5,0.9246376811594202,0.7879999999999999,0.4405905128347636,0.9538311688311688,5,0.8956521739130435,0.52,0.2998332870112989,0.9574675324675324,5,0.8724637681159421,0.644,0.197686620690425,0.9104383116883116,5,0.9333333333333332,0.26,0.2517935662402834,0.9628733766233768,5,0.1130434782608696,-0.0115942028985507,-0.0144927536231884,-0.0434782608695651,-0.0202898550724638,-0.0318840579710144,-0.0289855072463767,0.52,-0.0318840579710144,-0.0434782608695653,4.662162162162162,0.52,-0.0434782608695651,-0.0318840579710144,-0.0434782608695651,-0.04347826086956541,0.26,-0.0202898550724638,-0.05797101449275377,93,433,204,378,False,False,False,False
EXT1,40,29,11,746,5,0.9968652037617556,0.9937304075235108,0.9498432601880876,0.9247648902821316,0.9968652037617556,0.024,0.0219089023002066,1.0,5,0.9937304075235108,0.066,0.0602494813255682,0.9971014492753624,5,0.9937304075235108,0.056,0.031304951684997,1.0,5,0.9968652037617556,0.036,0.0328633534503099,1.0,5,0.9592476489028212,0.438,0.0909395403551172,0.9855072463768116,5,-0.0031347962382445,0.0031347962382445,0.0,0.0,0.0094043887147335,-0.0031347962382445,0.0,0.056,-0.0031347962382445,-0.0689655172413792,7.975,0.056,0.0,-0.0031347962382445,0.0,-0.06896551724137923,0.438,0.0094043887147335,-0.02507836990595602,321,192,104,78,False,False,False,False
EXT2,27,13,14,718,5,0.9010989010989012,0.8021978021978021,0.934065934065934,0.8076923076923077,0.8956043956043956,0.238,0.0567450438364444,0.9304683195592288,5,0.9230769230769232,0.85,0.1541103500742244,0.9353856749311296,5,0.8186813186813187,0.3979999999999999,0.1742699056062176,0.8651928374655646,5,0.912087912087912,0.25,0.0,0.911831955922865,5,0.9010989010989012,0.204,0.1485934049680536,0.9481680440771352,5,-0.098901098901099,0.0934065934065935,0.120879120879121,0.0164835164835165,-0.0329670329670329,-0.0769230769230769,-0.1043956043956044,0.3979999999999999,-0.0769230769230769,0.0054945054945055,6.7407407407407405,0.3979999999999999,0.0164835164835165,-0.0769230769230769,0.0164835164835165,0.005494505494505586,0.204,-0.0329670329670329,-0.12637362637362626,143,94,231,404,False,False,False,False
EYA1,22,9,13,592,5,0.6752136752136753,0.9743589743589745,0.9316239316239316,0.9743589743589742,0.9145299145299144,0.772,0.084970583144992,0.9840909090909092,5,0.9914529914529916,0.112,0.0626099033699941,1.0,5,0.9914529914529916,0.12,0.0848528137423857,1.0,5,0.8888888888888888,0.4920000000000001,0.0794984276574071,1.0,5,0.9829059829059827,0.336,0.0760263112349928,0.9923051948051947,5,0.2991452991452992,-0.0598290598290599,0.017094017094017,0.017094017094017,0.0512820512820513,0.0769230769230769,0.0,0.12,0.0769230769230769,-2.220446049250313e-16,5.318181818181818,0.12,0.017094017094017,0.0769230769230769,0.017094017094017,-2.220446049250313e-16,0.336,0.0512820512820513,0.04273504273504258,282,93,159,22,False,False,False,True
EZH2,49,27,22,751,5,0.6582491582491583,0.7188552188552189,0.9932659932659932,0.8888888888888888,0.7138047138047138,0.8760000000000001,0.0482700735445886,0.7191721132897604,5,0.98989898989899,0.722,0.0438178046004132,0.9952692187986306,5,0.8804713804713805,0.918,0.0988433103452125,0.8917565005800301,5,0.8787878787878788,0.934,0.0492950301754649,0.8883201765554707,5,0.9915824915824916,0.272,0.1520526224699857,0.996832470361882,5,0.0606060606060605,-0.005050505050505,0.2710437710437711,0.1616161616161616,-0.0016835016835016,0.1666666666666667,-0.1094276094276094,0.918,0.1666666666666667,0.1700336700336699,12.122448979591836,0.918,0.1616161616161616,0.1666666666666667,0.1616161616161616,0.17003367003366998,0.272,-0.0016835016835016,-0.10437710437710435,9,8,191,290,True,True,False,False
F11,38,32,6,625,5,0.8645833333333334,0.8854166666666667,0.921875,0.8125000000000001,0.8958333333333334,0.7340000000000001,0.3041052449399713,0.9041538461538462,5,0.90625,0.688,0.294737171052448,0.9312,5,0.8697916666666666,0.09,0.0830662386291807,0.8939076923076923,5,0.8489583333333334,0.384,0.2146625258399798,0.884553846153846,5,0.921875,0.054,0.0492950301754649,0.9258153846153846,5,0.0208333333333333,0.0104166666666666,0.0208333333333332,-0.0156250000000001,1.1102230246251563e-16,-0.0260416666666667,-0.0364583333333333,0.09,-0.0260416666666667,-0.0729166666666666,5.052631578947368,0.09,-0.0156250000000001,-0.0260416666666667,-0.0156250000000001,-0.07291666666666663,0.054,1.1102230246251563e-16,-0.10937499999999989,297,382,320,106,False,False,False,False
F2,17,11,6,622,5,0.8636363636363636,0.8333333333333333,0.8333333333333333,0.7575757575757576,0.8636363636363636,0.062,0.0408656334834051,0.9061111111111112,5,0.8333333333333334,0.18,0.1007472083980494,0.8583333333333334,5,0.8484848484848485,0.3099999999999999,0.221472345903501,0.8816666666666666,5,0.9242424242424242,0.2319999999999999,0.0593295878967653,0.9394444444444444,5,0.8181818181818182,0.29,0.2618205492317209,0.8833333333333332,5,-0.0303030303030303,0.0303030303030303,1.1102230246251563e-16,0.0151515151515152,-0.015151515151515,-0.0151515151515151,0.0151515151515151,0.3099999999999999,-0.0151515151515151,-0.0757575757575756,3.882352941176471,0.3099999999999999,0.0151515151515152,-0.0151515151515151,0.0151515151515152,-0.07575757575757569,0.29,-0.015151515151515,-0.07575757575757569,176,101,180,355,False,False,False,False
F7,29,23,6,444,5,0.8260869565217391,0.8985507246376813,0.9710144927536232,0.8623188405797102,0.8913043478260869,0.586,0.2572547375657054,0.9261988304093568,5,0.9420289855072465,0.502,0.2220810662798609,0.9908187134502924,5,0.8840579710144928,0.118,0.1145425685062108,0.9228070175438596,5,0.8623188405797102,0.498,0.111669154201149,0.8884795321637426,5,0.9855072463768116,0.246,0.2245662485771181,0.9780116959064328,5,0.0724637681159421,-0.0072463768115943,0.043478260869565,-0.0144927536231884,0.0144927536231884,-0.0072463768115941,-0.0579710144927535,0.118,-0.0072463768115941,-0.036231884057971,4.758620689655173,0.118,-0.0144927536231884,-0.0072463768115941,-0.0144927536231884,-0.036231884057971064,0.246,0.0144927536231884,-0.10869565217391297,283,376,213,65,False,False,False,False
F9,130,112,18,461,5,0.8333333333333334,0.8506944444444445,0.9107142857142856,0.8283730158730159,0.8511904761904762,0.646,0.1837933622305223,0.8612074192973068,5,0.9087301587301588,0.9200000000000002,0.039370039370059,0.9137542357767076,5,0.8655753968253969,0.49,0.0997496867163,0.8735188157660068,5,0.8214285714285714,0.508,0.2666833328125325,0.8573996789727125,5,0.8953373015873016,0.358,0.2282980508020162,0.9180595683966468,5,0.0173611111111111,0.0004960317460316,0.0580357142857141,0.0148809523809523,-0.015376984126984,0.0143849206349206,-0.0431547619047618,0.49,0.0143849206349206,-0.0223214285714286,15.507692307692308,0.49,0.0148809523809523,0.0143849206349206,0.0148809523809523,-0.022321428571428603,0.358,-0.015376984126984,-0.08234126984126966,100,104,151,357,False,False,False,False
FA2H,18,12,6,372,5,1.0,1.0,0.9027777777777778,0.9166666666666666,1.0,0.0,0.0,1.0,5,1.0,0.0,0.0,1.0,5,1.0,0.0,0.0,1.0,5,1.0,0.0,0.0,1.0,5,0.8888888888888888,0.272,0.1520526224699857,1.0,5,0.0,0.0,0.0,0.0,-0.0138888888888889,0.0,0.0,0.0,0.0,-0.0833333333333333,4.0,0.0,0.0,0.0,0.0,-0.08333333333333337,0.272,-0.0138888888888889,0.01388888888888884,380,193,192,352,False,False,False,False
FARS2,23,16,7,451,5,0.9375,0.9910714285714286,0.9642857142857144,0.9285714285714286,0.9732142857142856,0.4399999999999999,0.2056696380120313,0.991068376068376,5,0.9910714285714286,0.048,0.0438178046004132,1.0,5,0.9910714285714286,0.054,0.0492950301754649,1.0,5,0.9017857142857144,0.274,0.2897067482817754,0.9556837606837608,5,0.9464285714285714,0.1,0.0616441400296897,0.9915811965811964,5,0.0535714285714286,-0.0178571428571429,0.0,0.0,-0.0178571428571429,0.0178571428571429,0.0,0.054,0.0178571428571429,-0.0625,4.869565217391305,0.054,0.0,0.0178571428571429,0.0,-0.0625,0.1,-0.0178571428571429,-0.03571428571428581,323,194,289,365,False,False,False,False
FARSB,11,6,5,589,5,0.8333333333333333,0.9333333333333332,0.7666666666666666,0.8,0.9,0.212,0.1096357605893259,0.9375,5,0.9333333333333332,0.0,0.0,0.935,5,0.9333333333333332,0.0,0.0,0.9375,5,0.8,0.22,0.3012474066278414,0.8675,5,0.7333333333333333,0.48,0.277398630133604,0.8425,5,0.1,-0.0333333333333333,0.0,0.0,-0.0333333333333333,0.0333333333333333,0.0,0.0,0.0333333333333333,-0.1333333333333333,2.727272727272727,0.0,0.0,0.0333333333333333,0.0,-0.1333333333333332,0.48,-0.0333333333333333,0.03333333333333344,381,195,79,408,False,False,False,False
FBXO11,90,44,46,927,5,0.7475296442687748,0.8927865612648221,0.8641304347826088,0.749505928853755,0.8848814229249012,0.8600000000000001,0.0574456264653803,0.8977701511034845,5,0.8962450592885376,0.272,0.0589067059000925,0.9002497735831069,5,0.8626482213438735,0.114,0.2215400640967678,0.8951499118165784,5,0.7722332015810277,0.4720000000000001,0.0535723809439154,0.7750154916821584,5,0.8626482213438735,0.116,0.1192895636675731,0.8681250297916965,5,0.1452569169960473,-0.0079051383399209,0.0034584980237154,-0.0301383399209486,-0.0014822134387352,-0.0222332015810277,-0.033596837944664,0.114,-0.0222332015810277,-0.1432806324110671,22.488888888888887,0.114,-0.0301383399209486,-0.0222332015810277,-0.0301383399209486,-0.14328063241106714,0.116,-0.0014822134387352,-0.11462450592885376,286,414,281,289,False,False,False,False
FBXO7,19,5,14,522,5,1.0,1.0,1.0,1.0,1.0,0.0,0.0,1.0,5,1.0,0.0,0.0,1.0,5,1.0,0.0,0.0,1.0,5,1.0,0.0,0.0,1.0,5,1.0,0.0,0.0,1.0,5,0.0,0.0,0.0,0.0,0.0,0.0,0.0,0.0,0.0,0.0,3.684210526315789,0.0,0.0,0.0,0.0,0.0,0.0,0.0,0.0,382,196,377,153,False,False,False,False
FECH,11,5,6,423,5,0.6333333333333333,1.0,0.8666666666666667,0.7666666666666667,0.9333333333333332,0.806,0.2426520142096496,1.0,5,1.0,0.0,0.0,1.0,5,1.0,0.0,0.0,1.0,5,0.7333333333333333,0.42,0.1474788120375262,0.78,5,0.8666666666666667,0.0,0.0,0.8625,5,0.3666666666666667,-0.0666666666666666,0.0,0.0,0.0,0.0666666666666666,0.0,0.0,0.0666666666666666,-0.2333333333333332,2.727272727272727,0.0,0.0,0.0666666666666666,0.0,-0.23333333333333328,0.0,0.0,-0.09999999999999998,383,197,378,154,False,False,False,False
FGD1,25,8,17,961,5,0.926470588235294,0.9191176470588236,0.9264705882352942,0.7205882352941176,0.9191176470588236,0.08,0.0836660026534075,0.9357142857142856,5,0.9264705882352942,0.136,0.0920869154657707,0.9406593406593406,5,0.9191176470588236,0.0,0.0,0.921978021978022,5,0.9264705882352942,0.062,0.0589067059000925,0.933882783882784,5,0.9044117647058824,0.132,0.1807484439767048,0.937912087912088,5,-0.0073529411764705,0.0,0.0073529411764706,0.0,-0.0220588235294117,0.0,-0.0073529411764706,0.0,0.0,-0.1985294117647058,5.44,0.0,0.0,0.0,0.0,-0.19852941176470595,0.132,-0.0220588235294117,-0.20588235294117652,384,198,274,380,False,False,False,False
FGFR1,79,67,12,822,5,0.890547263681592,0.958955223880597,0.9987562189054726,0.8345771144278606,0.9564676616915424,0.836,0.0665582451691749,0.9601847969562854,5,0.9925373134328358,0.712,0.2106418761785035,0.9987995962419444,5,0.9564676616915424,0.038,0.0383405790253616,0.9606530010093952,5,0.8930348258706468,0.048,0.0268328157299974,0.8940189455703083,5,0.9987562189054726,0.0,0.0,0.998833760385123,5,0.0684079601990049,-0.0024875621890546,0.0335820895522388,-0.0024875621890546,0.0,0.0,-0.0360696517412935,0.038,0.0,-0.1243781094527363,10.177215189873415,0.038,-0.0024875621890546,0.0,-0.0024875621890546,-0.12437810945273631,0.0,0.0,-0.16417910447761197,337,323,379,155,False,False,False,False
FGFR2,75,68,7,821,5,0.953781512605042,0.9474789915966384,0.9915966386554622,0.9558823529411764,0.9600840336134454,0.136,0.0740270220932869,0.9657014590347924,5,0.9915966386554622,0.642,0.1634625339336203,0.9923299663299664,5,0.9600840336134454,0.65,0.2,0.9742760942760942,5,0.9747899159663864,0.43,0.1208304597359457,0.980601571268238,5,0.9936974789915968,0.404,0.0581377674149945,0.9980381593714928,5,-0.0063025210084035,0.0126050420168069,0.0441176470588237,0.0126050420168069,0.0021008403361344,0.0,-0.0315126050420168,0.65,0.0,0.008403361344538,6.346666666666667,0.65,0.0126050420168069,0.0,0.0126050420168069,0.008403361344538007,0.404,0.0021008403361344,-0.03571428571428581,50,111,116,99,False,False,False,False
FGFR3,49,32,17,806,5,0.8455882352941176,0.8786764705882353,0.9191176470588236,0.9209558823529412,0.8768382352941176,0.784,0.124619420637395,0.8857565511411665,5,0.9393382352941176,0.428,0.135351394525509,0.9459087066779374,5,0.9319852941176472,0.6719999999999999,0.0130384048104053,0.937054945054945,5,0.9264705882352942,0.6799999999999999,0.0796868872525461,0.9284852071005916,5,0.9154411764705882,0.674,0.283425475213503,0.9374573119188504,5,0.0330882352941176,-0.0018382352941176,0.0606617647058823,0.0533088235294118,-0.0036764705882352,0.0551470588235294,-0.0073529411764705,0.6719999999999999,0.0551470588235294,0.0422794117647058,11.10204081632653,0.6719999999999999,0.0533088235294118,0.0551470588235294,0.0533088235294118,0.042279411764705954,0.674,-0.0036764705882352,0.0018382352941176405,45,36,31,308,True,True,True,False
FH,106,101,5,510,5,0.8118811881188119,0.8178217821782178,0.992079207920792,0.992079207920792,0.801980198019802,0.54,0.4151505750929414,0.8235956790123456,5,0.986138613861386,0.922,0.0408656334834051,0.9919444444444444,5,0.986138613861386,0.924,0.0568330889535312,0.9925617283950618,5,0.99009900990099,0.91,0.0173205080756887,0.9919675925925926,5,0.988118811881188,0.208,0.1449827575955155,0.9962962962962962,5,0.0059405940594058,-0.0158415841584157,0.1683168316831683,0.1683168316831683,-0.0039603960396039,0.1841584158415841,0.0,0.924,0.1841584158415841,0.1742574257425743,4.764150943396227,0.924,0.1683168316831683,0.1841584158415841,0.1683168316831683,0.1742574257425742,0.208,-0.0039603960396039,0.0,8,7,229,313,True,True,False,False
FLCN,13,7,6,579,5,0.7857142857142858,0.8571428571428572,0.9285714285714286,0.7142857142857143,0.9285714285714286,0.556,0.1270039369468521,0.977,5,0.9047619047619048,0.3899999999999999,0.0670820393249936,0.9783333333333332,5,0.8809523809523809,0.2599999999999999,0.066332495807108,0.9756666666666668,5,0.7380952380952381,0.174,0.1588395416764981,0.8356666666666668,5,0.8809523809523809,0.088,0.1967739820199814,0.9323333333333336,5,0.0714285714285714,0.0714285714285714,0.0476190476190475,0.0238095238095237,-0.0476190476190476,-0.0476190476190476,-0.0238095238095238,0.2599999999999999,-0.0476190476190476,-0.1428571428571429,3.230769230769231,0.2599999999999999,0.0238095238095237,-0.0476190476190476,0.0238095238095237,-0.1428571428571429,0.088,-0.0476190476190476,-0.2142857142857143,198,74,297,425,False,False,False,False
FMO3,27,16,11,532,5,0.8295454545454546,0.8636363636363636,0.8352272727272727,0.8352272727272727,0.8238636363636364,0.372,0.2735324478009876,0.8668803418803417,5,0.8636363636363636,0.006,0.0054772255750516,0.8731481481481481,5,0.9090909090909092,0.258,0.0268328157299974,0.9154558404558404,5,0.9034090909090908,0.446,0.0054772255750516,0.9100427350427348,5,0.8068181818181818,0.656,0.303693924865151,0.8929487179487179,5,0.034090909090909,-0.0397727272727272,0.0,0.0454545454545454,-0.0284090909090909,0.0852272727272727,0.0454545454545454,0.258,0.0852272727272727,-0.0284090909090909,6.518518518518518,0.258,0.0454545454545454,0.0852272727272727,0.0454545454545454,-0.02840909090909094,0.656,-0.0284090909090909,0.0,199,44,35,398,False,True,True,False
FOXF1,18,12,6,379,5,0.9583333333333334,0.9861111111111112,0.9861111111111112,0.9861111111111112,0.9583333333333334,0.8,0.4472135954999579,0.9865555555555556,5,0.9861111111111112,0.016,0.0089442719099991,1.0,5,0.9861111111111112,0.032,0.0178885438199983,1.0,5,0.9722222222222222,0.092,0.0389871773792358,1.0,5,0.9861111111111112,0.576,0.3219937887599696,1.0,5,0.0277777777777777,-0.0277777777777777,0.0,0.0,0.0,0.0277777777777777,0.0,0.032,0.0277777777777777,0.0,4.0,0.032,0.0,0.0277777777777777,0.0,0.0,0.576,0.0,0.0,341,199,50,156,False,False,False,False
FOXG1,145,75,70,489,5,0.7506666666666666,0.7725714285714286,0.9742857142857144,0.8939047619047619,0.7718095238095238,0.906,0.0357770876399966,0.7745833333333333,5,0.9746666666666668,0.876,0.0585662018573852,0.975654761904762,5,0.8925714285714286,0.976,0.0207364413533276,0.8943452380952381,5,0.8937142857142857,0.978,0.0044721359549995,0.8942857142857144,5,0.9725714285714284,0.418,0.0901110426085504,0.9779761904761906,5,0.0219047619047619,-0.0007619047619047,0.2020952380952381,0.12,-0.0017142857142857,0.1207619047619047,-0.0820952380952381,0.976,0.1207619047619047,0.1213333333333333,36.206896551724135,0.976,0.12,0.1207619047619047,0.12,0.1213333333333333,0.418,-0.0017142857142857,-0.08038095238095255,1,17,110,291,True,True,False,False
FOXH1,11,6,5,365,5,0.8,0.8,0.8333333333333334,0.9,0.8,0.0,0.0,0.79,5,0.8,0.018,0.0164316767251549,0.8400000000000001,5,0.8333333333333334,0.584,0.3209049703572694,0.9,5,0.8333333333333334,0.584,0.3264659247149692,0.9025,5,0.8333333333333334,0.742,0.4153552696186723,0.8950000000000001,5,0.0,0.0,0.0,0.0333333333333333,0.0,0.0333333333333333,0.0333333333333333,0.584,0.0333333333333333,0.0999999999999999,2.727272727272727,0.584,0.0333333333333333,0.0333333333333333,0.0333333333333333,0.09999999999999998,0.742,0.0,0.06666666666666665,70,64,19,157,False,False,True,False
FOXP1,58,20,38,677,5,0.8631578947368421,0.8552631578947368,0.913157894736842,0.8539473684210526,0.8526315789473684,0.3139999999999999,0.3902307009962183,0.8663709677419356,5,0.8723684210526316,0.368,0.1971547615453403,0.9211155913978496,5,0.8289473684210527,0.386,0.4162090820729408,0.8728494623655914,5,0.8407894736842105,0.1699999999999999,0.242590189414164,0.871989247311828,5,0.9302631578947368,0.466,0.0650384501660363,0.9339919354838708,5,-0.0078947368421052,-0.0026315789473684,0.0171052631578947,-0.0263157894736841,0.0171052631578947,-0.0236842105263157,-0.0434210526315789,0.386,-0.0236842105263157,-0.0013157894736842,13.10344827586207,0.386,-0.0263157894736841,-0.0236842105263157,-0.0263157894736841,-0.0013157894736842701,0.466,0.0171052631578947,-0.05921052631578938,148,409,88,58,False,False,False,False
FOXP3,39,17,22,431,5,0.7165775401069518,0.6711229946524064,0.8636363636363636,0.8796791443850267,0.6737967914438503,0.214,0.273367883995176,0.7271134094663507,5,0.8663101604278075,0.7200000000000001,0.10770329614269,0.871557853910795,5,0.8770053475935828,0.952,0.0109544511501032,0.8793219852043382,5,0.8716577540106952,0.962,0.0268328157299974,0.8797816562522446,5,0.8796791443850267,0.4720000000000001,0.0967987603226405,0.917126337714573,5,-0.0454545454545454,0.0026737967914438,0.195187165775401,0.2058823529411764,0.016042780748663,0.2032085561497325,0.0106951871657753,0.952,0.2032085561497325,0.2085561497326202,9.58974358974359,0.952,0.2058823529411764,0.2032085561497325,0.2058823529411764,0.20855614973262027,0.4720000000000001,0.016042780748663,0.016042780748663055,5,4,85,62,True,True,False,False
FOXRED1,14,5,9,486,5,0.9111111111111112,0.8888888888888888,0.9333333333333332,0.8,0.9111111111111112,0.0,0.0,0.9151785714285716,5,0.9111111111111112,0.36,0.201246117974981,0.93125,5,0.8888888888888888,0.0,0.0,0.8857142857142858,5,0.9111111111111112,0.0,0.0,0.9169642857142858,5,0.9333333333333332,0.192,0.1752712184016531,0.9517857142857142,5,-0.0222222222222223,0.0222222222222222,0.0222222222222222,0.0,1.1102230246251563e-16,-0.0222222222222222,-0.0222222222222222,0.0,-0.0222222222222222,-0.0888888888888888,3.2142857142857144,0.0,0.0,-0.0222222222222222,0.0,-0.0888888888888888,0.192,1.1102230246251563e-16,-0.1333333333333332,385,200,238,107,False,False,False,False
FRMD7,35,10,25,714,5,0.796,0.844,0.904,0.788,0.776,0.55,0.3464823227814083,0.85,5,0.868,0.5660000000000001,0.2554016444739539,0.92125,5,0.852,0.448,0.1247798060585125,0.89875,5,0.84,0.522,0.0843800924389159,0.8800000000000001,5,0.888,0.18,0.1998749609130669,0.9175,5,0.0479999999999999,-0.0679999999999999,0.024,0.008,-0.016,0.0759999999999999,-0.016,0.448,0.0759999999999999,-0.0559999999999999,7.142857142857143,0.448,0.008,0.0759999999999999,0.008,-0.05599999999999994,0.18,-0.016,-0.11599999999999999,121,122,244,359,False,False,False,False
FUCA1,17,6,11,466,5,0.9696969696969696,1.0,1.0,0.8484848484848485,0.9696969696969696,0.17,0.1506651917331936,1.0,5,1.0,0.0,0.0,1.0,5,1.0,0.0,0.0,1.0,5,0.9545454545454546,0.1,0.206881608655772,0.99,5,1.0,0.0,0.0,1.0,5,0.0303030303030302,-0.0303030303030302,0.0,0.0,0.0,0.0303030303030302,0.0,0.0,0.0303030303030302,-0.1515151515151515,3.882352941176471,0.0,0.0,0.0303030303030302,0.0,-0.1515151515151515,0.0,0.0,-0.1515151515151515,386,201,380,158,False,False,False,False
FUS,21,14,7,526,5,0.5306122448979592,0.5612244897959183,0.8367346938775511,0.6020408163265306,0.5510204081632653,0.77,0.3008321791298264,0.5666666666666667,5,0.8163265306122449,0.788,0.1589654050414743,0.8387878787878789,5,0.5408163265306123,0.628,0.3715777173082368,0.6348484848484849,5,0.5714285714285714,0.752,0.2164948036327892,0.6151515151515151,5,0.8367346938775511,0.0579999999999999,0.1296919426949878,0.8418181818181818,5,0.0306122448979591,-0.010204081632653,0.2551020408163266,-0.020408163265306,0.0,-0.0102040816326529,-0.2755102040816326,0.628,-0.0102040816326529,0.0408163265306122,4.666666666666667,0.628,-0.020408163265306,-0.0102040816326529,-0.020408163265306,0.04081632653061229,0.0579999999999999,0.0,-0.23469387755102045,55,398,316,159,False,False,False,False
FZD4,19,11,8,537,5,0.9204545454545454,0.9090909090909092,0.9090909090909092,0.875,0.8977272727272727,0.2099999999999999,0.1341640786499874,0.941931216931217,5,0.9090909090909092,0.108,0.0985900603509299,0.9228835978835978,5,0.8977272727272727,0.44,0.2349468024894146,0.9477513227513228,5,0.8863636363636364,0.196,0.4382693235899588,0.9257936507936508,5,0.875,0.198,0.190840247327444,0.9222222222222224,5,-0.0113636363636363,-0.0113636363636363,0.0,-0.0113636363636363,-0.034090909090909,0.0,-0.0113636363636363,0.44,0.0,-0.034090909090909,4.631578947368421,0.44,-0.0113636363636363,0.0,-0.0113636363636363,-0.03409090909090917,0.198,-0.034090909090909,-0.03409090909090917,124,363,235,409,False,False,False,False
GAA,196,182,14,952,5,0.9077708006279436,0.9623233908948194,0.9748822605965464,0.8551805337519622,0.9595761381475668,0.95,0.0514781507049349,0.9628025650935428,5,0.9717425431711146,0.658,0.271974263488294,0.977660783555918,5,0.9603610675039248,0.21,0.1640121946685672,0.9657685976438928,5,0.9065934065934066,0.308,0.1609968943799848,0.9183540172628506,5,0.9823390894819466,0.25,0.0,0.9825215785631468,5,0.0545525902668759,-0.0027472527472527,0.0094191522762951,-0.0019623233908947,0.0074568288854003,0.0007849293563579,-0.0113814756671899,0.21,0.0007849293563579,-0.1071428571428572,13.0,0.21,-0.0019623233908947,0.0007849293563579,-0.0019623233908947,-0.1071428571428572,0.25,0.0074568288854003,-0.11970172684458413,232,320,211,84,False,False,False,False
GABBR2,82,8,74,941,5,0.7635135135135134,0.7939189189189189,0.8175675675675675,0.6097972972972974,0.7871621621621622,0.628,0.1614620698492373,0.808724778046812,5,0.7972972972972973,0.36,0.3179622619116929,0.8397188592951303,5,0.793918918918919,0.0,0.0,0.7941337099811676,5,0.7398648648648649,0.1599999999999999,0.146799182559032,0.776279257465698,5,0.8175675675675675,0.028,0.0258843582110895,0.8190328221684154,5,0.0304054054054054,-0.0067567567567566,0.0033783783783783,1.1102230246251563e-16,0.0,0.0067567567567567,-0.0033783783783782,0.0,0.0067567567567567,-0.1841216216216215,7.219512195121951,0.0,1.1102230246251563e-16,0.0067567567567567,1.1102230246251563e-16,-0.1841216216216215,0.028,0.0,-0.20777027027027017,387,148,328,160,False,False,False,False
GABRA1,58,43,15,456,5,0.7968992248062015,0.8046511627906976,0.813953488372093,0.8155038759689923,0.7767441860465116,0.558,0.3348432469081614,0.8226330532212884,5,0.7550387596899225,0.41,0.3529164207004259,0.8273109243697478,5,0.8465116279069768,0.6479999999999999,0.081363382427232,0.8496638655462185,5,0.8186046511627907,0.744,0.0581377674149945,0.8219607843137255,5,0.813953488372093,0.5820000000000001,0.1997998998998748,0.846904761904762,5,0.0077519379844961,-0.0279069767441859,-0.049612403100775,0.0418604651162791,0.0,0.0697674418604651,0.0914728682170542,0.6479999999999999,0.0697674418604651,0.0108527131782947,11.120689655172416,0.6479999999999999,0.0418604651162791,0.0697674418604651,0.0418604651162791,0.010852713178294726,0.5820000000000001,0.0,0.0015503875968992942,51,48,48,161,False,False,False,False
GABRA2,21,9,12,451,5,0.6851851851851851,0.8796296296296297,0.8148148148148149,0.75,0.8518518518518519,0.8620000000000001,0.1841738309315414,0.8764285714285714,5,0.8796296296296297,0.0,0.0,0.878015873015873,5,0.8148148148148148,0.102,0.2280789337049785,0.8835714285714287,5,0.7407407407407407,0.986,0.0054772255750516,0.7484126984126984,5,0.7407407407407407,0.156,0.3488266044899672,0.823968253968254,5,0.1944444444444445,-0.0277777777777777,0.0,-0.0648148148148148,-0.0740740740740741,-0.037037037037037,-0.0648148148148148,0.102,-0.037037037037037,-0.1296296296296296,5.142857142857143,0.102,-0.0648148148148148,-0.037037037037037,-0.0648148148148148,-0.12962962962962965,0.156,-0.0740740740740741,-0.06481481481481488,290,449,262,446,False,False,False,False
GABRB2,74,35,39,512,5,0.9333333333333332,0.9157509157509158,0.9545787545787544,0.9062271062271064,0.9457875457875458,0.398,0.0975704873412037,0.9484519009216588,5,0.947985347985348,0.528,0.1518881167175365,0.9594542050691246,5,0.9377289377289376,0.43,0.0969535971483265,0.9464069700460828,5,0.9245421245421246,0.146,0.1580506248010428,0.939091301843318,5,0.9567765567765568,0.24,0.134350288425444,0.9609158986175116,5,-0.0175824175824175,0.0300366300366299,0.0322344322344321,0.0219780219780219,0.0021978021978023,-0.008058608058608,-0.0102564102564102,0.43,-0.008058608058608,-0.0095238095238093,18.445945945945947,0.43,0.0219780219780219,-0.008058608058608,0.0219780219780219,-0.009523809523809379,0.24,0.0021978021978023,-0.04835164835164796,130,80,218,98,False,False,False,False
GABRB3,53,37,16,473,5,0.8969594594594594,0.9121621621621622,0.9797297297297296,0.9239864864864864,0.9003378378378378,0.4599999999999999,0.2395829710142187,0.9300206307102858,5,0.9628378378378378,0.8300000000000001,0.2771281292110203,0.9793530798703212,5,0.9087837837837838,0.518,0.2042547429069885,0.9462628941939286,5,0.9256756756756755,0.834,0.1013903348450926,0.9296831712348954,5,0.9797297297297296,0.0,0.0,0.9796139109932211,5,0.0152027027027027,-0.0118243243243243,0.0506756756756756,-0.0033783783783783,0.0,0.0084459459459459,-0.054054054054054,0.518,0.0084459459459459,0.0118243243243243,11.169811320754716,0.518,-0.0033783783783783,0.0084459459459459,-0.0033783783783783,0.011824324324324231,0.0,0.0,-0.0557432432432432,94,326,381,162,False,False,False,False
GABRG2,33,24,9,475,5,0.9490740740740742,0.9907407407407408,0.962962962962963,0.9305555555555556,0.9814814814814816,0.6120000000000001,0.1204989626511365,0.9913533834586464,5,0.9907407407407408,0.0,0.0,0.9913157894736844,5,0.9907407407407408,0.0,0.0,0.9911278195488722,5,0.9398148148148148,0.192,0.4293250516799596,0.954248120300752,5,0.9537037037037036,0.396,0.3614968879534097,0.9706766917293234,5,0.0416666666666665,-0.0092592592592591,0.0,0.0,-0.0092592592592593,0.0092592592592591,0.0,0.0,0.0092592592592591,-0.0601851851851851,6.545454545454546,0.0,0.0,0.0092592592592591,0.0,-0.06018518518518523,0.396,-0.0092592592592593,-0.03240740740740744,388,202,122,333,False,False,False,False
GALC,77,70,7,685,5,0.8918367346938776,0.9571428571428572,0.942857142857143,0.5408163265306123,0.9551020408163264,0.686,0.1971801207018598,0.965952380952381,5,0.9571428571428572,0.336,0.2248999777678957,0.9663095238095238,5,0.953061224489796,0.154,0.0779743547584717,0.9653571428571428,5,0.889795918367347,0.028,0.0383405790253616,0.8933333333333333,5,0.9428571428571428,0.0239999999999999,0.031304951684997,0.9461904761904762,5,0.0653061224489796,-0.0020408163265306,0.0,-0.0040816326530612,-1.1102230246251563e-16,-0.0020408163265306,-0.0040816326530612,0.154,-0.0020408163265306,-0.4163265306122449,6.363636363636363,0.154,-0.0040816326530612,-0.0020408163265306,-0.0040816326530612,-0.4163265306122449,0.0239999999999999,-1.1102230246251563e-16,-0.40204081632653066,259,333,333,262,False,False,False,False
GALNS,75,65,10,522,5,0.7215384615384616,0.8046153846153846,0.893846153846154,0.7200000000000001,0.816923076923077,0.5820000000000001,0.0794984276574072,0.8322115384615383,5,0.8784615384615385,0.68,0.2090454496036687,0.9028846153846156,5,0.8384615384615385,0.378,0.0268328157299974,0.841826923076923,5,0.7292307692307692,0.446,0.2492589015461634,0.7509615384615385,5,0.8938461538461538,0.128,0.1676901905300366,0.8961538461538462,5,0.083076923076923,0.0123076923076923,0.0738461538461539,0.0338461538461538,-1.1102230246251563e-16,0.0215384615384615,-0.04,0.378,0.0215384615384615,-0.0846153846153845,8.666666666666666,0.378,0.0338461538461538,0.0215384615384615,0.0338461538461538,-0.08461538461538454,0.128,-1.1102230246251563e-16,-0.17384615384615387,151,62,276,263,False,False,False,False
GAMT,33,28,5,236,5,0.8285714285714286,0.95,0.8642857142857142,0.6571428571428571,0.9214285714285714,0.6360000000000001,0.159311016568221,0.9622529644268776,5,0.9571428571428572,0.12,0.0670820393249937,0.9754940711462452,5,0.9857142857142858,0.234,0.0937016542009798,0.9864624505928854,5,0.85,0.274,0.046690470119715,0.8709486166007906,5,0.8642857142857143,0.012,0.0109544511501033,0.8728260869565216,5,0.1214285714285713,-0.0285714285714285,0.0071428571428572,0.0357142857142858,1.1102230246251563e-16,0.0642857142857143,0.0285714285714285,0.234,0.0642857142857143,-0.2928571428571428,4.242424242424242,0.234,0.0357142857142858,0.0642857142857143,0.0357142857142858,-0.2928571428571428,0.012,1.1102230246251563e-16,-0.20714285714285707,219,60,342,108,False,False,False,False
GARS1,28,17,11,739,5,0.7700534759358288,0.7914438502673796,0.946524064171123,0.925133689839572,0.7540106951871658,0.5740000000000001,0.3709851749059523,0.8058913308913308,5,0.9411764705882352,0.92,0.0547722557505166,0.9451465201465202,5,0.9251336898395722,0.71,0.1044030650891055,0.93513431013431,5,0.93048128342246,0.6719999999999999,0.0672309452558864,0.935103785103785,5,0.9358288770053476,0.342,0.2238749651032915,0.963324175824176,5,0.0213903743315507,-0.0374331550802138,0.1497326203208556,0.1336898395721926,-0.0106951871657754,0.1711229946524064,-0.016042780748663,0.71,0.1711229946524064,0.1336898395721925,6.678571428571429,0.71,0.1336898395721926,0.1711229946524064,0.1336898395721926,0.13368983957219238,0.342,-0.0106951871657754,-0.021390374331551,37,13,156,338,True,True,False,False
GATA1,26,10,16,413,5,0.675,0.775,0.8875000000000001,0.93125,0.75625,0.904,0.0823407554009556,0.778525641025641,5,0.8625,0.6060000000000001,0.2111397641374073,0.9036858974358974,5,0.91875,0.76,0.0424264068711928,0.93125,5,0.93125,0.768,0.0736206492772238,0.9294871794871796,5,0.91875,0.784,0.0804984471899924,0.93125,5,0.0999999999999999,-0.01875,0.0875,0.1437499999999999,0.0312499999999998,0.1624999999999999,0.0562499999999999,0.76,0.1624999999999999,0.15625,6.153846153846154,0.76,0.1437499999999999,0.1624999999999999,0.1437499999999999,0.15625,0.784,0.0312499999999998,0.043749999999999956,26,10,14,37,True,True,True,True
GATA2,52,37,15,480,5,0.8648648648648649,0.8846846846846848,1.0,0.9801801801801804,0.8792792792792793,0.8039999999999999,0.1099090533122726,0.8889272030651341,5,0.9927927927927928,0.3859999999999999,0.0606630035524123,1.0,5,0.9747747747747748,0.5459999999999999,0.2389142105442872,0.9826436781609196,5,0.9765765765765766,0.624,0.1909973821810131,0.9804022988505746,5,1.0,0.0,0.0,1.0,5,0.0198198198198198,-0.0054054054054054,0.108108108108108,0.09009009009009,0.0,0.0954954954954955,-0.0180180180180179,0.5459999999999999,0.0954954954954955,0.0954954954954955,10.673076923076923,0.5459999999999999,0.09009009009009,0.0954954954954955,0.09009009009009,0.09549549549549563,0.0,0.0,-0.019819819819819617,83,26,382,163,False,True,False,False
GATA4,15,7,8,443,5,1.0,1.0,1.0,1.0,1.0,0.0,0.0,1.0,5,1.0,0.0,0.0,1.0,5,1.0,0.0,0.0,1.0,5,1.0,0.0,0.0,1.0,5,1.0,0.0,0.0,1.0,5,0.0,0.0,0.0,0.0,0.0,0.0,0.0,0.0,0.0,0.0,3.733333333333333,0.0,0.0,0.0,0.0,0.0,0.0,0.0,0.0,389,203,383,164,False,False,False,False
GBA2,12,5,7,927,5,1.0,1.0,1.0,0.6,1.0,0.0,0.0,1.0,5,1.0,0.0,0.0,1.0,5,1.0,0.0,0.0,1.0,5,1.0,0.0,0.0,1.0,5,1.0,0.0,0.0,1.0,5,0.0,0.0,0.0,0.0,0.0,0.0,0.0,0.0,0.0,-0.4,2.9166666666666665,0.0,0.0,0.0,0.0,-0.4,0.0,0.0,-0.4,390,204,384,165,False,False,False,False
GBE1,26,18,8,702,5,0.826388888888889,0.9166666666666669,0.8888888888888888,0.8333333333333334,0.9027777777777778,0.6119999999999999,0.0715541752799932,0.929297052154195,5,0.8888888888888888,0.174,0.1750142851312429,0.9277324263038548,5,0.8680555555555556,0.228,0.3130015974400131,0.9371201814058956,5,0.8194444444444444,0.484,0.2253441811984503,0.8940589569160998,5,0.8125,0.506,0.3033644672666856,0.9190702947845804,5,0.0902777777777777,-0.0138888888888889,-0.0277777777777779,-0.0486111111111111,-0.0763888888888888,-0.0347222222222222,-0.0208333333333332,0.228,-0.0347222222222222,-0.0833333333333333,5.538461538461538,0.228,-0.0486111111111111,-0.0347222222222222,-0.0486111111111111,-0.08333333333333348,0.506,-0.0763888888888888,-0.05555555555555547,223,437,73,448,False,False,False,False
GCK,272,262,10,465,5,0.8225190839694655,0.8534351145038168,0.8767175572519084,0.7824427480916031,0.8278625954198473,0.808,0.347951145996101,0.858198906356801,5,0.8923664122137405,0.4859999999999999,0.1043072384832423,0.9171445659603554,5,0.8385496183206107,0.146,0.1938556163746617,0.8593945089997723,5,0.8309160305343511,0.202,0.0268328157299974,0.835233538391433,5,0.883206106870229,0.4019999999999999,0.0216794833886787,0.8873877876509455,5,0.0309160305343513,-0.0255725190839695,0.0389312977099236,-0.0148854961832061,0.0064885496183206,0.0106870229007633,-0.0538167938931297,0.146,0.0106870229007633,-0.0709923664122137,9.632352941176473,0.146,-0.0148854961832061,0.0106870229007633,-0.0148854961832061,-0.07099236641221374,0.4019999999999999,0.0064885496183206,-0.09427480916030528,266,379,119,87,False,False,False,False
GCM2,15,7,8,506,5,0.5357142857142857,0.6071428571428571,0.6964285714285714,0.4464285714285714,0.5,0.548,0.3063821143604829,0.6119047619047618,5,0.7142857142857143,0.306,0.1971801207018598,0.7301587301587302,5,0.6071428571428571,0.182,0.1125610945220416,0.6461904761904762,5,0.5,0.11,0.229237867726953,0.5677777777777777,5,0.6428571428571429,0.13,0.2906888370749727,0.7073015873015873,5,0.0714285714285714,-0.1071428571428571,0.1071428571428572,0.0,-0.0535714285714284,0.1071428571428571,-0.1071428571428572,0.182,0.1071428571428571,-0.1607142857142856,3.733333333333333,0.182,0.0,0.1071428571428571,0.0,-0.1607142857142857,0.13,-0.0535714285714284,-0.25,244,205,275,432,False,False,False,False
GFAP,55,47,8,432,5,0.8723404255319148,0.8590425531914894,0.9441489361702128,0.9042553191489362,0.848404255319149,0.232,0.3960681759495453,0.8803664566822462,5,0.9388297872340424,0.7940000000000002,0.0650384501660364,0.947324392061234,5,0.9042553191489362,0.696,0.1217784874269671,0.9220585246901036,5,0.9202127659574468,0.586,0.0328633534503099,0.9223057644110276,5,0.952127659574468,0.56,0.2413503677229434,0.962626159994581,5,-0.0132978723404254,-0.0106382978723403,0.0797872340425531,0.0452127659574468,0.0079787234042553,0.0558510638297872,-0.0345744680851063,0.696,0.0558510638297872,0.0452127659574468,6.836363636363636,0.696,0.0452127659574468,0.0558510638297872,0.0452127659574468,0.04521276595744683,0.56,0.0079787234042553,-0.039893617021276584,40,46,55,83,True,True,False,False
GFM1,23,10,13,751,5,0.9538461538461538,0.9153846153846154,0.9153846153846154,0.7846153846153847,0.953846153846154,0.0,0.0,0.9570454545454544,5,0.8923076923076924,0.328,0.3502427729447104,0.9347727272727272,5,0.9153846153846154,0.406,0.2611130023572169,0.9381818181818182,5,0.953846153846154,0.0,0.0,0.9522727272727274,5,0.8,0.188,0.4203807797699604,0.9225,5,-0.0384615384615384,0.0384615384615385,-0.0230769230769229,0.0,-0.1153846153846153,-0.0384615384615385,0.0230769230769229,0.406,-0.0384615384615385,-0.1307692307692306,5.652173913043479,0.406,0.0,-0.0384615384615385,0.0,-0.13076923076923064,0.188,-0.1153846153846153,-0.13076923076923064,137,206,240,464,False,False,False,False
GHR,17,5,12,638,5,1.0,1.0,1.0,0.8166666666666667,1.0,0.0,0.0,1.0,5,1.0,0.0,0.0,1.0,5,1.0,0.0,0.0,1.0,5,1.0,0.0,0.0,1.0,5,1.0,0.0,0.0,1.0,5,0.0,0.0,0.0,0.0,0.0,0.0,0.0,0.0,0.0,-0.1833333333333333,3.5294117647058822,0.0,0.0,0.0,0.0,-0.18333333333333335,0.0,0.0,-0.18333333333333335,391,207,385,166,False,False,False,False
GHRHR,14,6,8,423,5,1.0,1.0,1.0,0.8958333333333333,1.0,0.0,0.0,1.0,5,1.0,0.0,0.0,1.0,5,1.0,0.0,0.0,1.0,5,1.0,0.0,0.0,1.0,5,1.0,0.0,0.0,1.0,5,0.0,0.0,0.0,0.0,0.0,0.0,0.0,0.0,0.0,-0.1041666666666667,3.4285714285714284,0.0,0.0,0.0,0.0,-0.10416666666666674,0.0,0.0,-0.10416666666666674,392,208,386,167,False,False,False,False
GJA3,30,24,6,435,5,0.8263888888888888,0.9652777777777778,1.0,0.9930555555555556,0.9444444444444444,0.808,0.1213260071048248,0.9672368421052632,5,0.9652777777777778,0.176,0.0983869910099907,1.0,5,0.9652777777777778,0.564,0.3347835121388148,1.0,5,0.9652777777777778,0.7060000000000001,0.2549117494349761,1.0,5,1.0,0.0,0.0,1.0,5,0.1388888888888889,-0.0208333333333333,0.0,0.0,0.0,0.0208333333333333,0.0,0.564,0.0208333333333333,0.0277777777777777,4.8,0.564,0.0,0.0208333333333333,0.0,0.02777777777777779,0.0,0.0,-0.00694444444444442,76,209,387,168,False,False,False,False
GJA8,39,31,8,433,5,0.9596774193548387,0.9758064516129032,1.0,0.995967741935484,0.9717741935483872,0.914,0.0581377674149945,0.9753809523809523,5,0.9717741935483872,0.242,0.1434224529144582,1.0,5,0.9798387096774194,0.4,0.2236067977499789,0.9961904761904762,5,0.9838709677419356,0.44,0.1603121954188139,0.995,5,1.0,0.0,0.0,1.0,5,0.0161290322580645,-0.0040322580645161,-0.0040322580645161,0.0040322580645161,0.0,0.0080645161290322,0.0080645161290322,0.4,0.0080645161290322,0.0201612903225806,6.358974358974359,0.4,0.0040322580645161,0.0080645161290322,0.0040322580645161,0.02016129032258074,0.0,0.0,-0.004032258064516014,140,135,388,169,False,False,False,False
GLA,177,171,6,429,5,0.672514619883041,0.7787524366471735,0.797270955165692,0.6432748538011696,0.7738791423001949,0.986,0.0207364413533276,0.7765650493774151,5,0.7709551656920078,0.6140000000000001,0.3458757002161325,0.7965951051953628,5,0.7787524366471735,0.002,0.0044721359549995,0.7830313439244311,5,0.6120857699805068,0.394,0.3845516870330957,0.6763203091455561,5,0.7777777777777778,0.054,0.1207476707849886,0.8023142979819665,5,0.1062378167641325,-0.0048732943469785,-0.0077972709551656,0.0,-0.0194931773879142,0.0048732943469785,0.0077972709551656,0.002,0.0048732943469785,-0.1354775828460039,5.796610169491525,0.002,0.0,0.0048732943469785,0.0,-0.13547758284600397,0.054,-0.0194931773879142,-0.15399610136452246,354,210,321,372,False,False,False,False
GLB1,97,89,8,677,5,0.898876404494382,0.9747191011235956,0.9859550561797752,0.7471910112359551,0.9620786516853932,0.764,0.1604057355583023,0.976309710112527,5,0.9845505617977528,0.358,0.1042592921518269,0.9931915567478948,5,0.9747191011235956,0.096,0.0876356092008265,0.9758532677546764,5,0.9002808988764045,0.078,0.0268328157299974,0.9044535732916014,5,0.9859550561797752,0.066,0.0602494813255682,0.9873090394217154,5,0.0758426966292135,-0.0126404494382021,0.0098314606741573,0.0,0.0,0.0126404494382021,-0.0098314606741573,0.096,0.0126404494382021,-0.2275280898876404,7.34020618556701,0.096,0.0,0.0126404494382021,0.0,-0.2275280898876405,0.066,0.0,-0.2387640449438201,293,211,307,170,False,False,False,False
GLDC,90,78,12,1020,5,0.7927350427350428,0.8066239316239318,0.9316239316239316,0.8888888888888888,0.8034188034188035,0.514,0.1408190328045182,0.8136860670194004,5,0.9455128205128204,0.55,0.0734846922834953,0.9490077942766112,5,0.8846153846153846,0.5240000000000001,0.1656200470957547,0.899447573533595,5,0.8867521367521367,0.4519999999999999,0.0867179335547152,0.91215793366331,5,0.8803418803418803,0.344,0.2707027890510181,0.9508619218296636,5,0.0138888888888889,-0.0032051282051283,0.1388888888888887,0.0779914529914528,-0.0512820512820513,0.0811965811965811,-0.0608974358974359,0.5240000000000001,0.0811965811965811,0.082264957264957,10.4,0.5240000000000001,0.0779914529914528,0.0811965811965811,0.0779914529914528,0.08226495726495708,0.344,-0.0512820512820513,-0.042735042735042805,90,28,155,430,False,True,False,False
GLDN,20,9,11,551,5,0.9292929292929292,0.9292929292929292,0.9393939393939394,0.8585858585858586,0.9191919191919192,0.124,0.1697939928266015,0.9430059523809524,5,0.898989898989899,0.4359999999999999,0.488702363407422,0.952579365079365,5,0.9090909090909092,0.236,0.1627267648544639,0.9492559523809524,5,0.9090909090909092,0.412,0.2491385156895657,0.9555555555555556,5,0.9393939393939394,0.4680000000000001,0.2685516710057861,0.949454365079365,5,0.0,-0.01010101010101,-0.0303030303030302,-0.0202020202020202,0.0,-0.0101010101010101,0.01010101010101,0.236,-0.0101010101010101,-0.0707070707070707,4.95,0.236,-0.0202020202020202,-0.0101010101010101,-0.0202020202020202,-0.07070707070707061,0.4680000000000001,0.0,-0.08080808080808088,218,397,86,171,False,False,False,False
GLRA1,28,22,6,449,5,0.9772727272727272,0.9772727272727272,0.9848484848484848,0.9772727272727272,0.9772727272727272,0.0,0.0,0.9769934640522876,5,0.9696969696969696,0.448,0.37352376095772,1.0,5,0.9848484848484848,0.146,0.0944986772394196,1.0,5,0.9924242424242424,0.238,0.2082546518087891,1.0,5,0.9772727272727272,0.114,0.0795612971236643,1.0,5,0.0,0.0,-0.0075757575757575,0.0075757575757575,-0.0075757575757575,0.0075757575757575,0.0151515151515151,0.146,0.0075757575757575,0.0,4.714285714285714,0.146,0.0075757575757575,0.0075757575757575,0.0075757575757575,0.0,0.114,-0.0075757575757575,-0.007575757575757569,267,124,284,327,False,False,False,False
GLUD1,15,10,5,558,5,0.66,0.7,0.62,0.6399999999999999,0.6,0.172,0.2476287543884998,0.7625,5,0.68,0.046,0.0614817045957575,0.725,5,0.72,0.1399999999999999,0.0824621125123532,0.7375,5,0.62,0.092,0.1259761882261882,0.69375,5,0.54,0.296,0.143631472874158,0.7375,5,0.0399999999999999,-0.0999999999999999,-0.0199999999999999,0.02,-0.0799999999999999,0.12,0.0399999999999999,0.1399999999999999,0.12,-0.06,3.333333333333333,0.1399999999999999,0.02,0.12,0.02,-0.06000000000000005,0.296,-0.0799999999999999,0.019999999999999907,270,84,173,451,False,False,False,False
GNAO1,66,52,14,354,5,0.9587912087912088,0.9684065934065934,0.9766483516483516,0.98489010989011,0.967032967032967,0.632,0.0813633824272319,0.9704624643649034,5,0.98489010989011,0.514,0.2950932056147684,0.980350543765178,5,0.9505494505494504,0.744,0.4159086438149609,0.985925456657164,5,0.98489010989011,0.938,0.0044721359549995,0.9866698342308098,5,0.967032967032967,0.362,0.2173016336800071,0.9901488755147292,5,0.0096153846153846,-0.0013736263736263,0.0164835164835165,-0.0178571428571429,-0.0096153846153846,-0.0164835164835165,-0.0343406593406594,0.744,-0.0164835164835165,0.0164835164835165,11.030303030303031,0.744,-0.0178571428571429,-0.0164835164835165,-0.0178571428571429,0.016483516483516647,0.362,-0.0096153846153846,0.008241758241758435,34,388,148,334,True,False,False,False
GNB1,29,18,11,340,5,0.5454545454545454,0.8080808080808081,0.7777777777777778,0.7727272727272727,0.803030303030303,0.978,0.0164316767251549,0.8088359788359789,5,0.7828282828282829,0.212,0.1213260071048248,0.8258465608465609,5,0.7373737373737373,0.304,0.2773625785862253,0.824206349206349,5,0.7727272727272727,0.8200000000000001,0.0223606797749979,0.7675925925925927,5,0.7676767676767676,0.512,0.4222795282748147,0.7980423280423281,5,0.2626262626262626,-0.005050505050505,-0.0252525252525251,-0.0707070707070707,-0.0101010101010101,-0.0656565656565656,-0.0454545454545455,0.304,-0.0656565656565656,-0.0353535353535353,6.827586206896552,0.304,-0.0707070707070707,-0.0656565656565656,-0.0707070707070707,-0.03535353535353536,0.512,-0.0101010101010101,-0.005050505050505083,178,451,71,335,False,False,False,False
GP1BA,20,13,7,652,5,0.8791208791208791,0.8901098901098901,0.945054945054945,0.967032967032967,0.8681318681318682,0.472,0.4858703530778555,0.9003030303030302,5,0.9230769230769232,0.674,0.2245662485771181,0.9515151515151516,5,0.956043956043956,0.936,0.0328633534503099,0.9690909090909092,5,0.956043956043956,0.944,0.0357770876399966,0.9657575757575758,5,0.934065934065934,0.6980000000000001,0.2170714168194421,0.9690909090909092,5,0.0109890109890109,-0.0219780219780219,0.032967032967033,0.065934065934066,-0.0109890109890109,0.0879120879120879,0.0329670329670329,0.936,0.0879120879120879,0.0769230769230769,4.55,0.936,0.065934065934066,0.0879120879120879,0.065934065934066,0.07692307692307698,0.6980000000000001,-0.0109890109890109,0.02197802197802201,7,32,24,341,True,True,True,False
GPAA1,11,5,6,621,5,0.9000000000000001,1.0,0.9000000000000001,0.7666666666666666,0.9333333333333332,0.2099999999999999,0.0519615242270663,1.0,5,1.0,0.0,0.0,1.0,5,1.0,0.0,0.0,1.0,5,0.8666666666666667,0.088,0.1967739820199814,0.9025,5,0.9,0.0,0.0,0.9075,5,0.0999999999999998,-0.0666666666666666,0.0,0.0,-1.1102230246251563e-16,0.0666666666666666,0.0,0.0,0.0666666666666666,-0.2333333333333334,2.727272727272727,0.0,0.0,0.0666666666666666,0.0,-0.2333333333333334,0.0,-1.1102230246251563e-16,-0.13333333333333353,393,212,389,264,False,False,False,False
GPI,14,9,5,558,5,0.8444444444444444,0.9333333333333332,0.8222222222222223,1.0,0.9111111111111112,0.726,0.0673052746818553,0.9383928571428573,5,0.9333333333333332,0.0,0.0,0.93125,5,0.9555555555555556,0.4640000000000001,0.3026218762746672,1.0,5,0.8888888888888888,0.688,0.1833575741549827,1.0,5,0.8,0.62,0.3475629439396553,1.0,5,0.0888888888888889,-0.0222222222222222,0.0,0.0222222222222222,-0.0222222222222222,0.0444444444444445,0.0222222222222222,0.4640000000000001,0.0444444444444445,0.0666666666666666,3.2142857142857144,0.4640000000000001,0.0222222222222222,0.0444444444444445,0.0222222222222222,0.06666666666666676,0.62,-0.0222222222222222,0.1777777777777777,110,78,42,381,False,False,True,False
GPR143,25,14,11,404,5,0.7792207792207791,0.7792207792207793,0.8701298701298701,0.7922077922077922,0.8636363636363636,0.32,0.0412310562561766,0.8703282828282829,5,0.8636363636363636,0.96,0.0547722557505166,0.8717171717171718,5,0.8246753246753247,0.698,0.0804363102087608,0.8702020202020201,5,0.7792207792207793,0.4739999999999999,0.2593838853899756,0.8291666666666666,5,0.7987012987012987,0.364,0.4776295635741155,0.8860479797979798,5,1.1102230246251563e-16,0.0844155844155843,0.0844155844155843,0.0454545454545454,-0.0714285714285714,-0.0389610389610389,-0.0389610389610389,0.698,-0.0389610389610389,0.0129870129870129,6.16,0.698,0.0454545454545454,-0.0389610389610389,0.0454545454545454,0.012987012987012991,0.364,-0.0714285714285714,-0.07792207792207784,39,45,146,442,True,True,False,False
GRIA2,28,22,6,883,5,1.0,0.9848484848484848,0.9545454545454546,1.0,1.0,0.0,0.0,1.0,5,0.9015151515151516,0.124,0.2772724292099739,0.9883660130718954,5,0.9924242424242424,0.454,0.2831607317408259,1.0,5,1.0,0.0,0.0,1.0,5,0.9015151515151516,0.416,0.2325510696599781,1.0,5,-0.0151515151515151,0.0151515151515151,-0.0833333333333333,0.0075757575757575,-0.053030303030303,-0.0075757575757575,0.0909090909090909,0.454,-0.0075757575757575,0.0151515151515151,4.714285714285714,0.454,0.0075757575757575,-0.0075757575757575,0.0075757575757575,0.015151515151515249,0.416,-0.053030303030303,0.045454545454545414,117,125,112,431,False,False,False,False
GRIA3,21,14,7,894,5,0.9591836734693878,0.9693877551020408,0.989795918367347,1.0,0.9591836734693876,0.254,0.159937487788198,0.9809090909090908,5,0.9591836734693876,0.434,0.3781930723849923,0.99,5,0.979591836734694,0.296,0.2123205124334434,1.0,5,0.9693877551020408,0.2559999999999999,0.1589968553148143,1.0,5,0.9897959183673468,0.066,0.0602494813255682,1.0,5,0.010204081632653,-0.0102040816326531,-0.0102040816326531,0.0102040816326529,-1.1102230246251563e-16,0.0204081632653061,0.0204081632653061,0.296,0.0204081632653061,0.0306122448979591,4.666666666666667,0.296,0.0102040816326529,0.0204081632653061,0.0102040816326529,0.030612244897959218,0.066,-1.1102230246251563e-16,0.010204081632652962,182,120,308,265,False,False,False,False
GRIA4,13,5,8,902,5,0.75,0.7500000000000001,0.95,0.7,0.7,0.24,0.2638181191654584,0.7690476190476191,5,0.8,0.674,0.3257759966602819,0.9535714285714286,5,0.7,0.262,0.3405436829541843,0.7833333333333334,5,0.75,0.0,0.0,0.7571428571428571,5,0.95,0.0,0.0,0.9511904761904764,5,1.1102230246251563e-16,-0.0500000000000001,0.0499999999999999,-0.0500000000000001,0.0,0.0,-0.1,0.262,0.0,-0.0500000000000001,3.076923076923077,0.262,-0.0500000000000001,0.0,-0.0500000000000001,-0.050000000000000155,0.0,0.0,-0.25,195,439,390,172,False,False,False,False
GRIN1,97,61,36,938,5,0.7459016393442623,0.8101092896174863,0.7714025500910746,0.8069216757741348,0.8064663023679417,0.8400000000000001,0.10295630140987,0.8125414697898863,5,0.8214936247723132,0.3059999999999999,0.091268833672837,0.8309226399919574,5,0.8497267759562842,0.514,0.0795612971236643,0.86059909185349,5,0.7941712204007286,0.8539999999999999,0.1569394787808345,0.811404611105526,5,0.8287795992714025,0.64,0.0758287544405155,0.8454211487550685,5,0.0642076502732239,-0.0036429872495445,0.0113843351548269,0.0396174863387979,0.0573770491803279,0.0432604735883425,0.0282331511839709,0.514,0.0432604735883425,-0.0031876138433515,22.63917525773196,0.514,0.0396174863387979,0.0432604735883425,0.0396174863387979,-0.0031876138433515333,0.64,0.0573770491803279,0.03551912568306015,96,51,38,18,False,False,True,True
GRM6,28,7,21,877,5,1.0,0.9659863945578232,0.9455782312925172,0.9523809523809524,1.0,0.0,0.0,1.0,5,0.9659863945578232,0.184,0.1028591269649903,0.97296568627451,5,0.9659863945578232,0.392,0.2191346617949794,0.9916421568627451,5,1.0,0.0,0.0,1.0,5,0.9523809523809524,0.406,0.1325895923517377,0.986936274509804,5,-0.0340136054421769,0.0340136054421769,0.0,0.0,0.0068027210884352,-0.0340136054421769,0.0,0.392,-0.0340136054421769,-0.0136054421768706,5.25,0.392,0.0,-0.0340136054421769,0.0,-0.013605442176870763,0.406,0.0068027210884352,0.006802721088435271,145,213,114,86,False,False,False,False
GTPBP3,18,8,10,492,5,0.9375,0.9125,0.925,0.9875,0.9375,0.0,0.0,0.9375,5,0.85,0.568,0.3234501507187777,0.9541666666666666,5,0.925,0.4600000000000001,0.2607680962081059,1.0,5,0.95,0.326,0.2119669785603408,1.0,5,0.9375,0.526,0.2161712284278368,1.0,5,-0.025,0.025,-0.0625,0.0125,0.0124999999999999,-0.0124999999999999,0.075,0.4600000000000001,-0.0124999999999999,0.075,4.444444444444445,0.4600000000000001,0.0125,-0.0124999999999999,0.0125,0.07500000000000007,0.526,0.0124999999999999,0.0625,112,112,66,69,False,False,False,False
HADHA,22,11,11,763,5,1.0,1.0,0.9834710743801652,0.9421487603305784,1.0,0.0,0.0,1.0,5,1.0,0.0,0.0,1.0,5,1.0,0.0,0.0,1.0,5,1.0,0.0,0.0,1.0,5,0.9834710743801652,0.266,0.1789692711054051,1.0,5,0.0,0.0,0.0,0.0,1.1102230246251563e-16,0.0,0.0,0.0,0.0,-0.0578512396694215,5.5,0.0,0.0,0.0,0.0,-0.05785123966942163,0.266,1.1102230246251563e-16,-0.04132231404958686,394,214,197,109,False,False,False,False
HBA1,20,11,9,142,5,0.7777777777777778,0.7070707070707071,0.6868686868686869,0.3434343434343434,0.7171717171717171,0.25,0.3585387008399511,0.7914186507936508,5,0.6464646464646465,0.2,0.2363260459619294,0.7405753968253969,5,0.7070707070707071,0.042,0.0383405790253616,0.718452380952381,5,0.7575757575757576,0.018,0.0204939015319191,0.7912698412698413,5,0.6868686868686869,0.0,0.0,0.6899801587301588,5,-0.0707070707070707,0.01010101010101,-0.0606060606060605,0.0,0.0,-0.01010101010101,0.0606060606060605,0.042,-0.01010101010101,-0.3636363636363636,4.95,0.042,0.0,-0.01010101010101,0.0,-0.36363636363636365,0.0,0.0,-0.3434343434343434,333,215,391,173,False,False,False,False
HBA2,34,19,15,142,5,0.8385964912280702,0.7894736842105263,0.7894736842105263,0.6736842105263158,0.8140350877192982,0.122,0.2672452057568105,0.8418750000000002,5,0.7789473684210526,0.36,0.3005827673037827,0.8095833333333333,5,0.6982456140350877,0.3379999999999999,0.206082507748717,0.8210416666666667,5,0.8245614035087719,0.2259999999999999,0.1835211159512713,0.851388888888889,5,0.7403508771929824,0.1579999999999999,0.3092248372948072,0.8027777777777778,5,-0.0491228070175439,0.0245614035087718,-0.0105263157894737,-0.0912280701754386,-0.0491228070175439,-0.1157894736842105,-0.0807017543859649,0.3379999999999999,-0.1157894736842105,-0.1157894736842105,8.382352941176471,0.3379999999999999,-0.0912280701754386,-0.1157894736842105,-0.0912280701754386,-0.11578947368421055,0.1579999999999999,-0.0491228070175439,-0.11578947368421055,166,459,261,428,False,False,False,False
HBB,35,27,8,147,5,0.8379629629629629,0.8009259259259259,0.6712962962962963,0.7083333333333333,0.7592592592592593,0.316,0.437184171717138,0.8592455163883734,5,0.7407407407407407,0.12,0.137658998979362,0.8189239332096474,5,0.8194444444444444,0.4619999999999999,0.1449827575955154,0.8491960420531848,5,0.7129629629629629,0.362,0.287262945748316,0.8746444032158317,5,0.7268518518518519,0.53,0.0692820323027551,0.7874768089053804,5,-0.0370370370370369,-0.0416666666666666,-0.0601851851851852,0.0185185185185184,0.0555555555555555,0.0601851851851851,0.0787037037037037,0.4619999999999999,0.0601851851851851,-0.0925925925925926,6.171428571428572,0.4619999999999999,0.0185185185185184,0.0601851851851851,0.0185185185185184,-0.09259259259259267,0.53,0.0555555555555555,0.03703703703703698,111,88,63,19,False,False,False,True
HCN1,71,24,47,890,5,0.6764184397163121,0.8812056737588653,0.9379432624113476,0.6835106382978724,0.8812056737588653,0.93,0.0,0.8819959571760126,5,0.9423758865248228,0.61,0.2466779276708802,0.9452092535749046,5,0.8829787234042553,0.176,0.0350713558335003,0.8879149509620424,5,0.6453900709219859,0.456,0.3861735361207446,0.6921943550198397,5,0.9414893617021276,0.362,0.0641872261435248,0.9458486187018044,5,0.2047872340425531,0.0,0.0611702127659574,0.00177304964539,0.0035460992907802,0.00177304964539,-0.0593971631205674,0.176,0.00177304964539,-0.1976950354609928,15.887323943661972,0.176,0.00177304964539,0.00177304964539,0.00177304964539,-0.19769503546099287,0.362,0.0035460992907802,-0.2544326241134752,248,143,149,95,False,False,False,False
HCN2,21,7,14,889,5,0.8775510204081632,0.979591836734694,1.0,0.8775510204081632,0.8775510204081632,0.752,0.4218056424468501,0.9769696969696968,5,0.979591836734694,0.044,0.0357770876399966,1.0,5,0.979591836734694,0.0,0.0,0.9806060606060608,5,0.8775510204081632,0.0,0.0,0.8757575757575757,5,1.0,0.0,0.0,1.0,5,0.1020408163265307,-0.1020408163265307,-1.1102230246251563e-16,-1.1102230246251563e-16,0.0,0.1020408163265306,0.0,0.0,0.1020408163265306,-0.1020408163265307,4.666666666666667,0.0,-1.1102230246251563e-16,0.1020408163265306,-1.1102230246251563e-16,-0.10204081632653073,0.0,0.0,-0.12244897959183676,395,301,392,174,False,False,False,False
HDAC8,39,26,13,377,5,0.9349112426035502,0.940828402366864,0.970414201183432,0.9615384615384616,0.9644970414201184,0.518,0.1127829774389734,0.9775324675324676,5,0.9585798816568049,0.392,0.1882020191177555,0.9834199134199136,5,0.9674556213017752,0.27,0.1070046727951634,0.9804329004329004,5,0.955621301775148,0.6020000000000001,0.2871759042816789,0.9742857142857142,5,0.9467455621301776,0.438,0.3100322563863315,0.9807359307359308,5,0.0059171597633137,0.0236686390532544,0.0177514792899408,0.0266272189349111,-0.0236686390532544,0.0029585798816567,0.0088757396449703,0.27,0.0029585798816567,0.0207100591715976,8.666666666666666,0.27,0.0266272189349111,0.0029585798816567,0.0266272189349111,0.020710059171597517,0.438,-0.0236686390532544,-0.00887573964497046,189,71,105,387,False,False,False,False
HEXB,27,16,11,556,5,1.0,1.0,1.0,0.8295454545454546,1.0,0.0,0.0,1.0,5,1.0,0.0,0.0,1.0,5,1.0,0.0,0.0,1.0,5,1.0,0.0,0.0,1.0,5,1.0,0.0,0.0,1.0,5,0.0,0.0,0.0,0.0,0.0,0.0,0.0,0.0,0.0,-0.1704545454545454,6.518518518518518,0.0,0.0,0.0,0.0,-0.17045454545454541,0.0,0.0,-0.17045454545454541,396,216,393,175,False,False,False,False
HGD,42,35,7,445,5,0.7183673469387755,0.9877551020408164,0.9714285714285716,0.9836734693877552,0.979591836734694,0.446,0.0673052746818553,0.9938095238095238,5,0.9877551020408164,0.112,0.2504396134799764,0.9885714285714288,5,0.9877551020408164,0.0,0.0,0.988809523809524,5,0.9673469387755104,0.65,0.3423448553724738,0.9852380952380952,5,0.9551020408163264,0.53,0.3912160528403711,0.9859523809523812,5,0.2693877551020409,-0.0081632653061225,-1.1102230246251563e-16,-1.1102230246251563e-16,-0.0163265306122449,0.0081632653061224,0.0,0.0,0.0081632653061224,-0.0040816326530612,5.833333333333333,0.0,-1.1102230246251563e-16,0.0081632653061224,-1.1102230246251563e-16,-0.004081632653061162,0.53,-0.0163265306122449,0.012244897959183598,397,302,64,360,False,False,False,False
HGSNAT,18,11,7,635,5,0.9610389610389612,0.9350649350649352,0.9870129870129872,0.8961038961038961,0.961038961038961,0.0,0.0,0.9637037037037036,5,0.961038961038961,0.388,0.2830547650190683,0.988148148148148,5,0.8831168831168831,0.282,0.1704992668605938,1.0,5,0.922077922077922,0.334,0.2826305008310321,1.0,5,0.974025974025974,0.108,0.0985900603509299,1.0,5,-0.0259740259740259,0.0259740259740258,0.0259740259740258,-0.051948051948052,-0.0129870129870131,-0.0779220779220779,-0.0779220779220779,0.282,-0.0779220779220779,-0.038961038961039,4.277777777777778,0.282,-0.051948051948052,-0.0779220779220779,-0.051948051948052,-0.038961038961039085,0.108,-0.0129870129870131,-0.09090909090909116,185,443,286,347,False,False,False,False
HLCS,20,11,9,873,5,0.9898989898989898,1.0,1.0,0.7171717171717172,0.98989898989899,0.036,0.0328633534503099,1.0,5,1.0,0.0,0.0,1.0,5,1.0,0.0,0.0,1.0,5,0.98989898989899,0.0,0.0,0.9905257936507936,5,1.0,0.0,0.0,1.0,5,0.0101010101010101,-0.01010101010101,0.0,0.0,0.0,0.01010101010101,0.0,0.0,0.01010101010101,-0.2828282828282827,4.95,0.0,0.0,0.01010101010101,0.0,-0.28282828282828276,0.0,0.0,-0.28282828282828276,398,217,394,176,False,False,False,False
HNF1A,128,106,22,631,5,0.7311320754716981,0.8447684391080619,0.9463979416809604,0.7277015437392795,0.8439108061749572,0.972,0.0148323969741912,0.8452570439940683,5,0.940394511149228,0.656,0.1634931191212645,0.9506249427875726,5,0.8357632933104632,0.054,0.1207476707849886,0.8454323428717891,5,0.7611492281303602,0.612,0.0258843582110895,0.7652184141630508,5,0.9305317324185248,0.142,0.2107605276136877,0.946972959118288,5,0.1136363636363637,-0.0008576329331047,0.0956260720411662,-0.0090051457975987,-0.0158662092624356,-0.008147512864494,-0.1046312178387649,0.054,-0.008147512864494,-0.1170668953687823,18.21875,0.054,-0.0090051457975987,-0.008147512864494,-0.0090051457975987,-0.11706689536878234,0.142,-0.0158662092624356,-0.21869639794168083,324,354,269,358,False,False,False,False
HNF4A,56,51,5,452,5,0.8745098039215687,0.9098039215686272,0.9568627450980391,0.9568627450980391,0.9058823529411764,0.646,0.1645600194457937,0.9153048780487804,5,0.9725490196078432,0.38,0.0273861278752583,0.9816158536585368,5,0.9372549019607844,0.4859999999999999,0.181190507477627,0.9607926829268294,5,0.9686274509803922,0.722,0.1912328423676226,0.9582012195121952,5,0.9254901960784314,0.366,0.2099523755521713,0.9840853658536584,5,0.0352941176470585,-0.0039215686274508,0.0627450980392158,0.0274509803921569,-0.0313725490196077,0.0313725490196078,-0.0352941176470588,0.4859999999999999,0.0313725490196078,0.0470588235294119,4.553571428571429,0.4859999999999999,0.0274509803921569,0.0313725490196078,0.0274509803921569,0.04705882352941193,0.366,-0.0313725490196077,0.0,104,69,145,401,False,False,False,False
HNRNPK,19,14,5,464,5,0.9571428571428572,0.9714285714285714,0.9285714285714286,0.8142857142857143,0.9571428571428572,0.108,0.0985900603509299,0.968939393939394,5,0.9714285714285714,0.0,0.0,0.9734848484848484,5,0.9714285714285714,0.0,0.0,0.9734848484848484,5,0.9571428571428572,0.0,0.0,0.959090909090909,5,0.9285714285714286,0.0,0.0,0.9287878787878788,5,0.0142857142857142,-0.0142857142857142,0.0,0.0,0.0,0.0142857142857142,0.0,0.0,0.0142857142857142,-0.1571428571428571,3.684210526315789,0.0,0.0,0.0142857142857142,0.0,-0.15714285714285714,0.0,0.0,-0.11428571428571432,399,218,395,177,False,False,False,False
HNRNPU,81,9,72,825,5,0.7484567901234568,0.736111111111111,0.8981481481481481,0.2762345679012346,0.7422839506172839,0.506,0.1645600194457937,0.7569289603318641,5,0.8873456790123457,0.958,0.0402492235949961,0.9010867686457524,5,0.720679012345679,0.072,0.0898331787259028,0.7357294097312247,5,0.7484567901234568,0.01,0.0223606797749978,0.7501145104139659,5,0.8981481481481481,0.0,0.0,0.8990018148820326,5,-0.0123456790123457,0.0061728395061728,0.1512345679012346,-0.015432098765432,0.0,-0.0216049382716049,-0.1666666666666667,0.072,-0.0216049382716049,-0.4598765432098765,8.0,0.072,-0.015432098765432,-0.0216049382716049,-0.015432098765432,-0.4598765432098765,0.0,0.0,-0.6219135802469136,309,380,396,178,False,False,False,False
HPS1,13,5,8,700,5,0.425,1.0,1.0,0.55,0.95,0.298,0.0319374388453426,1.0,5,1.0,0.0,0.0,1.0,5,1.0,0.0,0.0,1.0,5,0.375,0.342,0.2713300573102803,0.625,5,1.0,0.0,0.0,1.0,5,0.575,-0.05,0.0,0.0,0.0,0.05,0.0,0.0,0.05,-0.4499999999999999,3.076923076923077,0.0,0.0,0.05,0.0,-0.44999999999999996,0.0,0.0,-0.44999999999999996,400,219,397,179,False,False,False,False
HRAS,31,23,8,189,5,0.9076086956521738,1.0,0.9782608695652174,0.9565217391304348,0.967391304347826,0.8019999999999999,0.3483819742753634,1.0,5,1.0,0.0,0.0,1.0,5,1.0,0.0,0.0,1.0,5,0.9130434782608696,0.776,0.2576431640855235,0.9643414090782512,5,0.9456521739130436,0.18,0.2652357441974968,0.9834586466165414,5,0.0923913043478261,-0.0326086956521739,0.0,0.0,-0.0326086956521739,0.0326086956521739,0.0,0.0,0.0326086956521739,-0.0434782608695651,5.935483870967742,0.0,0.0,0.0326086956521739,0.0,-0.04347826086956519,0.18,-0.0326086956521739,-0.021739130434782594,401,220,245,403,False,False,False,False
HSD17B10,15,10,5,261,5,0.98,1.0,0.9,0.98,0.98,0.138,0.1259761882261882,1.0,5,1.0,0.0,0.0,1.0,5,1.0,0.0,0.0,1.0,5,0.98,0.048,0.0438178046004132,1.0,5,0.88,0.4880000000000001,0.3767227096950753,1.0,5,0.0199999999999999,-0.02,0.0,0.0,-0.02,0.02,0.0,0.0,0.02,-0.0199999999999999,3.333333333333333,0.0,0.0,0.02,0.0,-0.020000000000000018,0.4880000000000001,-0.02,0.07999999999999996,402,221,78,375,False,False,False,False
HSD17B4,35,25,10,736,5,0.784,0.976,0.96,0.876,0.976,0.926,0.0260768096208106,0.97375,5,0.952,0.112,0.1961377067266771,0.98375,5,0.952,0.144,0.1934683436637632,0.985,5,0.864,0.618,0.138816425541072,0.91,5,0.916,0.264,0.3697701989073754,0.965,5,0.192,-1.1102230246251563e-16,-0.0240000000000001,-0.0240000000000001,-0.0439999999999999,-0.024,0.0,0.144,-0.024,-0.1,7.142857142857143,0.144,-0.0240000000000001,-0.024,-0.0240000000000001,-0.09999999999999998,0.264,-0.0439999999999999,-0.08399999999999996,268,407,199,419,False,False,False,False
IDS,299,260,39,550,5,0.8497041420118344,0.9191814595660748,0.9258875739644972,0.6927021696252466,0.9191321499013808,0.94,0.0141421356237309,0.919923813585608,5,0.930966469428008,0.5399999999999999,0.1464581851587681,0.9361458979528536,5,0.9184418145956608,0.03,0.0346410161513775,0.919308312655087,5,0.8473372781065088,0.04,0.0469041575982343,0.8494426566377171,5,0.9244575936883628,0.064,0.0403732584763727,0.9273204869727047,5,0.0694773175542404,-4.930966469418596e-05,0.0117850098619329,-0.0007396449704141,-0.0014299802761341,-0.0006903353057199,-0.0125246548323471,0.03,-0.0006903353057199,-0.2264792899408283,33.91304347826087,0.03,-0.0007396449704141,-0.0006903353057199,-0.0007396449704141,-0.22647928994082822,0.064,-0.0014299802761341,-0.2331854043392506,342,314,312,286,False,False,False,False
IDUA,60,48,12,653,5,0.7534722222222222,0.9097222222222222,0.9756944444444444,0.673611111111111,0.9079861111111112,0.956,0.0054772255750516,0.9102489128804916,5,0.9791666666666666,0.818,0.0268328157299975,0.9827230469335732,5,0.9079861111111112,0.036,0.0638748776906852,0.9100269905533064,5,0.7309027777777778,0.3399999999999999,0.2298912786514529,0.7650652271704903,5,0.9756944444444444,0.246,0.1944993573254164,0.9794781826360774,5,0.15625,-0.001736111111111,0.0694444444444444,-0.001736111111111,0.0,0.0,-0.0711805555555554,0.036,0.0,-0.2361111111111111,9.6,0.036,-0.001736111111111,0.0,-0.001736111111111,-0.23611111111111116,0.246,0.0,-0.30208333333333337,338,319,214,180,False,False,False,False
IGHMBP2,32,15,17,993,5,0.9176470588235294,0.9215686274509804,0.9372549019607844,0.8980392156862745,0.8901960784313725,0.268,0.3647876094386978,0.9353479853479854,5,0.9372549019607844,0.286,0.0054772255750516,0.9406593406593406,5,0.9333333333333332,0.362,0.0501996015920445,0.9477106227106228,5,0.8980392156862745,0.4739999999999999,0.1690562036720332,0.9553113553113552,5,0.9490196078431372,0.388,0.1416686274374111,0.9707875457875458,5,0.0039215686274509,-0.0313725490196078,0.0156862745098039,0.011764705882353,0.0117647058823529,0.0431372549019608,-0.0039215686274509,0.362,0.0431372549019608,-0.0235294117647058,7.96875,0.362,0.011764705882353,0.0431372549019608,0.011764705882353,-0.02352941176470591,0.388,0.0117647058823529,-0.03921568627450989,158,114,126,70,False,False,False,False
IL11RA,10,5,5,422,5,1.0,1.0,0.8400000000000001,1.0,1.0,0.0,0.0,1.0,5,1.0,0.0,0.0,1.0,5,1.0,0.0,0.0,1.0,5,1.0,0.0,0.0,1.0,5,0.84,0.6980000000000001,0.3233728498189048,1.0,5,0.0,0.0,0.0,0.0,-1.1102230246251563e-16,0.0,0.0,0.0,0.0,0.0,2.5,0.0,0.0,0.0,0.0,0.0,0.6980000000000001,-1.1102230246251563e-16,0.15999999999999992,403,222,25,266,False,False,True,False
IL12RB1,21,5,16,662,5,0.875,0.8500000000000001,0.9375,0.475,0.8,0.332,0.3076849037570742,0.914102564102564,5,0.9,0.558,0.3506707857806236,0.9375,5,0.875,0.048,0.0584807660688537,0.8724358974358974,5,0.8625,0.028,0.0626099033699941,0.8798076923076923,5,0.9375,0.0,0.0,0.9378205128205128,5,-0.0249999999999999,-0.05,0.0499999999999999,0.0249999999999999,0.0,0.0749999999999999,-0.025,0.048,0.0749999999999999,-0.375,3.809523809523809,0.048,0.0249999999999999,0.0749999999999999,0.0249999999999999,-0.3750000000000001,0.0,0.0,-0.4625,329,73,398,181,False,False,False,False
IL2RG,65,37,28,369,5,0.9700772200772202,0.9613899613899614,0.974903474903475,0.5974903474903476,0.9671814671814672,0.202,0.1225561095988282,0.9782931261641906,5,0.9633204633204632,0.6540000000000001,0.3426076473168688,0.9794798055517696,5,0.9633204633204632,0.0679999999999999,0.0668580586017871,0.96439189496161,5,0.9652509652509652,0.1399999999999999,0.0969535971483265,0.973119349416201,5,0.972972972972973,0.038,0.0580517010947999,0.9764813048021443,5,-0.0086872586872588,0.0057915057915057,0.0019305019305019,0.0019305019305019,-0.0019305019305019,-0.0038610038610038,0.0,0.0679999999999999,-0.0038610038610038,-0.3638996138996138,15.93846153846154,0.0679999999999999,0.0019305019305019,-0.0038610038610038,0.0019305019305019,-0.3638996138996138,0.038,-0.0019305019305019,-0.3774131274131274,312,141,325,293,False,False,False,False
IL7R,26,9,17,459,5,0.8562091503267973,0.8366013071895424,0.7973856209150326,0.8366013071895425,0.7973856209150327,0.318,0.405487361085398,0.8766483516483516,5,0.7647058823529411,0.4600000000000001,0.2739525506360545,0.8587912087912087,5,0.8235294117647058,0.482,0.2997832550360343,0.8989403453689168,5,0.7712418300653595,0.382,0.3255303365279494,0.8974489795918368,5,0.8496732026143791,0.808,0.0892748564826625,0.8758634222919938,5,-0.0196078431372549,-0.0392156862745096,-0.0718954248366012,-0.0130718954248365,0.0522875816993464,0.0261437908496731,0.0588235294117647,0.482,0.0261437908496731,1.1102230246251563e-16,5.884615384615385,0.482,-0.0130718954248365,0.0261437908496731,-0.0130718954248365,1.1102230246251565e-16,0.808,0.0522875816993464,0.03921568627450989,107,369,11,20,False,False,True,True
IRF2BPL,18,5,13,796,5,0.123076923076923,0.1076923076923076,0.8769230769230769,0.3538461538461538,0.0615384615384615,0.142,0.3175216528049701,0.1431818181818181,5,0.8615384615384616,0.7220000000000001,0.0268328157299974,0.8777272727272727,5,0.3384615384615385,0.976,0.0054772255750516,0.3554545454545454,5,0.3076923076923077,0.9600000000000002,0.0308220700148448,0.3563636363636364,5,0.8769230769230769,0.0,0.0,0.8831818181818182,5,-0.0153846153846154,-0.0461538461538461,0.7538461538461539,0.2307692307692308,0.0,0.2769230769230769,-0.5230769230769231,0.976,0.2769230769230769,0.2461538461538462,3.611111111111111,0.976,0.2307692307692308,0.2769230769230769,0.2307692307692308,0.24615384615384622,0.0,0.0,-0.5230769230769231,2,2,399,182,True,True,False,False
ITGB2,13,7,6,769,5,0.9047619047619048,1.0,1.0,0.7619047619047619,0.9523809523809524,0.6940000000000002,0.2817445651649735,1.0,5,1.0,0.0,0.0,1.0,5,1.0,0.0,0.0,1.0,5,0.9285714285714286,0.2219999999999999,0.1300769003320727,0.9463333333333332,5,1.0,0.0,0.0,1.0,5,0.0952380952380951,-0.0476190476190476,0.0,0.0,0.0,0.0476190476190476,0.0,0.0,0.0476190476190476,-0.2380952380952381,3.230769230769231,0.0,0.0,0.0476190476190476,0.0,-0.23809523809523814,0.0,0.0,-0.23809523809523814,404,223,400,183,False,False,False,False
ITGB3,73,62,11,788,5,0.9090909090909092,0.93841642228739,0.9090909090909092,0.7771260997067448,0.936950146627566,0.6460000000000001,0.1184483009586883,0.9461020408163264,5,0.9237536656891496,0.152,0.1500666518584325,0.941767573696145,5,0.936950146627566,0.054,0.0492950301754649,0.940547619047619,5,0.9266862170087976,0.36,0.0141421356237309,0.9299863945578232,5,0.9178885630498532,0.306,0.1256184699795376,0.9276530612244898,5,0.0293255131964809,-0.0014662756598241,-0.0146627565982405,-0.0014662756598241,0.0087976539589442,0.0,0.0131964809384164,0.054,0.0,-0.1612903225806452,9.342465753424657,0.054,-0.0014662756598241,0.0,-0.0014662756598241,-0.16129032258064513,0.306,0.0087976539589442,-0.13196480938416433,325,318,167,80,False,False,False,False
KARS1,16,9,7,597,5,0.9682539682539684,0.9047619047619048,0.9365079365079364,0.9523809523809524,0.9682539682539684,0.0,0.0,0.9690476190476188,5,0.8888888888888888,0.054,0.0304959013639538,0.9516666666666668,5,0.9206349206349206,0.1119999999999999,0.0130384048104052,0.9704761904761906,5,0.9682539682539684,0.0,0.0,0.97,5,0.8888888888888888,0.5700000000000001,0.5203364296299079,0.9609523809523812,5,-0.0634920634920636,0.0634920634920634,-0.0158730158730159,0.0158730158730158,-0.0476190476190476,-0.0476190476190476,0.0317460317460317,0.1119999999999999,-0.0476190476190476,0.0476190476190476,3.9375,0.1119999999999999,0.0158730158730158,-0.0476190476190476,0.0158730158730158,0.04761904761904767,0.5700000000000001,-0.0476190476190476,0.01587301587301604,289,98,51,426,False,False,False,False
KCNA2,44,31,13,499,5,0.9478908188585607,0.9429280397022332,0.9900744416873448,0.9702233250620348,0.9478908188585607,0.274,0.22165288177689,0.9522727272727274,5,0.9925558312655088,0.526,0.0260768096208106,0.9977151515151516,5,0.9478908188585607,0.258,0.177115781340907,0.9714484848484848,5,0.9652605459057072,0.64,0.2571964229922337,0.9716242424242424,5,0.9702233250620348,0.2219999999999999,0.2965130688519479,0.9960848484848486,5,-0.0049627791563275,0.0049627791563274,0.0496277915632754,0.0049627791563274,-0.0198511166253101,0.0,-0.0446650124069479,0.258,0.0,0.0272952853598014,9.159090909090908,0.258,0.0049627791563274,0.0,0.0049627791563274,0.027295285359801635,0.2219999999999999,-0.0198511166253101,-0.019851116625310028,200,134,226,373,False,False,False,False
KCNB1,158,66,92,858,5,0.946475625823452,0.9596508563899868,0.987977602108037,0.9672266139657444,0.9471343873517788,0.7780000000000001,0.3165754254518186,0.9601855653096284,5,0.9879776021080368,0.922,0.0864291617453276,0.98798333842919,5,0.9761198945981556,0.5960000000000001,0.0694982014155761,0.9796184985510392,5,0.9510869565217392,0.712,0.2786933798998462,0.9701965191626604,5,0.989459815546772,0.386,0.1057355191030904,0.9914395383315002,5,0.0131752305665348,-0.0125164690382081,0.02832674571805,0.0164690382081686,0.0014822134387351,0.0289855072463768,-0.0118577075098813,0.5960000000000001,0.0289855072463768,0.0075757575757575,38.43037974683544,0.5960000000000001,0.0164690382081686,0.0289855072463768,0.0164690382081686,0.007575757575757569,0.386,0.0014822134387351,-0.020750988142292592,63,95,129,101,False,False,False,False
KCNC3,13,5,8,757,5,0.725,0.725,0.8500000000000001,0.875,0.725,0.0,0.0,0.7345238095238095,5,0.725,0.246,0.1375863365309215,0.8678571428571429,5,0.725,0.6220000000000001,0.3554152500948714,0.8845238095238095,5,0.725,0.65,0.3635931792539568,0.8845238095238095,5,0.85,0.256,0.1431083505599865,0.8773809523809524,5,0.0,0.0,0.0,0.0,-1.1102230246251563e-16,0.0,0.0,0.6220000000000001,0.0,0.15,3.076923076923077,0.6220000000000001,0.0,0.0,0.0,0.15000000000000002,0.256,-1.1102230246251563e-16,0.02499999999999991,57,224,207,267,False,False,False,False
KCND2,16,5,11,630,5,1.0,0.7454545454545456,1.0,1.0,1.0,0.0,0.0,1.0,5,0.8363636363636363,0.27,0.1118033988749894,1.0,5,0.8545454545454545,0.432,0.1752712184016531,1.0,5,1.0,0.0,0.0,1.0,5,1.0,0.0,0.0,1.0,5,-0.2545454545454544,0.2545454545454544,0.0909090909090907,0.1090909090909089,0.0,-0.1454545454545455,0.0181818181818181,0.432,-0.1454545454545455,0.2545454545454544,3.4375,0.432,0.1090909090909089,-0.1454545454545455,0.1090909090909089,0.2545454545454544,0.0,0.0,0.0,128,18,401,184,False,True,False,False
KCNH1,73,16,57,989,5,0.6173245614035088,0.7675438596491229,0.8135964912280702,0.8651315789473685,0.7598684210526315,0.962,0.0742967024840268,0.7670345596432553,5,0.8212719298245614,0.6719999999999999,0.1229634091915151,0.8392196209587514,5,0.8673245614035088,0.8460000000000001,0.0650384501660364,0.8733221850613155,5,0.8629385964912281,0.844,0.0550454357780915,0.8714214046822744,5,0.8728070175438597,0.8160000000000001,0.0427784992724148,0.8921070234113712,5,0.150219298245614,-0.0076754385964913,0.0537280701754385,0.0997807017543859,0.0592105263157894,0.1074561403508772,0.0460526315789473,0.8460000000000001,0.1074561403508772,0.0975877192982456,12.493150684931509,0.8460000000000001,0.0997807017543859,0.1074561403508772,0.0997807017543859,0.09758771929824561,0.8160000000000001,0.0592105263157894,0.05153508771929827,15,22,10,17,True,True,True,True
KCNJ11,36,27,9,390,5,0.7613168724279835,0.7613168724279835,0.7530864197530864,0.6090534979423868,0.7695473251028807,0.348,0.1779606698121806,0.7859616573902288,5,0.7654320987654321,0.3,0.1382027496108525,0.7877241805813234,5,0.7407407407407407,0.088,0.1149782588144384,0.7656771799628942,5,0.7530864197530864,0.026,0.0250998007960222,0.761487322201608,5,0.7489711934156379,0.024,0.0536656314599949,0.7546227581941867,5,0.0,0.0082304526748971,0.0041152263374485,-0.0205761316872428,-0.0041152263374485,-0.02880658436214,-0.0246913580246913,0.088,-0.02880658436214,-0.1522633744855966,6.75,0.088,-0.0205761316872428,-0.02880658436214,-0.0205761316872428,-0.15226337448559668,0.024,-0.0041152263374485,-0.1440329218106996,299,399,332,316,False,False,False,False
KCNQ1,152,145,7,676,5,0.8246305418719213,0.9261083743842364,0.9950738916256155,0.8857142857142857,0.9251231527093596,0.986,0.0054772255750516,0.9267816091954024,5,0.993103448275862,0.6140000000000001,0.2205221077352563,0.9967241379310344,5,0.9221674876847292,0.208,0.1617714437099453,0.931896551724138,5,0.8807881773399014,0.6980000000000002,0.1940876090841453,0.8931609195402299,5,0.9891625615763546,0.144,0.2094755355644186,0.9961494252873564,5,0.1014778325123151,-0.0009852216748768,0.0669950738916256,-0.0039408866995073,-0.005911330049261,-0.0029556650246305,-0.0709359605911329,0.208,-0.0029556650246305,-0.0403940886699507,6.677631578947368,0.208,-0.0039408866995073,-0.0029556650246305,-0.0039408866995073,-0.040394088669950756,0.144,-0.005911330049261,-0.10935960591132987,234,331,268,320,False,False,False,False
KCNQ2,277,269,8,872,5,0.6937732342007435,0.8986988847583643,0.975371747211896,0.8759293680297398,0.8954460966542751,0.946,0.0876356092008265,0.8989987080103358,5,0.9846654275092936,0.588,0.0736206492772238,0.984644087609204,5,0.921003717472119,0.3299999999999999,0.0463680924774785,0.9249772363725852,5,0.8726765799256505,0.924,0.0427784992724148,0.8757658627619869,5,0.9860594795539034,0.458,0.1015874007936023,0.9857100816209344,5,0.2049256505576208,-0.0032527881040892,0.0859665427509293,0.0223048327137546,0.0106877323420074,0.0255576208178438,-0.0636617100371746,0.3299999999999999,0.0255576208178438,-0.0227695167286245,7.768953068592058,0.3299999999999999,0.0223048327137546,0.0255576208178438,0.0223048327137546,-0.022769516728624595,0.458,0.0106877323420074,-0.09944237918215626,170,76,94,73,False,False,False,False
KCNQ3,30,19,11,872,5,0.9043062200956938,0.971291866028708,0.9665071770334928,0.9425837320574164,0.9617224880382776,0.6360000000000001,0.0602494813255682,0.9715277777777775,5,0.971291866028708,0.0,0.0,0.9713657407407408,5,0.9569377990430622,0.256,0.2437826901156027,0.9774537037037035,5,0.9569377990430622,0.6740000000000002,0.0433589667773576,0.9698842592592593,5,0.9521531100478468,0.096,0.2146625258399798,0.9698842592592593,5,0.0669856459330142,-0.0095693779904305,0.0,-0.0143540669856458,-0.0143540669856458,-0.0047846889952153,-0.0143540669856458,0.256,-0.0047846889952153,-0.0287081339712917,6.966666666666667,0.256,-0.0143540669856458,-0.0047846889952153,-0.0143540669856458,-0.028708133971291572,0.096,-0.0143540669856458,-0.023923444976076347,203,375,292,354,False,False,False,False
KCNQ4,21,12,9,695,5,0.9814814814814816,1.0,0.9351851851851852,1.0,0.9814814814814816,0.232,0.130843417870369,1.0,5,1.0,0.0,0.0,1.0,5,1.0,0.0,0.0,1.0,5,0.9814814814814816,0.214,0.1197079780131633,1.0,5,0.9074074074074074,0.254,0.1472412985544477,1.0,5,0.0185185185185184,-0.0185185185185184,0.0,0.0,-0.0277777777777776,0.0185185185185184,0.0,0.0,0.0185185185185184,0.0,5.142857142857143,0.0,0.0,0.0185185185185184,0.0,0.0,0.254,-0.0277777777777776,0.06481481481481477,405,225,210,396,False,False,False,False
KCNQ5,87,11,76,932,5,0.5119617224880383,0.84688995215311,0.9354066985645932,0.7559808612440191,0.8433014354066986,0.964,0.0409878030638383,0.8491712204007286,5,0.9246411483253588,0.4640000000000001,0.2304994577000128,0.9507619914996964,5,0.8026315789473685,0.126,0.2817445651649735,0.8494626593806922,5,0.7535885167464115,0.982,0.0109544511501033,0.7568670309653915,5,0.916267942583732,0.2739999999999999,0.3063168294429805,0.943296903460838,5,0.3349282296650717,-0.0035885167464114,0.0777511961722488,-0.0442583732057415,-0.0191387559808612,-0.04066985645933,-0.1220095693779903,0.126,-0.04066985645933,-0.0909090909090909,9.60919540229885,0.126,-0.0442583732057415,-0.04066985645933,-0.0442583732057415,-0.09090909090909094,0.2739999999999999,-0.0191387559808612,-0.17942583732057416,277,434,190,370,False,False,False,False
KCNV2,25,11,14,545,5,0.9935064935064936,0.987012987012987,0.8246753246753247,0.961038961038961,0.9935064935064936,0.108,0.0985900603509299,1.0,5,0.987012987012987,0.0,0.0,0.9857954545454544,5,0.987012987012987,0.232,0.1470374102057024,0.995959595959596,5,0.9935064935064936,0.0,0.0,0.9938762626262626,5,0.9285714285714286,0.8699999999999999,0.0670820393249937,0.9612373737373736,5,-0.0064935064935065,0.0064935064935065,0.0,0.0,0.1038961038961039,-0.0064935064935065,0.0,0.232,-0.0064935064935065,-0.0259740259740259,6.16,0.232,0.0,-0.0064935064935065,0.0,-0.025974025974025983,0.8699999999999999,0.1038961038961039,0.13636363636363635,221,226,7,8,False,False,True,True
KIF22,40,6,34,665,5,0.8529411764705883,0.8039215686274509,0.8333333333333334,0.8137254901960784,0.8725490196078431,0.118,0.0164316767251549,0.8763095238095238,5,0.7843137254901961,0.49,0.2712931993250107,0.8433730158730158,5,0.8725490196078431,0.572,0.0794984276574071,0.8938624338624338,5,0.8333333333333334,0.258,0.218906372680194,0.8804894179894178,5,0.8529411764705882,0.5660000000000001,0.1353883303686104,0.8932142857142857,5,-0.0490196078431374,0.0686274509803922,-0.0196078431372548,0.0686274509803922,0.0196078431372548,0.0,0.088235294117647,0.572,0.0,0.0098039215686275,5.1,0.572,0.0686274509803922,0.0,0.0686274509803922,0.009803921568627527,0.5660000000000001,0.0196078431372548,-0.019607843137254943,73,30,53,54,False,True,False,False
KMT5B,24,8,16,885,5,0.875,0.90625,1.0,0.8671875,0.8828125,0.456,0.3041052449399714,0.9076923076923076,5,0.890625,0.3339999999999999,0.1879627622695517,1.0,5,0.921875,0.564,0.3347835121388149,0.952197802197802,5,0.828125,0.5519999999999999,0.3247614509143596,0.9344322344322344,5,1.0,0.0,0.0,1.0,5,0.03125,-0.0234375,-0.015625,0.015625,0.0,0.0390625,0.03125,0.564,0.0390625,-0.0390625,5.333333333333333,0.564,0.015625,0.0390625,0.015625,-0.0390625,0.0,0.0,-0.1328125,77,99,402,185,False,False,False,False
KRIT1,13,5,8,736,5,0.475,0.575,0.4999999999999999,0.525,0.575,0.776,0.159311016568221,0.5869047619047618,5,0.575,0.024,0.0219089023002066,0.6,5,0.5,0.538,0.3748599738569056,0.6357142857142857,5,0.4,0.692,0.4351091817004095,0.5404761904761906,5,0.4,0.658,0.4010860256852637,0.6261904761904762,5,0.0999999999999999,0.0,0.0,-0.0749999999999999,-0.0999999999999999,-0.0749999999999999,-0.0749999999999999,0.538,-0.0749999999999999,-0.0499999999999999,3.076923076923077,0.538,-0.0749999999999999,-0.0749999999999999,-0.0749999999999999,-0.04999999999999993,0.658,-0.0999999999999999,0.025000000000000133,84,453,34,461,False,False,True,False
KRT1,30,19,11,644,5,0.9330143540669856,0.971291866028708,0.9473684210526316,0.9186602870813396,0.9760765550239234,0.834,0.2992991814222017,0.9729282407407408,5,0.971291866028708,0.128,0.2862167011199731,0.9728472222222224,5,0.937799043062201,0.256,0.3779947089576784,0.9807407407407408,5,0.9330143540669856,0.112,0.1889973544788392,0.9437037037037036,5,0.9282296650717704,0.4499999999999999,0.2002498439450078,0.9671643518518518,5,0.0382775119617224,0.0047846889952153,0.0,-0.0334928229665071,-0.0191387559808612,-0.0382775119617224,-0.0334928229665071,0.256,-0.0382775119617224,-0.0526315789473684,6.966666666666667,0.256,-0.0334928229665071,-0.0382775119617224,-0.0334928229665071,-0.05263157894736836,0.4499999999999999,-0.0191387559808612,-0.028708133971292016,204,423,100,371,False,False,False,False
KRT10,27,10,17,584,5,0.9588235294117646,0.9470588235294116,0.9882352941176472,0.9823529411764704,0.9705882352941176,0.636,0.3680760790923528,0.9707417582417582,5,0.9705882352941176,0.77,0.4071854614300466,0.9888736263736264,5,0.9647058823529412,0.416,0.1938556163746616,0.9907967032967032,5,0.9588235294117649,0.5479999999999999,0.3477355316903925,0.9818681318681316,5,0.9823529411764704,0.18,0.1385640646055101,1.0,5,-0.0117647058823529,0.0235294117647059,0.0235294117647059,0.0176470588235294,-0.0058823529411765,-0.0058823529411764,-0.0058823529411764,0.416,-0.0058823529411764,0.0352941176470588,6.296296296296297,0.416,0.0176470588235294,-0.0058823529411764,0.0176470588235294,0.03529411764705881,0.18,-0.0058823529411765,-0.005882352941176783,133,92,246,319,False,False,False,False
KRT14,40,33,7,472,5,0.9090909090909092,0.9090909090909092,0.9307359307359307,0.9004329004329005,0.8961038961038961,0.304,0.2268920448142684,0.9405982905982906,5,0.9090909090909092,0.472,0.2777048793233565,0.9403133903133905,5,0.9090909090909092,0.432,0.2919246478117255,0.9555840455840456,5,0.935064935064935,0.254,0.0795612971236643,0.9554985754985756,5,0.8874458874458875,0.544,0.3041052449399714,0.9548148148148148,5,1.1102230246251563e-16,-0.0129870129870131,-1.1102230246251563e-16,-1.1102230246251563e-16,-0.0432900432900432,0.0129870129870129,0.0,0.432,0.0129870129870129,-0.0086580086580086,5.775,0.432,-1.1102230246251563e-16,0.0129870129870129,-1.1102230246251563e-16,-0.008658008658008698,0.544,-0.0432900432900432,-0.030303030303030276,129,303,57,418,False,False,False,False
KRT16,20,7,13,473,5,0.7912087912087913,0.923076923076923,0.978021978021978,0.934065934065934,0.912087912087912,0.842,0.1465264481245621,0.922121212121212,5,0.956043956043956,0.762,0.2393115124685814,0.9796969696969696,5,0.934065934065934,0.286,0.169941166289984,0.9548484848484848,5,0.9230769230769232,0.8019999999999999,0.0831865373723416,0.9339393939393938,5,0.978021978021978,0.018,0.0164316767251549,0.9893939393939396,5,0.1318681318681317,-0.0109890109890109,0.032967032967033,0.010989010989011,-1.1102230246251563e-16,0.021978021978022,-0.021978021978022,0.286,0.021978021978022,0.010989010989011,4.55,0.286,0.010989010989011,0.021978021978022,0.010989010989011,0.01098901098901095,0.018,-1.1102230246251563e-16,-0.04395604395604402,184,118,337,268,False,False,False,False
KRT17,25,6,19,432,5,0.894736842105263,0.9473684210526316,0.9473684210526316,0.9473684210526316,0.9473684210526316,0.972,0.0109544511501033,0.9564166666666668,5,0.956140350877193,0.438,0.1688786546606764,0.9830833333333334,5,0.9473684210526316,0.092,0.0576194411635517,0.964875,5,0.912280701754386,0.412,0.2304777646542069,0.9581666666666668,5,0.9649122807017544,0.272,0.053103672189407,1.0,5,0.0526315789473684,0.0,0.0087719298245614,0.0,0.0175438596491227,0.0,-0.0087719298245614,0.092,0.0,0.0,4.56,0.092,0.0,0.0,0.0,0.0,0.272,0.0175438596491227,0.0,296,227,193,57,False,False,False,False
KRT5,61,44,17,590,5,0.820855614973262,0.8943850267379679,0.9010695187165776,0.7339572192513368,0.8863636363636364,0.8959999999999999,0.1654690303349844,0.8962759462759463,5,0.8770053475935828,0.478,0.2640454506330302,0.926877725449154,5,0.8475935828877005,0.25,0.1833030277982336,0.9109035409035408,5,0.8449197860962567,0.326,0.0661815684310971,0.8537711494854351,5,0.9050802139037432,0.372,0.1351665639128257,0.919269143554858,5,0.0735294117647059,-0.0080213903743315,-0.017379679144385,-0.0467914438502674,0.0040106951871657,-0.0387700534759358,-0.0294117647058823,0.25,-0.0387700534759358,-0.1604278074866311,12.262295081967212,0.25,-0.0467914438502674,-0.0387700534759358,-0.0467914438502674,-0.1604278074866311,0.372,0.0040106951871657,-0.16711229946524075,208,435,140,94,False,False,False,False
KRT6A,31,11,20,564,5,0.9772727272727272,0.9818181818181818,0.959090909090909,0.9727272727272728,0.990909090909091,0.572,0.3208114711166046,1.0,5,0.9863636363636364,0.186,0.1225969004502153,0.9942708333333334,5,0.9772727272727272,0.174,0.0996493853468249,1.0,5,0.9727272727272728,0.282,0.257429602027428,0.9814236111111112,5,0.9590909090909092,0.31,0.134350288425444,0.9885416666666668,5,0.0045454545454546,0.0090909090909091,0.0045454545454545,-0.0045454545454545,1.1102230246251563e-16,-0.0136363636363636,-0.009090909090909,0.174,-0.0136363636363636,-0.009090909090909,7.096774193548387,0.174,-0.0045454545454545,-0.0136363636363636,-0.0045454545454545,-0.009090909090909038,0.31,1.1102230246251563e-16,0.01363636363636378,251,336,166,110,False,False,False,False
KRT9,14,8,6,623,5,0.7083333333333333,0.8541666666666667,0.875,0.7916666666666667,0.8333333333333334,0.8720000000000001,0.1702057578344516,0.8523809523809524,5,0.8541666666666666,0.156,0.0876356092008265,0.8971428571428571,5,0.8125,0.188,0.257429602027428,0.8847619047619046,5,0.6875,0.6579999999999999,0.3690799371409939,0.7928571428571429,5,0.8333333333333334,0.12,0.2683281572999748,0.8923809523809524,5,0.1458333333333334,-0.0208333333333333,-1.1102230246251563e-16,-0.0416666666666667,-0.0416666666666666,-0.0208333333333333,-0.0416666666666666,0.188,-0.0208333333333333,-0.0625,3.4285714285714284,0.188,-0.0416666666666667,-0.0208333333333333,-0.0416666666666667,-0.0625,0.12,-0.0416666666666666,-0.08333333333333326,243,429,280,415,False,False,False,False
LAMP2,15,5,10,410,5,0.84,0.84,0.88,0.52,0.76,0.374,0.3575332152402067,0.86875,5,0.84,0.456,0.4162691437039262,0.8875,5,0.82,0.2,0.1118033988749895,0.875,5,0.84,0.0,0.0,0.84375,5,0.88,0.032,0.0715541752799932,0.88125,5,0.0,-0.0799999999999999,0.0,-0.02,0.0,0.0599999999999999,-0.02,0.2,0.0599999999999999,-0.3199999999999999,3.333333333333333,0.2,-0.02,0.0599999999999999,-0.02,-0.31999999999999995,0.032,0.0,-0.36,239,394,326,186,False,False,False,False
LARS2,21,13,8,903,5,0.7788461538461539,0.7788461538461539,0.9230769230769232,0.6730769230769231,0.8076923076923077,0.38,0.0547722557505166,0.8233766233766234,5,0.903846153846154,0.6200000000000001,0.039370039370059,0.9303896103896104,5,0.7980769230769231,0.196,0.1923018460649819,0.8202597402597401,5,0.7403846153846154,0.124,0.1813284313062902,0.7924675324675323,5,0.9230769230769232,0.066,0.0602494813255682,0.9345887445887444,5,0.0,0.0288461538461538,0.125,0.0192307692307692,0.0,-0.0096153846153845,-0.1057692307692307,0.196,-0.0096153846153845,-0.1057692307692307,4.9523809523809526,0.196,0.0192307692307692,-0.0096153846153845,0.0192307692307692,-0.10576923076923073,0.066,0.0,-0.2500000000000001,240,87,309,187,False,False,False,False
LBR,12,5,7,615,5,1.0,1.0,1.0,0.9428571428571428,1.0,0.0,0.0,1.0,5,1.0,0.0,0.0,1.0,5,1.0,0.0,0.0,1.0,5,1.0,0.0,0.0,1.0,5,1.0,0.0,0.0,1.0,5,0.0,0.0,0.0,0.0,0.0,0.0,0.0,0.0,0.0,-0.0571428571428571,2.9166666666666665,0.0,0.0,0.0,0.0,-0.05714285714285716,0.0,0.0,-0.05714285714285716,406,228,403,188,False,False,False,False
LCAT,19,11,8,440,5,0.9659090909090908,1.0,0.9545454545454546,0.7613636363636364,0.9659090909090908,0.118,0.0661059755241536,1.0,5,1.0,0.0,0.0,1.0,5,1.0,0.0,0.0,1.0,5,0.9659090909090908,0.0,0.0,0.9677248677248678,5,0.9545454545454546,0.0,0.0,0.9571428571428572,5,0.0340909090909091,-0.034090909090909,0.0,0.0,0.0,0.034090909090909,0.0,0.0,0.034090909090909,-0.2386363636363636,4.631578947368421,0.0,0.0,0.034090909090909,0.0,-0.23863636363636365,0.0,0.0,-0.19318181818181823,407,229,404,189,False,False,False,False
LDLR,486,443,43,860,5,0.9221481442595412,0.9451414772429,0.9352196965719988,0.9110714473200692,0.9444590267205628,0.938,0.0349284983931459,0.9460238666963562,5,0.947346317391989,0.352,0.1300769003320727,0.9533207286256588,5,0.9412567588849808,0.26,0.1566843961599239,0.9478643278748596,5,0.923145571946034,0.332,0.1420211251891774,0.9286446228049589,5,0.9438290723922516,0.48,0.0696419413859206,0.94819415663138,5,0.0229933329833587,-0.000682450522337,0.0022048401490891,-0.003884718357919,0.0086093758202528,-0.0032022678355819,-0.0060895585070082,0.26,-0.0032022678355819,-0.0340700299228305,39.19547325102881,0.26,-0.003884718357919,-0.0032022678355819,-0.003884718357919,-0.03407002992283081,0.48,0.0086093758202528,-0.0241482492519296,196,330,80,81,False,False,False,False
LHCGR,17,12,5,699,5,1.0,0.8666666666666667,0.9,0.9833333333333334,1.0,0.0,0.0,1.0,5,0.8833333333333333,0.388,0.2287356552879327,0.9238888888888888,5,0.9,0.524,0.2940748204114048,1.0,5,1.0,0.0,0.0,1.0,5,0.9666666666666668,0.784,0.1472412985544477,1.0,5,-0.1333333333333333,0.1333333333333333,0.0166666666666666,0.0333333333333333,0.0666666666666666,-0.0999999999999999,0.0166666666666667,0.524,-0.0999999999999999,0.1166666666666667,3.5294117647058822,0.524,0.0333333333333333,-0.0999999999999999,0.0333333333333333,0.1166666666666667,0.784,0.0666666666666666,0.08333333333333337,91,65,15,14,False,False,True,True
LIG4,28,17,11,911,5,0.9946524064171124,1.0,1.0,1.0,0.9946524064171124,0.06,0.0547722557505166,1.0,5,1.0,0.0,0.0,1.0,5,1.0,0.0,0.0,1.0,5,0.9946524064171124,0.108,0.0985900603509299,1.0,5,1.0,0.0,0.0,1.0,5,0.0053475935828877,-0.0053475935828877,0.0,0.0,0.0,0.0053475935828877,0.0,0.0,0.0053475935828877,0.0,6.678571428571429,0.0,0.0,0.0053475935828877,0.0,0.0,0.0,0.0,0.0,408,230,405,190,False,False,False,False
LITAF,12,6,6,161,5,0.9444444444444444,0.9444444444444444,0.9722222222222224,0.7777777777777778,0.9444444444444444,0.2299999999999999,0.128646803302686,1.0,5,0.9444444444444444,0.216,0.1207476707849886,1.0,5,0.9166666666666666,0.252,0.1700588133558505,1.0,5,0.9166666666666666,0.15,0.1369306393762915,0.974,5,0.9444444444444444,0.296,0.1654690303349844,1.0,5,0.0,0.0,0.0,-0.0277777777777777,-0.0277777777777779,-0.0277777777777777,-0.0277777777777777,0.252,-0.0277777777777777,-0.1666666666666666,3.0,0.252,-0.0277777777777777,-0.0277777777777777,-0.0277777777777777,-0.16666666666666663,0.296,-0.0277777777777779,-0.19444444444444464,207,411,174,397,False,False,False,False
LMX1B,30,25,5,402,5,0.984,0.992,0.96,0.952,0.984,0.172,0.1480540441865739,1.0,5,0.992,0.152,0.084970583144992,1.0,5,0.992,0.264,0.1475804865149861,1.0,5,0.984,0.258,0.2092128103152385,1.0,5,0.96,0.388,0.1864671552847846,1.0,5,0.008,-0.008,0.0,0.0,-1.1102230246251563e-16,0.008,0.0,0.264,0.008,-0.04,4.166666666666667,0.264,0.0,0.008,0.0,-0.040000000000000036,0.388,-1.1102230246251563e-16,-0.008000000000000007,193,231,127,269,False,False,False,False
LPAR6,12,7,5,344,5,0.8571428571428572,0.8285714285714285,0.7714285714285714,0.7714285714285714,0.8571428571428571,0.2,0.2395829710142188,0.885,5,0.8285714285714286,0.096,0.0876356092008265,0.8583333333333334,5,0.7714285714285715,0.172,0.3511694747554235,0.865,5,0.8571428571428571,0.0,0.0,0.8549999999999999,5,0.7142857142857143,0.652,0.3727197338483703,0.8049999999999999,5,-0.0285714285714286,0.0285714285714285,1.1102230246251563e-16,-0.057142857142857,-0.057142857142857,-0.0857142857142856,-0.0571428571428571,0.172,-0.0857142857142856,-0.0571428571428571,2.9166666666666665,0.172,-0.057142857142857,-0.0857142857142856,-0.057142857142857,-0.05714285714285716,0.652,-0.057142857142857,0.0,252,447,36,435,False,False,True,False
LSS,24,9,15,732,5,0.9333333333333332,0.925925925925926,0.925925925925926,0.925925925925926,0.9037037037037036,0.552,0.5039047529047529,0.9401785714285712,5,0.9185185185185184,0.296,0.1654690303349844,0.95625,5,0.8888888888888888,0.412,0.2830547650190683,0.9446428571428572,5,0.8962962962962963,0.466,0.4415653971950248,0.9476190476190476,5,0.9037037037037036,0.384,0.3238518179661803,0.9547619047619048,5,-0.0074074074074074,-0.0222222222222222,-0.0074074074074074,-0.037037037037037,-0.0222222222222222,-0.0148148148148148,-0.0296296296296296,0.412,-0.0148148148148148,1.1102230246251563e-16,5.625,0.412,-0.037037037037037,-0.0148148148148148,-0.037037037037037,0.0,0.384,-0.0222222222222222,0.0,135,426,131,382,False,False,False,False
LZTR1,31,23,8,840,5,0.7880434782608696,0.9782608695652174,0.9782608695652174,0.7663043478260869,0.9836956521739132,0.65,0.1341640786499873,0.9832637148426622,5,0.9836956521739132,0.286,0.3465256123290168,0.9862712336396546,5,0.9782608695652174,0.0,0.0,0.9762183235867448,5,0.7989130434782609,0.28,0.130384048104053,0.8496519075466443,5,0.9782608695652174,0.0,0.0,0.9799498746867168,5,0.1902173913043477,0.0054347826086956,0.0054347826086956,0.0,0.0,-0.0054347826086956,-0.0054347826086956,0.0,-0.0054347826086956,-0.2119565217391305,5.935483870967742,0.0,0.0,-0.0054347826086956,0.0,-0.2119565217391305,0.0,0.0,-0.2119565217391305,409,232,406,191,False,False,False,False
MAF,20,14,6,403,5,0.988095238095238,1.0,0.9761904761904764,0.9285714285714286,0.988095238095238,0.084,0.0766811580507232,1.0,5,1.0,0.0,0.0,1.0,5,1.0,0.0,0.0,1.0,5,0.988095238095238,0.0,0.0,0.9849242424242424,5,0.9761904761904762,0.1639999999999999,0.1013903348450926,1.0,5,0.0119047619047618,-0.0119047619047618,0.0,0.0,-1.1102230246251563e-16,0.0119047619047618,0.0,0.0,0.0119047619047618,-0.0714285714285714,4.2,0.0,0.0,0.0119047619047618,0.0,-0.0714285714285714,0.1639999999999999,-1.1102230246251563e-16,-0.04761904761904778,410,233,256,270,False,False,False,False
MAK,13,6,7,648,5,0.9761904761904764,0.9761904761904764,0.9285714285714286,1.0,0.9761904761904762,0.0,0.0,0.9786666666666668,5,0.9761904761904762,0.0,0.0,0.9773333333333334,5,0.9523809523809524,0.4,0.2236067977499789,1.0,5,0.9523809523809524,0.536,0.2996331089849718,1.0,5,0.9523809523809524,0.544,0.3041052449399714,1.0,5,0.0,-1.1102230246251563e-16,-1.1102230246251563e-16,-0.0238095238095239,0.0238095238095237,-0.0238095238095238,-0.0238095238095238,0.4,-0.0238095238095238,0.0238095238095237,3.230769230769231,0.4,-0.0238095238095239,-0.0238095238095238,-0.0238095238095239,0.023809523809523614,0.544,0.0238095238095237,0.0714285714285714,141,406,58,47,False,False,False,True
MAN1B1,14,5,9,699,5,1.0,1.0,1.0,1.0,1.0,0.0,0.0,1.0,5,1.0,0.0,0.0,1.0,5,1.0,0.0,0.0,1.0,5,1.0,0.0,0.0,1.0,5,1.0,0.0,0.0,1.0,5,0.0,0.0,0.0,0.0,0.0,0.0,0.0,0.0,0.0,0.0,3.2142857142857144,0.0,0.0,0.0,0.0,0.0,0.0,0.0,0.0,411,234,407,192,False,False,False,False
MAN2B1,30,12,18,1011,5,0.9351851851851852,0.9814814814814814,0.9398148148148148,0.6805555555555556,0.976851851851852,0.582,0.0383405790253616,0.9826455026455024,5,0.9814814814814816,0.0,0.0,0.981111111111111,5,0.9814814814814816,0.0,0.0,0.9825396825396826,5,0.9351851851851852,0.0,0.0,0.9347619047619048,5,0.925925925925926,0.092,0.095236547606473,0.9449206349206348,5,0.0462962962962961,-0.0046296296296295,1.1102230246251563e-16,1.1102230246251563e-16,-0.0138888888888889,0.0046296296296296,0.0,0.0,0.0046296296296296,-0.3009259259259258,7.2,0.0,1.1102230246251563e-16,0.0046296296296296,1.1102230246251563e-16,-0.3009259259259258,0.092,-0.0138888888888889,-0.2592592592592592,412,149,295,353,False,False,False,False
MAP2K2,26,15,11,400,5,0.6121212121212121,0.6606060606060606,0.8909090909090909,0.6121212121212121,0.6303030303030303,0.78,0.1683745824048274,0.6682870370370371,5,0.896969696969697,0.978,0.0216794833886787,0.8870370370370371,5,0.6484848484848484,0.048,0.1073312629199899,0.669675925925926,5,0.593939393939394,0.258,0.2859545418418808,0.6458333333333333,5,0.8909090909090909,0.0,0.0,0.8905092592592594,5,0.0484848484848485,-0.0303030303030303,0.2363636363636363,-0.0121212121212122,0.0,0.0181818181818181,-0.2484848484848485,0.048,0.0181818181818181,-0.0484848484848485,6.346153846153846,0.048,-0.0121212121212122,0.0181818181818181,-0.0121212121212122,-0.048484848484848575,0.0,0.0,-0.2787878787878788,330,364,408,193,False,False,False,False
MAP3K7,21,13,8,606,5,0.8942307692307693,0.9423076923076924,0.9423076923076924,0.9134615384615384,0.9230769230769232,0.314,0.1143678276439663,0.9451082251082252,5,0.9423076923076924,0.024,0.0219089023002066,0.9604329004329004,5,0.9423076923076924,0.0,0.0,0.9448051948051948,5,0.8653846153846154,0.744,0.4159086438149609,0.9176190476190476,5,0.8942307692307693,0.3319999999999999,0.3128418130621289,0.9554545454545454,5,0.048076923076923,-0.0192307692307691,0.0,0.0,-0.048076923076923,0.0192307692307691,0.0,0.0,0.0192307692307691,-0.0288461538461538,4.9523809523809526,0.0,0.0,0.0192307692307691,0.0,-0.028846153846153966,0.3319999999999999,-0.048076923076923,-0.028846153846153966,413,235,161,427,False,False,False,False
MAPT,36,13,23,833,5,0.8729096989966555,0.8461538461538461,1.0,0.8862876254180603,0.8494983277591973,0.196,0.4382693235899588,0.8738277511961723,5,0.9966555183946488,0.796,0.255499510762741,1.0,5,0.8394648829431438,0.632,0.33848190498164,0.8956671982987773,5,0.8193979933110368,0.436,0.3041052449399714,0.916735778841042,5,1.0,0.0,0.0,1.0,5,-0.0267558528428093,0.0033444816053511,0.1505016722408027,-0.0066889632107023,0.0,-0.0100334448160535,-0.157190635451505,0.632,-0.0100334448160535,0.0401337792642141,8.305555555555555,0.632,-0.0066889632107023,-0.0100334448160535,-0.0066889632107023,0.04013377926421413,0.0,0.0,-0.11371237458193972,54,348,409,194,False,False,False,False
MBTPS2,11,5,6,519,5,1.0,1.0,1.0,0.4666666666666666,1.0,0.0,0.0,1.0,5,1.0,0.0,0.0,1.0,5,1.0,0.0,0.0,1.0,5,1.0,0.0,0.0,1.0,5,1.0,0.0,0.0,1.0,5,0.0,0.0,0.0,0.0,0.0,0.0,0.0,0.0,0.0,-0.5333333333333334,2.727272727272727,0.0,0.0,0.0,0.0,-0.5333333333333334,0.0,0.0,-0.5333333333333334,414,236,410,195,False,False,False,False
MCCC1,23,13,10,725,5,1.0,1.0,0.9461538461538462,0.9153846153846156,1.0,0.0,0.0,1.0,5,1.0,0.0,0.0,1.0,5,1.0,0.0,0.0,1.0,5,1.0,0.0,0.0,1.0,5,0.9384615384615383,0.026,0.0581377674149945,0.9486363636363636,5,0.0,0.0,0.0,0.0,-0.0076923076923077,0.0,0.0,0.0,0.0,-0.0846153846153845,5.652173913043479,0.0,0.0,0.0,0.0,-0.08461538461538443,0.026,-0.0076923076923077,-0.03076923076923066,415,237,330,328,False,False,False,False
MECP2,231,100,131,498,5,0.8547328244274809,0.9130534351145038,0.9241984732824426,0.615648854961832,0.917557251908397,0.704,0.0792464510246358,0.9219072802197802,5,0.9282442748091604,0.4899999999999999,0.0734846922834953,0.9289063644688644,5,0.9089312977099236,0.102,0.0715541752799932,0.9144619963369962,5,0.8553435114503817,0.024,0.0054772255750516,0.8558667582417583,5,0.9230534351145038,0.19,0.1236931687685298,0.9251865842490842,5,0.0583206106870228,0.0045038167938932,0.0151908396946565,-0.0041221374045801,-0.0011450381679388,-0.0086259541984733,-0.0193129770992366,0.102,-0.0086259541984733,-0.2974045801526718,56.70995670995671,0.102,-0.0041221374045801,-0.0086259541984733,-0.0041221374045801,-0.2974045801526718,0.19,-0.0011450381679388,-0.3085496183206107,291,334,239,284,False,False,False,False
MEF2C,41,20,21,473,5,0.4976190476190476,0.7857142857142858,0.8738095238095238,0.8904761904761904,0.7666666666666667,0.736,0.1644080290010192,0.7918658088235294,5,0.8404761904761905,0.482,0.1933132173442882,0.8789522058823529,5,0.888095238095238,0.966,0.0054772255750516,0.8915441176470587,5,0.8761904761904762,0.768,0.1480540441865739,0.8946691176470587,5,0.8904761904761904,0.98,0.01,0.8961856617647059,5,0.2880952380952382,-0.019047619047619,0.0547619047619046,0.1023809523809522,0.0166666666666666,0.1214285714285713,0.0476190476190475,0.966,0.1214285714285713,0.1047619047619046,10.24390243902439,0.966,0.1023809523809522,0.1214285714285713,0.1023809523809522,0.10476190476190461,0.98,0.0166666666666666,0.016666666666666607,4,21,1,61,True,True,True,False
MEN1,101,95,6,610,5,0.7298245614035088,0.9719298245614036,0.9649122807017544,0.5368421052631579,0.9578947368421052,0.732,0.1523811011904035,0.9739473684210528,5,0.963157894736842,0.296,0.4053146925538229,0.9740789473684212,5,0.9736842105263158,0.088,0.1912328423676226,0.9732894736842106,5,0.7298245614035088,0.0,0.0,0.7293421052631578,5,0.963157894736842,0.016,0.0219089023002066,0.9673684210526317,5,0.2421052631578947,-0.0140350877192982,-0.0087719298245614,0.0017543859649122,-0.0017543859649122,0.0157894736842105,0.0105263157894737,0.088,0.0157894736842105,-0.4350877192982456,5.643564356435643,0.088,0.0017543859649122,0.0157894736842105,0.0017543859649122,-0.43508771929824575,0.016,-0.0017543859649122,-0.4280701754385965,300,144,339,292,False,False,False,False
MERTK,25,12,13,999,5,0.9871794871794872,0.9423076923076924,1.0,0.9935897435897436,0.9871794871794872,0.0,0.0,0.988,5,0.967948717948718,0.484,0.3080259729308553,1.0,5,0.9230769230769232,0.6,0.3354101966249684,0.993979797979798,5,0.9807692307692308,0.408,0.3724513391035129,0.991959595959596,5,1.0,0.0,0.0,1.0,5,-0.0448717948717948,0.0448717948717948,0.0256410256410255,-0.0192307692307692,0.0,-0.0641025641025641,-0.0448717948717948,0.6,-0.0641025641025641,0.0512820512820512,6.24,0.6,-0.0192307692307692,-0.0641025641025641,-0.0192307692307692,0.05128205128205121,0.0,0.0,-0.0064102564102563875,60,391,411,196,False,False,False,False
MID1,19,6,13,667,5,0.9615384615384616,0.9615384615384616,0.9743589743589745,0.8076923076923078,0.9615384615384616,0.0,0.0,0.9610909090909092,5,0.8974358974358975,0.534,0.4997799515786922,0.9807272727272728,5,0.9102564102564102,0.176,0.3935479640399629,0.972,5,0.8717948717948718,0.1679999999999999,0.3756594202199646,0.9703636363636364,5,0.9102564102564102,0.082,0.1833575741549827,0.9807272727272728,5,0.0,1.1102230246251563e-16,-0.0641025641025639,-0.0512820512820512,-0.0641025641025641,-0.0512820512820513,0.0128205128205127,0.176,-0.0512820512820513,-0.1538461538461536,4.105263157894737,0.176,-0.0512820512820512,-0.0512820512820513,-0.0512820512820512,-0.15384615384615374,0.082,-0.0641025641025641,-0.16666666666666663,249,441,298,440,False,False,False,False
MITF,12,7,5,526,5,0.8571428571428571,1.0,1.0,1.0,0.8571428571428571,0.55,0.3206243908376279,1.0,5,1.0,0.0,0.0,1.0,5,1.0,0.0,0.0,1.0,5,0.8571428571428571,0.152,0.084970583144992,1.0,5,1.0,0.0,0.0,1.0,5,0.1428571428571429,-0.1428571428571429,0.0,0.0,0.0,0.1428571428571429,0.0,0.0,0.1428571428571429,0.0,2.9166666666666665,0.0,0.0,0.1428571428571429,0.0,0.0,0.0,0.0,0.0,416,238,412,197,False,False,False,False
MLC1,23,17,6,377,5,0.6176470588235294,0.6764705882352942,0.6666666666666666,0.7450980392156863,0.6666666666666666,0.8860000000000001,0.0602494813255682,0.6784065934065935,5,0.6764705882352942,0.146,0.3097256850827842,0.6946153846153846,5,0.6470588235294118,0.748,0.2414953415699772,0.7599450549450548,5,0.7156862745098039,0.892,0.1052140675005011,0.7614285714285713,5,0.7156862745098039,0.6900000000000001,0.1039230484541326,0.7545054945054945,5,0.0588235294117647,-0.0098039215686275,0.0,-0.0294117647058823,0.0490196078431373,-0.0196078431372548,-0.0294117647058823,0.748,-0.0196078431372548,0.0686274509803921,4.434782608695652,0.748,-0.0294117647058823,-0.0196078431372548,-0.0294117647058823,0.06862745098039214,0.6900000000000001,0.0490196078431373,0.07843137254901966,32,413,27,23,True,False,True,True
MLH1,189,155,34,756,5,0.9001897533206832,0.825237191650854,0.8709677419354839,0.9018975332068312,0.9096774193548388,0.284,0.0882043082847997,0.9166602662570404,5,0.8662239089184061,0.7280000000000001,0.1493987951758648,0.8768241167434715,5,0.8855787476280835,0.776,0.1213672113875901,0.9128242874210616,5,0.898292220113852,0.4720000000000001,0.264990565869806,0.9212194913807816,5,0.9163187855787476,0.734,0.0054772255750516,0.9173109745690392,5,-0.0749525616698292,0.0844402277039847,0.0409867172675521,0.0603415559772295,0.0453510436432637,-0.0240986717267551,0.0193548387096774,0.776,-0.0240986717267551,0.0766603415559771,27.883597883597883,0.776,0.0603415559772295,-0.0240986717267551,0.0603415559772295,0.07666034155597723,0.734,0.0453510436432637,0.030929791271347318,24,34,20,24,True,True,True,True
MMAB,18,12,6,250,5,0.9305555555555556,0.9166666666666666,0.8194444444444444,0.7361111111111112,0.9305555555555556,0.0,0.0,0.9284444444444444,5,0.9166666666666666,0.036,0.0328633534503099,0.9284444444444444,5,0.9166666666666666,0.15,0.1369306393762915,0.9284444444444444,5,0.9305555555555556,0.0,0.0,0.929,5,0.8333333333333334,0.3339999999999999,0.1028591269649903,0.9307777777777778,5,-0.0138888888888888,0.0138888888888889,0.0,0.0,0.0138888888888889,-0.0138888888888889,0.0,0.15,-0.0138888888888889,-0.1805555555555554,4.0,0.15,0.0,-0.0138888888888889,0.0,-0.18055555555555547,0.3339999999999999,0.0138888888888889,-0.08333333333333326,262,239,160,67,False,False,False,False
MMACHC,25,20,5,282,5,0.5499999999999999,0.5399999999999999,0.5800000000000001,0.7000000000000001,0.55,0.0,0.0,0.55,5,0.54,0.5399999999999999,0.2190890230020665,0.58125,5,0.71,0.918,0.0715541752799932,0.7125,5,0.66,0.772,0.2302607217916247,0.715625,5,0.54,0.6759999999999999,0.3955755300824357,0.709375,5,-0.01,0.0100000000000001,1.1102230246251563e-16,0.17,-0.04,0.1599999999999999,0.1699999999999999,0.918,0.1599999999999999,0.1600000000000001,4.0,0.918,0.17,0.1599999999999999,0.17,0.16000000000000014,0.6759999999999999,-0.04,0.12,10,6,30,414,True,True,True,False
MME,12,6,6,750,5,1.0,1.0,1.0,0.8333333333333334,1.0,0.0,0.0,1.0,5,1.0,0.0,0.0,1.0,5,1.0,0.0,0.0,1.0,5,1.0,0.0,0.0,1.0,5,1.0,0.0,0.0,1.0,5,0.0,0.0,0.0,0.0,0.0,0.0,0.0,0.0,0.0,-0.1666666666666666,3.0,0.0,0.0,0.0,0.0,-0.16666666666666663,0.0,0.0,-0.16666666666666663,417,240,413,198,False,False,False,False
MMUT,116,110,6,750,5,0.6681818181818182,0.8151515151515152,0.9348484848484848,0.8818181818181818,0.8075757575757576,0.908,0.1175584960774847,0.8179545454545455,5,0.9363636363636364,0.952,0.0521536192416211,0.9340909090909092,5,0.8833333333333333,0.652,0.1544991909363929,0.9035227272727272,5,0.8621212121212121,0.904,0.169941166289984,0.8907954545454546,5,0.9393939393939394,0.1119999999999999,0.1564288975860918,0.9360227272727272,5,0.1469696969696969,-0.0075757575757575,0.1212121212121212,0.0681818181818181,0.0045454545454545,0.0757575757575756,-0.053030303030303,0.652,0.0757575757575756,0.0666666666666666,5.689655172413793,0.652,0.0681818181818181,0.0757575757575756,0.0681818181818181,0.06666666666666665,0.1119999999999999,0.0045454545454545,-0.05303030303030298,49,31,285,92,False,True,False,False
MSH2,341,109,232,934,5,0.90944321417273,0.8604476431509016,0.8470816197405885,0.8890382790256248,0.9106295476115154,0.408,0.1003493896344168,0.91724895134795,5,0.8716387219234419,0.346,0.0541294744108974,0.8731321543001187,5,0.9077428029104714,0.5900000000000001,0.0648074069840786,0.91369562352321,5,0.909285036380892,0.308,0.1231665539016172,0.912838918906772,5,0.899122113255299,0.708,0.0521536192416211,0.901391486035535,5,-0.0489955710218283,0.0501819044606137,0.0111910787725403,0.0472951597595697,0.0520404935147105,-0.0028867447010439,0.0361040809870294,0.5900000000000001,-0.0028867447010439,0.0285906358747232,74.158357771261,0.5900000000000001,0.0472951597595697,-0.0028867447010439,0.0472951597595697,0.028590635874723214,0.708,0.0520404935147105,0.041956659285036335,68,41,23,21,False,True,True,True
MTHFR,26,20,6,656,5,0.7000000000000001,0.8166666666666667,0.8916666666666667,0.8833333333333334,0.775,0.288,0.2198181066245454,0.9237499999999998,5,0.8583333333333333,0.592,0.2574296020274281,0.9081249999999998,5,0.8916666666666667,0.5520000000000002,0.0657267069006199,0.9237499999999998,5,0.9,0.5740000000000001,0.100399203184089,0.923125,5,0.875,0.226,0.2069541011915444,0.93125,5,0.1166666666666665,-0.0416666666666666,0.0416666666666666,0.075,-0.0166666666666667,0.1166666666666667,0.0333333333333334,0.5520000000000002,0.1166666666666667,0.0666666666666667,4.615384615384615,0.5520000000000002,0.075,0.1166666666666667,0.075,0.06666666666666676,0.226,-0.0166666666666667,-0.008333333333333304,82,29,225,362,False,True,False,False
MTM1,72,49,23,603,5,0.9618456078083408,0.974267968056788,0.940550133096717,0.963620230700976,0.9760425909494232,0.74,0.0830662386291807,0.9778981106612684,5,0.9733806566104702,0.052,0.0626099033699941,0.97557167491378,5,0.9707187222715172,0.35,0.2450510150968569,0.9852035537561854,5,0.9698314108251996,0.528,0.0749666592559652,0.977319313240366,5,0.9724933451641526,0.534,0.0512835256198323,0.9817056530214426,5,0.0124223602484472,0.0017746228926353,-0.0008873114463177,-0.0035492457852706,0.0319432120674356,-0.0053238686779059,-0.0026619343389528,0.35,-0.0053238686779059,-0.0106477373558119,15.65277777777778,0.35,-0.0035492457852706,-0.0053238686779059,-0.0035492457852706,-0.010647737355811926,0.534,0.0319432120674356,0.023070097604259043,162,327,60,34,False,False,False,True
MUSK,16,5,11,869,5,0.7272727272727273,0.8,0.9090909090909092,0.7454545454545455,0.7818181818181819,0.6100000000000001,0.1882817038376273,0.8159722222222221,5,0.8181818181818182,0.674,0.3408518739863402,0.93125,5,0.8181818181818182,0.204,0.1219836054558152,0.8409722222222221,5,0.7090909090909091,0.48,0.3806573262134856,0.75625,5,0.8909090909090909,0.174,0.1331540461270328,0.9486111111111112,5,0.0727272727272727,-0.0181818181818181,0.0181818181818181,0.0181818181818181,-0.0181818181818181,0.0363636363636363,0.0,0.204,0.0363636363636363,-0.0545454545454545,3.4375,0.204,0.0181818181818181,0.0363636363636363,0.0181818181818181,-0.054545454545454564,0.174,-0.0181818181818181,-0.1636363636363637,235,90,248,367,False,False,False,False
MUTYH,18,13,5,521,5,0.9230769230769232,0.9538461538461538,1.0,0.9846153846153848,0.9230769230769232,0.53,0.4887739763939975,0.9568181818181818,5,0.9692307692307692,0.282,0.1018331969448077,1.0,5,0.953846153846154,0.5599999999999999,0.3357082066318904,0.9804545454545456,5,0.9076923076923076,0.554,0.3375351833513064,0.985909090909091,5,1.0,0.0,0.0,1.0,5,0.0307692307692306,-0.0307692307692306,0.0153846153846154,1.1102230246251563e-16,0.0,0.0307692307692307,-0.0153846153846153,0.5599999999999999,0.0307692307692307,0.0307692307692308,3.611111111111111,0.5599999999999999,1.1102230246251563e-16,0.0307692307692307,1.1102230246251563e-16,0.030769230769230993,0.0,0.0,-0.015384615384615219,80,150,414,199,False,False,False,False
MYCN,13,6,7,464,5,0.8333333333333333,1.0,0.9761904761904764,0.7619047619047619,0.8809523809523809,0.724,0.412165015497434,1.0,5,1.0,0.0,0.0,1.0,5,1.0,0.0,0.0,1.0,5,0.8571428571428571,0.112,0.0383405790253616,0.8676666666666668,5,0.9761904761904762,0.0,0.0,0.977,5,0.1666666666666667,-0.119047619047619,0.0,0.0,-1.1102230246251563e-16,0.119047619047619,0.0,0.0,0.119047619047619,-0.2380952380952381,3.230769230769231,0.0,0.0,0.119047619047619,0.0,-0.23809523809523814,0.0,-1.1102230246251563e-16,-0.21428571428571452,418,241,415,271,False,False,False,False
MYOC,47,27,20,504,5,0.8185185185185186,0.9648148148148148,0.9314814814814816,0.6259259259259259,0.9611111111111112,0.966,0.0336154726279431,0.9643939393939396,5,0.9648148148148148,0.024,0.0536656314599949,0.964745670995671,5,0.9648148148148148,0.0,0.0,0.9670454545454544,5,0.812962962962963,0.014,0.031304951684997,0.81853354978355,5,0.9314814814814816,0.0,0.0,0.9322781385281383,5,0.1462962962962961,-0.0037037037037036,0.0,0.0,0.0,0.0037037037037036,0.0,0.0,0.0037037037037036,-0.3388888888888889,11.48936170212766,0.0,0.0,0.0037037037037036,0.0,-0.3388888888888889,0.0,0.0,-0.3055555555555557,419,242,416,200,False,False,False,False
NAGLU,80,68,12,743,5,0.931372549019608,0.931372549019608,0.91421568627451,0.6605392156862746,0.928921568627451,0.6699999999999999,0.2256102834535695,0.9428956228956228,5,0.9375,0.27,0.0670820393249937,0.9413131313131314,5,0.9264705882352942,0.064,0.0357770876399966,0.9344444444444444,5,0.9276960784313726,0.036,0.0804984471899924,0.9306734006734004,5,0.9117647058823528,0.152,0.0626099033699941,0.9175757575757576,5,0.0,-0.0024509803921568,0.0061274509803921,-0.0049019607843137,-0.0024509803921569,-0.0024509803921568,-0.0110294117647058,0.064,-0.0024509803921568,-0.2708333333333332,10.2,0.064,-0.0049019607843137,-0.0024509803921568,-0.0049019607843137,-0.27083333333333337,0.152,-0.0024509803921569,-0.2536764705882354,315,339,263,297,False,False,False,False
NARS1,13,7,6,548,5,0.8095238095238095,0.8333333333333333,0.7857142857142857,0.7857142857142857,0.8095238095238095,0.05,0.0412310562561766,0.8583333333333334,5,0.8095238095238095,0.1619999999999999,0.1114450537260402,0.8913333333333334,5,0.7619047619047619,0.21,0.4196427051671457,0.8896666666666666,5,0.8333333333333334,0.04,0.0223606797749978,0.853,5,0.7142857142857143,0.316,0.3450072463007118,0.8463333333333333,5,0.0238095238095237,-0.0238095238095237,-0.0238095238095237,-0.0714285714285714,-0.0714285714285714,-0.0476190476190476,-0.0476190476190476,0.21,-0.0476190476190476,-0.0476190476190475,3.230769230769231,0.21,-0.0714285714285714,-0.0476190476190476,-0.0714285714285714,-0.04761904761904756,0.316,-0.0714285714285714,0.0,233,452,165,443,False,False,False,False
NEU1,24,17,7,415,5,0.773109243697479,0.8151260504201681,0.8403361344537814,0.4789915966386554,0.8067226890756303,0.5619999999999999,0.1914941252362589,0.8302197802197802,5,0.8571428571428571,0.294,0.2599615356163292,0.8717948717948717,5,0.8067226890756303,0.06,0.0561248608016091,0.8305128205128204,5,0.773109243697479,0.0,0.0,0.7742857142857142,5,0.8571428571428571,0.184,0.1028591269649903,0.8757875457875459,5,0.042016806722689,-0.0084033613445377,0.042016806722689,-0.0084033613445377,0.0168067226890756,0.0,-0.0504201680672268,0.06,0.0,-0.3361344537815126,4.958333333333333,0.06,-0.0084033613445377,0.0,-0.0084033613445377,-0.33613445378151263,0.184,0.0168067226890756,-0.361344537815126,318,353,242,60,False,False,False,False
NGLY1,12,6,6,654,5,0.888888888888889,0.8611111111111112,0.8611111111111112,0.7500000000000001,0.8888888888888888,0.0,0.0,0.898,5,0.8611111111111112,0.0,0.0,0.858,5,0.8611111111111112,0.0,0.0,0.858,5,0.8888888888888888,0.0,0.0,0.884,5,0.8611111111111112,0.0,0.0,0.8559999999999999,5,-0.0277777777777777,0.0277777777777776,0.0,0.0,0.0,-0.0277777777777776,0.0,0.0,-0.0277777777777776,-0.111111111111111,3.0,0.0,0.0,-0.0277777777777776,0.0,-0.11111111111111105,0.0,0.0,-0.11111111111111105,420,243,417,201,False,False,False,False
NOD2,39,9,30,1013,5,0.7777777777777778,0.9111111111111112,0.8555555555555555,0.7333333333333334,0.9,0.76,0.0951314879522022,0.911904761904762,5,0.9037037037037036,0.156,0.1169615321377075,0.9263392857142858,5,0.8962962962962963,0.15,0.1640121946685672,0.9245535714285716,5,0.7592592592592593,0.422,0.1840380395461764,0.8287202380952381,5,0.8555555555555555,0.29,0.1837117307087383,0.8918154761904761,5,0.1333333333333334,-0.0111111111111111,-0.0074074074074075,-0.0148148148148149,0.0,-0.0037037037037037,-0.0074074074074074,0.15,-0.0037037037037037,-0.1777777777777778,6.923076923076923,0.15,-0.0148148148148149,-0.0037037037037037,-0.0148148148148149,-0.1777777777777778,0.29,0.0,-0.12222222222222212,263,377,181,202,False,False,False,False
NR0B1,29,8,21,470,5,0.988095238095238,0.9821428571428572,0.9821428571428572,0.5178571428571429,0.988095238095238,0.1,0.0824621125123532,1.0,5,0.9821428571428572,0.198,0.1807484439767048,0.9889705882352942,5,0.9821428571428572,0.0,0.0,0.9828081232492998,5,0.988095238095238,0.0,0.0,0.9870098039215686,5,0.9821428571428572,0.0,0.0,0.9813025210084032,5,-0.0059523809523809,0.0059523809523809,-1.1102230246251563e-16,-1.1102230246251563e-16,-1.1102230246251563e-16,-0.005952380952381,0.0,0.0,-0.005952380952381,-0.4642857142857143,5.793103448275862,0.0,-1.1102230246251563e-16,-0.005952380952381,-1.1102230246251563e-16,-0.4642857142857143,0.0,-1.1102230246251563e-16,-0.4642857142857143,421,304,418,272,False,False,False,False
NR2F1,47,42,5,423,5,0.961904761904762,0.9714285714285714,0.9857142857142858,0.9333333333333336,0.9714285714285714,0.114,0.0859069263796581,0.9792335115864528,5,0.9714285714285714,0.138,0.0715541752799932,1.0,5,0.9714285714285714,0.148,0.1127829774389734,0.9821301247771836,5,0.9761904761904762,0.176,0.0554977477020464,0.9866755793226382,5,0.9809523809523808,0.28,0.1565247584249852,1.0,5,0.0095238095238094,0.0,0.0,0.0,-0.0047619047619048,0.0,0.0,0.148,0.0,-0.0380952380952379,4.468085106382978,0.148,0.0,0.0,0.0,-0.03809523809523785,0.28,-0.0047619047619048,-0.052380952380952195,265,244,186,317,False,False,False,False
NTRK1,45,25,20,796,5,0.976,0.942,0.976,0.908,0.966,0.09,0.201246117974981,0.97875,5,0.98,0.7620000000000001,0.0383405790253616,0.9825000000000002,5,0.934,0.24,0.2012461179749811,0.9512500000000002,5,0.976,0.0,0.0,0.97625,5,0.976,0.012,0.0109544511501033,0.978125,5,-0.034,0.024,0.038,-0.0079999999999998,0.0,-0.0319999999999999,-0.0459999999999999,0.24,-0.0319999999999999,-0.034,11.11111111111111,0.24,-0.0079999999999998,-0.0319999999999999,-0.0079999999999998,-0.03399999999999992,0.012,0.0,-0.06799999999999995,215,351,343,203,False,False,False,False
NUP107,10,5,5,925,5,0.56,0.8400000000000001,0.8400000000000001,0.76,0.76,0.644,0.3505424368033063,0.85,5,0.84,0.036,0.0694982014155762,0.9,5,0.84,0.0419999999999999,0.0939148550549911,0.8625,5,0.76,0.8,0.0547722557505166,0.8,5,0.76,0.354,0.3602499132546738,0.9,5,0.28,-0.08,-1.1102230246251563e-16,-1.1102230246251563e-16,-0.08,0.0799999999999999,0.0,0.0419999999999999,0.0799999999999999,-0.08,2.5,0.0419999999999999,-1.1102230246251563e-16,0.0799999999999999,-1.1102230246251563e-16,-0.08000000000000007,0.354,-0.08,-0.08000000000000007,334,305,153,452,False,False,False,False
OCA2,64,40,24,838,5,0.9520833333333332,0.9822916666666668,0.9572916666666668,0.81875,0.984375,0.8520000000000001,0.1520526224699857,0.9830263157894736,5,0.9833333333333332,0.1299999999999999,0.1097724920005007,0.9833223684210524,5,0.9833333333333332,0.2319999999999999,0.1300769003320727,0.9880263157894736,5,0.9708333333333332,0.4880000000000001,0.0704982269280582,0.9731907894736842,5,0.95625,0.51,0.1358307770720612,0.9724342105263158,5,0.0302083333333333,0.0020833333333333,0.0010416666666666,0.0010416666666666,-0.0010416666666666,-0.0010416666666667,0.0,0.2319999999999999,-0.0010416666666667,-0.1635416666666667,15.0,0.2319999999999999,0.0010416666666666,-0.0010416666666667,0.0010416666666666,-0.1635416666666668,0.51,-0.0010416666666666,-0.13854166666666679,222,145,72,282,False,False,False,False
OCRL,54,20,34,901,5,0.9823529411764708,0.986764705882353,0.998529411764706,0.9764705882352942,0.9808823529411764,0.288,0.1752712184016531,0.9912533068783068,5,0.9838235294117648,0.676,0.3995997997997497,0.9986111111111112,5,0.9926470588235294,0.378,0.2166102490649969,0.9986276455026454,5,0.9794117647058824,0.358,0.2104043725781382,0.9958829365079364,5,0.9970588235294118,0.3,0.2738612787525831,1.0,5,0.0044117647058823,-0.0058823529411765,-0.0029411764705883,0.0058823529411764,-0.0014705882352941,0.011764705882353,0.0088235294117647,0.378,0.011764705882353,-0.0102941176470587,12.592592592592592,0.378,0.0058823529411764,0.011764705882353,0.0058823529411764,-0.010294117647058787,0.3,-0.0014705882352941,-0.022058823529411797,152,129,172,288,False,False,False,False
OFD1,27,8,19,1012,5,0.9605263157894736,0.9078947368421052,0.9473684210526316,0.7631578947368421,0.9605263157894736,0.15,0.1369306393762915,0.97125,5,0.9276315789473684,0.6520000000000001,0.364581952378337,0.9487698412698412,5,0.8552631578947368,0.24,0.3286335345030996,0.9093253968253968,5,0.9605263157894736,0.104,0.2158240023723033,0.9699404761904764,5,0.9342105263157896,0.256,0.1515915564930975,0.9568253968253968,5,-0.0526315789473684,0.0526315789473684,0.0197368421052632,-0.0526315789473683,-0.0131578947368421,-0.1052631578947368,-0.0723684210526316,0.24,-0.1052631578947368,-0.144736842105263,5.62962962962963,0.24,-0.0526315789473683,-0.1052631578947368,-0.0526315789473683,-0.14473684210526305,0.256,-0.0131578947368421,-0.1842105263157895,216,444,208,350,False,False,False,False
OPA1,91,42,49,1015,5,0.8435374149659864,0.9275996112730804,0.9183673469387754,0.9101068999028183,0.9251700680272108,0.928,0.1047377677822092,0.9280225330225328,5,0.9300291545189504,0.482,0.2118253997989854,0.9462905068787422,5,0.9431486880466472,0.564,0.0756967634711022,0.9484320581379404,5,0.901846452866861,0.526,0.1432829368766567,0.9232343799990858,5,0.9465500485908648,0.462,0.0571839138219832,0.9478264545911604,5,0.0840621963070941,-0.0024295432458696,0.0024295432458698,0.0155490767735666,0.0281827016520894,0.0179786200194362,0.0131195335276967,0.564,0.0179786200194362,-0.0174927113702622,22.615384615384617,0.564,0.0155490767735666,0.0179786200194362,0.0155490767735666,-0.017492711370262093,0.462,0.0281827016520894,-0.008260447035957075,78,100,90,39,False,False,False,True
OPHN1,17,8,9,802,5,0.8611111111111112,0.861111111111111,0.888888888888889,0.875,0.8333333333333334,0.176,0.3404115156689033,0.8733843537414966,5,0.8611111111111112,0.246,0.2683840531775314,0.8897108843537416,5,0.8472222222222222,0.6,0.151657508881031,0.90671768707483,5,0.9027777777777778,0.452,0.2528240494889677,0.9087585034013606,5,0.7916666666666666,0.1679999999999999,0.3756594202199646,0.9003401360544219,5,-1.1102230246251563e-16,-0.0277777777777776,1.1102230246251563e-16,-0.0138888888888888,-0.0972222222222223,0.0138888888888888,-0.0138888888888889,0.6,0.0138888888888888,0.0138888888888889,4.235294117647059,0.6,-0.0138888888888888,0.0138888888888888,-0.0138888888888888,0.01388888888888895,0.1679999999999999,-0.0972222222222223,-0.01388888888888895,61,371,251,458,False,False,False,False
OTC,124,110,14,354,5,0.8642857142857143,0.8720779220779221,0.8785714285714286,0.8266233766233766,0.8772727272727273,0.4600000000000001,0.0919238815542511,0.8824035812672177,5,0.8655844155844156,0.478,0.2723416971379888,0.8912706611570249,5,0.8720779220779221,0.302,0.0641872261435248,0.8821625344352617,5,0.8707792207792208,0.406,0.1375863365309216,0.8826618457300276,5,0.8766233766233766,0.204,0.12280065146407,0.884486914600551,5,0.0077922077922077,0.0051948051948051,-0.0064935064935065,0.0,-0.0019480519480519,-0.0051948051948051,0.0064935064935065,0.302,-0.0051948051948051,-0.0454545454545455,12.419354838709678,0.302,0.0,-0.0051948051948051,0.0,-0.045454545454545525,0.204,-0.0019480519480519,-0.051948051948051965,179,245,232,294,False,False,False,False
PADI6,12,7,5,694,5,0.5142857142857143,0.6857142857142857,0.9142857142857144,0.5142857142857142,0.6285714285714286,0.7020000000000002,0.1922758435165478,0.675,5,0.8571428571428571,0.5720000000000001,0.0130384048104052,0.91,5,0.8285714285714286,0.526,0.0760263112349928,0.8933333333333333,5,0.4,0.216,0.3995997997997496,0.5783333333333334,5,0.8571428571428571,0.136,0.1608726204175216,0.9666666666666666,5,0.1714285714285713,-0.0571428571428571,0.1714285714285713,0.1428571428571429,-0.0571428571428571,0.2,-0.0285714285714284,0.526,0.2,-0.1714285714285714,2.9166666666666665,0.526,0.1428571428571429,0.2,0.1428571428571429,-0.17142857142857149,0.136,-0.0571428571428571,-0.40000000000000013,89,11,271,436,False,True,False,False
PAFAH1B1,47,35,12,410,5,0.9428571428571428,0.911904761904762,0.9023809523809524,0.9428571428571428,0.9428571428571428,0.0,0.0,0.9426190476190476,5,0.9047619047619048,0.356,0.2413089306262824,0.922063492063492,5,0.938095238095238,0.8959999999999999,0.0876356092008265,0.9461904761904762,5,0.9285714285714286,0.6120000000000001,0.363483149540663,0.9518253968253968,5,0.9166666666666666,0.844,0.2126734586167253,0.9478571428571428,5,-0.0309523809523809,0.0309523809523809,-0.0071428571428571,0.0261904761904762,0.0142857142857142,-0.0047619047619047,0.0333333333333333,0.8959999999999999,-0.0047619047619047,0.0309523809523809,8.936170212765957,0.8959999999999999,0.0261904761904762,-0.0047619047619047,0.0261904761904762,0.030952380952380842,0.844,0.0142857142857142,0.04047619047619044,12,72,8,66,True,False,True,False
PANK2,40,35,5,460,5,0.8457142857142856,0.8057142857142857,0.9771428571428572,0.8,0.8514285714285714,0.202,0.0383405790253616,0.8571428571428571,5,0.9657142857142856,0.608,0.1609968943799848,0.9785714285714284,5,0.7828571428571428,0.32,0.2730384588295209,0.8482142857142858,5,0.8114285714285714,0.258,0.2850789364369104,0.8625,5,0.9771428571428572,0.0,0.0,0.9785714285714284,5,-0.0399999999999999,0.0457142857142857,0.16,-0.0228571428571429,0.0,-0.0685714285714286,-0.1828571428571429,0.32,-0.0685714285714286,-0.0057142857142856,4.375,0.32,-0.0228571428571429,-0.0685714285714286,-0.0228571428571429,-0.005714285714285672,0.0,0.0,-0.17714285714285716,172,404,419,204,False,False,False,False
PAX3,41,36,5,484,5,0.8444444444444444,0.9111111111111112,0.8944444444444445,0.9222222222222224,0.8833333333333333,0.244,0.0817312669668101,0.9165024630541873,5,0.9,0.2339999999999999,0.1644080290010193,0.9373768472906404,5,0.9166666666666666,0.392,0.0965401470891773,0.946243842364532,5,0.9222222222222224,0.568,0.1386362146049869,0.9391625615763548,5,0.9166666666666666,0.27,0.0616441400296897,0.9497536945812808,5,0.0666666666666667,-0.0277777777777779,-0.0111111111111111,0.0055555555555554,0.0222222222222221,0.0333333333333333,0.0166666666666666,0.392,0.0333333333333333,0.011111111111111,4.390243902439025,0.392,0.0055555555555554,0.0333333333333333,0.0055555555555554,0.011111111111111183,0.27,0.0222222222222221,0.0277777777777779,146,130,195,50,False,False,False,False
PAX8,10,5,5,450,5,1.0,1.0,1.0,1.0,1.0,0.0,0.0,1.0,5,1.0,0.0,0.0,1.0,5,1.0,0.0,0.0,1.0,5,1.0,0.0,0.0,1.0,5,1.0,0.0,0.0,1.0,5,0.0,0.0,0.0,0.0,0.0,0.0,0.0,0.0,0.0,0.0,2.5,0.0,0.0,0.0,0.0,0.0,0.0,0.0,0.0,422,246,420,205,False,False,False,False
PCCA,27,20,7,728,5,0.7857142857142857,0.907142857142857,0.8142857142857143,0.7928571428571428,0.9,0.988,0.0044721359549995,0.9075,5,0.9071428571428573,0.0,0.0,0.90625,5,0.9071428571428573,0.0,0.0,0.9079166666666666,5,0.8142857142857143,0.306,0.1492648652563623,0.8316666666666667,5,0.8071428571428572,0.306,0.2793385043276347,0.8324999999999999,5,0.1214285714285713,-0.007142857142857,1.1102230246251563e-16,1.1102230246251563e-16,-0.0071428571428571,0.0071428571428571,0.0,0.0,0.0071428571428571,-0.1142857142857142,5.185185185185185,0.0,1.1102230246251563e-16,0.0071428571428571,1.1102230246251563e-16,-0.11428571428571421,0.306,-0.0071428571428571,-0.021428571428571463,423,151,168,324,False,False,False,False
PCCB,47,42,5,539,5,0.8666666666666667,0.8809523809523809,0.8238095238095238,0.8285714285714285,0.8809523809523809,0.658,0.1569076161312764,0.8931372549019608,5,0.7952380952380952,0.278,0.4182343840479881,0.8903297682709447,5,0.8714285714285714,0.152,0.0819756061276768,0.8895276292335115,5,0.8571428571428571,0.24,0.1118033988749894,0.8853386809269163,5,0.7285714285714285,0.718,0.4064726313049871,0.8483511586452763,5,0.0142857142857142,0.0,-0.0857142857142857,-0.0095238095238094,-0.0952380952380952,-0.0095238095238094,0.0761904761904762,0.152,-0.0095238095238094,-0.0523809523809524,4.468085106382978,0.152,-0.0095238095238094,-0.0095238095238094,-0.0095238095238094,-0.05238095238095242,0.718,-0.0952380952380952,0.004761904761904745,260,358,22,456,False,False,True,False
PCSK9,19,6,13,692,5,0.7435897435897435,0.7948717948717949,0.717948717948718,0.5384615384615384,0.7692307692307693,0.3299999999999999,0.3581200915893996,0.8314545454545454,5,0.7692307692307693,0.45,0.2940238085597831,0.822909090909091,5,0.7564102564102564,0.19,0.2257210668059142,0.8325454545454545,5,0.7435897435897436,0.0,0.0,0.7476363636363638,5,0.6923076923076923,0.164,0.1589968553148143,0.7498181818181817,5,0.0512820512820514,-0.0256410256410256,-0.0256410256410256,-0.0384615384615385,-0.0256410256410256,-0.0128205128205128,-0.0128205128205128,0.19,-0.0128205128205128,-0.2564102564102565,4.105263157894737,0.19,-0.0384615384615385,-0.0128205128205128,-0.0384615384615385,-0.2564102564102565,0.164,-0.0256410256410256,-0.17948717948717952,241,428,254,393,False,False,False,False
PCYT1A,20,6,14,367,5,0.5357142857142858,0.7261904761904762,1.0,0.9642857142857144,0.5714285714285714,0.768,0.2846401236649534,0.7479545454545454,5,1.0,0.408,0.0438178046004132,1.0,5,0.9166666666666666,0.756,0.254911749434976,0.965681818181818,5,0.9404761904761904,0.8200000000000001,0.1565247584249852,0.9662121212121212,5,1.0,0.0,0.0,1.0,5,0.1904761904761903,-0.1547619047619047,0.2738095238095238,0.1904761904761904,0.0,0.3452380952380952,-0.0833333333333333,0.756,0.3452380952380952,0.2380952380952381,4.2,0.756,0.1904761904761904,0.3452380952380952,0.1904761904761904,0.23809523809523825,0.0,0.0,-0.03571428571428559,28,5,421,206,True,True,False,False
PDE4D,22,13,9,809,5,0.5470085470085471,0.5982905982905984,0.9829059829059827,0.7948717948717949,0.6239316239316239,0.536,0.0497995983919549,0.6392532467532467,5,0.9658119658119658,0.8720000000000001,0.2421156748333325,0.9788961038961036,5,0.7521367521367521,0.8460000000000001,0.1188696765369536,0.8014935064935067,5,0.7692307692307693,0.946,0.0804984471899924,0.8019805194805196,5,0.9829059829059827,0.0,0.0,0.981233766233766,5,0.0512820512820513,0.0256410256410255,0.3675213675213674,0.1538461538461537,0.0,0.1282051282051282,-0.2136752136752137,0.8460000000000001,0.1282051282051282,0.1965811965811965,5.318181818181818,0.8460000000000001,0.1538461538461537,0.1282051282051282,0.1538461538461537,0.19658119658119655,0.0,0.0,-0.1880341880341878,16,9,422,207,True,True,False,False
PDE6B,26,17,9,854,5,0.673202614379085,0.803921568627451,0.9215686274509804,0.7450980392156863,0.7908496732026143,0.754,0.1225969004502153,0.8058477237048665,5,0.8823529411764706,0.55,0.3062678566222711,0.92276295133438,5,0.8169934640522876,0.27,0.2249444375840398,0.8290423861852434,5,0.738562091503268,0.906,0.0328633534503099,0.7464285714285716,5,0.9084967320261438,0.1159999999999999,0.2593838853899756,0.9234301412872842,5,0.130718954248366,-0.0130718954248366,0.0784313725490195,0.0130718954248365,-0.0130718954248366,0.0261437908496732,-0.065359477124183,0.27,0.0261437908496732,-0.0588235294117647,5.884615384615385,0.27,0.0130718954248365,0.0261437908496732,0.0130718954248365,-0.05882352941176472,0.1159999999999999,-0.0130718954248366,-0.17647058823529416,190,110,282,348,False,False,False,False
PDE6C,16,11,5,858,5,0.6545454545454545,0.7454545454545455,0.8545454545454546,0.8727272727272728,0.7272727272727273,0.388,0.0584807660688537,0.7479166666666666,5,0.8363636363636363,0.7860000000000001,0.2245662485771181,0.8534722222222222,5,0.8727272727272727,0.528,0.0438178046004133,0.8930555555555555,5,0.8545454545454545,0.6460000000000001,0.0563914887194867,0.892361111111111,5,0.8727272727272727,0.368,0.2349893614613223,0.9479166666666669,5,0.0909090909090909,-0.0181818181818181,0.0909090909090908,0.1272727272727272,0.018181818181818,0.1454545454545454,0.0363636363636363,0.528,0.1454545454545454,0.1272727272727273,3.4375,0.528,0.1272727272727272,0.1454545454545454,0.1272727272727272,0.12727272727272732,0.368,0.018181818181818,0.018181818181818188,88,14,143,55,False,True,False,False
PDHA1,63,53,10,390,5,0.9547169811320756,0.9735849056603774,0.9679245283018868,0.9830188679245284,0.9660377358490566,0.556,0.1663730747446833,0.9858803986710964,5,0.9679245283018868,0.132,0.1807484439767048,0.9753183831672204,5,0.9773584905660376,0.5780000000000001,0.2672452057568105,0.9964285714285716,5,0.9679245283018868,0.632,0.2646129248543993,0.9858250276854928,5,0.9735849056603774,0.376,0.2101903898849802,0.995265780730897,5,0.0188679245283018,-0.0075471698113207,-0.0056603773584905,0.0037735849056603,0.0056603773584905,0.0113207547169811,0.0094339622641509,0.5780000000000001,0.0113207547169811,0.0094339622641509,8.412698412698413,0.5780000000000001,0.0037735849056603,0.0113207547169811,0.0037735849056603,0.009433962264151052,0.376,0.0056603773584905,0.015094339622641617,72,136,137,90,False,False,False,False
PEX6,24,17,7,980,5,0.7983193277310924,0.8739495798319328,0.8739495798319328,0.8067226890756303,0.865546218487395,0.868,0.1255786606076048,0.8756410256410255,5,0.865546218487395,0.282,0.257429602027428,0.9052014652014652,5,0.8739495798319328,0.08,0.1254990039801113,0.87996336996337,5,0.7647058823529411,0.362,0.2544012578585255,0.8336263736263737,5,0.8739495798319328,0.072,0.0471168759575589,0.8894871794871795,5,0.0756302521008404,-0.0084033613445377,-0.0084033613445377,0.0,0.0,0.0084033613445377,0.0084033613445377,0.08,0.0084033613445377,-0.0672268907563025,4.958333333333333,0.08,0.0,0.0084033613445377,0.0,-0.0672268907563025,0.072,0.0,-0.0672268907563025,304,247,303,208,False,False,False,False
PHEX,139,117,22,749,5,0.968142968142968,0.9654234654234656,0.9452214452214452,0.9463869463869464,0.973970473970474,0.438,0.0626099033699941,0.9758801698060448,5,0.9681429681429682,0.3059999999999999,0.1076104084185168,0.979492211740183,5,0.9677544677544676,0.378,0.1091787525116494,0.9749853086968028,5,0.97008547008547,0.272,0.0319374388453426,0.9706837100736732,5,0.9689199689199688,0.58,0.1481553239002905,0.973673708025115,5,-0.0027195027195026,0.0085470085470085,0.0027195027195027,0.0023310023310022,0.0236985236985236,-0.0062160062160062,-0.0003885003885004,0.378,-0.0062160062160062,-0.019036519036519,18.51798561151079,0.378,0.0023310023310022,-0.0062160062160062,0.0023310023310022,-0.01903651903651915,0.58,0.0236985236985236,0.0011655011655011815,153,138,49,48,False,False,False,False
PIGA,27,13,14,484,5,0.912087912087912,0.9505494505494504,0.956043956043956,0.934065934065934,0.956043956043956,0.374,0.1028591269649903,1.0,5,0.945054945054945,0.172,0.1402497771834237,0.97400826446281,5,0.956043956043956,0.312,0.1947305831142093,0.9728374655647384,5,0.934065934065934,0.542,0.1488959368149447,0.9859366391184572,5,0.956043956043956,0.094,0.2101903898849802,0.9550413223140496,5,0.0384615384615384,0.0054945054945055,-0.0054945054945054,0.0054945054945055,0.0,0.0,0.010989010989011,0.312,0.0,-0.0164835164835164,6.7407407407407405,0.312,0.0054945054945055,0.0,0.0054945054945055,-0.016483516483516425,0.094,0.0,-0.02197802197802201,174,132,294,209,False,False,False,False
PIGN,18,8,10,931,5,0.9,0.8625,0.925,0.7125,0.8625,0.136,0.3041052449399714,0.9029761904761904,5,0.9,0.18,0.0547722557505166,0.9267857142857142,5,0.875,0.076,0.1040672859259815,0.8738095238095239,5,0.9,0.0,0.0,0.9,5,0.925,0.0,0.0,0.9244047619047618,5,-0.0374999999999999,0.0,0.0374999999999999,0.0124999999999999,0.0,0.0124999999999999,-0.025,0.076,0.0124999999999999,-0.15,4.444444444444445,0.076,0.0124999999999999,0.0124999999999999,0.0124999999999999,-0.15000000000000002,0.0,0.0,-0.21250000000000002,307,113,423,210,False,False,False,False
PIK3R2,40,9,31,728,5,0.8781362007168458,0.8996415770609318,0.9175627240143368,0.4946236559139784,0.8745519713261649,0.398,0.2895168388885178,0.9291130952380954,5,0.8888888888888888,0.394,0.4221137287509137,0.9222261904761904,5,0.8817204301075269,0.07,0.0818535277187245,0.9049107142857142,5,0.8673835125448028,0.018,0.0402492235949962,0.8800416666666667,5,0.9175627240143368,0.0,0.0,0.9140238095238096,5,0.021505376344086,-0.0250896057347669,-0.010752688172043,-0.0179211469534049,0.0,0.0071684587813619,-0.0071684587813619,0.07,0.0071684587813619,-0.4050179211469534,6.975,0.07,-0.0179211469534049,0.0071684587813619,-0.0179211469534049,-0.40501792114695345,0.0,0.0,-0.4229390681003584,310,389,424,211,False,False,False,False
PKD2,16,7,9,968,5,0.9365079365079364,0.9365079365079364,0.9365079365079364,0.5873015873015872,0.9365079365079364,0.0,0.0,0.9402380952380952,5,0.9365079365079364,0.0,0.0,0.9373809523809524,5,0.9047619047619048,0.168,0.1533623161014465,0.9497619047619048,5,0.9206349206349206,0.032,0.0715541752799932,0.9423809523809524,5,0.9365079365079364,0.0,0.0,0.9402380952380952,5,0.0,0.0,0.0,-0.0317460317460317,0.0,-0.0317460317460317,-0.0317460317460317,0.168,-0.0317460317460317,-0.3492063492063493,3.9375,0.168,-0.0317460317460317,-0.0317460317460317,-0.0317460317460317,-0.3492063492063492,0.0,0.0,-0.3492063492063492,254,417,425,212,False,False,False,False
PKP2,17,10,7,837,5,1.0,1.0,1.0,0.9428571428571428,1.0,0.0,0.0,1.0,5,1.0,0.0,0.0,1.0,5,1.0,0.0,0.0,1.0,5,1.0,0.0,0.0,1.0,5,1.0,0.0,0.0,1.0,5,0.0,0.0,0.0,0.0,0.0,0.0,0.0,0.0,0.0,-0.0571428571428571,4.117647058823529,0.0,0.0,0.0,0.0,-0.05714285714285716,0.0,0.0,-0.05714285714285716,424,248,426,213,False,False,False,False
PMS2,48,20,28,862,5,0.9678571428571427,0.9875,0.9875,0.9660714285714288,0.9821428571428572,0.702,0.212179169571379,0.9872529644268776,5,0.9910714285714286,0.246,0.100647901120689,1.0,5,0.9892857142857144,0.122,0.1237739875741264,0.991699604743083,5,0.9678571428571427,0.546,0.1721336689901194,0.979397233201581,5,0.9875,0.2339999999999999,0.1703819239238717,0.9938735177865612,5,0.019642857142857,-0.0053571428571428,0.0035714285714286,0.0017857142857143,1.1102230246251563e-16,0.0071428571428572,-0.0017857142857142,0.122,0.0071428571428572,-0.0214285714285712,11.666666666666666,0.122,0.0017857142857143,0.0071428571428572,0.0017857142857143,-0.02142857142857124,0.2339999999999999,1.1102230246251563e-16,-0.02142857142857124,280,142,222,111,False,False,False,False
PNPLA1,25,11,14,572,5,0.8181818181818182,0.922077922077922,0.9935064935064936,0.6948051948051948,0.9155844155844156,0.8220000000000001,0.1821263297823793,0.9208964646464648,5,0.9805194805194806,0.774,0.1689082591231109,0.993939393939394,5,0.922077922077922,0.132,0.1204989626511365,0.92885101010101,5,0.7467532467532467,0.21,0.2580697580112788,0.8289141414141413,5,0.9935064935064936,0.0,0.0,0.9938762626262626,5,0.1038961038961038,-0.0064935064935064,0.0584415584415585,0.0,0.0,0.0064935064935064,-0.0584415584415585,0.132,0.0064935064935064,-0.2272727272727273,6.16,0.132,0.0,0.0064935064935064,0.0,-0.2272727272727273,0.0,0.0,-0.2987012987012988,273,249,427,214,False,False,False,False
PNPT1,14,6,8,783,5,0.9166666666666669,0.9583333333333334,0.9583333333333334,0.8958333333333334,0.8958333333333334,0.256,0.152249794745346,0.973809523809524,5,0.9583333333333334,0.28,0.1878829422805593,1.0,5,0.9375,0.138,0.1259761882261882,0.9804761904761904,5,0.9166666666666666,0.0,0.0,0.9209523809523807,5,0.9583333333333334,0.0,0.0,0.9609523809523808,5,0.0416666666666666,-0.0625,0.0,-0.0208333333333333,0.0,0.0416666666666666,-0.0208333333333333,0.138,0.0416666666666666,-0.0625,3.4285714285714284,0.138,-0.0208333333333333,0.0416666666666666,-0.0208333333333333,-0.0625,0.0,0.0,-0.0625,271,400,428,215,False,False,False,False
POLR1C,16,11,5,346,5,0.890909090909091,0.9454545454545455,0.8909090909090909,0.8909090909090909,0.9454545454545454,0.334,0.1013903348450926,0.9833333333333334,5,0.9454545454545454,0.0,0.0,0.9486111111111112,5,0.9272727272727272,0.062,0.1386362146049869,0.9430555555555556,5,0.9454545454545454,0.386,0.1171750826754562,0.9833333333333334,5,0.8545454545454545,0.296,0.1654690303349844,0.9479166666666669,5,0.0545454545454545,-1.1102230246251563e-16,-1.1102230246251563e-16,-0.0181818181818183,-0.0363636363636363,-0.0181818181818181,-0.0181818181818181,0.062,-0.0181818181818181,-0.0545454545454546,3.4375,0.062,-0.0181818181818183,-0.0181818181818181,-0.0181818181818183,-0.054545454545454675,0.296,-0.0363636363636363,0.0,316,390,175,411,False,False,False,False
PORCN,22,13,9,461,5,0.6581196581196581,0.8034188034188036,0.8803418803418804,0.7948717948717949,0.717948717948718,0.57,0.2482941803587026,0.8101623376623376,5,0.8290598290598291,0.852,0.2474267568392715,0.8830194805194805,5,0.7692307692307693,0.642,0.1723948955160796,0.8639935064935065,5,0.7350427350427351,0.7939999999999999,0.1542076522096098,0.8282467532467532,5,0.905982905982906,0.646,0.0054772255750516,0.9138311688311688,5,0.1452991452991454,-0.0854700854700856,0.0256410256410255,-0.0341880341880342,0.0256410256410255,0.0512820512820513,-0.0598290598290598,0.642,0.0512820512820513,-0.0085470085470086,5.318181818181818,0.642,-0.0341880341880342,0.0512820512820513,-0.0341880341880342,-0.008547008547008628,0.646,0.0256410256410255,-0.0854700854700855,53,425,37,43,False,False,True,True
POT1,14,5,9,634,5,0.888888888888889,0.8444444444444444,0.8222222222222222,0.8444444444444446,0.8666666666666667,0.022,0.0130384048104052,0.9303571428571428,5,0.8444444444444444,0.0,0.0,0.8410714285714285,5,0.8666666666666667,0.6799999999999999,0.3125699921617557,0.9794642857142858,5,0.8444444444444444,0.608,0.3491704454847231,0.93125,5,0.8888888888888888,0.73,0.1924837655492016,0.925,5,-0.0444444444444445,0.0222222222222222,0.0,0.0222222222222222,0.0666666666666666,0.0,0.0222222222222222,0.6799999999999999,0.0,1.1102230246251563e-16,3.2142857142857144,0.6799999999999999,0.0222222222222222,0.0,0.0222222222222222,1.1102230246251565e-16,0.73,0.0666666666666666,0.022222222222222365,42,79,21,15,True,False,True,True
PPP2R1A,32,11,21,589,5,0.670995670995671,0.9696969696969696,0.8917748917748918,0.9134199134199136,0.9653679653679652,0.914,0.0219089023002066,0.9686274509803924,5,0.9307359307359307,0.124,0.2772724292099739,0.9772875816993466,5,0.9696969696969696,0.0,0.0,0.968545751633987,5,0.9047619047619048,0.748,0.0460434577328853,0.9223856209150328,5,0.8658008658008658,0.4680000000000001,0.2762607463973121,0.9401143790849672,5,0.2987012987012986,-0.0043290043290042,-0.0389610389610388,1.1102230246251563e-16,-0.0259740259740259,0.0043290043290044,0.0389610389610389,0.0,0.0043290043290044,-0.0562770562770561,7.21875,0.0,1.1102230246251563e-16,0.0043290043290044,1.1102230246251563e-16,-0.05627705627705604,0.4680000000000001,-0.0259740259740259,0.0216450216450218,425,152,87,394,False,False,False,False
PPP2R5D,18,13,5,602,5,0.3076923076923077,0.7538461538461538,0.7846153846153846,0.8307692307692308,0.7538461538461538,0.624,0.1028591269649903,0.7572727272727272,5,0.7692307692307693,0.112,0.0626099033699941,0.8004545454545454,5,0.8,0.49,0.0974679434480896,0.8472727272727273,5,0.8615384615384616,0.4760000000000001,0.1150217370760848,0.8286363636363635,5,0.8,0.7580000000000001,0.2777048793233564,0.8286363636363637,5,0.4461538461538461,0.0,0.0153846153846154,0.0461538461538462,0.0153846153846154,0.0461538461538462,0.0307692307692307,0.49,0.0461538461538462,0.0769230769230769,3.611111111111111,0.49,0.0461538461538462,0.0461538461538462,0.0461538461538462,0.07692307692307698,0.7580000000000001,0.0153846153846154,0.04615384615384621,101,43,17,64,False,True,True,False
PPP3CA,18,13,5,521,5,0.6615384615384616,0.8461538461538463,0.8153846153846154,0.8307692307692307,0.8,0.7460000000000001,0.1862256695517565,0.845909090909091,5,0.8615384615384616,0.196,0.1517563837207516,0.9090909090909092,5,0.9076923076923076,0.258,0.0715541752799932,0.9231818181818182,5,0.8,0.7839999999999999,0.091268833672837,0.8322727272727273,5,0.7538461538461538,0.532,0.3892557000224916,0.8504545454545454,5,0.1846153846153846,-0.0461538461538462,0.0153846153846153,0.0615384615384614,-0.0615384615384615,0.1076923076923076,0.0461538461538461,0.258,0.1076923076923076,-0.0153846153846155,3.611111111111111,0.258,0.0615384615384614,0.1076923076923076,0.0615384615384614,-0.015384615384615552,0.532,-0.0615384615384615,0.01538461538461533,201,33,61,438,False,True,False,False
PRKAG2,27,17,10,569,5,0.7647058823529412,0.8588235294117647,1.0,0.9117647058823528,0.8411764705882353,0.79,0.2374868417407583,0.8572802197802197,5,0.9882352941176472,0.524,0.1331540461270328,1.0,5,0.9058823529411764,0.7460000000000001,0.1150217370760849,0.9130494505494504,5,0.9117647058823528,0.7620000000000001,0.1047377677822093,0.910989010989011,5,1.0,0.0,0.0,1.0,5,0.0941176470588234,-0.0176470588235293,0.1294117647058824,0.0470588235294118,0.0,0.0647058823529411,-0.0823529411764706,0.7460000000000001,0.0647058823529411,0.0529411764705882,6.296296296296297,0.7460000000000001,0.0470588235294118,0.0647058823529411,0.0470588235294118,0.05294117647058816,0.0,0.0,-0.08823529411764719,33,42,429,216,True,True,False,False
PRKCG,26,21,5,697,5,0.9142857142857144,0.9523809523809524,0.961904761904762,0.9333333333333332,0.9523809523809524,0.6260000000000001,0.031304951684997,0.9613970588235295,5,0.961904761904762,0.206,0.1903417978269618,0.9674632352941176,5,0.9428571428571428,0.422,0.2210656011232865,0.9792279411764706,5,0.923809523809524,0.382,0.1804716044146557,0.9819852941176472,5,0.9428571428571428,0.266,0.3271543978001824,0.9790441176470588,5,0.038095238095238,0.0,0.0095238095238096,-0.0095238095238094,-0.019047619047619,-0.0095238095238094,-0.019047619047619,0.422,-0.0095238095238094,-0.0190476190476189,4.038461538461538,0.422,-0.0095238095238094,-0.0095238095238094,-0.0095238095238094,-0.019047619047619202,0.266,-0.019047619047619,-0.028571428571428803,131,359,198,368,False,False,False,False
PRKN,16,7,9,465,5,0.7777777777777778,0.9682539682539684,1.0,0.9206349206349208,0.9365079365079364,0.418,0.1008464178838296,0.9661904761904762,5,0.9682539682539684,0.064,0.0357770876399966,1.0,5,0.9682539682539684,0.0,0.0,0.970952380952381,5,0.9047619047619048,0.7300000000000001,0.2012461179749811,0.9254761904761905,5,1.0,0.0,0.0,1.0,5,0.1904761904761904,-0.0317460317460317,0.0,0.0,0.0,0.0317460317460317,0.0,0.0,0.0317460317460317,-0.0476190476190475,3.9375,0.0,0.0,0.0317460317460317,0.0,-0.04761904761904756,0.0,0.0,-0.0793650793650792,426,250,430,217,False,False,False,False
PRMT7,10,5,5,692,5,0.88,1.0,0.8,0.96,0.84,0.166,0.100647901120689,1.0,5,1.0,0.0,0.0,1.0,5,1.0,0.0,0.0,1.0,5,0.88,0.138,0.0782304288624317,1.0,5,0.84,0.452,0.2598461083025874,1.0,5,0.12,-0.16,0.0,0.0,0.0399999999999999,0.16,0.0,0.0,0.16,-0.0399999999999999,2.5,0.0,0.0,0.16,0.0,-0.040000000000000036,0.452,0.0399999999999999,0.15999999999999992,427,251,99,29,False,False,False,True
PROM1,13,8,5,865,5,0.85,0.7250000000000001,0.8,0.8,0.775,0.122,0.2728002932549743,0.8559523809523808,5,0.75,0.5940000000000001,0.2804104135013534,0.8154761904761905,5,0.65,0.416,0.3006326662224183,0.8357142857142857,5,0.85,0.1159999999999999,0.2593838853899756,0.85,5,0.725,0.3219999999999999,0.326833290838005,0.851190476190476,5,-0.1249999999999998,0.0499999999999999,0.0249999999999999,-0.075,-0.075,-0.125,-0.0999999999999999,0.416,-0.125,0.0749999999999999,3.076923076923077,0.416,-0.075,-0.125,-0.075,0.07499999999999996,0.3219999999999999,-0.075,0.0,134,454,164,447,False,False,False,False
PRRT2,35,14,21,340,5,0.9183673469387756,0.9625850340136056,0.9965986394557824,0.7891156462585034,0.9659863945578232,0.412,0.1018331969448077,0.9893605169340464,5,0.979591836734694,0.3179999999999999,0.116275534829989,1.0,5,0.9625850340136054,0.0,0.0,0.9616644385026736,5,0.9183673469387756,0.208,0.1213260071048248,0.927746212121212,5,0.9931972789115646,0.042,0.0383405790253616,1.0,5,0.0442176870748298,0.0034013605442175,0.0170068027210883,-1.1102230246251563e-16,-0.0034013605442176,-0.0034013605442176,-0.0170068027210884,0.0,-0.0034013605442176,-0.1734693877551021,8.4,0.0,-1.1102230246251563e-16,-0.0034013605442176,-1.1102230246251563e-16,-0.17346938775510223,0.042,-0.0034013605442176,-0.20748299319727903,428,306,324,305,False,False,False,False
PRSS1,22,7,15,247,5,0.6285714285714286,0.6000000000000001,0.7142857142857144,0.7047619047619048,0.6190476190476191,0.122,0.187669923003128,0.6327777777777779,5,0.6571428571428571,0.7500000000000001,0.2746816338964075,0.7244444444444443,5,0.7238095238095238,0.5200000000000001,0.0902773504263389,0.7433333333333334,5,0.7142857142857143,0.5700000000000001,0.137658998979362,0.7244444444444444,5,0.6,0.506,0.4637132734783424,0.7644444444444444,5,-0.0285714285714284,0.0190476190476189,0.057142857142857,0.1238095238095237,-0.1142857142857144,0.1047619047619047,0.0666666666666666,0.5200000000000001,0.1047619047619047,0.1047619047619047,4.7727272727272725,0.5200000000000001,0.1238095238095237,0.1047619047619047,0.1238095238095237,0.10476190476190472,0.506,-0.1142857142857144,-0.009523809523809601,92,16,74,463,False,True,False,False
PTEN,177,172,5,403,5,0.9767441860465116,1.0,0.9976744186046512,0.9744186046511628,0.9976744186046512,0.6859999999999999,0.0928977932999487,1.0,5,1.0,0.0,0.0,1.0,5,1.0,0.0,0.0,1.0,5,0.977906976744186,0.638,0.1492313639956427,0.9887337353221198,5,0.9976744186046512,0.006,0.0054772255750516,1.0,5,0.0232558139534884,-0.0023255813953488,0.0,0.0,-1.1102230246251563e-16,0.0023255813953488,0.0,0.0,0.0023255813953488,-0.0255813953488371,4.858757062146893,0.0,0.0,0.0023255813953488,0.0,-0.025581395348837188,0.006,-1.1102230246251563e-16,-0.023255813953488413,429,252,346,273,False,False,False,False
PTPN11,99,91,8,593,5,0.6717032967032966,0.6552197802197801,0.9505494505494504,0.7596153846153846,0.6510989010989011,0.168,0.3532987404449668,0.6746955859969559,5,0.967032967032967,0.8140000000000001,0.1878297101099823,0.953462709284627,5,0.760989010989011,0.912,0.0294957624075052,0.7661230702326594,5,0.7239010989010989,0.728,0.2728002932549743,0.7691943900848011,5,0.9175824175824177,0.286,0.1822909761891685,0.9559849967384212,5,-0.0164835164835165,-0.0041208791208789,0.3118131868131869,0.1057692307692308,-0.0329670329670329,0.1098901098901098,-0.2060439560439561,0.912,0.1098901098901098,0.1043956043956044,7.353535353535354,0.912,0.1057692307692308,0.1098901098901098,0.1057692307692308,0.10439560439560447,0.286,-0.0329670329670329,-0.1909340659340658,11,19,184,405,True,True,False,False
PUF60,17,12,5,559,5,0.8833333333333333,0.8833333333333333,0.9,0.8500000000000001,0.8833333333333333,0.0,0.0,0.881111111111111,5,0.8833333333333333,0.162,0.1478850905263948,0.8944444444444445,5,0.8833333333333333,0.0,0.0,0.8905555555555555,5,0.8833333333333333,0.0,0.0,0.8800000000000001,5,0.9,0.0,0.0,0.9016666666666666,5,0.0,0.0,0.0,0.0,0.0,0.0,0.0,0.0,0.0,-0.0333333333333332,3.5294117647058822,0.0,0.0,0.0,0.0,-0.033333333333333215,0.0,0.0,-0.04999999999999993,430,253,431,218,False,False,False,False
PURA,58,41,17,322,5,0.8909612625538019,0.8436154949784791,0.9454806312769012,0.7374461979913917,0.8995695839311334,0.2699999999999999,0.1461163919620245,0.921301615051615,5,0.945480631276901,0.8780000000000001,0.0742967024840268,0.9456741175491176,5,0.8263988522238164,0.226,0.171697408250678,0.8590461621711623,5,0.8837876614060258,0.158,0.0742967024840268,0.8948416167166167,5,0.9469153515064562,0.208,0.1564288975860918,0.95378996003996,5,-0.0473457675753228,0.0559540889526543,0.1018651362984218,-0.0172166427546627,0.0014347202295551,-0.073170731707317,-0.1190817790530845,0.226,-0.073170731707317,-0.1061692969870874,12.017241379310343,0.226,-0.0172166427546627,-0.073170731707317,-0.0172166427546627,-0.10616929698708744,0.208,0.0014347202295551,-0.20803443328550952,225,384,230,103,False,False,False,False
RAF1,46,28,18,648,5,0.6924603174603174,0.9702380952380952,0.9682539682539684,0.7083333333333334,0.9722222222222222,0.8380000000000001,0.1386362146049869,0.97390551477508,5,0.9821428571428572,0.2299999999999999,0.1603121954188139,0.9900395256916996,5,0.9722222222222222,0.1679999999999999,0.0939148550549911,0.9740033879164316,5,0.6626984126984127,0.5660000000000001,0.2844819853699,0.7575155279503105,5,0.9642857142857144,0.1279999999999999,0.1114450537260402,0.9722379070205156,5,0.2777777777777779,0.0019841269841268,0.0119047619047617,0.0019841269841268,-0.003968253968254,0.0,-0.0099206349206348,0.1679999999999999,0.0,-0.261904761904762,10.956521739130435,0.1679999999999999,0.0019841269841268,0.0,0.0019841269841268,-0.26190476190476186,0.1279999999999999,-0.003968253968254,-0.259920634920635,255,140,277,315,False,False,False,False
RAG2,58,49,9,527,5,0.6916099773242631,0.891156462585034,0.81859410430839,0.7732426303854876,0.8888888888888888,0.9280000000000002,0.0164316767251549,0.8910989010989011,5,0.8866213151927438,0.038,0.084970583144992,0.8952380952380953,5,0.9138321995464852,0.48,0.0979795897113271,0.9172344322344322,5,0.780045351473923,0.622,0.1025670512396646,0.7906776556776558,5,0.8594104308390023,0.57,0.1407124727947029,0.8774908424908425,5,0.1995464852607709,-0.0022675736961451,-0.0045351473922902,0.0226757369614513,0.0408163265306122,0.0249433106575964,0.0272108843537415,0.48,0.0249433106575964,-0.1179138321995464,7.603448275862069,0.48,0.0226757369614513,0.0249433106575964,0.0226757369614513,-0.11791383219954643,0.57,0.0408163265306122,-0.0453514739229024,108,75,52,27,False,False,False,True
RALA,14,8,6,206,5,0.9791666666666669,0.7083333333333334,0.8125,0.875,0.9791666666666666,0.0,0.0,0.9804761904761904,5,0.7916666666666666,0.756,0.4227055712904669,0.8104761904761906,5,0.8333333333333334,0.752,0.1778201338431618,0.8709523809523809,5,0.9791666666666666,0.0,0.0,0.9804761904761904,5,0.8333333333333334,0.414,0.3259294402167438,0.8757142857142858,5,-0.2708333333333333,0.2708333333333332,0.0833333333333332,0.125,0.0208333333333333,-0.1458333333333332,0.0416666666666667,0.752,-0.1458333333333332,0.1666666666666666,3.4285714285714284,0.752,0.125,-0.1458333333333332,0.125,0.16666666666666663,0.414,0.0208333333333333,0.0625,29,15,113,51,True,True,False,False
RARS1,12,7,5,660,5,0.9714285714285716,1.0,0.7714285714285714,1.0,0.9714285714285714,0.162,0.1478850905263948,1.0,5,1.0,0.0,0.0,1.0,5,1.0,0.0,0.0,1.0,5,0.9714285714285714,0.06,0.0547722557505166,1.0,5,0.9428571428571428,0.7699999999999999,0.1679285562374666,1.0,5,0.0285714285714284,-0.0285714285714285,0.0,0.0,0.1714285714285714,0.0285714285714285,0.0,0.0,0.0285714285714285,0.0,2.9166666666666665,0.0,0.0,0.0285714285714285,0.0,0.0,0.7699999999999999,0.1714285714285714,0.22857142857142865,431,254,16,4,False,False,True,True
RARS2,25,14,11,578,5,0.9415584415584416,1.0,0.9870129870129868,0.9675324675324676,0.948051948051948,0.758,0.4300813876465709,1.0,5,1.0,0.0,0.0,1.0,5,1.0,0.0,0.0,1.0,5,0.9415584415584416,0.496,0.3099677402569499,0.98989898989899,5,0.987012987012987,0.066,0.0602494813255682,1.0,5,0.0584415584415584,-0.0519480519480519,0.0,0.0,1.1102230246251563e-16,0.0519480519480519,0.0,0.0,0.0519480519480519,-0.0324675324675325,6.16,0.0,0.0,0.0519480519480519,0.0,-0.03246753246753242,0.066,1.1102230246251563e-16,-0.01948051948051921,432,255,310,112,False,False,False,False
RB1,42,27,15,928,5,0.8617283950617284,0.8666666666666667,0.9185185185185184,0.6049382716049382,0.8395061728395061,0.438,0.2792310870945426,0.9062049062049062,5,0.9111111111111112,0.602,0.1261744823647,0.9196969696969696,5,0.854320987654321,0.344,0.2013206397764521,0.885894660894661,5,0.8617283950617284,0.222,0.1578606980853689,0.8736291486291486,5,0.9160493827160494,0.38,0.2447447650104083,0.9313852813852812,5,0.0049382716049383,-0.0271604938271605,0.0444444444444444,-0.0123456790123457,-0.0024691358024691,0.0148148148148148,-0.0567901234567901,0.344,0.0148148148148148,-0.2617283950617285,9.642857142857142,0.344,-0.0123456790123457,0.0148148148148148,-0.0123456790123457,-0.2617283950617285,0.38,-0.0024691358024691,-0.3135802469135802,163,365,133,298,False,False,False,False
RHO,92,86,6,348,5,0.7751937984496123,0.8662790697674418,0.8294573643410853,0.8236434108527132,0.8624031007751938,0.906,0.0901665126307987,0.8638789428815004,5,0.8662790697674418,0.0,0.0,0.8631628303495311,5,0.8662790697674418,0.0,0.0,0.8640409207161126,5,0.8236434108527132,0.8939999999999999,0.0477493455452532,0.8240664961636828,5,0.8255813953488372,0.294,0.1644080290010192,0.8446717817561809,5,0.0910852713178295,-0.003875968992248,0.0,0.0,-0.003875968992248,0.003875968992248,0.0,0.0,0.003875968992248,-0.0426356589147286,5.608695652173913,0.0,0.0,0.003875968992248,0.0,-0.04263565891472865,0.294,-0.003875968992248,-0.005813953488372103,433,256,176,311,False,False,False,False
RHOBTB2,81,7,74,727,5,0.4633204633204633,0.7316602316602316,0.6177606177606176,0.4942084942084942,0.6602316602316602,0.85,0.2021138293140773,0.737310734463277,5,0.7239382239382239,0.0419999999999999,0.0460434577328853,0.7332655367231639,5,0.7162162162162162,0.228,0.1759829537199555,0.7564406779661017,5,0.3996138996138996,0.722,0.4332089565094424,0.514406779661017,5,0.6138996138996139,0.378,0.2736238293716393,0.6477966101694915,5,0.2683397683397683,-0.0714285714285714,-0.0077220077220077,-0.0154440154440154,-0.0038610038610037,0.0559845559845559,-0.0077220077220077,0.228,0.0559845559845559,-0.2374517374517374,6.395061728395062,0.228,-0.0154440154440154,0.0559845559845559,-0.0154440154440154,-0.23745173745173742,0.378,-0.0038610038610037,-0.12355212355212342,224,381,134,310,False,False,False,False
RLIM,15,7,8,624,5,0.8214285714285714,0.7857142857142857,1.0,0.9464285714285714,0.8214285714285714,0.124,0.1697939928266015,0.8366666666666667,5,0.9642857142857144,0.378,0.0884307638777365,1.0,5,0.9285714285714286,0.744,0.0770064932327138,0.9492063492063492,5,0.9285714285714286,0.65,0.0821583836257748,0.943809523809524,5,1.0,0.0,0.0,1.0,5,-0.0357142857142857,0.0357142857142857,0.1785714285714286,0.1428571428571429,0.0,0.1071428571428572,-0.0357142857142857,0.744,0.1071428571428572,0.1607142857142857,3.733333333333333,0.744,0.1428571428571429,0.1071428571428572,0.1428571428571429,0.1607142857142857,0.0,0.0,-0.0535714285714286,35,12,432,219,True,True,False,False
ROBO4,25,6,19,1007,5,0.4824561403508772,0.4824561403508772,0.5350877192982456,0.6403508771929824,0.4122807017543859,0.358,0.3621049571602134,0.5275833333333333,5,0.5087719298245614,0.5780000000000001,0.2343501653509124,0.53725,5,0.5175438596491229,0.778,0.2874369496080836,0.6493333333333333,5,0.6140350877192983,0.85,0.0964365076099295,0.6495833333333334,5,0.5614035087719298,0.82,0.3805259518088089,0.6450833333333333,5,0.0,-0.0701754385964912,0.0263157894736842,0.0350877192982456,0.0263157894736841,0.1052631578947368,0.0087719298245614,0.778,0.1052631578947368,0.1578947368421052,4.56,0.778,0.0350877192982456,0.1052631578947368,0.0350877192982456,0.15789473684210525,0.82,0.0263157894736841,0.10526315789473684,23,61,9,42,True,False,True,True
ROR2,26,6,20,943,5,0.6499999999999999,0.85,0.7749999999999999,0.6,0.7833333333333333,0.866,0.1835211159512713,0.8524999999999998,5,0.8166666666666667,0.192,0.2629068276024797,0.8543749999999999,5,0.85,0.312,0.2858671019897183,0.85875,5,0.5583333333333333,0.526,0.3269250678672408,0.7081250000000001,5,0.725,0.294,0.2317973252649823,0.82125,5,0.2,-0.0666666666666666,-0.0333333333333333,0.0,-0.0499999999999999,0.0666666666666666,0.0333333333333333,0.312,0.0666666666666666,-0.25,4.615384615384615,0.312,0.0,0.0666666666666666,0.0,-0.25,0.294,-0.0499999999999999,-0.17499999999999993,175,257,177,429,False,False,False,False
RP2,24,7,17,350,5,1.0,1.0,1.0,0.7394957983193278,1.0,0.0,0.0,1.0,5,1.0,0.0,0.0,1.0,5,1.0,0.0,0.0,1.0,5,1.0,0.0,0.0,1.0,5,1.0,0.0,0.0,1.0,5,0.0,0.0,0.0,0.0,0.0,0.0,0.0,0.0,0.0,-0.2605042016806722,4.958333333333333,0.0,0.0,0.0,0.0,-0.26050420168067223,0.0,0.0,-0.26050420168067223,434,258,433,220,False,False,False,False
RPE65,84,78,6,533,5,0.8547008547008547,0.8952991452991453,0.8739316239316239,0.8739316239316239,0.8931623931623932,0.6279999999999999,0.130843417870369,0.9285970302099334,5,0.8910256410256411,0.21,0.23054283766797,0.9071377368151564,5,0.9102564102564102,0.444,0.0920869154657707,0.934505888376856,5,0.8589743589743589,0.5820000000000001,0.2112344668845499,0.8996927803379418,5,0.8739316239316239,0.6679999999999999,0.1975348070594142,0.9100716845878136,5,0.0405982905982906,-0.0021367521367521,-0.0042735042735042,0.0149572649572649,0.0,0.017094017094017,0.0192307692307691,0.444,0.017094017094017,-0.0213675213675214,5.571428571428571,0.444,0.0149572649572649,0.017094017094017,0.0149572649572649,-0.021367521367521403,0.6679999999999999,0.0,0.0,123,103,32,221,False,False,True,False
RPS6KA3,30,25,5,740,5,0.8640000000000001,0.888,1.0,0.888,0.872,0.304,0.169941166289984,0.8950000000000001,5,0.984,0.302,0.0402492235949962,1.0,5,0.88,0.178,0.3980200999949626,0.8924999999999998,5,0.872,0.096,0.0536656314599949,0.8949999999999999,5,1.0,0.0,0.0,1.0,5,0.0239999999999999,-0.016,0.0959999999999999,-0.008,0.0,0.008,-0.1039999999999999,0.178,0.008,0.0,4.166666666666667,0.178,-0.008,0.008,-0.008,0.0,0.0,0.0,-0.11199999999999999,246,352,434,222,False,False,False,False
RS1,101,92,9,224,5,0.893719806763285,0.9082125603864736,0.8792270531400966,0.7608695652173914,0.9371980676328504,0.44,0.0141421356237309,0.9418747024911408,5,0.8659420289855072,0.382,0.2381596103456671,0.929861955889353,5,0.8768115942028986,0.3239999999999999,0.3086745859315276,0.9163246416671076,5,0.9142512077294686,0.466,0.0950263121456368,0.9222655630189877,5,0.8816425120772947,0.53,0.1232882800593795,0.910422065901518,5,0.0144927536231884,0.0289855072463768,-0.0422705314009662,-0.0314009661835749,0.002415458937198,-0.0603864734299517,0.0108695652173913,0.3239999999999999,-0.0603864734299517,-0.1473429951690821,8.198019801980198,0.3239999999999999,-0.0314009661835749,-0.0603864734299517,-0.0314009661835749,-0.14734299516908222,0.53,0.002415458937198,-0.11835748792270528,171,416,65,97,False,False,False,False
RUNX1,62,30,32,480,5,0.6031249999999999,0.628125,0.9979166666666668,0.4447916666666667,0.6125,0.82,0.1607793519081352,0.6325897435897436,5,0.971875,0.588,0.2081345718519631,0.9977307692307692,5,0.6,0.054,0.1207476707849886,0.6317948717948718,5,0.6052083333333333,0.042,0.0491934955049953,0.6097051282051282,5,0.9979166666666668,0.0,0.0,0.9973846153846152,5,0.0250000000000001,-0.015625,0.34375,-0.028125,0.0,-0.0125,-0.371875,0.054,-0.0125,-0.1833333333333333,15.483870967741936,0.054,-0.028125,-0.0125,-0.028125,-0.18333333333333335,0.0,0.0,-0.5531250000000001,326,412,435,223,False,False,False,False
SATB2,90,32,58,733,5,0.8189655172413792,0.890625,0.913793103448276,0.7731681034482759,0.8863146551724138,0.52,0.1443952907819365,0.9087279584430372,5,0.9148706896551724,0.6460000000000001,0.0847348806572594,0.9189495481391872,5,0.8712284482758621,0.376,0.1814662503056698,0.9041174126521028,5,0.8270474137931034,0.414,0.1475804865149861,0.8482402334021204,5,0.9030172413793104,0.294,0.2224410034143885,0.9207770582793712,5,0.0716594827586207,-0.0043103448275861,0.0242456896551723,-0.0193965517241379,-0.0107758620689656,-0.0150862068965517,-0.0436422413793102,0.376,-0.0150862068965517,-0.117456896551724,20.622222222222224,0.376,-0.0193965517241379,-0.0150862068965517,-0.0193965517241379,-0.11745689655172409,0.294,-0.0107758620689656,-0.1406250000000001,154,392,178,340,False,False,False,False
SCNN1B,14,6,8,640,5,0.8541666666666667,0.9583333333333334,0.7916666666666667,0.7083333333333334,0.9375,0.6239999999999999,0.2957701810527897,0.980952380952381,5,0.9583333333333334,0.0,0.0,0.9614285714285716,5,0.9583333333333334,0.006,0.0054772255750516,0.980952380952381,5,0.8541666666666666,0.096,0.0536656314599949,0.8733333333333333,5,0.6666666666666666,0.264,0.3476780119593415,0.8528571428571429,5,0.1041666666666666,-0.0208333333333333,0.0,0.0,-0.1250000000000001,0.0208333333333333,0.0,0.006,0.0208333333333333,-0.25,3.4285714285714284,0.006,0.0,0.0208333333333333,0.0,-0.25,0.264,-0.1250000000000001,-0.08333333333333337,353,259,200,465,False,False,False,False
SEC23B,11,6,5,767,5,0.8666666666666667,0.8666666666666667,0.8666666666666667,0.5666666666666667,0.8333333333333334,0.126,0.1150217370760848,0.9075,5,0.8333333333333334,0.656,0.381156135986291,0.9375,5,0.8333333333333334,0.204,0.2146625258399798,0.9175,5,0.7666666666666667,0.264,0.159311016568221,0.9475,5,0.9,0.1,0.0616441400296897,0.94,5,0.0,-0.0333333333333333,-0.0333333333333333,-0.0333333333333333,0.0333333333333333,0.0,0.0,0.204,0.0,-0.3,2.727272727272727,0.204,-0.0333333333333333,0.0,-0.0333333333333333,-0.30000000000000004,0.1,0.0333333333333333,-0.30000000000000004,236,420,290,33,False,False,False,True
SELENON,13,5,8,590,5,0.5,1.0,0.6,0.6000000000000001,0.925,0.478,0.0216794833886787,1.0,5,1.0,0.0,0.0,1.0,5,1.0,0.0,0.0,1.0,5,0.45,0.552,0.5039047529047529,0.6035714285714285,5,0.4,0.214,0.3999749992187011,0.65,5,0.5,-0.0749999999999999,0.0,0.0,-0.1999999999999999,0.0749999999999999,0.0,0.0,0.0749999999999999,-0.3999999999999999,3.076923076923077,0.0,0.0,0.0749999999999999,0.0,-0.3999999999999999,0.214,-0.1999999999999999,1.1102230246251565e-16,435,260,227,466,False,False,False,False
SERAC1,13,5,8,654,5,1.0,1.0,1.0,0.95,1.0,0.0,0.0,1.0,5,1.0,0.0,0.0,1.0,5,1.0,0.0,0.0,1.0,5,1.0,0.0,0.0,1.0,5,1.0,0.0,0.0,1.0,5,0.0,0.0,0.0,0.0,0.0,0.0,0.0,0.0,0.0,-0.05,3.076923076923077,0.0,0.0,0.0,0.0,-0.050000000000000044,0.0,0.0,-0.050000000000000044,436,261,436,224,False,False,False,False
SERPINA1,50,9,41,418,5,0.8211382113821138,0.8644986449864498,0.7425474254742548,0.8075880758807589,0.8292682926829268,0.712,0.2705919437086034,0.8820211038961039,5,0.8644986449864499,0.0,0.0,0.8645156926406926,5,0.8915989159891599,0.204,0.0622896460095897,0.8911864177489178,5,0.8157181571815718,0.3359999999999999,0.2915132930073687,0.8357548701298703,5,0.7859078590785907,0.5399999999999999,0.1679285562374666,0.8353963744588745,5,0.0433604336043359,-0.035230352303523,1.1102230246251563e-16,0.02710027100271,0.0433604336043359,0.062330623306233,0.0271002710027099,0.204,0.062330623306233,-0.0569105691056909,7.38,0.204,0.02710027100271,0.062330623306233,0.02710027100271,-0.05691056910569092,0.5399999999999999,0.0433604336043359,0.06504065040650409,237,70,59,25,False,False,False,True
SERPINC1,55,48,7,464,5,0.7470238095238094,0.7440476190476191,0.8095238095238095,0.761904761904762,0.7321428571428571,0.396,0.3760718016549499,0.7560863697705803,5,0.8065476190476191,0.91,0.0273861278752583,0.8169635627530365,5,0.7648809523809523,0.484,0.0766811580507232,0.7762483130904183,5,0.7470238095238095,0.8039999999999999,0.2683840531775314,0.766450742240216,5,0.7857142857142857,0.202,0.130843417870369,0.8178002699055332,5,-0.0029761904761903,-0.0119047619047619,0.0625,0.0208333333333332,-0.0238095238095238,0.0327380952380952,-0.0416666666666667,0.484,0.0327380952380952,0.0178571428571429,6.109090909090909,0.484,0.0208333333333332,0.0327380952380952,0.0208333333333332,0.017857142857142905,0.202,-0.0238095238095238,-0.04761904761904756,106,81,233,388,False,False,False,False
SERPING1,113,90,23,500,5,0.946376811594203,0.9903381642512076,0.9859903381642512,0.8743961352657005,0.991304347826087,0.63,0.1208304597359457,0.9923489278752436,5,0.9932367149758454,0.482,0.1241772926102031,0.9939408706952566,5,0.9879227053140096,0.058,0.0925742944882649,0.9917316439246264,5,0.946376811594203,0.014,0.0167332005306815,0.9471166341780378,5,0.9845410628019324,0.082,0.0521536192416211,0.9873050682261209,5,0.0439613526570047,0.0009661835748793,0.0028985507246377,-0.002415458937198,-0.0014492753623189,-0.0033816425120773,-0.0053140096618358,0.058,-0.0033816425120773,-0.1159420289855072,18.31858407079646,0.058,-0.002415458937198,-0.0033816425120773,-0.002415458937198,-0.1159420289855071,0.082,-0.0014492753623189,-0.11159420289855071,320,321,299,287,False,False,False,False
SGSH,44,33,11,502,5,0.6143250688705234,0.6776859504132231,0.8209366391184573,0.6666666666666666,0.6528925619834711,0.6639999999999999,0.1934683436637632,0.6795979740424184,5,0.7823691460055097,0.658,0.1722498185775531,0.8342196897752453,5,0.650137741046832,0.5940000000000001,0.2724518306049713,0.7406695156695157,5,0.6528925619834711,0.788,0.1331164903383498,0.6910335549224438,5,0.8209366391184573,0.064,0.0304959013639538,0.8340693257359924,5,0.0633608815426997,-0.0247933884297519,0.1046831955922865,-0.0275482093663911,0.0,-0.0027548209366391,-0.1322314049586777,0.5940000000000001,-0.0027548209366391,-0.0110192837465564,8.25,0.5940000000000001,-0.0275482093663911,-0.0027548209366391,-0.0275482093663911,-0.011019283746556474,0.064,0.0,-0.15426997245179064,64,410,313,225,False,False,False,False
SH3BP2,16,6,10,561,5,0.3833333333333333,0.1499999999999999,0.1333333333333333,0.4999999999999999,0.3833333333333333,0.0,0.0,0.38375,5,0.1166666666666666,0.048,0.0742967024840268,0.1775,5,0.4666666666666667,0.968,0.0216794833886787,0.4987499999999999,5,0.3166666666666666,0.718,0.4032617016281115,0.5175,5,0.4833333333333333,0.97,0.0173205080756887,0.5,5,-0.2333333333333333,0.2333333333333334,-0.0333333333333333,0.3166666666666667,0.35,0.0833333333333333,0.35,0.968,0.0833333333333333,0.35,3.75,0.968,0.3166666666666667,0.0833333333333333,0.3166666666666667,0.35,0.97,0.35,0.3666666666666666,3,1,2,1,True,True,True,True
SKI,43,18,25,728,5,0.4533333333333333,1.0,0.8688888888888888,0.5,0.9955555555555556,0.6060000000000001,0.0779743547584717,1.0,5,1.0,0.0,0.0,1.0,5,1.0,0.0,0.0,1.0,5,0.5688888888888889,0.5700000000000001,0.0418330013267037,0.5846190476190476,5,0.8666666666666667,0.056,0.0766811580507232,0.8721428571428571,5,0.5466666666666666,-0.0044444444444444,0.0,0.0,-0.0022222222222221,0.0044444444444444,0.0,0.0,0.0044444444444444,-0.5,10.465116279069768,0.0,0.0,0.0044444444444444,0.0,-0.5,0.056,-0.0022222222222221,-0.3688888888888888,437,262,317,295,False,False,False,False
SLC12A3,101,90,11,1021,5,0.8848484848484849,0.9494949494949496,0.902020202020202,0.8363636363636363,0.9454545454545454,0.932,0.1241772926102031,0.9506558641975308,5,0.9404040404040404,0.184,0.1817415747703315,0.9527777777777778,5,0.9434343434343434,0.036,0.0804984471899924,0.951003086419753,5,0.8797979797979798,0.144,0.0826438140455775,0.8954861111111111,5,0.8747474747474747,0.244,0.2341580662714825,0.9207947530864198,5,0.0646464646464646,-0.004040404040404,-0.0090909090909091,-0.0060606060606061,-0.0272727272727273,-0.002020202020202,0.003030303030303,0.036,-0.002020202020202,-0.1131313131313132,9.801980198019802,0.036,-0.0060606060606061,-0.002020202020202,-0.0060606060606061,-0.1131313131313133,0.244,-0.0272727272727273,-0.06565656565656575,339,344,216,395,False,False,False,False
SLC16A2,40,20,20,539,5,0.96,0.9525,0.9425,0.7625000000000001,0.96,0.38,0.303315017762062,0.96796875,5,0.9525,0.142,0.0872926113711807,0.96328125,5,0.935,0.08,0.1461163919620245,0.95859375,5,0.96,0.0,0.0,0.96015625,5,0.9425,0.0,0.0,0.9421875,5,-0.0074999999999999,0.0074999999999999,0.0,-0.0174999999999999,0.0,-0.0249999999999999,-0.0174999999999999,0.08,-0.0249999999999999,-0.1899999999999999,10.0,0.08,-0.0174999999999999,-0.0249999999999999,-0.0174999999999999,-0.18999999999999995,0.0,0.0,-0.17999999999999994,305,385,437,226,False,False,False,False
SLC19A3,16,9,7,496,5,1.0,0.9841269841269842,0.9682539682539684,0.746031746031746,1.0,0.0,0.0,1.0,5,0.984126984126984,0.0,0.0,0.9854761904761904,5,0.984126984126984,0.0,0.0,0.9845238095238096,5,1.0,0.0,0.0,1.0,5,0.9682539682539684,0.16,0.0894427190999915,0.9854761904761904,5,-0.0158730158730158,0.0158730158730158,-1.1102230246251563e-16,-1.1102230246251563e-16,-1.1102230246251563e-16,-0.0158730158730159,0.0,0.0,-0.0158730158730159,-0.2380952380952381,3.9375,0.0,-1.1102230246251563e-16,-0.0158730158730159,-1.1102230246251563e-16,-0.23809523809523814,0.16,-1.1102230246251563e-16,-0.22222222222222232,438,307,260,274,False,False,False,False
SLC1A2,62,6,56,574,5,0.7023809523809523,0.7946428571428571,0.7113095238095238,0.7410714285714286,0.7916666666666666,0.8880000000000001,0.0164316767251549,0.7948282828282828,5,0.7946428571428571,0.0,0.0,0.7894141414141415,5,0.7797619047619048,0.126,0.1771440092128435,0.8043838383838384,5,0.6517857142857143,0.5640000000000001,0.3444996371551064,0.757979797979798,5,0.6398809523809523,0.608,0.4146926572776518,0.763030303030303,5,0.0922619047619047,-0.0029761904761904,0.0,-0.0148809523809523,-0.0714285714285715,-0.0119047619047618,-0.0148809523809523,0.126,-0.0119047619047618,-0.0535714285714284,5.419354838709677,0.126,-0.0148809523809523,-0.0119047619047618,-0.0148809523809523,-0.05357142857142849,0.608,-0.0714285714285715,0.029761904761904767,278,378,44,444,False,False,True,False
SLC20A2,15,8,7,652,5,0.8571428571428572,0.8571428571428572,0.8392857142857143,0.7857142857142857,0.8571428571428571,0.0,0.0,0.8593650793650793,5,0.8571428571428571,0.0,0.0,0.8544444444444445,5,0.8571428571428571,0.0,0.0,0.8593650793650796,5,0.8571428571428571,0.0,0.0,0.8596825396825396,5,0.8392857142857143,0.0,0.0,0.8425396825396826,5,0.0,-1.1102230246251563e-16,-1.1102230246251563e-16,-1.1102230246251563e-16,0.0,0.0,0.0,0.0,0.0,-0.0714285714285715,3.733333333333333,0.0,-1.1102230246251563e-16,0.0,-1.1102230246251563e-16,-0.07142857142857151,0.0,0.0,-0.0535714285714286,439,308,438,227,False,False,False,False
SLC22A5,65,55,10,557,5,0.9436363636363636,0.9781818181818184,0.9781818181818182,0.8981818181818182,0.9709090909090908,0.5900000000000001,0.2324865587512534,0.9806818181818182,5,0.9890909090909092,0.5760000000000001,0.2161712284278368,0.9982954545454544,5,0.9781818181818182,0.02,0.0447213595499957,0.9789772727272726,5,0.9436363636363636,0.0,0.0,0.9420454545454544,5,0.9890909090909092,0.198,0.0402492235949962,0.9954545454545456,5,0.0345454545454546,-0.0072727272727273,0.0109090909090908,-1.1102230246251563e-16,0.0109090909090909,0.0072727272727272,-0.0109090909090909,0.02,0.0072727272727272,-0.08,8.461538461538462,0.02,-1.1102230246251563e-16,0.0072727272727272,-1.1102230246251563e-16,-0.08000000000000018,0.198,0.0109090909090909,-0.07999999999999996,345,309,236,72,False,False,False,False
SLC26A4,117,107,10,780,5,0.8317757009345794,0.8700934579439252,0.8813084112149532,0.822429906542056,0.8644859813084113,0.8,0.094339811320566,0.8714124487004105,5,0.874766355140187,0.682,0.3001999333777407,0.8856463748290013,5,0.8560747663551402,0.396,0.2112581359380035,0.8867236662106703,5,0.8037383177570093,0.418,0.3553449028760649,0.8446101231190151,5,0.8579439252336448,0.292,0.2883053936366782,0.8903214774281805,5,0.0383177570093458,-0.0056074766355139,0.0046728971962617,-0.0140186915887849,-0.0233644859813083,-0.008411214953271,-0.0186915887850467,0.396,-0.008411214953271,-0.0476635514018691,9.145299145299145,0.396,-0.0140186915887849,-0.008411214953271,-0.0140186915887849,-0.047663551401869175,0.292,-0.0233644859813083,-0.058878504672897125,144,373,179,386,False,False,False,False
SLC27A4,13,8,5,643,5,0.975,0.975,0.95,0.95,0.975,0.0,0.0,0.9690476190476192,5,0.975,0.0,0.0,0.9761904761904764,5,0.975,0.0,0.0,0.9773809523809524,5,0.975,0.0,0.0,0.9761904761904764,5,0.95,0.096,0.0876356092008265,0.9761904761904764,5,0.0,-1.1102230246251563e-16,-1.1102230246251563e-16,-1.1102230246251563e-16,0.0,0.0,0.0,0.0,0.0,-0.025,3.076923076923077,0.0,-1.1102230246251563e-16,0.0,-1.1102230246251563e-16,-0.025000000000000022,0.096,0.0,0.0,440,310,293,228,False,False,False,False
SLC29A3,16,7,9,475,5,1.0,1.0,1.0,1.0,1.0,0.0,0.0,1.0,5,1.0,0.0,0.0,1.0,5,1.0,0.0,0.0,1.0,5,1.0,0.0,0.0,1.0,5,1.0,0.0,0.0,1.0,5,0.0,0.0,0.0,0.0,0.0,0.0,0.0,0.0,0.0,0.0,3.9375,0.0,0.0,0.0,0.0,0.0,0.0,0.0,0.0,441,263,439,229,False,False,False,False
SLC2A1,84,78,6,492,5,0.965811965811966,0.9764957264957266,0.9551282051282052,0.938034188034188,0.9786324786324786,0.448,0.1066302021005306,0.980727086533538,5,0.9786324786324786,0.056,0.031304951684997,0.9813722478238608,5,0.9722222222222222,0.222,0.1215318888193547,0.983794162826421,5,0.9658119658119658,0.114,0.1487615541731129,0.9740296979006656,5,0.9658119658119658,0.376,0.1297304898626379,0.9733026113671274,5,0.0106837606837606,0.002136752136752,0.002136752136752,-0.0042735042735043,0.0106837606837606,-0.0064102564102563,-0.0064102564102563,0.222,-0.0064102564102563,-0.0384615384615385,5.571428571428571,0.222,-0.0042735042735043,-0.0064102564102563,-0.0042735042735043,-0.03846153846153855,0.376,0.0106837606837606,-0.017094017094017144,227,335,138,74,False,False,False,False
SLC2A10,16,6,10,541,5,1.0,1.0,1.0,0.9333333333333332,1.0,0.0,0.0,1.0,5,1.0,0.0,0.0,1.0,5,1.0,0.0,0.0,1.0,5,1.0,0.0,0.0,1.0,5,1.0,0.0,0.0,1.0,5,0.0,0.0,0.0,0.0,0.0,0.0,0.0,0.0,0.0,-0.0666666666666666,3.75,0.0,0.0,0.0,0.0,-0.06666666666666676,0.0,0.0,-0.06666666666666676,442,264,440,230,False,False,False,False
SLC34A3,19,7,12,599,5,0.9642857142857142,1.0,0.9285714285714286,0.8928571428571428,0.9642857142857144,0.6719999999999999,0.466819022748645,1.0,5,1.0,0.0,0.0,1.0,5,1.0,0.0,0.0,1.0,5,0.9642857142857144,0.06,0.0424264068711928,0.9889629629629628,5,0.9047619047619048,0.43,0.2435159132377184,0.9658518518518516,5,0.0357142857142858,-0.0357142857142857,0.0,0.0,-0.0238095238095238,0.0357142857142857,0.0,0.0,0.0357142857142857,-0.1071428571428572,4.421052631578948,0.0,0.0,0.0357142857142857,0.0,-0.1071428571428572,0.43,-0.0238095238095238,-0.03571428571428581,443,265,107,389,False,False,False,False
SLC35A2,31,13,18,396,5,0.9829059829059827,0.9871794871794872,0.9743589743589745,0.8931623931623932,0.9829059829059827,0.216,0.1971801207018598,0.9864502164502164,5,0.9829059829059827,0.3359999999999999,0.1878297101099823,0.996034632034632,5,0.9529914529914528,0.126,0.2817445651649735,0.987922077922078,5,0.9829059829059827,0.0699999999999999,0.039370039370059,0.991948051948052,5,0.9786324786324786,0.386,0.1654690303349844,0.996034632034632,5,0.0042735042735042,-0.0042735042735042,-0.0042735042735042,-0.0341880341880341,0.0042735042735042,-0.0299145299145299,-0.0299145299145299,0.126,-0.0299145299145299,-0.0940170940170939,7.548387096774194,0.126,-0.0341880341880341,-0.0299145299145299,-0.0341880341880341,-0.09401709401709402,0.386,0.0042735042735042,-0.08119658119658124,279,424,130,93,False,False,False,False
SLC40A1,23,13,10,571,5,0.7692307692307692,0.9,0.9384615384615383,0.7769230769230769,0.8384615384615385,0.6040000000000001,0.0876356092008266,0.9018181818181816,5,0.9230769230769232,0.792,0.3041710045352778,0.9379545454545454,5,0.9076923076923076,0.624,0.123409886151799,0.9188636363636362,5,0.7230769230769231,0.654,0.3779285646785646,0.8154545454545457,5,0.9384615384615383,0.0,0.0,0.9365909090909093,5,0.1307692307692308,-0.0615384615384615,0.0230769230769231,0.0076923076923076,0.0,0.0692307692307692,-0.0153846153846154,0.624,0.0692307692307692,-0.123076923076923,5.652173913043479,0.624,0.0076923076923076,0.0692307692307692,0.0076923076923076,-0.12307692307692308,0.0,0.0,-0.1615384615384614,56,123,441,231,False,False,False,False
SLC4A1,27,19,8,911,5,0.8355263157894737,0.881578947368421,0.986842105263158,0.9144736842105264,0.8552631578947368,0.408,0.153850576859497,0.8804365079365081,5,0.9736842105263158,0.8320000000000001,0.2300434741521697,0.9872619047619048,5,0.8618421052631579,0.6439999999999999,0.4456792568652932,0.9295833333333332,5,0.9144736842105264,0.946,0.0054772255750516,0.9234722222222222,5,0.986842105263158,0.0,0.0,0.9853968253968256,5,0.0460526315789473,-0.0263157894736841,0.0921052631578948,-0.0197368421052631,0.0,0.006578947368421,-0.1118421052631579,0.6439999999999999,0.006578947368421,0.0328947368421053,5.62962962962963,0.6439999999999999,-0.0197368421052631,0.006578947368421,-0.0197368421052631,0.03289473684210542,0.0,0.0,-0.07236842105263153,52,393,442,232,False,False,False,False
SLC4A11,29,18,11,875,5,0.9595959595959596,0.9797979797979796,0.9191919191919192,0.7676767676767677,0.9797979797979798,0.53,0.3307567081708246,0.9796296296296296,5,0.9797979797979798,0.0,0.0,0.9812962962962964,5,0.9797979797979798,0.0,0.0,0.9797883597883598,5,0.9595959595959596,0.0,0.0,0.9609523809523808,5,0.904040404040404,0.262,0.1465264481245621,0.9453703703703704,5,0.0202020202020201,1.1102230246251563e-16,1.1102230246251563e-16,1.1102230246251563e-16,-0.015151515151515,0.0,0.0,0.0,0.0,-0.2121212121212119,6.827586206896552,0.0,1.1102230246251563e-16,0.0,1.1102230246251563e-16,-0.21212121212121182,0.262,-0.015151515151515,-0.1515151515151515,444,153,201,356,False,False,False,False
SLC52A3,11,6,5,469,5,0.9666666666666668,1.0,1.0,0.9666666666666668,0.9666666666666668,0.012,0.0109544511501033,1.0,5,1.0,0.0,0.0,1.0,5,1.0,0.0,0.0,1.0,5,0.9666666666666668,0.012,0.0109544511501033,1.0,5,1.0,0.0,0.0,1.0,5,0.0333333333333332,-0.0333333333333333,0.0,0.0,0.0,0.0333333333333333,0.0,0.0,0.0333333333333333,-0.0333333333333332,2.727272727272727,0.0,0.0,0.0333333333333333,0.0,-0.033333333333333215,0.0,0.0,-0.033333333333333215,445,266,443,233,False,False,False,False
SLC6A1,107,53,54,599,5,0.7931516422082461,0.8081761006289309,0.8986722571628233,0.8403214535290008,0.7973445143256463,0.63,0.3140859754907882,0.8094877539983003,5,0.8958770090845563,0.968,0.0715541752799932,0.89891985605885,5,0.8469601677148847,0.75,0.0812403840463596,0.8529008309159742,5,0.8522012578616353,0.76,0.0,0.8520086322547111,5,0.9018169112508736,0.276,0.0151657508881031,0.9021416162708752,5,0.0150244584206847,-0.0108315863032845,0.0877009084556253,0.0387840670859538,0.0031446540880502,0.0496156533892383,-0.0489168413696715,0.75,0.0496156533892383,0.0321453529000699,26.747663551401867,0.75,0.0387840670859538,0.0496156533892383,0.0387840670859538,0.03214535290006992,0.276,0.0031446540880502,-0.0583508036338225,30,54,188,96,True,False,False,False
SLC6A19,15,6,9,634,5,1.0,0.9629629629629628,0.9629629629629628,0.9814814814814814,1.0,0.0,0.0,1.0,5,0.9629629629629628,0.018,0.0164316767251549,0.9828571428571428,5,0.9629629629629628,0.258,0.2355206997272214,1.0,5,1.0,0.0,0.0,1.0,5,0.925925925925926,0.246,0.2245662485771181,0.9828571428571428,5,-0.037037037037037,0.037037037037037,0.0,0.0,-0.0370370370370369,-0.037037037037037,0.0,0.258,-0.037037037037037,0.0185185185185184,3.6,0.258,0.0,-0.037037037037037,0.0,0.0185185185185186,0.246,-0.0370370370370369,0.0185185185185186,202,267,215,412,False,False,False,False
SLC6A5,30,7,23,797,5,0.968944099378882,0.9751552795031057,0.9751552795031057,0.9627329192546584,0.9751552795031057,0.242,0.1359043781487557,0.9862768031189084,5,0.968944099378882,0.56,0.3130495168499705,0.988382066276803,5,0.968944099378882,0.118,0.0766159252375118,0.988382066276803,5,0.9751552795031057,0.44,0.2459674775249768,0.9823196881091618,5,0.9813664596273292,0.184,0.1028591269649903,0.9881286549707604,5,0.0062111801242236,-1.1102230246251563e-16,-0.0062111801242236,-0.0062111801242236,0.0062111801242236,-0.0062111801242235,0.0,0.118,-0.0062111801242235,-0.0124223602484472,5.366666666666666,0.118,-0.0062111801242236,-0.0062111801242235,-0.0062111801242236,-0.012422360248447228,0.184,0.0062111801242236,-0.012422360248447228,284,346,243,88,False,False,False,False
SLC6A8,67,31,36,635,5,0.9318996415770608,0.9417562724014336,0.9793906810035842,0.9605734767025088,0.9471326164874552,0.4399999999999999,0.1462873883832779,0.955032840722496,5,0.9767025089605734,0.6679999999999999,0.1194571052721436,0.9894236453201972,5,0.9623655913978496,0.592,0.1483913744123963,0.9692019704433495,5,0.9695340501792116,0.5520000000000002,0.0917605579756357,0.9723530377668308,5,0.9847670250896058,0.4019999999999999,0.1237739875741264,0.991950738916256,5,0.0098566308243728,0.0053763440860215,0.0349462365591397,0.0206093189964158,0.0053763440860216,0.0152329749103943,-0.0143369175627239,0.592,0.0152329749103943,0.0188172043010752,16.65671641791045,0.592,0.0206093189964158,0.0152329749103943,0.0206093189964158,0.018817204301075252,0.4019999999999999,0.0053763440860216,-0.018817204301075363,66,82,120,91,False,False,False,False
SLC9A6,19,6,13,679,5,0.935897435897436,0.935897435897436,0.8333333333333333,0.8076923076923077,0.9102564102564102,0.276,0.3779285646785646,0.9454545454545452,5,0.9230769230769232,0.042,0.0383405790253616,0.965090909090909,5,0.935897435897436,0.0,0.0,0.9418181818181818,5,0.935897435897436,0.0,0.0,0.938181818181818,5,0.8076923076923077,0.3239999999999999,0.2228901074520805,0.8796363636363637,5,0.0,-0.0256410256410256,-0.0128205128205127,0.0,-0.0256410256410255,0.0256410256410256,0.0128205128205127,0.0,0.0256410256410256,-0.1282051282051282,4.105263157894737,0.0,0.0,0.0256410256410256,0.0,-0.1282051282051283,0.3239999999999999,-0.0256410256410255,-0.02564102564102555,446,268,163,392,False,False,False,False
SLCO2A1,16,6,10,643,5,1.0,1.0,1.0,0.9666666666666668,1.0,0.0,0.0,1.0,5,1.0,0.0,0.0,1.0,5,1.0,0.0,0.0,1.0,5,1.0,0.0,0.0,1.0,5,1.0,0.0,0.0,1.0,5,0.0,0.0,0.0,0.0,0.0,0.0,0.0,0.0,0.0,-0.0333333333333332,3.75,0.0,0.0,0.0,0.0,-0.033333333333333215,0.0,0.0,-0.033333333333333215,447,269,444,234,False,False,False,False
SMARCAL1,22,9,13,954,5,0.9572649572649572,1.0,1.0,0.982905982905983,0.9572649572649572,0.4200000000000001,0.2473863375370596,1.0,5,1.0,0.0,0.0,1.0,5,1.0,0.0,0.0,1.0,5,0.9230769230769232,0.548,0.4393973145115932,0.9895454545454544,5,1.0,0.0,0.0,1.0,5,0.0427350427350426,-0.0427350427350426,0.0,0.0,0.0,0.0427350427350426,0.0,0.0,0.0427350427350426,-0.017094017094017,5.318181818181818,0.0,0.0,0.0427350427350426,0.0,-0.017094017094017033,0.0,0.0,-0.017094017094017033,448,270,445,235,False,False,False,False
SMPD1,103,97,6,631,5,0.950171821305842,0.9484536082474226,0.943298969072165,0.7800687285223367,0.9587628865979382,0.544,0.2817445651649735,0.9705561105561106,5,0.9415807560137456,0.402,0.31316130029108,0.958876123876124,5,0.915807560137457,0.256,0.1768615277554731,0.969165834165834,5,0.9518900343642612,0.092,0.0794984276574071,0.957715617715618,5,0.9329896907216496,0.15,0.0839642781187333,0.9521894771894772,5,-0.0017182130584192,0.0103092783505155,-0.0068728522336769,-0.0326460481099656,-0.0103092783505155,-0.0429553264604811,-0.0257731958762886,0.256,-0.0429553264604811,-0.1683848797250859,5.650485436893204,0.256,-0.0326460481099656,-0.0429553264604811,-0.0326460481099656,-0.16838487972508598,0.15,-0.0103092783505155,-0.16323024054982838,205,418,265,337,False,False,False,False
SNAP25,25,17,8,206,5,0.8823529411764706,0.9485294117647058,0.9117647058823528,0.9191176470588236,0.8897058823529411,0.8540000000000001,0.247244817943673,0.9467032967032968,5,0.9338235294117648,0.088,0.0819756061276767,0.9613553113553116,5,0.9779411764705882,0.122,0.0268328157299974,1.0,5,0.9338235294117648,0.5860000000000001,0.1033440854621105,0.9606227106227104,5,0.9191176470588236,0.418,0.1609968943799848,0.9767399267399268,5,0.0661764705882352,-0.0588235294117647,-0.0147058823529411,0.0294117647058823,0.0073529411764705,0.088235294117647,0.0441176470588234,0.122,0.088235294117647,-0.0294117647058823,5.44,0.122,0.0294117647058823,0.088235294117647,0.0294117647058823,-0.02941176470588225,0.418,0.0073529411764705,0.007352941176470784,281,66,111,85,False,False,False,False
SOX10,34,19,15,466,5,0.9473684210526316,0.9649122807017544,0.9894736842105264,0.9824561403508772,0.9614035087719298,0.6200000000000001,0.0547722557505166,0.9649305555555556,5,0.9789473684210528,0.5900000000000001,0.1776231966833161,1.0,5,0.9649122807017544,0.436,0.2943297470525193,0.9900694444444446,5,0.9859649122807016,0.544,0.0536656314599949,0.9945833333333332,5,0.9894736842105264,0.102,0.069065186599328,0.9966666666666668,5,0.0175438596491227,-0.0035087719298245,0.0140350877192982,0.0,0.0,0.0035087719298245,-0.0140350877192982,0.436,0.0035087719298245,0.0175438596491228,8.382352941176471,0.436,0.0,0.0035087719298245,0.0,0.01754385964912286,0.102,0.0,-0.007017543859649145,126,271,287,236,False,False,False,False
SOX11,63,44,19,441,5,0.9521531100478468,0.9521531100478468,0.9820574162679426,0.9413875598086124,0.9533492822966508,0.448,0.3062188759694608,0.956915343915344,5,0.9808612440191388,0.45,0.0758287544405155,0.9832592592592592,5,0.9294258373205742,0.226,0.3674642839787289,0.9564021164021164,5,0.9473684210526316,0.256,0.3219937887599697,0.9580767195767196,5,0.9808612440191388,0.136,0.128763348822559,0.9844867724867724,5,0.0,0.0011961722488038,0.0287081339712919,-0.0227272727272727,-0.0011961722488038,-0.0239234449760765,-0.0514354066985646,0.226,-0.0239234449760765,-0.0107655502392345,13.26984126984127,0.226,-0.0227272727272727,-0.0239234449760765,-0.0227272727272727,-0.010765550239234312,0.136,-0.0011961722488038,-0.04066985645933019,226,403,272,285,False,False,False,False
SOX2,19,10,9,317,5,1.0,1.0,1.0,1.0,1.0,0.0,0.0,1.0,5,1.0,0.0,0.0,1.0,5,1.0,0.0,0.0,1.0,5,1.0,0.0,0.0,1.0,5,1.0,0.0,0.0,1.0,5,0.0,0.0,0.0,0.0,0.0,0.0,0.0,0.0,0.0,0.0,4.7368421052631575,0.0,0.0,0.0,0.0,0.0,0.0,0.0,0.0,449,272,446,237,False,False,False,False
SOX5,28,16,12,763,5,0.9166666666666666,0.8489583333333333,0.90625,0.9635416666666669,0.921875,0.264,0.0766811580507232,0.9274786324786324,5,0.8645833333333334,0.542,0.3328963802747035,0.9225213675213676,5,0.953125,0.8220000000000001,0.1096357605893259,0.9606410256410256,5,0.9583333333333334,0.6420000000000001,0.1597498043817268,0.9773931623931624,5,0.9375,0.9,0.168967452487158,0.9637179487179488,5,-0.0677083333333333,0.0729166666666667,0.0156250000000001,0.1041666666666667,0.03125,0.03125,0.0885416666666666,0.8220000000000001,0.03125,0.1145833333333334,6.857142857142857,0.8220000000000001,0.1041666666666667,0.03125,0.1041666666666667,0.11458333333333359,0.9,0.03125,0.05729166666666685,17,20,3,35,True,True,True,True
SOX6,21,7,14,828,5,0.5408163265306123,0.5816326530612244,0.7040816326530611,0.5816326530612245,0.5102040816326531,0.368,0.2100476136498579,0.6175757575757576,5,0.5918367346938775,0.424,0.2076776348093362,0.7136363636363636,5,0.5204081632653061,0.36,0.4930010141977397,0.6112121212121212,5,0.5102040816326531,0.688,0.3861605883567094,0.5896969696969696,5,0.6938775510204082,0.214,0.1802220852171009,0.7354545454545456,5,0.040816326530612,-0.0714285714285712,0.0102040816326531,-0.0612244897959182,-0.0102040816326529,0.010204081632653,-0.0714285714285714,0.36,0.010204081632653,1.1102230246251563e-16,4.666666666666667,0.36,-0.0612244897959182,0.010204081632653,-0.0612244897959182,1.1102230246251565e-16,0.214,-0.0102040816326529,-0.12244897959183665,159,448,228,336,False,False,False,False
SOX9,49,30,19,509,5,0.9070175438596492,0.8982456140350876,0.8631578947368421,0.9982456140350878,0.9070175438596492,0.0699999999999999,0.0509901951359278,0.9122222222222222,5,0.956140350877193,0.2799999999999999,0.039370039370059,0.9692708333333334,5,0.9964912280701754,0.7879999999999999,0.0268328157299975,0.9983333333333334,5,0.9614035087719298,0.682,0.2540078738937044,0.9977777777777778,5,0.9929824561403509,0.6979999999999998,0.0303315017762061,0.9978125,5,-0.0087719298245615,0.0087719298245615,0.0578947368421053,0.0982456140350878,0.1298245614035087,0.0894736842105262,0.0403508771929824,0.7879999999999999,0.0894736842105262,0.1000000000000002,11.63265306122449,0.7879999999999999,0.0982456140350878,0.0894736842105262,0.0982456140350878,0.1000000000000002,0.6979999999999998,0.1298245614035087,0.1350877192982457,20,23,26,7,True,True,True,True
SPAST,137,123,14,616,5,0.8722415795586528,0.8960511033681765,0.9901277584204412,0.93205574912892,0.8914053426248548,0.8239999999999998,0.1258173279004128,0.898567774217125,5,0.989547038327526,0.938,0.0164316767251549,0.9898062255205112,5,0.9355400696864112,0.8539999999999999,0.0134164078649987,0.9375274076572776,5,0.9337979094076656,0.8960000000000001,0.0336154726279432,0.9352724836491072,5,0.989547038327526,0.066,0.0602494813255682,0.9913354322445233,5,0.0238095238095237,-0.0046457607433216,0.0934959349593496,0.0394889663182346,-0.0005807200929152,0.0441347270615563,-0.0540069686411149,0.8539999999999999,0.0441347270615563,0.0360046457607433,12.569343065693433,0.8539999999999999,0.0394889663182346,0.0441347270615563,0.0394889663182346,0.03600464576074347,0.066,-0.0005807200929152,-0.05807200929152123,14,52,311,280,True,False,False,False
SPG7,24,16,8,795,5,0.8984375,0.921875,0.984375,0.984375,0.90625,0.43,0.273861278752583,0.918131868131868,5,0.96875,0.304,0.0973652915571046,0.9926739926739928,5,0.9609375,0.75,0.2328089345364563,0.9805860805860808,5,0.9609375,0.948,0.0939148550549911,0.9853479853479854,5,0.9765625,0.304,0.2426520142096496,1.0,5,0.0234375,-0.015625,0.046875,0.0390625,-0.0078125,0.0546875,-0.0078125,0.75,0.0546875,0.0625,5.333333333333333,0.75,0.0390625,0.0546875,0.0390625,0.0625,0.304,-0.0078125,0.0,31,53,170,329,True,False,False,False
SRD5A2,39,31,8,254,5,0.9193548387096774,0.8508064516129032,0.939516129032258,0.8669354838709677,0.9193548387096774,0.0579999999999999,0.0349284983931459,0.9285714285714286,5,0.9314516129032258,0.8240000000000001,0.0904433524367601,0.9377619047619048,5,0.8790322580645161,0.718,0.1109954954040928,0.9050952380952382,5,0.8870967741935484,0.382,0.302026488904533,0.9477619047619048,5,0.9193548387096774,0.302,0.2327444951013879,0.956047619047619,5,-0.0685483870967741,0.0685483870967741,0.0806451612903225,0.0282258064516128,-0.0201612903225806,-0.0403225806451612,-0.0524193548387096,0.718,-0.0403225806451612,0.0161290322580645,6.358974358974359,0.718,0.0282258064516128,-0.0403225806451612,0.0282258064516128,0.016129032258064502,0.302,-0.0201612903225806,-0.07258064516129026,36,68,171,376,True,False,False,False
STAT3,84,61,23,770,5,0.8410548823948681,0.880256593014968,0.8845331432644333,0.6935138987883107,0.8702779757662152,0.4639999999999999,0.1991983935678197,0.8951843895452918,5,0.902352102637206,0.4519999999999999,0.1273577637994637,0.9065834228428212,5,0.8624376336421953,0.266,0.1657709262808168,0.8940759637188208,5,0.8218104062722738,0.238,0.1507315494513341,0.8546171977562954,5,0.8937990021382751,0.478,0.1458423806717375,0.9055973266499582,5,0.0392017106200998,-0.0099786172487527,0.022095509622238,-0.0178189593727726,0.0092658588738417,-0.0078403421240199,-0.0399144689950107,0.266,-0.0078403421240199,-0.1867426942266572,16.702380952380953,0.266,-0.0178189593727726,-0.0078403421240199,-0.0178189593727726,-0.18674269422665724,0.478,0.0092658588738417,-0.19101924447612262,192,386,81,79,False,False,False,False
STIM1,23,13,10,716,5,0.9076923076923076,0.9769230769230768,0.9846153846153848,0.776923076923077,0.9692307692307692,0.678,0.0268328157299974,0.9786363636363636,5,0.9846153846153848,0.118,0.0988433103452125,1.0,5,0.9769230769230768,0.15,0.1369306393762915,0.9902272727272728,5,0.8923076923076924,0.29,0.192873015219859,0.9297727272727272,5,0.9615384615384616,0.392,0.2191346617949794,0.9927272727272728,5,0.0692307692307692,-0.0076923076923076,0.0076923076923077,0.0,-0.0230769230769231,0.0076923076923076,-0.0076923076923077,0.15,0.0076923076923076,-0.1999999999999998,5.652173913043479,0.15,0.0,0.0076923076923076,0.0,-0.19999999999999973,0.392,-0.0230769230769231,-0.20769230769230773,264,273,123,385,False,False,False,False
STING1,17,5,12,379,5,0.3333333333333333,0.35,0.2666666666666667,0.5,0.3166666666666666,0.4,0.2236067977499789,0.3933333333333333,5,0.3,0.1379999999999999,0.1351665639128257,0.3755555555555555,5,0.4,0.6759999999999999,0.2058640327983497,0.51,5,0.4,0.6799999999999999,0.2808024216419794,0.515,5,0.3666666666666666,0.624,0.2966985001647295,0.5016666666666667,5,0.0166666666666667,-0.0333333333333333,-0.05,0.0499999999999999,0.0999999999999999,0.0833333333333333,0.1,0.6759999999999999,0.0833333333333333,0.1499999999999999,3.5294117647058822,0.6759999999999999,0.0499999999999999,0.0833333333333333,0.0499999999999999,0.15000000000000002,0.624,0.0999999999999999,0.23333333333333328,43,40,41,9,True,True,True,True
STK11,33,28,5,433,5,1.0,0.9928571428571428,0.9642857142857144,1.0,1.0,0.0,0.0,1.0,5,0.9928571428571428,0.0,0.0,0.9933794466403162,5,0.9928571428571428,0.162,0.1478850905263948,1.0,5,1.0,0.0,0.0,1.0,5,0.9357142857142856,0.392,0.225211012164148,1.0,5,-0.0071428571428571,0.0071428571428571,0.0,0.0,-0.0285714285714285,-0.0071428571428571,0.0,0.162,-0.0071428571428571,0.0071428571428571,4.242424242424242,0.162,0.0,-0.0071428571428571,0.0,0.0071428571428572285,0.392,-0.0285714285714285,0.03571428571428559,256,274,124,399,False,False,False,False
STRA6,14,6,8,667,5,0.8541666666666667,1.0,0.9583333333333334,0.4583333333333333,0.9166666666666666,0.238,0.1273577637994637,1.0,5,1.0,0.0,0.0,1.0,5,1.0,0.0,0.0,1.0,5,0.8541666666666666,0.0,0.0,0.8561904761904762,5,0.9583333333333334,0.0,0.0,0.9609523809523812,5,0.1458333333333332,-0.0833333333333333,0.0,0.0,0.0,0.0833333333333333,0.0,0.0,0.0833333333333333,-0.5416666666666667,3.4285714285714284,0.0,0.0,0.0833333333333333,0.0,-0.5416666666666667,0.0,0.0,-0.5,450,275,447,238,False,False,False,False
STS,16,6,10,578,5,0.8333333333333333,0.9166666666666666,0.95,0.7,0.8833333333333333,0.546,0.1043072384832423,0.9325,5,0.9333333333333332,0.328,0.1833575741549827,0.965,5,0.9,0.132,0.1204989626511365,0.9325,5,0.8333333333333334,0.024,0.0219089023002066,0.85375,5,0.95,0.0,0.0,0.95375,5,0.0833333333333333,-0.0333333333333333,0.0166666666666667,-0.0166666666666666,-1.1102230246251563e-16,0.0166666666666667,-0.0333333333333333,0.132,0.0166666666666667,-0.2166666666666666,3.75,0.132,-0.0166666666666666,0.0166666666666667,-0.0166666666666666,-0.21666666666666667,0.0,-1.1102230246251563e-16,-0.25,274,383,448,275,False,False,False,False
STXBP1,127,83,44,594,5,0.8852683461117197,0.9164841182913472,0.871303395399781,0.8658269441401972,0.9181270536692224,0.844,0.0634822809924155,0.9207404535762744,5,0.9022453450164294,0.2219999999999999,0.1418449858119771,0.923621861830817,5,0.911829134720701,0.056,0.091268833672837,0.9175837622852548,5,0.8912924424972618,0.206,0.0357770876399966,0.892968275505589,5,0.8682913472070098,0.478,0.1661926592843378,0.8933106832360564,5,0.0312157721796275,0.001642935377875,-0.0142387732749178,-0.0046549835706461,-0.0030120481927711,-0.0062979189485212,0.0095837897042716,0.056,-0.0062979189485212,-0.05065717415115,28.755905511811022,0.056,-0.0046549835706461,-0.0062979189485212,-0.0046549835706461,-0.05065717415115001,0.478,-0.0030120481927711,-0.005476451259583737,322,337,82,304,False,False,False,False
SUCLA2,12,5,7,463,5,0.9428571428571428,0.9714285714285716,0.9714285714285716,0.8857142857142857,0.9428571428571428,0.054,0.0492950301754649,0.9733333333333332,5,0.9714285714285714,0.084,0.0766811580507232,1.0,5,0.9714285714285714,0.0,0.0,0.9733333333333334,5,0.9428571428571428,0.042,0.0383405790253616,0.9716666666666668,5,0.9714285714285714,0.0,0.0,0.9716666666666668,5,0.0285714285714286,-0.0285714285714286,-1.1102230246251563e-16,-1.1102230246251563e-16,-1.1102230246251563e-16,0.0285714285714285,0.0,0.0,0.0285714285714285,-0.0857142857142858,2.9166666666666665,0.0,-1.1102230246251563e-16,0.0285714285714285,-1.1102230246251563e-16,-0.08571428571428596,0.0,-1.1102230246251563e-16,-0.08571428571428596,451,311,449,276,False,False,False,False
SUMF1,24,17,7,374,5,0.9663865546218487,1.0,1.0,0.3949579831932773,0.9915966386554622,0.146,0.0391152144312159,1.0,5,1.0,0.0,0.0,1.0,5,1.0,0.0,0.0,1.0,5,0.9663865546218487,0.0,0.0,0.9652747252747252,5,1.0,0.0,0.0,1.0,5,0.0336134453781512,-0.0084033613445377,0.0,0.0,0.0,0.0084033613445377,0.0,0.0,0.0084033613445377,-0.6050420168067228,4.958333333333333,0.0,0.0,0.0084033613445377,0.0,-0.6050420168067228,0.0,0.0,-0.6050420168067228,452,276,450,239,False,False,False,False
TAOK1,15,9,6,1001,5,0.9814814814814816,1.0,0.9444444444444444,1.0,0.9814814814814816,0.486,0.4436552715791846,1.0,5,1.0,0.0,0.0,1.0,5,1.0,0.0,0.0,1.0,5,0.9629629629629628,0.488,0.2728002932549743,1.0,5,0.8703703703703703,0.2299999999999999,0.1303840481040529,1.0,5,0.0185185185185184,-0.0185185185185184,0.0,0.0,-0.074074074074074,0.0185185185185184,0.0,0.0,0.0185185185185184,0.0,3.6,0.0,0.0,0.0185185185185184,0.0,0.0,0.2299999999999999,-0.074074074074074,0.05555555555555558,453,277,224,445,False,False,False,False
TBR1,27,14,13,682,5,0.8901098901098901,0.934065934065934,1.0,0.956043956043956,0.8626373626373627,0.482,0.2722498852157701,0.9414876033057852,5,0.934065934065934,0.466,0.3305752561823102,1.0,5,0.9395604395604396,0.592,0.342081861547788,0.954793388429752,5,0.8846153846153846,0.422,0.1744133022449836,0.9562809917355372,5,1.0,0.0,0.0,1.0,5,0.043956043956044,-0.0714285714285714,0.0,0.0054945054945054,0.0,0.0769230769230768,0.0054945054945054,0.592,0.0769230769230768,0.021978021978022,6.7407407407407405,0.592,0.0054945054945054,0.0769230769230768,0.0054945054945054,0.02197802197802201,0.0,0.0,-0.04395604395604402,67,133,451,240,False,False,False,False
TBX4,21,8,13,546,5,0.971153846153846,0.9615384615384616,0.9423076923076924,0.971153846153846,0.971153846153846,0.0,0.0,0.9705627705627704,5,0.9615384615384616,0.0,0.0,0.9543290043290042,5,0.9615384615384616,0.096,0.0876356092008265,0.96995670995671,5,0.9615384615384616,0.156,0.1424078649513432,0.9815584415584416,5,0.9423076923076924,0.442,0.2604227332626704,0.9732900432900432,5,-0.0096153846153844,0.0096153846153845,0.0,0.0,0.0,-0.0096153846153845,0.0,0.096,-0.0096153846153845,0.0096153846153844,4.9523809523809526,0.096,0.0,-0.0096153846153845,0.0,0.00961538461538447,0.442,0.0,0.028846153846153633,294,278,102,241,False,False,False,False
TBX5,33,19,14,518,5,0.9060150375939848,0.9060150375939848,0.9360902255639098,0.9360902255639098,0.8721804511278195,0.094,0.0835463942968216,0.9213888888888888,5,0.943609022556391,0.5839999999999999,0.0581377674149945,0.9637121212121212,5,0.8571428571428571,0.658,0.3998374669787712,0.9471717171717172,5,0.8947368421052632,0.2679999999999999,0.2012958022413781,0.9624242424242424,5,0.9323308270676692,0.44,0.3144837038703277,0.9691161616161617,5,0.0,-0.0338345864661654,0.037593984962406,-0.0488721804511278,-0.0037593984962406,-0.0150375939849624,-0.0864661654135339,0.658,-0.0150375939849624,0.0300751879699248,8.06060606060606,0.658,-0.0488721804511278,-0.0150375939849624,-0.0488721804511278,0.03007518796992492,0.44,-0.0037593984962406,0.0,48,438,103,309,False,False,False,False
TCF4,84,40,44,671,5,0.8994318181818183,0.93125,0.9085227272727272,0.9096590909090908,0.9096590909090908,0.736,0.3420964776199837,0.9330555555555556,5,0.9267045454545456,0.182,0.0867179335547152,0.9407986111111112,5,0.9255681818181818,0.344,0.2289759812731457,0.9359424603174602,5,0.9119318181818182,0.64,0.2190890230020664,0.9204464285714286,5,0.9471590909090908,0.66,0.1004987562112088,0.9536111111111112,5,0.0318181818181817,-0.0215909090909091,-0.0045454545454545,-0.0056818181818182,0.0386363636363635,0.0159090909090908,-0.0011363636363637,0.344,0.0159090909090908,-0.0215909090909091,20.952380952380956,0.344,-0.0056818181818182,0.0159090909090908,-0.0056818181818182,-0.021590909090909216,0.66,0.0386363636363635,0.001136363636363602,164,342,33,30,False,False,True,True
TFE3,21,11,10,575,5,0.3181818181818182,0.2818181818181818,1.0,0.5,0.3,0.052,0.0486826457785523,0.3215277777777778,5,0.9636363636363636,0.5820000000000001,0.0521536192416211,1.0,5,0.4909090909090909,0.938,0.0164316767251549,0.4961805555555555,5,0.4909090909090909,0.93,0.0447213595499957,0.5010416666666667,5,1.0,0.0,0.0,1.0,5,-0.0363636363636363,0.0181818181818181,0.6818181818181819,0.2090909090909091,0.0,0.1909090909090909,-0.4727272727272727,0.938,0.1909090909090909,0.2181818181818182,5.238095238095238,0.938,0.2090909090909091,0.1909090909090909,0.2090909090909091,0.2181818181818182,0.0,0.0,-0.5,6,3,452,242,True,True,False,False
TGFBR1,42,35,7,503,5,0.7755102040816326,0.9632653061224488,1.0,0.8530612244897958,0.9591836734693876,0.976,0.0089442719099991,0.9661904761904764,5,0.9918367346938776,0.212,0.0438178046004132,1.0,5,0.963265306122449,0.0,0.0,0.9633333333333332,5,0.8448979591836735,0.8080000000000002,0.1829480800664494,0.8507142857142856,5,1.0,0.0,0.0,1.0,5,0.1877551020408162,-0.0040816326530611,0.0285714285714286,1.1102230246251563e-16,0.0,0.0040816326530612,-0.0285714285714285,0.0,0.0040816326530612,-0.110204081632653,5.833333333333333,0.0,1.1102230246251563e-16,0.0040816326530612,1.1102230246251563e-16,-0.11020408163265294,0.0,0.0,-0.14693877551020418,454,154,453,243,False,False,False,False
TGFBR2,81,75,6,567,5,0.8822222222222221,0.908888888888889,0.9422222222222224,0.9466666666666668,0.92,0.616,0.1348332303254654,0.9665,5,0.9466666666666668,0.532,0.2985297305127247,0.9516666666666664,5,0.8888888888888888,0.4599999999999999,0.2742261840160417,0.9755,5,0.9355555555555556,0.8939999999999999,0.100647901120689,0.9493333333333333,5,0.9,0.388,0.2762607463973121,0.9786666666666668,5,0.0266666666666668,0.011111111111111,0.0377777777777776,-0.0200000000000001,-0.0422222222222222,-0.0311111111111112,-0.0577777777777778,0.4599999999999999,-0.0311111111111112,0.0377777777777776,5.555555555555555,0.4599999999999999,-0.0200000000000001,-0.0311111111111112,-0.0200000000000001,0.0377777777777778,0.388,-0.0422222222222222,0.004444444444444362,113,396,128,416,False,False,False,False
TGM1,64,49,15,817,5,0.8843537414965987,0.946938775510204,0.923809523809524,0.6952380952380953,0.9455782312925172,0.8959999999999999,0.0391152144312158,0.9506517094017092,5,0.94421768707483,0.082,0.1723948955160796,0.9489850427350428,5,0.946938775510204,0.018,0.0164316767251549,0.9485897435897436,5,0.8843537414965986,0.266,0.1316434578701121,0.8903205128205128,5,0.9047619047619048,0.1679999999999999,0.1167047556871612,0.9298290598290596,5,0.0625850340136053,-0.001360544217687,-0.0027210884353742,0.0,-0.019047619047619,0.001360544217687,0.0027210884353742,0.018,0.001360544217687,-0.2517006802721088,11.484375,0.018,0.0,0.001360544217687,0.0,-0.2517006802721087,0.1679999999999999,-0.019047619047619,-0.22857142857142865,347,279,252,369,False,False,False,False
TMEM67,46,41,5,995,5,0.8195121951219512,0.9170731707317074,0.902439024390244,0.575609756097561,0.8682926829268293,0.49,0.130384048104053,0.9177083333333332,5,0.8829268292682927,0.392,0.3372239611889997,0.9389204545454544,5,0.9317073170731708,0.4059999999999999,0.031304951684997,0.9403882575757574,5,0.7560975609756098,0.184,0.261686835740738,0.8322443181818182,5,0.8,0.526,0.3095642098176079,0.9420928030303032,5,0.0975609756097561,-0.048780487804878,-0.0341463414634146,0.0146341463414634,-0.1024390243902438,0.0634146341463415,0.048780487804878,0.4059999999999999,0.0634146341463415,-0.3414634146341463,4.456521739130435,0.4059999999999999,0.0146341463414634,0.0634146341463415,0.0146341463414634,-0.3414634146341463,0.526,-0.1024390243902438,-0.326829268292683,138,106,67,462,False,False,False,False
TMPRSS3,34,27,7,453,5,0.984126984126984,0.9947089947089948,0.984126984126984,0.9365079365079364,0.984126984126984,0.5680000000000001,0.4699148859102039,0.9953102453102451,5,0.9947089947089948,0.0,0.0,0.9950793650793652,5,0.9947089947089948,0.0,0.0,0.9932611832611832,5,0.984126984126984,0.0,0.0,0.9847907647907648,5,0.984126984126984,0.0,0.0,0.9853968253968256,5,0.0105820105820106,-0.0105820105820106,-1.1102230246251563e-16,-1.1102230246251563e-16,0.0,0.0105820105820105,0.0,0.0,0.0105820105820105,-0.0582010582010582,5.5588235294117645,0.0,-1.1102230246251563e-16,0.0105820105820105,-1.1102230246251563e-16,-0.058201058201058364,0.0,0.0,-0.04761904761904756,455,312,454,244,False,False,False,False
TNFRSF1A,31,18,13,455,5,0.9615384615384616,1.0,1.0,0.829059829059829,0.97008547008547,0.5640000000000001,0.3590682386399554,1.0,5,1.0,0.0,0.0,1.0,5,1.0,0.0,0.0,1.0,5,0.9658119658119658,0.0639999999999999,0.0397492138287035,0.9697489177489178,5,1.0,0.0,0.0,1.0,5,0.0384615384615385,-0.0299145299145299,0.0,0.0,0.0,0.0299145299145299,0.0,0.0,0.0299145299145299,-0.170940170940171,7.548387096774194,0.0,0.0,0.0299145299145299,0.0,-0.170940170940171,0.0,0.0,-0.170940170940171,456,280,455,245,False,False,False,False
TNPO2,11,6,5,897,5,0.9666666666666668,0.7666666666666666,0.7666666666666666,0.8333333333333334,0.9666666666666668,0.0,0.0,0.9675,5,0.7666666666666667,0.004,0.0089442719099991,0.7799999999999999,5,0.7333333333333333,0.336,0.3431180554852805,0.8375,5,0.9666666666666668,0.0,0.0,0.9675,5,0.8333333333333334,0.136,0.0089442719099991,0.865,5,-0.2000000000000001,0.2,1.1102230246251563e-16,-0.0333333333333333,0.0666666666666667,-0.2333333333333334,-0.0333333333333334,0.336,-0.2333333333333334,0.0666666666666667,2.727272727272727,0.336,-0.0333333333333333,-0.2333333333333334,-0.0333333333333333,0.06666666666666676,0.136,0.0666666666666667,0.06666666666666676,167,421,273,13,False,False,False,True
TP53,200,86,114,393,5,0.8661770705834353,0.9344145246838026,0.9666462668298652,0.4931660546715626,0.9329865361077112,0.948,0.0327108544675922,0.9347507564898868,5,0.9685842513259894,0.8379999999999999,0.0389871773792358,0.9698149995784268,5,0.931966544267646,0.046,0.0760263112349928,0.9348073175758596,5,0.8661770705834353,0.0,0.0,0.8661049202289611,5,0.9643002855977152,0.02,0.0339116499156263,0.966785878230891,5,0.0682374541003673,-0.0014279885760914,0.0341697266421867,-0.0024479804161566,-0.0023459812321501,-0.0010199918400651,-0.0366177070583434,0.046,-0.0010199918400651,-0.4412484700122399,49.02,0.046,-0.0024479804161566,-0.0010199918400651,-0.0024479804161566,-0.44124847001224,0.02,-0.0023459812321501,-0.4734802121583026,331,322,334,296,False,False,False,False
TP63,68,57,11,680,5,0.9250398724082934,0.977671451355662,0.9393939393939394,0.6283891547049442,0.9744816586921852,0.5680000000000001,0.149566038925954,0.9871833064949008,5,0.9760765550239234,0.078,0.0712039324756716,0.978845947396672,5,0.9936204146730464,0.506,0.0618869937870632,0.9955984970477724,5,0.9106858054226477,0.382,0.223427840700303,0.945822597960279,5,0.9681020733652312,0.614,0.0750333259292163,0.9804616210413312,5,0.0526315789473684,-0.0031897926634768,-0.0015948963317384,0.0159489633173843,0.0287081339712917,0.0191387559808612,0.0175438596491228,0.506,0.0191387559808612,-0.3492822966507177,9.220588235294118,0.506,0.0159489633173843,0.0191387559808612,0.0159489633173843,-0.34928229665071786,0.614,0.0287081339712917,-0.3110047846889953,97,97,43,38,False,False,True,True
TPO,34,19,15,933,5,0.8736842105263157,0.9017543859649124,0.950877192982456,0.6596491228070175,0.8947368421052632,0.548,0.140071410359145,0.9018055555555556,5,0.9192982456140352,0.8779999999999999,0.1778201338431618,0.9522916666666668,5,0.8596491228070176,0.112,0.2504396134799764,0.9049305555555556,5,0.8596491228070176,0.124,0.1721336689901194,0.8772222222222222,5,0.9473684210526316,0.238,0.1173456432936476,0.9617361111111112,5,0.0280701754385965,-0.0070175438596491,0.0175438596491227,-0.0421052631578947,-0.0035087719298245,-0.0350877192982456,-0.0596491228070175,0.112,-0.0350877192982456,-0.2421052631578948,8.382352941176471,0.112,-0.0421052631578947,-0.0350877192982456,-0.0421052631578947,-0.24210526315789493,0.238,-0.0035087719298245,-0.2912280701754385,288,432,219,306,False,False,False,False
TPP1,32,27,5,563,5,0.9037037037037036,0.9481481481481482,0.9777777777777776,0.9111111111111112,0.9333333333333332,0.632,0.197914122790669,0.9515151515151516,5,0.9703703703703704,0.63,0.3130495168499705,0.979004329004329,5,0.9407407407407408,0.47,0.3144041984452498,0.9603896103896103,5,0.9111111111111112,0.492,0.2135883891975404,0.9517316017316017,5,0.9703703703703704,0.076,0.1040672859259815,0.983982683982684,5,0.0444444444444445,-0.0148148148148148,0.0222222222222221,-0.0074074074074074,-0.0074074074074074,0.0074074074074074,-0.0296296296296295,0.47,0.0074074074074074,-0.037037037037037,4.21875,0.47,-0.0074074074074074,0.0074074074074074,-0.0074074074074074,-0.03703703703703698,0.076,-0.0074074074074074,-0.06666666666666643,109,349,300,326,False,False,False,False
TRAF7,21,9,12,670,5,0.5370370370370371,0.5648148148148149,0.7037037037037036,0.6203703703703703,0.5,0.4720000000000001,0.4147529385067693,0.5843650793650793,5,0.6296296296296297,0.4960000000000001,0.2658571044753177,0.7214285714285714,5,0.6018518518518519,0.5680000000000001,0.3220558957696629,0.6593650793650794,5,0.5370370370370371,0.604,0.3089174647053805,0.638968253968254,5,0.6203703703703703,0.37,0.3652396473549935,0.7328571428571429,5,0.0277777777777777,-0.0648148148148148,0.0648148148148147,0.0370370370370369,-0.0833333333333332,0.1018518518518518,-0.0277777777777777,0.5680000000000001,0.1018518518518518,0.0555555555555554,5.142857142857143,0.5680000000000001,0.0370370370370369,0.1018518518518518,0.0370370370370369,0.05555555555555547,0.37,-0.0833333333333332,-0.08333333333333326,74,57,141,453,False,False,False,False
TRMU,20,12,8,421,5,1.0,1.0,0.96875,0.8854166666666666,1.0,0.0,0.0,1.0,5,1.0,0.0,0.0,1.0,5,1.0,0.0,0.0,1.0,5,1.0,0.0,0.0,1.0,5,0.96875,0.0,0.0,0.9674603174603174,5,0.0,0.0,0.0,0.0,0.0,0.0,0.0,0.0,0.0,-0.1145833333333333,4.8,0.0,0.0,0.0,0.0,-0.11458333333333337,0.0,0.0,-0.08333333333333337,457,281,456,246,False,False,False,False
TRPC6,18,10,8,931,5,0.425,0.7875,0.8125,0.275,0.7375,0.776,0.0952890339965727,0.7875,5,0.75,0.416,0.4455109426265532,0.8142857142857143,5,0.775,0.054,0.0492950301754649,0.7982142857142858,5,0.375,0.066,0.1475804865149861,0.4238095238095238,5,0.8125,0.0,0.0,0.8095238095238095,5,0.3624999999999999,-0.0499999999999999,-0.0374999999999999,-0.0124999999999999,0.0,0.0374999999999999,0.025,0.054,0.0374999999999999,-0.5125,4.444444444444445,0.054,-0.0124999999999999,0.0374999999999999,-0.0124999999999999,-0.5125,0.0,0.0,-0.5375,327,368,457,247,False,False,False,False
TRPV3,26,7,19,790,5,0.9699248120300752,0.9699248120300752,0.9924812030075189,0.9849624060150376,0.9699248120300752,0.568,0.3175216528049701,0.9834444444444445,5,0.962406015037594,0.328,0.1833575741549827,1.0,5,0.9849624060150376,0.26,0.1949358868961793,1.0,5,0.9849624060150376,0.208,0.116275534829989,1.0,5,0.9924812030075189,0.072,0.0657267069006199,1.0,5,0.0,0.0,-0.0075187969924812,0.0150375939849624,-1.1102230246251563e-16,0.0150375939849624,0.0225563909774436,0.26,0.0150375939849624,0.0150375939849625,5.115384615384615,0.26,0.0150375939849624,0.0150375939849624,0.0150375939849624,0.015037593984962405,0.072,-1.1102230246251563e-16,-0.007518796992481258,197,102,304,277,False,False,False,False
TRPV4,50,41,9,871,5,0.4390243902439025,0.4688346883468834,0.7154471544715446,0.4579945799457994,0.3848238482384823,0.5999999999999999,0.3698648401781385,0.4838474025974026,5,0.7181571815718157,0.9360000000000002,0.0194935886896178,0.7188108766233766,5,0.3902439024390244,0.418,0.5321841786449499,0.4875,5,0.4390243902439024,0.672,0.3941700140802189,0.4601528679653679,5,0.7154471544715447,0.012,0.0268328157299974,0.7142079274891775,5,0.0298102981029809,-0.0840108401084011,0.2493224932249322,-0.078590785907859,1.1102230246251563e-16,0.005420054200542,-0.3279132791327913,0.418,0.005420054200542,-0.010840108401084,7.38,0.418,-0.078590785907859,0.005420054200542,-0.078590785907859,-0.010840108401084014,0.012,1.1102230246251563e-16,-0.2574525745257452,132,455,344,113,False,False,False,False
TRPV6,17,7,10,765,5,0.8285714285714285,0.8571428571428571,0.9,0.5571428571428572,0.8428571428571429,0.6639999999999999,0.381156135986291,0.8608333333333335,5,0.8571428571428571,0.088,0.0491934955049953,0.9141666666666666,5,0.8571428571428571,0.0,0.0,0.8583333333333332,5,0.8285714285714286,0.0,0.0,0.825,5,0.9,0.0,0.0,0.8958333333333334,5,0.0285714285714285,-0.0142857142857142,0.0,0.0,0.0,0.0142857142857142,0.0,0.0,0.0142857142857142,-0.2999999999999999,4.117647058823529,0.0,0.0,0.0142857142857142,0.0,-0.29999999999999993,0.0,0.0,-0.34285714285714286,458,282,458,248,False,False,False,False
TSEN54,21,6,15,526,5,0.7555555555555556,0.9,0.8555555555555556,0.6222222222222222,0.7666666666666667,0.476,0.2914275210065103,0.9291666666666668,5,0.8222222222222222,0.25,0.3432200460346102,0.9200000000000002,5,0.8444444444444444,0.216,0.2508585258666725,0.9166666666666666,5,0.7333333333333333,0.048,0.0657267069006199,0.7758333333333333,5,0.8333333333333334,0.052,0.0712039324756716,0.8641666666666667,5,0.1444444444444443,-0.1333333333333333,-0.0777777777777778,-0.0555555555555555,-0.0222222222222222,0.0777777777777777,0.0222222222222222,0.216,0.0777777777777777,-0.2777777777777778,4.285714285714286,0.216,-0.0555555555555555,0.0777777777777777,-0.0555555555555555,-0.2777777777777778,0.052,-0.0222222222222222,-0.2333333333333334,229,445,322,383,False,False,False,False
TSHR,27,21,6,764,5,0.8015873015873016,0.753968253968254,0.8333333333333333,0.6428571428571429,0.8015873015873016,0.0,0.0,0.8069117647058824,5,0.8174603174603174,0.8720000000000001,0.0722495674727537,0.8332352941176471,5,0.6587301587301587,0.38,0.3646230930700906,0.7641176470588236,5,0.8015873015873016,0.0,0.0,0.8030882352941177,5,0.8333333333333334,0.0,0.0,0.8322058823529412,5,-0.0476190476190476,0.0476190476190476,0.0634920634920634,-0.0952380952380952,1.1102230246251563e-16,-0.1428571428571429,-0.1587301587301587,0.38,-0.1428571428571429,-0.111111111111111,4.666666666666667,0.38,-0.0952380952380952,-0.1428571428571429,-0.0952380952380952,-0.11111111111111105,0.0,1.1102230246251563e-16,-0.19047619047619035,150,460,459,114,False,False,False,False
TUBB2A,34,25,9,445,5,0.5644444444444444,0.6000000000000001,0.68,0.6711111111111111,0.5466666666666666,0.7,0.3757658845611187,0.6208928571428571,5,0.6088888888888889,0.638,0.2285169577952586,0.6996428571428572,5,0.64,0.76,0.1647725705328408,0.6874999999999999,5,0.6666666666666666,0.79,0.0447213595499958,0.6778571428571429,5,0.6133333333333333,0.458,0.2406657433038612,0.7594642857142857,5,0.0355555555555556,-0.0533333333333334,0.0088888888888888,0.0399999999999999,-0.0666666666666667,0.0933333333333333,0.031111111111111,0.76,0.0933333333333333,0.071111111111111,6.617647058823529,0.76,0.0399999999999999,0.0933333333333333,0.0399999999999999,0.07111111111111101,0.458,-0.0666666666666667,-0.008888888888888946,27,49,95,441,True,False,False,False
TULP1,29,23,6,542,5,0.7971014492753623,0.9782608695652174,0.9855072463768116,0.6594202898550725,0.9710144927536232,0.748,0.1480540441865739,0.977309941520468,5,0.9855072463768116,0.144,0.1182370500308596,0.9908187134502924,5,0.9782608695652174,0.0,0.0,0.977309941520468,5,0.7681159420289855,0.14,0.230108669980077,0.8075438596491228,5,0.9855072463768116,0.016,0.0089442719099991,0.9934502923976608,5,0.1811594202898551,-0.0072463768115942,0.0072463768115942,0.0,0.0,0.0072463768115942,-0.0072463768115942,0.0,0.0072463768115942,-0.3188405797101449,4.758620689655173,0.0,0.0,0.0072463768115942,0.0,-0.3188405797101449,0.016,0.0,-0.32608695652173914,459,283,340,249,False,False,False,False
TYMP,23,17,6,482,5,0.9705882352941176,0.9607843137254902,0.8431372549019609,0.8137254901960784,0.9803921568627452,0.408,0.3724513391035129,0.9781318681318684,5,0.9607843137254902,0.0,0.0,0.9558241758241758,5,0.9607843137254902,0.0,0.0,0.9593956043956045,5,0.9705882352941176,0.0,0.0,0.9686263736263736,5,0.8431372549019608,0.4760000000000001,0.272910241654651,0.8813186813186814,5,-0.0098039215686274,0.0196078431372548,0.0,0.0,-1.1102230246251563e-16,-0.0196078431372548,0.0,0.0,-0.0196078431372548,-0.1470588235294118,4.434782608695652,0.0,0.0,-0.0196078431372548,0.0,-0.1470588235294118,0.4760000000000001,-1.1102230246251563e-16,-0.02941176470588247,460,284,83,278,False,False,False,False
TYRP1,13,8,5,537,5,0.75,1.0,1.0,0.9,0.975,0.576,0.0606630035524123,1.0,5,1.0,0.0,0.0,1.0,5,1.0,0.0,0.0,1.0,5,0.85,0.55,0.1371130920080208,0.9226190476190476,5,1.0,0.0,0.0,1.0,5,0.25,-0.025,0.0,0.0,0.0,0.025,0.0,0.0,0.025,-0.0999999999999999,3.076923076923077,0.0,0.0,0.025,0.0,-0.09999999999999998,0.0,0.0,-0.09999999999999998,461,285,460,250,False,False,False,False
UBE3A,36,29,7,872,5,0.8275862068965517,0.9507389162561576,0.921182266009852,0.8866995073891626,0.9408866995073892,0.946,0.0602494813255682,0.9540579710144927,5,0.9310344827586208,0.2299999999999999,0.3154362059117501,0.9589855072463768,5,0.9458128078817734,0.4519999999999999,0.1999249859322241,0.978768115942029,5,0.8916256157635468,0.6220000000000001,0.0248997991959774,0.8986956521739129,5,0.9211822660098522,0.422,0.1676901905300366,0.957608695652174,5,0.1231527093596059,-0.0098522167487685,-0.019704433497537,-0.0049261083743843,1.1102230246251563e-16,0.0049261083743842,0.0147783251231526,0.4519999999999999,0.0049261083743842,-0.0640394088669951,5.638888888888889,0.4519999999999999,-0.0049261083743843,0.0049261083743842,-0.0049261083743843,-0.064039408866995,0.422,1.1102230246251563e-16,-0.03448275862068939,119,340,108,115,False,False,False,False
UBQLN2,11,5,6,624,5,0.6,0.6333333333333333,0.4333333333333333,0.6333333333333333,0.5666666666666667,0.344,0.2123205124334434,0.6674999999999999,5,0.6333333333333333,0.0,0.0,0.625,5,0.6333333333333333,0.288,0.3353654722835969,0.6575,5,0.6333333333333333,0.462,0.4217463692789779,0.635,5,0.5666666666666667,0.8860000000000001,0.0391152144312158,0.64,5,0.0333333333333333,-0.0666666666666666,0.0,0.0,0.1333333333333333,0.0666666666666666,0.0,0.288,0.0666666666666666,0.0,2.727272727272727,0.288,0.0,0.0666666666666666,0.0,0.0,0.8860000000000001,0.1333333333333333,0.2,183,286,5,6,False,False,True,True
UMOD,63,53,10,640,5,0.6566037735849056,0.981132075471698,0.8867924528301887,0.720754716981132,0.981132075471698,0.938,0.0438178046004132,0.9829457364341084,5,0.981132075471698,0.012,0.0109544511501033,0.9834579180509412,5,0.9773584905660376,0.03,0.0458257569495584,0.9823089700996676,5,0.6981132075471698,0.868,0.1546609194334496,0.7250553709856036,5,0.8509433962264151,0.262,0.1673917560694074,0.9021317829457364,5,0.3245283018867925,0.0,0.0,-0.0037735849056603,-0.0358490566037735,-0.0037735849056603,-0.0037735849056603,0.03,-0.0037735849056603,-0.2603773584905661,8.412698412698413,0.03,-0.0037735849056603,-0.0037735849056603,-0.0037735849056603,-0.260377358490566,0.262,-0.0358490566037735,-0.16603773584905668,343,329,202,410,False,False,False,False
UROS,14,8,6,265,5,0.6875,0.8125,0.8333333333333333,0.875,0.8125,0.5740000000000001,0.1314534138012399,0.8261904761904763,5,0.7916666666666666,0.396,0.2556951309665478,0.8890476190476191,5,0.8958333333333334,0.708,0.0939148550549912,0.9290476190476192,5,0.8333333333333334,0.796,0.1429335509948591,0.8990476190476191,5,0.8333333333333334,0.756,0.250659131092406,0.9471428571428572,5,0.125,0.0,-0.0208333333333333,0.0833333333333333,1.1102230246251563e-16,0.0833333333333333,0.1041666666666667,0.708,0.0833333333333333,0.0625,3.4285714285714284,0.708,0.0833333333333333,0.0833333333333333,0.0833333333333333,0.0625,0.756,1.1102230246251563e-16,0.04166666666666674,38,27,18,116,True,True,True,False
VHL,123,114,9,213,5,0.50682261208577,0.8908382066276803,0.5886939571150098,0.2290448343079921,0.8888888888888888,0.98,0.0187082869338697,0.890173025732032,5,0.8908382066276803,0.0,0.0,0.889367619957682,5,0.8908382066276803,0.0,0.0,0.8922206675312265,5,0.50682261208577,0.006,0.0134164078649987,0.5058699064910245,5,0.5886939571150097,0.0,0.0,0.588647532591632,5,0.3840155945419103,-0.0019493177387914,0.0,0.0,-1.1102230246251563e-16,0.0019493177387914,0.0,0.0,0.0019493177387914,-0.6617933723196882,8.341463414634147,0.0,0.0,0.0019493177387914,0.0,-0.6617933723196883,0.0,-1.1102230246251563e-16,-0.3596491228070177,462,287,461,279,False,False,False,False
VPS4A,11,5,6,437,5,1.0,1.0,0.9666666666666668,0.9666666666666668,1.0,0.0,0.0,1.0,5,1.0,0.0,0.0,1.0,5,1.0,0.0,0.0,1.0,5,1.0,0.0,0.0,1.0,5,0.9666666666666668,0.0,0.0,0.9675,5,0.0,0.0,0.0,0.0,0.0,0.0,0.0,0.0,0.0,-0.0333333333333333,2.727272727272727,0.0,0.0,0.0,0.0,-0.033333333333333215,0.0,0.0,0.0,463,288,462,251,False,False,False,False
WARS2,14,8,6,360,5,0.8125,0.8541666666666667,0.8958333333333334,0.8333333333333333,0.8333333333333334,0.528,0.2951609730299722,0.891904761904762,5,0.875,0.6420000000000001,0.4217463692789779,0.8904761904761905,5,0.8125,0.19,0.42485291572496,0.8699999999999999,5,0.7708333333333334,0.322,0.3898974224074839,0.862857142857143,5,0.8333333333333334,0.188,0.4203807797699604,0.9014285714285716,5,0.0416666666666667,-0.0208333333333333,0.0208333333333332,-0.0416666666666667,-0.0625,-0.0208333333333333,-0.0625,0.19,-0.0208333333333333,-0.0208333333333334,3.4285714285714284,0.19,-0.0416666666666667,-0.0208333333333333,-0.0416666666666667,-0.02083333333333348,0.188,-0.0625,-0.06250000000000011,242,430,241,439,False,False,False,False
WAS,49,29,20,502,5,0.9413793103448276,0.9534482758620688,0.9689655172413792,0.5948275862068966,0.9448275862068966,0.324,0.1540454478392659,0.9623414855072464,5,0.9655172413793104,0.7920000000000001,0.0626099033699941,0.9693840579710143,5,0.9534482758620688,0.0,0.0,0.953147644927536,5,0.9413793103448276,0.0,0.0,0.940240036231884,5,0.9689655172413794,0.0,0.0,0.9679574275362318,5,0.0120689655172413,-0.0086206896551723,0.0120689655172414,0.0,1.1102230246251563e-16,0.0086206896551723,-0.0120689655172414,0.0,0.0086206896551723,-0.3586206896551723,11.83673469387755,0.0,0.0,0.0086206896551723,0.0,-0.35862068965517224,0.0,1.1102230246251563e-16,-0.3741379310344827,464,289,463,117,False,False,False,False
WDR26,16,9,7,761,5,0.8888888888888888,0.9047619047619048,0.8571428571428571,0.8888888888888888,0.873015873015873,0.38,0.2925747767665559,0.9295238095238094,5,0.9047619047619048,0.0,0.0,0.8990476190476191,5,0.8571428571428571,0.384,0.3505424368033063,0.9471428571428572,5,0.873015873015873,0.304,0.169941166289984,0.9409523809523808,5,0.873015873015873,0.532,0.3191708006694848,0.9292857142857144,5,0.0158730158730158,-0.0317460317460316,1.1102230246251563e-16,-0.0476190476190475,0.0158730158730159,-0.0158730158730159,-0.0476190476190476,0.384,-0.0158730158730159,-0.0158730158730158,3.9375,0.384,-0.0476190476190475,-0.0158730158730159,-0.0476190476190475,-0.015873015873015928,0.532,0.0158730158730159,0.031746031746031744,149,436,62,63,False,False,False,False
WDR37,15,5,10,494,5,0.7200000000000001,0.7600000000000001,0.7200000000000001,0.74,0.64,0.392,0.3796314001765397,0.79375,5,0.7,0.342,0.1901841213140571,0.8125,5,0.8,0.25,0.1541103500742244,0.825,5,0.7,0.2799999999999999,0.1649242250247064,0.76875,5,0.74,0.522,0.2006738647656939,0.8375,5,0.04,-0.1200000000000001,-0.0600000000000001,0.0399999999999999,0.0199999999999999,0.16,0.1,0.25,0.16,-0.0200000000000001,3.333333333333333,0.25,0.0399999999999999,0.16,0.0399999999999999,-0.02000000000000013,0.522,0.0199999999999999,0.019999999999999907,209,50,69,53,False,False,False,False
WDR45,38,16,22,360,5,0.8806818181818181,0.8892045454545455,0.8607954545454546,0.9119318181818182,0.8721590909090909,0.496,0.2672639145114805,0.9001801575330987,5,0.8579545454545454,0.222,0.4133037623830686,0.8987724149488855,5,0.9005681818181818,0.66,0.3824264635194588,0.9191260264789676,5,0.9005681818181818,0.762,0.1520526224699857,0.9261312217194572,5,0.8920454545454546,0.504,0.1281795615533147,0.9334799731858556,5,0.0085227272727274,-0.0170454545454545,-0.0312500000000001,0.0113636363636362,0.03125,0.0284090909090908,0.0426136363636363,0.66,0.0284090909090908,0.0227272727272727,9.263157894736842,0.66,0.0113636363636362,0.0284090909090908,0.0113636363636362,0.022727272727272707,0.504,0.03125,0.051136363636363646,47,115,75,36,True,False,False,True
WFS1,62,48,14,890,5,0.71875,0.8973214285714287,0.9092261904761904,0.4434523809523809,0.8869047619047619,0.4720000000000001,0.0892748564826625,0.9063642497853024,5,0.9002976190476191,0.386,0.1637986568931504,0.9373328425960004,5,0.875,0.182,0.1676901905300367,0.9029658937553676,5,0.7217261904761905,0.0579999999999999,0.0178885438199983,0.7238252975095081,5,0.90625,0.2339999999999999,0.1314534138012398,0.9226383265856948,5,0.1785714285714287,-0.0104166666666668,0.0029761904761903,-0.0223214285714287,-0.0029761904761904,-0.0119047619047618,-0.025297619047619,0.182,-0.0119047619047618,-0.4538690476190478,10.838709677419354,0.182,-0.0223214285714287,-0.0119047619047618,-0.0223214285714287,-0.45386904761904784,0.2339999999999999,-0.0029761904761904,-0.4657738095238095,245,402,223,302,False,False,False,False
WNT10A,25,16,9,417,5,0.9375,0.9236111111111112,0.9166666666666669,0.9305555555555556,0.8958333333333334,0.2799999999999999,0.3334666400106613,0.945856227106227,5,0.9236111111111112,0.352,0.1389964028311524,0.9478250915750916,5,0.8819444444444444,0.264,0.1475804865149861,0.9501373626373626,5,0.9375,0.618,0.2280789337049785,0.9523351648351648,5,0.9791666666666666,0.25,0.0,0.9783653846153848,5,-0.0138888888888887,-0.0277777777777777,0.0,-0.0416666666666667,0.0624999999999998,-0.0138888888888889,-0.0416666666666667,0.264,-0.0138888888888889,0.0069444444444445,5.76,0.264,-0.0416666666666667,-0.0138888888888889,-0.0416666666666667,0.00694444444444442,0.25,0.0624999999999998,0.013888888888888729,194,431,212,16,False,False,False,True
WWOX,22,8,14,414,5,0.7767857142857143,0.7232142857142857,0.8035714285714286,0.7321428571428572,0.7589285714285714,0.138,0.308577380894971,0.7853174603174603,5,0.7410714285714286,0.5079999999999999,0.2938026548552616,0.8184343434343434,5,0.7053571428571429,0.534,0.2700555498411391,0.7787157287157288,5,0.6875,0.278,0.3828446159997551,0.7944805194805195,5,0.8035714285714286,0.378,0.1779606698121807,0.8429292929292929,5,-0.0535714285714286,0.0357142857142857,0.0178571428571429,-0.0178571428571427,0.0,-0.0535714285714284,-0.0357142857142857,0.534,-0.0535714285714284,0.0089285714285715,5.090909090909091,0.534,-0.0178571428571427,-0.0535714285714284,-0.0178571428571427,0.008928571428571508,0.378,0.0,-0.0714285714285714,86,387,135,252,False,False,False,False
XPC,16,5,11,940,5,0.9636363636363636,1.0,0.8181818181818182,0.9636363636363636,0.9636363636363636,0.5680000000000002,0.3702971779530598,1.0,5,1.0,0.0,0.0,1.0,5,1.0,0.0,0.0,1.0,5,0.9454545454545454,0.0419999999999999,0.0939148550549911,0.965277777777778,5,0.9090909090909092,0.794,0.18676188047886,0.9597222222222224,5,0.0363636363636363,-0.0363636363636363,0.0,0.0,0.0909090909090908,0.0363636363636363,0.0,0.0,0.0363636363636363,-0.0363636363636363,3.4375,0.0,0.0,0.0363636363636363,0.0,-0.036363636363636376,0.794,0.0909090909090908,0.1454545454545454,465,290,12,10,False,False,True,True
YARS1,13,5,8,528,5,1.0,0.95,1.0,1.0,1.0,0.0,0.0,1.0,5,0.95,0.36,0.201246117974981,1.0,5,0.95,0.202,0.1136661779070625,1.0,5,1.0,0.0,0.0,1.0,5,1.0,0.0,0.0,1.0,5,-0.05,0.05,0.0,0.0,0.0,-0.05,0.0,0.202,-0.05,0.05,3.076923076923077,0.202,0.0,-0.05,0.0,0.050000000000000044,0.0,0.0,0.0,238,291,464,253,False,False,False,False
ZBTB18,38,20,18,531,5,0.9055555555555556,0.9694444444444444,0.986111111111111,0.8833333333333333,0.9444444444444444,0.918,0.116275534829989,0.9694642857142858,5,0.9888888888888888,0.282,0.0109544511501033,0.9922023809523808,5,0.9694444444444444,0.0,0.0,0.9689285714285714,5,0.9083333333333332,0.4880000000000001,0.2166102490649969,0.9257738095238096,5,0.9777777777777776,0.102,0.2280789337049785,0.986845238095238,5,0.0638888888888888,-0.025,0.0194444444444444,0.0,-0.0083333333333333,0.025,-0.0194444444444444,0.0,0.025,-0.0861111111111111,9.473684210526317,0.0,0.0,0.025,0.0,-0.08611111111111114,0.102,-0.0083333333333333,-0.10277777777777775,466,292,288,331,False,False,False,False
ZBTB20,54,35,19,741,5,0.881203007518797,0.9849624060150376,0.9954887218045112,0.9082706766917292,0.9834586466165414,0.952,0.0109544511501032,0.9858035714285714,5,0.98796992481203,0.3379999999999999,0.1974082065163452,0.9971428571428572,5,0.9789473684210528,0.06,0.069282032302755,0.9872619047619048,5,0.9067669172932332,0.906,0.0497995983919549,0.9085714285714288,5,0.9954887218045112,0.0,0.0,0.9958035714285712,5,0.1037593984962407,-0.0015037593984963,0.0030075187969923,-0.006015037593985,1.1102230246251563e-16,-0.0045112781954886,-0.0090225563909773,0.06,-0.0045112781954886,-0.0766917293233083,12.314814814814817,0.06,-0.006015037593985,-0.0045112781954886,-0.006015037593985,-0.07669172932330837,0.0,1.1102230246251563e-16,-0.08721804511278197,319,343,465,118,False,False,False,False
ZMYND11,24,10,14,602,5,0.9571428571428572,0.9285714285714286,0.7214285714285713,0.8571428571428572,0.9428571428571428,0.216,0.2957701810527897,0.959280303030303,5,0.9285714285714286,0.0,0.0,0.9255681818181816,5,0.9428571428571428,0.358,0.1386362146049869,0.9776515151515152,5,0.9714285714285714,0.278,0.0438178046004132,0.9867424242424242,5,0.9071428571428573,0.788,0.0216794833886788,0.9130681818181818,5,-0.0285714285714284,0.0142857142857142,0.0,0.0142857142857142,0.1857142857142858,0.0,0.0142857142857142,0.358,0.0,-0.0714285714285714,5.833333333333333,0.358,0.0142857142857142,0.0,0.0142857142857142,-0.0714285714285714,0.788,0.1857142857142858,0.1357142857142859,160,107,13,3,False,False,True,True
ZNRF3,13,8,5,936,5,0.75,0.95,1.0,0.9,0.9,0.8700000000000001,0.1118033988749894,0.9523809523809524,5,0.95,0.058,0.0349284983931459,1.0,5,0.95,0.24,0.2190890230020664,0.9761904761904764,5,0.9,0.422,0.0944457516249407,0.9619047619047618,5,1.0,0.0,0.0,1.0,5,0.1999999999999999,-0.0499999999999999,0.0,0.0,0.0,0.0499999999999999,0.0,0.24,0.0499999999999999,-0.0499999999999999,3.076923076923077,0.24,0.0,0.0499999999999999,0.0,-0.04999999999999993,0.0,0.0,-0.09999999999999998,217,293,466,254,False,False,False,False
