gene,n,n_pathogenic,n_benign,optimizer,esm2_calm_weight,esm2_calm_auc,esm2_150m_650m_weight_second,esm2_150m_650m_auc,esm1b_calm_weight,esm1b_calm_auc,esm2_650m_auc,esm1b_650m_auc,calm_auc,esm2_cross_modal_gain,esm2_cross_modal_advantage,esm2_gain_over_protein,esm1b_gain_over_protein,esm2_independent_calm_signal,esm1b_independent_calm_signal,n_objective_evals
AARS1,27,10,17,bayes,0.057,0.988235294117647,1.0,0.9823529411764705,0.0,0.9529411764705882,0.9823529411764705,0.9529411764705882,0.8529411764705882,0.00588235294117645,0.00588235294117645,0.00588235294117645,0.0,-0.12941176470588234,-0.09999999999999998,90
AARS2,26,13,13,bayes,0.5,0.9349112426035503,1.0,0.9289940828402367,0.245,0.9526627218934911,0.9289940828402367,0.9408284023668639,0.893491124260355,0.00591715976331364,0.00591715976331364,0.00591715976331364,0.011834319526627168,-0.035502958579881616,-0.047337278106508895,90
ABCB7,19,6,13,bayes,0.5,0.8846153846153846,1.0,0.8333333333333334,0.625,0.8846153846153847,0.8333333333333334,0.8333333333333333,0.8461538461538463,0.05128205128205121,0.05128205128205121,0.05128205128205121,0.05128205128205143,0.012820512820512886,0.012820512820512997,90
ABCD1,219,159,60,bayes,0.5,0.9684486373165618,0.9590000000000001,0.9535639412997904,0.15,0.9786163522012579,0.9534591194968552,0.9773584905660377,0.94916142557652,0.014989517819706588,0.014884696016771448,0.014989517819706588,0.0012578616352201255,-0.004297693920335299,-0.028197064989517795,90
ACAD9,24,13,11,bayes,0.444,0.951048951048951,0.0,0.993006993006993,0.36,0.916083916083916,0.9440559440559441,0.8601398601398602,0.8391608391608392,0.006993006993006978,-0.04195804195804198,0.006993006993006978,0.055944055944055826,-0.1048951048951049,-0.020979020979021046,90
ACADS,18,13,5,bayes,0.0,0.9538461538461538,0.5,0.9692307692307692,0.326,0.9230769230769231,0.9538461538461538,0.9076923076923077,0.8461538461538461,0.0,-0.015384615384615441,0.0,0.015384615384615441,-0.10769230769230764,-0.06153846153846154,90
ACADVL,135,129,6,bayes,0.323,0.9702842377260982,1.0,0.9651162790697675,0.457,0.9857881136950905,0.9651162790697675,0.9819121447028424,0.8578811369509043,0.0051679586563306845,0.0051679586563306845,0.0051679586563306845,0.003875968992248069,-0.1072351421188632,-0.1240310077519381,90
ACTN4,19,9,10,bayes,1.0,1.0,1.0,0.9666666666666668,1.0,1.0,0.9666666666666668,0.9111111111111111,1.0,0.033333333333333215,0.033333333333333215,0.033333333333333215,0.0888888888888889,0.033333333333333215,0.0888888888888889,90
ACVRL1,159,149,10,bayes,0.291,0.8798657718120806,0.327,0.8832214765100671,0.011,0.9489932885906041,0.876510067114094,0.9483221476510066,0.8174496644295302,0.003355704697986628,-0.003355704697986517,0.003355704697986628,0.0006711409395974144,-0.059060402684563806,-0.1308724832214765,90
ADA,37,28,9,bayes,0.0,0.9841269841269842,0.922,0.9880952380952381,0.0,0.9722222222222222,0.9841269841269842,0.9722222222222222,0.8174603174603174,0.0,-0.003968253968253954,0.0,0.0,-0.16666666666666674,-0.15476190476190477,90
ADAMTSL2,11,6,5,bayes,0.0,1.0,0.0,1.0,0.0,1.0,1.0,1.0,0.9333333333333333,0.0,0.0,0.0,0.0,-0.06666666666666665,-0.06666666666666665,90
ADGRG1,21,9,12,bayes,0.785,0.8240740740740741,0.0,0.8333333333333333,0.9440000000000001,0.8240740740740741,0.7129629629629629,0.75,0.8055555555555556,0.11111111111111116,-0.00925925925925919,0.11111111111111116,0.07407407407407407,0.09259259259259267,0.05555555555555558,90
AFG3L2,27,20,7,bayes,0.845,0.8999999999999999,1.0,0.8142857142857143,0.5,0.95,0.8142857142857143,0.8928571428571428,0.8785714285714286,0.08571428571428563,0.08571428571428563,0.08571428571428563,0.05714285714285716,0.06428571428571428,-0.014285714285714235,90
AIFM1,31,16,15,bayes,0.0,0.9083333333333333,1.0,0.9083333333333333,0.634,0.8666666666666667,0.9083333333333333,0.8208333333333333,0.8333333333333334,0.0,0.0,0.0,0.04583333333333339,-0.07499999999999996,0.012500000000000067,90
AIRE,36,25,11,bayes,0.0,0.9781818181818182,1.0,0.9781818181818182,0.5,0.9781818181818182,0.9781818181818182,0.9636363636363636,0.7527272727272728,0.0,0.0,0.0,0.014545454545454528,-0.22545454545454535,-0.21090909090909082,90
AK2,10,5,5,bayes,0.0,1.0,0.0,1.0,0.5,1.0,1.0,0.9600000000000001,0.9600000000000001,0.0,0.0,0.0,0.039999999999999925,-0.039999999999999925,0.0,90
ALAS2,21,15,6,bayes,1.0,0.8222222222222223,1.0,0.7222222222222222,0.196,0.9444444444444445,0.7222222222222222,0.9444444444444444,0.8222222222222223,0.10000000000000009,0.10000000000000009,0.10000000000000009,1.1102230246251565e-16,0.10000000000000009,-0.12222222222222212,90
ALDH18A1,28,18,10,bayes,0.5,0.8,0.775,0.8,0.0,0.9388888888888889,0.7722222222222221,0.9388888888888889,0.7555555555555555,0.0277777777777779,0.0,0.0277777777777779,0.0,-0.016666666666666607,-0.18333333333333335,90
ALDH3A2,26,19,7,bayes,1.0,0.9924812030075189,0.0,1.0,0.5,1.0,0.9774436090225564,0.9924812030075189,0.9924812030075189,0.015037593984962405,-0.007518796992481147,0.015037593984962405,0.007518796992481147,0.015037593984962405,0.0,90
ALDH5A1,53,47,6,bayes,0.5,0.9893617021276596,0.9530000000000001,0.975177304964539,0.402,1.0,0.9716312056737588,0.9964539007092199,0.9468085106382979,0.01773049645390079,0.014184397163120588,0.01773049645390079,0.0035460992907800915,-0.024822695035460973,-0.04964539007092206,90
ALG1,25,15,10,bayes,0.47000000000000003,0.9866666666666667,0.145,0.96,0.654,0.9533333333333334,0.9333333333333333,0.9133333333333333,0.92,0.053333333333333344,0.026666666666666727,0.053333333333333344,0.040000000000000036,-0.013333333333333308,0.00666666666666671,90
ALOXE3,11,5,6,bayes,0.5,1.0,1.0,0.9000000000000001,0.5,1.0,0.9000000000000001,0.9333333333333333,0.7666666666666666,0.09999999999999987,0.09999999999999987,0.09999999999999987,0.06666666666666665,-0.13333333333333353,-0.16666666666666674,90
AMHR2,13,7,6,bayes,0.0,0.8333333333333334,1.0,0.8333333333333334,0.0,0.9047619047619049,0.8333333333333334,0.9047619047619049,0.7142857142857143,0.0,0.0,0.0,0.0,-0.11904761904761907,-0.19047619047619058,90
ANO3,14,5,9,bayes,0.0,1.0,0.0,1.0,0.0,1.0,1.0,1.0,0.8666666666666667,0.0,0.0,0.0,0.0,-0.1333333333333333,-0.1333333333333333,90
ANOS1,17,7,10,bayes,0.26,1.0,0.5,1.0,0.394,1.0,0.9571428571428572,0.9142857142857143,0.8714285714285714,0.042857142857142816,0.0,0.042857142857142816,0.08571428571428574,-0.08571428571428574,-0.042857142857142816,90
APP,32,16,16,bayes,0.099,0.51953125,1.0,0.5078125,0.28200000000000003,0.8828125,0.5078125,0.87890625,0.49609375,0.01171875,0.01171875,0.01171875,0.00390625,-0.01171875,-0.3828125,90
AR,128,99,29,bayes,0.865,0.6617903169627308,1.0,0.6464646464646464,0.0,0.9240682688958551,0.6464646464646464,0.9240682688958551,0.6544757924068269,0.01532567049808442,0.01532567049808442,0.01532567049808442,0.0,0.008011145942180442,-0.2695924764890283,90
ARSA,128,118,10,bayes,0.0,0.8500000000000001,1.0,0.8500000000000001,0.021,0.8474576271186441,0.8500000000000001,0.8466101694915255,0.6652542372881356,0.0,0.0,0.0,0.0008474576271186862,-0.1847457627118645,-0.18135593220338986,90
ARSB,66,59,7,bayes,0.10300000000000001,0.8401937046004843,0.223,0.8547215496368037,0.5,0.8038740920096853,0.8353510895883778,0.7893462469733656,0.7336561743341403,0.004842615012106477,-0.014527845036319431,0.004842615012106477,0.014527845036319653,-0.10169491525423746,-0.05569007263922532,90
ARSL,28,10,18,bayes,0.06,0.8166666666666667,0.911,0.8166666666666667,0.0,0.8388888888888888,0.8055555555555556,0.8388888888888888,0.5111111111111111,0.011111111111111072,0.0,0.011111111111111072,0.0,-0.2944444444444445,-0.3277777777777777,90
ARX,45,20,25,bayes,0.63,0.928,1.0,0.9199999999999999,0.384,0.962,0.9199999999999999,0.9279999999999999,0.9019999999999999,0.008000000000000118,0.008000000000000118,0.008000000000000118,0.03400000000000003,-0.018000000000000016,-0.026000000000000023,90
ASAH1,36,27,9,bayes,0.468,0.8353909465020577,0.9560000000000001,0.8189300411522633,0.0,0.7983539094650206,0.8148148148148148,0.7983539094650206,0.5432098765432098,0.020576131687242927,0.016460905349794386,0.020576131687242927,0.0,-0.2716049382716049,-0.25514403292181076,90
ASL,66,61,5,bayes,0.8150000000000001,0.9475409836065574,0.536,0.898360655737705,0.401,0.9672131147540983,0.8688524590163934,0.940983606557377,0.9442622950819672,0.07868852459016396,0.0491803278688524,0.07868852459016396,0.02622950819672132,0.07540983606557383,0.003278688524590234,90
ASPA,38,33,5,bayes,0.5,0.9333333333333333,0.677,0.9272727272727274,0.578,0.9090909090909092,0.9090909090909091,0.8727272727272727,0.7090909090909091,0.024242424242424288,0.006060606060605989,0.024242424242424288,0.03636363636363649,-0.19999999999999996,-0.16363636363636358,90
ATP1A2,52,45,7,bayes,0.763,0.9936507936507937,1.0,0.9904761904761904,0.5,1.0,0.9904761904761904,0.9968253968253968,0.9682539682539681,0.0031746031746032743,0.0031746031746032743,0.0031746031746032743,0.0031746031746031633,-0.022222222222222254,-0.028571428571428692,90
ATP1A3,94,84,10,bayes,0.056,0.9595238095238094,0.9550000000000001,0.9571428571428571,0.406,0.9107142857142857,0.9547619047619047,0.8761904761904762,0.8416666666666668,0.004761904761904745,0.0023809523809523725,0.004761904761904745,0.03452380952380951,-0.11309523809523792,-0.0345238095238094,90
ATP6V1B2,12,6,6,bayes,0.0,1.0,1.0,1.0,1.0,1.0,1.0,0.9444444444444444,1.0,0.0,0.0,0.0,0.05555555555555558,0.0,0.05555555555555558,90
AVPR2,47,26,21,bayes,0.5,1.0,0.683,0.9908424908424908,0.296,1.0,0.9835164835164835,0.9963369963369962,0.9963369963369964,0.016483516483516536,0.009157509157509236,0.016483516483516536,0.003663003663003761,0.012820512820512886,1.1102230246251565e-16,90
BAG3,15,5,10,bayes,0.521,0.9,1.0,0.8400000000000001,0.5,1.0,0.8400000000000001,0.98,0.72,0.05999999999999994,0.05999999999999994,0.05999999999999994,0.020000000000000018,-0.1200000000000001,-0.26,90
BAP1,15,10,5,bayes,0.0,0.96,0.0,0.9800000000000001,1.0,0.96,0.96,0.9400000000000001,0.96,0.0,-0.02000000000000013,0.0,0.019999999999999907,0.0,0.019999999999999907,90
BBS12,13,6,7,bayes,0.0,1.0,0.0,1.0,0.0,1.0,1.0,1.0,0.9761904761904763,0.0,0.0,0.0,0.0,-0.023809523809523725,-0.023809523809523725,90
BCKDHA,33,27,6,bayes,0.0,0.9876543209876544,0.5,1.0,0.308,0.9506172839506173,0.9876543209876544,0.9259259259259259,0.9012345679012346,0.0,-0.012345679012345623,0.0,0.024691358024691357,-0.0864197530864198,-0.024691358024691357,90
BCL11A,19,11,8,bayes,0.0,0.8068181818181819,1.0,0.8068181818181819,0.0,0.8409090909090908,0.8068181818181819,0.8409090909090908,0.7727272727272727,0.0,0.0,0.0,0.0,-0.03409090909090917,-0.06818181818181812,90
BICD2,99,23,76,bayes,0.0,0.9588100686498856,1.0,0.9588100686498856,0.0,0.9759725400457665,0.9588100686498856,0.9759725400457665,0.5823798627002288,0.0,0.0,0.0,0.0,-0.3764302059496568,-0.3935926773455377,90
BMPR1B,25,5,20,bayes,0.147,1.0,0.92,1.0,0.269,0.96,0.99,0.9500000000000001,0.7999999999999999,0.010000000000000009,0.0,0.010000000000000009,0.009999999999999898,-0.19000000000000006,-0.15000000000000013,90
BRAF,79,70,9,bayes,0.0,0.9714285714285714,1.0,0.9714285714285714,0.34900000000000003,0.9619047619047619,0.9714285714285714,0.9492063492063492,0.8015873015873016,0.0,0.0,0.0,0.012698412698412764,-0.1698412698412698,-0.14761904761904754,90
BRAT1,21,5,16,bayes,0.34500000000000003,0.9875,1.0,0.975,0.158,0.95,0.975,0.9375,0.8625,0.012500000000000067,0.012500000000000067,0.012500000000000067,0.012499999999999956,-0.11249999999999993,-0.07499999999999996,90
BTK,86,76,10,bayes,0.324,0.9947368421052633,1.0,0.9881578947368421,0.796,0.9763157894736842,0.9881578947368421,0.9552631578947368,0.9368421052631578,0.006578947368421129,0.006578947368421129,0.006578947368421129,0.021052631578947434,-0.051315789473684315,-0.018421052631579005,90
C1R,23,12,11,bayes,0.5,1.0,0.5,0.9924242424242424,1.0,0.9924242424242424,0.9848484848484849,0.9848484848484848,0.9924242424242424,0.015151515151515138,0.007575757575757569,0.015151515151515138,0.00757575757575768,0.007575757575757569,0.00757575757575768,90
CAMK2B,62,5,57,bayes,0.607,0.905263157894737,1.0,0.8842105263157894,0.378,1.0,0.8842105263157894,0.9122807017543859,0.8877192982456141,0.021052631578947545,0.021052631578947545,0.021052631578947545,0.08771929824561409,0.0035087719298246833,-0.024561403508771784,90
CASK,45,27,18,bayes,0.036000000000000004,0.7407407407407407,0.631,0.757201646090535,0.279,0.7078189300411523,0.7345679012345679,0.691358024691358,0.6193415637860082,0.006172839506172756,-0.016460905349794275,0.006172839506172756,0.016460905349794275,-0.1152263374485597,-0.07201646090534974,90
CBL,18,8,10,bayes,0.5,0.9624999999999999,0.0,0.9750000000000001,0.0,0.9875,0.9375,0.9875,0.8875,0.02499999999999991,-0.012500000000000178,0.02499999999999991,0.0,-0.050000000000000044,-0.10000000000000009,90
CCN6,15,10,5,bayes,0.5,1.0,0.0,0.8,0.0,1.0,0.78,1.0,0.9800000000000001,0.21999999999999997,0.19999999999999996,0.21999999999999997,0.0,0.20000000000000007,-0.019999999999999907,90
CD40LG,37,26,11,bayes,0.0,0.972027972027972,0.737,0.9825174825174825,0.0,0.9895104895104895,0.972027972027972,0.9895104895104895,0.7552447552447553,0.0,-0.010489510489510523,0.0,0.0,-0.21678321678321666,-0.23426573426573416,90
CDH1,106,17,89,bayes,0.5,0.9173826834104428,0.863,0.9068076668869796,0.903,0.8889623265036352,0.9015201586252478,0.6457369464639788,0.8790482485128883,0.01586252478519501,0.010575016523463265,0.01586252478519501,0.24322538003965632,-0.022471910112359494,0.23331130204890949,90
CDKL5,166,104,62,bayes,0.244,0.9925558312655087,1.0,0.9919354838709677,0.29,0.9956575682382134,0.9919354838709677,0.9934863523573201,0.9519230769230769,0.0006203473945409765,0.0006203473945409765,0.0006203473945409765,0.002171215880893307,-0.04001240694789088,-0.04156327543424321,90
CDKN2A,26,21,5,bayes,0.0,0.8666666666666666,0.767,0.8761904761904762,0.0,1.0,0.8666666666666666,1.0,0.8095238095238095,0.0,-0.009523809523809601,0.0,0.0,-0.05714285714285705,-0.19047619047619047,90
CERT1,13,6,7,bayes,0.5,1.0,1.0,0.9761904761904763,0.0,1.0,0.9761904761904763,1.0,0.9523809523809523,0.023809523809523725,0.023809523809523725,0.023809523809523725,0.0,-0.023809523809523947,-0.04761904761904767,90
CFI,19,5,14,bayes,0.0,0.9714285714285715,0.0,0.9714285714285715,0.0,1.0,0.9714285714285715,1.0,0.8857142857142857,0.0,0.0,0.0,0.0,-0.08571428571428585,-0.11428571428571432,90
CHAT,33,17,16,bayes,0.439,1.0,1.0,0.9926470588235294,0.5,1.0,0.9926470588235294,0.9963235294117647,0.9227941176470589,0.007352941176470562,0.007352941176470562,0.007352941176470562,0.003676470588235281,-0.06985294117647056,-0.07352941176470584,90
CHEK2,10,5,5,bayes,0.0,1.0,0.0,1.0,0.0,1.0,1.0,1.0,0.92,0.0,0.0,0.0,0.0,-0.07999999999999996,-0.07999999999999996,90
CHM,32,6,26,bayes,0.0,0.9423076923076923,1.0,0.9423076923076923,0.558,0.9166666666666667,0.9423076923076923,0.9038461538461537,0.8141025641025641,0.0,0.0,0.0,0.012820512820512997,-0.1282051282051282,-0.08974358974358965,90
CHRNE,32,25,7,bayes,0.723,0.9771428571428571,0.433,0.9942857142857143,0.5,0.9771428571428571,0.9314285714285715,0.9542857142857142,0.8857142857142856,0.045714285714285596,-0.017142857142857237,0.045714285714285596,0.02285714285714291,-0.04571428571428593,-0.06857142857142862,90
CHST3,20,13,7,bayes,0.0,1.0,0.0,1.0,0.5,1.0,1.0,0.989010989010989,0.9340659340659341,0.0,0.0,0.0,0.01098901098901095,-0.06593406593406592,-0.05494505494505497,90
CLCN1,84,75,9,bayes,0.278,0.9392592592592592,0.601,0.9259259259259258,0.28500000000000003,0.9570370370370371,0.9214814814814815,0.9466666666666667,0.9037037037037037,0.01777777777777778,0.01333333333333342,0.01777777777777778,0.010370370370370474,-0.01777777777777778,-0.04296296296296298,90
CLCN4,39,23,16,bayes,0.005,0.8858695652173914,1.0,0.8858695652173912,0.375,0.8396739130434783,0.8858695652173912,0.8315217391304348,0.7717391304347826,1.1102230246251565e-16,1.1102230246251565e-16,1.1102230246251565e-16,0.008152173913043459,-0.11413043478260865,-0.05978260869565222,90
CLCN5,17,11,6,bayes,0.5,1.0,0.0,0.9696969696969697,0.0,1.0,0.9696969696969697,1.0,0.9696969696969697,0.030303030303030276,0.030303030303030276,0.030303030303030276,0.0,0.0,-0.030303030303030276,90
CLCN7,50,31,19,bayes,0.442,0.9422750424448216,0.578,0.9320882852292021,0.549,0.9422750424448217,0.9185059422750425,0.9252971137521223,0.8777589134125637,0.023769100169779178,0.010186757215619568,0.023769100169779178,0.01697792869269943,-0.04074702886247872,-0.04753820033955858,90
CLCNKB,36,15,21,bayes,0.209,0.9936507936507937,0.606,0.9968253968253968,0.221,0.9873015873015873,0.9873015873015873,0.9714285714285714,0.9111111111111111,0.006349206349206327,-0.0031746031746031633,0.006349206349206327,0.015873015873015928,-0.07619047619047625,-0.060317460317460325,90
CNGA1,12,5,7,bayes,0.0,1.0,1.0,1.0,0.0,1.0,1.0,1.0,0.8571428571428572,0.0,0.0,0.0,0.0,-0.1428571428571428,-0.1428571428571428,90
CNGA3,93,83,10,bayes,0.433,0.9722891566265061,0.634,0.9566265060240964,0.337,0.9710843373493976,0.9493975903614458,0.9602409638554217,0.9313253012048193,0.02289156626506028,0.015662650602409678,0.02289156626506028,0.010843373493975905,-0.01807228915662651,-0.028915662650602414,90
CNGB3,27,7,20,bayes,0.745,0.9,0.676,0.8785714285714284,0.79,0.8785714285714286,0.8714285714285713,0.8285714285714286,0.8642857142857143,0.028571428571428692,0.021428571428571574,0.028571428571428692,0.04999999999999993,-0.0071428571428570065,0.0357142857142857,90
CNNM2,16,8,8,bayes,0.0,0.96875,1.0,0.96875,0.0,0.90625,0.96875,0.90625,0.765625,0.0,0.0,0.0,0.0,-0.203125,-0.140625,90
CNOT3,16,8,8,bayes,1.0,0.90625,1.0,0.78125,0.251,1.0,0.78125,0.984375,0.90625,0.125,0.125,0.125,0.015625,0.125,-0.078125,90
COL10A1,44,18,26,bayes,0.905,0.7649572649572649,0.111,0.7307692307692308,0.276,0.7884615384615385,0.7136752136752137,0.782051282051282,0.7564102564102564,0.05128205128205121,0.03418803418803407,0.05128205128205121,0.0064102564102564985,0.042735042735042694,-0.02564102564102566,90
COL6A2,95,51,44,bayes,0.8180000000000001,0.9888591800356505,0.0,0.9719251336898396,0.865,0.9844028520499108,0.9625668449197861,0.9518716577540107,0.979946524064171,0.026292335115864485,0.01693404634581097,0.026292335115864485,0.03253119429590012,0.017379679144384985,0.028074866310160318,90
COMP,111,102,9,bayes,0.169,0.9161220043572984,0.898,0.9161220043572984,0.352,0.9117647058823529,0.9139433551198257,0.89760348583878,0.8562091503267975,0.002178649237472685,0.0,0.002178649237472685,0.014161220043572897,-0.057734204793028265,-0.04139433551198257,90
COQ4,12,6,6,bayes,0.0,1.0,1.0,1.0,0.5,1.0,1.0,0.8333333333333333,0.9722222222222223,0.0,0.0,0.0,0.16666666666666674,-0.02777777777777768,0.13888888888888906,90
COQ8A,27,18,9,bayes,0.5,1.0,1.0,0.9876543209876543,0.0,1.0,0.9876543209876543,1.0,0.962962962962963,0.012345679012345734,0.012345679012345734,0.012345679012345734,0.0,-0.024691358024691246,-0.03703703703703698,90
COQ8B,13,5,8,bayes,1.0,1.0,0.0,0.975,0.0,1.0,0.975,1.0,1.0,0.025000000000000022,0.025000000000000022,0.025000000000000022,0.0,0.025000000000000022,0.0,90
CPT1A,27,13,14,bayes,0.34700000000000003,0.9120879120879121,0.492,0.9175824175824177,0.0,0.945054945054945,0.8901098901098901,0.945054945054945,0.7912087912087912,0.02197802197802201,-0.005494505494505586,0.02197802197802201,0.0,-0.09890109890109888,-0.15384615384615385,90
CPT2,25,15,10,bayes,0.0,0.9133333333333333,0.862,0.92,0.0,0.9466666666666668,0.9133333333333333,0.9466666666666668,0.7533333333333333,0.0,-0.00666666666666671,0.0,0.0,-0.16000000000000003,-0.19333333333333347,90
CSF1R,84,27,57,bayes,0.557,0.967511371020143,0.378,0.9772579597141,0.079,0.9870045484080572,0.9512670565302144,0.9863547758284601,0.9636127355425601,0.01624431448992858,-0.009746588693957059,0.01624431448992858,0.0006497725795970855,0.012345679012345734,-0.02274204028589999,90
CSNK2A1,23,17,6,bayes,0.0,1.0,1.0,1.0,0.0,1.0,1.0,1.0,1.0,0.0,0.0,0.0,0.0,0.0,0.0,90
CTCF,34,29,5,bayes,0.101,0.9517241379310345,1.0,0.9448275862068966,0.5,0.9586206896551724,0.9448275862068966,0.9379310344827587,0.7931034482758621,0.006896551724137945,0.006896551724137945,0.006896551724137945,0.020689655172413723,-0.15172413793103445,-0.14482758620689662,90
CTNNB1,16,11,5,bayes,0.0,0.9090909090909092,0.016,0.9454545454545455,0.0,0.8545454545454545,0.9090909090909092,0.8545454545454545,0.6727272727272727,0.0,-0.036363636363636376,0.0,0.0,-0.23636363636363644,-0.18181818181818177,90
CTNS,28,18,10,bayes,1.0,0.9722222222222221,0.5,0.9222222222222222,0.5,1.0,0.9166666666666666,0.9777777777777779,0.9722222222222221,0.05555555555555547,0.04999999999999993,0.05555555555555547,0.022222222222222143,0.05555555555555547,-0.005555555555555758,90
CUL3,15,8,7,bayes,1.0,0.9642857142857143,0.5,0.9642857142857143,1.0,0.9642857142857143,0.9107142857142857,0.9107142857142857,0.9642857142857143,0.0535714285714286,0.0,0.0535714285714286,0.0535714285714286,0.0535714285714286,0.0535714285714286,90
CYBB,77,46,31,bayes,0.317,0.9481065918653576,0.465,0.9691444600280504,0.048,0.9642356241234222,0.9347826086956521,0.9628330995792427,0.8695652173913043,0.013323983169705511,-0.02103786816269282,0.013323983169705511,0.0014025245441795509,-0.06521739130434778,-0.09326788218793836,90
CYP11B1,39,34,5,bayes,0.0,1.0,1.0,1.0,0.417,0.9882352941176471,1.0,0.9764705882352941,0.9352941176470588,0.0,0.0,0.0,0.01176470588235301,-0.06470588235294117,-0.04117647058823526,90
CYP11B2,38,14,24,bayes,0.723,0.8958333333333333,0.0,0.9136904761904763,0.067,0.9583333333333334,0.8392857142857143,0.9523809523809524,0.8333333333333334,0.05654761904761896,-0.017857142857143016,0.05654761904761896,0.005952380952380931,-0.005952380952380931,-0.11904761904761907,90
CYP19A1,11,5,6,bayes,1.0,0.7,1.0,0.6333333333333333,0.404,0.8,0.6333333333333333,0.7666666666666666,0.7,0.06666666666666665,0.06666666666666665,0.06666666666666665,0.03333333333333344,0.06666666666666665,-0.06666666666666665,90
CYP27A1,17,12,5,bayes,0.259,0.9333333333333333,1.0,0.9166666666666667,0.0,0.9500000000000001,0.9166666666666667,0.9500000000000001,0.8666666666666667,0.016666666666666607,0.016666666666666607,0.016666666666666607,0.0,-0.050000000000000044,-0.08333333333333337,90
CYP27B1,25,20,5,bayes,0.14300000000000002,0.8800000000000001,0.0,0.9,0.0,0.98,0.8700000000000001,0.98,0.77,0.010000000000000009,-0.019999999999999907,0.010000000000000009,0.0,-0.10000000000000009,-0.20999999999999996,90
CYP4F22,21,11,10,bayes,0.811,0.9545454545454546,0.0,0.9272727272727272,0.0,1.0,0.9272727272727272,1.0,0.9454545454545454,0.027272727272727337,0.027272727272727337,0.027272727272727337,0.0,0.018181818181818188,-0.054545454545454564,90
DARS2,21,15,6,bayes,0.34800000000000003,0.9333333333333335,1.0,0.9222222222222223,0.5,0.9444444444444444,0.9222222222222223,0.9333333333333333,0.8666666666666667,0.011111111111111183,0.011111111111111183,0.011111111111111183,0.011111111111111072,-0.05555555555555558,-0.06666666666666665,90
DBT,24,16,8,bayes,0.5,1.0,1.0,0.9921875,1.0,0.9921875,0.9921875,0.953125,0.9921875,0.0078125,0.0078125,0.0078125,0.0390625,0.0,0.0390625,90
DCLRE1C,25,13,12,bayes,0.889,0.9294871794871795,0.0,1.0,0.6900000000000001,0.9615384615384617,0.8717948717948717,0.9166666666666667,0.9166666666666667,0.05769230769230782,-0.07051282051282048,0.05769230769230782,0.044871794871794934,0.044871794871795045,0.0,90
DEAF1,43,28,15,bayes,0.093,0.9476190476190477,0.431,0.9619047619047619,0.0,0.9690476190476192,0.9452380952380953,0.9690476190476192,0.6214285714285714,0.0023809523809523725,-0.014285714285714235,0.0023809523809523725,0.0,-0.3238095238095239,-0.3476190476190477,90
DEGS1,12,6,6,bayes,0.14200000000000002,0.8611111111111112,0.0,0.888888888888889,0.0,0.9722222222222223,0.8333333333333335,0.9722222222222223,0.8055555555555556,0.02777777777777768,-0.02777777777777779,0.02777777777777768,0.0,-0.0277777777777779,-0.16666666666666674,90
DKC1,20,14,6,bayes,0.306,0.9761904761904763,1.0,0.9642857142857143,0.6980000000000001,0.9166666666666667,0.9642857142857143,0.7857142857142857,0.8571428571428572,0.011904761904761973,0.011904761904761973,0.011904761904761973,0.13095238095238104,-0.1071428571428571,0.07142857142857151,90
DLL4,27,15,12,bayes,0.5,0.9777777777777777,1.0,0.9722222222222223,0.109,0.9777777777777777,0.9722222222222223,0.9611111111111111,0.8333333333333334,0.005555555555555425,0.005555555555555425,0.005555555555555425,0.016666666666666607,-0.13888888888888895,-0.12777777777777777,90
DNAI1,17,9,8,bayes,0.723,0.9305555555555556,0.0,0.9583333333333334,0.5,0.9722222222222222,0.9027777777777778,0.9027777777777778,0.9166666666666667,0.02777777777777779,-0.02777777777777779,0.02777777777777779,0.06944444444444442,0.01388888888888895,0.01388888888888895,90
DNM1,71,35,36,bayes,0.6940000000000001,0.819047619047619,1.0,0.7873015873015874,0.352,0.8595238095238094,0.7873015873015874,0.8452380952380952,0.7785714285714286,0.03174603174603163,0.03174603174603163,0.03174603174603163,0.014285714285714124,-0.00873015873015881,-0.06666666666666665,90
DNM2,31,22,9,bayes,0.667,0.5252525252525253,1.0,0.5050505050505051,0.0,0.8484848484848485,0.5050505050505051,0.8484848484848485,0.46464646464646464,0.02020202020202022,0.02020202020202022,0.02020202020202022,0.0,-0.04040404040404044,-0.38383838383838387,90
DOK7,23,7,16,bayes,0.0,0.8392857142857143,1.0,0.8392857142857143,0.0,0.9196428571428571,0.8392857142857143,0.9196428571428571,0.19642857142857142,0.0,0.0,0.0,0.0,-0.6428571428571429,-0.7232142857142857,90
DPF2,20,11,9,bayes,0.0,1.0,1.0,1.0,0.5,1.0,1.0,0.9898989898989898,0.9494949494949495,0.0,0.0,0.0,0.010101010101010166,-0.0505050505050505,-0.04040404040404033,90
DYRK1A,94,24,70,bayes,0.0,0.9154761904761904,0.966,0.9160714285714285,0.47300000000000003,0.9464285714285715,0.9154761904761904,0.9333333333333333,0.8583333333333334,0.0,-0.0005952380952380931,0.0,0.01309523809523816,-0.05714285714285705,-0.07499999999999996,90
EBF3,35,30,5,bayes,1.0,0.6066666666666667,0.10200000000000001,0.58,0.626,0.8466666666666667,0.5666666666666667,0.8266666666666667,0.6066666666666667,0.040000000000000036,0.026666666666666727,0.040000000000000036,0.020000000000000018,0.040000000000000036,-0.21999999999999997,90
ECEL1,19,10,9,bayes,0.0,0.9555555555555555,0.0,1.0,0.5,0.9222222222222223,0.9555555555555555,0.8888888888888888,0.8555555555555556,0.0,-0.04444444444444451,0.0,0.03333333333333344,-0.09999999999999987,-0.033333333333333215,90
EDA,116,94,22,bayes,0.451,0.8031914893617021,0.298,0.8297872340425533,0.302,0.836073500967118,0.7577369439071567,0.8225338491295938,0.687137330754352,0.045454545454545414,-0.02659574468085113,0.045454545454545414,0.013539651837524147,-0.07059961315280472,-0.1353965183752418,90
EDAR,29,24,5,bayes,0.0,0.7666666666666667,0.256,0.8500000000000001,0.0,0.725,0.7666666666666667,0.725,0.6333333333333333,0.0,-0.08333333333333337,0.0,0.0,-0.13333333333333341,-0.09166666666666667,90
EEF1A2,34,25,9,bayes,0.0,0.7111111111111111,1.0,0.7111111111111111,0.388,0.72,0.7111111111111111,0.6622222222222223,0.6533333333333333,0.0,0.0,0.0,0.057777777777777706,-0.05777777777777782,-0.008888888888888946,90
EFNB1,18,12,6,bayes,0.0,1.0,0.0,1.0,0.0,1.0,1.0,1.0,0.47222222222222227,0.0,0.0,0.0,0.0,-0.5277777777777777,-0.5277777777777777,90
EFTUD2,31,19,12,bayes,0.0,0.9517543859649122,0.036000000000000004,0.9824561403508772,0.257,1.0,0.9517543859649122,0.9956140350877193,0.9385964912280701,0.0,-0.030701754385965008,0.0,0.004385964912280715,-0.013157894736842146,-0.05701754385964919,90
EIF2B5,36,30,6,bayes,0.0,1.0,1.0,1.0,0.323,0.9666666666666667,1.0,0.938888888888889,0.8444444444444444,0.0,0.0,0.0,0.02777777777777768,-0.15555555555555556,-0.09444444444444455,90
ELAC2,13,6,7,bayes,0.0,0.9761904761904763,0.5,1.0,0.0,0.9047619047619049,0.9761904761904763,0.9047619047619049,0.7857142857142857,0.0,-0.023809523809523725,0.0,0.0,-0.19047619047619058,-0.11904761904761918,90
ELANE,53,46,7,bayes,0.025,0.9782608695652173,0.9450000000000001,0.9751552795031057,0.216,0.9565217391304348,0.9751552795031055,0.9565217391304347,0.8385093167701863,0.0031055900621117516,0.0031055900621116406,0.0031055900621117516,1.1102230246251565e-16,-0.1366459627329193,-0.11801242236024845,90
ELN,11,5,6,bayes,1.0,0.5,0.0,0.5333333333333333,0.101,0.7,0.4666666666666667,0.6666666666666667,0.5,0.033333333333333326,-0.033333333333333326,0.033333333333333326,0.033333333333333215,0.033333333333333326,-0.16666666666666674,90
EMD,15,5,10,bayes,1.0,0.98,1.0,0.9400000000000001,1.0,0.98,0.9400000000000001,0.92,0.98,0.039999999999999925,0.039999999999999925,0.039999999999999925,0.05999999999999994,0.039999999999999925,0.05999999999999994,90
ENG,171,61,110,bayes,0.619,0.8573770491803279,0.991,0.8184798807749628,0.635,0.8166915052160952,0.8181818181818182,0.7719821162444114,0.7481371087928465,0.039195230998509634,0.03889716840536506,0.039195230998509634,0.04470938897168386,-0.07004470938897178,-0.023845007451564926,90
ENPP1,18,10,8,bayes,0.5,0.9625,0.0,1.0,0.0,0.9875,0.875,0.9875,0.8375,0.08750000000000002,-0.03749999999999998,0.08750000000000002,0.0,-0.03749999999999998,-0.15000000000000002,90
EPHB4,79,17,62,bayes,0.5,0.98292220113852,0.842,0.9667931688804554,0.40800000000000003,0.9933586337760911,0.9658444022770398,0.9658444022770398,0.9440227703984819,0.017077798861480198,0.016129032258064613,0.017077798861480198,0.0275142314990513,-0.0218216318785579,-0.0218216318785579,90
ERF,15,6,9,bayes,0.704,0.9259259259259259,1.0,0.8518518518518519,0.0,1.0,0.8518518518518519,1.0,0.8888888888888888,0.07407407407407407,0.07407407407407407,0.07407407407407407,0.0,0.03703703703703698,-0.11111111111111116,90
ETFDH,74,69,5,bayes,0.743,0.9565217391304348,0.9430000000000001,0.9420289855072465,0.5660000000000001,0.9594202898550726,0.9391304347826087,0.9536231884057972,0.8956521739130434,0.017391304347826098,0.01449275362318836,0.017391304347826098,0.005797101449275366,-0.0434782608695653,-0.05797101449275377,90
EXT1,40,29,11,bayes,0.5,1.0,0.5,1.0,0.5,0.9843260188087775,0.9937304075235109,0.9498432601880877,0.9247648902821317,0.006269592476489061,0.0,0.006269592476489061,0.034482758620689724,-0.06896551724137923,-0.02507836990595602,90
EXT2,27,13,14,bayes,0.5,0.8626373626373627,0.20600000000000002,0.9230769230769231,0.31,0.945054945054945,0.8021978021978021,0.9340659340659341,0.8076923076923077,0.06043956043956056,-0.06043956043956045,0.06043956043956056,0.01098901098901095,0.005494505494505586,-0.12637362637362637,90
EYA1,22,9,13,bayes,0.5,1.0,0.8170000000000001,0.982905982905983,0.5,0.9914529914529915,0.9743589743589745,0.9316239316239315,0.9743589743589742,0.02564102564102555,0.017094017094017033,0.02564102564102555,0.05982905982905995,-2.220446049250313e-16,0.042735042735042694,90
EZH2,49,27,22,bayes,0.992,0.8905723905723906,1.0,0.7188552188552189,0.381,0.9966329966329966,0.7188552188552189,0.9932659932659932,0.8888888888888888,0.1717171717171717,0.1717171717171717,0.1717171717171717,0.0033670033670034627,0.17003367003366998,-0.10437710437710435,90
F11,38,32,6,bayes,0.0,0.8854166666666667,0.876,0.9010416666666667,0.088,0.9270833333333334,0.8854166666666667,0.9218749999999999,0.8125000000000001,0.0,-0.015625,0.0,0.005208333333333481,-0.07291666666666663,-0.10937499999999978,90
F2,17,11,6,bayes,0.5,0.8787878787878788,0.306,0.9090909090909092,0.591,0.8787878787878788,0.8333333333333333,0.8333333333333333,0.7575757575757576,0.045454545454545525,-0.030303030303030387,0.045454545454545525,0.045454545454545525,-0.07575757575757569,-0.07575757575757569,90
F7,29,23,6,bayes,0.07100000000000001,0.9130434782608696,0.735,0.9202898550724637,0.436,0.9782608695652174,0.8985507246376813,0.9710144927536232,0.8623188405797102,0.01449275362318836,-0.007246376811594124,0.01449275362318836,0.007246376811594235,-0.036231884057971064,-0.10869565217391297,90
F9,130,112,18,bayes,0.5,0.8720238095238095,0.637,0.8591269841269842,0.296,0.9171626984126985,0.8506944444444445,0.9107142857142857,0.8283730158730159,0.021329365079365004,0.012896825396825351,0.021329365079365004,0.0064484126984127865,-0.022321428571428603,-0.08234126984126977,90
FA2H,18,12,6,bayes,0.0,1.0,0.0,1.0,0.5,1.0,1.0,0.9027777777777778,0.9166666666666666,0.0,0.0,0.0,0.09722222222222221,-0.08333333333333337,0.01388888888888884,90
FARS2,23,16,7,bayes,0.317,1.0,1.0,0.9910714285714286,0.165,0.9910714285714286,0.9910714285714286,0.9642857142857143,0.9285714285714286,0.008928571428571397,0.008928571428571397,0.008928571428571397,0.0267857142857143,-0.0625,-0.0357142857142857,90
FARSB,11,6,5,bayes,0.0,0.9333333333333333,1.0,0.9333333333333333,0.653,0.8333333333333334,0.9333333333333333,0.7666666666666666,0.8,0.0,0.0,0.0,0.06666666666666676,-0.1333333333333333,0.03333333333333344,90
FBXO11,90,44,46,bayes,0.033,0.8947628458498024,0.855,0.8967391304347826,0.017,0.8656126482213438,0.8927865612648221,0.8641304347826088,0.749505928853755,0.0019762845849802257,-0.0019762845849802257,0.0019762845849802257,0.0014822134387350028,-0.14328063241106714,-0.11462450592885376,90
FBXO7,19,5,14,bayes,0.0,1.0,0.0,1.0,0.0,1.0,1.0,1.0,1.0,0.0,0.0,0.0,0.0,0.0,0.0,90
FECH,11,5,6,bayes,0.0,1.0,1.0,1.0,0.0,0.8666666666666667,1.0,0.8666666666666667,0.7666666666666667,0.0,0.0,0.0,0.0,-0.23333333333333328,-0.09999999999999998,90
FGD1,25,8,17,bayes,0.0,0.9191176470588235,0.5,0.9338235294117647,0.0,0.9264705882352942,0.9191176470588235,0.9264705882352942,0.7205882352941176,0.0,-0.014705882352941235,0.0,0.0,-0.19852941176470584,-0.20588235294117652,90
FGFR1,79,67,12,bayes,0.0,0.958955223880597,0.88,0.9601990049751243,0.0,0.9987562189054726,0.958955223880597,0.9987562189054726,0.8345771144278606,0.0,-0.0012437810945273853,0.0,0.0,-0.12437810945273631,-0.16417910447761197,90
FGFR2,75,68,7,bayes,0.81,0.9726890756302521,0.254,0.9642857142857143,0.5,0.9978991596638656,0.9474789915966385,0.9915966386554622,0.9558823529411765,0.025210084033613578,0.008403361344537785,0.025210084033613578,0.006302521008403339,0.008403361344538007,-0.0357142857142857,90
FGFR3,49,32,17,bayes,0.682,0.9375,0.76,0.8841911764705882,0.5760000000000001,0.9356617647058822,0.8786764705882353,0.9191176470588235,0.9209558823529411,0.05882352941176472,0.0533088235294118,0.05882352941176472,0.016544117647058765,0.04227941176470584,0.0018382352941176405,90
FH,106,101,5,bayes,1.0,0.9920792079207921,0.863,0.8217821782178217,0.5,0.996039603960396,0.8178217821782178,0.9920792079207921,0.9920792079207921,0.1742574257425743,0.17029702970297034,0.1742574257425743,0.003960396039603964,0.1742574257425743,0.0,90
FLCN,13,7,6,bayes,0.4,0.9761904761904763,0.652,0.9761904761904763,0.0,0.9285714285714286,0.8571428571428572,0.9285714285714286,0.7142857142857143,0.11904761904761907,0.0,0.11904761904761907,0.0,-0.1428571428571429,-0.2142857142857143,90
FMO3,27,16,11,bayes,0.5,0.9147727272727273,1.0,0.8636363636363636,0.805,0.8920454545454545,0.8636363636363636,0.8352272727272727,0.8352272727272727,0.051136363636363646,0.051136363636363646,0.051136363636363646,0.05681818181818177,-0.02840909090909094,0.0,90
FOXF1,18,12,6,bayes,0.5,1.0,1.0,0.9861111111111112,0.881,1.0,0.9861111111111112,0.9861111111111112,0.9861111111111112,0.01388888888888884,0.01388888888888884,0.01388888888888884,0.01388888888888884,0.0,0.0,90
FOXG1,145,75,70,bayes,0.986,0.8940952380952382,0.893,0.773904761904762,0.431,0.9773333333333333,0.7725714285714286,0.9742857142857143,0.8939047619047619,0.12152380952380959,0.12019047619047618,0.12152380952380959,0.0030476190476189657,0.1213333333333333,-0.08038095238095244,90
FOXH1,11,6,5,bayes,1.0,0.9,0.0,0.8,1.0,0.9,0.8,0.8333333333333334,0.9,0.09999999999999998,0.09999999999999998,0.09999999999999998,0.06666666666666665,0.09999999999999998,0.06666666666666665,90
FOXP1,58,20,38,bayes,0.126,0.8657894736842106,0.163,0.8644736842105264,0.5,0.9328947368421052,0.8552631578947368,0.9131578947368421,0.8539473684210526,0.010526315789473717,0.001315789473684159,0.010526315789473717,0.019736842105263164,-0.0013157894736842701,-0.05921052631578949,90
FOXP3,39,17,22,bayes,1.0,0.8796791443850267,0.115,0.7272727272727273,0.5,0.9117647058823529,0.6711229946524064,0.8636363636363636,0.8796791443850267,0.20855614973262027,0.1524064171122994,0.20855614973262027,0.048128342245989275,0.20855614973262027,0.016042780748663055,90
FOXRED1,14,5,9,bayes,0.0,0.8888888888888888,0.0,0.9111111111111112,0.389,0.9555555555555555,0.8888888888888888,0.9333333333333332,0.8,0.0,-0.022222222222222365,0.0,0.022222222222222254,-0.0888888888888888,-0.1333333333333332,90
FRMD7,35,10,25,bayes,0.525,0.892,0.782,0.8480000000000001,0.281,0.912,0.844,0.904,0.788,0.04800000000000004,0.04399999999999993,0.04800000000000004,0.008000000000000007,-0.05599999999999994,-0.11599999999999999,90
FUCA1,17,6,11,bayes,0.0,1.0,1.0,1.0,0.0,1.0,1.0,1.0,0.8484848484848485,0.0,0.0,0.0,0.0,-0.1515151515151515,-0.1515151515151515,90
FUS,21,14,7,bayes,1.0,0.6020408163265306,1.0,0.5612244897959183,0.0,0.8367346938775511,0.5612244897959183,0.8367346938775511,0.6020408163265306,0.04081632653061229,0.04081632653061229,0.04081632653061229,0.0,0.04081632653061229,-0.23469387755102045,90
FZD4,19,11,8,bayes,0.5,0.9431818181818181,0.325,0.9431818181818181,0.5,0.9090909090909092,0.9090909090909091,0.9090909090909091,0.875,0.03409090909090906,0.0,0.03409090909090906,1.1102230246251565e-16,-0.03409090909090906,-0.03409090909090906,90
GAA,196,182,14,bayes,0.245,0.9646781789638933,0.911,0.9623233908948196,0.262,0.9823390894819466,0.9623233908948194,0.9748822605965463,0.8551805337519622,0.0023547880690738543,0.0023547880690737433,0.0023547880690738543,0.007456828885400335,-0.1071428571428572,-0.11970172684458402,90
GABBR2,82,8,74,bayes,0.0,0.7939189189189189,0.753,0.804054054054054,0.049,0.8192567567567568,0.7939189189189189,0.8175675675675675,0.6097972972972974,0.0,-0.010135135135135087,0.0,0.0016891891891892552,-0.1841216216216215,-0.20777027027027017,90
GABRA1,58,43,15,bayes,0.632,0.8496124031007751,0.562,0.8186046511627907,0.6960000000000001,0.8465116279069766,0.8046511627906976,0.813953488372093,0.8155038759689923,0.04496124031007753,0.03100775193798444,0.04496124031007753,0.03255813953488362,0.010852713178294726,0.0015503875968992942,90
GABRA2,21,9,12,bayes,0.0,0.8796296296296297,1.0,0.8796296296296297,0.0,0.8148148148148149,0.8796296296296297,0.8148148148148149,0.75,0.0,0.0,0.0,0.0,-0.12962962962962965,-0.06481481481481488,90
GABRB2,74,35,39,bayes,0.5,0.9457875457875458,0.482,0.947985347985348,0.359,0.9604395604395604,0.9157509157509158,0.9545787545787545,0.9062271062271064,0.03003663003662993,-0.00219780219780219,0.03003663003662993,0.00586080586080584,-0.009523809523809379,-0.04835164835164807,90
GABRB3,53,37,16,bayes,0.6990000000000001,0.9442567567567568,0.519,0.9290540540540542,0.11,0.9797297297297298,0.9121621621621622,0.9797297297297297,0.9239864864864865,0.03209459459459463,0.01520270270270263,0.03209459459459463,1.1102230246251565e-16,0.011824324324324342,-0.0557432432432432,90
GABRG2,33,24,9,bayes,0.0,0.9907407407407407,1.0,0.9907407407407407,0.732,0.9722222222222223,0.9907407407407407,0.962962962962963,0.9305555555555556,0.0,0.0,0.0,0.0092592592592593,-0.06018518518518512,-0.03240740740740744,90
GALC,77,70,7,bayes,0.156,0.9653061224489796,0.87,0.9653061224489796,0.019,0.9448979591836736,0.9571428571428572,0.942857142857143,0.5408163265306123,0.008163265306122436,0.0,0.008163265306122436,0.0020408163265306367,-0.4163265306122449,-0.40204081632653066,90
GALNS,75,65,10,bayes,0.388,0.8415384615384616,0.578,0.8276923076923077,0.0,0.893846153846154,0.8046153846153846,0.893846153846154,0.7200000000000001,0.03692307692307695,0.013846153846153841,0.03692307692307695,0.0,-0.08461538461538454,-0.17384615384615387,90
GAMT,33,28,5,bayes,0.364,0.9857142857142858,0.649,0.9571428571428572,0.184,0.8714285714285714,0.95,0.8642857142857142,0.6571428571428571,0.03571428571428581,0.02857142857142858,0.03571428571428581,0.0071428571428572285,-0.2928571428571428,-0.20714285714285707,90
GARS1,28,17,11,bayes,0.853,0.9358288770053476,0.86,0.7967914438502673,0.456,0.9625668449197861,0.7914438502673796,0.946524064171123,0.9251336898395721,0.14438502673796794,0.13903743315508021,0.14438502673796794,0.016042780748663055,0.1336898395721925,-0.021390374331550888,90
GATA1,26,10,16,bayes,1.0,0.93125,1.0,0.775,1.0,0.93125,0.775,0.8875000000000001,0.93125,0.15625,0.15625,0.15625,0.043749999999999956,0.15625,0.043749999999999956,90
GATA2,52,37,15,bayes,0.73,0.981981981981982,0.8160000000000001,0.8864864864864865,0.0,1.0,0.8846846846846848,1.0,0.9801801801801803,0.0972972972972973,0.09549549549549552,0.0972972972972973,0.0,0.09549549549549552,-0.01981981981981973,90
GATA4,15,7,8,bayes,0.0,1.0,0.0,1.0,0.0,1.0,1.0,1.0,1.0,0.0,0.0,0.0,0.0,0.0,0.0,90
GBA2,12,5,7,bayes,0.0,1.0,0.0,1.0,0.0,1.0,1.0,1.0,0.6,0.0,0.0,0.0,0.0,-0.4,-0.4,90
GBE1,26,18,8,bayes,0.5,0.9236111111111112,0.577,0.9305555555555556,0.624,0.9097222222222222,0.9166666666666667,0.8888888888888888,0.8333333333333334,0.00694444444444442,-0.00694444444444442,0.00694444444444442,0.02083333333333337,-0.08333333333333337,-0.05555555555555547,90
GCK,272,262,10,bayes,0.135,0.8549618320610688,1.0,0.8534351145038168,0.42,0.8870229007633588,0.8534351145038168,0.8767175572519084,0.7824427480916031,0.0015267175572519776,0.0015267175572519776,0.0015267175572519776,0.010305343511450404,-0.07099236641221374,-0.09427480916030528,90
GCM2,15,7,8,bayes,0.268,0.625,1.0,0.6071428571428571,0.0,0.6964285714285714,0.6071428571428571,0.6964285714285714,0.44642857142857145,0.017857142857142905,0.017857142857142905,0.017857142857142905,0.0,-0.16071428571428564,-0.24999999999999994,90
GFAP,55,47,8,bayes,0.757,0.9202127659574468,0.07200000000000001,0.8803191489361702,0.679,0.9601063829787234,0.8590425531914894,0.9441489361702128,0.9042553191489362,0.061170212765957466,0.039893617021276584,0.061170212765957466,0.015957446808510634,0.04521276595744683,-0.039893617021276584,90
GFM1,23,10,13,bayes,0.122,0.9307692307692308,0.0,0.9538461538461538,0.0,0.9153846153846154,0.9153846153846154,0.9153846153846154,0.7846153846153847,0.015384615384615441,-0.023076923076922995,0.015384615384615441,0.0,-0.13076923076923064,-0.13076923076923064,90
GHR,17,5,12,bayes,0.0,1.0,0.0,1.0,0.0,1.0,1.0,1.0,0.8166666666666667,0.0,0.0,0.0,0.0,-0.18333333333333335,-0.18333333333333335,90
GHRHR,14,6,8,bayes,0.0,1.0,0.0,1.0,0.0,1.0,1.0,1.0,0.8958333333333333,0.0,0.0,0.0,0.0,-0.10416666666666674,-0.10416666666666674,90
GJA3,30,24,6,bayes,0.877,1.0,1.0,0.9652777777777778,0.0,1.0,0.9652777777777778,1.0,0.9930555555555556,0.03472222222222221,0.03472222222222221,0.03472222222222221,0.0,0.02777777777777779,-0.00694444444444442,90
GJA8,39,31,8,bayes,1.0,0.9959677419354839,1.0,0.9758064516129032,0.0,1.0,0.9758064516129032,1.0,0.9959677419354839,0.020161290322580627,0.020161290322580627,0.020161290322580627,0.0,0.020161290322580627,-0.0040322580645161255,90
GLA,177,171,6,bayes,0.0,0.7787524366471735,1.0,0.7787524366471735,0.0,0.797270955165692,0.7787524366471735,0.797270955165692,0.6432748538011696,0.0,0.0,0.0,0.0,-0.13547758284600397,-0.15399610136452246,90
GLB1,97,89,8,bayes,0.157,0.976123595505618,1.0,0.9747191011235955,0.14,0.9873595505617978,0.9747191011235955,0.9859550561797753,0.7471910112359551,0.001404494382022503,0.001404494382022503,0.001404494382022503,0.001404494382022503,-0.2275280898876404,-0.2387640449438202,90
GLDC,90,78,12,bayes,0.456,0.8985042735042735,0.438,0.811965811965812,0.329,0.9465811965811965,0.8066239316239318,0.9316239316239316,0.8888888888888888,0.09188034188034178,0.08653846153846156,0.09188034188034178,0.014957264957264904,0.08226495726495708,-0.042735042735042805,90
GLDN,20,9,11,bayes,0.5,0.9494949494949495,0.5,0.9393939393939393,0.671,0.9494949494949494,0.9292929292929293,0.9393939393939394,0.8585858585858586,0.02020202020202022,0.010101010101010166,0.02020202020202022,0.010101010101009944,-0.07070707070707072,-0.08080808080808088,90
GLRA1,28,22,6,bayes,0.5,1.0,0.0,0.9772727272727273,0.5,1.0,0.9772727272727273,0.9848484848484849,0.9772727272727273,0.022727272727272707,0.022727272727272707,0.022727272727272707,0.015151515151515138,0.0,-0.007575757575757569,90
GLUD1,15,10,5,bayes,0.201,0.74,0.099,0.74,0.322,0.7,0.7,0.62,0.6399999999999999,0.040000000000000036,0.0,0.040000000000000036,0.07999999999999996,-0.06000000000000005,0.019999999999999907,90
GNAO1,66,52,14,bayes,0.9510000000000001,0.9862637362637363,0.8300000000000001,0.9711538461538461,0.599,0.989010989010989,0.9684065934065934,0.9766483516483517,0.9848901098901099,0.017857142857142905,0.015109890109890167,0.017857142857142905,0.012362637362637319,0.016483516483516536,0.008241758241758212,90
GNB1,29,18,11,bayes,0.5,0.8232323232323232,1.0,0.8080808080808081,0.8200000000000001,0.7979797979797979,0.8080808080808081,0.7777777777777778,0.7727272727272727,0.015151515151515138,0.015151515151515138,0.015151515151515138,0.02020202020202011,-0.03535353535353536,-0.005050505050505083,90
GP1BA,20,13,7,bayes,1.0,0.967032967032967,1.0,0.8901098901098901,0.78,0.9670329670329672,0.8901098901098901,0.945054945054945,0.967032967032967,0.07692307692307698,0.07692307692307698,0.07692307692307698,0.021978021978022122,0.07692307692307698,0.02197802197802201,90
GPAA1,11,5,6,bayes,0.0,1.0,1.0,1.0,0.0,0.9000000000000001,1.0,0.9000000000000001,0.7666666666666666,0.0,0.0,0.0,0.0,-0.2333333333333334,-0.13333333333333353,90
GPI,14,9,5,bayes,1.0,1.0,1.0,0.9333333333333333,1.0,1.0,0.9333333333333333,0.8222222222222223,1.0,0.06666666666666665,0.06666666666666665,0.06666666666666665,0.1777777777777777,0.06666666666666665,0.1777777777777777,90
GPR143,25,14,11,bayes,0.679,0.8636363636363636,0.355,0.8636363636363636,0.14100000000000001,0.8766233766233766,0.7792207792207793,0.8701298701298701,0.7922077922077922,0.08441558441558439,0.0,0.08441558441558439,0.006493506493506551,0.012987012987012991,-0.07792207792207784,90
GRIA2,28,22,6,bayes,1.0,1.0,0.0,1.0,1.0,1.0,0.9848484848484849,0.9545454545454546,1.0,0.015151515151515138,0.0,0.015151515151515138,0.045454545454545414,0.015151515151515138,0.045454545454545414,90
GRIA3,21,14,7,bayes,1.0,1.0,0.5,0.9795918367346939,1.0,1.0,0.9693877551020409,0.989795918367347,1.0,0.030612244897959107,0.020408163265306145,0.030612244897959107,0.010204081632652962,0.030612244897959107,0.010204081632652962,90
GRIA4,13,5,8,bayes,0.5,0.775,1.0,0.7500000000000001,0.0,0.95,0.7500000000000001,0.95,0.7,0.02499999999999991,0.02499999999999991,0.02499999999999991,0.0,-0.050000000000000155,-0.25,90
GRIN1,97,61,36,bayes,0.5740000000000001,0.8592896174863389,0.9470000000000001,0.8110200364298725,0.601,0.8438069216757742,0.8101092896174863,0.7714025500910746,0.8069216757741348,0.049180327868852625,0.04826958105646639,0.049180327868852625,0.07240437158469959,-0.0031876138433515333,0.03551912568306015,90
GRM6,28,7,21,bayes,0.5,0.9931972789115646,0.0,1.0,0.5,0.9863945578231292,0.9659863945578231,0.9455782312925171,0.9523809523809524,0.027210884353741527,-0.006802721088435382,0.027210884353741527,0.04081632653061218,-0.013605442176870652,0.006802721088435382,90
GTPBP3,18,8,10,bayes,0.612,1.0,0.0,0.9375,0.874,1.0,0.9125,0.925,0.9875,0.08750000000000002,0.0625,0.08750000000000002,0.07499999999999996,0.07500000000000007,0.0625,90
HADHA,22,11,11,bayes,0.0,1.0,0.0,1.0,0.5,1.0,1.0,0.9834710743801652,0.9421487603305785,0.0,0.0,0.0,0.016528925619834767,-0.05785123966942152,-0.04132231404958675,90
HBA1,20,11,9,bayes,0.089,0.7171717171717171,0.0,0.7777777777777778,0.0,0.6868686868686869,0.7070707070707071,0.6868686868686869,0.3434343434343434,0.010101010101010055,-0.06060606060606066,0.010101010101010055,0.0,-0.36363636363636365,-0.3434343434343434,90
HBA2,34,19,15,bayes,0.47300000000000003,0.8070175438596491,0.0,0.8385964912280702,0.076,0.7929824561403508,0.7894736842105263,0.7894736842105263,0.6736842105263158,0.01754385964912275,-0.03157894736842115,0.01754385964912275,0.0035087719298244613,-0.11578947368421055,-0.11578947368421055,90
HBB,35,27,8,bayes,0.395,0.8472222222222222,0.5,0.8472222222222222,0.5670000000000001,0.7870370370370371,0.8009259259259259,0.6712962962962963,0.7083333333333333,0.04629629629629628,0.0,0.04629629629629628,0.11574074074074081,-0.09259259259259267,0.03703703703703698,90
HCN1,71,24,47,bayes,0.154,0.8865248226950354,0.937,0.8812056737588654,0.331,0.9450354609929078,0.8812056737588653,0.9379432624113475,0.6835106382978724,0.005319148936170137,0.005319148936170026,0.005319148936170137,0.007092198581560294,-0.19769503546099287,-0.2544326241134751,90
HCN2,21,7,14,bayes,0.0,0.979591836734694,1.0,0.979591836734694,0.0,1.0,0.979591836734694,1.0,0.8775510204081632,0.0,0.0,0.0,0.0,-0.10204081632653073,-0.12244897959183676,90
HDAC8,39,26,13,bayes,0.5,0.9792899408284024,0.5,0.9763313609467454,0.585,0.9792899408284024,0.9408284023668639,0.9704142011834319,0.9615384615384616,0.038461538461538436,0.002958579881656931,0.038461538461538436,0.00887573964497046,0.020710059171597628,-0.008875739644970349,90
HEXB,27,16,11,bayes,0.0,1.0,0.0,1.0,0.0,1.0,1.0,1.0,0.8295454545454546,0.0,0.0,0.0,0.0,-0.17045454545454541,-0.17045454545454541,90
HGD,42,35,7,bayes,0.0,0.9877551020408164,0.5,0.9918367346938776,1.0,0.9836734693877551,0.9877551020408164,0.9714285714285715,0.9836734693877551,0.0,-0.004081632653061162,0.0,0.012244897959183598,-0.004081632653061273,0.012244897959183598,90
HGSNAT,18,11,7,bayes,0.5,1.0,0.0,0.9610389610389611,0.5,1.0,0.9350649350649352,0.9870129870129871,0.8961038961038961,0.06493506493506485,0.03896103896103886,0.06493506493506485,0.01298701298701288,-0.038961038961039085,-0.09090909090909105,90
HLCS,20,11,9,bayes,0.0,1.0,1.0,1.0,0.0,1.0,1.0,1.0,0.7171717171717172,0.0,0.0,0.0,0.0,-0.28282828282828276,-0.28282828282828276,90
HNF1A,128,106,22,bayes,0.0,0.8447684391080619,1.0,0.8447684391080619,0.0,0.9463979416809605,0.8447684391080619,0.9463979416809605,0.7277015437392795,0.0,0.0,0.0,0.0,-0.11706689536878234,-0.21869639794168094,90
HNF4A,56,51,5,bayes,1.0,0.9568627450980393,0.763,0.9137254901960783,0.525,0.984313725490196,0.9098039215686273,0.9568627450980391,0.9568627450980393,0.04705882352941193,0.043137254901960964,0.04705882352941193,0.027450980392156876,0.04705882352941193,1.1102230246251565e-16,90
HNRNPK,19,14,5,bayes,0.0,0.9714285714285714,1.0,0.9714285714285714,0.0,0.9285714285714286,0.9714285714285714,0.9285714285714286,0.8142857142857143,0.0,0.0,0.0,0.0,-0.15714285714285714,-0.11428571428571432,90
HNRNPU,81,9,72,bayes,0.075,0.7376543209876544,0.459,0.7592592592592593,0.0,0.8981481481481481,0.736111111111111,0.8981481481481481,0.2762345679012346,0.0015432098765433278,-0.021604938271604923,0.0015432098765433278,0.0,-0.4598765432098765,-0.6219135802469136,90
HPS1,13,5,8,bayes,0.0,1.0,1.0,1.0,0.0,1.0,1.0,1.0,0.55,0.0,0.0,0.0,0.0,-0.44999999999999996,-0.44999999999999996,90
HRAS,31,23,8,bayes,0.0,1.0,1.0,1.0,0.177,0.9836956521739131,1.0,0.9782608695652174,0.9565217391304348,0.0,0.0,0.0,0.005434782608695676,-0.04347826086956519,-0.021739130434782594,90
HSD17B10,15,10,5,bayes,0.0,1.0,1.0,1.0,0.87,1.0,1.0,0.9,0.9800000000000001,0.0,0.0,0.0,0.09999999999999998,-0.019999999999999907,0.08000000000000007,90
HSD17B4,35,25,10,bayes,0.043000000000000003,0.98,1.0,0.9760000000000001,0.0,0.96,0.9760000000000001,0.96,0.876,0.0039999999999998925,0.0039999999999998925,0.0039999999999998925,0.0,-0.10000000000000009,-0.08399999999999996,90
IDS,299,260,39,bayes,0.019,0.9196252465483234,0.928,0.9197238658777122,0.048,0.927120315581854,0.9191814595660749,0.9258875739644971,0.6927021696252466,0.00044378698224856183,-9.861932938870499e-05,0.00044378698224856183,0.0012327416173569805,-0.22647928994082833,-0.2331854043392505,90
IDUA,60,48,12,bayes,0.018000000000000002,0.9114583333333334,1.0,0.9097222222222222,0.443,0.9809027777777778,0.9097222222222222,0.9756944444444444,0.673611111111111,0.0017361111111111605,0.0017361111111111605,0.0017361111111111605,0.00520833333333337,-0.23611111111111116,-0.30208333333333337,90
IGHMBP2,32,15,17,bayes,0.40800000000000003,0.9490196078431372,0.176,0.9333333333333333,0.5,0.9686274509803922,0.9215686274509803,0.9372549019607843,0.8980392156862745,0.027450980392156876,0.015686274509803866,0.027450980392156876,0.03137254901960784,-0.0235294117647058,-0.039215686274509776,90
IL11RA,10,5,5,bayes,0.0,1.0,0.0,1.0,1.0,1.0,1.0,0.8400000000000001,1.0,0.0,0.0,0.0,0.15999999999999992,0.0,0.15999999999999992,90
IL12RB1,21,5,16,bayes,0.17,0.8625,0.716,0.9,0.0,0.9375,0.8500000000000001,0.9375,0.47500000000000003,0.012499999999999956,-0.03749999999999998,0.012499999999999956,0.0,-0.37500000000000006,-0.46249999999999997,90
IL2RG,65,37,28,bayes,0.073,0.9623552123552124,0.211,0.9768339768339769,0.035,0.975868725868726,0.9613899613899614,0.974903474903475,0.5974903474903476,0.0009652509652510188,-0.014478764478764505,0.0009652509652510188,0.0009652509652510188,-0.3638996138996138,-0.3774131274131274,90
IL7R,26,9,17,bayes,0.536,0.8954248366013071,0.4,0.8627450980392156,0.871,0.869281045751634,0.8366013071895424,0.7973856209150326,0.8366013071895425,0.05882352941176472,0.0326797385620915,0.05882352941176472,0.07189542483660138,1.1102230246251565e-16,0.03921568627450989,90
IRF2BPL,18,5,13,bayes,1.0,0.35384615384615387,0.0,0.12307692307692308,0.0,0.8769230769230769,0.10769230769230767,0.8769230769230769,0.35384615384615387,0.2461538461538462,0.23076923076923078,0.2461538461538462,0.0,0.2461538461538462,-0.523076923076923,90
ITGB2,13,7,6,bayes,0.0,1.0,1.0,1.0,0.0,1.0,1.0,1.0,0.7619047619047619,0.0,0.0,0.0,0.0,-0.23809523809523814,-0.23809523809523814,90
ITGB3,73,62,11,bayes,0.109,0.9398826979472141,0.8320000000000001,0.9442815249266863,0.268,0.9266862170087976,0.9384164222873901,0.9090909090909091,0.7771260997067448,0.0014662756598240456,-0.004398826979472137,0.0014662756598240456,0.017595307917888547,-0.16129032258064524,-0.13196480938416422,90
KARS1,16,9,7,bayes,0.5,0.9682539682539684,0.0,0.9682539682539684,1.0,0.9523809523809524,0.9047619047619048,0.9365079365079365,0.9523809523809524,0.0634920634920636,0.0,0.0634920634920636,0.015873015873015928,0.04761904761904767,0.015873015873015928,90
KCNA2,44,31,13,bayes,1.0,0.9702233250620347,0.5,0.9503722084367247,0.182,0.9950372208436725,0.9429280397022333,0.9900744416873449,0.9702233250620347,0.027295285359801413,0.019851116625310028,0.027295285359801413,0.00496277915632759,0.027295285359801413,-0.01985111662531025,90
KCNB1,158,66,92,bayes,0.578,0.9795783926218709,1.0,0.9596508563899868,0.393,0.991106719367589,0.9596508563899868,0.987977602108037,0.9672266139657444,0.019927536231884035,0.019927536231884035,0.019927536231884035,0.0031291172595520056,0.007575757575757569,-0.020750988142292592,90
KCNC3,13,5,8,bayes,1.0,0.875,0.0,0.725,1.0,0.875,0.725,0.8500000000000001,0.875,0.15000000000000002,0.15000000000000002,0.15000000000000002,0.02499999999999991,0.15000000000000002,0.02499999999999991,90
KCND2,16,5,11,bayes,1.0,1.0,0.0,1.0,0.0,1.0,0.7454545454545456,1.0,1.0,0.2545454545454544,0.0,0.2545454545454544,0.0,0.2545454545454544,0.0,90
KCNH1,73,16,57,bayes,0.847,0.8739035087719298,1.0,0.7675438596491229,0.84,0.8903508771929824,0.7675438596491229,0.8135964912280702,0.8651315789473685,0.10635964912280693,0.10635964912280693,0.10635964912280693,0.07675438596491224,0.09758771929824561,0.05153508771929827,90
KCNJ11,36,27,9,bayes,0.05,0.7654320987654321,0.5,0.7818930041152262,0.0,0.7530864197530864,0.7613168724279835,0.7530864197530864,0.6090534979423868,0.004115226337448541,-0.016460905349794164,0.004115226337448541,0.0,-0.15226337448559668,-0.1440329218106996,90
KCNQ1,152,145,7,bayes,0.375,0.9300492610837439,1.0,0.9261083743842364,0.41200000000000003,0.9960591133004926,0.9261083743842364,0.9950738916256157,0.8857142857142857,0.003940886699507429,0.003940886699507429,0.003940886699507429,0.0009852216748769127,-0.040394088669950756,-0.10935960591132998,90
KCNQ2,277,269,8,bayes,0.366,0.9247211895910781,1.0,0.8986988847583643,0.5,0.9860594795539034,0.8986988847583643,0.9753717472118959,0.8759293680297398,0.026022304832713727,0.026022304832713727,0.026022304832713727,0.010687732342007483,-0.022769516728624595,-0.09944237918215615,90
KCNQ3,30,19,11,bayes,0.438,0.9760765550239234,1.0,0.9712918660287081,0.0,0.9665071770334928,0.9712918660287081,0.9665071770334928,0.9425837320574163,0.004784688995215336,0.004784688995215336,0.004784688995215336,0.0,-0.028708133971291794,-0.023923444976076458,90
KCNQ4,21,12,9,bayes,0.0,1.0,1.0,1.0,1.0,1.0,1.0,0.9351851851851851,1.0,0.0,0.0,0.0,0.06481481481481488,0.0,0.06481481481481488,90
KCNQ5,87,11,76,bayes,0.0,0.84688995215311,1.0,0.84688995215311,0.464,0.9389952153110047,0.84688995215311,0.9354066985645932,0.7559808612440191,0.0,0.0,0.0,0.0035885167464114742,-0.09090909090909094,-0.17942583732057416,90
KCNV2,25,11,14,bayes,0.307,0.9935064935064936,0.5,1.0,1.0,0.961038961038961,0.987012987012987,0.8246753246753247,0.961038961038961,0.006493506493506551,-0.00649350649350644,0.006493506493506551,0.13636363636363635,-0.025974025974025983,0.13636363636363635,90
KIF22,40,6,34,bayes,0.614,0.892156862745098,0.17400000000000002,0.8774509803921569,0.536,0.8823529411764707,0.8039215686274509,0.8333333333333334,0.8137254901960784,0.08823529411764708,0.014705882352941124,0.08823529411764708,0.0490196078431373,0.009803921568627527,-0.019607843137254943,90
KMT5B,24,8,16,bayes,0.774,0.953125,1.0,0.90625,0.0,1.0,0.90625,1.0,0.8671875,0.046875,0.046875,0.046875,0.0,-0.0390625,-0.1328125,90
KRIT1,13,5,8,bayes,0.901,0.5750000000000001,1.0,0.575,0.898,0.6000000000000001,0.575,0.49999999999999994,0.525,1.1102230246251565e-16,1.1102230246251565e-16,1.1102230246251565e-16,0.10000000000000014,-0.04999999999999993,0.025000000000000078,90
KRT1,30,19,11,bayes,0.447,0.9760765550239234,1.0,0.9712918660287081,0.613,0.9665071770334928,0.9712918660287081,0.9473684210526315,0.9186602870813396,0.004784688995215336,0.004784688995215336,0.004784688995215336,0.019138755980861233,-0.052631578947368474,-0.028708133971291905,90
KRT10,27,10,17,bayes,0.804,0.988235294117647,0.924,0.9705882352941176,0.5,1.0,0.9470588235294117,0.9882352941176471,0.9823529411764705,0.04117647058823526,0.01764705882352935,0.04117647058823526,0.0117647058823529,0.03529411764705881,-0.005882352941176561,90
KRT14,40,33,7,bayes,0.402,0.9523809523809524,0.336,0.9350649350649352,0.7020000000000001,0.9523809523809524,0.9090909090909092,0.9307359307359307,0.9004329004329005,0.04329004329004327,0.017316017316017285,0.04329004329004327,0.02164502164502169,-0.008658008658008698,-0.030303030303030276,90
KRT16,20,7,13,bayes,0.5,0.9560439560439561,1.0,0.923076923076923,0.092,0.989010989010989,0.923076923076923,0.9780219780219781,0.9340659340659341,0.03296703296703307,0.03296703296703307,0.03296703296703307,0.01098901098901095,0.010989010989011061,-0.04395604395604402,90
KRT17,25,6,19,bayes,0.5,0.956140350877193,0.978,0.956140350877193,0.313,1.0,0.9473684210526315,0.9473684210526316,0.9473684210526315,0.00877192982456143,0.0,0.00877192982456143,0.05263157894736836,0.0,-1.1102230246251565e-16,90
KRT5,61,44,17,bayes,0.245,0.9064171122994653,1.0,0.8943850267379679,0.5690000000000001,0.9197860962566844,0.8943850267379679,0.9010695187165775,0.7339572192513368,0.012032085561497374,0.012032085561497374,0.012032085561497374,0.018716577540106916,-0.1604278074866311,-0.16711229946524064,90
KRT6A,31,11,20,bayes,0.259,1.0,0.76,1.0,0.5,0.9863636363636363,0.9818181818181818,0.959090909090909,0.9727272727272728,0.018181818181818188,0.0,0.018181818181818188,0.027272727272727337,-0.009090909090909038,0.01363636363636378,90
KRT9,14,8,6,bayes,0.0,0.8541666666666667,1.0,0.8541666666666667,0.0,0.875,0.8541666666666667,0.875,0.7916666666666667,0.0,0.0,0.0,0.0,-0.0625,-0.08333333333333326,90
LAMP2,15,5,10,bayes,0.249,0.8799999999999999,0.0,0.84,0.0,0.88,0.84,0.88,0.52,0.039999999999999925,0.039999999999999925,0.039999999999999925,0.0,-0.31999999999999995,-0.36,90
LARS2,21,13,8,bayes,0.245,0.8173076923076923,0.5,0.826923076923077,0.0,0.9230769230769231,0.7788461538461539,0.9230769230769231,0.6730769230769231,0.038461538461538436,-0.009615384615384692,0.038461538461538436,0.0,-0.10576923076923073,-0.25,90
LBR,12,5,7,bayes,0.0,1.0,0.0,1.0,0.0,1.0,1.0,1.0,0.9428571428571428,0.0,0.0,0.0,0.0,-0.05714285714285716,-0.05714285714285716,90
LCAT,19,11,8,bayes,0.0,1.0,1.0,1.0,0.0,0.9545454545454546,1.0,0.9545454545454546,0.7613636363636364,0.0,0.0,0.0,0.0,-0.23863636363636365,-0.19318181818181823,90
LDLR,486,443,43,bayes,0.216,0.947346317391989,0.926,0.9456139429891331,0.559,0.9475038059740669,0.9451414772428999,0.9352196965719987,0.9110714473200693,0.002204840149089171,0.0017323744028558963,0.002204840149089171,0.012284109402068255,-0.03407002992283059,-0.024148249251929377,90
LHCGR,17,12,5,bayes,0.862,1.0,0.0,1.0,0.895,1.0,0.8666666666666667,0.9,0.9833333333333334,0.1333333333333333,0.0,0.1333333333333333,0.09999999999999998,0.1166666666666667,0.08333333333333337,90
LIG4,28,17,11,bayes,0.0,1.0,1.0,1.0,0.0,1.0,1.0,1.0,1.0,0.0,0.0,0.0,0.0,0.0,0.0,90
LITAF,12,6,6,bayes,0.5,1.0,0.5,1.0,0.5,1.0,0.9444444444444444,0.9722222222222223,0.7777777777777778,0.05555555555555558,0.0,0.05555555555555558,0.02777777777777768,-0.16666666666666663,-0.19444444444444453,90
LMX1B,30,25,5,bayes,0.5,1.0,0.5,1.0,0.5,1.0,0.992,0.9600000000000001,0.952,0.008000000000000007,0.0,0.008000000000000007,0.039999999999999925,-0.040000000000000036,-0.008000000000000118,90
LPAR6,12,7,5,bayes,0.101,0.8571428571428571,0.5,0.8857142857142857,0.87,0.8,0.8285714285714285,0.7714285714285714,0.7714285714285714,0.02857142857142858,-0.02857142857142858,0.02857142857142858,0.028571428571428692,-0.05714285714285716,0.0,90
LSS,24,9,15,bayes,0.629,0.9407407407407408,0.0,0.9333333333333333,0.5,0.9481481481481482,0.9259259259259259,0.9259259259259259,0.925925925925926,0.014814814814814836,0.007407407407407418,0.014814814814814836,0.022222222222222254,1.1102230246251565e-16,1.1102230246251565e-16,90
LZTR1,31,23,8,bayes,0.0,0.9782608695652174,0.879,0.9836956521739131,0.0,0.9782608695652174,0.9782608695652174,0.9782608695652174,0.7663043478260869,0.0,-0.005434782608695676,0.0,0.0,-0.2119565217391305,-0.2119565217391305,90
MAF,20,14,6,bayes,0.0,1.0,1.0,1.0,0.5,1.0,1.0,0.9761904761904763,0.9285714285714286,0.0,0.0,0.0,0.023809523809523725,-0.0714285714285714,-0.04761904761904767,90
MAK,13,6,7,bayes,1.0,1.0,0.0,0.9761904761904763,1.0,1.0,0.9761904761904763,0.9285714285714286,1.0,0.023809523809523725,0.023809523809523725,0.023809523809523725,0.0714285714285714,0.023809523809523725,0.0714285714285714,90
MAN1B1,14,5,9,bayes,0.0,1.0,0.0,1.0,0.0,1.0,1.0,1.0,1.0,0.0,0.0,0.0,0.0,0.0,0.0,90
MAN2B1,30,12,18,bayes,0.0,0.9814814814814814,1.0,0.9814814814814814,0.187,0.9444444444444445,0.9814814814814814,0.9398148148148149,0.6805555555555556,0.0,0.0,0.0,0.00462962962962965,-0.3009259259259258,-0.2592592592592593,90
MAP2K2,26,15,11,bayes,0.0,0.6606060606060606,1.0,0.6606060606060606,0.0,0.8909090909090909,0.6606060606060606,0.8909090909090909,0.6121212121212121,0.0,0.0,0.0,0.0,-0.048484848484848575,-0.2787878787878788,90
MAP3K7,21,13,8,bayes,0.0,0.9423076923076923,1.0,0.9423076923076923,0.5,0.9519230769230769,0.9423076923076923,0.9423076923076923,0.9134615384615384,0.0,0.0,0.0,0.009615384615384581,-0.028846153846153855,-0.028846153846153855,90
MAPT,36,13,23,bayes,1.0,0.8862876254180603,0.0,0.8729096989966555,0.0,1.0,0.8461538461538461,1.0,0.8862876254180603,0.04013377926421413,0.013377926421404784,0.04013377926421413,0.0,0.04013377926421413,-0.11371237458193972,90
MBTPS2,11,5,6,bayes,0.0,1.0,0.0,1.0,0.0,1.0,1.0,1.0,0.4666666666666666,0.0,0.0,0.0,0.0,-0.5333333333333334,-0.5333333333333334,90
MCCC1,23,13,10,bayes,0.0,1.0,0.0,1.0,0.0,0.9461538461538462,1.0,0.9461538461538462,0.9153846153846155,0.0,0.0,0.0,0.0,-0.08461538461538454,-0.03076923076923077,90
MECP2,231,100,131,bayes,0.062,0.9137404580152673,0.7030000000000001,0.9213740458015267,0.084,0.924885496183206,0.9130534351145038,0.9241984732824426,0.615648854961832,0.0006870229007635009,-0.007633587786259444,0.0006870229007635009,0.0006870229007633899,-0.2974045801526718,-0.3085496183206107,90
MEF2C,41,20,21,bayes,1.0,0.8904761904761904,1.0,0.7857142857142858,0.982,0.8976190476190476,0.7857142857142858,0.8738095238095238,0.8904761904761904,0.10476190476190461,0.10476190476190461,0.10476190476190461,0.023809523809523836,0.10476190476190461,0.016666666666666607,90
MEN1,101,95,6,bayes,0.0,0.9719298245614035,1.0,0.9719298245614035,0.0,0.9649122807017544,0.9719298245614035,0.9649122807017544,0.5368421052631579,0.0,0.0,0.0,0.0,-0.43508771929824563,-0.4280701754385965,90
MERTK,25,12,13,bayes,1.0,0.9935897435897436,0.0,0.9871794871794872,0.0,1.0,0.9423076923076924,1.0,0.9935897435897436,0.05128205128205121,0.0064102564102563875,0.05128205128205121,0.0,0.05128205128205121,-0.0064102564102563875,90
MID1,19,6,13,bayes,0.0,0.9615384615384615,0.0,0.9615384615384615,0.0,0.9743589743589743,0.9615384615384615,0.9743589743589743,0.8076923076923078,0.0,0.0,0.0,0.0,-0.15384615384615363,-0.16666666666666652,90
MITF,12,7,5,bayes,0.0,1.0,1.0,1.0,0.0,1.0,1.0,1.0,1.0,0.0,0.0,0.0,0.0,0.0,0.0,90
MLC1,23,17,6,bayes,0.773,0.7549019607843137,1.0,0.6764705882352942,1.0,0.7450980392156863,0.6764705882352942,0.6666666666666666,0.7450980392156863,0.07843137254901955,0.07843137254901955,0.07843137254901955,0.07843137254901966,0.06862745098039214,0.07843137254901966,90
MLH1,189,155,34,bayes,0.839,0.9111954459203035,0.245,0.9166982922201139,0.764,0.9170777988614801,0.825237191650854,0.8709677419354839,0.9018975332068311,0.08595825426944959,-0.005502846299810349,0.08595825426944959,0.046110056925996235,0.07666034155597712,0.030929791271347207,90
MMAB,18,12,6,bayes,0.34400000000000003,0.9305555555555555,0.0,0.9305555555555555,0.5,0.9305555555555555,0.9166666666666666,0.8194444444444444,0.7361111111111112,0.01388888888888884,0.0,0.01388888888888884,0.11111111111111105,-0.18055555555555547,-0.08333333333333326,90
MMACHC,25,20,5,bayes,0.969,0.7100000000000001,0.0,0.5499999999999999,0.977,0.7100000000000001,0.5399999999999999,0.5800000000000001,0.7000000000000001,0.17000000000000015,0.16000000000000014,0.17000000000000015,0.13,0.16000000000000014,0.12,90
MME,12,6,6,bayes,0.0,1.0,0.0,1.0,0.0,1.0,1.0,1.0,0.8333333333333334,0.0,0.0,0.0,0.0,-0.16666666666666663,-0.16666666666666663,90
MMUT,116,110,6,bayes,0.672,0.9000000000000002,0.9530000000000001,0.8166666666666667,0.134,0.9363636363636364,0.8151515151515152,0.9348484848484849,0.8818181818181818,0.08484848484848506,0.08333333333333359,0.08484848484848506,0.0015151515151514694,0.06666666666666665,-0.053030303030303094,90
MSH2,341,109,232,bayes,0.654,0.9131208478329642,0.456,0.9164030370136034,0.705,0.9006643467257197,0.8604476431509016,0.8470816197405885,0.8890382790256248,0.0526732046820626,-0.003282189180639161,0.0526732046820626,0.053582726985131224,0.028590635874723214,0.041956659285036335,90
MTHFR,26,20,6,bayes,0.668,0.9166666666666666,0.196,0.9166666666666667,0.162,0.925,0.8166666666666667,0.8916666666666667,0.8833333333333334,0.09999999999999998,-1.1102230246251565e-16,0.09999999999999998,0.033333333333333326,0.06666666666666676,-0.008333333333333304,90
MTM1,72,49,23,bayes,0.357,0.9849157054125999,0.79,0.9778172138420586,0.5750000000000001,0.9804791481810116,0.974267968056788,0.940550133096717,0.963620230700976,0.010647737355811926,0.007098491570541321,0.010647737355811926,0.03992901508429458,-0.010647737355811926,0.023070097604259043,90
MUSK,16,5,11,bayes,0.41200000000000003,0.8363636363636364,0.803,0.8181818181818182,0.5,0.9454545454545454,0.8,0.9090909090909091,0.7454545454545455,0.036363636363636376,0.018181818181818188,0.036363636363636376,0.036363636363636376,-0.054545454545454564,-0.16363636363636358,90
MUTYH,18,13,5,bayes,1.0,0.9846153846153847,1.0,0.9538461538461538,0.0,1.0,0.9538461538461538,1.0,0.9846153846153847,0.030769230769230882,0.030769230769230882,0.030769230769230882,0.0,0.030769230769230882,-0.01538461538461533,90
MYCN,13,6,7,bayes,0.0,1.0,1.0,1.0,0.0,0.9761904761904763,1.0,0.9761904761904763,0.7619047619047619,0.0,0.0,0.0,0.0,-0.23809523809523814,-0.2142857142857144,90
MYOC,47,27,20,bayes,0.0,0.9648148148148148,1.0,0.9648148148148148,0.0,0.9314814814814815,0.9648148148148148,0.9314814814814815,0.6259259259259259,0.0,0.0,0.0,0.0,-0.3388888888888889,-0.3055555555555556,90
NAGLU,80,68,12,bayes,0.078,0.9338235294117647,0.897,0.9424019607843137,0.177,0.9178921568627452,0.9313725490196079,0.9142156862745099,0.6605392156862746,0.002450980392156854,-0.008578431372548989,0.002450980392156854,0.003676470588235281,-0.27083333333333326,-0.2536764705882353,90
NARS1,13,7,6,bayes,0.28200000000000003,0.8809523809523809,0.5,0.8571428571428572,0.28500000000000003,0.8333333333333334,0.8333333333333333,0.7857142857142857,0.7857142857142857,0.04761904761904767,0.023809523809523725,0.04761904761904767,0.04761904761904767,-0.04761904761904756,0.0,90
NEU1,24,17,7,bayes,0.07100000000000001,0.8235294117647058,0.649,0.8235294117647058,0.23900000000000002,0.8739495798319328,0.8151260504201681,0.8403361344537814,0.4789915966386554,0.008403361344537785,0.0,0.008403361344537785,0.03361344537815136,-0.33613445378151263,-0.361344537815126,90
NGLY1,12,6,6,bayes,0.0,0.8611111111111112,0.0,0.888888888888889,0.0,0.8611111111111112,0.8611111111111112,0.8611111111111112,0.7500000000000001,0.0,-0.02777777777777779,0.0,0.0,-0.11111111111111105,-0.11111111111111105,90
NOD2,39,9,30,bayes,0.129,0.9185185185185185,1.0,0.9111111111111112,0.323,0.8851851851851852,0.9111111111111112,0.8555555555555555,0.7333333333333334,0.007407407407407307,0.007407407407407307,0.007407407407407307,0.029629629629629672,-0.1777777777777778,-0.12222222222222212,90
NR0B1,29,8,21,bayes,0.0,0.9821428571428572,0.303,1.0,0.0,0.9821428571428572,0.9821428571428572,0.9821428571428572,0.5178571428571429,0.0,-0.017857142857142794,0.0,0.0,-0.4642857142857143,-0.4642857142857143,90
NR2F1,47,42,5,bayes,0.132,0.9809523809523809,0.326,0.9761904761904762,0.5,1.0,0.9714285714285714,0.9857142857142858,0.9333333333333335,0.00952380952380949,0.004761904761904745,0.00952380952380949,0.014285714285714235,-0.03809523809523796,-0.052380952380952306,90
NTRK1,45,25,20,bayes,0.165,0.9480000000000001,0.0,0.976,0.135,0.978,0.942,0.976,0.9079999999999999,0.006000000000000116,-0.027999999999999914,0.006000000000000116,0.0020000000000000018,-0.03400000000000003,-0.06800000000000006,90
NUP107,10,5,5,bayes,0.0,0.8400000000000001,1.0,0.8400000000000001,0.5,0.88,0.8400000000000001,0.8400000000000001,0.76,0.0,0.0,0.0,0.039999999999999925,-0.08000000000000007,-0.08000000000000007,90
OCA2,64,40,24,bayes,0.366,0.9875,1.0,0.9822916666666667,0.541,0.9718749999999999,0.9822916666666667,0.9572916666666667,0.81875,0.00520833333333337,0.00520833333333337,0.00520833333333337,0.014583333333333282,-0.1635416666666667,-0.13854166666666667,90
OCRL,54,20,34,bayes,0.5,0.9985294117647059,0.5,0.9911764705882353,0.5,1.0,0.986764705882353,0.9985294117647059,0.9764705882352942,0.0117647058823529,0.007352941176470562,0.0117647058823529,0.0014705882352941124,-0.010294117647058787,-0.022058823529411686,90
OFD1,27,8,19,bayes,0.718,0.9078947368421053,0.263,0.9671052631578947,0.379,0.9605263157894737,0.9078947368421052,0.9473684210526316,0.7631578947368421,1.1102230246251565e-16,-0.05921052631578938,1.1102230246251565e-16,0.013157894736842035,-0.14473684210526305,-0.1842105263157895,90
OPA1,91,42,49,bayes,0.601,0.9480077745383868,1.0,0.9275996112730805,0.5,0.9470359572400389,0.9275996112730805,0.9183673469387754,0.9101068999028183,0.020408163265306256,0.020408163265306256,0.020408163265306256,0.028668610301263442,-0.017492711370262204,-0.008260447035957075,90
OPHN1,17,8,9,bayes,0.558,0.9027777777777779,0.892,0.875,0.0,0.888888888888889,0.861111111111111,0.888888888888889,0.875,0.04166666666666685,0.0277777777777779,0.04166666666666685,0.0,0.01388888888888895,-0.01388888888888895,90
OTC,124,110,14,bayes,0.373,0.8818181818181818,0.536,0.8818181818181818,0.201,0.8831168831168831,0.8720779220779221,0.8785714285714286,0.8266233766233766,0.009740259740259716,0.0,0.009740259740259716,0.004545454545454519,-0.045454545454545525,-0.051948051948051965,90
PADI6,12,7,5,bayes,0.5630000000000001,0.8857142857142857,1.0,0.6857142857142857,0.466,0.942857142857143,0.6857142857142857,0.9142857142857143,0.5142857142857142,0.19999999999999996,0.19999999999999996,0.19999999999999996,0.028571428571428692,-0.17142857142857149,-0.4,90
PAFAH1B1,47,35,12,bayes,0.975,0.9452380952380952,0.0,0.9428571428571428,1.0,0.9428571428571428,0.9119047619047619,0.9023809523809524,0.9428571428571428,0.033333333333333326,0.0023809523809523725,0.033333333333333326,0.04047619047619044,0.030952380952380953,0.04047619047619044,90
PANK2,40,35,5,bayes,0.308,0.84,0.244,0.8571428571428571,0.0,0.9771428571428571,0.8057142857142857,0.9771428571428571,0.8,0.03428571428571425,-0.017142857142857126,0.03428571428571425,0.0,-0.005714285714285672,-0.17714285714285705,90
PAX3,41,36,5,bayes,0.5,0.9388888888888889,0.5,0.9166666666666666,0.343,0.9500000000000001,0.9111111111111112,0.8944444444444445,0.9222222222222223,0.02777777777777768,0.022222222222222254,0.02777777777777768,0.05555555555555558,0.011111111111111072,0.02777777777777779,90
PAX8,10,5,5,bayes,0.0,1.0,0.0,1.0,0.0,1.0,1.0,1.0,1.0,0.0,0.0,0.0,0.0,0.0,0.0,90
PCCA,27,20,7,bayes,0.0,0.907142857142857,1.0,0.907142857142857,0.519,0.8285714285714286,0.907142857142857,0.8142857142857143,0.7928571428571428,0.0,0.0,0.0,0.014285714285714346,-0.11428571428571421,-0.021428571428571463,90
PCCB,47,42,5,bayes,0.223,0.8904761904761904,0.738,0.8904761904761904,0.9540000000000001,0.8333333333333333,0.8809523809523809,0.8238095238095238,0.8285714285714285,0.00952380952380949,0.0,0.00952380952380949,0.00952380952380949,-0.05238095238095242,0.004761904761904745,90
PCSK9,19,6,13,bayes,0.082,0.8205128205128205,0.297,0.8076923076923077,0.332,0.7307692307692308,0.7948717948717949,0.717948717948718,0.5384615384615384,0.02564102564102555,0.012820512820512775,0.02564102564102555,0.012820512820512886,-0.2564102564102565,-0.17948717948717952,90
PCYT1A,20,6,14,bayes,1.0,0.9642857142857143,0.968,0.7380952380952381,0.0,1.0,0.7261904761904762,1.0,0.9642857142857143,0.23809523809523814,0.22619047619047616,0.23809523809523814,0.0,0.23809523809523814,-0.0357142857142857,90
PDE4D,22,13,9,bayes,1.0,0.7948717948717949,0.5750000000000001,0.6324786324786326,0.0,0.9829059829059829,0.5982905982905984,0.9829059829059829,0.7948717948717949,0.19658119658119655,0.16239316239316237,0.19658119658119655,0.0,0.19658119658119655,-0.18803418803418792,90
PDE6B,26,17,9,bayes,0.485,0.8235294117647058,1.0,0.803921568627451,0.0,0.9215686274509804,0.803921568627451,0.9215686274509804,0.7450980392156863,0.019607843137254832,0.019607843137254832,0.019607843137254832,0.0,-0.05882352941176472,-0.17647058823529416,90
PDE6C,16,11,5,bayes,0.662,0.8909090909090909,1.0,0.7454545454545455,0.605,0.9454545454545454,0.7454545454545455,0.8545454545454546,0.8727272727272728,0.1454545454545454,0.1454545454545454,0.1454545454545454,0.09090909090909083,0.12727272727272732,0.018181818181818188,90
PDHA1,63,53,10,bayes,0.704,0.9962264150943396,0.667,0.9849056603773585,0.5,0.9962264150943396,0.9735849056603774,0.9679245283018868,0.9830188679245283,0.02264150943396226,0.01132075471698113,0.02264150943396226,0.028301886792452824,0.009433962264150941,0.015094339622641506,90
PEX6,24,17,7,bayes,0.149,0.8823529411764706,1.0,0.8739495798319328,0.273,0.8907563025210083,0.8739495798319328,0.8739495798319328,0.8067226890756303,0.008403361344537785,0.008403361344537785,0.008403361344537785,0.01680672268907557,-0.0672268907563025,-0.0672268907563025,90
PHEX,139,117,22,bayes,0.5,0.9743589743589745,0.5,0.9755244755244756,0.717,0.9731934731934732,0.9654234654234655,0.9452214452214452,0.9463869463869464,0.008935508935508985,-0.0011655011655011815,0.008935508935508985,0.027972027972027913,-0.01903651903651904,0.0011655011655011815,90
PIGA,27,13,14,bayes,0.438,0.9725274725274725,0.5,1.0,0.0,0.9560439560439561,0.9505494505494505,0.9560439560439561,0.9340659340659341,0.02197802197802201,-0.027472527472527486,0.02197802197802201,0.0,-0.016483516483516425,-0.02197802197802201,90
PIGN,18,8,10,bayes,0.0,0.8625,0.0,0.9,0.0,0.925,0.8625,0.925,0.7125,0.0,-0.03749999999999998,0.0,0.0,-0.15000000000000002,-0.21250000000000002,90
PIK3R2,40,9,31,bayes,0.078,0.903225806451613,0.551,0.9247311827956989,0.0,0.9175627240143369,0.8996415770609318,0.9175627240143369,0.49462365591397844,0.0035842293906811484,-0.02150537634408589,0.0035842293906811484,0.0,-0.4050179211469534,-0.4229390681003585,90
PKD2,16,7,9,bayes,0.293,0.9523809523809523,0.0,0.9365079365079365,0.0,0.9365079365079365,0.9365079365079365,0.9365079365079365,0.5873015873015872,0.015873015873015817,0.015873015873015817,0.015873015873015817,0.0,-0.3492063492063493,-0.3492063492063493,90
PKP2,17,10,7,bayes,0.0,1.0,0.0,1.0,0.0,1.0,1.0,1.0,0.9428571428571428,0.0,0.0,0.0,0.0,-0.05714285714285716,-0.05714285714285716,90
PMS2,48,20,28,bayes,0.124,0.9910714285714286,0.977,0.9875,0.384,0.9928571428571429,0.9874999999999999,0.9874999999999999,0.9660714285714287,0.0035714285714286698,0.0035714285714285587,0.0035714285714286698,0.005357142857142949,-0.02142857142857124,-0.02142857142857124,90
PNPLA1,25,11,14,bayes,0.222,0.9285714285714285,1.0,0.922077922077922,0.0,0.9935064935064936,0.922077922077922,0.9935064935064936,0.6948051948051948,0.00649350649350644,0.00649350649350644,0.00649350649350644,0.0,-0.2272727272727273,-0.2987012987012988,90
PNPT1,14,6,8,bayes,0.5,0.9791666666666666,0.5,0.9791666666666666,0.0,0.9583333333333334,0.9583333333333334,0.9583333333333334,0.8958333333333334,0.02083333333333326,0.0,0.02083333333333326,0.0,-0.0625,-0.0625,90
POLR1C,16,11,5,bayes,0.0,0.9454545454545455,0.5,0.9818181818181819,0.5,0.9454545454545454,0.9454545454545455,0.8909090909090909,0.8909090909090909,0.0,-0.036363636363636376,0.0,0.054545454545454564,-0.054545454545454675,0.0,90
PORCN,22,13,9,bayes,0.5,0.8461538461538463,1.0,0.8034188034188036,0.671,0.9145299145299146,0.8034188034188036,0.8803418803418804,0.7948717948717949,0.042735042735042694,0.042735042735042694,0.042735042735042694,0.03418803418803418,-0.008547008547008628,-0.0854700854700855,90
POT1,14,5,9,bayes,0.855,0.9777777777777777,0.153,0.9333333333333332,0.77,0.9111111111111111,0.8444444444444444,0.8222222222222222,0.8444444444444446,0.1333333333333333,0.04444444444444451,0.1333333333333333,0.0888888888888889,1.1102230246251565e-16,0.022222222222222365,90
PPP2R1A,32,11,21,bayes,0.0,0.9696969696969696,1.0,0.9696969696969696,0.44,0.9307359307359309,0.9696969696969696,0.8917748917748918,0.9134199134199135,0.0,0.0,0.0,0.038961038961039085,-0.05627705627705615,0.02164502164502169,90
PPP2R5D,18,13,5,bayes,0.589,0.8461538461538463,1.0,0.7538461538461538,1.0,0.8307692307692308,0.7538461538461538,0.7846153846153846,0.8307692307692308,0.09230769230769242,0.09230769230769242,0.09230769230769242,0.04615384615384621,0.07692307692307698,0.04615384615384621,90
PPP3CA,18,13,5,bayes,0.313,0.923076923076923,1.0,0.8461538461538463,0.85,0.846153846153846,0.8461538461538463,0.8153846153846154,0.8307692307692307,0.07692307692307676,0.07692307692307676,0.07692307692307676,0.03076923076923066,-0.015384615384615552,0.01538461538461533,90
PRKAG2,27,17,10,bayes,1.0,0.9117647058823529,1.0,0.8588235294117647,0.0,1.0,0.8588235294117647,1.0,0.9117647058823529,0.05294117647058827,0.05294117647058827,0.05294117647058827,0.0,0.05294117647058827,-0.08823529411764708,90
PRKCG,26,21,5,bayes,0.5,0.9714285714285715,0.796,0.9619047619047618,0.668,0.980952380952381,0.9523809523809523,0.9619047619047619,0.9333333333333333,0.019047619047619202,0.009523809523809712,0.019047619047619202,0.01904761904761909,-0.01904761904761898,-0.02857142857142858,90
PRKN,16,7,9,bayes,0.0,0.9682539682539683,1.0,0.9682539682539683,0.0,1.0,0.9682539682539683,1.0,0.9206349206349207,0.0,0.0,0.0,0.0,-0.04761904761904756,-0.0793650793650793,90
PRMT7,10,5,5,bayes,0.0,1.0,1.0,1.0,0.651,1.0,1.0,0.8,0.9600000000000001,0.0,0.0,0.0,0.19999999999999996,-0.039999999999999925,0.16000000000000003,90
PROM1,13,8,5,bayes,0.757,0.8250000000000001,0.0,0.85,0.5,0.85,0.7250000000000001,0.8,0.8,0.09999999999999998,-0.02499999999999991,0.09999999999999998,0.04999999999999993,0.07499999999999996,0.0,90
PRRT2,35,14,21,bayes,0.0,0.9625850340136055,0.5,0.9863945578231292,0.195,1.0,0.9625850340136055,0.9965986394557823,0.7891156462585034,0.0,-0.023809523809523725,0.0,0.003401360544217691,-0.17346938775510212,-0.20748299319727892,90
PRSS1,22,7,15,bayes,0.593,0.7428571428571429,0.092,0.638095238095238,0.8170000000000001,0.7333333333333334,0.6000000000000001,0.7142857142857144,0.7047619047619048,0.1428571428571428,0.10476190476190483,0.1428571428571428,0.01904761904761898,0.10476190476190472,-0.009523809523809601,90
PTEN,177,172,5,bayes,0.0,1.0,1.0,1.0,0.5,1.0,1.0,0.9976744186046512,0.9744186046511628,0.0,0.0,0.0,0.0023255813953487747,-0.025581395348837188,-0.023255813953488413,90
PTPN11,99,91,8,bayes,0.9380000000000001,0.7637362637362637,0.015,0.6771978021978022,0.397,0.956043956043956,0.6552197802197801,0.9505494505494505,0.7596153846153846,0.10851648351648358,0.08653846153846145,0.10851648351648358,0.005494505494505475,0.10439560439560447,-0.19093406593406592,90
PUF60,17,12,5,bayes,0.0,0.8833333333333333,0.0,0.8833333333333333,0.0,0.9,0.8833333333333333,0.9,0.8500000000000001,0.0,0.0,0.0,0.0,-0.033333333333333215,-0.04999999999999993,90
PURA,58,41,17,bayes,0.383,0.8565279770444763,0.47300000000000003,0.9182209469153515,0.226,0.9526542324246772,0.8436154949784791,0.9454806312769011,0.7374461979913917,0.012912482065997155,-0.06169296987087525,0.012912482065997155,0.007173601147776099,-0.10616929698708744,-0.2080344332855094,90
RAF1,46,28,18,bayes,0.263,0.9742063492063493,0.9440000000000001,0.9742063492063493,0.169,0.9722222222222223,0.9702380952380953,0.9682539682539684,0.7083333333333334,0.003968253968253954,0.0,0.003968253968253954,0.003968253968253954,-0.261904761904762,-0.259920634920635,90
RAG2,58,49,9,bayes,0.5,0.9160997732426304,1.0,0.891156462585034,0.631,0.8752834467120181,0.891156462585034,0.81859410430839,0.7732426303854876,0.024943310657596363,0.024943310657596363,0.024943310657596363,0.05668934240362811,-0.11791383219954643,-0.0453514739229024,90
RALA,14,8,6,bayes,1.0,0.875,0.0,0.9791666666666667,1.0,0.875,0.7083333333333334,0.8125,0.875,0.16666666666666663,-0.10416666666666674,0.16666666666666663,0.0625,0.16666666666666663,0.0625,90
RARS1,12,7,5,bayes,0.0,1.0,1.0,1.0,1.0,1.0,1.0,0.7714285714285714,1.0,0.0,0.0,0.0,0.22857142857142865,0.0,0.22857142857142865,90
RARS2,25,14,11,bayes,0.0,1.0,1.0,1.0,0.5,1.0,1.0,0.9870129870129869,0.9675324675324675,0.0,0.0,0.0,0.012987012987013102,-0.032467532467532534,-0.01948051948051943,90
RB1,42,27,15,bayes,0.5,0.8814814814814815,0.5,0.8987654320987655,0.634,0.9308641975308641,0.8666666666666667,0.9185185185185185,0.6049382716049382,0.014814814814814836,-0.01728395061728394,0.014814814814814836,0.012345679012345623,-0.2617283950617285,-0.31358024691358033,90
RHO,92,86,6,bayes,0.0,0.8662790697674418,1.0,0.8662790697674418,0.5,0.8372093023255814,0.8662790697674418,0.8294573643410853,0.8236434108527132,0.0,0.0,0.0,0.007751937984496138,-0.04263565891472865,-0.005813953488372103,90
RHOBTB2,81,7,74,bayes,0.10400000000000001,0.749034749034749,0.977,0.7316602316602318,0.5,0.6351351351351351,0.7316602316602316,0.6177606177606176,0.4942084942084942,0.01737451737451734,0.01737451737451723,0.01737451737451734,0.01737451737451745,-0.23745173745173742,-0.12355212355212342,90
RLIM,15,7,8,bayes,1.0,0.9464285714285714,0.0,0.8214285714285714,0.0,1.0,0.7857142857142857,1.0,0.9464285714285714,0.1607142857142857,0.125,0.1607142857142857,0.0,0.1607142857142857,-0.0535714285714286,90
ROBO4,25,6,19,bayes,1.0,0.6403508771929824,0.402,0.5263157894736843,1.0,0.6403508771929824,0.4824561403508772,0.5350877192982456,0.6403508771929824,0.15789473684210525,0.11403508771929816,0.15789473684210525,0.10526315789473684,0.15789473684210525,0.10526315789473684,90
ROR2,26,6,20,bayes,0.5760000000000001,0.8500000000000001,1.0,0.85,0.334,0.8166666666666668,0.85,0.7749999999999999,0.6,1.1102230246251565e-16,1.1102230246251565e-16,1.1102230246251565e-16,0.04166666666666685,-0.25,-0.17499999999999993,90
RP2,24,7,17,bayes,0.0,1.0,0.0,1.0,0.0,1.0,1.0,1.0,0.7394957983193278,0.0,0.0,0.0,0.0,-0.26050420168067223,-0.26050420168067223,90
RPE65,84,78,6,bayes,0.5,0.9337606837606838,0.654,0.9252136752136753,0.708,0.9038461538461539,0.8952991452991453,0.8739316239316239,0.8739316239316239,0.038461538461538436,0.008547008547008517,0.038461538461538436,0.02991452991452992,-0.021367521367521403,0.0,90
RPS6KA3,30,25,5,bayes,0.0,0.888,0.5,0.896,0.0,1.0,0.888,1.0,0.888,0.0,-0.008000000000000007,0.0,0.0,0.0,-0.11199999999999999,90
RS1,101,92,9,bayes,0.44,0.9118357487922706,0.45,0.9420289855072463,0.548,0.9094202898550725,0.9082125603864735,0.8792270531400966,0.7608695652173914,0.0036231884057971175,-0.030193236714975757,0.0036231884057971175,0.03019323671497587,-0.1473429951690821,-0.11835748792270528,90
RUNX1,62,30,32,bayes,0.0,0.628125,0.85,0.6291666666666667,0.0,0.9979166666666667,0.628125,0.9979166666666667,0.4447916666666667,0.0,-0.0010416666666666075,0.0,0.0,-0.18333333333333335,-0.553125,90
SATB2,90,32,58,bayes,0.5,0.9008620689655172,0.621,0.9078663793103448,0.377,0.9186422413793104,0.890625,0.913793103448276,0.7731681034482759,0.010237068965517238,-0.0070043103448275135,0.010237068965517238,0.004849137931034364,-0.11745689655172409,-0.1406250000000001,90
SCNN1B,14,6,8,bayes,0.11,0.9791666666666666,0.921,0.9791666666666666,0.14,0.8333333333333334,0.9583333333333334,0.7916666666666667,0.7083333333333334,0.02083333333333326,0.0,0.02083333333333326,0.04166666666666663,-0.25,-0.08333333333333337,90
SEC23B,11,6,5,bayes,0.33,0.9,0.3,0.9,0.298,0.9333333333333333,0.8666666666666667,0.8666666666666667,0.5666666666666667,0.033333333333333326,0.0,0.033333333333333326,0.06666666666666665,-0.30000000000000004,-0.30000000000000004,90
SELENON,13,5,8,bayes,0.0,1.0,1.0,1.0,1.0,0.6000000000000001,1.0,0.6,0.6000000000000001,0.0,0.0,0.0,1.1102230246251565e-16,-0.3999999999999999,1.1102230246251565e-16,90
SERAC1,13,5,8,bayes,0.0,1.0,0.0,1.0,0.0,1.0,1.0,1.0,0.95,0.0,0.0,0.0,0.0,-0.050000000000000044,-0.050000000000000044,90
SERPINA1,50,9,41,bayes,0.246,0.8888888888888888,0.846,0.8780487804878048,0.734,0.8319783197831979,0.8644986449864498,0.7425474254742548,0.8075880758807589,0.024390243902439046,0.01084010840108407,0.024390243902439046,0.08943089430894313,-0.05691056910569092,0.06504065040650409,90
SERPINC1,55,48,7,bayes,0.467,0.7708333333333334,0.083,0.7499999999999999,0.0,0.8095238095238095,0.7440476190476191,0.8095238095238095,0.761904761904762,0.0267857142857143,0.02083333333333348,0.0267857142857143,0.0,0.017857142857142905,-0.04761904761904756,90
SERPING1,113,90,23,bayes,0.07,0.9913043478260868,0.631,0.9917874396135264,0.116,0.9869565217391305,0.9903381642512077,0.9859903381642513,0.8743961352657005,0.0009661835748790981,-0.0004830917874396601,0.0009661835748790981,0.0009661835748792091,-0.1159420289855072,-0.11159420289855082,90
SGSH,44,33,11,bayes,0.437,0.721763085399449,1.0,0.6776859504132231,0.093,0.8264462809917354,0.6776859504132231,0.8209366391184573,0.6666666666666666,0.0440771349862259,0.0440771349862259,0.0440771349862259,0.0055096418732781816,-0.011019283746556474,-0.15426997245179064,90
SH3BP2,16,6,10,bayes,1.0,0.49999999999999994,0.0,0.3833333333333333,1.0,0.49999999999999994,0.14999999999999997,0.1333333333333333,0.49999999999999994,0.35,0.11666666666666664,0.35,0.36666666666666664,0.35,0.36666666666666664,90
SKI,43,18,25,bayes,0.0,1.0,1.0,1.0,0.136,0.8711111111111111,1.0,0.8688888888888888,0.5,0.0,0.0,0.0,0.0022222222222222365,-0.5,-0.3688888888888888,90
SLC12A3,101,90,11,bayes,0.0,0.9494949494949495,1.0,0.9494949494949495,0.5,0.9151515151515153,0.9494949494949495,0.902020202020202,0.8363636363636363,0.0,0.0,0.0,0.013131313131313216,-0.1131313131313132,-0.06565656565656575,90
SLC16A2,40,20,20,bayes,0.083,0.955,0.611,0.9674999999999999,0.0,0.9425,0.9525,0.9425,0.7625000000000001,0.0024999999999999467,-0.012499999999999956,0.0024999999999999467,0.0,-0.18999999999999995,-0.17999999999999994,90
SLC19A3,16,9,7,bayes,0.0,0.9841269841269842,0.0,1.0,0.339,0.9841269841269842,0.9841269841269842,0.9682539682539684,0.746031746031746,0.0,-0.015873015873015817,0.0,0.015873015873015817,-0.23809523809523814,-0.22222222222222232,90
SLC1A2,62,6,56,bayes,0.10200000000000001,0.8005952380952381,1.0,0.7946428571428571,0.5,0.7559523809523809,0.7946428571428571,0.7113095238095238,0.7410714285714286,0.005952380952381042,0.005952380952381042,0.005952380952381042,0.044642857142857095,-0.05357142857142849,0.029761904761904767,90
SLC20A2,15,8,7,bayes,0.0,0.8571428571428572,0.0,0.8571428571428572,0.0,0.8392857142857143,0.8571428571428572,0.8392857142857143,0.7857142857142857,0.0,0.0,0.0,0.0,-0.07142857142857151,-0.0535714285714286,90
SLC22A5,65,55,10,bayes,0.0,0.9781818181818183,1.0,0.9781818181818183,0.299,0.9945454545454546,0.9781818181818183,0.9781818181818182,0.8981818181818182,0.0,0.0,0.0,0.01636363636363647,-0.08000000000000007,-0.07999999999999996,90
SLC26A4,117,107,10,bayes,0.439,0.8822429906542055,0.785,0.8710280373831776,0.137,0.8850467289719626,0.8700934579439252,0.8813084112149532,0.822429906542056,0.012149532710280297,0.01121495327102795,0.012149532710280297,0.0037383177570093906,-0.047663551401869175,-0.058878504672897125,90
SLC27A4,13,8,5,bayes,0.0,0.9750000000000001,0.0,0.9750000000000001,0.5,0.9750000000000001,0.9750000000000001,0.95,0.9500000000000001,0.0,0.0,0.0,0.025000000000000133,-0.025000000000000022,1.1102230246251565e-16,90
SLC29A3,16,7,9,bayes,0.0,1.0,0.0,1.0,0.0,1.0,1.0,1.0,1.0,0.0,0.0,0.0,0.0,0.0,0.0,90
SLC2A1,84,78,6,bayes,0.228,0.9807692307692308,0.75,0.9807692307692307,0.5,0.9700854700854702,0.9764957264957266,0.9551282051282052,0.938034188034188,0.004273504273504258,1.1102230246251565e-16,0.004273504273504258,0.014957264957265015,-0.03846153846153855,-0.017094017094017144,90
SLC2A10,16,6,10,bayes,0.0,1.0,0.0,1.0,0.0,1.0,1.0,1.0,0.9333333333333333,0.0,0.0,0.0,0.0,-0.06666666666666665,-0.06666666666666665,90
SLC34A3,19,7,12,bayes,0.0,1.0,1.0,1.0,0.6920000000000001,0.9642857142857143,1.0,0.9285714285714286,0.8928571428571428,0.0,0.0,0.0,0.0357142857142857,-0.1071428571428572,-0.03571428571428581,90
SLC35A2,31,13,18,bayes,0.0,0.9871794871794871,1.0,0.9871794871794871,0.5,0.9957264957264957,0.9871794871794871,0.9743589743589743,0.8931623931623932,0.0,0.0,0.0,0.021367521367521403,-0.0940170940170939,-0.08119658119658113,90
SLC40A1,23,13,10,bayes,0.6880000000000001,0.9153846153846154,1.0,0.9,0.0,0.9384615384615385,0.9,0.9384615384615385,0.7769230769230769,0.01538461538461533,0.01538461538461533,0.01538461538461533,0.0,-0.12307692307692308,-0.16153846153846152,90
SLC4A1,27,19,8,bayes,0.964,0.9210526315789473,1.0,0.881578947368421,0.0,0.9868421052631579,0.881578947368421,0.9868421052631579,0.9144736842105263,0.03947368421052633,0.03947368421052633,0.03947368421052633,0.0,0.03289473684210531,-0.07236842105263153,90
SLC4A11,29,18,11,bayes,0.0,0.9797979797979797,0.6940000000000001,0.9797979797979798,0.5,0.9444444444444444,0.9797979797979797,0.9191919191919191,0.7676767676767677,0.0,-1.1102230246251565e-16,0.0,0.025252525252525304,-0.21212121212121193,-0.15151515151515138,90
SLC52A3,11,6,5,bayes,0.0,1.0,1.0,1.0,0.0,1.0,1.0,1.0,0.9666666666666668,0.0,0.0,0.0,0.0,-0.033333333333333215,-0.033333333333333215,90
SLC6A1,107,53,54,bayes,0.8170000000000001,0.8525506638714185,0.523,0.8088749126484975,0.28500000000000003,0.902166317260657,0.8081761006289309,0.8986722571628233,0.8403214535290008,0.044374563242487675,0.043675751222921,0.044374563242487675,0.0034940600978337066,0.03214535290006992,-0.0583508036338225,90
SLC6A19,15,6,9,bayes,0.5,1.0,0.0,1.0,1.0,0.9814814814814814,0.9629629629629629,0.9629629629629629,0.9814814814814814,0.03703703703703709,0.0,0.03703703703703709,0.01851851851851849,0.01851851851851849,0.01851851851851849,90
SLC6A5,30,7,23,bayes,0.182,0.9875776397515528,0.5,0.9875776397515528,0.248,0.9875776397515528,0.9751552795031057,0.9751552795031055,0.9627329192546584,0.012422360248447117,0.0,0.012422360248447117,0.012422360248447228,-0.012422360248447228,-0.012422360248447117,90
SLC6A8,67,31,36,bayes,0.77,0.9686379928315412,0.43,0.9551971326164874,0.5,0.9910394265232976,0.9417562724014337,0.9793906810035842,0.9605734767025089,0.026881720430107503,0.013440860215053752,0.026881720430107503,0.0116487455197134,0.018817204301075252,-0.018817204301075252,90
SLC9A6,19,6,13,bayes,0.0,0.9358974358974359,0.0,0.9358974358974359,0.5,0.8846153846153846,0.9358974358974359,0.8333333333333333,0.8076923076923077,0.0,0.0,0.0,0.05128205128205132,-0.1282051282051282,-0.02564102564102555,90
SLCO2A1,16,6,10,bayes,0.0,1.0,0.0,1.0,0.0,1.0,1.0,1.0,0.9666666666666668,0.0,0.0,0.0,0.0,-0.033333333333333215,-0.033333333333333215,90
SMARCAL1,22,9,13,bayes,0.0,1.0,1.0,1.0,0.0,1.0,1.0,1.0,0.982905982905983,0.0,0.0,0.0,0.0,-0.017094017094017033,-0.017094017094017033,90
SMPD1,103,97,6,bayes,0.228,0.9639175257731959,0.733,0.9690721649484536,0.193,0.9518900343642612,0.9484536082474226,0.943298969072165,0.7800687285223367,0.015463917525773252,-0.005154639175257714,0.015463917525773252,0.00859106529209619,-0.16838487972508598,-0.16323024054982838,90
SNAP25,25,17,8,bayes,0.194,1.0,1.0,0.9485294117647058,0.5,0.9779411764705882,0.9485294117647058,0.9117647058823529,0.9191176470588235,0.05147058823529416,0.05147058823529416,0.05147058823529416,0.06617647058823528,-0.02941176470588236,0.007352941176470562,90
SOX10,34,19,15,bayes,0.792,0.9894736842105263,1.0,0.9649122807017544,0.323,0.9964912280701754,0.9649122807017544,0.9894736842105263,0.9824561403508772,0.024561403508771895,0.024561403508771895,0.024561403508771895,0.007017543859649145,0.01754385964912286,-0.007017543859649034,90
SOX11,63,44,19,bayes,0.108,0.9533492822966507,0.72,0.9557416267942583,0.189,0.9832535885167464,0.9521531100478469,0.9820574162679426,0.9413875598086123,0.0011961722488038617,-0.0023923444976076125,0.0011961722488038617,0.0011961722488037507,-0.010765550239234534,-0.0406698564593303,90
SOX2,19,10,9,bayes,0.0,1.0,0.0,1.0,0.0,1.0,1.0,1.0,1.0,0.0,0.0,0.0,0.0,0.0,0.0,90
SOX5,28,16,12,bayes,1.0,0.9635416666666667,0.356,0.9270833333333334,1.0,0.9635416666666667,0.8489583333333333,0.90625,0.9635416666666667,0.11458333333333348,0.03645833333333337,0.11458333333333348,0.05729166666666674,0.11458333333333348,0.05729166666666674,90
SOX6,21,7,14,bayes,1.0,0.5816326530612245,0.458,0.6020408163265306,0.5,0.7142857142857143,0.5816326530612244,0.7040816326530611,0.5816326530612245,1.1102230246251565e-16,-0.020408163265306145,1.1102230246251565e-16,0.010204081632653184,1.1102230246251565e-16,-0.12244897959183665,90
SOX9,49,30,19,bayes,1.0,0.9982456140350878,0.222,0.912280701754386,1.0,0.9982456140350878,0.8982456140350876,0.8631578947368421,0.9982456140350878,0.1000000000000002,0.0859649122807018,0.1000000000000002,0.1350877192982457,0.1000000000000002,0.1350877192982457,90
SPAST,137,123,14,bayes,0.86,0.9372822299651569,0.8130000000000001,0.8977932636469222,0.134,0.9907084785133565,0.8960511033681765,0.9901277584204413,0.9320557491289199,0.04123112659698036,0.03948896631823462,0.04123112659698036,0.0005807200929152101,0.03600464576074336,-0.058072009291521454,90
SPG7,24,16,8,bayes,1.0,0.984375,1.0,0.921875,0.5,1.0,0.921875,0.984375,0.984375,0.0625,0.0625,0.0625,0.015625,0.0625,0.0,90
SRD5A2,39,31,8,bayes,0.811,0.9032258064516129,0.10200000000000001,0.9274193548387097,0.465,0.9516129032258065,0.8508064516129032,0.939516129032258,0.8669354838709677,0.05241935483870963,-0.024193548387096864,0.05241935483870963,0.012096774193548487,0.016129032258064502,-0.07258064516129026,90
STAT3,84,61,23,bayes,0.368,0.8909479686386315,0.388,0.8916607270135424,0.47000000000000003,0.9037776193870277,0.880256593014968,0.8845331432644333,0.6935138987883107,0.010691375623663513,-0.0007127583749109156,0.010691375623663513,0.01924447612259439,-0.18674269422665724,-0.19101924447612262,90
STIM1,23,13,10,bayes,0.5,0.9923076923076923,1.0,0.9769230769230769,0.5,0.9923076923076923,0.9769230769230769,0.9846153846153847,0.776923076923077,0.015384615384615441,0.015384615384615441,0.015384615384615441,0.007692307692307665,-0.19999999999999984,-0.20769230769230762,90
STING1,17,5,12,bayes,1.0,0.5,0.5,0.38333333333333336,1.0,0.5,0.35000000000000003,0.2666666666666667,0.5,0.14999999999999997,0.11666666666666664,0.14999999999999997,0.23333333333333328,0.14999999999999997,0.23333333333333328,90
STK11,33,28,5,bayes,1.0,1.0,0.0,1.0,1.0,1.0,0.9928571428571429,0.9642857142857143,1.0,0.0071428571428571175,0.0,0.0071428571428571175,0.0357142857142857,0.0071428571428571175,0.0357142857142857,90
STRA6,14,6,8,bayes,0.0,1.0,1.0,1.0,0.0,0.9583333333333334,1.0,0.9583333333333334,0.4583333333333333,0.0,0.0,0.0,0.0,-0.5416666666666667,-0.5,90
STS,16,6,10,bayes,0.251,0.9333333333333333,0.8220000000000001,0.9333333333333333,0.0,0.9500000000000001,0.9166666666666666,0.9500000000000001,0.7,0.01666666666666672,0.0,0.01666666666666672,0.0,-0.21666666666666667,-0.2500000000000001,90
STXBP1,127,83,44,bayes,0.0,0.9164841182913472,0.809,0.920591456736035,0.424,0.8921139101861993,0.9164841182913472,0.871303395399781,0.8658269441401972,0.0,-0.0041073384446878025,0.0,0.020810514786418377,-0.05065717415115001,-0.005476451259583737,90
SUCLA2,12,5,7,bayes,0.0,0.9714285714285715,1.0,0.9714285714285715,0.0,0.9714285714285715,0.9714285714285715,0.9714285714285715,0.8857142857142857,0.0,0.0,0.0,0.0,-0.08571428571428585,-0.08571428571428585,90
SUMF1,24,17,7,bayes,0.0,1.0,1.0,1.0,0.0,1.0,1.0,1.0,0.3949579831932773,0.0,0.0,0.0,0.0,-0.6050420168067228,-0.6050420168067228,90
TAOK1,15,9,6,bayes,0.0,1.0,1.0,1.0,1.0,1.0,1.0,0.9444444444444444,1.0,0.0,0.0,0.0,0.05555555555555558,0.0,0.05555555555555558,90
TBR1,27,14,13,bayes,1.0,0.9560439560439561,1.0,0.9340659340659341,0.0,1.0,0.9340659340659341,1.0,0.9560439560439561,0.02197802197802201,0.02197802197802201,0.02197802197802201,0.0,0.02197802197802201,-0.04395604395604391,90
TBX4,21,8,13,bayes,1.0,0.971153846153846,0.0,0.971153846153846,1.0,0.971153846153846,0.9615384615384616,0.9423076923076923,0.971153846153846,0.00961538461538447,0.0,0.00961538461538447,0.028846153846153744,0.00961538461538447,0.028846153846153744,90
TBX5,33,19,14,bayes,1.0,0.9360902255639098,0.10200000000000001,0.9097744360902256,0.294,0.9661654135338346,0.9060150375939849,0.9360902255639098,0.9360902255639098,0.03007518796992481,0.02631578947368418,0.03007518796992481,0.03007518796992481,0.03007518796992481,0.0,90
TCF4,84,40,44,bayes,0.316,0.9346590909090909,0.9400000000000001,0.9318181818181818,0.741,0.9522727272727273,0.93125,0.9085227272727273,0.9096590909090909,0.003409090909090917,0.0028409090909091717,0.003409090909090917,0.043749999999999956,-0.021590909090909105,0.001136363636363602,90
TFE3,21,11,10,bayes,1.0,0.5,0.094,0.32727272727272727,0.0,1.0,0.2818181818181818,1.0,0.5,0.2181818181818182,0.17272727272727273,0.2181818181818182,0.0,0.2181818181818182,-0.5,90
TGFBR1,42,35,7,bayes,0.0,0.9632653061224489,1.0,0.9632653061224489,0.0,1.0,0.9632653061224489,1.0,0.8530612244897958,0.0,0.0,0.0,0.0,-0.11020408163265305,-0.14693877551020418,90
TGFBR2,81,75,6,bayes,0.5,0.9711111111111111,0.612,0.9600000000000001,0.5,0.9777777777777779,0.908888888888889,0.9422222222222223,0.9466666666666667,0.06222222222222218,0.011111111111111072,0.06222222222222218,0.03555555555555556,0.03777777777777769,0.004444444444444362,90
TGM1,64,49,15,bayes,0.031,0.9482993197278912,0.907,0.9482993197278912,0.08700000000000001,0.926530612244898,0.9469387755102041,0.9238095238095239,0.6952380952380953,0.0013605442176870541,0.0,0.0013605442176870541,0.0027210884353741083,-0.2517006802721088,-0.22857142857142854,90
TMEM67,46,41,5,bayes,0.445,0.9414634146341464,1.0,0.9170731707317074,0.729,0.9414634146341464,0.9170731707317074,0.9024390243902439,0.575609756097561,0.024390243902439046,0.024390243902439046,0.024390243902439046,0.039024390243902474,-0.3414634146341463,-0.3268292682926829,90
TMPRSS3,34,27,7,bayes,0.0,0.9947089947089948,1.0,0.9947089947089948,0.0,0.9841269841269841,0.9947089947089948,0.9841269841269841,0.9365079365079365,0.0,0.0,0.0,0.0,-0.05820105820105825,-0.04761904761904756,90
TNFRSF1A,31,18,13,bayes,0.0,1.0,1.0,1.0,0.0,1.0,1.0,1.0,0.829059829059829,0.0,0.0,0.0,0.0,-0.170940170940171,-0.170940170940171,90
TNPO2,11,6,5,bayes,1.0,0.8333333333333334,0.0,0.9666666666666668,0.5,0.8666666666666667,0.7666666666666666,0.7666666666666666,0.8333333333333334,0.06666666666666676,-0.13333333333333341,0.06666666666666676,0.10000000000000009,0.06666666666666676,0.06666666666666676,90
TP53,200,86,114,bayes,0.0,0.9344145246838026,0.977,0.9346185230518156,0.012,0.966748266013872,0.9344145246838026,0.9666462668298653,0.49316605467156266,0.0,-0.00020399836801299198,0.0,0.00010199918400666252,-0.44124847001223994,-0.47348021215830266,90
TP63,68,57,11,bayes,0.555,0.9952153110047847,0.548,0.9856459330143541,0.6920000000000001,0.9808612440191387,0.9776714513556619,0.9393939393939394,0.6283891547049442,0.01754385964912275,0.009569377990430561,0.01754385964912275,0.04146730462519921,-0.34928229665071775,-0.3110047846889953,90
TPO,34,19,15,bayes,0.0,0.9017543859649123,1.0,0.9017543859649123,0.313,0.9614035087719298,0.9017543859649123,0.9508771929824561,0.6596491228070175,0.0,0.0,0.0,0.010526315789473717,-0.24210526315789482,-0.2912280701754386,90
TPP1,32,27,5,bayes,0.538,0.9555555555555556,1.0,0.9481481481481482,0.192,0.9777777777777779,0.9481481481481482,0.9777777777777777,0.9111111111111111,0.007407407407407418,0.007407407407407418,0.007407407407407418,1.1102230246251565e-16,-0.03703703703703709,-0.06666666666666665,90
TRAF7,21,9,12,bayes,0.6950000000000001,0.6388888888888888,0.337,0.5740740740740741,0.5,0.7222222222222221,0.5648148148148149,0.7037037037037036,0.6203703703703703,0.07407407407407396,0.06481481481481477,0.07407407407407396,0.01851851851851849,0.05555555555555547,-0.08333333333333326,90
TRMU,20,12,8,bayes,0.0,1.0,0.0,1.0,0.0,0.96875,1.0,0.96875,0.8854166666666666,0.0,0.0,0.0,0.0,-0.11458333333333337,-0.08333333333333337,90
TRPC6,18,10,8,bayes,0.112,0.8,1.0,0.7875,0.0,0.8125,0.7875,0.8125,0.275,0.012500000000000067,0.012500000000000067,0.012500000000000067,0.0,-0.5125,-0.5375,90
TRPV3,26,7,19,bayes,0.5,1.0,0.753,0.9849624060150376,0.5,1.0,0.9699248120300752,0.9924812030075189,0.9849624060150377,0.03007518796992481,0.015037593984962405,0.03007518796992481,0.007518796992481147,0.015037593984962516,-0.007518796992481147,90
TRPV4,50,41,9,bayes,0.08700000000000001,0.4742547425474255,0.847,0.4742547425474255,0.0,0.7154471544715446,0.46883468834688347,0.7154471544715446,0.45799457994579945,0.005420054200542035,0.0,0.005420054200542035,0.0,-0.010840108401084014,-0.25745257452574516,90
TRPV6,17,7,10,bayes,0.0,0.8571428571428571,1.0,0.8571428571428571,0.0,0.9,0.8571428571428571,0.9,0.5571428571428572,0.0,0.0,0.0,0.0,-0.29999999999999993,-0.34285714285714286,90
TSEN54,21,6,15,bayes,0.246,0.9111111111111112,0.782,0.9222222222222223,0.0,0.8555555555555556,0.9,0.8555555555555556,0.6222222222222222,0.011111111111111183,-0.011111111111111072,0.011111111111111183,0.0,-0.2777777777777778,-0.2333333333333334,90
TSHR,27,21,6,bayes,0.225,0.7619047619047619,0.0,0.8015873015873016,0.0,0.8333333333333333,0.753968253968254,0.8333333333333333,0.6428571428571429,0.007936507936507908,-0.039682539682539764,0.007936507936507908,0.0,-0.11111111111111105,-0.19047619047619035,90
TUBB2A,34,25,9,bayes,0.884,0.6844444444444444,0.969,0.6044444444444445,0.41100000000000003,0.7466666666666667,0.6000000000000001,0.68,0.6711111111111111,0.08444444444444432,0.07999999999999996,0.08444444444444432,0.06666666666666665,0.07111111111111101,-0.008888888888888946,90
TULP1,29,23,6,bayes,0.0,0.9782608695652174,1.0,0.9782608695652174,0.20700000000000002,0.9927536231884058,0.9782608695652174,0.9855072463768116,0.6594202898550725,0.0,0.0,0.0,0.007246376811594124,-0.3188405797101449,-0.32608695652173914,90
TYMP,23,17,6,bayes,0.0,0.9607843137254902,0.72,0.9803921568627451,0.6,0.8725490196078431,0.9607843137254902,0.8431372549019609,0.8137254901960784,0.0,-0.019607843137254832,0.0,0.02941176470588225,-0.1470588235294118,-0.02941176470588247,90
TYRP1,13,8,5,bayes,0.0,1.0,1.0,1.0,0.0,1.0,1.0,1.0,0.9,0.0,0.0,0.0,0.0,-0.09999999999999998,-0.09999999999999998,90
UBE3A,36,29,7,bayes,0.589,0.9753694581280788,1.0,0.9507389162561577,0.632,0.9556650246305418,0.9507389162561577,0.9211822660098521,0.8866995073891626,0.024630541871921152,0.024630541871921152,0.024630541871921152,0.034482758620689724,-0.0640394088669951,-0.0344827586206895,90
UBQLN2,11,5,6,bayes,0.0,0.6333333333333333,1.0,0.6333333333333333,1.0,0.6333333333333333,0.6333333333333333,0.43333333333333335,0.6333333333333333,0.0,0.0,0.0,0.19999999999999996,0.0,0.19999999999999996,90
UMOD,63,53,10,bayes,0.154,0.9830188679245282,0.979,0.9830188679245282,0.355,0.8981132075471697,0.9811320754716981,0.8867924528301887,0.720754716981132,0.0018867924528300772,0.0,0.0018867924528300772,0.011320754716981019,-0.2603773584905661,-0.16603773584905668,90
UROS,14,8,6,bayes,0.67,0.9166666666666667,0.76,0.8333333333333334,0.913,0.9375,0.8125,0.8333333333333333,0.875,0.10416666666666674,0.08333333333333337,0.10416666666666674,0.10416666666666674,0.0625,0.04166666666666674,90
VHL,123,114,9,bayes,0.0,0.8908382066276803,1.0,0.8908382066276803,0.0,0.5886939571150098,0.8908382066276803,0.5886939571150098,0.22904483430799216,0.0,0.0,0.0,0.0,-0.6617933723196882,-0.35964912280701766,90
VPS4A,11,5,6,bayes,0.0,1.0,0.0,1.0,0.0,0.9666666666666667,1.0,0.9666666666666667,0.9666666666666667,0.0,0.0,0.0,0.0,-0.033333333333333326,0.0,90
WARS2,14,8,6,bayes,0.0,0.8541666666666667,0.663,0.8958333333333334,0.0,0.8958333333333334,0.8541666666666667,0.8958333333333334,0.8333333333333333,0.0,-0.04166666666666663,0.0,0.0,-0.02083333333333348,-0.06250000000000011,90
WAS,49,29,20,bayes,0.0,0.9534482758620689,0.41300000000000003,0.9603448275862069,0.0,0.9689655172413792,0.9534482758620689,0.9689655172413792,0.5948275862068966,0.0,-0.006896551724137945,0.0,0.0,-0.35862068965517235,-0.3741379310344827,90
WDR26,16,9,7,bayes,0.6890000000000001,0.9365079365079365,0.5,0.9206349206349206,0.754,0.9206349206349207,0.9047619047619047,0.8571428571428571,0.8888888888888888,0.031746031746031855,0.015873015873015928,0.031746031746031855,0.0634920634920636,-0.015873015873015817,0.031746031746031744,90
WDR37,15,5,10,bayes,0.34400000000000003,0.8200000000000001,0.8240000000000001,0.78,0.754,0.8200000000000001,0.7600000000000001,0.7200000000000001,0.74,0.05999999999999994,0.040000000000000036,0.05999999999999994,0.09999999999999998,-0.02000000000000013,0.019999999999999907,90
WDR45,38,16,22,bayes,1.0,0.9119318181818182,0.647,0.8948863636363636,0.5,0.9318181818181819,0.8892045454545455,0.8607954545454546,0.9119318181818182,0.022727272727272707,0.017045454545454586,0.022727272727272707,0.07102272727272729,0.022727272727272707,0.051136363636363646,90
WFS1,62,48,14,bayes,0.19,0.9032738095238095,0.68,0.9047619047619049,0.306,0.9211309523809524,0.8973214285714287,0.9092261904761905,0.44345238095238093,0.00595238095238082,-0.0014880952380953438,0.00595238095238082,0.011904761904761973,-0.4538690476190478,-0.46577380952380953,90
WNT10A,25,16,9,bayes,0.5,0.9513888888888888,0.341,0.9444444444444444,0.5,0.9791666666666667,0.9236111111111112,0.9166666666666667,0.9305555555555557,0.02777777777777768,0.00694444444444442,0.02777777777777768,0.0625,0.006944444444444531,0.01388888888888895,90
WWOX,22,8,14,bayes,0.66,0.7589285714285714,0.0,0.7767857142857143,0.58,0.8303571428571428,0.7232142857142857,0.8035714285714286,0.7321428571428572,0.0357142857142857,-0.017857142857142905,0.0357142857142857,0.02678571428571419,0.008928571428571508,-0.0714285714285714,90
XPC,16,5,11,bayes,0.0,1.0,1.0,1.0,1.0,0.9636363636363636,1.0,0.8181818181818182,0.9636363636363636,0.0,0.0,0.0,0.1454545454545454,-0.036363636363636376,0.1454545454545454,90
YARS1,13,5,8,bayes,1.0,1.0,0.0,1.0,0.0,1.0,0.95,1.0,1.0,0.050000000000000044,0.0,0.050000000000000044,0.0,0.050000000000000044,0.0,90
ZBTB18,38,20,18,bayes,0.0,0.9694444444444444,1.0,0.9694444444444444,0.0,0.986111111111111,0.9694444444444444,0.986111111111111,0.8833333333333333,0.0,0.0,0.0,0.0,-0.08611111111111114,-0.10277777777777775,90
ZBTB20,54,35,19,bayes,0.056,0.9864661654135338,1.0,0.9849624060150377,0.0,0.9954887218045112,0.9849624060150377,0.9954887218045112,0.9082706766917293,0.0015037593984961184,0.0015037593984961184,0.0015037593984961184,0.0,-0.07669172932330837,-0.08721804511278186,90
ZMYND11,24,10,14,bayes,0.5,0.9785714285714286,0.555,0.9571428571428572,0.8210000000000001,0.9142857142857143,0.9285714285714286,0.7214285714285713,0.8571428571428572,0.050000000000000044,0.021428571428571463,0.050000000000000044,0.19285714285714295,-0.0714285714285714,0.1357142857142859,90
ZNRF3,13,8,5,bayes,0.5,0.9750000000000001,1.0,0.95,0.0,1.0,0.95,1.0,0.9,0.025000000000000133,0.025000000000000133,0.025000000000000133,0.0,-0.04999999999999993,-0.09999999999999998,90
