gene,n_grid,n_pathogenic_grid,n_benign_grid,protein_length,ESM-2 150M AUROC,ESM-2 650M AUROC,ESM-1b 650M AUROC,CaLM AUROC,ESM-2 150M + 650M AUROC,ESM-2 150M + 650M weight_second,ESM-2 650M + ESM-1b 650M AUROC,ESM-2 650M + ESM-1b 650M weight_second,ESM-2 650M + CaLM AUROC,ESM-2 650M + CaLM weight_second,ESM-2 150M + CaLM AUROC,ESM-2 150M + CaLM weight_second,ESM-1b 650M + CaLM AUROC,ESM-1b 650M + CaLM weight_second,650M_minus_150M,150M650M_minus_650M,650M1b_minus_650M,650MCaLM_minus_650M,1bCaLM_minus_1b,650MCaLM_minus_150M650M,650MCaLM_minus_650M1b,codon_dependency_index,delta_delta_auroc,independent_calm_minus_650m,inverse_variance_weight,n_bayes,n_pathogenic_bayes,n_benign_bayes,optimizer,esm2_calm_weight,esm2_calm_auc,esm2_150m_650m_weight_second,esm2_150m_650m_auc,esm1b_calm_weight,esm1b_calm_auc,esm2_650m_auc,esm1b_650m_auc,calm_auc,esm2_cross_modal_gain,esm2_cross_modal_advantage,esm2_gain_over_protein,esm1b_gain_over_protein,esm2_independent_calm_signal,esm1b_independent_calm_signal,n_objective_evals,esm2_calm_weight_bayes_minus_grid,cross_modal_gain_bayes_minus_grid,cross_modal_advantage_bayes_minus_grid
AARS1,27,10,17,968,0.8058823529411765,0.9823529411764704,0.9529411764705882,0.8529411764705882,0.9823529411764704,0.77,1.0,0.17,0.988235294117647,0.02,0.9294117647058824,0.37,0.9529411764705882,0.0,0.176470588235294,0.0,0.0176470588235294,0.0058823529411764,0.0,0.0058823529411764,-0.011764705882353,0.02,0.0058823529411764,-0.1294117647058823,6.296296296296297,27,10,17,bayes,0.057,0.988235294117647,1.0,0.9823529411764705,0.0,0.9529411764705882,0.9823529411764705,0.9529411764705882,0.8529411764705882,0.00588235294117645,0.00588235294117645,0.00588235294117645,0.0,-0.12941176470588234,-0.09999999999999998,90,0.037000000000000005,4.9439619065339e-17,4.9439619065339e-17
AARS2,26,13,13,985,0.9230769230769232,0.9289940828402368,0.940828402366864,0.893491124260355,0.9289940828402368,0.48,0.9585798816568049,0.64,0.9349112426035504,0.1,0.9349112426035504,0.21,0.9526627218934912,0.15,0.0059171597633135,0.0,0.029585798816568,0.0059171597633136,0.0118343195266271,0.0059171597633136,-0.0236686390532544,0.1,0.0059171597633136,-0.0355029585798816,6.5,26,13,13,bayes,0.5,0.9349112426035503,1.0,0.9289940828402367,0.245,0.9526627218934911,0.9289940828402367,0.9408284023668639,0.893491124260355,0.00591715976331364,0.00591715976331364,0.00591715976331364,0.011834319526627168,-0.035502958579881616,-0.047337278106508895,90,0.4,3.9898639947466563e-17,3.9898639947466563e-17
ABCB7,19,6,13,752,0.641025641025641,0.8333333333333334,0.8333333333333333,0.8461538461538463,0.8333333333333334,0.94,0.8846153846153846,0.26,0.8846153846153846,0.4,0.8461538461538463,0.89,0.8846153846153847,0.56,0.1923076923076924,0.0,0.0512820512820512,0.0512820512820512,0.0512820512820514,0.0512820512820512,0.0,0.4,0.0512820512820512,0.0128205128205128,4.105263157894737,19,6,13,bayes,0.5,0.8846153846153846,1.0,0.8333333333333334,0.625,0.8846153846153847,0.8333333333333334,0.8333333333333333,0.8461538461538463,0.05128205128205121,0.05128205128205121,0.05128205128205121,0.05128205128205143,0.012820512820512886,0.012820512820512997,90,0.09999999999999998,1.3877787807814457e-17,1.3877787807814457e-17
ABCD1,219,159,60,745,0.8858490566037736,0.9534591194968552,0.9773584905660376,0.94916142557652,0.9535639412997904,0.96,0.9778825995807128,0.97,0.9684486373165618,0.5,0.9555555555555556,0.76,0.9787211740041928,0.18,0.0676100628930816,0.0001048218029351,0.0244234800838575,0.0149895178197065,0.0013626834381551,0.0148846960167714,-0.0094339622641509,0.5,0.0148846960167714,-0.0042976939203352,43.56164383561644,219,159,60,bayes,0.5,0.9684486373165618,0.9590000000000001,0.9535639412997904,0.15,0.9786163522012579,0.9534591194968552,0.9773584905660377,0.94916142557652,0.014989517819706588,0.014884696016771448,0.014989517819706588,0.0012578616352201255,-0.004297693920335299,-0.028197064989517795,90,0.0,8.847089727481716e-17,4.85722573273506e-17
ACAD9,24,13,11,621,0.993006993006993,0.944055944055944,0.8601398601398602,0.8391608391608392,0.993006993006993,0.0,0.951048951048951,0.12,0.951048951048951,0.39,0.993006993006993,0.0,0.916083916083916,0.36,-0.0489510489510489,0.0489510489510489,0.0069930069930069,0.0069930069930069,0.0559440559440558,-0.0419580419580419,0.0,0.39,-0.0419580419580419,-0.1048951048951049,5.958333333333333,24,13,11,bayes,0.444,0.951048951048951,0.0,0.993006993006993,0.36,0.916083916083916,0.9440559440559441,0.8601398601398602,0.8391608391608392,0.006993006993006978,-0.04195804195804198,0.006993006993006978,0.055944055944055826,-0.1048951048951049,-0.020979020979021046,90,0.05399999999999999,7.806255641895632e-17,-8.326672684688674e-17
ACADS,18,13,5,412,0.9230769230769232,0.9538461538461538,0.9076923076923076,0.8461538461538461,0.9692307692307692,0.46,0.9846153846153848,0.67,0.9538461538461538,0.0,0.9384615384615383,0.02,0.9230769230769232,0.19,0.0307692307692306,0.0153846153846154,0.0307692307692308,0.0,0.0153846153846154,-0.0153846153846154,-0.0307692307692308,0.0,-0.0153846153846154,-0.1076923076923076,3.611111111111111,18,13,5,bayes,0.0,0.9538461538461538,0.5,0.9692307692307692,0.326,0.9230769230769231,0.9538461538461538,0.9076923076923077,0.8461538461538461,0.0,-0.015384615384615441,0.0,0.015384615384615441,-0.10769230769230764,-0.06153846153846154,90,0.0,0.0,-4.163336342344337e-17
ACADVL,135,129,6,655,0.8914728682170543,0.9651162790697676,0.9819121447028424,0.8578811369509043,0.9651162790697676,1.0,0.9870801033591732,0.76,0.9702842377260982,0.25,0.9276485788113696,0.59,0.9857881136950905,0.18,0.0736434108527132,0.0,0.0219638242894056,0.0051679586563306,0.003875968992248,0.0051679586563306,-0.016795865633075,0.25,0.0051679586563306,-0.1072351421188632,5.733333333333333,135,129,6,bayes,0.323,0.9702842377260982,1.0,0.9651162790697675,0.457,0.9857881136950905,0.9651162790697675,0.9819121447028424,0.8578811369509043,0.0051679586563306845,0.0051679586563306845,0.0051679586563306845,0.003875968992248069,-0.1072351421188632,-0.1240310077519381,90,0.07300000000000001,8.413408858487514e-17,8.413408858487514e-17
ACTN4,19,9,10,911,0.9111111111111112,0.9666666666666668,0.9111111111111112,1.0,0.9666666666666668,0.38,0.977777777777778,0.28,1.0,0.8200000000000001,1.0,0.9,1.0,0.71,0.0555555555555556,0.0,0.011111111111111,0.0333333333333332,0.0888888888888889,0.0333333333333332,0.0222222222222221,0.8200000000000001,0.0333333333333332,0.0333333333333332,4.7368421052631575,19,9,10,bayes,1.0,1.0,1.0,0.9666666666666668,1.0,1.0,0.9666666666666668,0.9111111111111111,1.0,0.033333333333333215,0.033333333333333215,0.033333333333333215,0.0888888888888889,0.033333333333333215,0.0888888888888889,90,0.17999999999999994,1.3877787807814457e-17,1.3877787807814457e-17
ACVRL1,159,149,10,503,0.8691275167785235,0.876510067114094,0.9483221476510066,0.8174496644295302,0.8838926174496644,0.35,0.948993288590604,0.91,0.8798657718120806,0.17,0.876510067114094,0.14,0.9483221476510068,0.01,0.0073825503355704,0.0073825503355704,0.0724832214765101,0.0033557046979866,1.1102230246251563e-16,-0.0040268456375838,-0.0691275167785234,0.17,-0.0040268456375838,-0.0590604026845638,9.371069182389936,159,149,10,bayes,0.291,0.8798657718120806,0.327,0.8832214765100671,0.011,0.9489932885906041,0.876510067114094,0.9483221476510066,0.8174496644295302,0.003355704697986628,-0.003355704697986517,0.003355704697986628,0.0006711409395974144,-0.059060402684563806,-0.1308724832214765,90,0.12099999999999997,2.7755575615628914e-17,0.0006711409395972834
ADA,37,28,9,363,0.9206349206349206,0.9841269841269842,0.9722222222222222,0.8174603174603174,0.988095238095238,0.85,0.992063492063492,0.3,0.9841269841269842,0.0,0.9365079365079364,0.11,0.9722222222222222,0.0,0.0634920634920636,0.0039682539682539,0.0079365079365077,0.0,0.0,-0.0039682539682539,-0.0079365079365077,0.0,-0.0039682539682539,-0.1666666666666667,6.8108108108108105,37,28,9,bayes,0.0,0.9841269841269842,0.922,0.9880952380952381,0.0,0.9722222222222222,0.9841269841269842,0.9722222222222222,0.8174603174603174,0.0,-0.003968253968253954,0.0,0.0,-0.16666666666666674,-0.15476190476190477,90,0.0,0.0,-5.377642775528102e-17
ADAMTSL2,11,6,5,951,1.0,1.0,1.0,0.9333333333333332,1.0,0.0,1.0,0.0,1.0,0.0,1.0,0.0,1.0,0.0,0.0,0.0,0.0,0.0,0.0,0.0,0.0,0.0,0.0,-0.0666666666666666,2.727272727272727,11,6,5,bayes,0.0,1.0,0.0,1.0,0.0,1.0,1.0,1.0,0.9333333333333333,0.0,0.0,0.0,0.0,-0.06666666666666665,-0.06666666666666665,90,0.0,0.0,0.0
ADGRG1,21,9,12,687,0.8333333333333333,0.7129629629629629,0.75,0.8055555555555556,0.8333333333333333,0.0,0.7592592592592593,0.6900000000000001,0.8240740740740741,0.79,0.8703703703703705,0.12,0.8240740740740741,0.93,-0.1203703703703703,0.1203703703703703,0.0462962962962963,0.1111111111111111,0.074074074074074,-0.0092592592592591,0.0648148148148147,0.79,-0.0092592592592591,0.0925925925925926,5.142857142857143,21,9,12,bayes,0.785,0.8240740740740741,0.0,0.8333333333333333,0.9440000000000001,0.8240740740740741,0.7129629629629629,0.75,0.8055555555555556,0.11111111111111116,-0.00925925925925919,0.11111111111111116,0.07407407407407407,0.09259259259259267,0.05555555555555558,90,-0.0050000000000000044,5.551115123125783e-17,-9.020562075079397e-17
AFG3L2,27,20,7,797,0.65,0.8142857142857143,0.8928571428571428,0.8785714285714286,0.8142857142857143,0.91,0.9142857142857144,0.59,0.8999999999999999,0.84,0.8785714285714286,0.99,0.95,0.5,0.1642857142857142,0.0,0.0999999999999999,0.0857142857142856,0.0571428571428571,0.0857142857142856,-0.0142857142857143,0.84,0.0857142857142856,0.0642857142857142,5.185185185185185,27,20,7,bayes,0.845,0.8999999999999999,1.0,0.8142857142857143,0.5,0.95,0.8142857142857143,0.8928571428571428,0.8785714285714286,0.08571428571428563,0.08571428571428563,0.08571428571428563,0.05714285714285716,0.06428571428571428,-0.014285714285714235,90,0.0050000000000000044,2.7755575615628914e-17,2.7755575615628914e-17
AIFM1,31,16,15,613,0.7916666666666667,0.9083333333333332,0.8208333333333333,0.8333333333333334,0.9083333333333332,0.87,0.9083333333333332,0.0,0.9083333333333332,0.0,0.85,0.71,0.8666666666666667,0.56,0.1166666666666665,0.0,0.0,0.0,0.0458333333333333,0.0,0.0,0.0,0.0,-0.0749999999999999,7.741935483870968,31,16,15,bayes,0.0,0.9083333333333333,1.0,0.9083333333333333,0.634,0.8666666666666667,0.9083333333333333,0.8208333333333333,0.8333333333333334,0.0,0.0,0.0,0.04583333333333339,-0.07499999999999996,0.012500000000000067,90,0.0,0.0,0.0
AIRE,36,25,11,545,0.7236363636363637,0.9781818181818182,0.9636363636363636,0.7527272727272728,0.9781818181818182,1.0,0.9927272727272728,0.09,0.9781818181818182,0.0,0.7781818181818181,0.68,0.9781818181818182,0.5,0.2545454545454544,0.0,0.0145454545454545,0.0,0.0145454545454545,0.0,-0.0145454545454545,0.0,0.0,-0.2254545454545453,7.638888888888889,36,25,11,bayes,0.0,0.9781818181818182,1.0,0.9781818181818182,0.5,0.9781818181818182,0.9781818181818182,0.9636363636363636,0.7527272727272728,0.0,0.0,0.0,0.014545454545454528,-0.22545454545454535,-0.21090909090909082,90,0.0,0.0,0.0
AK2,10,5,5,239,1.0,1.0,0.96,0.96,1.0,0.0,1.0,0.0,1.0,0.0,1.0,0.0,1.0,0.46,0.0,0.0,0.0,0.0,0.0399999999999999,0.0,0.0,0.0,0.0,-0.0399999999999999,2.5,10,5,5,bayes,0.0,1.0,0.0,1.0,0.5,1.0,1.0,0.9600000000000001,0.9600000000000001,0.0,0.0,0.0,0.039999999999999925,-0.039999999999999925,0.0,90,0.0,0.0,0.0
ALAS2,21,15,6,587,0.6111111111111112,0.7222222222222222,0.9444444444444444,0.8222222222222223,0.7222222222222222,0.98,0.9444444444444444,0.89,0.8222222222222223,0.72,0.8444444444444444,0.59,0.9444444444444444,0.19,0.111111111111111,0.0,0.2222222222222222,0.1,1.1102230246251563e-16,0.1,-0.1222222222222221,0.72,0.1,0.1,4.285714285714286,21,15,6,bayes,1.0,0.8222222222222223,1.0,0.7222222222222222,0.196,0.9444444444444445,0.7222222222222222,0.9444444444444444,0.8222222222222223,0.10000000000000009,0.10000000000000009,0.10000000000000009,1.1102230246251565e-16,0.10000000000000009,-0.12222222222222212,90,0.28,8.326672684688674e-17,8.326672684688674e-17
ALDH18A1,28,18,10,795,0.7388888888888889,0.7722222222222221,0.9388888888888888,0.7555555555555555,0.7944444444444445,0.6,0.9444444444444444,0.94,0.8,0.44,0.7722222222222223,0.6900000000000001,0.9388888888888888,0.0,0.0333333333333332,0.0222222222222223,0.1722222222222222,0.0277777777777779,0.0,0.0055555555555555,-0.1444444444444443,0.44,0.0055555555555555,-0.0166666666666666,6.428571428571429,28,18,10,bayes,0.5,0.8,0.775,0.8,0.0,0.9388888888888889,0.7722222222222221,0.9388888888888889,0.7555555555555555,0.0277777777777779,0.0,0.0277777777777779,0.0,-0.016666666666666607,-0.18333333333333335,90,0.06,0.0,-0.0055555555555555
ALDH3A2,26,19,7,485,1.0,0.9774436090225564,0.9924812030075189,0.9924812030075189,1.0,0.0,1.0,0.1,0.9924812030075189,0.19,1.0,0.0,1.0,0.04,-0.0225563909774435,0.0225563909774435,0.0225563909774435,0.0150375939849624,0.0075187969924811,-0.0075187969924811,-0.0075187969924811,0.19,-0.0075187969924811,0.0150375939849624,5.115384615384615,26,19,7,bayes,1.0,0.9924812030075189,0.0,1.0,0.5,1.0,0.9774436090225564,0.9924812030075189,0.9924812030075189,0.015037593984962405,-0.007518796992481147,0.015037593984962405,0.007518796992481147,0.015037593984962405,0.0,90,0.81,5.204170427930421e-18,-4.683753385137379e-17
ALDH5A1,53,47,6,535,0.9148936170212766,0.9716312056737588,0.99645390070922,0.946808510638298,0.975177304964539,0.91,1.0,0.41,0.9893617021276596,0.32,0.9609929078014184,0.4,1.0,0.01,0.0567375886524822,0.0035460992907802,0.0283687943262411,0.0177304964539007,0.00354609929078,0.0141843971631205,-0.0106382978723403,0.32,0.0141843971631205,-0.0248226950354609,5.320754716981132,53,47,6,bayes,0.5,0.9893617021276596,0.9530000000000001,0.975177304964539,0.402,1.0,0.9716312056737588,0.9964539007092199,0.9468085106382979,0.01773049645390079,0.014184397163120588,0.01773049645390079,0.0035460992907800915,-0.024822695035460973,-0.04964539007092206,90,0.18,9.020562075079397e-17,8.847089727481716e-17
ALG1,25,15,10,464,0.9466666666666668,0.9333333333333332,0.9133333333333332,0.92,0.96,0.05,0.9466666666666668,0.5700000000000001,0.9866666666666668,0.47,0.96,0.07,0.9533333333333334,0.56,-0.0133333333333334,0.0266666666666666,0.0133333333333334,0.0533333333333333,0.04,0.0266666666666667,0.0399999999999999,0.47,0.0266666666666667,-0.0133333333333333,6.0,25,15,10,bayes,0.47000000000000003,0.9866666666666667,0.145,0.96,0.654,0.9533333333333334,0.9333333333333333,0.9133333333333333,0.92,0.053333333333333344,0.026666666666666727,0.053333333333333344,0.040000000000000036,-0.013333333333333308,0.00666666666666671,90,5.551115123125783e-17,4.163336342344337e-17,2.7755575615628914e-17
ALOXE3,11,5,6,711,0.6,0.9000000000000001,0.9333333333333332,0.7666666666666666,0.9000000000000001,1.0,0.9333333333333332,0.47,1.0,0.49,0.8333333333333334,0.64,1.0,0.38,0.3000000000000001,0.0,0.0333333333333332,0.0999999999999998,0.0666666666666666,0.0999999999999998,0.0666666666666666,0.49,0.0999999999999998,-0.1333333333333335,2.727272727272727,11,5,6,bayes,0.5,1.0,1.0,0.9000000000000001,0.5,1.0,0.9000000000000001,0.9333333333333333,0.7666666666666666,0.09999999999999987,0.09999999999999987,0.09999999999999987,0.06666666666666665,-0.13333333333333353,-0.16666666666666674,90,0.010000000000000009,6.938893903907228e-17,6.938893903907228e-17
AMHR2,13,7,6,573,0.7857142857142857,0.8333333333333334,0.9047619047619048,0.7142857142857143,0.8333333333333334,0.67,0.9047619047619048,0.7000000000000001,0.8333333333333334,0.0,0.8095238095238095,0.17,0.9047619047619048,0.0,0.0476190476190476,0.0,0.0714285714285715,0.0,0.0,0.0,-0.0714285714285715,0.0,0.0,-0.119047619047619,3.230769230769231,13,7,6,bayes,0.0,0.8333333333333334,1.0,0.8333333333333334,0.0,0.9047619047619049,0.8333333333333334,0.9047619047619049,0.7142857142857143,0.0,0.0,0.0,0.0,-0.11904761904761907,-0.19047619047619058,90,0.0,0.0,0.0
ANO3,14,5,9,981,1.0,1.0,1.0,0.8666666666666667,1.0,0.0,1.0,0.0,1.0,0.0,1.0,0.0,1.0,0.0,0.0,0.0,0.0,0.0,0.0,0.0,0.0,0.0,0.0,-0.1333333333333333,3.2142857142857144,14,5,9,bayes,0.0,1.0,0.0,1.0,0.0,1.0,1.0,1.0,0.8666666666666667,0.0,0.0,0.0,0.0,-0.1333333333333333,-0.1333333333333333,90,0.0,0.0,0.0
ANOS1,17,7,10,680,0.9428571428571428,0.9571428571428572,0.9142857142857144,0.8714285714285714,1.0,0.26,0.9571428571428572,0.0,1.0,0.08,0.9714285714285716,0.13,1.0,0.38,0.0142857142857143,0.0428571428571428,0.0,0.0428571428571428,0.0857142857142857,0.0,0.0428571428571428,0.08,0.0,-0.0857142857142857,4.117647058823529,17,7,10,bayes,0.26,1.0,0.5,1.0,0.394,1.0,0.9571428571428572,0.9142857142857143,0.8714285714285714,0.042857142857142816,0.0,0.042857142857142816,0.08571428571428574,-0.08571428571428574,-0.042857142857142816,90,0.18,1.3877787807814457e-17,0.0
APP,32,16,16,770,0.4921875,0.5078125,0.87890625,0.49609375,0.5078125,0.6900000000000001,0.87890625,0.99,0.51953125,0.09,0.5,0.01,0.8828125,0.15,0.015625,0.0,0.37109375,0.01171875,0.00390625,0.01171875,-0.359375,0.09,0.01171875,-0.01171875,8.0,32,16,16,bayes,0.099,0.51953125,1.0,0.5078125,0.28200000000000003,0.8828125,0.5078125,0.87890625,0.49609375,0.01171875,0.01171875,0.01171875,0.00390625,-0.01171875,-0.3828125,90,0.009000000000000008,0.0,0.0
AR,128,99,29,920,0.5541623127830024,0.6464646464646464,0.9240682688958552,0.6544757924068269,0.6464646464646464,1.0,0.92511320097527,0.96,0.6614420062695926,0.86,0.6572622779519331,0.9,0.9240682688958552,0.0,0.0923023336816439,0.0,0.2786485545106235,0.0149773598049461,0.0,0.0149773598049461,-0.2636711947056773,0.86,0.0149773598049461,0.0080111459421804,22.4296875,128,99,29,bayes,0.865,0.6617903169627308,1.0,0.6464646464646464,0.0,0.9240682688958551,0.6464646464646464,0.9240682688958551,0.6544757924068269,0.01532567049808442,0.01532567049808442,0.01532567049808442,0.0,0.008011145942180442,-0.2695924764890283,90,0.0050000000000000044,0.0003483106931383203,0.0003483106931383203
ARSA,128,118,10,509,0.7677966101694915,0.8500000000000001,0.8466101694915255,0.6652542372881356,0.8500000000000001,1.0,0.8601694915254238,0.6900000000000001,0.8500000000000001,0.0,0.771186440677966,0.11,0.8474576271186441,0.01,0.0822033898305085,0.0,0.0101694915254236,0.0,0.0008474576271186,0.0,-0.0101694915254236,0.0,0.0,-0.1847457627118645,9.21875,128,118,10,bayes,0.0,0.8500000000000001,1.0,0.8500000000000001,0.021,0.8474576271186441,0.8500000000000001,0.8466101694915255,0.6652542372881356,0.0,0.0,0.0,0.0008474576271186862,-0.1847457627118645,-0.18135593220338986,90,0.0,0.0,0.0
ARSB,66,59,7,533,0.8426150121065377,0.8353510895883778,0.7893462469733656,0.7336561743341403,0.8547215496368039,0.19,0.8353510895883778,0.0,0.8401937046004843,0.06,0.8474576271186443,0.03,0.8038740920096853,0.43,-0.0072639225181598,0.0193704600484261,0.0,0.0048426150121064,0.0145278450363196,-0.0145278450363196,0.0048426150121064,0.06,-0.0145278450363196,-0.1016949152542374,6.257575757575758,66,59,7,bayes,0.10300000000000001,0.8401937046004843,0.223,0.8547215496368037,0.5,0.8038740920096853,0.8353510895883778,0.7893462469733656,0.7336561743341403,0.004842615012106477,-0.014527845036319431,0.004842615012106477,0.014527845036319653,-0.10169491525423746,-0.05569007263922532,90,0.04300000000000001,7.719519468096792e-17,1.682681771697503e-16
ARSL,28,10,18,589,0.6111111111111112,0.8055555555555556,0.8388888888888888,0.5111111111111111,0.8166666666666667,0.91,0.8555555555555556,0.84,0.8166666666666667,0.06,0.6111111111111112,0.0,0.8388888888888888,0.0,0.1944444444444444,0.011111111111111,0.05,0.011111111111111,0.0,0.0,-0.0388888888888889,0.06,0.0,-0.2944444444444445,6.428571428571429,28,10,18,bayes,0.06,0.8166666666666667,0.911,0.8166666666666667,0.0,0.8388888888888888,0.8055555555555556,0.8388888888888888,0.5111111111111111,0.011111111111111072,0.0,0.011111111111111072,0.0,-0.2944444444444445,-0.3277777777777777,90,0.0,7.112366251504909e-17,0.0
ARX,45,20,25,562,0.8280000000000001,0.92,0.928,0.902,0.92,0.8,0.972,0.53,0.928,0.63,0.902,0.97,0.964,0.38,0.0919999999999998,0.0,0.052,0.0080000000000001,0.036,0.0080000000000001,-0.0439999999999999,0.63,0.0080000000000001,-0.018,11.11111111111111,45,20,25,bayes,0.63,0.928,1.0,0.9199999999999999,0.384,0.962,0.9199999999999999,0.9279999999999999,0.9019999999999999,0.008000000000000118,0.008000000000000118,0.008000000000000118,0.03400000000000003,-0.018000000000000016,-0.026000000000000023,90,0.0,1.734723475976807e-17,1.734723475976807e-17
ASAH1,36,27,9,395,0.6790123456790124,0.8148148148148148,0.7983539094650206,0.5432098765432098,0.8189300411522633,0.95,0.8230452674897119,0.33,0.8353909465020577,0.45,0.691358024691358,0.42,0.7983539094650206,0.0,0.1358024691358024,0.0041152263374485,0.008230452674897,0.0205761316872429,0.0,0.0164609053497943,0.0123456790123458,0.45,0.0164609053497943,-0.2716049382716049,6.75,36,27,9,bayes,0.468,0.8353909465020577,0.9560000000000001,0.8189300411522633,0.0,0.7983539094650206,0.8148148148148148,0.7983539094650206,0.5432098765432098,0.020576131687242927,0.016460905349794386,0.020576131687242927,0.0,-0.2716049382716049,-0.25514403292181076,90,0.018000000000000016,2.7755575615628914e-17,8.673617379884035e-17
ASL,66,61,5,464,0.8786885245901639,0.8688524590163934,0.940983606557377,0.9442622950819672,0.898360655737705,0.53,0.9442622950819672,0.95,0.9475409836065574,0.78,0.9639344262295082,0.6900000000000001,0.9672131147540984,0.38,-0.0098360655737704,0.0295081967213115,0.0754098360655737,0.0786885245901639,0.0262295081967213,0.0491803278688524,0.0032786885245902,0.78,0.0491803278688524,0.0754098360655738,4.621212121212121,66,61,5,bayes,0.8150000000000001,0.9475409836065574,0.536,0.898360655737705,0.401,0.9672131147540983,0.8688524590163934,0.940983606557377,0.9442622950819672,0.07868852459016396,0.0491803278688524,0.07868852459016396,0.02622950819672132,0.07540983606557383,0.003278688524590234,90,0.03500000000000003,5.551115123125783e-17,0.0
ASPA,38,33,5,313,0.8303030303030303,0.9090909090909092,0.8727272727272727,0.7090909090909091,0.9272727272727274,0.67,0.9090909090909092,0.0,0.9333333333333332,0.45,0.8909090909090909,0.5,0.9090909090909092,0.4,0.0787878787878787,0.0181818181818183,0.0,0.0242424242424242,0.0363636363636364,0.0060606060606059,0.0242424242424242,0.45,0.0060606060606059,-0.1999999999999999,4.342105263157895,38,33,5,bayes,0.5,0.9333333333333333,0.677,0.9272727272727274,0.578,0.9090909090909092,0.9090909090909091,0.8727272727272727,0.7090909090909091,0.024242424242424288,0.006060606060605989,0.024242424242424288,0.03636363636363649,-0.19999999999999996,-0.16363636363636358,90,0.04999999999999999,8.673617379884035e-17,8.847089727481716e-17
ATP1A2,52,45,7,1020,0.9428571428571428,0.9904761904761904,0.9968253968253968,0.968253968253968,0.9904761904761904,0.71,1.0,0.32,0.9936507936507936,0.02,0.9809523809523808,0.59,1.0,0.11,0.0476190476190475,0.0,0.0095238095238096,0.0031746031746032,0.0031746031746031,0.0031746031746032,-0.0063492063492063,0.02,0.0031746031746032,-0.0222222222222222,6.057692307692308,52,45,7,bayes,0.763,0.9936507936507937,1.0,0.9904761904761904,0.5,1.0,0.9904761904761904,0.9968253968253968,0.9682539682539681,0.0031746031746032743,0.0031746031746032743,0.0031746031746032743,0.0031746031746031633,-0.022222222222222254,-0.028571428571428692,90,0.743,7.41594285980085e-17,7.41594285980085e-17
ATP1A3,94,84,10,1013,0.8607142857142858,0.9547619047619048,0.8761904761904762,0.8416666666666668,0.9571428571428572,0.93,0.9607142857142856,0.31,0.9595238095238094,0.06,0.8773809523809524,0.33,0.9107142857142856,0.31,0.0940476190476189,0.0023809523809523,0.005952380952381,0.0047619047619047,0.0345238095238095,0.0023809523809523,-0.0011904761904762,0.06,0.0023809523809523,-0.1130952380952379,8.936170212765957,94,84,10,bayes,0.056,0.9595238095238094,0.9550000000000001,0.9571428571428571,0.406,0.9107142857142857,0.9547619047619047,0.8761904761904762,0.8416666666666668,0.004761904761904745,0.0023809523809523725,0.004761904761904745,0.03452380952380951,-0.11309523809523792,-0.0345238095238094,90,-0.003999999999999997,4.5102810375396984e-17,7.24247051220317e-17
ATP6V1B2,12,6,6,511,0.8611111111111112,1.0,0.9444444444444444,1.0,1.0,0.21,1.0,0.0,1.0,0.0,1.0,0.15,1.0,0.12,0.1388888888888888,0.0,0.0,0.0,0.0555555555555555,0.0,0.0,0.0,0.0,0.0,3.0,12,6,6,bayes,0.0,1.0,1.0,1.0,1.0,1.0,1.0,0.9444444444444444,1.0,0.0,0.0,0.0,0.05555555555555558,0.0,0.05555555555555558,90,0.0,0.0,0.0
AVPR2,47,26,21,371,0.9652014652014652,0.9835164835164836,0.9963369963369962,0.9963369963369964,0.9908424908424908,0.56,1.0,0.54,1.0,0.39,0.9963369963369964,0.77,1.0,0.2,0.0183150183150183,0.0073260073260073,0.0164835164835165,0.0164835164835165,0.0036630036630037,0.0091575091575092,0.0,0.39,0.0091575091575092,0.0128205128205128,11.617021276595745,47,26,21,bayes,0.5,1.0,0.683,0.9908424908424908,0.296,1.0,0.9835164835164835,0.9963369963369962,0.9963369963369964,0.016483516483516536,0.009157509157509236,0.016483516483516536,0.003663003663003761,0.012820512820512886,1.1102230246251565e-16,90,0.10999999999999999,3.469446951953614e-17,3.642919299551295e-17
BAG3,15,5,10,575,0.74,0.8400000000000001,0.98,0.72,0.8400000000000001,0.99,1.0,0.41,0.9,0.51,0.78,0.35,1.0,0.02,0.1,0.0,0.1599999999999999,0.0599999999999999,0.02,0.0599999999999999,-0.0999999999999999,0.51,0.0599999999999999,-0.1200000000000001,3.333333333333333,15,5,10,bayes,0.521,0.9,1.0,0.8400000000000001,0.5,1.0,0.8400000000000001,0.98,0.72,0.05999999999999994,0.05999999999999994,0.05999999999999994,0.020000000000000018,-0.1200000000000001,-0.26,90,0.01100000000000001,4.163336342344337e-17,4.163336342344337e-17
BAP1,15,10,5,729,0.98,0.96,0.94,0.96,0.98,0.0,0.96,0.75,0.96,0.0,0.98,0.0,0.96,0.37,-0.0200000000000001,0.0200000000000001,1.1102230246251563e-16,0.0,0.0199999999999999,-0.0200000000000001,-1.1102230246251563e-16,0.0,-0.0200000000000001,0.0,3.333333333333333,15,10,5,bayes,0.0,0.96,0.0,0.9800000000000001,1.0,0.96,0.96,0.9400000000000001,0.96,0.0,-0.02000000000000013,0.0,0.019999999999999907,0.0,0.019999999999999907,90,0.0,0.0,-2.7755575615628914e-17
BBS12,13,6,7,710,1.0,1.0,1.0,0.9761904761904764,1.0,0.0,1.0,0.0,1.0,0.0,1.0,0.0,1.0,0.0,0.0,0.0,0.0,0.0,0.0,0.0,0.0,0.0,0.0,-0.0238095238095237,3.230769230769231,13,6,7,bayes,0.0,1.0,0.0,1.0,0.0,1.0,1.0,1.0,0.9761904761904763,0.0,0.0,0.0,0.0,-0.023809523809523725,-0.023809523809523725,90,0.0,0.0,0.0
BCKDHA,33,27,6,445,0.9814814814814816,0.9876543209876544,0.925925925925926,0.9012345679012346,1.0,0.33,0.9876543209876544,0.0,0.9876543209876544,0.0,0.9938271604938272,0.19,0.9506172839506172,0.3,0.0061728395061728,0.0123456790123456,0.0,0.0,0.0246913580246913,-0.0123456790123456,0.0,0.0,-0.0123456790123456,-0.0864197530864198,4.909090909090909,33,27,6,bayes,0.0,0.9876543209876544,0.5,1.0,0.308,0.9506172839506173,0.9876543209876544,0.9259259259259259,0.9012345679012346,0.0,-0.012345679012345623,0.0,0.024691358024691357,-0.0864197530864198,-0.024691358024691357,90,0.0,0.0,-2.2551405187698492e-17
BCL11A,19,11,8,835,0.7613636363636362,0.8068181818181819,0.8409090909090908,0.7727272727272727,0.8068181818181819,0.64,0.8409090909090908,0.97,0.8068181818181819,0.0,0.7727272727272727,0.02,0.8409090909090908,0.0,0.0454545454545456,0.0,0.0340909090909089,0.0,0.0,0.0,-0.0340909090909089,0.0,0.0,-0.0340909090909091,4.631578947368421,19,11,8,bayes,0.0,0.8068181818181819,1.0,0.8068181818181819,0.0,0.8409090909090908,0.8068181818181819,0.8409090909090908,0.7727272727272727,0.0,0.0,0.0,0.0,-0.03409090909090917,-0.06818181818181812,90,0.0,0.0,0.0
BICD2,99,23,76,855,0.568649885583524,0.9588100686498856,0.9759725400457664,0.5823798627002288,0.9588100686498856,1.0,0.9799771167048056,0.68,0.9588100686498856,0.0,0.5886727688787186,0.46,0.9759725400457664,0.0,0.3901601830663616,0.0,0.0211670480549198,0.0,0.0,0.0,-0.0211670480549198,0.0,0.0,-0.3764302059496568,17.656565656565657,99,23,76,bayes,0.0,0.9588100686498856,1.0,0.9588100686498856,0.0,0.9759725400457665,0.9588100686498856,0.9759725400457665,0.5823798627002288,0.0,0.0,0.0,0.0,-0.3764302059496568,-0.3935926773455377,90,0.0,0.0,0.0
BMPR1B,25,5,20,502,0.6,0.99,0.95,0.7999999999999999,1.0,0.89,0.99,0.0,1.0,0.01,0.82,0.81,0.96,0.22,0.39,0.01,0.0,0.01,0.0099999999999998,0.0,0.01,0.01,0.0,-0.19,4.0,25,5,20,bayes,0.147,1.0,0.92,1.0,0.269,0.96,0.99,0.9500000000000001,0.7999999999999999,0.010000000000000009,0.0,0.010000000000000009,0.009999999999999898,-0.19000000000000006,-0.15000000000000013,90,0.13699999999999998,8.673617379884035e-18,0.0
BRAF,79,70,9,766,0.8857142857142858,0.9714285714285714,0.9492063492063492,0.8015873015873016,0.9714285714285714,0.81,0.9857142857142858,0.36,0.9714285714285714,0.0,0.8952380952380953,0.43,0.961904761904762,0.29,0.0857142857142856,0.0,0.0142857142857143,0.0,0.0126984126984127,0.0,-0.0142857142857143,0.0,0.0,-0.1698412698412698,7.974683544303797,79,70,9,bayes,0.0,0.9714285714285714,1.0,0.9714285714285714,0.34900000000000003,0.9619047619047619,0.9714285714285714,0.9492063492063492,0.8015873015873016,0.0,0.0,0.0,0.012698412698412764,-0.1698412698412698,-0.14761904761904754,90,0.0,0.0,0.0
BRAT1,21,5,16,821,0.925,0.975,0.9375,0.8625,0.975,0.38,1.0,0.35,0.9875,0.35,0.9625,0.36,0.95,0.03,0.0499999999999999,0.0,0.025,0.0125,0.0124999999999999,0.0125,-0.0124999999999999,0.35,0.0125,-0.1124999999999999,3.809523809523809,21,5,16,bayes,0.34500000000000003,0.9875,1.0,0.975,0.158,0.95,0.975,0.9375,0.8625,0.012500000000000067,0.012500000000000067,0.012500000000000067,0.012499999999999956,-0.11249999999999993,-0.07499999999999996,90,-0.004999999999999949,6.591949208711867e-17,6.591949208711867e-17
BTK,86,76,10,659,0.9328947368421052,0.988157894736842,0.9552631578947368,0.9368421052631578,0.988157894736842,0.61,0.9960526315789474,0.08,0.9947368421052633,0.2,0.9539473684210528,0.39,0.9763157894736842,0.55,0.0552631578947367,0.0,0.0078947368421052,0.0065789473684211,0.0210526315789474,0.0065789473684211,-0.0013157894736841,0.2,0.0065789473684211,-0.0513157894736843,8.837209302325581,86,76,10,bayes,0.324,0.9947368421052633,1.0,0.9881578947368421,0.796,0.9763157894736842,0.9881578947368421,0.9552631578947368,0.9368421052631578,0.006578947368421129,0.006578947368421129,0.006578947368421129,0.021052631578947434,-0.051315789473684315,-0.018421052631579005,90,0.124,2.862293735361732e-17,2.862293735361732e-17
C1R,23,12,11,705,0.9848484848484848,0.9848484848484848,0.9848484848484848,0.9924242424242424,0.9924242424242424,0.13,0.9924242424242424,0.67,1.0,0.29,1.0,0.29,0.9924242424242424,0.75,1.1102230246251563e-16,0.0075757575757575,0.0075757575757575,0.0151515151515151,0.0075757575757576,0.0075757575757575,0.0075757575757575,0.29,0.0075757575757575,0.0075757575757575,5.739130434782608,23,12,11,bayes,0.5,1.0,0.5,0.9924242424242424,1.0,0.9924242424242424,0.9848484848484849,0.9848484848484848,0.9924242424242424,0.015151515151515138,0.007575757575757569,0.015151515151515138,0.00757575757575768,0.007575757575757569,0.00757575757575768,90,0.21000000000000002,3.8163916471489756e-17,6.938893903907228e-17
CAMK2B,62,5,57,666,0.7859649122807018,0.8842105263157894,0.912280701754386,0.8877192982456141,0.8842105263157894,0.98,0.9859649122807016,0.5700000000000001,0.905263157894737,0.59,0.8982456140350876,0.87,1.0,0.37,0.0982456140350876,0.0,0.1017543859649122,0.0210526315789475,0.087719298245614,0.0210526315789475,-0.0807017543859647,0.59,0.0210526315789475,0.0035087719298246,4.596774193548387,62,5,57,bayes,0.607,0.905263157894737,1.0,0.8842105263157894,0.378,1.0,0.8842105263157894,0.9122807017543859,0.8877192982456141,0.021052631578947545,0.021052631578947545,0.021052631578947545,0.08771929824561409,0.0035087719298246833,-0.024561403508771784,90,0.017000000000000015,4.5102810375396984e-17,4.5102810375396984e-17
CASK,45,27,18,926,0.7119341563786009,0.7345679012345679,0.691358024691358,0.6193415637860082,0.757201646090535,0.63,0.7572016460905351,0.07,0.7407407407407407,0.03,0.7119341563786009,0.0,0.7078189300411523,0.27,0.022633744855967,0.022633744855967,0.0226337448559671,0.0061728395061727,0.0164609053497942,-0.0164609053497942,-0.0164609053497943,0.03,-0.0164609053497942,-0.1152263374485597,10.8,45,27,18,bayes,0.036000000000000004,0.7407407407407407,0.631,0.757201646090535,0.279,0.7078189300411523,0.7345679012345679,0.691358024691358,0.6193415637860082,0.006172839506172756,-0.016460905349794275,0.006172839506172756,0.016460905349794275,-0.1152263374485597,-0.07201646090534974,90,0.006000000000000005,5.551115123125783e-17,-7.632783294297951e-17
CBL,18,8,10,906,0.975,0.9375,0.9875,0.8875,0.975,0.0,0.9875,0.6900000000000001,0.9625,0.19,0.975,0.0,0.9875,0.0,-0.0375,0.0375,0.05,0.0249999999999999,0.0,-0.0125000000000001,-0.0250000000000001,0.19,-0.0125000000000001,-0.05,4.444444444444445,18,8,10,bayes,0.5,0.9624999999999999,0.0,0.9750000000000001,0.0,0.9875,0.9375,0.9875,0.8875,0.02499999999999991,-0.012500000000000178,0.02499999999999991,0.0,-0.050000000000000044,-0.10000000000000009,90,0.31,1.0408340855860843e-17,-7.806255641895632e-17
CCN6,15,10,5,354,0.8,0.78,1.0,0.98,0.8,0.0,1.0,0.76,1.0,0.41,1.0,0.85,1.0,0.0,-0.02,0.02,0.2199999999999999,0.2199999999999999,0.0,0.1999999999999999,0.0,0.41,0.1999999999999999,0.2,3.333333333333333,15,10,5,bayes,0.5,1.0,0.0,0.8,0.0,1.0,0.78,1.0,0.9800000000000001,0.21999999999999997,0.19999999999999996,0.21999999999999997,0.0,0.20000000000000007,-0.019999999999999907,90,0.09000000000000002,8.326672684688674e-17,5.551115123125783e-17
CD40LG,37,26,11,261,0.958041958041958,0.972027972027972,0.9895104895104896,0.7552447552447553,0.9825174825174824,0.74,0.9895104895104896,0.6,0.972027972027972,0.0,0.958041958041958,0.0,0.9895104895104896,0.0,0.0139860139860139,0.0104895104895105,0.0174825174825175,0.0,0.0,-0.0104895104895105,-0.0174825174825175,0.0,-0.0104895104895105,-0.2167832167832166,7.72972972972973,37,26,11,bayes,0.0,0.972027972027972,0.737,0.9825174825174825,0.0,0.9895104895104895,0.972027972027972,0.9895104895104895,0.7552447552447553,0.0,-0.010489510489510523,0.0,0.0,-0.21678321678321666,-0.23426573426573416,90,0.0,0.0,-2.2551405187698492e-17
CDH1,106,17,89,882,0.8486450760079313,0.9015201586252478,0.6457369464639788,0.8790482485128883,0.907468605419696,0.86,0.9015201586252478,0.0,0.9173826834104428,0.5,0.9054857898215466,0.71,0.8889623265036352,0.9,0.0528750826173165,0.0059484467944481,0.0,0.015862524785195,0.2432253800396563,0.0099140779907468,0.015862524785195,0.5,0.0099140779907468,-0.0224719101123594,14.273584905660377,106,17,89,bayes,0.5,0.9173826834104428,0.863,0.9068076668869796,0.903,0.8889623265036352,0.9015201586252478,0.6457369464639788,0.8790482485128883,0.01586252478519501,0.010575016523463265,0.01586252478519501,0.24322538003965632,-0.022471910112359494,0.23331130204890949,90,0.0,1.0408340855860843e-17,0.0006609385327164662
CDKL5,166,104,62,960,0.982940446650124,0.9919354838709676,0.99348635235732,0.9519230769230768,0.9919354838709676,0.96,0.9981389578163772,0.38,0.992710918114144,0.08,0.9868176178660047,0.24,0.9958126550868488,0.35,0.0089950372208438,0.0,0.0062034739454093,0.0007754342431761,0.0023263027295286,0.0007754342431761,-0.0054280397022331,0.08,0.0007754342431761,-0.0400124069478908,38.8433734939759,166,104,62,bayes,0.244,0.9925558312655087,1.0,0.9919354838709677,0.29,0.9956575682382134,0.9919354838709677,0.9934863523573201,0.9519230769230769,0.0006203473945409765,0.0006203473945409765,0.0006203473945409765,0.002171215880893307,-0.04001240694789088,-0.04156327543424321,90,0.16399999999999998,-0.00015508684863512346,-0.00015508684863512346
CDKN2A,26,21,5,156,0.8666666666666667,0.8666666666666666,1.0,0.8095238095238095,0.8761904761904762,0.74,1.0,0.65,0.8666666666666666,0.0,0.8761904761904762,0.22,1.0,0.0,-1.1102230246251563e-16,0.0095238095238096,0.1333333333333334,0.0,0.0,-0.0095238095238096,-0.1333333333333334,0.0,-0.0095238095238096,-0.057142857142857,4.038461538461538,26,21,5,bayes,0.0,0.8666666666666666,0.767,0.8761904761904762,0.0,1.0,0.8666666666666666,1.0,0.8095238095238095,0.0,-0.009523809523809601,0.0,0.0,-0.05714285714285705,-0.19047619047619047,90,0.0,0.0,-1.734723475976807e-18
CERT1,13,6,7,624,0.8095238095238095,0.9761904761904764,1.0,0.9523809523809524,0.9761904761904764,0.42,1.0,0.9,1.0,0.25,0.9523809523809524,0.94,1.0,0.0,0.1666666666666667,0.0,0.0238095238095237,0.0238095238095237,0.0,0.0238095238095237,0.0,0.25,0.0238095238095237,-0.0238095238095239,3.230769230769231,13,6,7,bayes,0.5,1.0,1.0,0.9761904761904763,0.0,1.0,0.9761904761904763,1.0,0.9523809523809523,0.023809523809523725,0.023809523809523725,0.023809523809523725,0.0,-0.023809523809523947,-0.04761904761904767,90,0.25,2.42861286636753e-17,2.42861286636753e-17
CFI,19,5,14,583,0.9714285714285716,0.9714285714285716,1.0,0.8857142857142857,0.9714285714285716,0.0,1.0,0.55,0.9714285714285716,0.0,0.9714285714285716,0.0,1.0,0.0,0.0,0.0,0.0285714285714284,0.0,0.0,0.0,-0.0285714285714284,0.0,0.0,-0.0857142857142858,3.684210526315789,19,5,14,bayes,0.0,0.9714285714285715,0.0,0.9714285714285715,0.0,1.0,0.9714285714285715,1.0,0.8857142857142857,0.0,0.0,0.0,0.0,-0.08571428571428585,-0.11428571428571432,90,0.0,0.0,0.0
CHAT,33,17,16,748,0.9852941176470588,0.9926470588235294,0.9963235294117648,0.9227941176470588,0.9926470588235294,0.48,1.0,0.04,1.0,0.05,0.9926470588235294,0.11,1.0,0.27,0.0073529411764705,0.0,0.0073529411764705,0.0073529411764705,0.0036764705882352,0.0073529411764705,0.0,0.05,0.0073529411764705,-0.0698529411764705,8.242424242424242,33,17,16,bayes,0.439,1.0,1.0,0.9926470588235294,0.5,1.0,0.9926470588235294,0.9963235294117647,0.9227941176470589,0.007352941176470562,0.007352941176470562,0.007352941176470562,0.003676470588235281,-0.06985294117647056,-0.07352941176470584,90,0.389,6.245004513516506e-17,6.245004513516506e-17
CHEK2,10,5,5,543,1.0,1.0,1.0,0.92,1.0,0.0,1.0,0.0,1.0,0.0,1.0,0.0,1.0,0.0,0.0,0.0,0.0,0.0,0.0,0.0,0.0,0.0,0.0,-0.0799999999999999,2.5,10,5,5,bayes,0.0,1.0,0.0,1.0,0.0,1.0,1.0,1.0,0.92,0.0,0.0,0.0,0.0,-0.07999999999999996,-0.07999999999999996,90,0.0,0.0,0.0
CHM,32,6,26,653,0.8461538461538461,0.9423076923076924,0.9038461538461536,0.8141025641025641,0.9423076923076924,0.96,0.9423076923076924,0.0,0.9423076923076924,0.0,0.8782051282051282,0.59,0.9166666666666669,0.51,0.0961538461538461,0.0,0.0,0.0,0.0128205128205129,0.0,0.0,0.0,0.0,-0.1282051282051282,4.875,32,6,26,bayes,0.0,0.9423076923076923,1.0,0.9423076923076923,0.558,0.9166666666666667,0.9423076923076923,0.9038461538461537,0.8141025641025641,0.0,0.0,0.0,0.012820512820512997,-0.1282051282051282,-0.08974358974358965,90,0.0,0.0,0.0
CHRNE,32,25,7,493,0.9542857142857142,0.9314285714285716,0.9542857142857142,0.8857142857142856,0.9942857142857144,0.41,0.96,0.39,0.9771428571428572,0.71,0.9771428571428572,0.42,0.9771428571428572,0.5,-0.0228571428571426,0.0628571428571428,0.0285714285714285,0.0457142857142855,0.0228571428571429,-0.0171428571428572,0.017142857142857,0.71,-0.0171428571428572,-0.0457142857142859,5.46875,32,25,7,bayes,0.723,0.9771428571428571,0.433,0.9942857142857143,0.5,0.9771428571428571,0.9314285714285715,0.9542857142857142,0.8857142857142856,0.045714285714285596,-0.017142857142857237,0.045714285714285596,0.02285714285714291,-0.04571428571428593,-0.06857142857142862,90,0.013000000000000012,9.71445146547012e-17,-3.8163916471489756e-17
CHST3,20,13,7,479,1.0,1.0,0.989010989010989,0.934065934065934,1.0,0.0,1.0,0.0,1.0,0.0,1.0,0.0,1.0,0.08,0.0,0.0,0.0,0.0,0.0109890109890109,0.0,0.0,0.0,0.0,-0.0659340659340659,4.55,20,13,7,bayes,0.0,1.0,0.0,1.0,0.5,1.0,1.0,0.989010989010989,0.9340659340659341,0.0,0.0,0.0,0.01098901098901095,-0.06593406593406592,-0.05494505494505497,90,0.0,0.0,0.0
CLCN1,84,75,9,988,0.8637037037037038,0.9214814814814816,0.9466666666666668,0.9037037037037036,0.9259259259259258,0.6,0.9511111111111112,0.67,0.9392592592592592,0.26,0.908148148148148,0.72,0.9570370370370372,0.28,0.0577777777777777,0.0044444444444443,0.0296296296296296,0.0177777777777777,0.0103703703703704,0.0133333333333334,-0.0118518518518518,0.26,0.0133333333333334,-0.0177777777777777,8.035714285714286,84,75,9,bayes,0.278,0.9392592592592592,0.601,0.9259259259259258,0.28500000000000003,0.9570370370370371,0.9214814814814815,0.9466666666666667,0.9037037037037037,0.01777777777777778,0.01333333333333342,0.01777777777777778,0.010370370370370474,-0.01777777777777778,-0.04296296296296298,90,0.018000000000000016,7.979727989493313e-17,1.9081958235744878e-17
CLCN4,39,23,16,760,0.7961956521739131,0.8858695652173912,0.8315217391304348,0.7717391304347826,0.8858695652173912,1.0,0.8940217391304348,0.12,0.8858695652173912,0.0,0.8016304347826086,0.03,0.8396739130434783,0.37,0.0896739130434781,0.0,0.0081521739130435,0.0,0.0081521739130434,0.0,-0.0081521739130435,0.0,0.0,-0.1141304347826086,9.435897435897436,39,23,16,bayes,0.005,0.8858695652173914,1.0,0.8858695652173912,0.375,0.8396739130434783,0.8858695652173912,0.8315217391304348,0.7717391304347826,1.1102230246251565e-16,1.1102230246251565e-16,1.1102230246251565e-16,0.008152173913043459,-0.11413043478260865,-0.05978260869565222,90,0.005,1.1102230246251565e-16,1.1102230246251565e-16
CLCN5,17,11,6,816,0.9696969696969696,0.9696969696969696,1.0,0.9696969696969696,0.9696969696969696,0.0,1.0,0.37,1.0,0.5,0.9848484848484848,0.1,1.0,0.0,0.0,0.0,0.0303030303030302,0.0303030303030302,0.0,0.0303030303030302,0.0,0.5,0.0303030303030302,0.0,3.882352941176471,17,11,6,bayes,0.5,1.0,0.0,0.9696969696969697,0.0,1.0,0.9696969696969697,1.0,0.9696969696969697,0.030303030303030276,0.030303030303030276,0.030303030303030276,0.0,0.0,-0.030303030303030276,90,0.0,7.632783294297951e-17,7.632783294297951e-17
CLCN7,50,31,19,805,0.8930390492359932,0.9185059422750425,0.9252971137521224,0.8777589134125637,0.932088285229202,0.56,0.9303904923599322,0.33,0.9439728353140916,0.46,0.9100169779286928,0.5700000000000001,0.9422750424448216,0.55,0.0254668930390492,0.0135823429541596,0.0118845500848897,0.0254668930390492,0.0169779286926994,0.0118845500848896,0.0135823429541594,0.46,0.0118845500848896,-0.0407470288624787,11.78,50,31,19,bayes,0.442,0.9422750424448216,0.578,0.9320882852292021,0.549,0.9422750424448217,0.9185059422750425,0.9252971137521223,0.8777589134125637,0.023769100169779178,0.010186757215619568,0.023769100169779178,0.01697792869269943,-0.04074702886247872,-0.04753820033955858,90,-0.018000000000000016,-0.0016977928692700206,-0.001697792869270031
CLCNKB,36,15,21,687,0.9714285714285714,0.9873015873015872,0.9714285714285714,0.9111111111111112,0.9968253968253968,0.58,0.9936507936507936,0.29,0.9936507936507936,0.12,0.9746031746031748,0.13,0.9873015873015872,0.19,0.0158730158730159,0.0095238095238094,0.0063492063492063,0.0063492063492063,0.0158730158730159,-0.0031746031746031,0.0,0.12,-0.0031746031746031,-0.0761904761904762,8.75,36,15,21,bayes,0.209,0.9936507936507937,0.606,0.9968253968253968,0.221,0.9873015873015873,0.9873015873015873,0.9714285714285714,0.9111111111111111,0.006349206349206327,-0.0031746031746031633,0.006349206349206327,0.015873015873015928,-0.07619047619047625,-0.060317460317460325,90,0.089,2.688821387764051e-17,-6.331740687315346e-17
CNGA1,12,5,7,686,0.8,1.0,1.0,0.8571428571428572,1.0,0.64,1.0,0.0,1.0,0.0,0.8571428571428572,0.31,1.0,0.0,0.1999999999999999,0.0,0.0,0.0,0.0,0.0,0.0,0.0,0.0,-0.1428571428571428,2.9166666666666665,12,5,7,bayes,0.0,1.0,1.0,1.0,0.0,1.0,1.0,1.0,0.8571428571428572,0.0,0.0,0.0,0.0,-0.1428571428571428,-0.1428571428571428,90,0.0,0.0,0.0
CNGA3,93,83,10,694,0.8975903614457832,0.9493975903614458,0.9602409638554216,0.9313253012048192,0.9566265060240964,0.62,0.9759036144578314,0.28,0.972289156626506,0.44,0.9409638554216868,0.76,0.9710843373493976,0.33,0.0518072289156625,0.0072289156626506,0.0265060240963855,0.0228915662650602,0.0108433734939759,0.0156626506024096,-0.0036144578313253,0.44,0.0156626506024096,-0.0180722891566265,8.924731182795698,93,83,10,bayes,0.433,0.9722891566265061,0.634,0.9566265060240964,0.337,0.9710843373493976,0.9493975903614458,0.9602409638554217,0.9313253012048193,0.02289156626506028,0.015662650602409678,0.02289156626506028,0.010843373493975905,-0.01807228915662651,-0.028915662650602414,90,-0.007000000000000006,7.979727989493313e-17,7.632783294297951e-17
CNGB3,27,7,20,809,0.8714285714285714,0.8714285714285713,0.8285714285714286,0.8642857142857143,0.8785714285714284,0.6,0.8714285714285713,0.0,0.9,0.73,0.9071428571428573,0.74,0.8785714285714286,0.79,-1.1102230246251563e-16,0.0071428571428571,0.0,0.0285714285714286,0.0499999999999999,0.0214285714285715,0.0285714285714286,0.73,0.0214285714285715,-0.007142857142857,5.185185185185185,27,7,20,bayes,0.745,0.9,0.676,0.8785714285714284,0.79,0.8785714285714286,0.8714285714285713,0.8285714285714286,0.8642857142857143,0.028571428571428692,0.021428571428571574,0.028571428571428692,0.04999999999999993,-0.0071428571428570065,0.0357142857142857,90,0.015000000000000013,9.367506770274758e-17,7.28583859910259e-17
CNNM2,16,8,8,875,0.828125,0.96875,0.90625,0.765625,0.96875,0.88,0.96875,0.0,0.96875,0.0,0.859375,0.5700000000000001,0.90625,0.0,0.140625,0.0,0.0,0.0,0.0,0.0,0.0,0.0,0.0,-0.203125,4.0,16,8,8,bayes,0.0,0.96875,1.0,0.96875,0.0,0.90625,0.96875,0.90625,0.765625,0.0,0.0,0.0,0.0,-0.203125,-0.140625,90,0.0,0.0,0.0
CNOT3,16,8,8,753,0.421875,0.78125,0.984375,0.90625,0.78125,0.78,0.984375,0.86,0.90625,0.93,0.90625,0.8200000000000001,1.0,0.24,0.359375,0.0,0.203125,0.125,0.015625,0.125,-0.078125,0.93,0.125,0.125,4.0,16,8,8,bayes,1.0,0.90625,1.0,0.78125,0.251,1.0,0.78125,0.984375,0.90625,0.125,0.125,0.125,0.015625,0.125,-0.078125,90,0.06999999999999995,0.0,0.0
COL10A1,44,18,26,680,0.7286324786324786,0.7136752136752137,0.782051282051282,0.7564102564102564,0.7307692307692308,0.1,0.782051282051282,1.0,0.7649572649572649,0.91,0.7606837606837606,0.72,0.7884615384615385,0.28,-0.0149572649572649,0.0170940170940171,0.0683760683760683,0.0512820512820512,0.0064102564102564,0.034188034188034,-0.0170940170940171,0.91,0.034188034188034,0.0427350427350426,10.636363636363637,44,18,26,bayes,0.905,0.7649572649572649,0.111,0.7307692307692308,0.276,0.7884615384615385,0.7136752136752137,0.782051282051282,0.7564102564102564,0.05128205128205121,0.03418803418803407,0.05128205128205121,0.0064102564102564985,0.042735042735042694,-0.02564102564102566,90,-0.0050000000000000044,1.3877787807814457e-17,6.938893903907228e-17
COL6A2,95,51,44,1019,0.9719251336898396,0.962566844919786,0.9518716577540108,0.979946524064171,0.9719251336898396,0.0,0.9665775401069518,0.22,0.9888591800356504,0.8200000000000001,0.9852941176470588,0.58,0.9848484848484848,0.94,-0.0093582887700535,0.0093582887700535,0.0040106951871657,0.0262923351158644,0.032976827094474,0.0169340463458109,0.0222816399286986,0.8200000000000001,0.0169340463458109,0.0173796791443849,23.621052631578948,95,51,44,bayes,0.8180000000000001,0.9888591800356505,0.0,0.9719251336898396,0.865,0.9844028520499108,0.9625668449197861,0.9518716577540107,0.979946524064171,0.026292335115864485,0.01693404634581097,0.026292335115864485,0.03253119429590012,0.017379679144384985,0.028074866310160318,90,-0.0020000000000000018,8.326672684688674e-17,7.28583859910259e-17
COMP,111,102,9,757,0.8899782135076253,0.9139433551198256,0.89760348583878,0.8562091503267975,0.9161220043572984,0.8200000000000001,0.943355119825708,0.39,0.9161220043572984,0.11,0.8910675381263617,0.02,0.9117647058823528,0.33,0.0239651416122004,0.0021786492374726,0.0294117647058823,0.0021786492374726,0.0141612200435728,0.0,-0.0272331154684096,0.11,0.0,-0.0577342047930282,8.27027027027027,111,102,9,bayes,0.169,0.9161220043572984,0.898,0.9161220043572984,0.352,0.9117647058823529,0.9139433551198257,0.89760348583878,0.8562091503267975,0.002178649237472685,0.0,0.002178649237472685,0.014161220043572897,-0.057734204793028265,-0.04139433551198257,90,0.05900000000000001,8.500145032286355e-17,0.0
COQ4,12,6,6,265,0.5277777777777778,1.0,0.8333333333333333,0.9722222222222224,1.0,0.36,1.0,0.0,1.0,0.0,0.9722222222222224,0.59,1.0,0.36,0.4722222222222222,0.0,0.0,0.0,0.1666666666666667,0.0,0.0,0.0,0.0,-0.0277777777777776,3.0,12,6,6,bayes,0.0,1.0,1.0,1.0,0.5,1.0,1.0,0.8333333333333333,0.9722222222222223,0.0,0.0,0.0,0.16666666666666674,-0.02777777777777768,0.13888888888888906,90,0.0,0.0,0.0
COQ8A,27,18,9,647,0.9197530864197532,0.9876543209876544,1.0,0.962962962962963,0.9876543209876544,0.78,1.0,0.22,1.0,0.17,0.969135802469136,0.92,1.0,0.0,0.067901234567901,0.0,0.0123456790123457,0.0123456790123457,0.0,0.0123456790123457,0.0,0.17,0.0123456790123457,-0.0246913580246912,6.0,27,18,9,bayes,0.5,1.0,1.0,0.9876543209876543,0.0,1.0,0.9876543209876543,1.0,0.962962962962963,0.012345679012345734,0.012345679012345734,0.012345679012345734,0.0,-0.024691358024691246,-0.03703703703703698,90,0.32999999999999996,3.469446951953614e-17,3.469446951953614e-17
COQ8B,13,5,8,544,0.975,0.975,1.0,1.0,0.975,0.0,1.0,0.24,1.0,0.41,1.0,0.49,1.0,0.0,0.0,0.0,0.025,0.025,0.0,0.025,0.0,0.41,0.025,0.025,3.076923076923077,13,5,8,bayes,1.0,1.0,0.0,0.975,0.0,1.0,0.975,1.0,1.0,0.025000000000000022,0.025000000000000022,0.025000000000000022,0.0,0.025000000000000022,0.0,90,0.5900000000000001,2.0816681711721685e-17,2.0816681711721685e-17
CPT1A,27,13,14,773,0.8406593406593407,0.8901098901098901,0.945054945054945,0.7912087912087912,0.9175824175824177,0.49,0.9615384615384616,0.64,0.912087912087912,0.33,0.8626373626373627,0.46,0.945054945054945,0.0,0.0494505494505493,0.0274725274725275,0.0714285714285715,0.021978021978022,0.0,-0.0054945054945055,-0.0494505494505495,0.33,-0.0054945054945055,-0.0989010989010988,6.7407407407407405,27,13,14,bayes,0.34700000000000003,0.9120879120879121,0.492,0.9175824175824177,0.0,0.945054945054945,0.8901098901098901,0.945054945054945,0.7912087912087912,0.02197802197802201,-0.005494505494505586,0.02197802197802201,0.0,-0.09890109890109888,-0.15384615384615385,90,0.017000000000000015,1.0408340855860843e-17,-8.586881206085195e-17
CPT2,25,15,10,658,0.8866666666666666,0.9133333333333332,0.9466666666666668,0.7533333333333333,0.92,0.81,0.9466666666666668,0.66,0.9133333333333332,0.0,0.8866666666666667,0.03,0.9466666666666668,0.0,0.0266666666666667,0.0066666666666667,0.0333333333333334,0.0,0.0,-0.0066666666666667,-0.0333333333333334,0.0,-0.0066666666666667,-0.16,6.0,25,15,10,bayes,0.0,0.9133333333333333,0.862,0.92,0.0,0.9466666666666668,0.9133333333333333,0.9466666666666668,0.7533333333333333,0.0,-0.00666666666666671,0.0,0.0,-0.16000000000000003,-0.19333333333333347,90,0.0,0.0,-9.540979117872439e-18
CSF1R,84,27,57,972,0.9707602339181288,0.9512670565302144,0.98635477582846,0.96361273554256,0.9772579597141,0.36,0.9883040935672516,0.8,0.967511371020143,0.56,0.9759584145549056,0.19,0.9870045484080572,0.08,-0.0194931773879143,0.0259909031838856,0.0370370370370372,0.0162443144899285,0.000649772579597,-0.009746588693957,-0.0207927225471086,0.56,-0.009746588693957,0.0123456790123457,18.321428571428573,84,27,57,bayes,0.557,0.967511371020143,0.378,0.9772579597141,0.079,0.9870045484080572,0.9512670565302144,0.9863547758284601,0.9636127355425601,0.01624431448992858,-0.009746588693957059,0.01624431448992858,0.0006497725795970855,0.012345679012345734,-0.02274204028589999,90,-0.0030000000000000027,7.979727989493313e-17,-5.898059818321144e-17
CSNK2A1,23,17,6,391,0.9117647058823528,1.0,1.0,1.0,1.0,0.31,1.0,0.0,1.0,0.0,1.0,0.37,1.0,0.0,0.088235294117647,0.0,0.0,0.0,0.0,0.0,0.0,0.0,0.0,0.0,4.434782608695652,23,17,6,bayes,0.0,1.0,1.0,1.0,0.0,1.0,1.0,1.0,1.0,0.0,0.0,0.0,0.0,0.0,0.0,90,0.0,0.0,0.0
CTCF,34,29,5,727,0.8068965517241379,0.9448275862068966,0.9379310344827588,0.7931034482758621,0.9448275862068966,0.91,0.9448275862068966,0.0,0.9517241379310344,0.01,0.8413793103448276,0.46,0.9586206896551724,0.49,0.1379310344827586,0.0,0.0,0.0068965517241379,0.0206896551724137,0.0068965517241379,0.0068965517241379,0.01,0.0068965517241379,-0.1517241379310344,4.264705882352941,34,29,5,bayes,0.101,0.9517241379310345,1.0,0.9448275862068966,0.5,0.9586206896551724,0.9448275862068966,0.9379310344827587,0.7931034482758621,0.006896551724137945,0.006896551724137945,0.006896551724137945,0.020689655172413723,-0.15172413793103445,-0.14482758620689662,90,0.09100000000000001,4.5102810375396984e-17,4.5102810375396984e-17
CTNNB1,16,11,5,781,0.9272727272727274,0.9090909090909092,0.8545454545454545,0.6727272727272727,0.9454545454545455,0.02,0.9090909090909092,0.0,0.9090909090909092,0.0,0.9272727272727274,0.0,0.8545454545454545,0.0,-0.0181818181818181,0.0363636363636363,0.0,0.0,0.0,-0.0363636363636363,0.0,0.0,-0.0363636363636363,-0.2363636363636364,3.4375,16,11,5,bayes,0.0,0.9090909090909092,0.016,0.9454545454545455,0.0,0.8545454545454545,0.9090909090909092,0.8545454545454545,0.6727272727272727,0.0,-0.036363636363636376,0.0,0.0,-0.23636363636363644,-0.18181818181818177,90,0.0,0.0,-7.632783294297951e-17
CTNS,28,18,10,367,0.9055555555555556,0.9166666666666666,0.977777777777778,0.972222222222222,0.9222222222222222,0.46,0.977777777777778,0.91,0.972222222222222,0.61,0.972222222222222,0.93,1.0,0.48,0.011111111111111,0.0055555555555555,0.0611111111111112,0.0555555555555554,0.0222222222222221,0.0499999999999999,-0.0055555555555557,0.61,0.0499999999999999,0.0555555555555554,6.428571428571429,28,18,10,bayes,1.0,0.9722222222222221,0.5,0.9222222222222222,0.5,1.0,0.9166666666666666,0.9777777777777779,0.9722222222222221,0.05555555555555547,0.04999999999999993,0.05555555555555547,0.022222222222222143,0.05555555555555547,-0.005555555555555758,90,0.39,6.938893903907228e-17,3.469446951953614e-17
CUL3,15,8,7,768,0.9107142857142856,0.9107142857142856,0.9107142857142856,0.9642857142857144,0.9642857142857144,0.19,0.9285714285714286,0.01,0.9642857142857144,0.3,0.9642857142857144,0.29,0.9642857142857144,0.6900000000000001,0.0,0.0535714285714286,0.0178571428571429,0.0535714285714286,0.0535714285714286,0.0,0.0357142857142857,0.3,0.0,0.0535714285714286,3.733333333333333,15,8,7,bayes,1.0,0.9642857142857143,0.5,0.9642857142857143,1.0,0.9642857142857143,0.9107142857142857,0.9107142857142857,0.9642857142857143,0.0535714285714286,0.0,0.0535714285714286,0.0535714285714286,0.0535714285714286,0.0535714285714286,90,0.7,0.0,0.0
CYBB,77,46,31,570,0.9481065918653576,0.934782608695652,0.9628330995792428,0.8695652173913043,0.9691444600280504,0.46,0.964936886395512,0.92,0.9481065918653576,0.23,0.9488078541374474,0.08,0.9642356241234222,0.05,-0.0133239831697055,0.0343618513323983,0.0301542776998599,0.0133239831697055,0.0014025245441795,-0.0210378681626928,-0.0168302945301543,0.23,-0.0210378681626928,-0.0652173913043477,18.51948051948052,77,46,31,bayes,0.317,0.9481065918653576,0.465,0.9691444600280504,0.048,0.9642356241234222,0.9347826086956521,0.9628330995792427,0.8695652173913043,0.013323983169705511,-0.02103786816269282,0.013323983169705511,0.0014025245441795509,-0.06521739130434778,-0.09326788218793836,90,0.087,1.0408340855860843e-17,-1.734723475976807e-17
CYP11B1,39,34,5,503,0.9529411764705882,1.0,0.976470588235294,0.9352941176470588,1.0,0.95,1.0,0.0,1.0,0.0,0.9823529411764708,0.39,0.9882352941176472,0.3,0.0470588235294118,0.0,0.0,0.0,0.011764705882353,0.0,0.0,0.0,0.0,-0.0647058823529411,4.358974358974359,39,34,5,bayes,0.0,1.0,1.0,1.0,0.417,0.9882352941176471,1.0,0.9764705882352941,0.9352941176470588,0.0,0.0,0.0,0.01176470588235301,-0.06470588235294117,-0.04117647058823526,90,0.0,0.0,0.0
CYP11B2,38,14,24,503,0.9136904761904764,0.8392857142857143,0.9523809523809524,0.8333333333333334,0.9166666666666669,0.22,0.9523809523809524,1.0,0.8958333333333333,0.72,0.9196428571428572,0.27,0.9583333333333334,0.04,-0.0744047619047619,0.0773809523809524,0.1130952380952381,0.0565476190476189,0.0059523809523809,-0.0208333333333334,-0.0565476190476191,0.72,-0.0208333333333334,-0.0059523809523809,8.842105263157896,38,14,24,bayes,0.723,0.8958333333333333,0.0,0.9136904761904763,0.067,0.9583333333333334,0.8392857142857143,0.9523809523809524,0.8333333333333334,0.05654761904761896,-0.017857142857143016,0.05654761904761896,0.005952380952380931,-0.005952380952380931,-0.11904761904761907,90,0.0030000000000000027,5.551115123125783e-17,0.002976190476190386
CYP19A1,11,5,6,503,0.5,0.6333333333333333,0.7666666666666666,0.7,0.6333333333333333,0.74,0.7666666666666666,0.78,0.7,0.62,0.7,0.66,0.8,0.4,0.1333333333333333,0.0,0.1333333333333333,0.0666666666666666,0.0333333333333334,0.0666666666666666,-0.0666666666666666,0.62,0.0666666666666666,0.0666666666666666,2.727272727272727,11,5,6,bayes,1.0,0.7,1.0,0.6333333333333333,0.404,0.8,0.6333333333333333,0.7666666666666666,0.7,0.06666666666666665,0.06666666666666665,0.06666666666666665,0.03333333333333344,0.06666666666666665,-0.06666666666666665,90,0.38,5.551115123125783e-17,5.551115123125783e-17
CYP27A1,17,12,5,531,0.8333333333333333,0.9166666666666669,0.95,0.8666666666666667,0.9166666666666669,0.63,0.9666666666666668,0.36,0.9333333333333332,0.14,0.8833333333333334,0.19,0.9666666666666668,0.76,0.0833333333333334,0.0,0.05,0.0166666666666666,0.0166666666666667,0.0166666666666666,-0.0333333333333334,0.14,0.0166666666666666,-0.05,3.5294117647058822,17,12,5,bayes,0.259,0.9333333333333333,1.0,0.9166666666666667,0.0,0.9500000000000001,0.9166666666666667,0.9500000000000001,0.8666666666666667,0.016666666666666607,0.016666666666666607,0.016666666666666607,0.0,-0.050000000000000044,-0.08333333333333337,90,0.119,6.938893903907228e-18,6.938893903907228e-18
CYP27B1,25,20,5,508,0.9,0.8700000000000001,0.98,0.77,0.9000000000000001,0.12,0.98,0.86,0.8800000000000001,0.05,0.9,0.0,0.98,0.0,-0.0299999999999999,0.03,0.1099999999999998,0.01,0.0,-0.02,-0.0999999999999998,0.05,-0.02,-0.1,4.0,25,20,5,bayes,0.14300000000000002,0.8800000000000001,0.0,0.9,0.0,0.98,0.8700000000000001,0.98,0.77,0.010000000000000009,-0.019999999999999907,0.010000000000000009,0.0,-0.10000000000000009,-0.20999999999999996,90,0.09300000000000001,8.673617379884035e-18,9.367506770274758e-17
CYP4F22,21,11,10,531,0.9272727272727272,0.9272727272727272,1.0,0.9454545454545454,0.9272727272727272,0.0,1.0,0.74,0.9545454545454546,0.72,0.9454545454545455,0.67,1.0,0.0,0.0,0.0,0.0727272727272727,0.0272727272727273,0.0,0.0272727272727273,-0.0454545454545454,0.72,0.0272727272727273,0.0181818181818181,5.238095238095238,21,11,10,bayes,0.811,0.9545454545454546,0.0,0.9272727272727272,0.0,1.0,0.9272727272727272,1.0,0.9454545454545454,0.027272727272727337,0.027272727272727337,0.027272727272727337,0.0,0.018181818181818188,-0.054545454545454564,90,0.09100000000000008,3.8163916471489756e-17,3.8163916471489756e-17
DARS2,21,15,6,645,0.9111111111111112,0.9222222222222224,0.9333333333333332,0.8666666666666667,0.9222222222222224,0.9,0.9333333333333332,0.08,0.9333333333333336,0.35,0.9444444444444444,0.29,0.9444444444444444,0.45,0.0111111111111111,0.0,0.011111111111111,0.0111111111111111,0.011111111111111,0.0111111111111111,1.1102230246251563e-16,0.35,0.0111111111111111,-0.0555555555555555,4.285714285714286,21,15,6,bayes,0.34800000000000003,0.9333333333333335,1.0,0.9222222222222223,0.5,0.9444444444444444,0.9222222222222223,0.9333333333333333,0.8666666666666667,0.011111111111111183,0.011111111111111183,0.011111111111111183,0.011111111111111072,-0.05555555555555558,-0.06666666666666665,90,-0.0019999999999999463,8.326672684688674e-17,8.326672684688674e-17
DBT,24,16,8,482,0.9453125,0.9921875,0.953125,0.9921875,0.9921875,0.59,1.0,0.08,1.0,0.14,0.9921875,0.89,0.9921875,0.86,0.046875,0.0,0.0078125,0.0078125,0.0390625,0.0078125,0.0,0.14,0.0078125,0.0,5.333333333333333,24,16,8,bayes,0.5,1.0,1.0,0.9921875,1.0,0.9921875,0.9921875,0.953125,0.9921875,0.0078125,0.0078125,0.0078125,0.0390625,0.0,0.0390625,90,0.36,0.0,0.0
DCLRE1C,25,13,12,692,1.0,0.8717948717948717,0.9166666666666669,0.9166666666666669,1.0,0.0,0.9230769230769232,0.96,0.9294871794871796,0.86,1.0,0.0,0.9615384615384616,0.66,-0.1282051282051283,0.1282051282051283,0.0512820512820514,0.0576923076923078,0.0448717948717949,-0.0705128205128204,0.0064102564102563,0.86,-0.0705128205128204,0.044871794871795,6.24,25,13,12,bayes,0.889,0.9294871794871795,0.0,1.0,0.6900000000000001,0.9615384615384617,0.8717948717948717,0.9166666666666667,0.9166666666666667,0.05769230769230782,-0.07051282051282048,0.05769230769230782,0.044871794871794934,0.044871794871795045,0.0,90,0.029000000000000026,2.0816681711721685e-17,-8.326672684688674e-17
DEAF1,43,28,15,565,0.8976190476190475,0.9452380952380952,0.9690476190476192,0.6214285714285714,0.961904761904762,0.42,0.973809523809524,0.62,0.9476190476190476,0.08,0.9047619047619048,0.46,0.9690476190476192,0.0,0.0476190476190477,0.0166666666666666,0.0285714285714285,0.0023809523809523,0.0,-0.0142857142857142,-0.0261904761904762,0.08,-0.0142857142857142,-0.3238095238095239,9.767441860465116,43,28,15,bayes,0.093,0.9476190476190477,0.431,0.9619047619047619,0.0,0.9690476190476192,0.9452380952380953,0.9690476190476192,0.6214285714285714,0.0023809523809523725,-0.014285714285714235,0.0023809523809523725,0.0,-0.3238095238095239,-0.3476190476190477,90,0.012999999999999998,7.24247051220317e-17,-3.469446951953614e-17
DEGS1,12,6,6,323,0.888888888888889,0.8333333333333335,0.9722222222222224,0.8055555555555556,0.888888888888889,0.0,0.9722222222222224,0.93,0.8611111111111112,0.1,0.9166666666666669,0.53,0.9722222222222224,0.0,-0.0555555555555554,0.0555555555555554,0.1388888888888888,0.0277777777777776,0.0,-0.0277777777777777,-0.1111111111111111,0.1,-0.0277777777777777,-0.0277777777777779,3.0,12,6,6,bayes,0.14200000000000002,0.8611111111111112,0.0,0.888888888888889,0.0,0.9722222222222223,0.8333333333333335,0.9722222222222223,0.8055555555555556,0.02777777777777768,-0.02777777777777779,0.02777777777777768,0.0,-0.0277777777777779,-0.16666666666666674,90,0.04200000000000001,7.979727989493313e-17,-9.020562075079397e-17
DKC1,20,14,6,514,0.6428571428571428,0.9642857142857144,0.7857142857142857,0.8571428571428572,0.9642857142857144,0.85,0.9642857142857144,0.22,0.9761904761904764,0.29,0.8928571428571429,0.54,0.9166666666666669,0.66,0.3214285714285715,0.0,1.1102230246251563e-16,0.0119047619047619,0.130952380952381,0.0119047619047619,0.0119047619047618,0.29,0.0119047619047619,-0.1071428571428571,4.2,20,14,6,bayes,0.306,0.9761904761904763,1.0,0.9642857142857143,0.6980000000000001,0.9166666666666667,0.9642857142857143,0.7857142857142857,0.8571428571428572,0.011904761904761973,0.011904761904761973,0.011904761904761973,0.13095238095238104,-0.1071428571428571,0.07142857142857151,90,0.016000000000000014,7.28583859910259e-17,7.28583859910259e-17
DLL4,27,15,12,685,0.9611111111111112,0.9722222222222224,0.9611111111111112,0.8333333333333334,0.9722222222222224,0.72,0.977777777777778,0.14,0.9777777777777776,0.3,0.9722222222222222,0.17,0.9777777777777776,0.09,0.0111111111111111,0.0,0.0055555555555555,0.0055555555555554,0.0166666666666666,0.0055555555555554,-1.1102230246251563e-16,0.3,0.0055555555555554,-0.1388888888888889,6.666666666666667,27,15,12,bayes,0.5,0.9777777777777777,1.0,0.9722222222222223,0.109,0.9777777777777777,0.9722222222222223,0.9611111111111111,0.8333333333333334,0.005555555555555425,0.005555555555555425,0.005555555555555425,0.016666666666666607,-0.13888888888888895,-0.12777777777777777,90,0.2,2.5153490401663703e-17,2.5153490401663703e-17
DNAI1,17,9,8,699,0.9583333333333334,0.9027777777777778,0.9027777777777778,0.9166666666666669,0.9583333333333334,0.0,0.9722222222222222,0.56,0.9305555555555556,0.72,0.9583333333333334,0.0,0.9722222222222222,0.25,-0.0555555555555555,0.0555555555555555,0.0694444444444444,0.0277777777777777,0.0694444444444444,-0.0277777777777777,-0.0416666666666666,0.72,-0.0277777777777777,0.0138888888888889,4.235294117647059,17,9,8,bayes,0.723,0.9305555555555556,0.0,0.9583333333333334,0.5,0.9722222222222222,0.9027777777777778,0.9027777777777778,0.9166666666666667,0.02777777777777779,-0.02777777777777779,0.02777777777777779,0.06944444444444442,0.01388888888888895,0.01388888888888895,90,0.0030000000000000027,9.020562075079397e-17,-9.020562075079397e-17
DNM1,71,35,36,864,0.5809523809523809,0.7873015873015874,0.8452380952380952,0.7785714285714286,0.7873015873015874,0.99,0.857936507936508,0.61,0.8198412698412698,0.68,0.7785714285714286,1.0,0.8595238095238094,0.35,0.2063492063492065,0.0,0.0706349206349206,0.0325396825396824,0.0142857142857141,0.0325396825396824,-0.0380952380952381,0.68,0.0325396825396824,-0.0087301587301588,17.746478873239436,71,35,36,bayes,0.6940000000000001,0.819047619047619,1.0,0.7873015873015874,0.352,0.8595238095238094,0.7873015873015874,0.8452380952380952,0.7785714285714286,0.03174603174603163,0.03174603174603163,0.03174603174603163,0.014285714285714124,-0.00873015873015881,-0.06666666666666665,90,0.014000000000000012,-0.00079365079365077,-0.00079365079365077
DNM2,31,22,9,870,0.4292929292929293,0.5050505050505051,0.8484848484848485,0.4646464646464646,0.5050505050505051,0.98,0.8484848484848485,0.99,0.5252525252525253,0.65,0.4696969696969697,0.96,0.8484848484848485,0.0,0.0757575757575757,0.0,0.3434343434343434,0.0202020202020202,0.0,0.0202020202020202,-0.3232323232323232,0.65,0.0202020202020202,-0.0404040404040404,6.387096774193548,31,22,9,bayes,0.667,0.5252525252525253,1.0,0.5050505050505051,0.0,0.8484848484848485,0.5050505050505051,0.8484848484848485,0.46464646464646464,0.02020202020202022,0.02020202020202022,0.02020202020202022,0.0,-0.04040404040404044,-0.38383838383838387,90,0.017000000000000015,2.0816681711721685e-17,2.0816681711721685e-17
DOK7,23,7,16,504,0.5267857142857142,0.8392857142857143,0.9196428571428572,0.1964285714285714,0.8392857142857143,0.93,0.9732142857142856,0.54,0.8392857142857143,0.0,0.5267857142857142,0.0,0.9196428571428572,0.0,0.3125000000000001,0.0,0.1339285714285714,0.0,0.0,0.0,-0.1339285714285714,0.0,0.0,-0.6428571428571429,4.869565217391305,23,7,16,bayes,0.0,0.8392857142857143,1.0,0.8392857142857143,0.0,0.9196428571428571,0.8392857142857143,0.9196428571428571,0.19642857142857142,0.0,0.0,0.0,0.0,-0.6428571428571429,-0.7232142857142857,90,0.0,0.0,0.0
DPF2,20,11,9,391,0.9898989898989898,1.0,0.9898989898989898,0.9494949494949496,1.0,0.11,1.0,0.0,1.0,0.0,1.0,0.13,1.0,0.2,0.0101010101010101,0.0,0.0,0.0,0.0101010101010101,0.0,0.0,0.0,0.0,-0.0505050505050505,4.95,20,11,9,bayes,0.0,1.0,1.0,1.0,0.5,1.0,1.0,0.9898989898989898,0.9494949494949495,0.0,0.0,0.0,0.010101010101010166,-0.0505050505050505,-0.04040404040404033,90,0.0,0.0,0.0
DYRK1A,94,24,70,754,0.8839285714285714,0.9154761904761904,0.9333333333333332,0.8583333333333334,0.9160714285714284,0.97,0.9654761904761904,0.5700000000000001,0.9154761904761904,0.0,0.8845238095238095,0.01,0.9464285714285716,0.47,0.031547619047619,0.000595238095238,0.05,0.0,0.0130952380952381,-0.000595238095238,-0.05,0.0,-0.000595238095238,-0.057142857142857,17.872340425531913,94,24,70,bayes,0.0,0.9154761904761904,0.966,0.9160714285714285,0.47300000000000003,0.9464285714285715,0.9154761904761904,0.9333333333333333,0.8583333333333334,0.0,-0.0005952380952380931,0.0,0.01309523809523816,-0.05714285714285705,-0.07499999999999996,90,0.0,0.0,-9.313296661650483e-17
EBF3,35,30,5,629,0.5733333333333333,0.5666666666666667,0.8266666666666667,0.6066666666666667,0.58,0.11,0.8266666666666667,0.99,0.6066666666666667,0.87,0.6133333333333333,0.77,0.8466666666666667,0.5700000000000001,-0.0066666666666665,0.0133333333333333,0.26,0.04,0.02,0.0266666666666667,-0.2199999999999999,0.87,0.0266666666666667,0.04,4.285714285714286,35,30,5,bayes,1.0,0.6066666666666667,0.10200000000000001,0.58,0.626,0.8466666666666667,0.5666666666666667,0.8266666666666667,0.6066666666666667,0.040000000000000036,0.026666666666666727,0.040000000000000036,0.020000000000000018,0.040000000000000036,-0.21999999999999997,90,0.13,3.469446951953614e-17,2.7755575615628914e-17
ECEL1,19,10,9,775,1.0,0.9555555555555556,0.8888888888888888,0.8555555555555556,1.0,0.0,0.9888888888888888,0.27,0.9555555555555556,0.0,1.0,0.0,0.9222222222222224,0.32,-0.0444444444444445,0.0444444444444445,0.0333333333333333,0.0,0.0333333333333334,-0.0444444444444445,-0.0333333333333333,0.0,-0.0444444444444445,-0.0999999999999998,4.7368421052631575,19,10,9,bayes,0.0,0.9555555555555555,0.0,1.0,0.5,0.9222222222222223,0.9555555555555555,0.8888888888888888,0.8555555555555556,0.0,-0.04444444444444451,0.0,0.03333333333333344,-0.09999999999999987,-0.033333333333333215,90,0.0,0.0,-6.938893903907228e-18
EDA,116,94,22,391,0.7978723404255319,0.7577369439071567,0.8225338491295938,0.687137330754352,0.8297872340425533,0.3,0.8355899419729206,0.72,0.8036750483558993,0.51,0.8109284332688588,0.23,0.8360735009671181,0.47,-0.0401353965183751,0.0720502901353965,0.0778529980657638,0.0459381044487425,0.0135396518375242,-0.0261121856866539,-0.0319148936170212,0.51,-0.0261121856866539,-0.0705996131528047,17.82758620689655,116,94,22,bayes,0.451,0.8031914893617021,0.298,0.8297872340425533,0.302,0.836073500967118,0.7577369439071567,0.8225338491295938,0.687137330754352,0.045454545454545414,-0.02659574468085113,0.045454545454545414,0.013539651837524147,-0.07059961315280472,-0.1353965183752418,90,-0.059,-0.00048355899419708775,-0.00048355899419723
EDAR,29,24,5,448,0.7666666666666667,0.7666666666666667,0.725,0.6333333333333333,0.85,0.24,0.8083333333333333,0.16,0.7666666666666667,0.0,0.7916666666666666,0.12,0.725,0.0,0.0,0.0833333333333332,0.0416666666666666,0.0,0.0,-0.0833333333333332,-0.0416666666666666,0.0,-0.0833333333333332,-0.1333333333333334,4.137931034482759,29,24,5,bayes,0.0,0.7666666666666667,0.256,0.8500000000000001,0.0,0.725,0.7666666666666667,0.725,0.6333333333333333,0.0,-0.08333333333333337,0.0,0.0,-0.13333333333333341,-0.09166666666666667,90,0.0,0.0,-1.6653345369377348e-16
EEF1A2,34,25,9,463,0.5555555555555556,0.7111111111111111,0.6622222222222223,0.6533333333333333,0.7111111111111111,0.98,0.7777777777777778,0.39,0.7111111111111111,0.0,0.6577777777777778,0.95,0.72,0.38,0.1555555555555555,0.0,0.0666666666666666,0.0,0.0577777777777777,0.0,-0.0666666666666666,0.0,0.0,-0.0577777777777778,6.617647058823529,34,25,9,bayes,0.0,0.7111111111111111,1.0,0.7111111111111111,0.388,0.72,0.7111111111111111,0.6622222222222223,0.6533333333333333,0.0,0.0,0.0,0.057777777777777706,-0.05777777777777782,-0.008888888888888946,90,0.0,0.0,0.0
EFNB1,18,12,6,346,1.0,1.0,1.0,0.4722222222222222,1.0,0.0,1.0,0.0,1.0,0.0,1.0,0.0,1.0,0.0,0.0,0.0,0.0,0.0,0.0,0.0,0.0,0.0,0.0,-0.5277777777777777,4.0,18,12,6,bayes,0.0,1.0,0.0,1.0,0.0,1.0,1.0,1.0,0.47222222222222227,0.0,0.0,0.0,0.0,-0.5277777777777777,-0.5277777777777777,90,0.0,0.0,0.0
EFTUD2,31,19,12,972,0.9780701754385964,0.9517543859649122,0.9956140350877192,0.93859649122807,0.9824561403508772,0.03,0.9956140350877192,0.61,0.9517543859649122,0.0,0.9780701754385964,0.0,1.0,0.15,-0.0263157894736842,0.030701754385965,0.043859649122807,0.0,0.0043859649122807,-0.030701754385965,-0.043859649122807,0.0,-0.030701754385965,-0.0131578947368421,7.354838709677419,31,19,12,bayes,0.0,0.9517543859649122,0.036000000000000004,0.9824561403508772,0.257,1.0,0.9517543859649122,0.9956140350877193,0.9385964912280701,0.0,-0.030701754385965008,0.0,0.004385964912280715,-0.013157894736842146,-0.05701754385964919,90,0.0,0.0,-6.938893903907228e-18
EIF2B5,36,30,6,721,0.8722222222222221,1.0,0.938888888888889,0.8444444444444444,1.0,0.6900000000000001,1.0,0.0,1.0,0.0,0.9222222222222224,0.23,0.9666666666666668,0.33,0.1277777777777778,0.0,0.0,0.0,0.0277777777777776,0.0,0.0,0.0,0.0,-0.1555555555555555,5.0,36,30,6,bayes,0.0,1.0,1.0,1.0,0.323,0.9666666666666667,1.0,0.938888888888889,0.8444444444444444,0.0,0.0,0.0,0.02777777777777768,-0.15555555555555556,-0.09444444444444455,90,0.0,0.0,0.0
ELAC2,13,6,7,826,0.8571428571428572,0.9761904761904764,0.9047619047619048,0.7857142857142857,1.0,0.46,0.9761904761904764,0.0,0.9761904761904764,0.0,0.9285714285714286,0.11,0.9047619047619048,0.0,0.119047619047619,0.0238095238095237,0.0,0.0,0.0,-0.0238095238095237,0.0,0.0,-0.0238095238095237,-0.1904761904761905,3.230769230769231,13,6,7,bayes,0.0,0.9761904761904763,0.5,1.0,0.0,0.9047619047619049,0.9761904761904763,0.9047619047619049,0.7857142857142857,0.0,-0.023809523809523725,0.0,0.0,-0.19047619047619058,-0.11904761904761918,90,0.0,0.0,-2.42861286636753e-17
ELANE,53,46,7,267,0.9192546583850932,0.9751552795031057,0.9565217391304348,0.8385093167701863,0.9751552795031057,0.85,0.9813664596273292,0.27,0.9782608695652172,0.03,0.9192546583850932,0.16,0.9565217391304348,0.01,0.0559006211180124,1.1102230246251563e-16,0.0062111801242237,0.0031055900621117,1.1102230246251563e-16,0.0031055900621116,-0.0031055900621119,0.03,0.0031055900621116,-0.1366459627329193,6.075471698113208,53,46,7,bayes,0.025,0.9782608695652173,0.9450000000000001,0.9751552795031057,0.216,0.9565217391304348,0.9751552795031055,0.9565217391304347,0.8385093167701863,0.0031055900621117516,0.0031055900621116406,0.0031055900621117516,1.1102230246251565e-16,-0.1366459627329193,-0.11801242236024845,90,-0.0049999999999999975,5.160802341031001e-17,4.0766001685454967e-17
ELN,11,5,6,724,0.5333333333333333,0.4666666666666667,0.6666666666666667,0.5,0.5333333333333333,0.0,0.7,0.91,0.5,0.12,0.5666666666666667,0.26,0.7,0.08,-0.0666666666666666,0.0666666666666666,0.2333333333333332,0.0333333333333333,0.0333333333333332,-0.0333333333333333,-0.1999999999999999,0.12,-0.0333333333333333,0.0333333333333333,2.727272727272727,11,5,6,bayes,1.0,0.5,0.0,0.5333333333333333,0.101,0.7,0.4666666666666667,0.6666666666666667,0.5,0.033333333333333326,-0.033333333333333326,0.033333333333333326,0.033333333333333215,0.033333333333333326,-0.16666666666666674,90,0.88,2.7755575615628914e-17,-2.7755575615628914e-17
EMD,15,5,10,254,0.92,0.94,0.92,0.98,0.94,0.71,0.94,0.0,0.98,0.8,0.98,0.88,0.98,0.74,0.02,0.0,0.0,0.0399999999999999,0.0599999999999999,0.0399999999999999,0.0399999999999999,0.8,0.0399999999999999,0.0399999999999999,3.333333333333333,15,5,10,bayes,1.0,0.98,1.0,0.9400000000000001,1.0,0.98,0.9400000000000001,0.92,0.98,0.039999999999999925,0.039999999999999925,0.039999999999999925,0.05999999999999994,0.039999999999999925,0.05999999999999994,90,0.19999999999999996,2.7755575615628914e-17,2.7755575615628914e-17
ENG,171,61,110,658,0.7011922503725783,0.8181818181818182,0.7719821162444114,0.7481371087928465,0.8183308494783905,0.9,0.8189269746646796,0.01,0.8575260804769002,0.61,0.7800298062593145,0.6900000000000001,0.8168405365126677,0.64,0.1169895678092399,0.0001490312965722,0.0007451564828613,0.0393442622950819,0.0448584202682563,0.0391952309985096,0.0385991058122205,0.61,0.0391952309985096,-0.0700447093889717,39.23976608187135,171,61,110,bayes,0.619,0.8573770491803279,0.991,0.8184798807749628,0.635,0.8166915052160952,0.8181818181818182,0.7719821162444114,0.7481371087928465,0.039195230998509634,0.03889716840536506,0.039195230998509634,0.04470938897168386,-0.07004470938897178,-0.023845007451564926,90,0.009000000000000008,-0.0001490312965722676,-0.00029806259314454214
ENPP1,18,10,8,925,1.0,0.875,0.9875,0.8375,1.0,0.0,0.9875,0.78,0.9625,0.33,1.0,0.0,0.9875,0.0,-0.125,0.125,0.1125,0.0875,0.0,-0.0374999999999999,-0.025,0.33,-0.0374999999999999,-0.0374999999999999,4.444444444444445,18,10,8,bayes,0.5,0.9625,0.0,1.0,0.0,0.9875,0.875,0.9875,0.8375,0.08750000000000002,-0.03749999999999998,0.08750000000000002,0.0,-0.03749999999999998,-0.15000000000000002,90,0.16999999999999998,2.7755575615628914e-17,-7.632783294297951e-17
EPHB4,79,17,62,987,0.9146110056925996,0.9658444022770398,0.9658444022770398,0.944022770398482,0.9658444022770398,0.67,0.98292220113852,0.5,0.98292220113852,0.5,0.9620493358633776,0.56,0.9933586337760912,0.41,0.0512333965844401,0.0,0.01707779886148,0.0170777988614801,0.0275142314990513,0.0170777988614801,1.1102230246251563e-16,0.5,0.0170777988614801,-0.0218216318785579,13.341772151898734,79,17,62,bayes,0.5,0.98292220113852,0.842,0.9667931688804554,0.40800000000000003,0.9933586337760911,0.9658444022770398,0.9658444022770398,0.9440227703984819,0.017077798861480198,0.016129032258064613,0.017077798861480198,0.0275142314990513,-0.0218216318785579,-0.0218216318785579,90,0.0,9.71445146547012e-17,-0.0009487666034154879
ERF,15,6,9,548,0.7962962962962963,0.8518518518518519,1.0,0.8888888888888888,0.8518518518518519,0.9,1.0,0.11,0.925925925925926,0.64,0.9074074074074074,0.79,1.0,0.0,0.0555555555555555,0.0,0.1481481481481481,0.074074074074074,0.0,0.074074074074074,-0.074074074074074,0.64,0.074074074074074,0.0370370370370369,3.6,15,6,9,bayes,0.704,0.9259259259259259,1.0,0.8518518518518519,0.0,1.0,0.8518518518518519,1.0,0.8888888888888888,0.07407407407407407,0.07407407407407407,0.07407407407407407,0.0,0.03703703703703698,-0.11111111111111116,90,0.06399999999999995,6.938893903907228e-17,6.938893903907228e-17
ETFDH,74,69,5,617,0.826086956521739,0.9391304347826088,0.9536231884057972,0.8956521739130434,0.9420289855072465,0.92,0.9536231884057972,0.99,0.9565217391304348,0.71,0.910144927536232,0.6900000000000001,0.9594202898550726,0.22,0.1130434782608696,0.0028985507246377,0.0144927536231884,0.017391304347826,0.0057971014492753,0.0144927536231883,0.0028985507246376,0.71,0.0144927536231883,-0.0434782608695653,4.662162162162162,74,69,5,bayes,0.743,0.9565217391304348,0.9430000000000001,0.9420289855072465,0.5660000000000001,0.9594202898550726,0.9391304347826087,0.9536231884057972,0.8956521739130434,0.017391304347826098,0.01449275362318836,0.017391304347826098,0.005797101449275366,-0.0434782608695653,-0.05797101449275377,90,0.03300000000000003,9.71445146547012e-17,5.898059818321144e-17
EXT1,40,29,11,746,0.9968652037617556,0.9937304075235108,0.9498432601880876,0.9247648902821316,1.0,0.04,0.9968652037617556,0.11,1.0,0.07,1.0,0.06,0.9843260188087776,0.49,-0.0031347962382445,0.006269592476489,0.0031347962382445,0.006269592476489,0.0344827586206897,0.0,0.0031347962382445,0.07,0.0,-0.0689655172413792,7.975,40,29,11,bayes,0.5,1.0,0.5,1.0,0.5,0.9843260188087775,0.9937304075235109,0.9498432601880877,0.9247648902821317,0.006269592476489061,0.0,0.006269592476489061,0.034482758620689724,-0.06896551724137923,-0.02507836990595602,90,0.43,6.071532165918825e-17,0.0
EXT2,27,13,14,718,0.9010989010989012,0.8021978021978021,0.934065934065934,0.8076923076923077,0.9230769230769232,0.2,0.934065934065934,0.95,0.8626373626373627,0.48,0.912087912087912,0.25,0.945054945054945,0.31,-0.098901098901099,0.120879120879121,0.1318681318681319,0.0604395604395605,0.0109890109890109,-0.0604395604395604,-0.0714285714285714,0.48,-0.0604395604395604,0.0054945054945055,6.7407407407407405,27,13,14,bayes,0.5,0.8626373626373627,0.20600000000000002,0.9230769230769231,0.31,0.945054945054945,0.8021978021978021,0.9340659340659341,0.8076923076923077,0.06043956043956056,-0.06043956043956045,0.06043956043956056,0.01098901098901095,0.005494505494505586,-0.12637362637362637,90,0.020000000000000018,5.551115123125783e-17,-4.85722573273506e-17
EYA1,22,9,13,592,0.6752136752136753,0.9743589743589745,0.9316239316239316,0.9743589743589742,0.982905982905983,0.81,1.0,0.14,1.0,0.18,1.0,0.53,0.9914529914529916,0.37,0.2991452991452992,0.0085470085470085,0.0256410256410255,0.0256410256410255,0.0598290598290599,0.017094017094017,0.0,0.18,0.017094017094017,-2.220446049250313e-16,5.318181818181818,22,9,13,bayes,0.5,1.0,0.8170000000000001,0.982905982905983,0.5,0.9914529914529915,0.9743589743589745,0.9316239316239315,0.9743589743589742,0.02564102564102555,0.017094017094017033,0.02564102564102555,0.05982905982905995,-2.220446049250313e-16,0.042735042735042694,90,0.32,4.85722573273506e-17,3.469446951953614e-17
EZH2,49,27,22,751,0.6582491582491583,0.7188552188552189,0.9932659932659932,0.8888888888888888,0.7188552188552189,0.92,0.9949494949494948,0.75,0.8905723905723906,0.99,0.888888888888889,0.95,0.9966329966329966,0.34,0.0606060606060605,0.0,0.276094276094276,0.1717171717171717,0.0033670033670034,0.1717171717171717,-0.1043771043771043,0.99,0.1717171717171717,0.1700336700336699,12.122448979591836,49,27,22,bayes,0.992,0.8905723905723906,1.0,0.7188552188552189,0.381,0.9966329966329966,0.7188552188552189,0.9932659932659932,0.8888888888888888,0.1717171717171717,0.1717171717171717,0.1717171717171717,0.0033670033670034627,0.17003367003366998,-0.10437710437710435,90,0.0020000000000000018,0.0,0.0
F11,38,32,6,625,0.8645833333333334,0.8854166666666667,0.921875,0.8125000000000001,0.9010416666666669,0.87,0.9270833333333334,0.92,0.890625,0.16,0.8802083333333334,0.48,0.9270833333333334,0.09,0.0208333333333333,0.015625,0.0416666666666666,0.0052083333333332,0.0052083333333334,-0.0104166666666667,-0.0364583333333333,0.16,-0.0104166666666667,-0.0729166666666666,5.052631578947368,38,32,6,bayes,0.0,0.8854166666666667,0.876,0.9010416666666667,0.088,0.9270833333333334,0.8854166666666667,0.9218749999999999,0.8125000000000001,0.0,-0.015625,0.0,0.005208333333333481,-0.07291666666666663,-0.10937499999999978,90,-0.16,-0.0052083333333332,-0.005208333333333299
F2,17,11,6,622,0.8636363636363636,0.8333333333333333,0.8333333333333333,0.7575757575757576,0.9090909090909092,0.09,0.8636363636363636,0.23,0.8787878787878788,0.39,0.9393939393939394,0.26,0.8787878787878788,0.59,-0.0303030303030303,0.0757575757575759,0.0303030303030303,0.0454545454545455,0.0454545454545455,-0.0303030303030303,0.0151515151515151,0.39,-0.0303030303030303,-0.0757575757575756,3.882352941176471,17,11,6,bayes,0.5,0.8787878787878788,0.306,0.9090909090909092,0.591,0.8787878787878788,0.8333333333333333,0.8333333333333333,0.7575757575757576,0.045454545454545525,-0.030303030303030387,0.045454545454545525,0.045454545454545525,-0.07575757575757569,-0.07575757575757569,90,0.10999999999999999,2.7755575615628914e-17,-8.673617379884035e-17
F7,29,23,6,444,0.8260869565217391,0.8985507246376813,0.9710144927536232,0.8623188405797102,0.9202898550724636,0.72,0.9927536231884058,0.64,0.9130434782608696,0.06,0.8768115942028986,0.46,0.9782608695652174,0.41,0.0724637681159421,0.0217391304347824,0.0942028985507245,0.0144927536231883,0.0072463768115942,-0.0072463768115941,-0.0797101449275361,0.06,-0.0072463768115941,-0.036231884057971,4.758620689655173,29,23,6,bayes,0.07100000000000001,0.9130434782608696,0.735,0.9202898550724637,0.436,0.9782608695652174,0.8985507246376813,0.9710144927536232,0.8623188405797102,0.01449275362318836,-0.007246376811594124,0.01449275362318836,0.007246376811594235,-0.036231884057971064,-0.10869565217391297,90,0.01100000000000001,5.898059818321144e-17,-2.42861286636753e-17
F9,130,112,18,461,0.8333333333333334,0.8506944444444445,0.9107142857142856,0.8283730158730159,0.8591269841269842,0.64,0.914186507936508,0.94,0.8720238095238095,0.5,0.8551587301587302,0.56,0.9171626984126984,0.3,0.0173611111111111,0.0084325396825396,0.0634920634920633,0.021329365079365,0.0064484126984127,0.0128968253968253,-0.0421626984126983,0.5,0.0128968253968253,-0.0223214285714286,15.507692307692308,130,112,18,bayes,0.5,0.8720238095238095,0.637,0.8591269841269842,0.296,0.9171626984126985,0.8506944444444445,0.9107142857142857,0.8283730158730159,0.021329365079365004,0.012896825396825351,0.021329365079365004,0.0064484126984127865,-0.022321428571428603,-0.08234126984126977,90,0.0,3.469446951953614e-18,5.0306980803327406e-17
FA2H,18,12,6,372,1.0,1.0,0.9027777777777778,0.9166666666666666,1.0,0.0,1.0,0.0,1.0,0.0,1.0,0.0,1.0,0.34,0.0,0.0,0.0,0.0,0.0972222222222222,0.0,0.0,0.0,0.0,-0.0833333333333333,4.0,18,12,6,bayes,0.0,1.0,0.0,1.0,0.5,1.0,1.0,0.9027777777777778,0.9166666666666666,0.0,0.0,0.0,0.09722222222222221,-0.08333333333333337,0.01388888888888884,90,0.0,0.0,0.0
FARS2,23,16,7,451,0.9375,0.9910714285714286,0.9642857142857144,0.9285714285714286,0.9910714285714286,0.59,1.0,0.08,1.0,0.09,0.9553571428571428,0.13,0.9910714285714286,0.14,0.0535714285714286,0.0,0.0089285714285713,0.0089285714285713,0.0267857142857143,0.0089285714285713,0.0,0.09,0.0089285714285713,-0.0625,4.869565217391305,23,16,7,bayes,0.317,1.0,1.0,0.9910714285714286,0.165,0.9910714285714286,0.9910714285714286,0.9642857142857143,0.9285714285714286,0.008928571428571397,0.008928571428571397,0.008928571428571397,0.0267857142857143,-0.0625,-0.0357142857142857,90,0.227,9.71445146547012e-17,9.71445146547012e-17
FARSB,11,6,5,589,0.8333333333333333,0.9333333333333332,0.7666666666666666,0.8,0.9333333333333332,0.29,0.9333333333333332,0.0,0.9333333333333332,0.0,0.8333333333333334,0.55,0.8333333333333334,0.65,0.1,0.0,0.0,0.0,0.0666666666666667,0.0,0.0,0.0,0.0,-0.1333333333333333,2.727272727272727,11,6,5,bayes,0.0,0.9333333333333333,1.0,0.9333333333333333,0.653,0.8333333333333334,0.9333333333333333,0.7666666666666666,0.8,0.0,0.0,0.0,0.06666666666666676,-0.1333333333333333,0.03333333333333344,90,0.0,0.0,0.0
FBXO11,90,44,46,927,0.7475296442687748,0.8927865612648221,0.8641304347826088,0.749505928853755,0.8967391304347826,0.85,0.8992094861660078,0.25,0.8942687747035574,0.02,0.775197628458498,0.5,0.865612648221344,0.24,0.1452569169960473,0.0039525691699604,0.0064229249011856,0.0014822134387352,0.0014822134387352,-0.0024703557312252,-0.0049407114624504,0.02,-0.0024703557312252,-0.1432806324110671,22.488888888888887,90,44,46,bayes,0.033,0.8947628458498024,0.855,0.8967391304347826,0.017,0.8656126482213438,0.8927865612648221,0.8641304347826088,0.749505928853755,0.0019762845849802257,-0.0019762845849802257,0.0019762845849802257,0.0014822134387350028,-0.14328063241106714,-0.11462450592885376,90,0.013000000000000001,0.0004940711462450256,0.0004940711462449745
FBXO7,19,5,14,522,1.0,1.0,1.0,1.0,1.0,0.0,1.0,0.0,1.0,0.0,1.0,0.0,1.0,0.0,0.0,0.0,0.0,0.0,0.0,0.0,0.0,0.0,0.0,0.0,3.684210526315789,19,5,14,bayes,0.0,1.0,0.0,1.0,0.0,1.0,1.0,1.0,1.0,0.0,0.0,0.0,0.0,0.0,0.0,90,0.0,0.0,0.0
FECH,11,5,6,423,0.6333333333333333,1.0,0.8666666666666667,0.7666666666666667,1.0,0.95,1.0,0.0,1.0,0.0,0.7666666666666667,0.33,0.8666666666666667,0.0,0.3666666666666667,0.0,0.0,0.0,0.0,0.0,0.0,0.0,0.0,-0.2333333333333332,2.727272727272727,11,5,6,bayes,0.0,1.0,1.0,1.0,0.0,0.8666666666666667,1.0,0.8666666666666667,0.7666666666666667,0.0,0.0,0.0,0.0,-0.23333333333333328,-0.09999999999999998,90,0.0,0.0,0.0
FGD1,25,8,17,961,0.926470588235294,0.9191176470588236,0.9264705882352942,0.7205882352941176,0.9338235294117648,0.1,0.9411764705882352,0.2,0.9191176470588236,0.0,0.9338235294117648,0.05,0.9264705882352942,0.0,-0.0073529411764705,0.0147058823529412,0.0220588235294117,0.0,0.0,-0.0147058823529412,-0.0220588235294117,0.0,-0.0147058823529412,-0.1985294117647058,5.44,25,8,17,bayes,0.0,0.9191176470588235,0.5,0.9338235294117647,0.0,0.9264705882352942,0.9191176470588235,0.9264705882352942,0.7205882352941176,0.0,-0.014705882352941235,0.0,0.0,-0.19852941176470584,-0.20588235294117652,90,0.0,0.0,-3.469446951953614e-17
FGFR1,79,67,12,822,0.890547263681592,0.958955223880597,0.9987562189054726,0.8345771144278606,0.9601990049751244,0.88,0.9987562189054726,0.94,0.958955223880597,0.0,0.8930348258706468,0.06,0.9987562189054726,0.0,0.0684079601990049,0.0012437810945273,0.0398009950248756,0.0,0.0,-0.0012437810945273,-0.0398009950248756,0.0,-0.0012437810945273,-0.1243781094527363,10.177215189873415,79,67,12,bayes,0.0,0.958955223880597,0.88,0.9601990049751243,0.0,0.9987562189054726,0.958955223880597,0.9987562189054726,0.8345771144278606,0.0,-0.0012437810945273853,0.0,0.0,-0.12437810945273631,-0.16417910447761197,90,0.0,0.0,-8.521829075736065e-17
FGFR2,75,68,7,821,0.953781512605042,0.9474789915966384,0.9915966386554622,0.9558823529411764,0.9642857142857144,0.19,0.9915966386554622,0.53,0.972689075630252,0.7000000000000001,0.9789915966386554,0.53,0.9978991596638656,0.43,-0.0063025210084035,0.0168067226890757,0.0441176470588237,0.0252100840336135,0.0063025210084033,0.0084033613445377,-0.0189075630252101,0.7000000000000001,0.0084033613445377,0.008403361344538,6.346666666666667,75,68,7,bayes,0.81,0.9726890756302521,0.254,0.9642857142857143,0.5,0.9978991596638656,0.9474789915966385,0.9915966386554622,0.9558823529411765,0.025210084033613578,0.008403361344537785,0.025210084033613578,0.006302521008403339,0.008403361344538007,-0.0357142857142857,90,0.10999999999999999,7.632783294297951e-17,8.500145032286355e-17
FGFR3,49,32,17,806,0.8455882352941176,0.8786764705882353,0.9191176470588236,0.9209558823529412,0.8841911764705882,0.76,0.9430147058823528,0.37,0.9375,0.68,0.9283088235294116,0.66,0.9356617647058822,0.5700000000000001,0.0330882352941176,0.0055147058823529,0.0643382352941175,0.0588235294117647,0.0165441176470587,0.0533088235294118,-0.0055147058823528,0.68,0.0533088235294118,0.0422794117647058,11.10204081632653,49,32,17,bayes,0.682,0.9375,0.76,0.8841911764705882,0.5760000000000001,0.9356617647058822,0.8786764705882353,0.9191176470588235,0.9209558823529411,0.05882352941176472,0.0533088235294118,0.05882352941176472,0.016544117647058765,0.04227941176470584,0.0018382352941176405,90,0.0020000000000000018,2.0816681711721685e-17,0.0
FH,106,101,5,510,0.8118811881188119,0.8178217821782178,0.992079207920792,0.992079207920792,0.8217821782178217,0.77,0.992079207920792,0.95,0.992079207920792,0.96,0.992079207920792,0.92,0.996039603960396,0.31,0.0059405940594058,0.0039603960396039,0.1742574257425743,0.1742574257425743,0.0039603960396039,0.1702970297029703,0.0,0.96,0.1702970297029703,0.1742574257425743,4.764150943396227,106,101,5,bayes,1.0,0.9920792079207921,0.863,0.8217821782178217,0.5,0.996039603960396,0.8178217821782178,0.9920792079207921,0.9920792079207921,0.1742574257425743,0.17029702970297034,0.1742574257425743,0.003960396039603964,0.1742574257425743,0.0,90,0.040000000000000036,0.0,2.7755575615628914e-17
FLCN,13,7,6,579,0.7857142857142858,0.8571428571428572,0.9285714285714286,0.7142857142857143,0.9761904761904764,0.62,0.9761904761904764,0.42,0.9761904761904764,0.25,0.8333333333333334,0.29,0.9285714285714286,0.0,0.0714285714285714,0.119047619047619,0.119047619047619,0.119047619047619,0.0,0.0,0.0,0.25,0.0,-0.1428571428571429,3.230769230769231,13,7,6,bayes,0.4,0.9761904761904763,0.652,0.9761904761904763,0.0,0.9285714285714286,0.8571428571428572,0.9285714285714286,0.7142857142857143,0.11904761904761907,0.0,0.11904761904761907,0.0,-0.1428571428571429,-0.2142857142857143,90,0.15000000000000002,6.938893903907228e-17,0.0
FMO3,27,16,11,532,0.8295454545454546,0.8636363636363636,0.8352272727272727,0.8352272727272727,0.8636363636363636,0.33,0.8693181818181819,0.01,0.9147727272727272,0.27,0.9090909090909092,0.45,0.8920454545454545,0.79,0.034090909090909,0.0,0.0056818181818182,0.0511363636363636,0.0568181818181817,0.0511363636363636,0.0454545454545454,0.27,0.0511363636363636,-0.0284090909090909,6.518518518518518,27,16,11,bayes,0.5,0.9147727272727273,1.0,0.8636363636363636,0.805,0.8920454545454545,0.8636363636363636,0.8352272727272727,0.8352272727272727,0.051136363636363646,0.051136363636363646,0.051136363636363646,0.05681818181818177,-0.02840909090909094,0.0,90,0.22999999999999998,4.85722573273506e-17,4.85722573273506e-17
FOXF1,18,12,6,379,0.9583333333333334,0.9861111111111112,0.9861111111111112,0.9861111111111112,0.9861111111111112,1.0,1.0,0.02,1.0,0.04,1.0,0.12,1.0,0.72,0.0277777777777777,0.0,0.0138888888888888,0.0138888888888888,0.0138888888888888,0.0138888888888888,0.0,0.04,0.0138888888888888,0.0,4.0,18,12,6,bayes,0.5,1.0,1.0,0.9861111111111112,0.881,1.0,0.9861111111111112,0.9861111111111112,0.9861111111111112,0.01388888888888884,0.01388888888888884,0.01388888888888884,0.01388888888888884,0.0,0.0,90,0.46,3.9898639947466563e-17,3.9898639947466563e-17
FOXG1,145,75,70,489,0.7506666666666666,0.7725714285714286,0.9742857142857144,0.8939047619047619,0.773904761904762,0.89,0.9752380952380952,0.89,0.8940952380952382,0.99,0.8940952380952382,0.98,0.9773333333333334,0.46,0.0219047619047619,0.0013333333333334,0.2026666666666666,0.1215238095238095,0.003047619047619,0.1201904761904761,-0.081142857142857,0.99,0.1201904761904761,0.1213333333333333,36.206896551724135,145,75,70,bayes,0.986,0.8940952380952382,0.893,0.773904761904762,0.431,0.9773333333333333,0.7725714285714286,0.9742857142857143,0.8939047619047619,0.12152380952380959,0.12019047619047618,0.12152380952380959,0.0030476190476189657,0.1213333333333333,-0.08038095238095244,90,-0.0040000000000000036,8.326672684688674e-17,8.326672684688674e-17
FOXH1,11,6,5,365,0.8,0.8,0.8333333333333334,0.9,0.8,0.0,0.8333333333333334,0.03,0.9,0.73,0.9,0.73,0.9,0.94,0.0,0.0,0.0333333333333333,0.0999999999999999,0.0666666666666666,0.0999999999999999,0.0666666666666666,0.73,0.0999999999999999,0.0999999999999999,2.727272727272727,11,6,5,bayes,1.0,0.9,0.0,0.8,1.0,0.9,0.8,0.8333333333333334,0.9,0.09999999999999998,0.09999999999999998,0.09999999999999998,0.06666666666666665,0.09999999999999998,0.06666666666666665,90,0.27,8.326672684688674e-17,8.326672684688674e-17
FOXP1,58,20,38,677,0.8631578947368421,0.8552631578947368,0.913157894736842,0.8539473684210526,0.8644736842105264,0.16,0.918421052631579,0.51,0.8644736842105264,0.09,0.8657894736842106,0.09,0.9328947368421052,0.49,-0.0078947368421052,0.0092105263157895,0.0631578947368421,0.0092105263157895,0.0197368421052631,0.0,-0.0539473684210526,0.09,0.0,-0.0013157894736842,13.10344827586207,58,20,38,bayes,0.126,0.8657894736842106,0.163,0.8644736842105264,0.5,0.9328947368421052,0.8552631578947368,0.9131578947368421,0.8539473684210526,0.010526315789473717,0.001315789473684159,0.010526315789473717,0.019736842105263164,-0.0013157894736842701,-0.05921052631578949,90,0.036000000000000004,0.0013157894736842164,0.001315789473684159
FOXP3,39,17,22,431,0.7165775401069518,0.6711229946524064,0.8636363636363636,0.8796791443850267,0.7272727272727273,0.11,0.8689839572192513,0.6900000000000001,0.8796791443850267,0.96,0.8796791443850267,0.98,0.9117647058823528,0.5,-0.0454545454545454,0.0561497326203208,0.1978609625668448,0.2085561497326202,0.0481283422459892,0.1524064171122994,0.0106951871657754,0.96,0.1524064171122994,0.2085561497326202,9.58974358974359,39,17,22,bayes,1.0,0.8796791443850267,0.115,0.7272727272727273,0.5,0.9117647058823529,0.6711229946524064,0.8636363636363636,0.8796791443850267,0.20855614973262027,0.1524064171122994,0.20855614973262027,0.048128342245989275,0.20855614973262027,0.016042780748663055,90,0.040000000000000036,5.551115123125783e-17,0.0
FOXRED1,14,5,9,486,0.9111111111111112,0.8888888888888888,0.9333333333333332,0.8,0.9111111111111112,0.0,0.9333333333333332,0.45,0.8888888888888888,0.0,0.9111111111111112,0.0,0.9555555555555556,0.32,-0.0222222222222223,0.0222222222222223,0.0444444444444445,0.0,0.0222222222222222,-0.0222222222222223,-0.0444444444444445,0.0,-0.0222222222222223,-0.0888888888888888,3.2142857142857144,14,5,9,bayes,0.0,0.8888888888888888,0.0,0.9111111111111112,0.389,0.9555555555555555,0.8888888888888888,0.9333333333333332,0.8,0.0,-0.022222222222222365,0.0,0.022222222222222254,-0.0888888888888888,-0.1333333333333332,90,0.0,0.0,-6.591949208711867e-17
FRMD7,35,10,25,714,0.796,0.844,0.904,0.788,0.8480000000000001,0.71,0.916,0.85,0.892,0.52,0.872,0.52,0.912,0.28,0.0479999999999999,0.0040000000000001,0.0719999999999999,0.048,0.008,0.0439999999999999,-0.0239999999999999,0.52,0.0439999999999999,-0.0559999999999999,7.142857142857143,35,10,25,bayes,0.525,0.892,0.782,0.8480000000000001,0.281,0.912,0.844,0.904,0.788,0.04800000000000004,0.04399999999999993,0.04800000000000004,0.008000000000000007,-0.05599999999999994,-0.11599999999999999,90,0.0050000000000000044,4.163336342344337e-17,2.7755575615628914e-17
FUCA1,17,6,11,466,0.9696969696969696,1.0,1.0,0.8484848484848485,1.0,0.28,1.0,0.0,1.0,0.0,0.9848484848484848,0.01,1.0,0.0,0.0303030303030302,0.0,0.0,0.0,0.0,0.0,0.0,0.0,0.0,-0.1515151515151515,3.882352941176471,17,6,11,bayes,0.0,1.0,1.0,1.0,0.0,1.0,1.0,1.0,0.8484848484848485,0.0,0.0,0.0,0.0,-0.1515151515151515,-0.1515151515151515,90,0.0,0.0,0.0
FUS,21,14,7,526,0.5306122448979592,0.5612244897959183,0.8367346938775511,0.6020408163265306,0.5612244897959183,0.98,0.8367346938775511,0.75,0.6122448979591837,0.87,0.6020408163265307,0.87,0.8367346938775511,0.0,0.0306122448979591,0.0,0.2755102040816327,0.0510204081632653,0.0,0.0510204081632653,-0.2244897959183673,0.87,0.0510204081632653,0.0408163265306122,4.666666666666667,21,14,7,bayes,1.0,0.6020408163265306,1.0,0.5612244897959183,0.0,0.8367346938775511,0.5612244897959183,0.8367346938775511,0.6020408163265306,0.04081632653061229,0.04081632653061229,0.04081632653061229,0.0,0.04081632653061229,-0.23469387755102045,90,0.13,-0.01020408163265301,-0.01020408163265301
FZD4,19,11,8,537,0.9204545454545454,0.9090909090909092,0.9090909090909092,0.875,0.943181818181818,0.3,0.9204545454545454,0.18,0.943181818181818,0.34,0.9204545454545454,0.0,0.9090909090909092,0.38,-0.0113636363636363,0.034090909090909,0.0113636363636363,0.034090909090909,1.1102230246251563e-16,0.0,0.0227272727272727,0.34,0.0,-0.034090909090909,4.631578947368421,19,11,8,bayes,0.5,0.9431818181818181,0.325,0.9431818181818181,0.5,0.9090909090909092,0.9090909090909091,0.9090909090909091,0.875,0.03409090909090906,0.0,0.03409090909090906,1.1102230246251565e-16,-0.03409090909090906,-0.03409090909090906,90,0.15999999999999998,6.245004513516506e-17,0.0
GAA,196,182,14,952,0.9077708006279436,0.9623233908948194,0.9748822605965464,0.8551805337519622,0.9623233908948196,0.91,0.9768445839874412,0.5700000000000001,0.9646781789638932,0.24,0.9179748822605964,0.38,0.9823390894819466,0.25,0.0545525902668759,1.1102230246251563e-16,0.0145211930926217,0.0023547880690738,0.0074568288854003,0.0023547880690737,-0.0121664050235479,0.24,0.0023547880690737,-0.1071428571428572,13.0,196,182,14,bayes,0.245,0.9646781789638933,0.911,0.9623233908948196,0.262,0.9823390894819466,0.9623233908948194,0.9748822605965463,0.8551805337519622,0.0023547880690738543,0.0023547880690737433,0.0023547880690738543,0.007456828885400335,-0.1071428571428572,-0.11970172684458402,90,0.0050000000000000044,5.421010862427522e-17,4.336808689942018e-17
GABBR2,82,8,74,941,0.7635135135135134,0.7939189189189189,0.8175675675675675,0.6097972972972974,0.8040540540540541,0.64,0.8344594594594594,0.36,0.7939189189189189,0.0,0.7719594594594594,0.08,0.8192567567567568,0.05,0.0304054054054054,0.0101351351351351,0.0405405405405405,0.0,0.0016891891891892,-0.0101351351351351,-0.0405405405405405,0.0,-0.0101351351351351,-0.1841216216216215,7.219512195121951,82,8,74,bayes,0.0,0.7939189189189189,0.753,0.804054054054054,0.049,0.8192567567567568,0.7939189189189189,0.8175675675675675,0.6097972972972974,0.0,-0.010135135135135087,0.0,0.0016891891891892552,-0.1841216216216215,-0.20777027027027017,90,0.0,0.0,1.214306433183765e-17
GABRA1,58,43,15,456,0.7968992248062015,0.8046511627906976,0.813953488372093,0.8155038759689923,0.8186046511627907,0.56,0.8217054263565892,0.49,0.8496124031007751,0.63,0.8232558139534883,0.77,0.8465116279069766,0.6900000000000001,0.0077519379844961,0.013953488372093,0.0170542635658915,0.0449612403100775,0.0325581395348836,0.0310077519379844,0.0279069767441859,0.63,0.0310077519379844,0.0108527131782947,11.120689655172416,58,43,15,bayes,0.632,0.8496124031007751,0.562,0.8186046511627907,0.6960000000000001,0.8465116279069766,0.8046511627906976,0.813953488372093,0.8155038759689923,0.04496124031007753,0.03100775193798444,0.04496124031007753,0.03255813953488362,0.010852713178294726,0.0015503875968992942,90,0.0020000000000000018,3.469446951953614e-17,4.163336342344337e-17
GABRA2,21,9,12,451,0.6851851851851851,0.8796296296296297,0.8148148148148149,0.75,0.8796296296296297,0.99,0.8796296296296297,0.0,0.8796296296296297,0.0,0.75,0.99,0.8148148148148149,0.0,0.1944444444444445,0.0,0.0,0.0,0.0,0.0,0.0,0.0,0.0,-0.1296296296296296,5.142857142857143,21,9,12,bayes,0.0,0.8796296296296297,1.0,0.8796296296296297,0.0,0.8148148148148149,0.8796296296296297,0.8148148148148149,0.75,0.0,0.0,0.0,0.0,-0.12962962962962965,-0.06481481481481488,90,0.0,0.0,0.0
GABRB2,74,35,39,512,0.9333333333333332,0.9157509157509158,0.9545787545787544,0.9062271062271064,0.947985347985348,0.46,0.958974358974359,0.64,0.9457875457875458,0.5,0.9377289377289376,0.1,0.9604395604395604,0.32,-0.0175824175824175,0.0322344322344321,0.0432234432234431,0.0300366300366299,0.0058608058608058,-0.0021978021978021,-0.0131868131868132,0.5,-0.0021978021978021,-0.0095238095238093,18.445945945945947,74,35,39,bayes,0.5,0.9457875457875458,0.482,0.947985347985348,0.359,0.9604395604395604,0.9157509157509158,0.9545787545787545,0.9062271062271064,0.03003663003662993,-0.00219780219780219,0.03003663003662993,0.00586080586080584,-0.009523809523809379,-0.04835164835164807,90,0.0,3.122502256758253e-17,-9.020562075079397e-17
GABRB3,53,37,16,473,0.8969594594594594,0.9121621621621622,0.9797297297297296,0.9239864864864864,0.9290540540540542,0.52,0.9797297297297296,0.99,0.9442567567567568,0.58,0.9290540540540542,0.93,0.9797297297297298,0.05,0.0152027027027027,0.0168918918918919,0.0675675675675675,0.0320945945945946,1.1102230246251563e-16,0.0152027027027026,-0.0354729729729729,0.58,0.0152027027027026,0.0118243243243243,11.169811320754716,53,37,16,bayes,0.6990000000000001,0.9442567567567568,0.519,0.9290540540540542,0.11,0.9797297297297298,0.9121621621621622,0.9797297297297297,0.9239864864864865,0.03209459459459463,0.01520270270270263,0.03209459459459463,1.1102230246251565e-16,0.011824324324324342,-0.0557432432432432,90,0.1190000000000001,2.7755575615628914e-17,3.122502256758253e-17
GABRG2,33,24,9,475,0.9490740740740742,0.9907407407407408,0.962962962962963,0.9305555555555556,0.9907407407407408,0.7000000000000001,0.9907407407407408,0.0,0.9907407407407408,0.0,0.9490740740740742,0.0,0.9722222222222224,0.66,0.0416666666666665,0.0,0.0,0.0,0.0092592592592593,0.0,0.0,0.0,0.0,-0.0601851851851851,6.545454545454546,33,24,9,bayes,0.0,0.9907407407407407,1.0,0.9907407407407407,0.732,0.9722222222222223,0.9907407407407407,0.962962962962963,0.9305555555555556,0.0,0.0,0.0,0.0092592592592593,-0.06018518518518512,-0.03240740740740744,90,0.0,0.0,0.0
GALC,77,70,7,685,0.8918367346938776,0.9571428571428572,0.942857142857143,0.5408163265306123,0.9653061224489796,0.8300000000000001,0.9653061224489796,0.37,0.9653061224489796,0.15,0.8918367346938776,0.0,0.9448979591836736,0.01,0.0653061224489796,0.0081632653061224,0.0081632653061224,0.0081632653061224,0.0020408163265306,0.0,0.0,0.15,0.0,-0.4163265306122449,6.363636363636363,77,70,7,bayes,0.156,0.9653061224489796,0.87,0.9653061224489796,0.019,0.9448979591836736,0.9571428571428572,0.942857142857143,0.5408163265306123,0.008163265306122436,0.0,0.008163265306122436,0.0020408163265306367,-0.4163265306122449,-0.40204081632653066,90,0.006000000000000005,3.642919299551295e-17,0.0
GALNS,75,65,10,522,0.7215384615384616,0.8046153846153846,0.893846153846154,0.7200000000000001,0.8276923076923077,0.48,0.9015384615384616,0.89,0.8415384615384616,0.39,0.7461538461538462,0.26,0.893846153846154,0.0,0.083076923076923,0.0230769230769231,0.096923076923077,0.0369230769230769,0.0,0.0138461538461538,-0.06,0.39,0.0138461538461538,-0.0846153846153845,8.666666666666666,75,65,10,bayes,0.388,0.8415384615384616,0.578,0.8276923076923077,0.0,0.893846153846154,0.8046153846153846,0.893846153846154,0.7200000000000001,0.03692307692307695,0.013846153846153841,0.03692307692307695,0.0,-0.08461538461538454,-0.17384615384615387,90,-0.0020000000000000018,4.85722573273506e-17,4.163336342344337e-17
GAMT,33,28,5,236,0.8285714285714286,0.95,0.8642857142857142,0.6571428571428571,0.9571428571428572,0.53,0.9714285714285714,0.15,0.9857142857142858,0.3,0.8642857142857143,0.32,0.8714285714285714,0.02,0.1214285714285713,0.0071428571428572,0.0214285714285714,0.0357142857142858,0.0071428571428572,0.0285714285714285,0.0142857142857143,0.3,0.0285714285714285,-0.2928571428571428,4.242424242424242,33,28,5,bayes,0.364,0.9857142857142858,0.649,0.9571428571428572,0.184,0.8714285714285714,0.95,0.8642857142857142,0.6571428571428571,0.03571428571428581,0.02857142857142858,0.03571428571428581,0.0071428571428572285,-0.2928571428571428,-0.20714285714285707,90,0.064,6.938893903907228e-18,7.979727989493313e-17
GARS1,28,17,11,739,0.7700534759358288,0.7914438502673796,0.946524064171123,0.925133689839572,0.7967914438502673,0.85,0.946524064171123,0.96,0.9358288770053476,0.8200000000000001,0.9358288770053476,0.72,0.962566844919786,0.42,0.0213903743315507,0.0053475935828877,0.1550802139037433,0.1443850267379679,0.016042780748663,0.1390374331550802,-0.0106951871657754,0.8200000000000001,0.1390374331550802,0.1336898395721925,6.678571428571429,28,17,11,bayes,0.853,0.9358288770053476,0.86,0.7967914438502673,0.456,0.9625668449197861,0.7914438502673796,0.946524064171123,0.9251336898395721,0.14438502673796794,0.13903743315508021,0.14438502673796794,0.016042780748663055,0.1336898395721925,-0.021390374331550888,90,0.03299999999999992,2.7755575615628914e-17,2.7755575615628914e-17
GATA1,26,10,16,413,0.675,0.775,0.8875000000000001,0.93125,0.775,0.95,0.9,0.76,0.93125,0.79,0.93125,0.81,0.93125,0.8200000000000001,0.0999999999999999,0.0,0.125,0.15625,0.0437499999999999,0.15625,0.03125,0.79,0.15625,0.15625,6.153846153846154,26,10,16,bayes,1.0,0.93125,1.0,0.775,1.0,0.93125,0.775,0.8875000000000001,0.93125,0.15625,0.15625,0.15625,0.043749999999999956,0.15625,0.043749999999999956,90,0.20999999999999996,0.0,0.0
GATA2,52,37,15,480,0.8648648648648649,0.8846846846846848,1.0,0.9801801801801804,0.8864864864864865,0.81,1.0,0.42,0.981981981981982,0.72,0.9801801801801804,0.76,1.0,0.0,0.0198198198198198,0.0018018018018017,0.1153153153153152,0.0972972972972973,0.0,0.0954954954954955,-0.0180180180180179,0.72,0.0954954954954955,0.0954954954954955,10.673076923076923,52,37,15,bayes,0.73,0.981981981981982,0.8160000000000001,0.8864864864864865,0.0,1.0,0.8846846846846848,1.0,0.9801801801801803,0.0972972972972973,0.09549549549549552,0.0972972972972973,0.0,0.09549549549549552,-0.01981981981981973,90,0.010000000000000009,0.0,1.3877787807814457e-17
GATA4,15,7,8,443,1.0,1.0,1.0,1.0,1.0,0.0,1.0,0.0,1.0,0.0,1.0,0.0,1.0,0.0,0.0,0.0,0.0,0.0,0.0,0.0,0.0,0.0,0.0,0.0,3.733333333333333,15,7,8,bayes,0.0,1.0,0.0,1.0,0.0,1.0,1.0,1.0,1.0,0.0,0.0,0.0,0.0,0.0,0.0,90,0.0,0.0,0.0
GBA2,12,5,7,927,1.0,1.0,1.0,0.6,1.0,0.0,1.0,0.0,1.0,0.0,1.0,0.0,1.0,0.0,0.0,0.0,0.0,0.0,0.0,0.0,0.0,0.0,0.0,-0.4,2.9166666666666665,12,5,7,bayes,0.0,1.0,0.0,1.0,0.0,1.0,1.0,1.0,0.6,0.0,0.0,0.0,0.0,-0.4,-0.4,90,0.0,0.0,0.0
GBE1,26,18,8,702,0.826388888888889,0.9166666666666669,0.8888888888888888,0.8333333333333334,0.9305555555555556,0.58,0.923611111111111,0.23,0.9305555555555556,0.34,0.8888888888888888,0.73,0.9097222222222222,0.63,0.0902777777777777,0.0138888888888888,0.0069444444444443,0.0138888888888888,0.0208333333333333,0.0,0.0069444444444445,0.34,0.0,-0.0833333333333333,5.538461538461538,26,18,8,bayes,0.5,0.9236111111111112,0.577,0.9305555555555556,0.624,0.9097222222222222,0.9166666666666667,0.8888888888888888,0.8333333333333334,0.00694444444444442,-0.00694444444444442,0.00694444444444442,0.02083333333333337,-0.08333333333333337,-0.05555555555555547,90,0.15999999999999998,-0.00694444444444438,-0.00694444444444442
GCK,272,262,10,465,0.8225190839694655,0.8534351145038168,0.8767175572519084,0.7824427480916031,0.8538167938931298,0.95,0.915267175572519,0.5,0.8549618320610688,0.13,0.834351145038168,0.22,0.8870229007633588,0.42,0.0309160305343513,0.0003816793893129,0.0618320610687022,0.0015267175572519,0.0103053435114504,0.0011450381679389,-0.0603053435114502,0.13,0.0011450381679389,-0.0709923664122137,9.632352941176473,272,262,10,bayes,0.135,0.8549618320610688,1.0,0.8534351145038168,0.42,0.8870229007633588,0.8534351145038168,0.8767175572519084,0.7824427480916031,0.0015267175572519776,0.0015267175572519776,0.0015267175572519776,0.010305343511450404,-0.07099236641221374,-0.09427480916030528,90,0.0050000000000000044,7.762887554996212e-17,0.00038167938931307765
GCM2,15,7,8,506,0.5357142857142857,0.6071428571428571,0.6964285714285714,0.4464285714285714,0.6071428571428571,0.6900000000000001,0.7321428571428571,0.45,0.625,0.25,0.5535714285714286,0.01,0.6964285714285714,0.0,0.0714285714285714,0.0,0.125,0.0178571428571429,0.0,0.0178571428571429,-0.1071428571428571,0.25,0.0178571428571429,-0.1607142857142856,3.733333333333333,15,7,8,bayes,0.268,0.625,1.0,0.6071428571428571,0.0,0.6964285714285714,0.6071428571428571,0.6964285714285714,0.44642857142857145,0.017857142857142905,0.017857142857142905,0.017857142857142905,0.0,-0.16071428571428564,-0.24999999999999994,90,0.018000000000000016,3.469446951953614e-18,3.469446951953614e-18
GFAP,55,47,8,432,0.8723404255319148,0.8590425531914894,0.9441489361702128,0.9042553191489362,0.8803191489361702,0.07,0.946808510638298,0.8300000000000001,0.9202127659574468,0.67,0.922872340425532,0.61,0.9601063829787234,0.68,-0.0132978723404254,0.0212765957446808,0.0877659574468086,0.0611702127659574,0.0159574468085106,0.0398936170212765,-0.0265957446808511,0.67,0.0398936170212765,0.0452127659574468,6.836363636363636,55,47,8,bayes,0.757,0.9202127659574468,0.07200000000000001,0.8803191489361702,0.679,0.9601063829787234,0.8590425531914894,0.9441489361702128,0.9042553191489362,0.061170212765957466,0.039893617021276584,0.061170212765957466,0.015957446808510634,0.04521276595744683,-0.039893617021276584,90,0.08699999999999997,6.245004513516506e-17,8.326672684688674e-17
GFM1,23,10,13,751,0.9538461538461538,0.9153846153846154,0.9153846153846154,0.7846153846153847,0.9538461538461538,0.0,0.9384615384615383,0.71,0.9307692307692308,0.12,0.9538461538461538,0.0,0.9153846153846154,0.0,-0.0384615384615384,0.0384615384615384,0.0230769230769231,0.0153846153846154,0.0,-0.0230769230769229,-0.0076923076923076,0.12,-0.0230769230769229,-0.1307692307692306,5.652173913043479,23,10,13,bayes,0.122,0.9307692307692308,0.0,0.9538461538461538,0.0,0.9153846153846154,0.9153846153846154,0.9153846153846154,0.7846153846153847,0.015384615384615441,-0.023076923076922995,0.015384615384615441,0.0,-0.13076923076923064,-0.13076923076923064,90,0.0020000000000000018,4.163336342344337e-17,-9.367506770274758e-17
GHR,17,5,12,638,1.0,1.0,1.0,0.8166666666666667,1.0,0.0,1.0,0.0,1.0,0.0,1.0,0.0,1.0,0.0,0.0,0.0,0.0,0.0,0.0,0.0,0.0,0.0,0.0,-0.1833333333333333,3.5294117647058822,17,5,12,bayes,0.0,1.0,0.0,1.0,0.0,1.0,1.0,1.0,0.8166666666666667,0.0,0.0,0.0,0.0,-0.18333333333333335,-0.18333333333333335,90,0.0,0.0,0.0
GHRHR,14,6,8,423,1.0,1.0,1.0,0.8958333333333333,1.0,0.0,1.0,0.0,1.0,0.0,1.0,0.0,1.0,0.0,0.0,0.0,0.0,0.0,0.0,0.0,0.0,0.0,0.0,-0.1041666666666667,3.4285714285714284,14,6,8,bayes,0.0,1.0,0.0,1.0,0.0,1.0,1.0,1.0,0.8958333333333333,0.0,0.0,0.0,0.0,-0.10416666666666674,-0.10416666666666674,90,0.0,0.0,0.0
GJA3,30,24,6,435,0.8263888888888888,0.9652777777777778,1.0,0.9930555555555556,0.9652777777777778,0.89,1.0,0.22,1.0,0.77,1.0,0.8200000000000001,1.0,0.0,0.1388888888888889,0.0,0.0347222222222222,0.0347222222222222,0.0,0.0347222222222222,0.0,0.77,0.0347222222222222,0.0277777777777777,4.8,30,24,6,bayes,0.877,1.0,1.0,0.9652777777777778,0.0,1.0,0.9652777777777778,1.0,0.9930555555555556,0.03472222222222221,0.03472222222222221,0.03472222222222221,0.0,0.02777777777777779,-0.00694444444444442,90,0.10699999999999998,6.938893903907228e-18,6.938893903907228e-18
GJA8,39,31,8,433,0.9596774193548387,0.9758064516129032,1.0,0.995967741935484,0.9758064516129032,0.94,1.0,0.33,0.995967741935484,0.5,0.995967741935484,0.53,1.0,0.0,0.0161290322580645,0.0,0.0241935483870967,0.0201612903225806,0.0,0.0201612903225806,-0.0040322580645161,0.5,0.0201612903225806,0.0201612903225806,6.358974358974359,39,31,8,bayes,1.0,0.9959677419354839,1.0,0.9758064516129032,0.0,1.0,0.9758064516129032,1.0,0.9959677419354839,0.020161290322580627,0.020161290322580627,0.020161290322580627,0.0,0.020161290322580627,-0.0040322580645161255,90,0.5,2.7755575615628914e-17,2.7755575615628914e-17
GLA,177,171,6,429,0.672514619883041,0.7787524366471735,0.797270955165692,0.6432748538011696,0.7787524366471735,0.99,0.797270955165692,0.99,0.7787524366471735,0.0,0.672514619883041,0.0,0.797270955165692,0.0,0.1062378167641325,0.0,0.0185185185185184,0.0,0.0,0.0,-0.0185185185185184,0.0,0.0,-0.1354775828460039,5.796610169491525,177,171,6,bayes,0.0,0.7787524366471735,1.0,0.7787524366471735,0.0,0.797270955165692,0.7787524366471735,0.797270955165692,0.6432748538011696,0.0,0.0,0.0,0.0,-0.13547758284600397,-0.15399610136452246,90,0.0,0.0,0.0
GLB1,97,89,8,677,0.898876404494382,0.9747191011235956,0.9859550561797752,0.7471910112359551,0.9747191011235956,0.86,0.9929775280898876,0.47,0.976123595505618,0.16,0.904494382022472,0.09,0.9873595505617978,0.11,0.0758426966292135,0.0,0.018258426966292,0.0014044943820225,0.0014044943820225,0.0014044943820225,-0.0168539325842695,0.16,0.0014044943820225,-0.2275280898876404,7.34020618556701,97,89,8,bayes,0.157,0.976123595505618,1.0,0.9747191011235955,0.14,0.9873595505617978,0.9747191011235955,0.9859550561797753,0.7471910112359551,0.001404494382022503,0.001404494382022503,0.001404494382022503,0.001404494382022503,-0.2275280898876404,-0.2387640449438202,90,-0.0030000000000000027,3.0357660829594124e-18,3.0357660829594124e-18
GLDC,90,78,12,1020,0.7927350427350428,0.8066239316239318,0.9316239316239316,0.8888888888888888,0.811965811965812,0.44,0.9476495726495728,0.61,0.8974358974358975,0.45,0.9091880341880342,0.47,0.9465811965811964,0.32,0.0138888888888889,0.0053418803418802,0.1410256410256409,0.0908119658119657,0.0149572649572649,0.0854700854700855,-0.0502136752136752,0.45,0.0854700854700855,0.082264957264957,10.4,90,78,12,bayes,0.456,0.8985042735042735,0.438,0.811965811965812,0.329,0.9465811965811965,0.8066239316239318,0.9316239316239316,0.8888888888888888,0.09188034188034178,0.08653846153846156,0.09188034188034178,0.014957264957264904,0.08226495726495708,-0.042735042735042805,90,0.006000000000000005,0.0010683760683760785,0.0010683760683760646
GLDN,20,9,11,551,0.9292929292929292,0.9292929292929292,0.9393939393939394,0.8585858585858586,0.9393939393939392,0.31,0.9393939393939394,0.01,0.9494949494949496,0.35,0.9494949494949496,0.42,0.9494949494949494,0.62,0.0,0.01010101010101,0.0101010101010101,0.0202020202020202,0.0101010101010099,0.0101010101010101,0.01010101010101,0.35,0.0101010101010101,-0.0707070707070707,4.95,20,9,11,bayes,0.5,0.9494949494949495,0.5,0.9393939393939393,0.671,0.9494949494949494,0.9292929292929293,0.9393939393939394,0.8585858585858586,0.02020202020202022,0.010101010101010166,0.02020202020202022,0.010101010101009944,-0.07070707070707072,-0.08080808080808088,90,0.15000000000000002,2.0816681711721685e-17,6.591949208711867e-17
GLRA1,28,22,6,449,0.9772727272727272,0.9772727272727272,0.9848484848484848,0.9772727272727272,0.9772727272727272,0.0,1.0,0.72,1.0,0.21,1.0,0.39,1.0,0.17,0.0,0.0,0.0227272727272727,0.0227272727272727,0.0151515151515151,0.0227272727272727,0.0,0.21,0.0227272727272727,0.0,4.714285714285714,28,22,6,bayes,0.5,1.0,0.0,0.9772727272727273,0.5,1.0,0.9772727272727273,0.9848484848484849,0.9772727272727273,0.022727272727272707,0.022727272727272707,0.022727272727272707,0.015151515151515138,0.0,-0.007575757575757569,90,0.29000000000000004,6.938893903907228e-18,6.938893903907228e-18
GLUD1,15,10,5,558,0.66,0.7,0.62,0.6399999999999999,0.74,0.09,0.72,0.04,0.74,0.19,0.7,0.23,0.7,0.32,0.0399999999999999,0.04,0.02,0.04,0.0799999999999999,0.0,0.02,0.19,0.0,-0.06,3.333333333333333,15,10,5,bayes,0.201,0.74,0.099,0.74,0.322,0.7,0.7,0.62,0.6399999999999999,0.040000000000000036,0.0,0.040000000000000036,0.07999999999999996,-0.06000000000000005,0.019999999999999907,90,0.01100000000000001,3.469446951953614e-17,0.0
GNAO1,66,52,14,354,0.9587912087912088,0.9684065934065934,0.9766483516483516,0.98489010989011,0.971153846153846,0.6900000000000001,0.9807692307692308,0.64,0.9862637362637364,0.93,0.9862637362637364,0.94,0.989010989010989,0.38,0.0096153846153846,0.0027472527472527,0.0123626373626374,0.0178571428571429,0.0123626373626373,0.0151098901098901,0.0054945054945054,0.93,0.0151098901098901,0.0164835164835165,11.030303030303031,66,52,14,bayes,0.9510000000000001,0.9862637362637363,0.8300000000000001,0.9711538461538461,0.599,0.989010989010989,0.9684065934065934,0.9766483516483517,0.9848901098901099,0.017857142857142905,0.015109890109890167,0.017857142857142905,0.012362637362637319,0.016483516483516536,0.008241758241758212,90,0.02100000000000002,3.469446951953614e-18,6.765421556309548e-17
GNB1,29,18,11,340,0.5454545454545454,0.8080808080808081,0.7777777777777778,0.7727272727272727,0.8080808080808081,0.99,0.8232323232323232,0.28,0.8232323232323232,0.38,0.7727272727272727,0.8300000000000001,0.7979797979797979,0.8200000000000001,0.2626262626262626,0.0,0.0151515151515151,0.0151515151515151,0.0202020202020201,0.0151515151515151,0.0,0.38,0.0151515151515151,-0.0353535353535353,6.827586206896552,29,18,11,bayes,0.5,0.8232323232323232,1.0,0.8080808080808081,0.8200000000000001,0.7979797979797979,0.8080808080808081,0.7777777777777778,0.7727272727272727,0.015151515151515138,0.015151515151515138,0.015151515151515138,0.02020202020202011,-0.03535353535353536,-0.005050505050505083,90,0.12,3.8163916471489756e-17,3.8163916471489756e-17
GP1BA,20,13,7,652,0.8791208791208791,0.8901098901098901,0.945054945054945,0.967032967032967,0.8901098901098901,0.42,0.945054945054945,0.51,0.967032967032967,0.96,0.967032967032967,0.96,0.9670329670329672,0.75,0.0109890109890109,0.0,0.0549450549450549,0.0769230769230769,0.0219780219780221,0.0769230769230769,0.021978021978022,0.96,0.0769230769230769,0.0769230769230769,4.55,20,13,7,bayes,1.0,0.967032967032967,1.0,0.8901098901098901,0.78,0.9670329670329672,0.8901098901098901,0.945054945054945,0.967032967032967,0.07692307692307698,0.07692307692307698,0.07692307692307698,0.021978021978022122,0.07692307692307698,0.02197802197802201,90,0.040000000000000036,8.326672684688674e-17,8.326672684688674e-17
GPAA1,11,5,6,621,0.9000000000000001,1.0,0.9000000000000001,0.7666666666666666,1.0,0.24,1.0,0.0,1.0,0.0,0.9000000000000001,0.0,0.9000000000000001,0.0,0.0999999999999998,0.0,0.0,0.0,0.0,0.0,0.0,0.0,0.0,-0.2333333333333334,2.727272727272727,11,5,6,bayes,0.0,1.0,1.0,1.0,0.0,0.9000000000000001,1.0,0.9000000000000001,0.7666666666666666,0.0,0.0,0.0,0.0,-0.2333333333333334,-0.13333333333333353,90,0.0,0.0,0.0
GPI,14,9,5,558,0.8444444444444444,0.9333333333333332,0.8222222222222223,1.0,0.9333333333333332,0.71,0.9333333333333332,0.0,1.0,0.67,1.0,0.77,1.0,0.79,0.0888888888888889,0.0,0.0,0.0666666666666666,0.1777777777777777,0.0666666666666666,0.0666666666666666,0.67,0.0666666666666666,0.0666666666666666,3.2142857142857144,14,9,5,bayes,1.0,1.0,1.0,0.9333333333333333,1.0,1.0,0.9333333333333333,0.8222222222222223,1.0,0.06666666666666665,0.06666666666666665,0.06666666666666665,0.1777777777777777,0.06666666666666665,0.1777777777777777,90,0.32999999999999996,5.551115123125783e-17,5.551115123125783e-17
GPR143,25,14,11,404,0.7792207792207791,0.7792207792207793,0.8701298701298701,0.7922077922077922,0.8636363636363636,0.35,0.8701298701298701,1.0,0.8636363636363636,0.67,0.8246753246753247,0.59,0.8766233766233766,0.05,1.1102230246251563e-16,0.0844155844155843,0.0909090909090908,0.0844155844155843,0.0064935064935065,0.0,-0.0064935064935064,0.67,0.0,0.0129870129870129,6.16,25,14,11,bayes,0.679,0.8636363636363636,0.355,0.8636363636363636,0.14100000000000001,0.8766233766233766,0.7792207792207793,0.8701298701298701,0.7922077922077922,0.08441558441558439,0.0,0.08441558441558439,0.006493506493506551,0.012987012987012991,-0.07792207792207784,90,0.009000000000000008,8.326672684688674e-17,0.0
GRIA2,28,22,6,883,1.0,0.9848484848484848,0.9545454545454546,1.0,1.0,0.0,0.9848484848484848,0.0,1.0,0.64,1.0,0.0,1.0,0.52,-0.0151515151515151,0.0151515151515151,0.0,0.0151515151515151,0.0454545454545454,0.0,0.0151515151515151,0.64,0.0,0.0151515151515151,4.714285714285714,28,22,6,bayes,1.0,1.0,0.0,1.0,1.0,1.0,0.9848484848484849,0.9545454545454546,1.0,0.015151515151515138,0.0,0.015151515151515138,0.045454545454545414,0.015151515151515138,0.045454545454545414,90,0.36,3.8163916471489756e-17,0.0
GRIA3,21,14,7,894,0.9591836734693878,0.9693877551020408,0.989795918367347,1.0,0.979591836734694,0.36,0.989795918367347,0.71,1.0,0.45,1.0,0.36,1.0,0.11,0.010204081632653,0.0102040816326529,0.0204081632653061,0.0306122448979591,0.0102040816326529,0.0204081632653061,0.0102040816326529,0.45,0.0204081632653061,0.0306122448979591,4.666666666666667,21,14,7,bayes,1.0,1.0,0.5,0.9795918367346939,1.0,1.0,0.9693877551020409,0.989795918367347,1.0,0.030612244897959107,0.020408163265306145,0.030612244897959107,0.010204081632652962,0.030612244897959107,0.010204081632652962,90,0.55,6.938893903907228e-18,4.5102810375396984e-17
GRIA4,13,5,8,902,0.75,0.7500000000000001,0.95,0.7,0.7500000000000001,0.52,0.95,0.85,0.775,0.15,0.75,0.0,0.95,0.0,1.1102230246251563e-16,0.0,0.1999999999999998,0.0249999999999999,0.0,0.0249999999999999,-0.1749999999999999,0.15,0.0249999999999999,-0.0500000000000001,3.076923076923077,13,5,8,bayes,0.5,0.775,1.0,0.7500000000000001,0.0,0.95,0.7500000000000001,0.95,0.7,0.02499999999999991,0.02499999999999991,0.02499999999999991,0.0,-0.050000000000000155,-0.25,90,0.35,1.0408340855860843e-17,1.0408340855860843e-17
GRIN1,97,61,36,938,0.7459016393442623,0.8101092896174863,0.7714025500910746,0.8069216757741348,0.8110200364298725,0.95,0.8301457194899818,0.37,0.8592896174863389,0.5700000000000001,0.8078324225865209,0.93,0.8438069216757742,0.6,0.0642076502732239,0.0009107468123862,0.0200364298724955,0.0491803278688526,0.0724043715846995,0.0482695810564663,0.029143897996357,0.5700000000000001,0.0482695810564663,-0.0031876138433515,22.63917525773196,97,61,36,bayes,0.5740000000000001,0.8592896174863389,0.9470000000000001,0.8110200364298725,0.601,0.8438069216757742,0.8101092896174863,0.7714025500910746,0.8069216757741348,0.049180327868852625,0.04826958105646639,0.049180327868852625,0.07240437158469959,-0.0031876138433515333,0.03551912568306015,90,0.0040000000000000036,2.7755575615628914e-17,9.020562075079397e-17
GRM6,28,7,21,877,1.0,0.9659863945578232,0.9455782312925172,0.9523809523809524,1.0,0.0,0.9727891156462584,0.23,0.9931972789115646,0.49,1.0,0.0,0.9863945578231292,0.5,-0.0340136054421769,0.0340136054421769,0.0068027210884353,0.0272108843537415,0.0408163265306121,-0.0068027210884353,0.0204081632653061,0.49,-0.0068027210884353,-0.0136054421768706,5.25,28,7,21,bayes,0.5,0.9931972789115646,0.0,1.0,0.5,0.9863945578231292,0.9659863945578231,0.9455782312925171,0.9523809523809524,0.027210884353741527,-0.006802721088435382,0.027210884353741527,0.04081632653061218,-0.013605442176870652,0.006802721088435382,90,0.010000000000000009,2.7755575615628914e-17,-8.153200337090993e-17
GTPBP3,18,8,10,492,0.9375,0.9125,0.925,0.9875,0.9375,0.0,0.9375,0.67,1.0,0.6,1.0,0.47,1.0,0.63,-0.025,0.025,0.025,0.0875,0.0749999999999999,0.0625,0.0625,0.6,0.0625,0.075,4.444444444444445,18,8,10,bayes,0.612,1.0,0.0,0.9375,0.874,1.0,0.9125,0.925,0.9875,0.08750000000000002,0.0625,0.08750000000000002,0.07499999999999996,0.07500000000000007,0.0625,90,0.01200000000000001,2.7755575615628914e-17,0.0
HADHA,22,11,11,763,1.0,1.0,0.9834710743801652,0.9421487603305784,1.0,0.0,1.0,0.0,1.0,0.0,1.0,0.0,1.0,0.39,0.0,0.0,0.0,0.0,0.0165289256198347,0.0,0.0,0.0,0.0,-0.0578512396694215,5.5,22,11,11,bayes,0.0,1.0,0.0,1.0,0.5,1.0,1.0,0.9834710743801652,0.9421487603305785,0.0,0.0,0.0,0.016528925619834767,-0.05785123966942152,-0.04132231404958675,90,0.0,0.0,0.0
HBA1,20,11,9,142,0.7777777777777778,0.7070707070707071,0.6868686868686869,0.3434343434343434,0.7777777777777778,0.0,0.7272727272727273,0.07,0.7171717171717171,0.07,0.7878787878787878,0.02,0.6868686868686869,0.0,-0.0707070707070707,0.0707070707070707,0.0202020202020202,0.01010101010101,0.0,-0.0606060606060606,-0.0101010101010101,0.07,-0.0606060606060606,-0.3636363636363636,4.95,20,11,9,bayes,0.089,0.7171717171717171,0.0,0.7777777777777778,0.0,0.6868686868686869,0.7070707070707071,0.6868686868686869,0.3434343434343434,0.010101010101010055,-0.06060606060606066,0.010101010101010055,0.0,-0.36363636363636365,-0.3434343434343434,90,0.01899999999999999,5.551115123125783e-17,-6.245004513516506e-17
HBA2,34,19,15,142,0.8385964912280702,0.7894736842105263,0.7894736842105263,0.6736842105263158,0.8385964912280702,0.0,0.8035087719298245,0.3,0.8070175438596491,0.47,0.8456140350877193,0.23,0.7929824561403508,0.04,-0.0491228070175439,0.0491228070175439,0.0140350877192981,0.0175438596491227,0.0035087719298244,-0.0315789473684211,0.0035087719298245,0.47,-0.0315789473684211,-0.1157894736842105,8.382352941176471,34,19,15,bayes,0.47300000000000003,0.8070175438596491,0.0,0.8385964912280702,0.076,0.7929824561403508,0.7894736842105263,0.7894736842105263,0.6736842105263158,0.01754385964912275,-0.03157894736842115,0.01754385964912275,0.0035087719298244613,-0.11578947368421055,-0.11578947368421055,90,0.003000000000000058,5.204170427930421e-17,-4.85722573273506e-17
HBB,35,27,8,147,0.8379629629629629,0.8009259259259259,0.6712962962962963,0.7083333333333333,0.8518518518518519,0.44,0.8101851851851851,0.03,0.8472222222222222,0.4,0.8611111111111112,0.26,0.7870370370370371,0.5700000000000001,-0.0370370370370369,0.0509259259259259,0.0092592592592591,0.0462962962962962,0.1157407407407408,-0.0046296296296296,0.037037037037037,0.4,-0.0046296296296296,-0.0925925925925926,6.171428571428572,35,27,8,bayes,0.395,0.8472222222222222,0.5,0.8472222222222222,0.5670000000000001,0.7870370370370371,0.8009259259259259,0.6712962962962963,0.7083333333333333,0.04629629629629628,0.0,0.04629629629629628,0.11574074074074081,-0.09259259259259267,0.03703703703703698,90,-0.0050000000000000044,8.326672684688674e-17,0.0046296296296296
HCN1,71,24,47,890,0.6764184397163121,0.8812056737588653,0.9379432624113476,0.6835106382978724,0.8812056737588654,0.93,0.945035460992908,0.5700000000000001,0.8865248226950354,0.15,0.6879432624113475,0.19,0.9450354609929078,0.33,0.2047872340425531,1.1102230246251563e-16,0.0638297872340426,0.0053191489361701,0.0070921985815602,0.00531914893617,-0.0585106382978725,0.15,0.00531914893617,-0.1976950354609928,15.887323943661972,71,24,47,bayes,0.154,0.8865248226950354,0.937,0.8812056737588654,0.331,0.9450354609929078,0.8812056737588653,0.9379432624113475,0.6835106382978724,0.005319148936170137,0.005319148936170026,0.005319148936170137,0.007092198581560294,-0.19769503546099287,-0.2544326241134751,90,0.0040000000000000036,3.729655473350135e-17,2.6020852139652106e-17
HCN2,21,7,14,889,0.8775510204081632,0.979591836734694,1.0,0.8775510204081632,0.979591836734694,0.96,1.0,0.07,0.979591836734694,0.0,0.8775510204081632,0.0,1.0,0.0,0.1020408163265307,0.0,0.020408163265306,0.0,0.0,0.0,-0.020408163265306,0.0,0.0,-0.1020408163265307,4.666666666666667,21,7,14,bayes,0.0,0.979591836734694,1.0,0.979591836734694,0.0,1.0,0.979591836734694,1.0,0.8775510204081632,0.0,0.0,0.0,0.0,-0.10204081632653073,-0.12244897959183676,90,0.0,0.0,0.0
HDAC8,39,26,13,377,0.9349112426035502,0.940828402366864,0.970414201183432,0.9615384615384616,0.9763313609467454,0.49,0.9822485207100592,0.47,0.9792899408284024,0.23,0.9733727810650888,0.79,0.9792899408284024,0.58,0.0059171597633137,0.0355029585798815,0.0414201183431952,0.0384615384615384,0.0088757396449704,0.0029585798816569,-0.0029585798816568,0.23,0.0029585798816569,0.0207100591715976,8.666666666666666,39,26,13,bayes,0.5,0.9792899408284024,0.5,0.9763313609467454,0.585,0.9792899408284024,0.9408284023668639,0.9704142011834319,0.9615384615384616,0.038461538461538436,0.002958579881656931,0.038461538461538436,0.00887573964497046,0.020710059171597628,-0.008875739644970349,90,0.27,3.469446951953614e-17,3.0791341698588326e-17
HEXB,27,16,11,556,1.0,1.0,1.0,0.8295454545454546,1.0,0.0,1.0,0.0,1.0,0.0,1.0,0.0,1.0,0.0,0.0,0.0,0.0,0.0,0.0,0.0,0.0,0.0,0.0,-0.1704545454545454,6.518518518518518,27,16,11,bayes,0.0,1.0,0.0,1.0,0.0,1.0,1.0,1.0,0.8295454545454546,0.0,0.0,0.0,0.0,-0.17045454545454541,-0.17045454545454541,90,0.0,0.0,0.0
HGD,42,35,7,445,0.7183673469387755,0.9877551020408164,0.9714285714285716,0.9836734693877552,0.9918367346938776,0.43,0.9877551020408164,0.0,0.9877551020408164,0.0,0.9836734693877552,0.9,0.9836734693877552,0.81,0.2693877551020409,0.0040816326530611,0.0,0.0,0.0122448979591835,-0.0040816326530611,0.0,0.0,-0.0040816326530611,-0.0040816326530612,5.833333333333333,42,35,7,bayes,0.0,0.9877551020408164,0.5,0.9918367346938776,1.0,0.9836734693877551,0.9877551020408164,0.9714285714285715,0.9836734693877551,0.0,-0.004081632653061162,0.0,0.012244897959183598,-0.004081632653061273,0.012244897959183598,90,0.0,0.0,-6.245004513516506e-17
HGSNAT,18,11,7,635,0.9610389610389612,0.9350649350649352,0.9870129870129872,0.8961038961038961,0.9610389610389612,0.0,0.9870129870129872,0.59,1.0,0.39,1.0,0.54,1.0,0.18,-0.0259740259740259,0.0259740259740259,0.0519480519480519,0.0649350649350648,0.0129870129870128,0.0389610389610388,0.0129870129870128,0.39,0.0389610389610388,-0.038961038961039,4.277777777777778,18,11,7,bayes,0.5,1.0,0.0,0.9610389610389611,0.5,1.0,0.9350649350649352,0.9870129870129871,0.8961038961038961,0.06493506493506485,0.03896103896103886,0.06493506493506485,0.01298701298701288,-0.038961038961039085,-0.09090909090909105,90,0.10999999999999999,4.163336342344337e-17,6.245004513516506e-17
HLCS,20,11,9,873,0.9898989898989898,1.0,1.0,0.7171717171717172,1.0,0.06,1.0,0.0,1.0,0.0,0.9898989898989898,0.0,1.0,0.0,0.0101010101010101,0.0,0.0,0.0,0.0,0.0,0.0,0.0,0.0,-0.2828282828282827,4.95,20,11,9,bayes,0.0,1.0,1.0,1.0,0.0,1.0,1.0,1.0,0.7171717171717172,0.0,0.0,0.0,0.0,-0.28282828282828276,-0.28282828282828276,90,0.0,0.0,0.0
HNF1A,128,106,22,631,0.7311320754716981,0.8447684391080619,0.9463979416809604,0.7277015437392795,0.8447684391080619,0.97,0.9493996569468268,0.66,0.8447684391080619,0.0,0.7654373927958834,0.64,0.9463979416809604,0.0,0.1136363636363637,0.0,0.1046312178387649,0.0,0.0,0.0,-0.1046312178387649,0.0,0.0,-0.1170668953687823,18.21875,128,106,22,bayes,0.0,0.8447684391080619,1.0,0.8447684391080619,0.0,0.9463979416809605,0.8447684391080619,0.9463979416809605,0.7277015437392795,0.0,0.0,0.0,0.0,-0.11706689536878234,-0.21869639794168094,90,0.0,0.0,0.0
HNF4A,56,51,5,452,0.8745098039215687,0.9098039215686272,0.9568627450980391,0.9568627450980391,0.9137254901960784,0.74,0.9803921568627452,0.4,0.9568627450980391,0.64,0.9568627450980391,0.81,0.984313725490196,0.52,0.0352941176470585,0.0039215686274509,0.0705882352941178,0.0470588235294119,0.0274509803921568,0.0431372549019609,-0.0235294117647059,0.64,0.0431372549019609,0.0470588235294119,4.553571428571429,56,51,5,bayes,1.0,0.9568627450980393,0.763,0.9137254901960783,0.525,0.984313725490196,0.9098039215686273,0.9568627450980391,0.9568627450980393,0.04705882352941193,0.043137254901960964,0.04705882352941193,0.027450980392156876,0.04705882352941193,1.1102230246251565e-16,90,0.36,2.7755575615628914e-17,6.245004513516506e-17
HNRNPK,19,14,5,464,0.9571428571428572,0.9714285714285714,0.9285714285714286,0.8142857142857143,0.9714285714285714,0.18,0.9714285714285714,0.0,0.9714285714285714,0.0,0.9571428571428572,0.0,0.9285714285714286,0.0,0.0142857142857142,0.0,0.0,0.0,0.0,0.0,0.0,0.0,0.0,-0.1571428571428571,3.684210526315789,19,14,5,bayes,0.0,0.9714285714285714,1.0,0.9714285714285714,0.0,0.9285714285714286,0.9714285714285714,0.9285714285714286,0.8142857142857143,0.0,0.0,0.0,0.0,-0.15714285714285714,-0.11428571428571432,90,0.0,0.0,0.0
HNRNPU,81,9,72,825,0.7484567901234568,0.736111111111111,0.8981481481481481,0.2762345679012346,0.7592592592592593,0.46,0.8996913580246914,0.94,0.7376543209876544,0.07,0.7484567901234568,0.0,0.8981481481481481,0.0,-0.0123456790123457,0.0231481481481482,0.1635802469135803,0.0015432098765433,0.0,-0.0216049382716049,-0.1620370370370369,0.07,-0.0216049382716049,-0.4598765432098765,8.0,81,9,72,bayes,0.075,0.7376543209876544,0.459,0.7592592592592593,0.0,0.8981481481481481,0.736111111111111,0.8981481481481481,0.2762345679012346,0.0015432098765433278,-0.021604938271604923,0.0015432098765433278,0.0,-0.4598765432098765,-0.6219135802469136,90,0.0049999999999999906,2.7755575615628914e-17,-2.42861286636753e-17
HPS1,13,5,8,700,0.425,1.0,1.0,0.55,1.0,0.32,1.0,0.0,1.0,0.0,0.6,0.54,1.0,0.0,0.575,0.0,0.0,0.0,0.0,0.0,0.0,0.0,0.0,-0.4499999999999999,3.076923076923077,13,5,8,bayes,0.0,1.0,1.0,1.0,0.0,1.0,1.0,1.0,0.55,0.0,0.0,0.0,0.0,-0.44999999999999996,-0.44999999999999996,90,0.0,0.0,0.0
HRAS,31,23,8,189,0.9076086956521738,1.0,0.9782608695652174,0.9565217391304348,1.0,0.97,1.0,0.0,1.0,0.0,0.9565217391304348,0.85,0.9836956521739132,0.13,0.0923913043478261,0.0,0.0,0.0,0.0054347826086956,0.0,0.0,0.0,0.0,-0.0434782608695651,5.935483870967742,31,23,8,bayes,0.0,1.0,1.0,1.0,0.177,0.9836956521739131,1.0,0.9782608695652174,0.9565217391304348,0.0,0.0,0.0,0.005434782608695676,-0.04347826086956519,-0.021739130434782594,90,0.0,0.0,0.0
HSD17B10,15,10,5,261,0.98,1.0,0.9,0.98,1.0,0.23,1.0,0.0,1.0,0.0,1.0,0.08,1.0,0.76,0.0199999999999999,0.0,0.0,0.0,0.0999999999999999,0.0,0.0,0.0,0.0,-0.0199999999999999,3.333333333333333,15,10,5,bayes,0.0,1.0,1.0,1.0,0.87,1.0,1.0,0.9,0.9800000000000001,0.0,0.0,0.0,0.09999999999999998,-0.019999999999999907,0.08000000000000007,90,0.0,0.0,0.0
HSD17B4,35,25,10,736,0.784,0.976,0.96,0.876,0.976,0.94,0.98,0.05,0.98,0.03,0.9,0.52,0.96,0.0,0.192,0.0,0.0039999999999998,0.0039999999999998,0.0,0.0039999999999998,0.0,0.03,0.0039999999999998,-0.1,7.142857142857143,35,25,10,bayes,0.043000000000000003,0.98,1.0,0.9760000000000001,0.0,0.96,0.9760000000000001,0.96,0.876,0.0039999999999998925,0.0039999999999998925,0.0039999999999998925,0.0,-0.10000000000000009,-0.08399999999999996,90,0.013000000000000005,9.280770596475918e-17,9.280770596475918e-17
IDS,299,260,39,550,0.8497041420118344,0.9191814595660748,0.9258875739644972,0.6927021696252466,0.9197238658777122,0.93,0.9357495069033532,0.66,0.9195266272189352,0.02,0.8497041420118344,0.0,0.9272189349112424,0.05,0.0694773175542404,0.0005424063116372,0.0165680473372782,0.0003451676528601,0.0013313609467454,-0.000197238658777,-0.016222879684418,0.02,-0.000197238658777,-0.2264792899408283,33.91304347826087,299,260,39,bayes,0.019,0.9196252465483234,0.928,0.9197238658777122,0.048,0.927120315581854,0.9191814595660749,0.9258875739644971,0.6927021696252466,0.00044378698224856183,-9.861932938870499e-05,0.00044378698224856183,0.0012327416173569805,-0.22647928994082833,-0.2331854043392505,90,-0.0010000000000000009,9.861932938846186e-05,9.8619329388295e-05
IDUA,60,48,12,653,0.7534722222222222,0.9097222222222222,0.9756944444444444,0.673611111111111,0.9097222222222222,0.96,0.9826388888888888,0.8300000000000001,0.9114583333333334,0.01,0.7586805555555555,0.2,0.9791666666666669,0.45,0.15625,0.0,0.0729166666666666,0.0017361111111111,0.0034722222222223,0.0017361111111111,-0.0711805555555554,0.01,0.0017361111111111,-0.2361111111111111,9.6,60,48,12,bayes,0.018000000000000002,0.9114583333333334,1.0,0.9097222222222222,0.443,0.9809027777777778,0.9097222222222222,0.9756944444444444,0.673611111111111,0.0017361111111111605,0.0017361111111111605,0.0017361111111111605,0.00520833333333337,-0.23611111111111116,-0.30208333333333337,90,0.008000000000000002,6.049848122469115e-17,6.049848122469115e-17
IGHMBP2,32,15,17,993,0.9176470588235294,0.9215686274509804,0.9372549019607844,0.8980392156862745,0.9333333333333332,0.16,0.9411764705882352,0.29,0.9450980392156862,0.35,0.9411764705882352,0.38,0.9686274509803922,0.34,0.0039215686274509,0.011764705882353,0.0196078431372549,0.0235294117647059,0.0313725490196078,0.0117647058823529,0.0039215686274509,0.35,0.0117647058823529,-0.0235294117647058,7.96875,32,15,17,bayes,0.40800000000000003,0.9490196078431372,0.176,0.9333333333333333,0.5,0.9686274509803922,0.9215686274509803,0.9372549019607843,0.8980392156862745,0.027450980392156876,0.015686274509803866,0.027450980392156876,0.03137254901960784,-0.0235294117647058,-0.039215686274509776,90,0.05800000000000005,0.003921568627450977,0.0039215686274509665
IL11RA,10,5,5,422,1.0,1.0,0.8400000000000001,1.0,1.0,0.0,1.0,0.0,1.0,0.0,1.0,0.0,1.0,0.85,0.0,0.0,0.0,0.0,0.1599999999999999,0.0,0.0,0.0,0.0,0.0,2.5,10,5,5,bayes,0.0,1.0,0.0,1.0,1.0,1.0,1.0,0.8400000000000001,1.0,0.0,0.0,0.0,0.15999999999999992,0.0,0.15999999999999992,90,0.0,0.0,0.0
IL12RB1,21,5,16,662,0.875,0.8500000000000001,0.9375,0.475,0.9,0.28,0.9375,0.79,0.8625,0.03,0.875,0.0,0.9375,0.0,-0.0249999999999999,0.0499999999999999,0.0874999999999999,0.0124999999999999,0.0,-0.0374999999999999,-0.0749999999999999,0.03,-0.0374999999999999,-0.375,3.809523809523809,21,5,16,bayes,0.17,0.8625,0.716,0.9,0.0,0.9375,0.8500000000000001,0.9375,0.47500000000000003,0.012499999999999956,-0.03749999999999998,0.012499999999999956,0.0,-0.37500000000000006,-0.46249999999999997,90,0.14,5.551115123125783e-17,-7.632783294297951e-17
IL2RG,65,37,28,369,0.9700772200772202,0.9613899613899614,0.974903474903475,0.5974903474903476,0.9777992277992278,0.3,0.9787644787644788,0.74,0.9623552123552124,0.05,0.971042471042471,0.22,0.975868725868726,0.03,-0.0086872586872588,0.0164092664092664,0.0173745173745173,0.000965250965251,0.000965250965251,-0.0154440154440154,-0.0164092664092663,0.05,-0.0154440154440154,-0.3638996138996138,15.93846153846154,65,37,28,bayes,0.073,0.9623552123552124,0.211,0.9768339768339769,0.035,0.975868725868726,0.9613899613899614,0.974903474903475,0.5974903474903476,0.0009652509652510188,-0.014478764478764505,0.0009652509652510188,0.0009652509652510188,-0.3638996138996138,-0.3774131274131274,90,0.022999999999999993,1.8865117801247777e-17,0.0009652509652508939
IL7R,26,9,17,459,0.8562091503267973,0.8366013071895424,0.7973856209150326,0.8366013071895425,0.8627450980392156,0.15,0.849673202614379,0.34,0.8954248366013071,0.53,0.8758169934640523,0.23,0.869281045751634,0.74,-0.0196078431372549,0.0261437908496732,0.0130718954248365,0.0588235294117647,0.0718954248366013,0.0326797385620915,0.0457516339869281,0.53,0.0326797385620915,1.1102230246251563e-16,5.884615384615385,26,9,17,bayes,0.536,0.8954248366013071,0.4,0.8627450980392156,0.871,0.869281045751634,0.8366013071895424,0.7973856209150326,0.8366013071895425,0.05882352941176472,0.0326797385620915,0.05882352941176472,0.07189542483660138,1.1102230246251565e-16,0.03921568627450989,90,0.006000000000000005,2.0816681711721685e-17,0.0
IRF2BPL,18,5,13,796,0.123076923076923,0.1076923076923076,0.8769230769230769,0.3538461538461538,0.123076923076923,0.0,0.8769230769230769,0.74,0.3538461538461538,0.98,0.3538461538461538,0.98,0.8769230769230769,0.0,-0.0153846153846154,0.0153846153846154,0.7692307692307693,0.2461538461538462,0.0,0.2307692307692307,-0.523076923076923,0.98,0.2307692307692307,0.2461538461538462,3.611111111111111,18,5,13,bayes,1.0,0.35384615384615387,0.0,0.12307692307692308,0.0,0.8769230769230769,0.10769230769230767,0.8769230769230769,0.35384615384615387,0.2461538461538462,0.23076923076923078,0.2461538461538462,0.0,0.2461538461538462,-0.523076923076923,90,0.020000000000000018,0.0,8.326672684688674e-17
ITGB2,13,7,6,769,0.9047619047619048,1.0,1.0,0.7619047619047619,1.0,0.8200000000000001,1.0,0.0,1.0,0.0,0.9523809523809524,0.3,1.0,0.0,0.0952380952380951,0.0,0.0,0.0,0.0,0.0,0.0,0.0,0.0,-0.2380952380952381,3.230769230769231,13,7,6,bayes,0.0,1.0,1.0,1.0,0.0,1.0,1.0,1.0,0.7619047619047619,0.0,0.0,0.0,0.0,-0.23809523809523814,-0.23809523809523814,90,0.0,0.0,0.0
ITGB3,73,62,11,788,0.9090909090909092,0.93841642228739,0.9090909090909092,0.7771260997067448,0.9442815249266864,0.68,0.939882697947214,0.02,0.939882697947214,0.09,0.9296187683284458,0.36,0.9266862170087976,0.26,0.0293255131964809,0.0058651026392961,0.001466275659824,0.001466275659824,0.0175953079178885,-0.0043988269794721,0.0,0.09,-0.0043988269794721,-0.1612903225806452,9.342465753424657,73,62,11,bayes,0.109,0.9398826979472141,0.8320000000000001,0.9442815249266863,0.268,0.9266862170087976,0.9384164222873901,0.9090909090909091,0.7771260997067448,0.0014662756598240456,-0.004398826979472137,0.0014662756598240456,0.017595307917888547,-0.16129032258064524,-0.13196480938416422,90,0.019000000000000003,4.5536491244391186e-17,-3.642919299551295e-17
KARS1,16,9,7,597,0.9682539682539684,0.9047619047619048,0.9365079365079364,0.9523809523809524,0.9682539682539684,0.0,0.9523809523809524,0.07,0.9682539682539684,0.12,0.9682539682539684,0.0,0.9523809523809524,0.95,-0.0634920634920636,0.0634920634920636,0.0476190476190476,0.0634920634920636,0.0158730158730159,0.0,0.0158730158730159,0.12,0.0,0.0476190476190476,3.9375,16,9,7,bayes,0.5,0.9682539682539684,0.0,0.9682539682539684,1.0,0.9523809523809524,0.9047619047619048,0.9365079365079365,0.9523809523809524,0.0634920634920636,0.0,0.0634920634920636,0.015873015873015928,0.04761904761904767,0.015873015873015928,90,0.38,0.0,0.0
KCNA2,44,31,13,499,0.9478908188585607,0.9429280397022332,0.9900744416873448,0.9702233250620348,0.9503722084367248,0.25,0.9975186104218364,0.54,0.9702233250620348,0.27,0.9702233250620348,0.59,0.9950372208436724,0.18,-0.0049627791563275,0.0074441687344913,0.054590570719603,0.0272952853598015,0.0049627791563275,0.0198511166253101,-0.0272952853598015,0.27,0.0198511166253101,0.0272952853598014,9.159090909090908,44,31,13,bayes,1.0,0.9702233250620347,0.5,0.9503722084367247,0.182,0.9950372208436725,0.9429280397022333,0.9900744416873449,0.9702233250620347,0.027295285359801413,0.019851116625310028,0.027295285359801413,0.00496277915632759,0.027295285359801413,-0.01985111662531025,90,0.73,-8.673617379884035e-17,-7.28583859910259e-17
KCNB1,158,66,92,858,0.946475625823452,0.9596508563899868,0.987977602108037,0.9672266139657444,0.9596508563899868,1.0,0.9881422924901186,0.99,0.9795783926218709,0.5700000000000001,0.9682147562582346,0.9,0.991106719367589,0.38,0.0131752305665348,0.0,0.0284914361001318,0.019927536231884,0.003129117259552,0.019927536231884,-0.0085638998682477,0.5700000000000001,0.019927536231884,0.0075757575757575,38.43037974683544,158,66,92,bayes,0.578,0.9795783926218709,1.0,0.9596508563899868,0.393,0.991106719367589,0.9596508563899868,0.987977602108037,0.9672266139657444,0.019927536231884035,0.019927536231884035,0.019927536231884035,0.0031291172595520056,0.007575757575757569,-0.020750988142292592,90,0.007999999999999896,3.469446951953614e-17,3.469446951953614e-17
KCNC3,13,5,8,757,0.725,0.725,0.8500000000000001,0.875,0.725,0.0,0.875,0.31,0.875,0.8200000000000001,0.875,0.8200000000000001,0.875,0.32,0.0,0.0,0.15,0.15,0.0249999999999999,0.15,0.0,0.8200000000000001,0.15,0.15,3.076923076923077,13,5,8,bayes,1.0,0.875,0.0,0.725,1.0,0.875,0.725,0.8500000000000001,0.875,0.15000000000000002,0.15000000000000002,0.15000000000000002,0.02499999999999991,0.15000000000000002,0.02499999999999991,90,0.17999999999999994,2.7755575615628914e-17,2.7755575615628914e-17
KCND2,16,5,11,630,1.0,0.7454545454545456,1.0,1.0,1.0,0.0,1.0,0.32,1.0,0.52,1.0,0.0,1.0,0.0,-0.2545454545454544,0.2545454545454544,0.2545454545454544,0.2545454545454544,0.0,0.0,0.0,0.52,0.0,0.2545454545454544,3.4375,16,5,11,bayes,1.0,1.0,0.0,1.0,0.0,1.0,0.7454545454545456,1.0,1.0,0.2545454545454544,0.0,0.2545454545454544,0.0,0.2545454545454544,0.0,90,0.48,0.0,0.0
KCNH1,73,16,57,989,0.6173245614035088,0.7675438596491229,0.8135964912280702,0.8651315789473685,0.7675438596491229,1.0,0.8366228070175439,0.75,0.8739035087719298,0.84,0.868421052631579,0.86,0.8903508771929824,0.84,0.150219298245614,0.0,0.069078947368421,0.1063596491228069,0.0767543859649122,0.1063596491228069,0.0372807017543859,0.84,0.1063596491228069,0.0975877192982456,12.493150684931509,73,16,57,bayes,0.847,0.8739035087719298,1.0,0.7675438596491229,0.84,0.8903508771929824,0.7675438596491229,0.8135964912280702,0.8651315789473685,0.10635964912280693,0.10635964912280693,0.10635964912280693,0.07675438596491224,0.09758771929824561,0.05153508771929827,90,0.007000000000000006,2.7755575615628914e-17,2.7755575615628914e-17
KCNJ11,36,27,9,390,0.7613168724279835,0.7613168724279835,0.7530864197530864,0.6090534979423868,0.7818930041152262,0.49,0.7860082304526749,0.39,0.7654320987654321,0.05,0.7654320987654322,0.05,0.7530864197530864,0.0,0.0,0.0205761316872427,0.0246913580246913,0.0041152263374485,0.0,-0.0164609053497941,-0.0205761316872428,0.05,-0.0164609053497941,-0.1522633744855966,6.75,36,27,9,bayes,0.05,0.7654320987654321,0.5,0.7818930041152262,0.0,0.7530864197530864,0.7613168724279835,0.7530864197530864,0.6090534979423868,0.004115226337448541,-0.016460905349794164,0.004115226337448541,0.0,-0.15226337448559668,-0.1440329218106996,90,0.0,4.0766001685454967e-17,-6.245004513516506e-17
KCNQ1,152,145,7,676,0.8246305418719213,0.9261083743842364,0.9950738916256155,0.8857142857142857,0.9261083743842364,0.99,0.9960591133004926,0.5700000000000001,0.930049261083744,0.35,0.8916256157635468,0.8300000000000001,0.9960591133004926,0.26,0.1014778325123151,0.0,0.0699507389162561,0.0039408866995074,0.0009852216748769,0.0039408866995074,-0.0660098522167487,0.35,0.0039408866995074,-0.0403940886699507,6.677631578947368,152,145,7,bayes,0.375,0.9300492610837439,1.0,0.9261083743842364,0.41200000000000003,0.9960591133004926,0.9261083743842364,0.9950738916256157,0.8857142857142857,0.003940886699507429,0.003940886699507429,0.003940886699507429,0.0009852216748769127,-0.040394088669950756,-0.10935960591132998,90,0.025000000000000022,2.862293735361732e-17,2.862293735361732e-17
KCNQ2,277,269,8,872,0.6937732342007435,0.8986988847583643,0.975371747211896,0.8759293680297398,0.8986988847583643,0.98,0.9846654275092936,0.63,0.9242565055762082,0.37,0.8759293680297398,0.96,0.9860594795539034,0.5,0.2049256505576208,0.0,0.0859665427509293,0.0255576208178438,0.0106877323420074,0.0255576208178438,-0.0604089219330854,0.37,0.0255576208178438,-0.0227695167286245,7.768953068592058,277,269,8,bayes,0.366,0.9247211895910781,1.0,0.8986988847583643,0.5,0.9860594795539034,0.8986988847583643,0.9753717472118959,0.8759293680297398,0.026022304832713727,0.026022304832713727,0.026022304832713727,0.010687732342007483,-0.022769516728624595,-0.09944237918215615,90,-0.0040000000000000036,0.00046468401486992814,0.00046468401486992814
KCNQ3,30,19,11,872,0.9043062200956938,0.971291866028708,0.9665071770334928,0.9425837320574164,0.971291866028708,0.68,0.971291866028708,0.0,0.9760765550239234,0.37,0.9712918660287082,0.7000000000000001,0.9665071770334928,0.0,0.0669856459330142,0.0,0.0,0.0047846889952153,0.0,0.0047846889952153,0.0047846889952153,0.37,0.0047846889952153,-0.0287081339712917,6.966666666666667,30,19,11,bayes,0.438,0.9760765550239234,1.0,0.9712918660287081,0.0,0.9665071770334928,0.9712918660287081,0.9665071770334928,0.9425837320574163,0.004784688995215336,0.004784688995215336,0.004784688995215336,0.0,-0.028708133971291794,-0.023923444976076458,90,0.068,3.5561831257524545e-17,3.5561831257524545e-17
KCNQ4,21,12,9,695,0.9814814814814816,1.0,0.9351851851851852,1.0,1.0,0.3,1.0,0.0,1.0,0.0,1.0,0.27,1.0,0.34,0.0185185185185184,0.0,0.0,0.0,0.0648148148148148,0.0,0.0,0.0,0.0,0.0,5.142857142857143,21,12,9,bayes,0.0,1.0,1.0,1.0,1.0,1.0,1.0,0.9351851851851851,1.0,0.0,0.0,0.0,0.06481481481481488,0.0,0.06481481481481488,90,0.0,0.0,0.0
KCNQ5,87,11,76,932,0.5119617224880383,0.84688995215311,0.9354066985645932,0.7559808612440191,0.84688995215311,0.92,0.9461722488038278,0.33,0.84688995215311,0.0,0.7559808612440191,0.98,0.9389952153110048,0.46,0.3349282296650717,0.0,0.0992822966507177,0.0,0.0035885167464114,0.0,-0.0992822966507177,0.0,0.0,-0.0909090909090909,9.60919540229885,87,11,76,bayes,0.0,0.84688995215311,1.0,0.84688995215311,0.464,0.9389952153110047,0.84688995215311,0.9354066985645932,0.7559808612440191,0.0,0.0,0.0,0.0035885167464114742,-0.09090909090909094,-0.17942583732057416,90,0.0,0.0,0.0
KCNV2,25,11,14,545,0.9935064935064936,0.987012987012987,0.8246753246753247,0.961038961038961,1.0,0.18,0.987012987012987,0.0,0.9935064935064936,0.25,0.9935064935064936,0.0,0.961038961038961,0.9,-0.0064935064935065,0.0129870129870129,0.0,0.0064935064935065,0.1363636363636363,-0.0064935064935064,0.0064935064935065,0.25,-0.0064935064935064,-0.0259740259740259,6.16,25,11,14,bayes,0.307,0.9935064935064936,0.5,1.0,1.0,0.961038961038961,0.987012987012987,0.8246753246753247,0.961038961038961,0.006493506493506551,-0.00649350649350644,0.006493506493506551,0.13636363636363635,-0.025974025974025983,0.13636363636363635,90,0.056999999999999995,5.117434254131581e-17,-3.9898639947466563e-17
KIF22,40,6,34,665,0.8529411764705883,0.8039215686274509,0.8333333333333334,0.8137254901960784,0.8774509803921569,0.13,0.8382352941176471,0.47,0.8921568627450981,0.5700000000000001,0.8725490196078431,0.11,0.8823529411764707,0.51,-0.0490196078431374,0.0735294117647059,0.0343137254901961,0.0882352941176471,0.0490196078431373,0.0147058823529412,0.053921568627451,0.5700000000000001,0.0147058823529412,0.0098039215686275,5.1,40,6,34,bayes,0.614,0.892156862745098,0.17400000000000002,0.8774509803921569,0.536,0.8823529411764707,0.8039215686274509,0.8333333333333334,0.8137254901960784,0.08823529411764708,0.014705882352941124,0.08823529411764708,0.0490196078431373,0.009803921568627527,-0.019607843137254943,90,0.04399999999999993,-2.7755575615628914e-17,-7.632783294297951e-17
KMT5B,24,8,16,885,0.875,0.90625,1.0,0.8671875,0.90625,0.67,1.0,0.43,0.953125,0.77,0.921875,0.63,1.0,0.0,0.03125,0.0,0.09375,0.046875,0.0,0.046875,-0.046875,0.77,0.046875,-0.0390625,5.333333333333333,24,8,16,bayes,0.774,0.953125,1.0,0.90625,0.0,1.0,0.90625,1.0,0.8671875,0.046875,0.046875,0.046875,0.0,-0.0390625,-0.1328125,90,0.0040000000000000036,0.0,0.0
KRIT1,13,5,8,736,0.475,0.575,0.4999999999999999,0.525,0.575,0.67,0.6,0.04,0.6000000000000001,0.8,0.525,0.98,0.6000000000000001,0.89,0.0999999999999999,0.0,0.025,0.0250000000000001,0.1000000000000001,0.0250000000000001,1.1102230246251563e-16,0.8,0.0250000000000001,-0.0499999999999999,3.076923076923077,13,5,8,bayes,0.901,0.5750000000000001,1.0,0.575,0.898,0.6000000000000001,0.575,0.49999999999999994,0.525,1.1102230246251565e-16,1.1102230246251565e-16,1.1102230246251565e-16,0.10000000000000014,-0.04999999999999993,0.025000000000000078,90,0.10099999999999998,-0.024999999999999988,-0.024999999999999988
KRT1,30,19,11,644,0.9330143540669856,0.971291866028708,0.9473684210526316,0.9186602870813396,0.971291866028708,0.98,0.971291866028708,0.0,0.9760765550239234,0.44,0.9425837320574162,0.03,0.9665071770334928,0.6,0.0382775119617224,0.0,0.0,0.0047846889952153,0.0191387559808612,0.0047846889952153,0.0047846889952153,0.44,0.0047846889952153,-0.0526315789473684,6.966666666666667,30,19,11,bayes,0.447,0.9760765550239234,1.0,0.9712918660287081,0.613,0.9665071770334928,0.9712918660287081,0.9473684210526315,0.9186602870813396,0.004784688995215336,0.004784688995215336,0.004784688995215336,0.019138755980861233,-0.052631578947368474,-0.028708133971291905,90,0.007000000000000006,3.5561831257524545e-17,3.5561831257524545e-17
KRT10,27,10,17,584,0.9588235294117646,0.9470588235294116,0.9882352941176472,0.9823529411764704,0.9705882352941176,0.85,0.9882352941176472,1.0,0.988235294117647,0.51,0.9823529411764704,0.78,1.0,0.28,-0.0117647058823529,0.0235294117647059,0.0411764705882353,0.0411764705882352,0.0117647058823529,0.0176470588235293,-1.1102230246251563e-16,0.51,0.0176470588235293,0.0352941176470588,6.296296296296297,27,10,17,bayes,0.804,0.988235294117647,0.924,0.9705882352941176,0.5,1.0,0.9470588235294117,0.9882352941176471,0.9823529411764705,0.04117647058823526,0.01764705882352935,0.04117647058823526,0.0117647058823529,0.03529411764705881,-0.005882352941176561,90,0.29400000000000004,5.551115123125783e-17,4.85722573273506e-17
KRT14,40,33,7,472,0.9090909090909092,0.9090909090909092,0.9307359307359307,0.9004329004329005,0.9350649350649352,0.3,0.9350649350649352,0.64,0.9523809523809524,0.37,0.9523809523809524,0.25,0.9523809523809524,0.68,1.1102230246251563e-16,0.0259740259740259,0.0259740259740259,0.0432900432900432,0.0216450216450216,0.0173160173160172,0.0173160173160172,0.37,0.0173160173160172,-0.0086580086580086,5.775,40,33,7,bayes,0.402,0.9523809523809524,0.336,0.9350649350649352,0.7020000000000001,0.9523809523809524,0.9090909090909092,0.9307359307359307,0.9004329004329005,0.04329004329004327,0.017316017316017285,0.04329004329004327,0.02164502164502169,-0.008658008658008698,-0.030303030303030276,90,0.03200000000000003,6.938893903907228e-17,8.326672684688674e-17
KRT16,20,7,13,473,0.7912087912087913,0.923076923076923,0.978021978021978,0.934065934065934,0.923076923076923,0.91,0.978021978021978,0.91,0.956043956043956,0.4,0.934065934065934,0.86,0.989010989010989,0.03,0.1318681318681317,0.0,0.054945054945055,0.032967032967033,0.0109890109890109,0.032967032967033,-0.021978021978022,0.4,0.032967032967033,0.010989010989011,4.55,20,7,13,bayes,0.5,0.9560439560439561,1.0,0.923076923076923,0.092,0.989010989010989,0.923076923076923,0.9780219780219781,0.9340659340659341,0.03296703296703307,0.03296703296703307,0.03296703296703307,0.01098901098901095,0.010989010989011061,-0.04395604395604402,90,0.09999999999999998,6.938893903907228e-17,6.938893903907228e-17
KRT17,25,6,19,432,0.894736842105263,0.9473684210526316,0.9473684210526316,0.9473684210526316,0.956140350877193,0.98,0.9824561403508772,0.56,0.9649122807017544,0.13,0.956140350877193,0.52,1.0,0.31,0.0526315789473684,0.0087719298245614,0.0350877192982456,0.0175438596491228,0.0526315789473683,0.0087719298245614,-0.0175438596491227,0.13,0.0087719298245614,0.0,4.56,25,6,19,bayes,0.5,0.956140350877193,0.978,0.956140350877193,0.313,1.0,0.9473684210526315,0.9473684210526316,0.9473684210526315,0.00877192982456143,0.0,0.00877192982456143,0.05263157894736836,0.0,-1.1102230246251565e-16,90,0.37,-0.008771929824561368,-0.0087719298245614
KRT5,61,44,17,590,0.820855614973262,0.8943850267379679,0.9010695187165776,0.7339572192513368,0.8943850267379679,0.97,0.9237967914438504,0.37,0.9064171122994652,0.24,0.8502673796791445,0.31,0.9197860962566844,0.5700000000000001,0.0735294117647059,0.0,0.0294117647058823,0.0120320855614973,0.0187165775401069,0.0120320855614973,-0.0173796791443849,0.24,0.0120320855614973,-0.1604278074866311,12.262295081967212,61,44,17,bayes,0.245,0.9064171122994653,1.0,0.8943850267379679,0.5690000000000001,0.9197860962566844,0.8943850267379679,0.9010695187165775,0.7339572192513368,0.012032085561497374,0.012032085561497374,0.012032085561497374,0.018716577540106916,-0.1604278074866311,-0.16711229946524064,90,0.0050000000000000044,7.45931094670027e-17,7.45931094670027e-17
KRT6A,31,11,20,564,0.9772727272727272,0.9818181818181818,0.959090909090909,0.9727272727272728,1.0,0.73,0.9954545454545454,0.27,1.0,0.23,0.9818181818181818,0.47,0.9863636363636364,0.37,0.0045454545454546,0.0181818181818181,0.0136363636363635,0.0181818181818181,0.0272727272727273,0.0,0.0045454545454546,0.23,0.0,-0.009090909090909,7.096774193548387,31,11,20,bayes,0.259,1.0,0.76,1.0,0.5,0.9863636363636363,0.9818181818181818,0.959090909090909,0.9727272727272728,0.018181818181818188,0.0,0.018181818181818188,0.027272727272727337,-0.009090909090909038,0.01363636363636378,90,0.028999999999999998,8.673617379884035e-17,0.0
KRT9,14,8,6,623,0.7083333333333333,0.8541666666666667,0.875,0.7916666666666667,0.8541666666666667,0.96,0.8958333333333334,0.2,0.8541666666666667,0.0,0.7916666666666667,0.84,0.875,0.0,0.1458333333333334,0.0,0.0416666666666666,0.0,0.0,0.0,-0.0416666666666666,0.0,0.0,-0.0625,3.4285714285714284,14,8,6,bayes,0.0,0.8541666666666667,1.0,0.8541666666666667,0.0,0.875,0.8541666666666667,0.875,0.7916666666666667,0.0,0.0,0.0,0.0,-0.0625,-0.08333333333333326,90,0.0,0.0,0.0
LAMP2,15,5,10,410,0.84,0.84,0.88,0.52,0.84,0.0,0.88,0.76,0.8799999999999999,0.25,0.84,0.0,0.88,0.0,0.0,0.0,0.04,0.0399999999999999,0.0,0.0399999999999999,-1.1102230246251563e-16,0.25,0.0399999999999999,-0.3199999999999999,3.333333333333333,15,5,10,bayes,0.249,0.8799999999999999,0.0,0.84,0.0,0.88,0.84,0.88,0.52,0.039999999999999925,0.039999999999999925,0.039999999999999925,0.0,-0.31999999999999995,-0.36,90,-0.0010000000000000009,2.7755575615628914e-17,2.7755575615628914e-17
LARS2,21,13,8,903,0.7788461538461539,0.7788461538461539,0.9230769230769232,0.6730769230769231,0.826923076923077,0.42,0.9326923076923076,0.64,0.8173076923076923,0.11,0.7788461538461539,0.0,0.9326923076923076,0.11,0.0,0.0480769230769231,0.1538461538461538,0.0384615384615384,0.0096153846153845,-0.0096153846153846,-0.1153846153846154,0.11,-0.0096153846153846,-0.1057692307692307,4.9523809523809526,21,13,8,bayes,0.245,0.8173076923076923,0.5,0.826923076923077,0.0,0.9230769230769231,0.7788461538461539,0.9230769230769231,0.6730769230769231,0.038461538461538436,-0.009615384615384692,0.038461538461538436,0.0,-0.10576923076923073,-0.25,90,0.135,3.469446951953614e-17,-9.194034422677078e-17
LBR,12,5,7,615,1.0,1.0,1.0,0.9428571428571428,1.0,0.0,1.0,0.0,1.0,0.0,1.0,0.0,1.0,0.0,0.0,0.0,0.0,0.0,0.0,0.0,0.0,0.0,0.0,-0.0571428571428571,2.9166666666666665,12,5,7,bayes,0.0,1.0,0.0,1.0,0.0,1.0,1.0,1.0,0.9428571428571428,0.0,0.0,0.0,0.0,-0.05714285714285716,-0.05714285714285716,90,0.0,0.0,0.0
LCAT,19,11,8,440,0.9659090909090908,1.0,0.9545454545454546,0.7613636363636364,1.0,0.15,1.0,0.0,1.0,0.0,0.9659090909090908,0.0,0.9545454545454546,0.0,0.0340909090909091,0.0,0.0,0.0,0.0,0.0,0.0,0.0,0.0,-0.2386363636363636,4.631578947368421,19,11,8,bayes,0.0,1.0,1.0,1.0,0.0,0.9545454545454546,1.0,0.9545454545454546,0.7613636363636364,0.0,0.0,0.0,0.0,-0.23863636363636365,-0.19318181818181823,90,0.0,0.0,0.0
LDLR,486,443,43,860,0.9221481442595412,0.9451414772429,0.9352196965719988,0.9110714473200692,0.9455614467951072,0.92,0.9527009291826344,0.31,0.9472938211979632,0.23,0.9279752217964198,0.35,0.9476087983621188,0.44,0.0229933329833587,0.0004199695522074,0.0075594519397345,0.0021523439550633,0.0123891017901202,0.0017323744028558,-0.0054071079846711,0.23,0.0017323744028558,-0.0340700299228305,39.19547325102881,486,443,43,bayes,0.216,0.947346317391989,0.926,0.9456139429891331,0.559,0.9475038059740669,0.9451414772428999,0.9352196965719987,0.9110714473200693,0.002204840149089171,0.0017323744028558963,0.002204840149089171,0.012284109402068255,-0.03407002992283059,-0.024148249251929377,90,-0.014000000000000012,5.249619402587129e-05,9.627715291671279e-17
LHCGR,17,12,5,699,1.0,0.8666666666666667,0.9,0.9833333333333334,1.0,0.0,0.9166666666666666,0.45,1.0,0.67,1.0,0.0,1.0,0.89,-0.1333333333333333,0.1333333333333333,0.0499999999999999,0.1333333333333333,0.0999999999999999,0.0,0.0833333333333333,0.67,0.0,0.1166666666666667,3.5294117647058822,17,12,5,bayes,0.862,1.0,0.0,1.0,0.895,1.0,0.8666666666666667,0.9,0.9833333333333334,0.1333333333333333,0.0,0.1333333333333333,0.09999999999999998,0.1166666666666667,0.08333333333333337,90,0.19199999999999995,0.0,0.0
LIG4,28,17,11,911,0.9946524064171124,1.0,1.0,1.0,1.0,0.1,1.0,0.0,1.0,0.0,1.0,0.18,1.0,0.0,0.0053475935828877,0.0,0.0,0.0,0.0,0.0,0.0,0.0,0.0,0.0,6.678571428571429,28,17,11,bayes,0.0,1.0,1.0,1.0,0.0,1.0,1.0,1.0,1.0,0.0,0.0,0.0,0.0,0.0,0.0,90,0.0,0.0,0.0
LITAF,12,6,6,161,0.9444444444444444,0.9444444444444444,0.9722222222222224,0.7777777777777778,1.0,0.29,1.0,0.27,1.0,0.37,0.9722222222222224,0.25,1.0,0.37,0.0,0.0555555555555555,0.0555555555555555,0.0555555555555555,0.0277777777777776,0.0,0.0,0.37,0.0,-0.1666666666666666,3.0,12,6,6,bayes,0.5,1.0,0.5,1.0,0.5,1.0,0.9444444444444444,0.9722222222222223,0.7777777777777778,0.05555555555555558,0.0,0.05555555555555558,0.02777777777777768,-0.16666666666666663,-0.19444444444444453,90,0.13,8.326672684688674e-17,0.0
LMX1B,30,25,5,402,0.984,0.992,0.96,0.952,1.0,0.28,1.0,0.19,1.0,0.33,1.0,0.41,1.0,0.5,0.008,0.008,0.008,0.008,0.0399999999999999,0.0,0.0,0.33,0.0,-0.04,4.166666666666667,30,25,5,bayes,0.5,1.0,0.5,1.0,0.5,1.0,0.992,0.9600000000000001,0.952,0.008000000000000007,0.0,0.008000000000000007,0.039999999999999925,-0.040000000000000036,-0.008000000000000118,90,0.16999999999999998,6.938893903907228e-18,0.0
LPAR6,12,7,5,344,0.8571428571428572,0.8285714285714285,0.7714285714285714,0.7714285714285714,0.8857142857142857,0.46,0.8571428571428571,0.16,0.8571428571428571,0.02,0.8571428571428572,0.0,0.8,0.77,-0.0285714285714286,0.0571428571428571,0.0285714285714285,0.0285714285714285,0.0285714285714286,-0.0285714285714285,0.0,0.02,-0.0285714285714285,-0.0571428571428571,2.9166666666666665,12,7,5,bayes,0.101,0.8571428571428571,0.5,0.8857142857142857,0.87,0.8,0.8285714285714285,0.7714285714285714,0.7714285714285714,0.02857142857142858,-0.02857142857142858,0.02857142857142858,0.028571428571428692,-0.05714285714285716,0.0,90,0.081,7.979727989493313e-17,-7.979727989493313e-17
LSS,24,9,15,732,0.9333333333333332,0.925925925925926,0.925925925925926,0.925925925925926,0.9333333333333332,0.0,0.9555555555555556,0.37,0.9407407407407408,0.42,0.9407407407407408,0.68,0.9481481481481482,0.34,-0.0074074074074074,0.0074074074074074,0.0296296296296296,0.0148148148148148,0.0222222222222222,0.0074074074074074,-0.0148148148148148,0.42,0.0074074074074074,1.1102230246251563e-16,5.625,24,9,15,bayes,0.629,0.9407407407407408,0.0,0.9333333333333333,0.5,0.9481481481481482,0.9259259259259259,0.9259259259259259,0.925925925925926,0.014814814814814836,0.007407407407407418,0.014814814814814836,0.022222222222222254,1.1102230246251565e-16,1.1102230246251565e-16,90,0.20900000000000002,3.642919299551295e-17,1.8214596497756474e-17
LZTR1,31,23,8,840,0.7880434782608696,0.9782608695652174,0.9782608695652174,0.7663043478260869,0.9836956521739132,0.71,0.9836956521739132,0.18,0.9782608695652174,0.0,0.8478260869565217,0.31,0.9782608695652174,0.0,0.1902173913043477,0.0054347826086956,0.0054347826086956,0.0,0.0,-0.0054347826086956,-0.0054347826086956,0.0,-0.0054347826086956,-0.2119565217391305,5.935483870967742,31,23,8,bayes,0.0,0.9782608695652174,0.879,0.9836956521739131,0.0,0.9782608695652174,0.9782608695652174,0.9782608695652174,0.7663043478260869,0.0,-0.005434782608695676,0.0,0.0,-0.2119565217391305,-0.2119565217391305,90,0.0,0.0,-7.632783294297951e-17
MAF,20,14,6,403,0.988095238095238,1.0,0.9761904761904764,0.9285714285714286,1.0,0.14,1.0,0.0,1.0,0.0,0.988095238095238,0.0,1.0,0.23,0.0119047619047618,0.0,0.0,0.0,0.0238095238095237,0.0,0.0,0.0,0.0,-0.0714285714285714,4.2,20,14,6,bayes,0.0,1.0,1.0,1.0,0.5,1.0,1.0,0.9761904761904763,0.9285714285714286,0.0,0.0,0.0,0.023809523809523725,-0.0714285714285714,-0.04761904761904767,90,0.0,0.0,0.0
MAK,13,6,7,648,0.9761904761904764,0.9761904761904764,0.9285714285714286,1.0,0.9761904761904764,0.0,0.9761904761904764,0.0,1.0,0.5,1.0,0.67,1.0,0.68,0.0,0.0,0.0,0.0238095238095237,0.0714285714285714,0.0238095238095237,0.0238095238095237,0.5,0.0238095238095237,0.0238095238095237,3.230769230769231,13,6,7,bayes,1.0,1.0,0.0,0.9761904761904763,1.0,1.0,0.9761904761904763,0.9285714285714286,1.0,0.023809523809523725,0.023809523809523725,0.023809523809523725,0.0714285714285714,0.023809523809523725,0.0714285714285714,90,0.5,2.42861286636753e-17,2.42861286636753e-17
MAN1B1,14,5,9,699,1.0,1.0,1.0,1.0,1.0,0.0,1.0,0.0,1.0,0.0,1.0,0.0,1.0,0.0,0.0,0.0,0.0,0.0,0.0,0.0,0.0,0.0,0.0,0.0,3.2142857142857144,14,5,9,bayes,0.0,1.0,0.0,1.0,0.0,1.0,1.0,1.0,1.0,0.0,0.0,0.0,0.0,0.0,0.0,90,0.0,0.0,0.0
MAN2B1,30,12,18,1011,0.9351851851851852,0.9814814814814814,0.9398148148148148,0.6805555555555556,0.9814814814814814,0.61,0.9814814814814814,0.0,0.9814814814814814,0.0,0.9351851851851852,0.0,0.9444444444444444,0.19,0.0462962962962961,0.0,0.0,0.0,0.0046296296296296,0.0,0.0,0.0,0.0,-0.3009259259259258,7.2,30,12,18,bayes,0.0,0.9814814814814814,1.0,0.9814814814814814,0.187,0.9444444444444445,0.9814814814814814,0.9398148148148149,0.6805555555555556,0.0,0.0,0.0,0.00462962962962965,-0.3009259259259258,-0.2592592592592593,90,0.0,0.0,0.0
MAP2K2,26,15,11,400,0.6121212121212121,0.6606060606060606,0.8909090909090909,0.6121212121212121,0.6606060606060606,0.95,0.8909090909090909,0.99,0.6606060606060606,0.0,0.6363636363636364,0.11,0.8909090909090909,0.0,0.0484848484848485,0.0,0.2303030303030302,0.0,0.0,0.0,-0.2303030303030302,0.0,0.0,-0.0484848484848485,6.346153846153846,26,15,11,bayes,0.0,0.6606060606060606,1.0,0.6606060606060606,0.0,0.8909090909090909,0.6606060606060606,0.8909090909090909,0.6121212121212121,0.0,0.0,0.0,0.0,-0.048484848484848575,-0.2787878787878788,90,0.0,0.0,0.0
MAP3K7,21,13,8,606,0.8942307692307693,0.9423076923076924,0.9423076923076924,0.9134615384615384,0.9423076923076924,0.37,0.9615384615384616,0.04,0.9423076923076924,0.0,0.9134615384615384,0.93,0.9519230769230768,0.49,0.048076923076923,0.0,0.0192307692307692,0.0,0.0096153846153845,0.0,-0.0192307692307692,0.0,0.0,-0.0288461538461538,4.9523809523809526,21,13,8,bayes,0.0,0.9423076923076923,1.0,0.9423076923076923,0.5,0.9519230769230769,0.9423076923076923,0.9423076923076923,0.9134615384615384,0.0,0.0,0.0,0.009615384615384581,-0.028846153846153855,-0.028846153846153855,90,0.0,0.0,0.0
MAPT,36,13,23,833,0.8729096989966555,0.8461538461538461,1.0,0.8862876254180603,0.8729096989966555,0.0,1.0,0.92,0.8862876254180603,0.8300000000000001,0.9063545150501672,0.44,1.0,0.0,-0.0267558528428093,0.0267558528428093,0.1538461538461538,0.0401337792642141,0.0,0.0133779264214047,-0.1137123745819397,0.8300000000000001,0.0133779264214047,0.0401337792642141,8.305555555555555,36,13,23,bayes,1.0,0.8862876254180603,0.0,0.8729096989966555,0.0,1.0,0.8461538461538461,1.0,0.8862876254180603,0.04013377926421413,0.013377926421404784,0.04013377926421413,0.0,0.04013377926421413,-0.11371237458193972,90,0.16999999999999993,2.7755575615628914e-17,8.500145032286355e-17
MBTPS2,11,5,6,519,1.0,1.0,1.0,0.4666666666666666,1.0,0.0,1.0,0.0,1.0,0.0,1.0,0.0,1.0,0.0,0.0,0.0,0.0,0.0,0.0,0.0,0.0,0.0,0.0,-0.5333333333333334,2.727272727272727,11,5,6,bayes,0.0,1.0,0.0,1.0,0.0,1.0,1.0,1.0,0.4666666666666666,0.0,0.0,0.0,0.0,-0.5333333333333334,-0.5333333333333334,90,0.0,0.0,0.0
MCCC1,23,13,10,725,1.0,1.0,0.9461538461538462,0.9153846153846156,1.0,0.0,1.0,0.0,1.0,0.0,1.0,0.0,0.9461538461538462,0.0,0.0,0.0,0.0,0.0,0.0,0.0,0.0,0.0,0.0,-0.0846153846153845,5.652173913043479,23,13,10,bayes,0.0,1.0,0.0,1.0,0.0,0.9461538461538462,1.0,0.9461538461538462,0.9153846153846155,0.0,0.0,0.0,0.0,-0.08461538461538454,-0.03076923076923077,90,0.0,0.0,0.0
MECP2,231,100,131,498,0.8547328244274809,0.9130534351145038,0.9241984732824426,0.615648854961832,0.9214503816793892,0.7000000000000001,0.9290839694656488,0.44,0.9137404580152672,0.06,0.8558778625954199,0.03,0.9249618320610687,0.08,0.0583206106870228,0.0083969465648855,0.016030534351145,0.0006870229007633,0.000763358778626,-0.0077099236641221,-0.0153435114503817,0.06,-0.0077099236641221,-0.2974045801526718,56.70995670995671,231,100,131,bayes,0.062,0.9137404580152673,0.7030000000000001,0.9213740458015267,0.084,0.924885496183206,0.9130534351145038,0.9241984732824426,0.615648854961832,0.0006870229007635009,-0.007633587786259444,0.0006870229007635009,0.0006870229007633899,-0.2974045801526718,-0.3085496183206107,90,0.0020000000000000018,2.0090266256156397e-16,7.633587786265612e-05
MEF2C,41,20,21,473,0.4976190476190476,0.7857142857142858,0.8738095238095238,0.8904761904761904,0.7857142857142858,0.75,0.8785714285714286,0.63,0.8904761904761904,0.97,0.8904761904761904,0.66,0.8976190476190476,0.98,0.2880952380952382,0.0,0.0928571428571427,0.1047619047619046,0.0238095238095238,0.1047619047619046,0.0119047619047618,0.97,0.1047619047619046,0.1047619047619046,10.24390243902439,41,20,21,bayes,1.0,0.8904761904761904,1.0,0.7857142857142858,0.982,0.8976190476190476,0.7857142857142858,0.8738095238095238,0.8904761904761904,0.10476190476190461,0.10476190476190461,0.10476190476190461,0.023809523809523836,0.10476190476190461,0.016666666666666607,90,0.030000000000000027,1.3877787807814457e-17,1.3877787807814457e-17
MEN1,101,95,6,610,0.7298245614035088,0.9719298245614036,0.9649122807017544,0.5368421052631579,0.9719298245614036,0.71,0.9719298245614036,0.0,0.9719298245614036,0.0,0.7298245614035088,0.0,0.9649122807017544,0.0,0.2421052631578947,0.0,0.0,0.0,0.0,0.0,0.0,0.0,0.0,-0.4350877192982456,5.643564356435643,101,95,6,bayes,0.0,0.9719298245614035,1.0,0.9719298245614035,0.0,0.9649122807017544,0.9719298245614035,0.9649122807017544,0.5368421052631579,0.0,0.0,0.0,0.0,-0.43508771929824563,-0.4280701754385965,90,0.0,0.0,0.0
MERTK,25,12,13,999,0.9871794871794872,0.9423076923076924,1.0,0.9935897435897436,0.9871794871794872,0.0,1.0,0.6900000000000001,0.9935897435897436,0.75,0.9935897435897436,0.68,1.0,0.0,-0.0448717948717948,0.0448717948717948,0.0576923076923076,0.0512820512820512,0.0,0.0064102564102563,-0.0064102564102563,0.75,0.0064102564102563,0.0512820512820512,6.24,25,12,13,bayes,1.0,0.9935897435897436,0.0,0.9871794871794872,0.0,1.0,0.9423076923076924,1.0,0.9935897435897436,0.05128205128205121,0.0064102564102563875,0.05128205128205121,0.0,0.05128205128205121,-0.0064102564102563875,90,0.25,1.3877787807814457e-17,8.760353553682876e-17
MID1,19,6,13,667,0.9615384615384616,0.9615384615384616,0.9743589743589745,0.8076923076923078,0.9615384615384616,0.0,0.9743589743589745,0.98,0.9615384615384616,0.0,0.9615384615384616,0.0,0.9743589743589745,0.0,0.0,0.0,0.0128205128205128,0.0,0.0,0.0,-0.0128205128205128,0.0,0.0,-0.1538461538461536,4.105263157894737,19,6,13,bayes,0.0,0.9615384615384615,0.0,0.9615384615384615,0.0,0.9743589743589743,0.9615384615384615,0.9743589743589743,0.8076923076923078,0.0,0.0,0.0,0.0,-0.15384615384615363,-0.16666666666666652,90,0.0,0.0,0.0
MITF,12,7,5,526,0.8571428571428571,1.0,1.0,1.0,1.0,0.74,1.0,0.0,1.0,0.0,1.0,0.19,1.0,0.0,0.1428571428571429,0.0,0.0,0.0,0.0,0.0,0.0,0.0,0.0,0.0,2.9166666666666665,12,7,5,bayes,0.0,1.0,1.0,1.0,0.0,1.0,1.0,1.0,1.0,0.0,0.0,0.0,0.0,0.0,0.0,90,0.0,0.0,0.0
MLC1,23,17,6,377,0.6176470588235294,0.6764705882352942,0.6666666666666666,0.7450980392156863,0.6764705882352942,0.93,0.6862745098039216,0.01,0.7450980392156863,0.77,0.7549019607843137,0.85,0.7450980392156863,0.7000000000000001,0.0588235294117647,0.0,0.0098039215686274,0.0686274509803921,0.0784313725490196,0.0686274509803921,0.0588235294117647,0.77,0.0686274509803921,0.0686274509803921,4.434782608695652,23,17,6,bayes,0.773,0.7549019607843137,1.0,0.6764705882352942,1.0,0.7450980392156863,0.6764705882352942,0.6666666666666666,0.7450980392156863,0.07843137254901955,0.07843137254901955,0.07843137254901955,0.07843137254901966,0.06862745098039214,0.07843137254901966,90,0.0030000000000000027,0.009803921568627458,0.009803921568627458
MLH1,189,155,34,756,0.9001897533206832,0.825237191650854,0.8709677419354839,0.9018975332068312,0.9166982922201138,0.29,0.876280834914611,0.7000000000000001,0.9113851992409868,0.8300000000000001,0.9193548387096774,0.58,0.9170777988614802,0.73,-0.0749525616698292,0.0914611005692598,0.0510436432637569,0.0861480075901327,0.0461100569259963,-0.005313092979127,0.0351043643263757,0.8300000000000001,-0.005313092979127,0.0766603415559771,27.883597883597883,189,155,34,bayes,0.839,0.9111954459203035,0.245,0.9166982922201139,0.764,0.9170777988614801,0.825237191650854,0.8709677419354839,0.9018975332068311,0.08595825426944959,-0.005502846299810349,0.08595825426944959,0.046110056925996235,0.07666034155597712,0.030929791271347207,90,0.008999999999999897,-0.00018975332068311979,-0.00018975332068334877
MMAB,18,12,6,250,0.9305555555555556,0.9166666666666666,0.8194444444444444,0.7361111111111112,0.9305555555555556,0.0,0.9305555555555556,0.06,0.9305555555555556,0.25,0.9305555555555556,0.0,0.9305555555555556,0.38,-0.0138888888888888,0.0138888888888888,0.0138888888888888,0.0138888888888888,0.111111111111111,0.0,0.0,0.25,0.0,-0.1805555555555554,4.0,18,12,6,bayes,0.34400000000000003,0.9305555555555555,0.0,0.9305555555555555,0.5,0.9305555555555555,0.9166666666666666,0.8194444444444444,0.7361111111111112,0.01388888888888884,0.0,0.01388888888888884,0.11111111111111105,-0.18055555555555547,-0.08333333333333326,90,0.09400000000000003,3.9898639947466563e-17,0.0
MMACHC,25,20,5,282,0.5499999999999999,0.5399999999999999,0.5800000000000001,0.7000000000000001,0.5499999999999999,0.0,0.5800000000000001,0.7000000000000001,0.7100000000000001,0.95,0.7100000000000001,0.95,0.7100000000000001,0.96,-0.01,0.01,0.0400000000000001,0.1700000000000001,0.13,0.1600000000000001,0.13,0.95,0.1600000000000001,0.1600000000000001,4.0,25,20,5,bayes,0.969,0.7100000000000001,0.0,0.5499999999999999,0.977,0.7100000000000001,0.5399999999999999,0.5800000000000001,0.7000000000000001,0.17000000000000015,0.16000000000000014,0.17000000000000015,0.13,0.16000000000000014,0.12,90,0.019000000000000017,5.551115123125783e-17,5.551115123125783e-17
MME,12,6,6,750,1.0,1.0,1.0,0.8333333333333334,1.0,0.0,1.0,0.0,1.0,0.0,1.0,0.0,1.0,0.0,0.0,0.0,0.0,0.0,0.0,0.0,0.0,0.0,0.0,-0.1666666666666666,3.0,12,6,6,bayes,0.0,1.0,0.0,1.0,0.0,1.0,1.0,1.0,0.8333333333333334,0.0,0.0,0.0,0.0,-0.16666666666666663,-0.16666666666666663,90,0.0,0.0,0.0
MMUT,116,110,6,750,0.6681818181818182,0.8151515151515152,0.9348484848484848,0.8818181818181818,0.8166666666666667,0.95,0.9348484848484848,0.98,0.9000000000000002,0.66,0.8818181818181818,0.98,0.9363636363636364,0.09,0.1469696969696969,0.0015151515151514,0.1196969696969697,0.084848484848485,0.0015151515151514,0.0833333333333335,-0.0348484848484846,0.66,0.0833333333333335,0.0666666666666666,5.689655172413793,116,110,6,bayes,0.672,0.9000000000000002,0.9530000000000001,0.8166666666666667,0.134,0.9363636363636364,0.8151515151515152,0.9348484848484849,0.8818181818181818,0.08484848484848506,0.08333333333333359,0.08484848484848506,0.0015151515151514694,0.06666666666666665,-0.053030303030303094,90,0.01200000000000001,5.551115123125783e-17,9.71445146547012e-17
MSH2,341,109,232,934,0.90944321417273,0.8604476431509016,0.8470816197405885,0.8890382790256248,0.9163239481176844,0.46,0.8725482442265107,0.31,0.9132790256248025,0.59,0.9120531477380576,0.35,0.9008225245175576,0.74,-0.0489955710218283,0.0558763049667827,0.012100601075609,0.0528313824739007,0.0537409047769692,-0.003044922492882,0.0407307813982916,0.59,-0.003044922492882,0.0285906358747232,74.158357771261,341,109,232,bayes,0.654,0.9131208478329642,0.456,0.9164030370136034,0.705,0.9006643467257197,0.8604476431509016,0.8470816197405885,0.8890382790256248,0.0526732046820626,-0.003282189180639161,0.0526732046820626,0.053582726985131224,0.028590635874723214,0.041956659285036335,90,0.06400000000000006,-0.0001581777918380975,-0.00023726668775716142
MTHFR,26,20,6,656,0.7000000000000001,0.8166666666666667,0.8916666666666667,0.8833333333333334,0.9166666666666669,0.2,0.9083333333333332,0.78,0.9166666666666669,0.5700000000000001,0.9166666666666669,0.55,0.925,0.16,0.1166666666666665,0.1,0.0916666666666666,0.1,0.0333333333333333,0.0,0.0083333333333334,0.5700000000000001,0.0,0.0666666666666667,4.615384615384615,26,20,6,bayes,0.668,0.9166666666666666,0.196,0.9166666666666667,0.162,0.925,0.8166666666666667,0.8916666666666667,0.8833333333333334,0.09999999999999998,-1.1102230246251565e-16,0.09999999999999998,0.033333333333333326,0.06666666666666676,-0.008333333333333304,90,0.09799999999999998,-2.7755575615628914e-17,-1.1102230246251565e-16
MTM1,72,49,23,603,0.9618456078083408,0.974267968056788,0.940550133096717,0.963620230700976,0.9778172138420586,0.79,0.9751552795031057,0.12,0.9849157054126,0.35,0.9760425909494232,0.61,0.9804791481810116,0.53,0.0124223602484472,0.0035492457852706,0.0008873114463175,0.0106477373558119,0.0399290150842945,0.0070984915705413,0.0097604259094943,0.35,0.0070984915705413,-0.0106477373558119,15.65277777777778,72,49,23,bayes,0.357,0.9849157054125999,0.79,0.9778172138420586,0.5750000000000001,0.9804791481810116,0.974267968056788,0.940550133096717,0.963620230700976,0.010647737355811926,0.007098491570541321,0.010647737355811926,0.03992901508429458,-0.010647737355811926,0.023070097604259043,90,0.007000000000000006,2.6020852139652106e-17,2.0816681711721685e-17
MUSK,16,5,11,869,0.7272727272727273,0.8,0.9090909090909092,0.7454545454545455,0.8181818181818182,0.73,0.9090909090909092,0.56,0.8363636363636364,0.28,0.7454545454545455,0.33,0.9454545454545454,0.27,0.0727272727272727,0.0181818181818181,0.109090909090909,0.0363636363636363,0.0363636363636363,0.0181818181818181,-0.0727272727272726,0.28,0.0181818181818181,-0.0545454545454545,3.4375,16,5,11,bayes,0.41200000000000003,0.8363636363636364,0.803,0.8181818181818182,0.5,0.9454545454545454,0.8,0.9090909090909091,0.7454545454545455,0.036363636363636376,0.018181818181818188,0.036363636363636376,0.036363636363636376,-0.054545454545454564,-0.16363636363636358,90,0.132,7.632783294297951e-17,8.673617379884035e-17
MUTYH,18,13,5,521,0.9230769230769232,0.9538461538461538,1.0,0.9846153846153848,0.9538461538461538,0.94,1.0,0.33,0.9846153846153848,0.77,0.9846153846153848,0.77,1.0,0.0,0.0307692307692306,0.0,0.0461538461538462,0.0307692307692308,0.0,0.0307692307692308,-0.0153846153846153,0.77,0.0307692307692308,0.0307692307692308,3.611111111111111,18,13,5,bayes,1.0,0.9846153846153847,1.0,0.9538461538461538,0.0,1.0,0.9538461538461538,1.0,0.9846153846153847,0.030769230769230882,0.030769230769230882,0.030769230769230882,0.0,0.030769230769230882,-0.01538461538461533,90,0.22999999999999998,8.326672684688674e-17,8.326672684688674e-17
MYCN,13,6,7,464,0.8333333333333333,1.0,0.9761904761904764,0.7619047619047619,1.0,0.95,1.0,0.0,1.0,0.0,0.8809523809523809,0.14,0.9761904761904764,0.0,0.1666666666666667,0.0,0.0,0.0,0.0,0.0,0.0,0.0,0.0,-0.2380952380952381,3.230769230769231,13,6,7,bayes,0.0,1.0,1.0,1.0,0.0,0.9761904761904763,1.0,0.9761904761904763,0.7619047619047619,0.0,0.0,0.0,0.0,-0.23809523809523814,-0.2142857142857144,90,0.0,0.0,0.0
MYOC,47,27,20,504,0.8185185185185186,0.9648148148148148,0.9314814814814816,0.6259259259259259,0.9648148148148148,0.99,0.9648148148148148,0.0,0.9648148148148148,0.0,0.8185185185185186,0.0,0.9314814814814816,0.0,0.1462962962962961,0.0,0.0,0.0,0.0,0.0,0.0,0.0,0.0,-0.3388888888888889,11.48936170212766,47,27,20,bayes,0.0,0.9648148148148148,1.0,0.9648148148148148,0.0,0.9314814814814815,0.9648148148148148,0.9314814814814815,0.6259259259259259,0.0,0.0,0.0,0.0,-0.3388888888888889,-0.3055555555555556,90,0.0,0.0,0.0
NAGLU,80,68,12,743,0.931372549019608,0.931372549019608,0.91421568627451,0.6605392156862746,0.9424019607843136,0.78,0.9411764705882352,0.3,0.9338235294117648,0.08,0.931372549019608,0.0,0.9178921568627452,0.18,0.0,0.0110294117647058,0.0098039215686274,0.0024509803921568,0.0036764705882352,-0.0085784313725489,-0.0073529411764705,0.08,-0.0085784313725489,-0.2708333333333332,10.2,80,68,12,bayes,0.078,0.9338235294117647,0.897,0.9424019607843137,0.177,0.9178921568627452,0.9313725490196079,0.9142156862745099,0.6605392156862746,0.002450980392156854,-0.008578431372548989,0.002450980392156854,0.003676470588235281,-0.27083333333333326,-0.2536764705882353,90,-0.0020000000000000018,5.421010862427522e-17,-8.847089727481716e-17
NARS1,13,7,6,548,0.8095238095238095,0.8333333333333333,0.7857142857142857,0.7857142857142857,0.8571428571428572,0.08,0.8809523809523809,0.24,0.8809523809523809,0.04,0.8571428571428572,0.05,0.8333333333333334,0.27,0.0238095238095237,0.0238095238095239,0.0476190476190476,0.0476190476190476,0.0476190476190476,0.0238095238095237,0.0,0.04,0.0238095238095237,-0.0476190476190475,3.230769230769231,13,7,6,bayes,0.28200000000000003,0.8809523809523809,0.5,0.8571428571428572,0.28500000000000003,0.8333333333333334,0.8333333333333333,0.7857142857142857,0.7857142857142857,0.04761904761904767,0.023809523809523725,0.04761904761904767,0.04761904761904767,-0.04761904761904756,0.0,90,0.24200000000000002,6.938893903907228e-17,2.42861286636753e-17
NEU1,24,17,7,415,0.773109243697479,0.8151260504201681,0.8403361344537814,0.4789915966386554,0.8235294117647058,0.53,0.8739495798319328,0.31,0.8235294117647058,0.03,0.773109243697479,0.0,0.8739495798319328,0.23,0.042016806722689,0.0084033613445377,0.0588235294117647,0.0084033613445377,0.0336134453781513,0.0,-0.0504201680672269,0.03,0.0,-0.3361344537815126,4.958333333333333,24,17,7,bayes,0.07100000000000001,0.8235294117647058,0.649,0.8235294117647058,0.23900000000000002,0.8739495798319328,0.8151260504201681,0.8403361344537814,0.4789915966386554,0.008403361344537785,0.0,0.008403361344537785,0.03361344537815136,-0.33613445378151263,-0.361344537815126,90,0.04100000000000001,8.500145032286355e-17,0.0
NGLY1,12,6,6,654,0.888888888888889,0.8611111111111112,0.8611111111111112,0.7500000000000001,0.888888888888889,0.0,0.8611111111111112,0.0,0.8611111111111112,0.0,0.888888888888889,0.0,0.8611111111111112,0.0,-0.0277777777777777,0.0277777777777777,0.0,0.0,0.0,-0.0277777777777777,0.0,0.0,-0.0277777777777777,-0.111111111111111,3.0,12,6,6,bayes,0.0,0.8611111111111112,0.0,0.888888888888889,0.0,0.8611111111111112,0.8611111111111112,0.8611111111111112,0.7500000000000001,0.0,-0.02777777777777779,0.0,0.0,-0.11111111111111105,-0.11111111111111105,90,0.0,0.0,-9.020562075079397e-17
NOD2,39,9,30,1013,0.7777777777777778,0.9111111111111112,0.8555555555555555,0.7333333333333334,0.9111111111111112,0.78,0.925925925925926,0.2,0.9185185185185184,0.1,0.8185185185185185,0.47,0.8851851851851852,0.32,0.1333333333333334,0.0,0.0148148148148147,0.0074074074074073,0.0296296296296296,0.0074074074074073,-0.0074074074074074,0.1,0.0074074074074073,-0.1777777777777778,6.923076923076923,39,9,30,bayes,0.129,0.9185185185185185,1.0,0.9111111111111112,0.323,0.8851851851851852,0.9111111111111112,0.8555555555555555,0.7333333333333334,0.007407407407407307,0.007407407407407307,0.007407407407407307,0.029629629629629672,-0.1777777777777778,-0.12222222222222212,90,0.028999999999999998,6.938893903907228e-18,6.938893903907228e-18
NR0B1,29,8,21,470,0.988095238095238,0.9821428571428572,0.9821428571428572,0.5178571428571429,1.0,0.16,0.988095238095238,0.33,0.9821428571428572,0.0,0.988095238095238,0.0,0.9821428571428572,0.0,-0.0059523809523809,0.0178571428571427,0.0059523809523809,0.0,0.0,-0.0178571428571427,-0.0059523809523809,0.0,-0.0178571428571427,-0.4642857142857143,5.793103448275862,29,8,21,bayes,0.0,0.9821428571428572,0.303,1.0,0.0,0.9821428571428572,0.9821428571428572,0.9821428571428572,0.5178571428571429,0.0,-0.017857142857142794,0.0,0.0,-0.4642857142857143,-0.4642857142857143,90,0.0,0.0,-9.367506770274758e-17
NR2F1,47,42,5,423,0.961904761904762,0.9714285714285714,0.9857142857142858,0.9333333333333336,0.9761904761904762,0.12,1.0,0.17,0.9809523809523808,0.12,0.9857142857142857,0.17,1.0,0.35,0.0095238095238094,0.0047619047619047,0.0285714285714285,0.0095238095238094,0.0142857142857142,0.0047619047619047,-0.019047619047619,0.12,0.0047619047619047,-0.0380952380952379,4.468085106382978,47,42,5,bayes,0.132,0.9809523809523809,0.326,0.9761904761904762,0.5,1.0,0.9714285714285714,0.9857142857142858,0.9333333333333335,0.00952380952380949,0.004761904761904745,0.00952380952380949,0.014285714285714235,-0.03809523809523796,-0.052380952380952306,90,0.01200000000000001,9.020562075079397e-17,4.5102810375396984e-17
NTRK1,45,25,20,796,0.976,0.942,0.976,0.908,0.976,0.0,0.982,0.8300000000000001,0.948,0.15,0.976,0.0,0.978,0.02,-0.034,0.034,0.0400000000000001,0.0060000000000001,0.002,-0.0279999999999999,-0.034,0.15,-0.0279999999999999,-0.034,11.11111111111111,45,25,20,bayes,0.165,0.9480000000000001,0.0,0.976,0.135,0.978,0.942,0.976,0.9079999999999999,0.006000000000000116,-0.027999999999999914,0.006000000000000116,0.0020000000000000018,-0.03400000000000003,-0.06800000000000006,90,0.015000000000000013,1.6479873021779667e-17,-1.3877787807814457e-17
NUP107,10,5,5,925,0.56,0.8400000000000001,0.8400000000000001,0.76,0.8400000000000001,0.9,0.88,0.01,0.8400000000000001,0.0,0.8,0.84,0.88,0.46,0.28,0.0,0.0399999999999999,0.0,0.0399999999999999,0.0,-0.0399999999999999,0.0,0.0,-0.08,2.5,10,5,5,bayes,0.0,0.8400000000000001,1.0,0.8400000000000001,0.5,0.88,0.8400000000000001,0.8400000000000001,0.76,0.0,0.0,0.0,0.039999999999999925,-0.08000000000000007,-0.08000000000000007,90,0.0,0.0,0.0
OCA2,64,40,24,838,0.9520833333333332,0.9822916666666668,0.9572916666666668,0.81875,0.9822916666666668,0.85,0.9833333333333332,0.21,0.9875,0.36,0.9729166666666668,0.51,0.971875,0.54,0.0302083333333333,0.0,0.0010416666666666,0.0052083333333333,0.0145833333333332,0.0052083333333333,0.0041666666666667,0.36,0.0052083333333333,-0.1635416666666667,15.0,64,40,24,bayes,0.366,0.9875,1.0,0.9822916666666667,0.541,0.9718749999999999,0.9822916666666667,0.9572916666666667,0.81875,0.00520833333333337,0.00520833333333337,0.00520833333333337,0.014583333333333282,-0.1635416666666667,-0.13854166666666667,90,0.006000000000000005,7.025630077706069e-17,7.025630077706069e-17
OCRL,54,20,34,901,0.9823529411764708,0.986764705882353,0.998529411764706,0.9764705882352942,0.9911764705882352,0.48,0.998529411764706,0.92,0.998529411764706,0.5,0.9955882352941176,0.41,1.0,0.5,0.0044117647058823,0.0044117647058823,0.0117647058823529,0.0117647058823529,0.0014705882352941,0.0073529411764705,0.0,0.5,0.0073529411764705,-0.0102941176470587,12.592592592592592,54,20,34,bayes,0.5,0.9985294117647059,0.5,0.9911764705882353,0.5,1.0,0.986764705882353,0.9985294117647059,0.9764705882352942,0.0117647058823529,0.007352941176470562,0.0117647058823529,0.0014705882352941124,-0.010294117647058787,-0.022058823529411686,90,0.0,0.0,6.245004513516506e-17
OFD1,27,8,19,1012,0.9605263157894736,0.9078947368421052,0.9473684210526316,0.7631578947368421,0.9671052631578948,0.25,0.9473684210526316,0.8200000000000001,0.9078947368421052,0.6,0.9671052631578948,0.01,0.9605263157894736,0.37,-0.0526315789473684,0.0592105263157894,0.0394736842105264,1.1102230246251563e-16,0.013157894736842,-0.0592105263157893,-0.0394736842105263,0.6,-0.0592105263157893,-0.144736842105263,5.62962962962963,27,8,19,bayes,0.718,0.9078947368421053,0.263,0.9671052631578947,0.379,0.9605263157894737,0.9078947368421052,0.9473684210526316,0.7631578947368421,1.1102230246251565e-16,-0.05921052631578938,1.1102230246251565e-16,0.013157894736842035,-0.14473684210526305,-0.1842105263157895,90,0.118,2.465190328815662e-32,-8.326672684688674e-17
OPA1,91,42,49,1015,0.8435374149659864,0.9275996112730804,0.9183673469387754,0.9101068999028183,0.9275996112730804,1.0,0.9450923226433432,0.6,0.9480077745383868,0.6,0.9212827988338192,0.63,0.9470359572400388,0.5,0.0840621963070941,0.0,0.0174927113702625,0.0204081632653062,0.0286686103012634,0.0204081632653062,0.0029154518950437,0.6,0.0204081632653062,-0.0174927113702622,22.615384615384617,91,42,49,bayes,0.601,0.9480077745383868,1.0,0.9275996112730805,0.5,0.9470359572400389,0.9275996112730805,0.9183673469387754,0.9101068999028183,0.020408163265306256,0.020408163265306256,0.020408163265306256,0.028668610301263442,-0.017492711370262204,-0.008260447035957075,90,0.0010000000000000009,5.551115123125783e-17,5.551115123125783e-17
OPHN1,17,8,9,802,0.8611111111111112,0.861111111111111,0.888888888888889,0.875,0.875,0.78,0.888888888888889,0.54,0.902777777777778,0.56,0.9027777777777778,0.5700000000000001,0.888888888888889,0.0,-1.1102230246251563e-16,0.0138888888888889,0.0277777777777779,0.0416666666666668,0.0,0.0277777777777779,0.0138888888888889,0.56,0.0277777777777779,0.0138888888888889,4.235294117647059,17,8,9,bayes,0.558,0.9027777777777779,0.892,0.875,0.0,0.888888888888889,0.861111111111111,0.888888888888889,0.875,0.04166666666666685,0.0277777777777779,0.04166666666666685,0.0,0.01388888888888895,-0.01388888888888895,90,-0.0020000000000000018,4.85722573273506e-17,0.0
OTC,124,110,14,354,0.8642857142857143,0.8720779220779221,0.8785714285714286,0.8266233766233766,0.8818181818181818,0.48,0.8902597402597403,0.45,0.8818181818181818,0.37,0.8805194805194806,0.4,0.8831168831168831,0.21,0.0077922077922077,0.0097402597402597,0.0181818181818181,0.0097402597402597,0.0045454545454545,0.0,-0.0084415584415584,0.37,0.0,-0.0454545454545455,12.419354838709678,124,110,14,bayes,0.373,0.8818181818181818,0.536,0.8818181818181818,0.201,0.8831168831168831,0.8720779220779221,0.8785714285714286,0.8266233766233766,0.009740259740259716,0.0,0.009740259740259716,0.004545454545454519,-0.045454545454545525,-0.051948051948051965,90,0.0030000000000000027,1.5612511283791264e-17,0.0
PADI6,12,7,5,694,0.5142857142857143,0.6857142857142857,0.9142857142857144,0.5142857142857142,0.6857142857142857,0.8300000000000001,0.9142857142857144,0.58,0.8857142857142857,0.56,0.5428571428571429,0.16,0.942857142857143,0.22,0.1714285714285713,0.0,0.2285714285714285,0.1999999999999999,0.0285714285714286,0.1999999999999999,-0.0285714285714285,0.56,0.1999999999999999,-0.1714285714285714,2.9166666666666665,12,7,5,bayes,0.5630000000000001,0.8857142857142857,1.0,0.6857142857142857,0.466,0.942857142857143,0.6857142857142857,0.9142857142857143,0.5142857142857142,0.19999999999999996,0.19999999999999996,0.19999999999999996,0.028571428571428692,-0.17142857142857149,-0.4,90,0.0030000000000000027,5.551115123125783e-17,5.551115123125783e-17
PAFAH1B1,47,35,12,410,0.9428571428571428,0.911904761904762,0.9023809523809524,0.9428571428571428,0.9428571428571428,0.0,0.919047619047619,0.42,0.9452380952380952,0.96,0.95,0.87,0.9428571428571428,0.96,-0.0309523809523809,0.0309523809523809,0.0071428571428571,0.0333333333333333,0.0404761904761904,0.0023809523809523,0.0261904761904762,0.96,0.0023809523809523,0.0309523809523809,8.936170212765957,47,35,12,bayes,0.975,0.9452380952380952,0.0,0.9428571428571428,1.0,0.9428571428571428,0.9119047619047619,0.9023809523809524,0.9428571428571428,0.033333333333333326,0.0023809523809523725,0.033333333333333326,0.04047619047619044,0.030952380952380953,0.04047619047619044,90,0.015000000000000013,2.7755575615628914e-17,7.24247051220317e-17
PANK2,40,35,5,460,0.8457142857142856,0.8057142857142857,0.9771428571428572,0.8,0.8571428571428571,0.23,0.9771428571428572,0.68,0.84,0.29,0.8571428571428571,0.06,0.9771428571428572,0.0,-0.0399999999999999,0.0514285714285713,0.1714285714285713,0.0342857142857142,0.0,-0.0171428571428571,-0.1371428571428571,0.29,-0.0171428571428571,-0.0057142857142856,4.375,40,35,5,bayes,0.308,0.84,0.244,0.8571428571428571,0.0,0.9771428571428571,0.8057142857142857,0.9771428571428571,0.8,0.03428571428571425,-0.017142857142857126,0.03428571428571425,0.0,-0.005714285714285672,-0.17714285714285705,90,0.018000000000000016,5.551115123125783e-17,-2.7755575615628914e-17
PAX3,41,36,5,484,0.8444444444444444,0.9111111111111112,0.8944444444444445,0.9222222222222224,0.9166666666666666,0.3,0.938888888888889,0.35,0.9444444444444444,0.44,0.9388888888888888,0.63,0.95,0.31,0.0666666666666667,0.0055555555555554,0.0277777777777777,0.0333333333333332,0.0555555555555555,0.0277777777777777,0.0055555555555554,0.44,0.0277777777777777,0.011111111111111,4.390243902439025,41,36,5,bayes,0.5,0.9388888888888889,0.5,0.9166666666666666,0.343,0.9500000000000001,0.9111111111111112,0.8944444444444445,0.9222222222222223,0.02777777777777768,0.022222222222222254,0.02777777777777768,0.05555555555555558,0.011111111111111072,0.02777777777777779,90,0.06,-0.005555555555555522,-0.005555555555555446
PAX8,10,5,5,450,1.0,1.0,1.0,1.0,1.0,0.0,1.0,0.0,1.0,0.0,1.0,0.0,1.0,0.0,0.0,0.0,0.0,0.0,0.0,0.0,0.0,0.0,0.0,0.0,2.5,10,5,5,bayes,0.0,1.0,0.0,1.0,0.0,1.0,1.0,1.0,1.0,0.0,0.0,0.0,0.0,0.0,0.0,90,0.0,0.0,0.0
PCCA,27,20,7,728,0.7857142857142857,0.907142857142857,0.8142857142857143,0.7928571428571428,0.907142857142857,0.99,0.907142857142857,0.0,0.907142857142857,0.0,0.8285714285714285,0.38,0.8285714285714286,0.51,0.1214285714285713,0.0,0.0,0.0,0.0142857142857143,0.0,0.0,0.0,0.0,-0.1142857142857142,5.185185185185185,27,20,7,bayes,0.0,0.907142857142857,1.0,0.907142857142857,0.519,0.8285714285714286,0.907142857142857,0.8142857142857143,0.7928571428571428,0.0,0.0,0.0,0.014285714285714346,-0.11428571428571421,-0.021428571428571463,90,0.0,0.0,0.0
PCCB,47,42,5,539,0.8666666666666667,0.8809523809523809,0.8238095238095238,0.8285714285714285,0.8904761904761904,0.74,0.8809523809523809,0.0,0.8904761904761904,0.16,0.8809523809523809,0.19,0.8285714285714285,0.92,0.0142857142857142,0.0095238095238094,0.0,0.0095238095238094,0.0047619047619047,0.0,0.0095238095238094,0.16,0.0,-0.0523809523809524,4.468085106382978,47,42,5,bayes,0.223,0.8904761904761904,0.738,0.8904761904761904,0.9540000000000001,0.8333333333333333,0.8809523809523809,0.8238095238095238,0.8285714285714285,0.00952380952380949,0.0,0.00952380952380949,0.00952380952380949,-0.05238095238095242,0.004761904761904745,90,0.063,9.020562075079397e-17,0.0
PCSK9,19,6,13,692,0.7435897435897435,0.7948717948717949,0.717948717948718,0.5384615384615384,0.8076923076923077,0.21,0.8076923076923077,0.53,0.8205128205128205,0.05,0.7435897435897435,0.0,0.7307692307692308,0.33,0.0512820512820514,0.0128205128205127,0.0128205128205127,0.0256410256410255,0.0128205128205128,0.0128205128205127,0.0128205128205127,0.05,0.0128205128205127,-0.2564102564102565,4.105263157894737,19,6,13,bayes,0.082,0.8205128205128205,0.297,0.8076923076923077,0.332,0.7307692307692308,0.7948717948717949,0.717948717948718,0.5384615384615384,0.02564102564102555,0.012820512820512775,0.02564102564102555,0.012820512820512886,-0.2564102564102565,-0.17948717948717952,90,0.032,4.85722573273506e-17,7.45931094670027e-17
PCYT1A,20,6,14,367,0.5357142857142858,0.7261904761904762,1.0,0.9642857142857144,0.7380952380952381,0.97,1.0,0.43,0.9642857142857144,0.87,0.9642857142857144,0.89,1.0,0.0,0.1904761904761903,0.0119047619047619,0.2738095238095238,0.2380952380952381,0.0,0.2261904761904761,-0.0357142857142857,0.87,0.2261904761904761,0.2380952380952381,4.2,20,6,14,bayes,1.0,0.9642857142857143,0.968,0.7380952380952381,0.0,1.0,0.7261904761904762,1.0,0.9642857142857143,0.23809523809523814,0.22619047619047616,0.23809523809523814,0.0,0.23809523809523814,-0.0357142857142857,90,0.13,2.7755575615628914e-17,5.551115123125783e-17
PDE4D,22,13,9,809,0.5470085470085471,0.5982905982905984,0.9829059829059827,0.7948717948717949,0.6324786324786326,0.55,0.9829059829059827,0.99,0.7948717948717949,0.87,0.7948717948717949,1.0,0.9829059829059827,0.0,0.0512820512820513,0.0341880341880341,0.3846153846153844,0.1965811965811965,0.0,0.1623931623931623,-0.1880341880341879,0.87,0.1623931623931623,0.1965811965811965,5.318181818181818,22,13,9,bayes,1.0,0.7948717948717949,0.5750000000000001,0.6324786324786326,0.0,0.9829059829059829,0.5982905982905984,0.9829059829059829,0.7948717948717949,0.19658119658119655,0.16239316239316237,0.19658119658119655,0.0,0.19658119658119655,-0.18803418803418792,90,0.13,5.551115123125783e-17,8.326672684688674e-17
PDE6B,26,17,9,854,0.673202614379085,0.803921568627451,0.9215686274509804,0.7450980392156863,0.803921568627451,0.76,0.9215686274509804,0.78,0.8235294117647058,0.47,0.7450980392156863,0.93,0.9215686274509804,0.0,0.130718954248366,0.0,0.1176470588235294,0.0196078431372548,0.0,0.0196078431372548,-0.0980392156862746,0.47,0.0196078431372548,-0.0588235294117647,5.884615384615385,26,17,9,bayes,0.485,0.8235294117647058,1.0,0.803921568627451,0.0,0.9215686274509804,0.803921568627451,0.9215686274509804,0.7450980392156863,0.019607843137254832,0.019607843137254832,0.019607843137254832,0.0,-0.05882352941176472,-0.17647058823529416,90,0.015000000000000013,3.122502256758253e-17,3.122502256758253e-17
PDE6C,16,11,5,858,0.6545454545454545,0.7454545454545455,0.8545454545454546,0.8727272727272728,0.7454545454545455,0.43,0.8545454545454546,0.95,0.8909090909090909,0.56,0.8909090909090909,0.68,0.9454545454545454,0.47,0.0909090909090909,0.0,0.1090909090909091,0.1454545454545454,0.0909090909090908,0.1454545454545454,0.0363636363636362,0.56,0.1454545454545454,0.1272727272727273,3.4375,16,11,5,bayes,0.662,0.8909090909090909,1.0,0.7454545454545455,0.605,0.9454545454545454,0.7454545454545455,0.8545454545454546,0.8727272727272728,0.1454545454545454,0.1454545454545454,0.1454545454545454,0.09090909090909083,0.12727272727272732,0.018181818181818188,90,0.10199999999999998,0.0,0.0
PDHA1,63,53,10,390,0.9547169811320756,0.9735849056603774,0.9679245283018868,0.9830188679245284,0.9849056603773584,0.64,0.9754716981132076,0.21,0.9962264150943396,0.7000000000000001,0.9849056603773584,0.91,0.9962264150943396,0.47,0.0188679245283018,0.0113207547169811,0.0018867924528301,0.0226415094339622,0.0283018867924528,0.0113207547169811,0.020754716981132,0.7000000000000001,0.0113207547169811,0.0094339622641509,8.412698412698413,63,53,10,bayes,0.704,0.9962264150943396,0.667,0.9849056603773585,0.5,0.9962264150943396,0.9735849056603774,0.9679245283018868,0.9830188679245283,0.02264150943396226,0.01132075471698113,0.02264150943396226,0.028301886792452824,0.009433962264150941,0.015094339622641506,90,0.0039999999999998925,5.898059818321144e-17,2.949029909160572e-17
PEX6,24,17,7,980,0.7983193277310924,0.8739495798319328,0.8739495798319328,0.8067226890756303,0.8739495798319328,0.94,0.8991596638655461,0.47,0.8823529411764706,0.05,0.823529411764706,0.3,0.8907563025210083,0.11,0.0756302521008404,0.0,0.0252100840336133,0.0084033613445377,0.0168067226890755,0.0084033613445377,-0.0168067226890755,0.05,0.0084033613445377,-0.0672268907563025,4.958333333333333,24,17,7,bayes,0.149,0.8823529411764706,1.0,0.8739495798319328,0.273,0.8907563025210083,0.8739495798319328,0.8739495798319328,0.8067226890756303,0.008403361344537785,0.008403361344537785,0.008403361344537785,0.01680672268907557,-0.0672268907563025,-0.0672268907563025,90,0.09899999999999999,8.500145032286355e-17,8.500145032286355e-17
PHEX,139,117,22,749,0.968142968142968,0.9654234654234656,0.9452214452214452,0.9463869463869464,0.9755244755244756,0.49,0.9790209790209792,0.38,0.9747474747474748,0.4,0.970862470862471,0.32,0.9731934731934732,0.68,-0.0027195027195026,0.0101010101010101,0.0135975135975136,0.0093240093240093,0.0279720279720279,-0.0007770007770008,-0.0042735042735042,0.4,-0.0007770007770008,-0.019036519036519,18.51798561151079,139,117,22,bayes,0.5,0.9743589743589745,0.5,0.9755244755244756,0.717,0.9731934731934732,0.9654234654234655,0.9452214452214452,0.9463869463869464,0.008935508935508985,-0.0011655011655011815,0.008935508935508985,0.027972027972027913,-0.01903651903651904,0.0011655011655011815,90,0.09999999999999998,-0.0003885003885003152,-0.00038850038850038156
PIGA,27,13,14,484,0.912087912087912,0.9505494505494504,0.956043956043956,0.934065934065934,1.0,0.42,0.9725274725274726,0.19,0.9725274725274724,0.44,0.9835164835164836,0.5700000000000001,0.956043956043956,0.0,0.0384615384615384,0.0494505494505495,0.0219780219780221,0.021978021978022,0.0,-0.0274725274725274,-1.1102230246251563e-16,0.44,-0.0274725274725274,-0.0164835164835164,6.7407407407407405,27,13,14,bayes,0.438,0.9725274725274725,0.5,1.0,0.0,0.9560439560439561,0.9505494505494505,0.9560439560439561,0.9340659340659341,0.02197802197802201,-0.027472527472527486,0.02197802197802201,0.0,-0.016483516483516425,-0.02197802197802201,90,-0.0020000000000000018,1.0408340855860843e-17,-8.673617379884035e-17
PIGN,18,8,10,931,0.9,0.8625,0.925,0.7125,0.9,0.0,0.925,0.22,0.8625,0.0,0.9,0.0,0.925,0.0,-0.0374999999999999,0.0374999999999999,0.0625,0.0,0.0,-0.0374999999999999,-0.0625,0.0,-0.0374999999999999,-0.15,4.444444444444445,18,8,10,bayes,0.0,0.8625,0.0,0.9,0.0,0.925,0.8625,0.925,0.7125,0.0,-0.03749999999999998,0.0,0.0,-0.15000000000000002,-0.21250000000000002,90,0.0,0.0,-7.632783294297951e-17
PIK3R2,40,9,31,728,0.8781362007168458,0.8996415770609318,0.9175627240143368,0.4946236559139784,0.9247311827956988,0.54,0.9175627240143368,0.17,0.903225806451613,0.08,0.8781362007168458,0.0,0.9175627240143368,0.0,0.021505376344086,0.025089605734767,0.017921146953405,0.0035842293906811,0.0,-0.0215053763440858,-0.0143369175627239,0.08,-0.0215053763440858,-0.4050179211469534,6.975,40,9,31,bayes,0.078,0.903225806451613,0.551,0.9247311827956989,0.0,0.9175627240143369,0.8996415770609318,0.9175627240143369,0.49462365591397844,0.0035842293906811484,-0.02150537634408589,0.0035842293906811484,0.0,-0.4050179211469534,-0.4229390681003585,90,-0.0020000000000000018,4.85722573273506e-17,-9.020562075079397e-17
PKD2,16,7,9,968,0.9365079365079364,0.9365079365079364,0.9365079365079364,0.5873015873015872,0.9365079365079364,0.0,0.9365079365079364,0.0,0.9523809523809524,0.28,0.9365079365079364,0.0,0.9365079365079364,0.0,0.0,0.0,0.0,0.0158730158730158,0.0,0.0158730158730158,0.0158730158730158,0.28,0.0158730158730158,-0.3492063492063493,3.9375,16,7,9,bayes,0.293,0.9523809523809523,0.0,0.9365079365079365,0.0,0.9365079365079365,0.9365079365079365,0.9365079365079365,0.5873015873015872,0.015873015873015817,0.015873015873015817,0.015873015873015817,0.0,-0.3492063492063493,-0.3492063492063493,90,0.012999999999999956,1.734723475976807e-17,1.734723475976807e-17
PKP2,17,10,7,837,1.0,1.0,1.0,0.9428571428571428,1.0,0.0,1.0,0.0,1.0,0.0,1.0,0.0,1.0,0.0,0.0,0.0,0.0,0.0,0.0,0.0,0.0,0.0,0.0,-0.0571428571428571,4.117647058823529,17,10,7,bayes,0.0,1.0,0.0,1.0,0.0,1.0,1.0,1.0,0.9428571428571428,0.0,0.0,0.0,0.0,-0.05714285714285716,-0.05714285714285716,90,0.0,0.0,0.0
PMS2,48,20,28,862,0.9678571428571427,0.9875,0.9875,0.9660714285714288,0.9875,0.86,1.0,0.31,0.9910714285714286,0.08,0.9767857142857144,0.56,0.9928571428571428,0.39,0.019642857142857,1.1102230246251563e-16,0.0125,0.0035714285714286,0.0053571428571429,0.0035714285714285,-0.0089285714285713,0.08,0.0035714285714285,-0.0214285714285712,11.666666666666666,48,20,28,bayes,0.124,0.9910714285714286,0.977,0.9875,0.384,0.9928571428571429,0.9874999999999999,0.9874999999999999,0.9660714285714287,0.0035714285714286698,0.0035714285714285587,0.0035714285714286698,0.005357142857142949,-0.02142857142857124,-0.02142857142857124,90,0.044,6.982261990806649e-17,5.854691731421724e-17
PNPLA1,25,11,14,572,0.8181818181818182,0.922077922077922,0.9935064935064936,0.6948051948051948,0.922077922077922,0.95,0.9935064935064936,0.87,0.9285714285714284,0.22,0.8311688311688311,0.14,0.9935064935064936,0.0,0.1038961038961038,0.0,0.0714285714285715,0.0064935064935064,0.0,0.0064935064935064,-0.064935064935065,0.22,0.0064935064935064,-0.2272727272727273,6.16,25,11,14,bayes,0.222,0.9285714285714285,1.0,0.922077922077922,0.0,0.9935064935064936,0.922077922077922,0.9935064935064936,0.6948051948051948,0.00649350649350644,0.00649350649350644,0.00649350649350644,0.0,-0.2272727272727273,-0.2987012987012988,90,0.0020000000000000018,3.9898639947466563e-17,3.9898639947466563e-17
PNPT1,14,6,8,783,0.9166666666666669,0.9583333333333334,0.9583333333333334,0.8958333333333334,0.9791666666666666,0.35,1.0,0.41,0.9791666666666666,0.23,0.9166666666666669,0.0,0.9583333333333334,0.0,0.0416666666666666,0.0208333333333332,0.0416666666666666,0.0208333333333332,0.0,0.0,-0.0208333333333333,0.23,0.0,-0.0625,3.4285714285714284,14,6,8,bayes,0.5,0.9791666666666666,0.5,0.9791666666666666,0.0,0.9583333333333334,0.9583333333333334,0.9583333333333334,0.8958333333333334,0.02083333333333326,0.0,0.02083333333333326,0.0,-0.0625,-0.0625,90,0.27,5.898059818321144e-17,0.0
POLR1C,16,11,5,346,0.890909090909091,0.9454545454545455,0.8909090909090909,0.8909090909090909,0.981818181818182,0.35,0.9454545454545455,0.0,0.9454545454545455,0.0,0.981818181818182,0.45,0.9454545454545454,0.37,0.0545454545454545,0.0363636363636363,0.0,0.0,0.0545454545454545,-0.0363636363636363,0.0,0.0,-0.0363636363636363,-0.0545454545454546,3.4375,16,11,5,bayes,0.0,0.9454545454545455,0.5,0.9818181818181819,0.5,0.9454545454545454,0.9454545454545455,0.8909090909090909,0.8909090909090909,0.0,-0.036363636363636376,0.0,0.054545454545454564,-0.054545454545454675,0.0,90,0.0,0.0,-7.632783294297951e-17
PORCN,22,13,9,461,0.6581196581196581,0.8034188034188036,0.8803418803418804,0.7948717948717949,0.8034188034188036,0.96,0.8803418803418804,0.97,0.8461538461538463,0.48,0.8205128205128205,0.84,0.9145299145299146,0.65,0.1452991452991454,0.0,0.0769230769230768,0.0427350427350426,0.0341880341880341,0.0427350427350426,-0.0341880341880341,0.48,0.0427350427350426,-0.0085470085470086,5.318181818181818,22,13,9,bayes,0.5,0.8461538461538463,1.0,0.8034188034188036,0.671,0.9145299145299146,0.8034188034188036,0.8803418803418804,0.7948717948717949,0.042735042735042694,0.042735042735042694,0.042735042735042694,0.03418803418803418,-0.008547008547008628,-0.0854700854700855,90,0.020000000000000018,9.71445146547012e-17,9.71445146547012e-17
POT1,14,5,9,634,0.888888888888889,0.8444444444444444,0.8222222222222222,0.8444444444444446,0.9333333333333332,0.03,0.8444444444444444,0.0,0.9777777777777776,0.85,0.9111111111111112,0.68,0.9111111111111112,0.73,-0.0444444444444445,0.0888888888888888,0.0,0.1333333333333333,0.0888888888888889,0.0444444444444445,0.1333333333333333,0.85,0.0444444444444445,1.1102230246251563e-16,3.2142857142857144,14,5,9,bayes,0.855,0.9777777777777777,0.153,0.9333333333333332,0.77,0.9111111111111111,0.8444444444444444,0.8222222222222222,0.8444444444444446,0.1333333333333333,0.04444444444444451,0.1333333333333333,0.0888888888888889,1.1102230246251565e-16,0.022222222222222365,90,0.0050000000000000044,0.0,6.938893903907228e-18
PPP2R1A,32,11,21,589,0.670995670995671,0.9696969696969696,0.8917748917748918,0.9134199134199136,0.9696969696969696,0.93,0.9696969696969696,0.17,0.9696969696969696,0.0,0.9177489177489178,0.73,0.9350649350649352,0.42,0.2987012987012986,0.0,1.1102230246251563e-16,0.0,0.0432900432900433,0.0,-1.1102230246251563e-16,0.0,0.0,-0.0562770562770561,7.21875,32,11,21,bayes,0.0,0.9696969696969696,1.0,0.9696969696969696,0.44,0.9307359307359309,0.9696969696969696,0.8917748917748918,0.9134199134199135,0.0,0.0,0.0,0.038961038961039085,-0.05627705627705615,0.02164502164502169,90,0.0,0.0,0.0
PPP2R5D,18,13,5,602,0.3076923076923077,0.7538461538461538,0.7846153846153846,0.8307692307692308,0.7538461538461538,0.67,0.8,0.14,0.8461538461538463,0.56,0.8307692307692308,0.56,0.8307692307692308,0.91,0.4461538461538461,0.0,0.0461538461538462,0.0923076923076924,0.0461538461538462,0.0923076923076924,0.0461538461538462,0.56,0.0923076923076924,0.0769230769230769,3.611111111111111,18,13,5,bayes,0.589,0.8461538461538463,1.0,0.7538461538461538,1.0,0.8307692307692308,0.7538461538461538,0.7846153846153846,0.8307692307692308,0.09230769230769242,0.09230769230769242,0.09230769230769242,0.04615384615384621,0.07692307692307698,0.04615384615384621,90,0.028999999999999915,2.7755575615628914e-17,2.7755575615628914e-17
PPP3CA,18,13,5,521,0.6615384615384616,0.8461538461538463,0.8153846153846154,0.8307692307692307,0.8461538461538463,0.95,0.8923076923076925,0.14,0.923076923076923,0.31,0.8307692307692307,0.84,0.846153846153846,0.81,0.1846153846153846,0.0,0.0461538461538462,0.0769230769230767,0.0307692307692306,0.0769230769230767,0.0307692307692305,0.31,0.0769230769230767,-0.0153846153846155,3.611111111111111,18,13,5,bayes,0.313,0.923076923076923,1.0,0.8461538461538463,0.85,0.846153846153846,0.8461538461538463,0.8153846153846154,0.8307692307692307,0.07692307692307676,0.07692307692307676,0.07692307692307676,0.03076923076923066,-0.015384615384615552,0.01538461538461533,90,0.0030000000000000027,5.551115123125783e-17,5.551115123125783e-17
PRKAG2,27,17,10,569,0.7647058823529412,0.8588235294117647,1.0,0.9117647058823528,0.8588235294117647,0.95,1.0,0.62,0.9117647058823528,0.8300000000000001,0.9117647058823528,0.8300000000000001,1.0,0.0,0.0941176470588234,0.0,0.1411764705882353,0.0529411764705882,0.0,0.0529411764705882,-0.088235294117647,0.8300000000000001,0.0529411764705882,0.0529411764705882,6.296296296296297,27,17,10,bayes,1.0,0.9117647058823529,1.0,0.8588235294117647,0.0,1.0,0.8588235294117647,1.0,0.9117647058823529,0.05294117647058827,0.05294117647058827,0.05294117647058827,0.0,0.05294117647058827,-0.08823529411764708,90,0.16999999999999993,6.938893903907228e-17,6.938893903907228e-17
PRKCG,26,21,5,697,0.9142857142857144,0.9523809523809524,0.961904761904762,0.9333333333333332,0.9619047619047618,0.64,0.961904761904762,0.52,0.9714285714285716,0.44,0.9714285714285716,0.43,0.980952380952381,0.67,0.038095238095238,0.0095238095238094,0.0095238095238096,0.0190476190476192,0.019047619047619,0.0095238095238097,0.0095238095238096,0.44,0.0095238095238097,-0.0190476190476189,4.038461538461538,26,21,5,bayes,0.5,0.9714285714285715,0.796,0.9619047619047618,0.668,0.980952380952381,0.9523809523809523,0.9619047619047619,0.9333333333333333,0.019047619047619202,0.009523809523809712,0.019047619047619202,0.01904761904761909,-0.01904761904761898,-0.02857142857142858,90,0.06,3.469446951953614e-18,1.214306433183765e-17
PRKN,16,7,9,465,0.7777777777777778,0.9682539682539684,1.0,0.9206349206349208,0.9682539682539684,0.49,1.0,0.08,0.9682539682539684,0.0,0.9206349206349208,0.8200000000000001,1.0,0.0,0.1904761904761904,0.0,0.0317460317460317,0.0,0.0,0.0,-0.0317460317460317,0.0,0.0,-0.0476190476190475,3.9375,16,7,9,bayes,0.0,0.9682539682539683,1.0,0.9682539682539683,0.0,1.0,0.9682539682539683,1.0,0.9206349206349207,0.0,0.0,0.0,0.0,-0.04761904761904756,-0.0793650793650793,90,0.0,0.0,0.0
PRMT7,10,5,5,692,0.88,1.0,0.8,0.96,1.0,0.23,1.0,0.0,1.0,0.0,1.0,0.18,1.0,0.6,0.12,0.0,0.0,0.0,0.1999999999999999,0.0,0.0,0.0,0.0,-0.0399999999999999,2.5,10,5,5,bayes,0.0,1.0,1.0,1.0,0.651,1.0,1.0,0.8,0.9600000000000001,0.0,0.0,0.0,0.19999999999999996,-0.039999999999999925,0.16000000000000003,90,0.0,0.0,0.0
PROM1,13,8,5,865,0.85,0.7250000000000001,0.8,0.8,0.85,0.0,0.8,0.43,0.8250000000000001,0.63,0.85,0.0,0.85,0.42,-0.1249999999999998,0.1249999999999998,0.0749999999999999,0.0999999999999999,0.0499999999999999,-0.0249999999999999,0.025,0.63,-0.0249999999999999,0.0749999999999999,3.076923076923077,13,8,5,bayes,0.757,0.8250000000000001,0.0,0.85,0.5,0.85,0.7250000000000001,0.8,0.8,0.09999999999999998,-0.02499999999999991,0.09999999999999998,0.04999999999999993,0.07499999999999996,0.0,90,0.127,8.326672684688674e-17,-1.0408340855860843e-17
PRRT2,35,14,21,340,0.9183673469387756,0.9625850340136056,0.9965986394557824,0.7891156462585034,0.9863945578231292,0.4,1.0,0.37,0.9625850340136056,0.0,0.9285714285714288,0.28,1.0,0.07,0.0442176870748298,0.0238095238095237,0.0374149659863944,0.0,0.0034013605442176,-0.0238095238095237,-0.0374149659863944,0.0,-0.0238095238095237,-0.1734693877551021,8.4,35,14,21,bayes,0.0,0.9625850340136055,0.5,0.9863945578231292,0.195,1.0,0.9625850340136055,0.9965986394557823,0.7891156462585034,0.0,-0.023809523809523725,0.0,0.003401360544217691,-0.17346938775510212,-0.20748299319727892,90,0.0,0.0,-2.42861286636753e-17
PRSS1,22,7,15,247,0.6285714285714286,0.6000000000000001,0.7142857142857144,0.7047619047619048,0.638095238095238,0.08,0.7142857142857144,0.95,0.7428571428571429,0.53,0.7238095238095238,0.67,0.7333333333333334,0.81,-0.0285714285714284,0.0380952380952379,0.1142857142857143,0.1428571428571428,0.0190476190476189,0.1047619047619048,0.0285714285714284,0.53,0.1047619047619048,0.1047619047619047,4.7727272727272725,22,7,15,bayes,0.593,0.7428571428571429,0.092,0.638095238095238,0.8170000000000001,0.7333333333333334,0.6000000000000001,0.7142857142857144,0.7047619047619048,0.1428571428571428,0.10476190476190483,0.1428571428571428,0.01904761904761898,0.10476190476190472,-0.009523809523809601,90,0.06299999999999994,0.0,2.7755575615628914e-17
PTEN,177,172,5,403,0.9767441860465116,1.0,0.9976744186046512,0.9744186046511628,1.0,0.73,1.0,0.0,1.0,0.0,0.9883720930232558,0.68,1.0,0.01,0.0232558139534884,0.0,0.0,0.0,0.0023255813953487,0.0,0.0,0.0,0.0,-0.0255813953488371,4.858757062146893,177,172,5,bayes,0.0,1.0,1.0,1.0,0.5,1.0,1.0,0.9976744186046512,0.9744186046511628,0.0,0.0,0.0,0.0023255813953487747,-0.025581395348837188,-0.023255813953488413,90,0.0,0.0,0.0
PTPN11,99,91,8,593,0.6717032967032966,0.6552197802197801,0.9505494505494504,0.7596153846153846,0.6771978021978022,0.01,0.9519230769230768,0.94,0.7637362637362637,0.94,0.7651098901098902,0.85,0.956043956043956,0.39,-0.0164835164835165,0.0219780219780221,0.2967032967032967,0.1085164835164835,0.0054945054945054,0.0865384615384614,-0.1881868131868131,0.94,0.0865384615384614,0.1043956043956044,7.353535353535354,99,91,8,bayes,0.9380000000000001,0.7637362637362637,0.015,0.6771978021978022,0.397,0.956043956043956,0.6552197802197801,0.9505494505494505,0.7596153846153846,0.10851648351648358,0.08653846153846145,0.10851648351648358,0.005494505494505475,0.10439560439560447,-0.19093406593406592,90,-0.0019999999999998908,6.938893903907228e-17,5.551115123125783e-17
PUF60,17,12,5,559,0.8833333333333333,0.8833333333333333,0.9,0.8500000000000001,0.8833333333333333,0.0,0.9,0.27,0.8833333333333333,0.0,0.8833333333333333,0.0,0.9,0.0,0.0,0.0,0.0166666666666667,0.0,0.0,0.0,-0.0166666666666667,0.0,0.0,-0.0333333333333332,3.5294117647058822,17,12,5,bayes,0.0,0.8833333333333333,0.0,0.8833333333333333,0.0,0.9,0.8833333333333333,0.9,0.8500000000000001,0.0,0.0,0.0,0.0,-0.033333333333333215,-0.04999999999999993,90,0.0,0.0,0.0
PURA,58,41,17,322,0.8909612625538019,0.8436154949784791,0.9454806312769012,0.7374461979913917,0.9182209469153516,0.22,0.9454806312769012,0.93,0.8565279770444763,0.33,0.8938307030129125,0.13,0.9526542324246772,0.21,-0.0473457675753228,0.0746054519368724,0.1018651362984219,0.0129124820659971,0.007173601147776,-0.0616929698708752,-0.0889526542324248,0.33,-0.0616929698708752,-0.1061692969870874,12.017241379310343,58,41,17,bayes,0.383,0.8565279770444763,0.47300000000000003,0.9182209469153515,0.226,0.9526542324246772,0.8436154949784791,0.9454806312769011,0.7374461979913917,0.012912482065997155,-0.06169296987087525,0.012912482065997155,0.007173601147776099,-0.10616929698708744,-0.2080344332855094,90,0.05299999999999999,5.551115123125783e-17,-4.85722573273506e-17
RAF1,46,28,18,648,0.6924603174603174,0.9702380952380952,0.9682539682539684,0.7083333333333334,0.9742063492063492,0.9,0.988095238095238,0.18,0.9742063492063492,0.21,0.7480158730158731,0.5700000000000001,0.9722222222222224,0.15,0.2777777777777779,0.0039682539682539,0.0178571428571426,0.0039682539682539,0.0039682539682539,0.0,-0.0138888888888887,0.21,0.0,-0.261904761904762,10.956521739130435,46,28,18,bayes,0.263,0.9742063492063493,0.9440000000000001,0.9742063492063493,0.169,0.9722222222222223,0.9702380952380953,0.9682539682539684,0.7083333333333334,0.003968253968253954,0.0,0.003968253968253954,0.003968253968253954,-0.261904761904762,-0.259920634920635,90,0.05300000000000002,5.377642775528102e-17,0.0
RAG2,58,49,9,527,0.6916099773242631,0.891156462585034,0.81859410430839,0.7732426303854876,0.891156462585034,0.94,0.891156462585034,0.0,0.9160997732426304,0.48,0.7913832199546486,0.73,0.8752834467120181,0.63,0.1995464852607709,0.0,0.0,0.0249433106575963,0.0566893424036281,0.0249433106575963,0.0249433106575963,0.48,0.0249433106575963,-0.1179138321995464,7.603448275862069,58,49,9,bayes,0.5,0.9160997732426304,1.0,0.891156462585034,0.631,0.8752834467120181,0.891156462585034,0.81859410430839,0.7732426303854876,0.024943310657596363,0.024943310657596363,0.024943310657596363,0.05668934240362811,-0.11791383219954643,-0.0453514739229024,90,0.020000000000000018,6.245004513516506e-17,6.245004513516506e-17
RALA,14,8,6,206,0.9791666666666669,0.7083333333333334,0.8125,0.875,0.9791666666666669,0.0,0.8125,0.95,0.875,0.85,0.9791666666666669,0.0,0.875,0.65,-0.2708333333333333,0.2708333333333333,0.1041666666666666,0.1666666666666666,0.0625,-0.1041666666666667,0.0625,0.85,-0.1041666666666667,0.1666666666666666,3.4285714285714284,14,8,6,bayes,1.0,0.875,0.0,0.9791666666666667,1.0,0.875,0.7083333333333334,0.8125,0.875,0.16666666666666663,-0.10416666666666674,0.16666666666666663,0.0625,0.16666666666666663,0.0625,90,0.15000000000000002,2.7755575615628914e-17,-4.163336342344337e-17
RARS1,12,7,5,660,0.9714285714285716,1.0,0.7714285714285714,1.0,1.0,0.27,1.0,0.0,1.0,0.0,1.0,0.1,1.0,0.88,0.0285714285714284,0.0,0.0,0.0,0.2285714285714286,0.0,0.0,0.0,0.0,0.0,2.9166666666666665,12,7,5,bayes,0.0,1.0,1.0,1.0,1.0,1.0,1.0,0.7714285714285714,1.0,0.0,0.0,0.0,0.22857142857142865,0.0,0.22857142857142865,90,0.0,0.0,0.0
RARS2,25,14,11,578,0.9415584415584416,1.0,0.9870129870129868,0.9675324675324676,1.0,0.99,1.0,0.0,1.0,0.0,0.9870129870129868,0.54,1.0,0.11,0.0584415584415584,0.0,0.0,0.0,0.0129870129870131,0.0,0.0,0.0,0.0,-0.0324675324675325,6.16,25,14,11,bayes,0.0,1.0,1.0,1.0,0.5,1.0,1.0,0.9870129870129869,0.9675324675324675,0.0,0.0,0.0,0.012987012987013102,-0.032467532467532534,-0.01948051948051943,90,0.0,0.0,0.0
RB1,42,27,15,928,0.8617283950617284,0.8666666666666667,0.9185185185185184,0.6049382716049382,0.8987654320987655,0.47,0.9209876543209876,0.52,0.8814814814814815,0.4,0.8691358024691358,0.35,0.930864197530864,0.61,0.0049382716049383,0.0320987654320987,0.0543209876543209,0.0148148148148148,0.0123456790123456,-0.0172839506172839,-0.039506172839506,0.4,-0.0172839506172839,-0.2617283950617285,9.642857142857142,42,27,15,bayes,0.5,0.8814814814814815,0.5,0.8987654320987655,0.634,0.9308641975308641,0.8666666666666667,0.9185185185185185,0.6049382716049382,0.014814814814814836,-0.01728395061728394,0.014814814814814836,0.012345679012345623,-0.2617283950617285,-0.31358024691358033,90,0.09999999999999998,3.642919299551295e-17,-3.8163916471489756e-17
RHO,92,86,6,348,0.7751937984496123,0.8662790697674418,0.8294573643410853,0.8236434108527132,0.8662790697674418,0.97,0.8662790697674418,0.0,0.8662790697674418,0.0,0.8255813953488372,0.86,0.8372093023255814,0.37,0.0910852713178295,0.0,0.0,0.0,0.0077519379844961,0.0,0.0,0.0,0.0,-0.0426356589147286,5.608695652173913,92,86,6,bayes,0.0,0.8662790697674418,1.0,0.8662790697674418,0.5,0.8372093023255814,0.8662790697674418,0.8294573643410853,0.8236434108527132,0.0,0.0,0.0,0.007751937984496138,-0.04263565891472865,-0.005813953488372103,90,0.0,0.0,0.0
RHOBTB2,81,7,74,727,0.4633204633204633,0.7316602316602316,0.6177606177606176,0.4942084942084942,0.7316602316602318,0.98,0.7335907335907336,0.03,0.749034749034749,0.11,0.4942084942084942,0.99,0.6370656370656371,0.53,0.2683397683397683,1.1102230246251563e-16,0.0019305019305019,0.0173745173745173,0.0193050193050194,0.0173745173745172,0.0154440154440154,0.11,0.0173745173745172,-0.2374517374517374,6.395061728395062,81,7,74,bayes,0.10400000000000001,0.749034749034749,0.977,0.7316602316602318,0.5,0.6351351351351351,0.7316602316602316,0.6177606177606176,0.4942084942084942,0.01737451737451734,0.01737451737451723,0.01737451737451734,0.01737451737451745,-0.23745173745173742,-0.12355212355212342,90,-0.0059999999999999915,3.8163916471489756e-17,2.7755575615628914e-17
RLIM,15,7,8,624,0.8214285714285714,0.7857142857142857,1.0,0.9464285714285714,0.8214285714285714,0.0,1.0,0.42,0.9464285714285714,0.8,0.9464285714285714,0.71,1.0,0.0,-0.0357142857142857,0.0357142857142857,0.2142857142857143,0.1607142857142857,0.0,0.125,-0.0535714285714286,0.8,0.125,0.1607142857142857,3.733333333333333,15,7,8,bayes,1.0,0.9464285714285714,0.0,0.8214285714285714,0.0,1.0,0.7857142857142857,1.0,0.9464285714285714,0.1607142857142857,0.125,0.1607142857142857,0.0,0.1607142857142857,-0.0535714285714286,90,0.19999999999999996,0.0,0.0
ROBO4,25,6,19,1007,0.4824561403508772,0.4824561403508772,0.5350877192982456,0.6403508771929824,0.5263157894736843,0.28,0.5350877192982456,0.99,0.6403508771929824,0.89,0.6403508771929824,0.84,0.6403508771929824,1.0,0.0,0.0438596491228071,0.0526315789473684,0.1578947368421052,0.1052631578947368,0.1140350877192981,0.1052631578947368,0.89,0.1140350877192981,0.1578947368421052,4.56,25,6,19,bayes,1.0,0.6403508771929824,0.402,0.5263157894736843,1.0,0.6403508771929824,0.4824561403508772,0.5350877192982456,0.6403508771929824,0.15789473684210525,0.11403508771929816,0.15789473684210525,0.10526315789473684,0.15789473684210525,0.10526315789473684,90,0.10999999999999999,5.551115123125783e-17,5.551115123125783e-17
ROR2,26,6,20,943,0.6499999999999999,0.85,0.7749999999999999,0.6,0.85,0.96,0.85,0.0,0.8500000000000001,0.54,0.6916666666666668,0.66,0.8166666666666668,0.33,0.2,0.0,0.0,1.1102230246251563e-16,0.0416666666666668,1.1102230246251563e-16,1.1102230246251563e-16,0.54,1.1102230246251563e-16,-0.25,4.615384615384615,26,6,20,bayes,0.5760000000000001,0.8500000000000001,1.0,0.85,0.334,0.8166666666666668,0.85,0.7749999999999999,0.6,1.1102230246251565e-16,1.1102230246251565e-16,1.1102230246251565e-16,0.04166666666666685,-0.25,-0.17499999999999993,90,0.03600000000000003,2.465190328815662e-32,2.465190328815662e-32
RP2,24,7,17,350,1.0,1.0,1.0,0.7394957983193278,1.0,0.0,1.0,0.0,1.0,0.0,1.0,0.0,1.0,0.0,0.0,0.0,0.0,0.0,0.0,0.0,0.0,0.0,0.0,-0.2605042016806722,4.958333333333333,24,7,17,bayes,0.0,1.0,0.0,1.0,0.0,1.0,1.0,1.0,0.7394957983193278,0.0,0.0,0.0,0.0,-0.26050420168067223,-0.26050420168067223,90,0.0,0.0,0.0
RPE65,84,78,6,533,0.8547008547008547,0.8952991452991453,0.8739316239316239,0.8739316239316239,0.9252136752136751,0.63,0.905982905982906,0.11,0.9337606837606838,0.47,0.8952991452991453,0.73,0.905982905982906,0.59,0.0405982905982906,0.0299145299145299,0.0106837606837607,0.0384615384615384,0.0320512820512821,0.0085470085470085,0.0277777777777776,0.47,0.0085470085470085,-0.0213675213675214,5.571428571428571,84,78,6,bayes,0.5,0.9337606837606838,0.654,0.9252136752136753,0.708,0.9038461538461539,0.8952991452991453,0.8739316239316239,0.8739316239316239,0.038461538461538436,0.008547008547008517,0.038461538461538436,0.02991452991452992,-0.021367521367521403,0.0,90,0.030000000000000027,3.469446951953614e-17,1.734723475976807e-17
RPS6KA3,30,25,5,740,0.8640000000000001,0.888,1.0,0.888,0.896,0.38,1.0,0.32,0.888,0.0,0.896,0.12,1.0,0.0,0.0239999999999999,0.008,0.1119999999999999,0.0,0.0,-0.008,-0.1119999999999999,0.0,-0.008,0.0,4.166666666666667,30,25,5,bayes,0.0,0.888,0.5,0.896,0.0,1.0,0.888,1.0,0.888,0.0,-0.008000000000000007,0.0,0.0,0.0,-0.11199999999999999,90,0.0,0.0,-6.938893903907228e-18
RS1,101,92,9,224,0.893719806763285,0.9082125603864736,0.8792270531400966,0.7608695652173914,0.9420289855072465,0.45,0.92512077294686,0.34,0.9118357487922706,0.44,0.9178743961352656,0.45,0.9094202898550724,0.55,0.0144927536231884,0.0338164251207728,0.0169082125603865,0.0036231884057971,0.0301932367149758,-0.0301932367149757,-0.0132850241545894,0.44,-0.0301932367149757,-0.1473429951690821,8.198019801980198,101,92,9,bayes,0.44,0.9118357487922706,0.45,0.9420289855072463,0.548,0.9094202898550725,0.9082125603864735,0.8792270531400966,0.7608695652173914,0.0036231884057971175,-0.030193236714975757,0.0036231884057971175,0.03019323671497587,-0.1473429951690821,-0.11835748792270528,90,0.0,1.734723475976807e-17,-5.898059818321144e-17
RUNX1,62,30,32,480,0.6031249999999999,0.628125,0.9979166666666668,0.4447916666666667,0.6291666666666667,0.85,0.9979166666666668,0.73,0.628125,0.0,0.6072916666666667,0.02,0.9979166666666668,0.0,0.0250000000000001,0.0010416666666666,0.3697916666666666,0.0,0.0,-0.0010416666666666,-0.3697916666666666,0.0,-0.0010416666666666,-0.1833333333333333,15.483870967741936,62,30,32,bayes,0.0,0.628125,0.85,0.6291666666666667,0.0,0.9979166666666667,0.628125,0.9979166666666667,0.4447916666666667,0.0,-0.0010416666666666075,0.0,0.0,-0.18333333333333335,-0.553125,90,0.0,0.0,-7.37257477290143e-18
SATB2,90,32,58,733,0.8189655172413792,0.890625,0.913793103448276,0.7731681034482759,0.9078663793103448,0.61,0.9175646551724138,0.62,0.9008620689655172,0.5,0.847521551724138,0.48,0.9186422413793104,0.35,0.0716594827586207,0.0172413793103447,0.0269396551724138,0.0102370689655172,0.0048491379310343,-0.0070043103448275,-0.0167025862068965,0.5,-0.0070043103448275,-0.117456896551724,20.622222222222224,90,32,58,bayes,0.5,0.9008620689655172,0.621,0.9078663793103448,0.377,0.9186422413793104,0.890625,0.913793103448276,0.7731681034482759,0.010237068965517238,-0.0070043103448275135,0.010237068965517238,0.004849137931034364,-0.11745689655172409,-0.1406250000000001,90,0.0,3.8163916471489756e-17,-1.3877787807814457e-17
SCNN1B,14,6,8,640,0.8541666666666667,0.9583333333333334,0.7916666666666667,0.7083333333333334,0.9791666666666666,0.84,0.9583333333333334,0.0,0.9791666666666666,0.01,0.875,0.12,0.8333333333333334,0.1,0.1041666666666666,0.0208333333333332,0.0,0.0208333333333332,0.0416666666666666,0.0,0.0208333333333332,0.01,0.0,-0.25,3.4285714285714284,14,6,8,bayes,0.11,0.9791666666666666,0.921,0.9791666666666666,0.14,0.8333333333333334,0.9583333333333334,0.7916666666666667,0.7083333333333334,0.02083333333333326,0.0,0.02083333333333326,0.04166666666666663,-0.25,-0.08333333333333337,90,0.1,5.898059818321144e-17,0.0
SEC23B,11,6,5,767,0.8666666666666667,0.8666666666666667,0.8666666666666667,0.5666666666666667,0.9,0.21,0.9333333333333332,0.88,0.9,0.15,0.9333333333333332,0.39,0.9333333333333332,0.14,0.0,0.0333333333333333,0.0666666666666666,0.0333333333333333,0.0666666666666666,0.0,-0.0333333333333333,0.15,0.0,-0.3,2.727272727272727,11,6,5,bayes,0.33,0.9,0.3,0.9,0.298,0.9333333333333333,0.8666666666666667,0.8666666666666667,0.5666666666666667,0.033333333333333326,0.0,0.033333333333333326,0.06666666666666665,-0.30000000000000004,-0.30000000000000004,90,0.18000000000000002,2.7755575615628914e-17,0.0
SELENON,13,5,8,590,0.5,1.0,0.6,0.6000000000000001,1.0,0.49,1.0,0.0,1.0,0.0,0.6000000000000001,0.92,0.6000000000000001,0.92,0.5,0.0,0.0,0.0,1.1102230246251563e-16,0.0,0.0,0.0,0.0,-0.3999999999999999,3.076923076923077,13,5,8,bayes,0.0,1.0,1.0,1.0,1.0,0.6000000000000001,1.0,0.6,0.6000000000000001,0.0,0.0,0.0,1.1102230246251565e-16,-0.3999999999999999,1.1102230246251565e-16,90,0.0,0.0,0.0
SERAC1,13,5,8,654,1.0,1.0,1.0,0.95,1.0,0.0,1.0,0.0,1.0,0.0,1.0,0.0,1.0,0.0,0.0,0.0,0.0,0.0,0.0,0.0,0.0,0.0,0.0,-0.05,3.076923076923077,13,5,8,bayes,0.0,1.0,0.0,1.0,0.0,1.0,1.0,1.0,0.95,0.0,0.0,0.0,0.0,-0.050000000000000044,-0.050000000000000044,90,0.0,0.0,0.0
SERPINA1,50,9,41,418,0.8211382113821138,0.8644986449864498,0.7425474254742548,0.8075880758807589,0.8780487804878048,0.85,0.8644986449864498,0.0,0.8888888888888888,0.25,0.8319783197831978,0.13,0.8319783197831978,0.65,0.0433604336043359,0.0135501355013549,0.0,0.024390243902439,0.089430894308943,0.010840108401084,0.024390243902439,0.25,0.010840108401084,-0.0569105691056909,7.38,50,9,41,bayes,0.246,0.8888888888888888,0.846,0.8780487804878048,0.734,0.8319783197831979,0.8644986449864498,0.7425474254742548,0.8075880758807589,0.024390243902439046,0.01084010840108407,0.024390243902439046,0.08943089430894313,-0.05691056910569092,0.06504065040650409,90,-0.0040000000000000036,4.5102810375396984e-17,6.938893903907228e-17
SERPINC1,55,48,7,464,0.7470238095238094,0.7440476190476191,0.8095238095238095,0.761904761904762,0.75,0.56,0.8154761904761905,0.94,0.7738095238095237,0.46,0.7648809523809524,0.51,0.8095238095238095,0.0,-0.0029761904761903,0.0059523809523809,0.0714285714285714,0.0297619047619046,0.0,0.0238095238095237,-0.0416666666666667,0.46,0.0238095238095237,0.0178571428571429,6.109090909090909,55,48,7,bayes,0.467,0.7708333333333334,0.083,0.7499999999999999,0.0,0.8095238095238095,0.7440476190476191,0.8095238095238095,0.761904761904762,0.0267857142857143,0.02083333333333348,0.0267857142857143,0.0,0.017857142857142905,-0.04761904761904756,90,0.007000000000000006,-0.002976190476190299,-0.0029761904761902193
SERPING1,113,90,23,500,0.946376811594203,0.9903381642512076,0.9859903381642512,0.8743961352657005,0.9917874396135264,0.63,0.9942028985507246,0.54,0.9913043478260868,0.05,0.9468599033816426,0.02,0.9869565217391304,0.1,0.0439613526570047,0.0014492753623187,0.0038647342995169,0.000966183574879,0.0009661835748792,-0.0004830917874396,-0.0028985507246378,0.05,-0.0004830917874396,-0.1159420289855072,18.31858407079646,113,90,23,bayes,0.07,0.9913043478260868,0.631,0.9917874396135264,0.116,0.9869565217391305,0.9903381642512077,0.9859903381642513,0.8743961352657005,0.0009661835748790981,-0.0004830917874396601,0.0009661835748790981,0.0009661835748792091,-0.1159420289855072,-0.11159420289855082,90,0.020000000000000004,9.812029660993815e-17,-6.006480035569695e-17
SGSH,44,33,11,502,0.6143250688705234,0.6776859504132231,0.8209366391184573,0.6666666666666666,0.6776859504132231,1.0,0.8236914600550964,0.5700000000000001,0.721763085399449,0.41,0.6831955922865013,0.85,0.8264462809917357,0.16,0.0633608815426997,0.0,0.1460055096418733,0.0440771349862259,0.0055096418732784,0.0440771349862259,-0.1019283746556474,0.41,0.0440771349862259,-0.0110192837465564,8.25,44,33,11,bayes,0.437,0.721763085399449,1.0,0.6776859504132231,0.093,0.8264462809917354,0.6776859504132231,0.8209366391184573,0.6666666666666666,0.0440771349862259,0.0440771349862259,0.0440771349862259,0.0055096418732781816,-0.011019283746556474,-0.15426997245179064,90,0.027000000000000024,0.0,0.0
SH3BP2,16,6,10,561,0.3833333333333333,0.1499999999999999,0.1333333333333333,0.4999999999999999,0.3833333333333333,0.0,0.1666666666666666,0.02,0.4999999999999999,0.98,0.4999999999999999,0.92,0.4999999999999999,0.98,-0.2333333333333333,0.2333333333333333,0.0166666666666666,0.35,0.3666666666666666,0.1166666666666666,0.3333333333333333,0.98,0.1166666666666666,0.35,3.75,16,6,10,bayes,1.0,0.49999999999999994,0.0,0.3833333333333333,1.0,0.49999999999999994,0.14999999999999997,0.1333333333333333,0.49999999999999994,0.35,0.11666666666666664,0.35,0.36666666666666664,0.35,0.36666666666666664,90,0.020000000000000018,0.0,4.163336342344337e-17
SKI,43,18,25,728,0.4533333333333333,1.0,0.8688888888888888,0.5,1.0,0.66,1.0,0.0,1.0,0.0,0.5844444444444444,0.5700000000000001,0.8688888888888889,0.12,0.5466666666666666,0.0,0.0,0.0,1.1102230246251563e-16,0.0,0.0,0.0,0.0,-0.5,10.465116279069768,43,18,25,bayes,0.0,1.0,1.0,1.0,0.136,0.8711111111111111,1.0,0.8688888888888888,0.5,0.0,0.0,0.0,0.0022222222222222365,-0.5,-0.3688888888888888,90,0.0,0.0,0.0
SLC12A3,101,90,11,1021,0.8848484848484849,0.9494949494949496,0.902020202020202,0.8363636363636363,0.9494949494949496,0.99,0.9505050505050504,0.25,0.9494949494949496,0.0,0.8929292929292929,0.12,0.9151515151515152,0.5,0.0646464646464646,0.0,0.001010101010101,0.0,0.0131313131313132,0.0,-0.001010101010101,0.0,0.0,-0.1131313131313132,9.801980198019802,101,90,11,bayes,0.0,0.9494949494949495,1.0,0.9494949494949495,0.5,0.9151515151515153,0.9494949494949495,0.902020202020202,0.8363636363636363,0.0,0.0,0.0,0.013131313131313216,-0.1131313131313132,-0.06565656565656575,90,0.0,0.0,0.0
SLC16A2,40,20,20,539,0.96,0.9525,0.9425,0.7625000000000001,0.9675,0.6,0.9625,0.16,0.955,0.03,0.96,0.0,0.9425,0.0,-0.0074999999999999,0.0149999999999999,0.01,0.0024999999999999,0.0,-0.0124999999999999,-0.0075,0.03,-0.0124999999999999,-0.1899999999999999,10.0,40,20,20,bayes,0.083,0.955,0.611,0.9674999999999999,0.0,0.9425,0.9525,0.9425,0.7625000000000001,0.0024999999999999467,-0.012499999999999956,0.0024999999999999467,0.0,-0.18999999999999995,-0.17999999999999994,90,0.053000000000000005,4.683753385137379e-17,-5.551115123125783e-17
SLC19A3,16,9,7,496,1.0,0.9841269841269842,0.9682539682539684,0.746031746031746,1.0,0.0,0.9841269841269842,0.0,0.9841269841269842,0.0,1.0,0.0,0.9841269841269842,0.2,-0.0158730158730158,0.0158730158730158,0.0,0.0,0.0158730158730158,-0.0158730158730158,0.0,0.0,-0.0158730158730158,-0.2380952380952381,3.9375,16,9,7,bayes,0.0,0.9841269841269842,0.0,1.0,0.339,0.9841269841269842,0.9841269841269842,0.9682539682539684,0.746031746031746,0.0,-0.015873015873015817,0.0,0.015873015873015817,-0.23809523809523814,-0.22222222222222232,90,0.0,0.0,-1.734723475976807e-17
SLC1A2,62,6,56,574,0.7023809523809523,0.7946428571428571,0.7113095238095238,0.7410714285714286,0.7946428571428571,0.9,0.7946428571428571,0.0,0.8005952380952381,0.1,0.7470238095238095,0.8200000000000001,0.7559523809523809,0.47,0.0922619047619047,0.0,0.0,0.005952380952381,0.044642857142857,0.005952380952381,0.005952380952381,0.1,0.005952380952381,-0.0535714285714284,5.419354838709677,62,6,56,bayes,0.10200000000000001,0.8005952380952381,1.0,0.7946428571428571,0.5,0.7559523809523809,0.7946428571428571,0.7113095238095238,0.7410714285714286,0.005952380952381042,0.005952380952381042,0.005952380952381042,0.044642857142857095,-0.05357142857142849,0.029761904761904767,90,0.0020000000000000018,4.2500725161431774e-17,4.2500725161431774e-17
SLC20A2,15,8,7,652,0.8571428571428572,0.8571428571428572,0.8392857142857143,0.7857142857142857,0.8571428571428572,0.0,0.8571428571428572,0.0,0.8571428571428572,0.0,0.8571428571428572,0.0,0.8392857142857143,0.0,0.0,0.0,0.0,0.0,0.0,0.0,0.0,0.0,0.0,-0.0714285714285715,3.733333333333333,15,8,7,bayes,0.0,0.8571428571428572,0.0,0.8571428571428572,0.0,0.8392857142857143,0.8571428571428572,0.8392857142857143,0.7857142857142857,0.0,0.0,0.0,0.0,-0.07142857142857151,-0.0535714285714286,90,0.0,0.0,0.0
SLC22A5,65,55,10,557,0.9436363636363636,0.9781818181818184,0.9781818181818182,0.8981818181818182,0.9781818181818184,0.85,0.9981818181818182,0.68,0.9781818181818184,0.0,0.9436363636363636,0.0,0.9945454545454546,0.18,0.0345454545454546,0.0,0.0199999999999999,0.0,0.0163636363636364,0.0,-0.0199999999999999,0.0,0.0,-0.08,8.461538461538462,65,55,10,bayes,0.0,0.9781818181818183,1.0,0.9781818181818183,0.299,0.9945454545454546,0.9781818181818183,0.9781818181818182,0.8981818181818182,0.0,0.0,0.0,0.01636363636363647,-0.08000000000000007,-0.07999999999999996,90,0.0,0.0,0.0
SLC26A4,117,107,10,780,0.8317757009345794,0.8700934579439252,0.8813084112149532,0.822429906542056,0.8710280373831776,0.77,0.8841121495327102,0.56,0.8822429906542055,0.44,0.8429906542056074,0.39,0.8850467289719626,0.13,0.0383177570093458,0.0009345794392523,0.0140186915887849,0.0121495327102802,0.0037383177570093,0.0112149532710279,-0.0018691588785046,0.44,0.0112149532710279,-0.0476635514018691,9.145299145299145,117,107,10,bayes,0.439,0.8822429906542055,0.785,0.8710280373831776,0.137,0.8850467289719626,0.8700934579439252,0.8813084112149532,0.822429906542056,0.012149532710280297,0.01121495327102795,0.012149532710280297,0.0037383177570093906,-0.047663551401869175,-0.058878504672897125,90,-0.0010000000000000009,9.71445146547012e-17,5.0306980803327406e-17
SLC27A4,13,8,5,643,0.975,0.975,0.95,0.95,0.975,0.0,0.975,0.0,0.975,0.0,0.975,0.0,0.975,0.16,0.0,0.0,0.0,0.0,0.0250000000000001,0.0,0.0,0.0,0.0,-0.025,3.076923076923077,13,8,5,bayes,0.0,0.9750000000000001,0.0,0.9750000000000001,0.5,0.9750000000000001,0.9750000000000001,0.95,0.9500000000000001,0.0,0.0,0.0,0.025000000000000133,-0.025000000000000022,1.1102230246251565e-16,90,0.0,0.0,0.0
SLC29A3,16,7,9,475,1.0,1.0,1.0,1.0,1.0,0.0,1.0,0.0,1.0,0.0,1.0,0.0,1.0,0.0,0.0,0.0,0.0,0.0,0.0,0.0,0.0,0.0,0.0,0.0,3.9375,16,7,9,bayes,0.0,1.0,0.0,1.0,0.0,1.0,1.0,1.0,1.0,0.0,0.0,0.0,0.0,0.0,0.0,90,0.0,0.0,0.0
SLC2A1,84,78,6,492,0.965811965811966,0.9764957264957266,0.9551282051282052,0.938034188034188,0.9807692307692308,0.54,0.9807692307692308,0.07,0.9807692307692308,0.17,0.9722222222222224,0.05,0.9700854700854702,0.4,0.0106837606837606,0.0042735042735041,0.0042735042735042,0.0042735042735042,0.014957264957265,1.1102230246251563e-16,0.0,0.17,1.1102230246251563e-16,-0.0384615384615385,5.571428571428571,84,78,6,bayes,0.228,0.9807692307692308,0.75,0.9807692307692307,0.5,0.9700854700854702,0.9764957264957266,0.9551282051282052,0.938034188034188,0.004273504273504258,1.1102230246251565e-16,0.004273504273504258,0.014957264957265015,-0.03846153846153855,-0.017094017094017144,90,0.057999999999999996,5.811323644522304e-17,2.465190328815662e-32
SLC2A10,16,6,10,541,1.0,1.0,1.0,0.9333333333333332,1.0,0.0,1.0,0.0,1.0,0.0,1.0,0.0,1.0,0.0,0.0,0.0,0.0,0.0,0.0,0.0,0.0,0.0,0.0,-0.0666666666666666,3.75,16,6,10,bayes,0.0,1.0,0.0,1.0,0.0,1.0,1.0,1.0,0.9333333333333333,0.0,0.0,0.0,0.0,-0.06666666666666665,-0.06666666666666665,90,0.0,0.0,0.0
SLC34A3,19,7,12,599,0.9642857142857142,1.0,0.9285714285714286,0.8928571428571428,1.0,1.0,1.0,0.0,1.0,0.0,0.988095238095238,0.09,0.9642857142857144,0.56,0.0357142857142858,0.0,0.0,0.0,0.0357142857142857,0.0,0.0,0.0,0.0,-0.1071428571428572,4.421052631578948,19,7,12,bayes,0.0,1.0,1.0,1.0,0.6920000000000001,0.9642857142857143,1.0,0.9285714285714286,0.8928571428571428,0.0,0.0,0.0,0.0357142857142857,-0.1071428571428572,-0.03571428571428581,90,0.0,0.0,0.0
SLC35A2,31,13,18,396,0.9829059829059827,0.9871794871794872,0.9743589743589745,0.8931623931623932,0.9871794871794872,0.36,0.9957264957264956,0.42,0.9871794871794872,0.0,0.9914529914529916,0.09,0.9957264957264956,0.46,0.0042735042735042,0.0,0.0085470085470086,0.0,0.0213675213675214,0.0,-0.0085470085470086,0.0,0.0,-0.0940170940170939,7.548387096774194,31,13,18,bayes,0.0,0.9871794871794871,1.0,0.9871794871794871,0.5,0.9957264957264957,0.9871794871794871,0.9743589743589743,0.8931623931623932,0.0,0.0,0.0,0.021367521367521403,-0.0940170940170939,-0.08119658119658113,90,0.0,0.0,0.0
SLC40A1,23,13,10,571,0.7692307692307692,0.9,0.9384615384615383,0.7769230769230769,0.9,0.66,0.9384615384615383,0.99,0.9153846153846154,0.66,0.8076923076923077,0.81,0.9384615384615383,0.0,0.1307692307692308,0.0,0.0384615384615384,0.0153846153846153,0.0,0.0153846153846153,-0.0230769230769231,0.66,0.0153846153846153,-0.123076923076923,5.652173913043479,23,13,10,bayes,0.6880000000000001,0.9153846153846154,1.0,0.9,0.0,0.9384615384615385,0.9,0.9384615384615385,0.7769230769230769,0.01538461538461533,0.01538461538461533,0.01538461538461533,0.0,-0.12307692307692308,-0.16153846153846152,90,0.028000000000000025,2.949029909160572e-17,2.949029909160572e-17
SLC4A1,27,19,8,911,0.8355263157894737,0.881578947368421,0.986842105263158,0.9144736842105264,0.881578947368421,0.53,0.986842105263158,1.0,0.9210526315789472,0.96,0.9210526315789472,0.95,0.986842105263158,0.0,0.0460526315789473,0.0,0.1052631578947368,0.0394736842105263,0.0,0.0394736842105263,-0.0657894736842105,0.96,0.0394736842105263,0.0328947368421053,5.62962962962963,27,19,8,bayes,0.964,0.9210526315789473,1.0,0.881578947368421,0.0,0.9868421052631579,0.881578947368421,0.9868421052631579,0.9144736842105263,0.03947368421052633,0.03947368421052633,0.03947368421052633,0.0,0.03289473684210531,-0.07236842105263153,90,0.0040000000000000036,2.7755575615628914e-17,2.7755575615628914e-17
SLC4A11,29,18,11,875,0.9595959595959596,0.9797979797979796,0.9191919191919192,0.7676767676767677,0.9797979797979798,0.68,0.9797979797979796,0.0,0.9797979797979796,0.0,0.9595959595959596,0.0,0.9444444444444444,0.33,0.0202020202020201,1.1102230246251563e-16,0.0,0.0,0.0252525252525253,-1.1102230246251563e-16,0.0,0.0,-1.1102230246251563e-16,-0.2121212121212119,6.827586206896552,29,18,11,bayes,0.0,0.9797979797979797,0.6940000000000001,0.9797979797979798,0.5,0.9444444444444444,0.9797979797979797,0.9191919191919191,0.7676767676767677,0.0,-1.1102230246251565e-16,0.0,0.025252525252525304,-0.21212121212121193,-0.15151515151515138,90,0.0,0.0,-2.465190328815662e-32
SLC52A3,11,6,5,469,0.9666666666666668,1.0,1.0,0.9666666666666668,1.0,0.02,1.0,0.0,1.0,0.0,1.0,0.02,1.0,0.0,0.0333333333333332,0.0,0.0,0.0,0.0,0.0,0.0,0.0,0.0,-0.0333333333333332,2.727272727272727,11,6,5,bayes,0.0,1.0,1.0,1.0,0.0,1.0,1.0,1.0,0.9666666666666668,0.0,0.0,0.0,0.0,-0.033333333333333215,-0.033333333333333215,90,0.0,0.0,0.0
SLC6A1,107,53,54,599,0.7931516422082461,0.8081761006289309,0.8986722571628233,0.8403214535290008,0.8088749126484975,0.53,0.8986722571628233,1.0,0.8525506638714186,0.79,0.8522012578616353,0.76,0.902166317260657,0.28,0.0150244584206847,0.0006988120195666,0.0904961565338924,0.0443745632424877,0.0034940600978337,0.0436757512229211,-0.0461215932914046,0.79,0.0436757512229211,0.0321453529000699,26.747663551401867,107,53,54,bayes,0.8170000000000001,0.8525506638714185,0.523,0.8088749126484975,0.28500000000000003,0.902166317260657,0.8081761006289309,0.8986722571628233,0.8403214535290008,0.044374563242487675,0.043675751222921,0.044374563242487675,0.0034940600978337066,0.03214535290006992,-0.0583508036338225,90,0.027000000000000024,-2.7755575615628914e-17,-9.71445146547012e-17
SLC6A19,15,6,9,634,1.0,0.9629629629629628,0.9629629629629628,0.9814814814814814,1.0,0.0,0.9814814814814814,0.03,1.0,0.43,1.0,0.0,0.9814814814814814,0.41,-0.037037037037037,0.037037037037037,0.0185185185185184,0.037037037037037,0.0185185185185184,0.0,0.0185185185185186,0.43,0.0,0.0185185185185184,3.6,15,6,9,bayes,0.5,1.0,0.0,1.0,1.0,0.9814814814814814,0.9629629629629629,0.9629629629629629,0.9814814814814814,0.03703703703703709,0.0,0.03703703703703709,0.01851851851851849,0.01851851851851849,0.01851851851851849,90,0.07,9.020562075079397e-17,0.0
SLC6A5,30,7,23,797,0.968944099378882,0.9751552795031057,0.9751552795031057,0.9627329192546584,0.9875776397515528,0.31,0.9875776397515528,0.7000000000000001,0.9875776397515528,0.17,0.9813664596273292,0.55,0.9875776397515528,0.23,0.0062111801242236,0.0124223602484471,0.0124223602484472,0.0124223602484471,0.0124223602484472,0.0,-1.1102230246251563e-16,0.17,0.0,-0.0124223602484472,5.366666666666666,30,7,23,bayes,0.182,0.9875776397515528,0.5,0.9875776397515528,0.248,0.9875776397515528,0.9751552795031057,0.9751552795031055,0.9627329192546584,0.012422360248447117,0.0,0.012422360248447117,0.012422360248447228,-0.012422360248447228,-0.012422360248447117,90,0.011999999999999983,1.734723475976807e-17,0.0
SLC6A8,67,31,36,635,0.9318996415770608,0.9417562724014336,0.9793906810035842,0.9605734767025088,0.9551971326164874,0.42,0.9874551971326164,0.63,0.9686379928315412,0.5700000000000001,0.9722222222222224,0.65,0.9919354838709676,0.49,0.0098566308243728,0.0134408602150537,0.0456989247311827,0.0268817204301075,0.0125448028673835,0.0134408602150537,-0.0188172043010752,0.5700000000000001,0.0134408602150537,0.0188172043010752,16.65671641791045,67,31,36,bayes,0.77,0.9686379928315412,0.43,0.9551971326164874,0.5,0.9910394265232976,0.9417562724014337,0.9793906810035842,0.9605734767025089,0.026881720430107503,0.013440860215053752,0.026881720430107503,0.0116487455197134,0.018817204301075252,-0.018817204301075252,90,0.19999999999999996,3.469446951953614e-18,5.204170427930421e-17
SLC9A6,19,6,13,679,0.935897435897436,0.935897435897436,0.8333333333333333,0.8076923076923077,0.935897435897436,0.0,0.9615384615384616,0.07,0.935897435897436,0.0,0.935897435897436,0.0,0.8846153846153846,0.48,0.0,0.0,0.0256410256410255,0.0,0.0512820512820513,0.0,-0.0256410256410255,0.0,0.0,-0.1282051282051282,4.105263157894737,19,6,13,bayes,0.0,0.9358974358974359,0.0,0.9358974358974359,0.5,0.8846153846153846,0.9358974358974359,0.8333333333333333,0.8076923076923077,0.0,0.0,0.0,0.05128205128205132,-0.1282051282051282,-0.02564102564102555,90,0.0,0.0,0.0
SLCO2A1,16,6,10,643,1.0,1.0,1.0,0.9666666666666668,1.0,0.0,1.0,0.0,1.0,0.0,1.0,0.0,1.0,0.0,0.0,0.0,0.0,0.0,0.0,0.0,0.0,0.0,0.0,-0.0333333333333332,3.75,16,6,10,bayes,0.0,1.0,0.0,1.0,0.0,1.0,1.0,1.0,0.9666666666666668,0.0,0.0,0.0,0.0,-0.033333333333333215,-0.033333333333333215,90,0.0,0.0,0.0
SMARCAL1,22,9,13,954,0.9572649572649572,1.0,1.0,0.982905982905983,1.0,0.5700000000000001,1.0,0.0,1.0,0.0,0.982905982905983,0.37,1.0,0.0,0.0427350427350426,0.0,0.0,0.0,0.0,0.0,0.0,0.0,0.0,-0.017094017094017,5.318181818181818,22,9,13,bayes,0.0,1.0,1.0,1.0,0.0,1.0,1.0,1.0,0.982905982905983,0.0,0.0,0.0,0.0,-0.017094017094017033,-0.017094017094017033,90,0.0,0.0,0.0
SMPD1,103,97,6,631,0.950171821305842,0.9484536082474226,0.943298969072165,0.7800687285223367,0.9690721649484536,0.67,0.9587628865979382,0.23,0.963917525773196,0.22,0.9553264604810996,0.08,0.9518900343642612,0.19,-0.0017182130584192,0.0206185567010309,0.0103092783505155,0.0154639175257732,0.0085910652920961,-0.0051546391752577,0.0051546391752577,0.22,-0.0051546391752577,-0.1683848797250859,5.650485436893204,103,97,6,bayes,0.228,0.9639175257731959,0.733,0.9690721649484536,0.193,0.9518900343642612,0.9484536082474226,0.943298969072165,0.7800687285223367,0.015463917525773252,-0.005154639175257714,0.015463917525773252,0.00859106529209619,-0.16838487972508598,-0.16323024054982838,90,0.008000000000000007,5.204170427930421e-17,-1.3877787807814457e-17
SNAP25,25,17,8,206,0.8823529411764706,0.9485294117647058,0.9117647058823528,0.9191176470588236,0.9485294117647058,0.99,0.9558823529411764,0.16,1.0,0.14,0.9558823529411764,0.55,0.9779411764705882,0.49,0.0661764705882352,0.0,0.0073529411764705,0.0514705882352941,0.0661764705882352,0.0514705882352941,0.0441176470588235,0.14,0.0514705882352941,-0.0294117647058823,5.44,25,17,8,bayes,0.194,1.0,1.0,0.9485294117647058,0.5,0.9779411764705882,0.9485294117647058,0.9117647058823529,0.9191176470588235,0.05147058823529416,0.05147058823529416,0.05147058823529416,0.06617647058823528,-0.02941176470588236,0.007352941176470562,90,0.05399999999999999,5.551115123125783e-17,5.551115123125783e-17
SOX10,34,19,15,466,0.9473684210526316,0.9649122807017544,0.9894736842105264,0.9824561403508772,0.9649122807017544,0.66,1.0,0.6900000000000001,0.9894736842105264,0.66,0.9929824561403509,0.52,0.9964912280701754,0.15,0.0175438596491227,0.0,0.0350877192982456,0.0245614035087718,0.0070175438596491,0.0245614035087718,-0.0105263157894737,0.66,0.0245614035087718,0.0175438596491228,8.382352941176471,34,19,15,bayes,0.792,0.9894736842105263,1.0,0.9649122807017544,0.323,0.9964912280701754,0.9649122807017544,0.9894736842105263,0.9824561403508772,0.024561403508771895,0.024561403508771895,0.024561403508771895,0.007017543859649145,0.01754385964912286,-0.007017543859649034,90,0.132,9.367506770274758e-17,9.367506770274758e-17
SOX11,63,44,19,441,0.9521531100478468,0.9521531100478468,0.9820574162679426,0.9413875598086124,0.9557416267942584,0.7000000000000001,0.9832535885167464,0.43,0.9545454545454544,0.09,0.9569377990430622,0.18,0.9832535885167464,0.11,0.0,0.0035885167464114,0.0311004784688995,0.0023923444976076,0.0011961722488037,-0.0011961722488038,-0.0287081339712919,0.09,-0.0011961722488038,-0.0107655502392345,13.26984126984127,63,44,19,bayes,0.108,0.9533492822966507,0.72,0.9557416267942583,0.189,0.9832535885167464,0.9521531100478469,0.9820574162679426,0.9413875598086123,0.0011961722488038617,-0.0023923444976076125,0.0011961722488038617,0.0011961722488037507,-0.010765550239234534,-0.0406698564593303,90,0.018000000000000002,-0.0011961722488037381,-0.0011961722488038125
SOX2,19,10,9,317,1.0,1.0,1.0,1.0,1.0,0.0,1.0,0.0,1.0,0.0,1.0,0.0,1.0,0.0,0.0,0.0,0.0,0.0,0.0,0.0,0.0,0.0,0.0,0.0,4.7368421052631575,19,10,9,bayes,0.0,1.0,0.0,1.0,0.0,1.0,1.0,1.0,1.0,0.0,0.0,0.0,0.0,0.0,0.0,90,0.0,0.0,0.0
SOX5,28,16,12,763,0.9166666666666666,0.8489583333333333,0.90625,0.9635416666666669,0.9270833333333334,0.32,0.9166666666666669,0.68,0.9635416666666669,0.9,0.9739583333333334,0.64,0.9635416666666669,1.0,-0.0677083333333333,0.0781250000000001,0.0677083333333334,0.1145833333333334,0.0572916666666667,0.0364583333333333,0.046875,0.9,0.0364583333333333,0.1145833333333334,6.857142857142857,28,16,12,bayes,1.0,0.9635416666666667,0.356,0.9270833333333334,1.0,0.9635416666666667,0.8489583333333333,0.90625,0.9635416666666667,0.11458333333333348,0.03645833333333337,0.11458333333333348,0.05729166666666674,0.11458333333333348,0.05729166666666674,90,0.09999999999999998,8.326672684688674e-17,6.938893903907228e-17
SOX6,21,7,14,828,0.5408163265306123,0.5816326530612244,0.7040816326530611,0.5816326530612245,0.6020408163265306,0.46,0.7244897959183673,0.56,0.5816326530612245,0.42,0.5816326530612245,0.84,0.7244897959183673,0.2,0.040816326530612,0.0204081632653062,0.1428571428571429,1.1102230246251563e-16,0.0204081632653061,-0.0204081632653061,-0.1428571428571428,0.42,-0.0204081632653061,1.1102230246251563e-16,4.666666666666667,21,7,14,bayes,1.0,0.5816326530612245,0.458,0.6020408163265306,0.5,0.7142857142857143,0.5816326530612244,0.7040816326530611,0.5816326530612245,1.1102230246251565e-16,-0.020408163265306145,1.1102230246251565e-16,0.010204081632653184,1.1102230246251565e-16,-0.12244897959183665,90,0.5800000000000001,2.465190328815662e-32,-4.5102810375396984e-17
SOX9,49,30,19,509,0.9070175438596492,0.8982456140350876,0.8631578947368421,0.9982456140350878,0.912280701754386,0.12,0.968421052631579,0.3,0.9982456140350878,0.8,0.9982456140350878,0.81,0.9982456140350878,0.72,-0.0087719298245615,0.0140350877192984,0.0701754385964913,0.1000000000000002,0.1350877192982457,0.0859649122807018,0.0298245614035088,0.8,0.0859649122807018,0.1000000000000002,11.63265306122449,49,30,19,bayes,1.0,0.9982456140350878,0.222,0.912280701754386,1.0,0.9982456140350878,0.8982456140350876,0.8631578947368421,0.9982456140350878,0.1000000000000002,0.0859649122807018,0.1000000000000002,0.1350877192982457,0.1000000000000002,0.1350877192982457,90,0.19999999999999996,0.0,0.0
SPAST,137,123,14,616,0.8722415795586528,0.8960511033681765,0.9901277584204412,0.93205574912892,0.8977932636469222,0.8,0.9901277584204412,0.95,0.9372822299651568,0.86,0.9349593495934958,0.94,0.9907084785133564,0.11,0.0238095238095237,0.0017421602787457,0.0940766550522648,0.0412311265969803,0.0005807200929152,0.0394889663182346,-0.0528455284552844,0.86,0.0394889663182346,0.0360046457607433,12.569343065693433,137,123,14,bayes,0.86,0.9372822299651569,0.8130000000000001,0.8977932636469222,0.134,0.9907084785133565,0.8960511033681765,0.9901277584204413,0.9320557491289199,0.04123112659698036,0.03948896631823462,0.04123112659698036,0.0005807200929152101,0.03600464576074336,-0.058072009291521454,90,0.0,6.245004513516506e-17,2.0816681711721685e-17
SPG7,24,16,8,795,0.8984375,0.921875,0.984375,0.984375,0.921875,0.73,0.9921875,0.35,0.984375,0.9,0.984375,0.99,1.0,0.48,0.0234375,0.0,0.0703125,0.0625,0.015625,0.0625,-0.0078125,0.9,0.0625,0.0625,5.333333333333333,24,16,8,bayes,1.0,0.984375,1.0,0.921875,0.5,1.0,0.921875,0.984375,0.984375,0.0625,0.0625,0.0625,0.015625,0.0625,0.0,90,0.09999999999999998,0.0,0.0
SRD5A2,39,31,8,254,0.9193548387096774,0.8508064516129032,0.939516129032258,0.8669354838709677,0.9274193548387096,0.08,0.939516129032258,0.89,0.9032258064516128,0.76,0.935483870967742,0.54,0.9516129032258064,0.47,-0.0685483870967741,0.0766129032258065,0.0887096774193547,0.0524193548387096,0.0120967741935484,-0.0241935483870968,-0.0362903225806451,0.76,-0.0241935483870968,0.0161290322580645,6.358974358974359,39,31,8,bayes,0.811,0.9032258064516129,0.10200000000000001,0.9274193548387097,0.465,0.9516129032258065,0.8508064516129032,0.939516129032258,0.8669354838709677,0.05241935483870963,-0.024193548387096864,0.05241935483870963,0.012096774193548487,0.016129032258064502,-0.07258064516129026,90,0.051000000000000045,2.7755575615628914e-17,-6.245004513516506e-17
STAT3,84,61,23,770,0.8410548823948681,0.880256593014968,0.8845331432644333,0.6935138987883107,0.8916607270135424,0.63,0.9059158945117606,0.53,0.8902352102637205,0.35,0.8524590163934426,0.21,0.9037776193870276,0.47,0.0392017106200998,0.0114041339985744,0.0256593014967926,0.0099786172487525,0.0192444761225943,-0.0014255167498218,-0.01568068424804,0.35,-0.0014255167498218,-0.1867426942266572,16.702380952380953,84,61,23,bayes,0.368,0.8909479686386315,0.388,0.8916607270135424,0.47000000000000003,0.9037776193870277,0.880256593014968,0.8845331432644333,0.6935138987883107,0.010691375623663513,-0.0007127583749109156,0.010691375623663513,0.01924447612259439,-0.18674269422665724,-0.19101924447612262,90,0.018000000000000016,0.0007127583749110128,0.0007127583749108844
STIM1,23,13,10,716,0.9076923076923076,0.9769230769230768,0.9846153846153848,0.776923076923077,0.9769230769230768,0.6900000000000001,1.0,0.19,0.9923076923076924,0.25,0.9230769230769232,0.27,0.9923076923076924,0.49,0.0692307692307692,0.0,0.0230769230769231,0.0153846153846154,0.0076923076923076,0.0153846153846154,-0.0076923076923076,0.25,0.0153846153846154,-0.1999999999999998,5.652173913043479,23,13,10,bayes,0.5,0.9923076923076923,1.0,0.9769230769230769,0.5,0.9923076923076923,0.9769230769230769,0.9846153846153847,0.776923076923077,0.015384615384615441,0.015384615384615441,0.015384615384615441,0.007692307692307665,-0.19999999999999984,-0.20769230769230762,90,0.25,4.163336342344337e-17,4.163336342344337e-17
STING1,17,5,12,379,0.3333333333333333,0.35,0.2666666666666667,0.5,0.3833333333333333,0.5,0.3666666666666667,0.19,0.5,0.94,0.5,0.94,0.5,0.94,0.0166666666666667,0.0333333333333333,0.0166666666666666,0.1499999999999999,0.2333333333333332,0.1166666666666666,0.1333333333333333,0.94,0.1166666666666666,0.1499999999999999,3.5294117647058822,17,5,12,bayes,1.0,0.5,0.5,0.38333333333333336,1.0,0.5,0.35000000000000003,0.2666666666666667,0.5,0.14999999999999997,0.11666666666666664,0.14999999999999997,0.23333333333333328,0.14999999999999997,0.23333333333333328,90,0.06000000000000005,5.551115123125783e-17,4.163336342344337e-17
STK11,33,28,5,433,1.0,0.9928571428571428,0.9642857142857144,1.0,1.0,0.0,0.9928571428571428,0.0,1.0,0.27,1.0,0.0,1.0,0.52,-0.0071428571428571,0.0071428571428571,0.0,0.0071428571428571,0.0357142857142857,0.0,0.0071428571428571,0.27,0.0,0.0071428571428571,4.242424242424242,33,28,5,bayes,1.0,1.0,0.0,1.0,1.0,1.0,0.9928571428571429,0.9642857142857143,1.0,0.0071428571428571175,0.0,0.0071428571428571175,0.0357142857142857,0.0071428571428571175,0.0357142857142857,90,0.73,1.734723475976807e-17,0.0
STRA6,14,6,8,667,0.8541666666666667,1.0,0.9583333333333334,0.4583333333333333,1.0,0.32,1.0,0.0,1.0,0.0,0.8541666666666667,0.0,0.9583333333333334,0.0,0.1458333333333332,0.0,0.0,0.0,0.0,0.0,0.0,0.0,0.0,-0.5416666666666667,3.4285714285714284,14,6,8,bayes,0.0,1.0,1.0,1.0,0.0,0.9583333333333334,1.0,0.9583333333333334,0.4583333333333333,0.0,0.0,0.0,0.0,-0.5416666666666667,-0.5,90,0.0,0.0,0.0
STS,16,6,10,578,0.8333333333333333,0.9166666666666666,0.95,0.7,0.9333333333333332,0.62,0.9666666666666668,0.41,0.9333333333333332,0.22,0.85,0.04,0.95,0.0,0.0833333333333333,0.0166666666666667,0.0500000000000001,0.0166666666666667,0.0,0.0,-0.0333333333333334,0.22,0.0,-0.2166666666666666,3.75,16,6,10,bayes,0.251,0.9333333333333333,0.8220000000000001,0.9333333333333333,0.0,0.9500000000000001,0.9166666666666666,0.9500000000000001,0.7,0.01666666666666672,0.0,0.01666666666666672,0.0,-0.21666666666666667,-0.2500000000000001,90,0.031,1.734723475976807e-17,0.0
STXBP1,127,83,44,594,0.8852683461117197,0.9164841182913472,0.871303395399781,0.8658269441401972,0.9208652792990144,0.8,0.9211391018619934,0.38,0.9167579408543264,0.07,0.892935377875137,0.2,0.8921139101861993,0.43,0.0312157721796275,0.004381161007667,0.0046549835706461,0.000273822562979,0.0208105147864183,-0.004107338444688,-0.0043811610076671,0.07,-0.004107338444688,-0.05065717415115,28.755905511811022,127,83,44,bayes,0.0,0.9164841182913472,0.809,0.920591456736035,0.424,0.8921139101861993,0.9164841182913472,0.871303395399781,0.8658269441401972,0.0,-0.0041073384446878025,0.0,0.020810514786418377,-0.05065717415115001,-0.005476451259583737,90,-0.07,-0.000273822562979,1.97758476261356e-16
SUCLA2,12,5,7,463,0.9428571428571428,0.9714285714285716,0.9714285714285716,0.8857142857142857,0.9714285714285716,0.09,1.0,0.14,0.9714285714285716,0.0,0.9714285714285716,0.07,0.9714285714285716,0.0,0.0285714285714286,0.0,0.0285714285714284,0.0,0.0,0.0,-0.0285714285714284,0.0,0.0,-0.0857142857142858,2.9166666666666665,12,5,7,bayes,0.0,0.9714285714285715,1.0,0.9714285714285715,0.0,0.9714285714285715,0.9714285714285715,0.9714285714285715,0.8857142857142857,0.0,0.0,0.0,0.0,-0.08571428571428585,-0.08571428571428585,90,0.0,0.0,0.0
SUMF1,24,17,7,374,0.9663865546218487,1.0,1.0,0.3949579831932773,1.0,0.17,1.0,0.0,1.0,0.0,0.9663865546218487,0.0,1.0,0.0,0.0336134453781512,0.0,0.0,0.0,0.0,0.0,0.0,0.0,0.0,-0.6050420168067228,4.958333333333333,24,17,7,bayes,0.0,1.0,1.0,1.0,0.0,1.0,1.0,1.0,0.3949579831932773,0.0,0.0,0.0,0.0,-0.6050420168067228,-0.6050420168067228,90,0.0,0.0,0.0
TAOK1,15,9,6,1001,0.9814814814814816,1.0,0.9444444444444444,1.0,1.0,0.81,1.0,0.0,1.0,0.0,1.0,0.61,1.0,0.3,0.0185185185185184,0.0,0.0,0.0,0.0555555555555555,0.0,0.0,0.0,0.0,0.0,3.6,15,9,6,bayes,0.0,1.0,1.0,1.0,1.0,1.0,1.0,0.9444444444444444,1.0,0.0,0.0,0.0,0.05555555555555558,0.0,0.05555555555555558,90,0.0,0.0,0.0
TBR1,27,14,13,682,0.8901098901098901,0.934065934065934,1.0,0.956043956043956,0.934065934065934,0.58,1.0,0.7000000000000001,0.956043956043956,0.79,0.956043956043956,0.5,1.0,0.0,0.043956043956044,0.0,0.0659340659340659,0.021978021978022,0.0,0.021978021978022,-0.0439560439560439,0.79,0.021978021978022,0.021978021978022,6.7407407407407405,27,14,13,bayes,1.0,0.9560439560439561,1.0,0.9340659340659341,0.0,1.0,0.9340659340659341,1.0,0.9560439560439561,0.02197802197802201,0.02197802197802201,0.02197802197802201,0.0,0.02197802197802201,-0.04395604395604391,90,0.20999999999999996,1.0408340855860843e-17,1.0408340855860843e-17
TBX4,21,8,13,546,0.971153846153846,0.9615384615384616,0.9423076923076924,0.971153846153846,0.971153846153846,0.0,0.9615384615384616,0.0,0.971153846153846,0.16,0.9807692307692308,0.26,0.971153846153846,0.6,-0.0096153846153844,0.0096153846153844,0.0,0.0096153846153844,0.0288461538461537,0.0,0.0096153846153844,0.16,0.0,0.0096153846153844,4.9523809523809526,21,8,13,bayes,1.0,0.971153846153846,0.0,0.971153846153846,1.0,0.971153846153846,0.9615384615384616,0.9423076923076923,0.971153846153846,0.00961538461538447,0.0,0.00961538461538447,0.028846153846153744,0.00961538461538447,0.028846153846153744,90,0.84,6.938893903907228e-17,0.0
TBX5,33,19,14,518,0.9060150375939848,0.9060150375939848,0.9360902255639098,0.9360902255639098,0.9135338345864662,0.08,0.962406015037594,0.61,0.9360902255639098,0.75,0.9586466165413534,0.32,0.9661654135338346,0.29,0.0,0.0075187969924812,0.0563909774436089,0.0300751879699248,0.0300751879699248,0.0225563909774435,-0.0263157894736841,0.75,0.0225563909774435,0.0300751879699248,8.06060606060606,33,19,14,bayes,1.0,0.9360902255639098,0.10200000000000001,0.9097744360902256,0.294,0.9661654135338346,0.9060150375939849,0.9360902255639098,0.9360902255639098,0.03007518796992481,0.02631578947368418,0.03007518796992481,0.03007518796992481,0.03007518796992481,0.0,90,0.25,1.0408340855860843e-17,0.003759398496240681
TCF4,84,40,44,671,0.8994318181818183,0.93125,0.9085227272727272,0.9096590909090908,0.9318181818181818,0.94,0.9414772727272728,0.21,0.9352272727272728,0.38,0.9204545454545454,0.75,0.9522727272727272,0.73,0.0318181818181817,0.0005681818181817,0.0102272727272727,0.0039772727272726,0.0437499999999999,0.0034090909090909,-0.00625,0.38,0.0034090909090909,-0.0215909090909091,20.952380952380956,84,40,44,bayes,0.316,0.9346590909090909,0.9400000000000001,0.9318181818181818,0.741,0.9522727272727273,0.93125,0.9085227272727273,0.9096590909090909,0.003409090909090917,0.0028409090909091717,0.003409090909090917,0.043749999999999956,-0.021590909090909105,0.001136363636363602,90,-0.064,-0.0005681818181816831,-0.0005681818181817282
TFE3,21,11,10,575,0.3181818181818182,0.2818181818181818,1.0,0.5,0.3181818181818182,0.0,1.0,0.62,0.5,0.95,0.5,0.96,1.0,0.0,-0.0363636363636363,0.0363636363636363,0.7181818181818183,0.2181818181818182,0.0,0.1818181818181818,-0.5,0.95,0.1818181818181818,0.2181818181818182,5.238095238095238,21,11,10,bayes,1.0,0.5,0.094,0.32727272727272727,0.0,1.0,0.2818181818181818,1.0,0.5,0.2181818181818182,0.17272727272727273,0.2181818181818182,0.0,0.2181818181818182,-0.5,90,0.050000000000000044,0.0,-0.009090909090909066
TGFBR1,42,35,7,503,0.7755102040816326,0.9632653061224488,1.0,0.8530612244897958,0.9632653061224488,0.98,1.0,0.24,0.9632653061224488,0.0,0.8530612244897958,0.94,1.0,0.0,0.1877551020408162,0.0,0.0367346938775511,0.0,0.0,0.0,-0.0367346938775511,0.0,0.0,-0.110204081632653,5.833333333333333,42,35,7,bayes,0.0,0.9632653061224489,1.0,0.9632653061224489,0.0,1.0,0.9632653061224489,1.0,0.8530612244897958,0.0,0.0,0.0,0.0,-0.11020408163265305,-0.14693877551020418,90,0.0,0.0,0.0
TGFBR2,81,75,6,567,0.8822222222222221,0.908888888888889,0.9422222222222224,0.9466666666666668,0.96,0.6,0.9511111111111112,0.68,0.9733333333333334,0.52,0.9466666666666668,0.91,0.977777777777778,0.4,0.0266666666666668,0.0511111111111111,0.0422222222222222,0.0644444444444444,0.0355555555555555,0.0133333333333333,0.0222222222222221,0.52,0.0133333333333333,0.0377777777777776,5.555555555555555,81,75,6,bayes,0.5,0.9711111111111111,0.612,0.9600000000000001,0.5,0.9777777777777779,0.908888888888889,0.9422222222222223,0.9466666666666667,0.06222222222222218,0.011111111111111072,0.06222222222222218,0.03555555555555556,0.03777777777777769,0.004444444444444362,90,-0.020000000000000018,-0.0022222222222222227,-0.002222222222222228
TGM1,64,49,15,817,0.8843537414965987,0.946938775510204,0.923809523809524,0.6952380952380953,0.9496598639455782,0.92,0.946938775510204,0.0,0.9482993197278912,0.03,0.8884353741496599,0.42,0.927891156462585,0.25,0.0625850340136053,0.0027210884353741,0.0,0.001360544217687,0.0040816326530611,-0.001360544217687,0.001360544217687,0.03,-0.001360544217687,-0.2517006802721088,11.484375,64,49,15,bayes,0.031,0.9482993197278912,0.907,0.9482993197278912,0.08700000000000001,0.926530612244898,0.9469387755102041,0.9238095238095239,0.6952380952380953,0.0013605442176870541,0.0,0.0013605442176870541,0.0027210884353741083,-0.2517006802721088,-0.22857142857142854,90,0.0010000000000000009,5.421010862427522e-17,0.001360544217687
TMEM67,46,41,5,995,0.8195121951219512,0.9170731707317074,0.902439024390244,0.575609756097561,0.9170731707317074,0.56,0.9317073170731708,0.77,0.9414634146341464,0.42,0.8195121951219512,0.0,0.9414634146341464,0.71,0.0975609756097561,0.0,0.0146341463414634,0.024390243902439,0.0390243902439024,0.024390243902439,0.0097560975609756,0.42,0.024390243902439,-0.3414634146341463,4.456521739130435,46,41,5,bayes,0.445,0.9414634146341464,1.0,0.9170731707317074,0.729,0.9414634146341464,0.9170731707317074,0.9024390243902439,0.575609756097561,0.024390243902439046,0.024390243902439046,0.024390243902439046,0.039024390243902474,-0.3414634146341463,-0.3268292682926829,90,0.025000000000000022,4.5102810375396984e-17,4.5102810375396984e-17
TMPRSS3,34,27,7,453,0.984126984126984,0.9947089947089948,0.984126984126984,0.9365079365079364,0.9947089947089948,0.91,0.9947089947089948,0.0,0.9947089947089948,0.0,0.984126984126984,0.0,0.984126984126984,0.0,0.0105820105820106,0.0,0.0,0.0,0.0,0.0,0.0,0.0,0.0,-0.0582010582010582,5.5588235294117645,34,27,7,bayes,0.0,0.9947089947089948,1.0,0.9947089947089948,0.0,0.9841269841269841,0.9947089947089948,0.9841269841269841,0.9365079365079365,0.0,0.0,0.0,0.0,-0.05820105820105825,-0.04761904761904756,90,0.0,0.0,0.0
TNFRSF1A,31,18,13,455,0.9615384615384616,1.0,1.0,0.829059829059829,1.0,0.8200000000000001,1.0,0.0,1.0,0.0,0.97008547008547,0.09,1.0,0.0,0.0384615384615385,0.0,0.0,0.0,0.0,0.0,0.0,0.0,0.0,-0.170940170940171,7.548387096774194,31,18,13,bayes,0.0,1.0,1.0,1.0,0.0,1.0,1.0,1.0,0.829059829059829,0.0,0.0,0.0,0.0,-0.170940170940171,-0.170940170940171,90,0.0,0.0,0.0
TNPO2,11,6,5,897,0.9666666666666668,0.7666666666666666,0.7666666666666666,0.8333333333333334,0.9666666666666668,0.0,0.7666666666666666,0.0,0.8333333333333334,0.7000000000000001,0.9666666666666668,0.0,0.8666666666666667,0.14,-0.2000000000000001,0.2000000000000001,0.0,0.0666666666666667,0.1,-0.1333333333333334,0.0666666666666667,0.7000000000000001,-0.1333333333333334,0.0666666666666667,2.727272727272727,11,6,5,bayes,1.0,0.8333333333333334,0.0,0.9666666666666668,0.5,0.8666666666666667,0.7666666666666666,0.7666666666666666,0.8333333333333334,0.06666666666666676,-0.13333333333333341,0.06666666666666676,0.10000000000000009,0.06666666666666676,0.06666666666666676,90,0.29999999999999993,6.938893903907228e-17,-2.7755575615628914e-17
TP53,200,86,114,393,0.8661770705834353,0.9344145246838026,0.9666462668298652,0.4931660546715626,0.9346185230518156,0.97,0.9698082415340676,0.77,0.9344145246838026,0.0,0.8661770705834353,0.0,0.9668502651978784,0.01,0.0682374541003673,0.0002039983680129,0.0353937168502651,0.0,0.0002039983680131,-0.0002039983680129,-0.0353937168502651,0.0,-0.0002039983680129,-0.4412484700122399,49.02,200,86,114,bayes,0.0,0.9344145246838026,0.977,0.9346185230518156,0.012,0.966748266013872,0.9344145246838026,0.9666462668298653,0.49316605467156266,0.0,-0.00020399836801299198,0.0,0.00010199918400666252,-0.44124847001223994,-0.47348021215830266,90,0.0,0.0,-9.199455433539505e-17
TP63,68,57,11,680,0.9250398724082934,0.977671451355662,0.9393939393939394,0.6283891547049442,0.985645933014354,0.52,0.9792663476874004,0.13,0.9952153110047848,0.55,0.9441786283891548,0.54,0.9808612440191388,0.65,0.0526315789473684,0.0079744816586921,0.0015948963317384,0.0175438596491227,0.0414673046251992,0.0095693779904305,0.0159489633173842,0.55,0.0095693779904305,-0.3492822966507177,9.220588235294118,68,57,11,bayes,0.555,0.9952153110047847,0.548,0.9856459330143541,0.6920000000000001,0.9808612440191387,0.9776714513556619,0.9393939393939394,0.6283891547049442,0.01754385964912275,0.009569377990430561,0.01754385964912275,0.04146730462519921,-0.34928229665071775,-0.3110047846889953,90,0.0050000000000000044,5.204170427930421e-17,6.071532165918825e-17
TPO,34,19,15,933,0.8736842105263157,0.9017543859649124,0.950877192982456,0.6596491228070175,0.9017543859649124,0.6900000000000001,0.9543859649122808,0.96,0.9017543859649124,0.0,0.8736842105263157,0.0,0.9614035087719298,0.31,0.0280701754385965,0.0,0.0526315789473684,0.0,0.0105263157894737,0.0,-0.0526315789473684,0.0,0.0,-0.2421052631578948,8.382352941176471,34,19,15,bayes,0.0,0.9017543859649123,1.0,0.9017543859649123,0.313,0.9614035087719298,0.9017543859649123,0.9508771929824561,0.6596491228070175,0.0,0.0,0.0,0.010526315789473717,-0.24210526315789482,-0.2912280701754386,90,0.0,0.0,0.0
TPP1,32,27,5,563,0.9037037037037036,0.9481481481481482,0.9777777777777776,0.9111111111111112,0.9481481481481482,0.76,0.9777777777777776,0.84,0.9555555555555556,0.54,0.9481481481481482,0.59,0.977777777777778,0.19,0.0444444444444445,0.0,0.0296296296296295,0.0074074074074074,1.1102230246251563e-16,0.0074074074074074,-0.0222222222222221,0.54,0.0074074074074074,-0.037037037037037,4.21875,32,27,5,bayes,0.538,0.9555555555555556,1.0,0.9481481481481482,0.192,0.9777777777777779,0.9481481481481482,0.9777777777777777,0.9111111111111111,0.007407407407407418,0.007407407407407418,0.007407407407407418,1.1102230246251565e-16,-0.03703703703703709,-0.06666666666666665,90,-0.0020000000000000018,1.8214596497756474e-17,1.8214596497756474e-17
TRAF7,21,9,12,670,0.5370370370370371,0.5648148148148149,0.7037037037037036,0.6203703703703703,0.5740740740740741,0.27,0.712962962962963,0.33,0.6388888888888888,0.32,0.6296296296296295,0.74,0.7222222222222222,0.61,0.0277777777777777,0.0092592592592591,0.1481481481481481,0.0740740740740739,0.0185185185185186,0.0648148148148147,-0.0740740740740741,0.32,0.0648148148148147,0.0555555555555554,5.142857142857143,21,9,12,bayes,0.6950000000000001,0.6388888888888888,0.337,0.5740740740740741,0.5,0.7222222222222221,0.5648148148148149,0.7037037037037036,0.6203703703703703,0.07407407407407396,0.06481481481481477,0.07407407407407396,0.01851851851851849,0.05555555555555547,-0.08333333333333326,90,0.37500000000000006,5.551115123125783e-17,6.938893903907228e-17
TRMU,20,12,8,421,1.0,1.0,0.96875,0.8854166666666666,1.0,0.0,1.0,0.0,1.0,0.0,1.0,0.0,0.96875,0.0,0.0,0.0,0.0,0.0,0.0,0.0,0.0,0.0,0.0,-0.1145833333333333,4.8,20,12,8,bayes,0.0,1.0,0.0,1.0,0.0,0.96875,1.0,0.96875,0.8854166666666666,0.0,0.0,0.0,0.0,-0.11458333333333337,-0.08333333333333337,90,0.0,0.0,0.0
TRPC6,18,10,8,931,0.425,0.7875,0.8125,0.275,0.7875,0.8300000000000001,0.8125,0.8200000000000001,0.8,0.09,0.425,0.0,0.8125,0.0,0.3624999999999999,0.0,0.025,0.0125,0.0,0.0125,-0.0124999999999999,0.09,0.0125,-0.5125,4.444444444444445,18,10,8,bayes,0.112,0.8,1.0,0.7875,0.0,0.8125,0.7875,0.8125,0.275,0.012500000000000067,0.012500000000000067,0.012500000000000067,0.0,-0.5125,-0.5375,90,0.022000000000000006,6.591949208711867e-17,6.591949208711867e-17
TRPV3,26,7,19,790,0.9699248120300752,0.9699248120300752,0.9924812030075189,0.9849624060150376,0.9849624060150376,0.71,1.0,0.41,1.0,0.4,1.0,0.26,1.0,0.12,0.0,0.0150375939849624,0.0300751879699248,0.0300751879699248,0.0075187969924811,0.0150375939849624,0.0,0.4,0.0150375939849624,0.0150375939849625,5.115384615384615,26,7,19,bayes,0.5,1.0,0.753,0.9849624060150376,0.5,1.0,0.9699248120300752,0.9924812030075189,0.9849624060150377,0.03007518796992481,0.015037593984962405,0.03007518796992481,0.007518796992481147,0.015037593984962516,-0.007518796992481147,90,0.09999999999999998,1.0408340855860843e-17,5.204170427930421e-18
TRPV4,50,41,9,871,0.4390243902439025,0.4688346883468834,0.7154471544715446,0.4579945799457994,0.4742547425474255,0.84,0.7181571815718157,0.93,0.4742547425474255,0.08,0.4579945799457994,1.0,0.7154471544715446,0.0,0.0298102981029809,0.005420054200542,0.2493224932249322,0.005420054200542,0.0,0.0,-0.2439024390243902,0.08,0.0,-0.010840108401084,7.38,50,41,9,bayes,0.08700000000000001,0.4742547425474255,0.847,0.4742547425474255,0.0,0.7154471544715446,0.46883468834688347,0.7154471544715446,0.45799457994579945,0.005420054200542035,0.0,0.005420054200542035,0.0,-0.010840108401084014,-0.25745257452574516,90,0.007000000000000006,3.469446951953614e-17,0.0
TRPV6,17,7,10,765,0.8285714285714285,0.8571428571428571,0.9,0.5571428571428572,0.8571428571428571,0.88,0.914285714285714,0.11,0.8571428571428571,0.0,0.8285714285714285,0.0,0.9,0.0,0.0285714285714285,0.0,0.057142857142857,0.0,0.0,0.0,-0.057142857142857,0.0,0.0,-0.2999999999999999,4.117647058823529,17,7,10,bayes,0.0,0.8571428571428571,1.0,0.8571428571428571,0.0,0.9,0.8571428571428571,0.9,0.5571428571428572,0.0,0.0,0.0,0.0,-0.29999999999999993,-0.34285714285714286,90,0.0,0.0,0.0
TSEN54,21,6,15,526,0.7555555555555556,0.9,0.8555555555555556,0.6222222222222222,0.9222222222222224,0.77,0.9000000000000001,0.59,0.9111111111111112,0.11,0.7555555555555556,0.0,0.8555555555555556,0.0,0.1444444444444443,0.0222222222222222,1.1102230246251563e-16,0.0111111111111111,0.0,-0.011111111111111,0.011111111111111,0.11,-0.011111111111111,-0.2777777777777778,4.285714285714286,21,6,15,bayes,0.246,0.9111111111111112,0.782,0.9222222222222223,0.0,0.8555555555555556,0.9,0.8555555555555556,0.6222222222222222,0.011111111111111183,-0.011111111111111072,0.011111111111111183,0.0,-0.2777777777777778,-0.2333333333333334,90,0.136,8.326672684688674e-17,-7.112366251504909e-17
TSHR,27,21,6,764,0.8015873015873016,0.753968253968254,0.8333333333333333,0.6428571428571429,0.8015873015873016,0.0,0.8333333333333333,0.95,0.7619047619047619,0.18,0.8015873015873016,0.0,0.8333333333333333,0.0,-0.0476190476190476,0.0476190476190476,0.0793650793650793,0.0079365079365079,0.0,-0.0396825396825397,-0.0714285714285714,0.18,-0.0396825396825397,-0.111111111111111,4.666666666666667,27,21,6,bayes,0.225,0.7619047619047619,0.0,0.8015873015873016,0.0,0.8333333333333333,0.753968253968254,0.8333333333333333,0.6428571428571429,0.007936507936507908,-0.039682539682539764,0.007936507936507908,0.0,-0.11111111111111105,-0.19047619047619035,90,0.04500000000000001,8.673617379884035e-18,-6.245004513516506e-17
TUBB2A,34,25,9,445,0.5644444444444444,0.6000000000000001,0.68,0.6711111111111111,0.6044444444444445,0.97,0.6977777777777778,0.74,0.6844444444444444,0.87,0.6755555555555556,0.81,0.7466666666666667,0.4,0.0355555555555556,0.0044444444444443,0.0977777777777777,0.0844444444444443,0.0666666666666666,0.0799999999999999,-0.0133333333333334,0.87,0.0799999999999999,0.071111111111111,6.617647058823529,34,25,9,bayes,0.884,0.6844444444444444,0.969,0.6044444444444445,0.41100000000000003,0.7466666666666667,0.6000000000000001,0.68,0.6711111111111111,0.08444444444444432,0.07999999999999996,0.08444444444444432,0.06666666666666665,0.07111111111111101,-0.008888888888888946,90,0.014000000000000012,2.7755575615628914e-17,5.551115123125783e-17
TULP1,29,23,6,542,0.7971014492753623,0.9782608695652174,0.9855072463768116,0.6594202898550725,0.9782608695652174,0.84,0.9927536231884058,0.23,0.9782608695652174,0.0,0.7971014492753623,0.0,0.9927536231884058,0.02,0.1811594202898551,0.0,0.0144927536231883,0.0,0.0072463768115941,0.0,-0.0144927536231883,0.0,0.0,-0.3188405797101449,4.758620689655173,29,23,6,bayes,0.0,0.9782608695652174,1.0,0.9782608695652174,0.20700000000000002,0.9927536231884058,0.9782608695652174,0.9855072463768116,0.6594202898550725,0.0,0.0,0.0,0.007246376811594124,-0.3188405797101449,-0.32608695652173914,90,0.0,0.0,0.0
TYMP,23,17,6,482,0.9705882352941176,0.9607843137254902,0.8431372549019609,0.8137254901960784,0.9803921568627452,0.68,0.9607843137254902,0.0,0.9607843137254902,0.0,0.9705882352941176,0.0,0.8725490196078431,0.56,-0.0098039215686274,0.0196078431372548,0.0,0.0,0.0294117647058822,-0.0196078431372548,0.0,0.0,-0.0196078431372548,-0.1470588235294118,4.434782608695652,23,17,6,bayes,0.0,0.9607843137254902,0.72,0.9803921568627451,0.6,0.8725490196078431,0.9607843137254902,0.8431372549019609,0.8137254901960784,0.0,-0.019607843137254832,0.0,0.02941176470588225,-0.1470588235294118,-0.02941176470588247,90,0.0,0.0,-3.122502256758253e-17
TYRP1,13,8,5,537,0.75,1.0,1.0,0.9,1.0,0.61,1.0,0.0,1.0,0.0,0.925,0.64,1.0,0.0,0.25,0.0,0.0,0.0,0.0,0.0,0.0,0.0,0.0,-0.0999999999999999,3.076923076923077,13,8,5,bayes,0.0,1.0,1.0,1.0,0.0,1.0,1.0,1.0,0.9,0.0,0.0,0.0,0.0,-0.09999999999999998,-0.09999999999999998,90,0.0,0.0,0.0
UBE3A,36,29,7,872,0.8275862068965517,0.9507389162561576,0.921182266009852,0.8866995073891626,0.9507389162561576,0.99,0.9556650246305418,0.6,0.9753694581280788,0.54,0.896551724137931,0.64,0.9556650246305418,0.48,0.1231527093596059,0.0,0.0049261083743841,0.0246305418719211,0.0344827586206897,0.0246305418719211,0.019704433497537,0.54,0.0246305418719211,-0.0640394088669951,5.638888888888889,36,29,7,bayes,0.589,0.9753694581280788,1.0,0.9507389162561577,0.632,0.9556650246305418,0.9507389162561577,0.9211822660098521,0.8866995073891626,0.024630541871921152,0.024630541871921152,0.024630541871921152,0.034482758620689724,-0.0640394088669951,-0.0344827586206895,90,0.04899999999999993,5.204170427930421e-17,5.204170427930421e-17
UBQLN2,11,5,6,624,0.6,0.6333333333333333,0.4333333333333333,0.6333333333333333,0.6333333333333333,0.34,0.6333333333333333,0.0,0.6333333333333333,0.0,0.6333333333333333,0.77,0.6333333333333333,0.91,0.0333333333333333,0.0,0.0,0.0,0.1999999999999999,0.0,0.0,0.0,0.0,0.0,2.727272727272727,11,5,6,bayes,0.0,0.6333333333333333,1.0,0.6333333333333333,1.0,0.6333333333333333,0.6333333333333333,0.43333333333333335,0.6333333333333333,0.0,0.0,0.0,0.19999999999999996,0.0,0.19999999999999996,90,0.0,0.0,0.0
UMOD,63,53,10,640,0.6566037735849056,0.981132075471698,0.8867924528301887,0.720754716981132,0.9830188679245282,0.97,0.9830188679245282,0.02,0.9830188679245282,0.02,0.720754716981132,1.0,0.8981132075471697,0.36,0.3245283018867925,0.00188679245283,0.00188679245283,0.00188679245283,0.011320754716981,0.0,0.0,0.02,0.0,-0.2603773584905661,8.412698412698413,63,53,10,bayes,0.154,0.9830188679245282,0.979,0.9830188679245282,0.355,0.8981132075471697,0.9811320754716981,0.8867924528301887,0.720754716981132,0.0018867924528300772,0.0,0.0018867924528300772,0.011320754716981019,-0.2603773584905661,-0.16603773584905668,90,0.134,7.719519468096792e-17,0.0
UROS,14,8,6,265,0.6875,0.8125,0.8333333333333333,0.875,0.8333333333333334,0.67,0.875,0.3,0.9166666666666669,0.65,0.8958333333333334,0.89,0.9375,0.86,0.125,0.0208333333333333,0.0625,0.1041666666666667,0.1041666666666667,0.0833333333333333,0.0416666666666667,0.65,0.0833333333333333,0.0625,3.4285714285714284,14,8,6,bayes,0.67,0.9166666666666667,0.76,0.8333333333333334,0.913,0.9375,0.8125,0.8333333333333333,0.875,0.10416666666666674,0.08333333333333337,0.10416666666666674,0.10416666666666674,0.0625,0.04166666666666674,90,0.020000000000000018,4.163336342344337e-17,6.938893903907228e-17
VHL,123,114,9,213,0.50682261208577,0.8908382066276803,0.5886939571150098,0.2290448343079921,0.8908382066276803,1.0,0.8908382066276803,0.0,0.8908382066276803,0.0,0.50682261208577,0.0,0.5886939571150098,0.0,0.3840155945419103,0.0,0.0,0.0,0.0,0.0,0.0,0.0,0.0,-0.6617933723196882,8.341463414634147,123,114,9,bayes,0.0,0.8908382066276803,1.0,0.8908382066276803,0.0,0.5886939571150098,0.8908382066276803,0.5886939571150098,0.22904483430799216,0.0,0.0,0.0,0.0,-0.6617933723196882,-0.35964912280701766,90,0.0,0.0,0.0
VPS4A,11,5,6,437,1.0,1.0,0.9666666666666668,0.9666666666666668,1.0,0.0,1.0,0.0,1.0,0.0,1.0,0.0,0.9666666666666668,0.0,0.0,0.0,0.0,0.0,0.0,0.0,0.0,0.0,0.0,-0.0333333333333333,2.727272727272727,11,5,6,bayes,0.0,1.0,0.0,1.0,0.0,0.9666666666666667,1.0,0.9666666666666667,0.9666666666666667,0.0,0.0,0.0,0.0,-0.033333333333333326,0.0,90,0.0,0.0,0.0
WARS2,14,8,6,360,0.8125,0.8541666666666667,0.8958333333333334,0.8333333333333333,0.8958333333333334,0.66,0.8958333333333334,0.95,0.8541666666666667,0.0,0.8541666666666666,0.32,0.8958333333333334,0.0,0.0416666666666667,0.0416666666666666,0.0416666666666666,0.0,0.0,-0.0416666666666666,-0.0416666666666666,0.0,-0.0416666666666666,-0.0208333333333334,3.4285714285714284,14,8,6,bayes,0.0,0.8541666666666667,0.663,0.8958333333333334,0.0,0.8958333333333334,0.8541666666666667,0.8958333333333334,0.8333333333333333,0.0,-0.04166666666666663,0.0,0.0,-0.02083333333333348,-0.06250000000000011,90,0.0,0.0,-2.7755575615628914e-17
WAS,49,29,20,502,0.9413793103448276,0.9534482758620688,0.9689655172413792,0.5948275862068966,0.960344827586207,0.49,0.9689655172413792,0.8200000000000001,0.9534482758620688,0.0,0.9413793103448276,0.0,0.9689655172413792,0.0,0.0120689655172413,0.006896551724138,0.0155172413793103,0.0,0.0,-0.006896551724138,-0.0155172413793103,0.0,-0.006896551724138,-0.3586206896551723,11.83673469387755,49,29,20,bayes,0.0,0.9534482758620689,0.41300000000000003,0.9603448275862069,0.0,0.9689655172413792,0.9534482758620689,0.9689655172413792,0.5948275862068966,0.0,-0.006896551724137945,0.0,0.0,-0.35862068965517235,-0.3741379310344827,90,0.0,0.0,5.551115123125783e-17
WDR26,16,9,7,761,0.8888888888888888,0.9047619047619048,0.8571428571428571,0.8888888888888888,0.9206349206349206,0.28,0.9047619047619048,0.0,0.9365079365079364,0.64,0.9365079365079364,0.38,0.9206349206349208,0.64,0.0158730158730158,0.0158730158730159,0.0,0.0317460317460318,0.0634920634920636,0.0158730158730159,0.0317460317460318,0.64,0.0158730158730159,-0.0158730158730158,3.9375,16,9,7,bayes,0.6890000000000001,0.9365079365079365,0.5,0.9206349206349206,0.754,0.9206349206349207,0.9047619047619047,0.8571428571428571,0.8888888888888888,0.031746031746031855,0.015873015873015928,0.031746031746031855,0.0634920634920636,-0.015873015873015817,0.031746031746031744,90,0.049000000000000044,5.551115123125783e-17,2.7755575615628914e-17
WDR37,15,5,10,494,0.7200000000000001,0.7600000000000001,0.7200000000000001,0.74,0.78,0.8,0.8,0.27,0.8200000000000001,0.35,0.76,0.38,0.8200000000000001,0.68,0.04,0.0199999999999999,0.0399999999999999,0.0599999999999999,0.0999999999999999,0.04,0.02,0.35,0.04,-0.0200000000000001,3.333333333333333,15,5,10,bayes,0.34400000000000003,0.8200000000000001,0.8240000000000001,0.78,0.754,0.8200000000000001,0.7600000000000001,0.7200000000000001,0.74,0.05999999999999994,0.040000000000000036,0.05999999999999994,0.09999999999999998,-0.02000000000000013,0.019999999999999907,90,-0.00599999999999995,4.163336342344337e-17,3.469446951953614e-17
WDR45,38,16,22,360,0.8806818181818181,0.8892045454545455,0.8607954545454546,0.9119318181818182,0.8948863636363636,0.58,0.8920454545454546,0.06,0.9119318181818182,0.99,0.9204545454545456,0.75,0.931818181818182,0.46,0.0085227272727274,0.0056818181818181,0.002840909090909,0.0227272727272727,0.0710227272727272,0.0170454545454545,0.0198863636363636,0.99,0.0170454545454545,0.0227272727272727,9.263157894736842,38,16,22,bayes,1.0,0.9119318181818182,0.647,0.8948863636363636,0.5,0.9318181818181819,0.8892045454545455,0.8607954545454546,0.9119318181818182,0.022727272727272707,0.017045454545454586,0.022727272727272707,0.07102272727272729,0.022727272727272707,0.051136363636363646,90,0.010000000000000009,6.938893903907228e-18,8.673617379884035e-17
WFS1,62,48,14,890,0.71875,0.8973214285714287,0.9092261904761904,0.4434523809523809,0.9047619047619048,0.56,0.9345238095238096,0.47,0.9032738095238096,0.18,0.7232142857142858,0.09,0.9211309523809524,0.3,0.1785714285714287,0.0074404761904761,0.0372023809523808,0.0059523809523808,0.0119047619047619,-0.0014880952380953,-0.03125,0.18,-0.0014880952380953,-0.4538690476190478,10.838709677419354,62,48,14,bayes,0.19,0.9032738095238095,0.68,0.9047619047619049,0.306,0.9211309523809524,0.8973214285714287,0.9092261904761905,0.44345238095238093,0.00595238095238082,-0.0014880952380953438,0.00595238095238082,0.011904761904761973,-0.4538690476190478,-0.46577380952380953,90,0.010000000000000009,1.9949319973733282e-17,-4.380176776841438e-17
WNT10A,25,16,9,417,0.9375,0.9236111111111112,0.9166666666666669,0.9305555555555556,0.9444444444444444,0.18,0.9444444444444444,0.36,0.9513888888888888,0.33,0.9513888888888888,0.72,0.9791666666666669,0.25,-0.0138888888888887,0.0208333333333332,0.0208333333333332,0.0277777777777776,0.0625,0.0069444444444444,0.0069444444444444,0.33,0.0069444444444444,0.0069444444444445,5.76,25,16,9,bayes,0.5,0.9513888888888888,0.341,0.9444444444444444,0.5,0.9791666666666667,0.9236111111111112,0.9166666666666667,0.9305555555555557,0.02777777777777768,0.00694444444444442,0.02777777777777768,0.0625,0.006944444444444531,0.01388888888888895,90,0.16999999999999998,7.979727989493313e-17,1.9949319973733282e-17
WWOX,22,8,14,414,0.7767857142857143,0.7232142857142857,0.8035714285714286,0.7321428571428572,0.7767857142857143,0.0,0.8125,0.44,0.7589285714285715,0.27,0.7946428571428571,0.21,0.8303571428571428,0.54,-0.0535714285714286,0.0535714285714286,0.0892857142857143,0.0357142857142858,0.0267857142857141,-0.0178571428571427,-0.0535714285714284,0.27,-0.0178571428571427,0.0089285714285715,5.090909090909091,22,8,14,bayes,0.66,0.7589285714285714,0.0,0.7767857142857143,0.58,0.8303571428571428,0.7232142857142857,0.8035714285714286,0.7321428571428572,0.0357142857142857,-0.017857142857142905,0.0357142857142857,0.02678571428571419,0.008928571428571508,-0.0714285714285714,90,0.39,-1.0408340855860843e-16,-2.0469737016526324e-16
XPC,16,5,11,940,0.9636363636363636,1.0,0.8181818181818182,0.9636363636363636,1.0,0.8200000000000001,1.0,0.0,1.0,0.0,0.9636363636363636,0.0,0.9636363636363636,0.88,0.0363636363636363,0.0,0.0,0.0,0.1454545454545454,0.0,0.0,0.0,0.0,-0.0363636363636363,3.4375,16,5,11,bayes,0.0,1.0,1.0,1.0,1.0,0.9636363636363636,1.0,0.8181818181818182,0.9636363636363636,0.0,0.0,0.0,0.1454545454545454,-0.036363636363636376,0.1454545454545454,90,0.0,0.0,0.0
YARS1,13,5,8,528,1.0,0.95,1.0,1.0,1.0,0.0,1.0,0.45,1.0,0.26,1.0,0.0,1.0,0.0,-0.05,0.05,0.05,0.05,0.0,0.0,0.0,0.26,0.0,0.05,3.076923076923077,13,5,8,bayes,1.0,1.0,0.0,1.0,0.0,1.0,0.95,1.0,1.0,0.050000000000000044,0.0,0.050000000000000044,0.0,0.050000000000000044,0.0,90,0.74,4.163336342344337e-17,0.0
ZBTB18,38,20,18,531,0.9055555555555556,0.9694444444444444,0.986111111111111,0.8833333333333333,0.9694444444444444,0.97,0.9916666666666666,0.29,0.9694444444444444,0.0,0.9222222222222224,0.68,0.986111111111111,0.0,0.0638888888888888,0.0,0.0222222222222221,0.0,0.0,0.0,-0.0222222222222221,0.0,0.0,-0.0861111111111111,9.473684210526317,38,20,18,bayes,0.0,0.9694444444444444,1.0,0.9694444444444444,0.0,0.986111111111111,0.9694444444444444,0.986111111111111,0.8833333333333333,0.0,0.0,0.0,0.0,-0.08611111111111114,-0.10277777777777775,90,0.0,0.0,0.0
ZBTB20,54,35,19,741,0.881203007518797,0.9849624060150376,0.9954887218045112,0.9082706766917292,0.9849624060150376,0.96,0.9954887218045112,0.27,0.9864661654135338,0.04,0.9097744360902256,0.94,0.9954887218045112,0.0,0.1037593984962407,0.0,0.0105263157894736,0.0015037593984961,0.0,0.0015037593984961,-0.0090225563909774,0.04,0.0015037593984961,-0.0766917293233083,12.314814814814817,54,35,19,bayes,0.056,0.9864661654135338,1.0,0.9849624060150377,0.0,0.9954887218045112,0.9849624060150377,0.9954887218045112,0.9082706766917293,0.0015037593984961184,0.0015037593984961184,0.0015037593984961184,0.0,-0.07669172932330837,-0.08721804511278186,90,0.016,1.8431436932253575e-17,1.8431436932253575e-17
ZMYND11,24,10,14,602,0.9571428571428572,0.9285714285714286,0.7214285714285713,0.8571428571428572,0.9571428571428572,0.54,0.9285714285714286,0.0,0.9785714285714286,0.42,0.9857142857142858,0.3,0.9142857142857144,0.8,-0.0285714285714284,0.0285714285714285,0.0,0.05,0.1928571428571429,0.0214285714285714,0.05,0.42,0.0214285714285714,-0.0714285714285714,5.833333333333333,24,10,14,bayes,0.5,0.9785714285714286,0.555,0.9571428571428572,0.8210000000000001,0.9142857142857143,0.9285714285714286,0.7214285714285713,0.8571428571428572,0.050000000000000044,0.021428571428571463,0.050000000000000044,0.19285714285714295,-0.0714285714285714,0.1357142857142859,90,0.08000000000000002,4.163336342344337e-17,6.245004513516506e-17
ZNRF3,13,8,5,936,0.75,0.95,1.0,0.9,0.95,0.92,1.0,0.08,0.975,0.4,0.95,0.59,1.0,0.0,0.1999999999999999,0.0,0.05,0.0250000000000001,0.0,0.0250000000000001,-0.0249999999999999,0.4,0.0250000000000001,-0.0499999999999999,3.076923076923077,13,8,5,bayes,0.5,0.9750000000000001,1.0,0.95,0.0,1.0,0.95,1.0,0.9,0.025000000000000133,0.025000000000000133,0.025000000000000133,0.0,-0.04999999999999993,-0.09999999999999998,90,0.09999999999999998,3.469446951953614e-17,3.469446951953614e-17
